Utilization	Connections(A2A)	Lvl1TraffRatio(A2A)	Lvl1TraffRatioNoIndirect(A2A)	RatioIndirect(A2A)	Connections(AR)	Lvl1TraffRatio(AR)	Lvl1TraffRatioNoIndirect(AR)	RatioIndirect(AR)
0.93115234375	2261884	0.5044071175201476	0.5118622859269365	0.42660920637901895	27920	0.14925013869948672	0.14925013869948672	0
0.9405517578125	2863904	0.5927156765327647	0.5985830763711909	0.44308299745052704	27898	0.17760458054101155	0.17760458054101155	0
0.8883056640625	1167724	0.45651388130723736	0.46598558522972117	0.4326403006991785	26618	0.1695100397565683	0.1695100397565683	0
0.7691650390625	2012206	0.6064447825692005	0.6123420944193875	0.4355374170176524	22824	0.2148682776824237	0.2148682776824237	0
0.7840576171875	2090744	0.5956533766622419	0.5979283178628295	0.4198860771505241	21854	0.2160211285371553	0.2160211285371553	0
0.8883056640625	1408214	0.5630022877503316	0.5714804004860095	0.4163215937448496	25984	0.19789094881286518	0.19789094881286518	0
0.9329833984375	2398394	0.5298237836107141	0.5380444636697922	0.4052240757110907	27300	0.12634287707370054	0.12634287707370054	0
0.8734130859375	1520486	0.46911596600206723	0.48027532089856245	0.4209332353470945	25572	0.1358593056019454	0.1358593056019454	0
0.806396484375	982086	0.4548666462743924	0.4614911940196013	0.4199753470424767	23752	0.21381586907844327	0.21381586907844327	0
0.92578125	1259676	0.5443771295947079	0.558636425093931	0.4116089020871403	27050	0.17505539667249048	0.17505539667249048	0
0.925537109375	2098118	0.6118973447643908	0.6163163562022033	0.4294280652865625	27660	0.153606452504395	0.153606452504395	0
0.9312744140625	3803612	0.6426433961753061	0.6429520119234226	0.4522244059558649	28316	0.17006683453334134	0.17006683453334134	0
0.8748779296875	2156704	0.5582262969446802	0.5624488420424462	0.4458873660071039	26646	0.17519861122313177	0.17519861122313177	0
0.9404296875	914546	0.35701605347286886	0.3721766192062592	0.41598300889642065	28248	0.12258098239097719	0.12258098239097719	0
0.865966796875	1175258	0.46562485023415	0.47582746763955647	0.42171841055329823	25196	0.12926226309250785	0.12926226309250785	0
0.955322265625	2167700	0.49025146670389036	0.5017520447177832	0.40592813576937986	28178	0.12729453053843132	0.12729453053843132	0
0.8436279296875	1135772	0.4483186189999438	0.45864343608160046	0.4317636146706503	25232	0.1484618227163856	0.1484618227163856	0
0.76171875	1040236	0.4950766842931926	0.5004604409632437	0.42004761224727516	22210	0.2163558489267661	0.2163558489267661	0
0.8436279296875	2374854	0.5167961596624188	0.5223706939936962	0.4425057619670032	24262	0.12465381947058223	0.12465381947058223	0
0.94482421875	3008400	0.6119356431550739	0.6157910480170641	0.4518800778096399	29688	0.1635489860602337	0.1635489860602337	0
0.8759765625	1494316	0.5166904454466367	0.5226324615923472	0.4254088161052924	26058	0.13410199380007679	0.13410199380007679	0
0.8515625	1416674	0.5160317624406726	0.5253962275674033	0.42378720278761106	25244	0.16622340125973864	0.16622340125973864	0
0.895751953125	1387570	0.5348211186083722	0.5420386201700885	0.41708956847484613	26272	0.19347984712479213	0.19347984712479213	0
0.962890625	2567340	0.5830016902464802	0.5905551933477068	0.42689994056475494	28550	0.1676738445737255	0.1676738445737255	0
0.895751953125	1747210	0.5338177855013145	0.5408407898477195	0.44995651332860986	26738	0.15249581754265204	0.15249581754265204	0
0.8585205078125	1124980	0.4822589613836354	0.48693320691762887	0.4282947610711849	25302	0.19340887622653427	0.19340887622653427	0
0.8306884765625	1077192	0.4777833366958364	0.48615220472922527	0.425285330794473	24426	0.16611606200469214	0.16611606200469214	0
0.8436279296875	1111910	0.4629775884604546	0.4697202398350701	0.4283970434897828	25230	0.17930205362641147	0.17930205362641147	0
0.830078125	1356856	0.569722340300809	0.5747746137075996	0.42139852716373727	24508	0.20240614735829168	0.20240614735829168	0
0.9493408203125	2953204	0.5737869990906903	0.5777858432712344	0.44428912993385133	29006	0.11878871333235115	0.11878871333235115	0
0.865966796875	1138252	0.483256566416198	0.48756328089721684	0.43488159804597415	26366	0.2202020145076802	0.2202020145076802	0
0.8287353515625	2757554	0.574425320354315	0.5783644373171275	0.43825810354034617	25298	0.15091968229626093	0.15091968229626093	0
0.806396484375	1755586	0.556855672486393	0.5636109279339784	0.42936406301054625	23738	0.1846488394898923	0.1846488394898923	0
0.85107421875	773880	0.3820600123998006	0.3909603884912478	0.398054520433039	24536	0.1477327989404917	0.1477327989404917	0
0.9384765625	1810766	0.5590788921903881	0.5623866051644731	0.4149872234619087	27954	0.15107262779617286	0.15107262779617286	0
0.925537109375	1443242	0.4942425927550847	0.5038074950078678	0.41224188428625924	26858	0.12542739052921945	0.12542739052921945	0
0.880859375	2077656	0.4949551863095527	0.500405310263946	0.4474023650385263	26876	0.18128864534921663	0.18128864534921663	0
0.957275390625	1276854	0.4746130982158838	0.48792662392859554	0.4101560966559911	28382	0.12848773660825355	0.12848773660825355	0
0.8138427734375	1348638	0.5267884598185467	0.5313342543078724	0.42899916682583994	24100	0.18127799600166508	0.18127799600166508	0
0.880859375	1850742	0.5323264706705784	0.5355854784522127	0.4446354101229191	26708	0.1642980172752842	0.1642980172752842	0
0.95654296875	2037138	0.5929893899917275	0.5981179726831806	0.4196796734379133	28974	0.1395650190402699	0.1395650190402699	0
0.8289794921875	1879564	0.4165504432429173	0.4210251849371873	0.4454203724830212	25146	0.1335845277271562	0.1335845277271562	0
0.880859375	1165070	0.5094058927671034	0.5165845738121366	0.4308433859019602	25966	0.2115697518849381	0.2115697518849381	0
0.880859375	1133848	0.4063488498110213	0.4213851365639482	0.4124426083586135	25598	0.1150707129706973	0.1150707129706973	0
0.91064453125	1448496	0.516176246808308	0.5208170157781914	0.4086702162498394	26092	0.15857426757725268	0.15857426757725268	0
0.97021484375	1556740	0.4933669272906593	0.501790065085082	0.4175687558839925	28896	0.13876149948167607	0.13876149948167607	0
0.8673095703125	2624608	0.6125749774613904	0.6145292261286793	0.44968883419287775	25746	0.14970344082031942	0.14970344082031942	0
0.879638671875	761746	0.4961071953963423	0.5047759506230209	0.3961902962483286	25148	0.24049663121880469	0.24049663121880469	0
0.9443359375	1539444	0.5219586716606186	0.5305181486760604	0.40896639712643235	27238	0.14950609488960534	0.14950609488960534	0
0.9329833984375	2156932	0.5292941924406657	0.539484115834909	0.41814028203632425	27662	0.16079199140853886	0.16079199140853886	0
0.8797607421875	794302	0.4881635088700456	0.4998657449439348	0.41100193388383754	25916	0.23136269052691483	0.23136269052691483	0
0.958740234375	1136016	0.5420326205927523	0.5511708650655193	0.40711799878252347	28108	0.21795446074612945	0.21795446074612945	0
0.8922119140625	1773354	0.5468889899279056	0.553265575284819	0.4324566644013634	27246	0.14266277767210653	0.14266277767210653	0
0.9300537109375	1428260	0.543410314715943	0.5526138585965158	0.41294912562586616	26794	0.12858070707000288	0.12858070707000288	0
0.9384765625	2364368	0.5396123703674458	0.5442193663231557	0.429045945358411	27788	0.1431231530913856	0.1431231530913856	0
0.91064453125	1182074	0.4367974479268359	0.44837764941278163	0.41608575654347235	27262	0.1359132579082406	0.1359132579082406	0
0.836181640625	1752036	0.6256046156185892	0.62872719068676	0.4482910623303394	24888	0.22347477526065976	0.22347477526065976	0
0.895751953125	784522	0.3928680327487047	0.40363623086321637	0.3986245618702778	26094	0.1490260850357854	0.1490260850357854	0
0.8138427734375	768874	0.5309687670726846	0.5392069945125538	0.4075603164604853	24032	0.2554371618925981	0.2554371618925981	0
0.910888671875	1451746	0.5540080375056606	0.5632400246814473	0.39286511894712034	26006	0.16085589820334312	0.16085589820334312	0
0.8436279296875	2442852	0.5522688692199756	0.5549547680548684	0.44375707421973637	25684	0.15485478048968254	0.15485478048968254	0
0.895751953125	1247816	0.509430781514061	0.5173497091050997	0.4242156424820182	26444	0.1919207346755026	0.1919207346755026	0
0.8878173828125	2372382	0.5404374198919882	0.5443196517202448	0.4246702304916377	26222	0.15091231703519212	0.15091231703519212	0
0.851318359375	815252	0.4166134482247649	0.4255231772998242	0.4103365446793721	24908	0.17659853208424603	0.17659853208424603	0
0.93896484375	1106356	0.479252594806224	0.4885074174031288	0.400522670006311	26966	0.18697350590353504	0.18697350590353504	0
0.8734130859375	1212364	0.45362597189515763	0.4603663523030767	0.4250763498389578	25862	0.17925374176049594	0.17925374176049594	0
0.8585205078125	1368894	0.4848529753795457	0.49549694435894714	0.43309481714044423	25802	0.16062542637030475	0.16062542637030475	0
0.86767578125	1010910	0.5203814541610766	0.5320779983093101	0.398679789029859	24156	0.17701023410651306	0.17701023410651306	0
0.880859375	902244	0.42605797590129924	0.43753792952132403	0.4173883456657405	26352	0.1883085857091279	0.1883085857091279	0
0.925537109375	2994308	0.5704577102016456	0.5748243840696569	0.44311002222932233	27518	0.13552597689331375	0.13552597689331375	0
0.8138427734375	2456160	0.6346841650403996	0.6365764983234364	0.4551465310848841	24724	0.22593252253156945	0.22593252253156945	0
0.865966796875	2207030	0.5325710483050169	0.5394818448179078	0.4357777071706259	25722	0.17906027259435583	0.17906027259435583	0
0.8585205078125	1019378	0.4973072968336088	0.5082305193776077	0.41062948255713944	26016	0.20854536827029468	0.20854536827029468	0
0.880859375	870112	0.52467485713402	0.5318798249029918	0.39028316871086516	24630	0.20447755431915304	0.20447755431915304	0
0.9598388671875	914684	0.5187934800461165	0.5317560807587279	0.399907198438788	28628	0.19884432879732328	0.19884432879732328	0
0.9388427734375	1715488	0.47429284390149506	0.4829430326994162	0.4359205817052019	28210	0.11917344297409581	0.11917344297409581	0
0.89990234375	1486830	0.5597080900167538	0.56339440607298	0.4221603526556561	26498	0.2011011257625391	0.2011011257625391	0
0.9031982421875	1550354	0.5545014583564689	0.5607819253044843	0.4259596995441261	27364	0.17936588265568287	0.17936588265568287	0
0.8436279296875	1587260	0.5339054984892885	0.5397544295194117	0.4300684502469821	25776	0.16644134531858978	0.16644134531858978	0
0.8734130859375	1775770	0.4702799567489384	0.47651062744643985	0.4386277314522571	26268	0.15362113334202124	0.15362113334202124	0
0.9478759765625	1739484	0.5281432761455748	0.5347418791337498	0.42849513682195717	28146	0.13599981329559815	0.13599981329559815	0
0.836181640625	1983514	0.5467259302016864	0.5522251324718818	0.42680235450884574	24900	0.15226627786354865	0.15226627786354865	0
0.895751953125	1205478	0.49146444764549563	0.5004751340771765	0.4235164673118242	26644	0.1653357663860253	0.1653357663860253	0
0.91064453125	1098092	0.47996437047672985	0.4879311772247809	0.4222803085902049	26516	0.18463187261524758	0.18463187261524758	0
0.91064453125	1770208	0.4802501484919277	0.48846957871768687	0.4326612851433256	26898	0.12160634496503521	0.12160634496503521	0
0.9329833984375	1788098	0.5604606380831217	0.5662806697086297	0.4317287870265571	28362	0.1839638428779988	0.1839638428779988	0
0.900146484375	1549548	0.56118825485819	0.5667550913148186	0.4345225537906849	27094	0.2276934521472744	0.2276934521472744	0
0.89892578125	1219170	0.4474137846256256	0.4510944245558066	0.4349981505266527	27442	0.1706696162978689	0.1706696162978689	0
0.870849609375	1387812	0.40497299505533385	0.41581390807873575	0.4161282024042762	25380	0.1046300200205046	0.1046300200205046	0
0.9393310546875	1216856	0.5393633812987689	0.5481870861256595	0.42301915001253937	27782	0.1761244136288648	0.1761244136288648	0
0.9031982421875	2164628	0.5936244489248836	0.5990529510211953	0.4339517540906901	26110	0.2187155453075278	0.2187155453075278	0
0.895751953125	2741224	0.58936114947053	0.5907640589251075	0.446976093723201	26210	0.18288270785503394	0.18288270785503394	0
0.8883056640625	1177410	0.4220463982114919	0.4312957410853866	0.4225287377297304	26362	0.15035739787546	0.15035739787546	0
0.9212646484375	1508602	0.4632538454263495	0.47439112004212963	0.4012412682967453	26208	0.12330703841300684	0.12330703841300684	0
0.8212890625	781800	0.4701016226604137	0.4813182611234644	0.3838727007370881	22708	0.21055912896517767	0.21055912896517767	0
0.91796875	1121812	0.47558975267349196	0.4845008411191401	0.4056978061642706	26664	0.15488406926778156	0.15488406926778156	0
0.82177734375	1714820	0.5503446964184163	0.5581048169872264	0.42255298673370983	24544	0.18603192239771296	0.18603192239771296	0
0.8287353515625	673492	0.5143564438486689	0.5249939075187356	0.3903768946522231	22674	0.2406055664790384	0.2406055664790384	0
0.8436279296875	2415164	0.5164901725048666	0.5214735757405654	0.4459765350999265	25594	0.11752504634239752	0.11752504634239752	0
0.9224853515625	2201898	0.5097215775704141	0.5140804290487108	0.44126717126223797	28852	0.12850562331547585	0.12850562331547585	0
0.810791015625	1117118	0.4623030013984169	0.4691642378133039	0.42722471545406554	24262	0.1858508818414606	0.1858508818414606	0
0.8463134765625	2402376	0.4810250370689834	0.48968551259193144	0.443229073151226	25414	0.15644121105585126	0.15644121105585126	0
0.85107421875	2127622	0.5262765877431269	0.5323674147868352	0.4490500118672656	25780	0.1373659522139412	0.1373659522139412	0
0.8701171875	1185306	0.5098596679152069	0.5164559022146954	0.42795890709430034	25760	0.18403973284419436	0.18403973284419436	0
0.85107421875	1128188	0.49181448199085764	0.4990809336964404	0.4311823343204733	24758	0.2401728823090595	0.2401728823090595	0
0.7542724609375	984052	0.34627228642167274	0.35143561387245864	0.41942206216481237	21258	0.07643859497897071	0.07643859497897071	0
0.933837890625	2879122	0.584967581497325	0.5883456457642245	0.4325685210852226	28548	0.14785913608647613	0.14785913608647613	0
0.91064453125	660202	0.502011627260496	0.513184420754918	0.37495703243003464	24998	0.21845842362970833	0.21845842362970833	0
0.776611328125	1674982	0.47173004479756564	0.47671991867177144	0.43207740658471794	23324	0.13206698882329027	0.13206698882329027	0
0.925537109375	1421984	0.5022205237592515	0.5132203866044587	0.4138115314664126	27114	0.17201055580863703	0.17201055580863703	0
0.8436279296875	1135758	0.464388730613204	0.4737737139870187	0.43049151070463143	25298	0.1426525167228568	0.1426525167228568	0
0.8212890625	1213376	0.5238667809104119	0.5322688693127807	0.4304191574247948	24386	0.2207260577301479	0.2207260577301479	0
0.8140869140625	1975040	0.6526294652166319	0.6538406529358408	0.4551092717974781	25148	0.295923962453501	0.295923962453501	0
0.8883056640625	1055670	0.45069689342059976	0.45927279264081716	0.4238059284969591	26206	0.21102469852011133	0.21102469852011133	0
0.85888671875	1414142	0.5389314074080589	0.5482608904256218	0.4309399423809565	25610	0.20519152635706195	0.20519152635706195	0
0.785400390625	1322050	0.5645652065100702	0.568976749499904	0.43281133622659823	23688	0.2646564922889747	0.2646564922889747	0
0.865966796875	1668482	0.5496103731697078	0.5538979880751109	0.4460683748199504	25174	0.2267759921624922	0.2267759921624922	0
0.92578125	1043646	0.40847215503792983	0.4178863757079215	0.40903960583713955	27346	0.15950639981921996	0.15950639981921996	0
0.925537109375	1661456	0.4675176408120694	0.4746759250869752	0.42543703111042747	28322	0.15514711486387353	0.15514711486387353	0
0.91064453125	3263350	0.5446300902318545	0.5482378130741254	0.44414209100493074	27978	0.10323826583178754	0.10323826583178754	0
0.79150390625	1653056	0.5534453660226332	0.5564463280205102	0.4434713960556125	24052	0.18998014477104194	0.18998014477104194	0
0.955322265625	1446890	0.5011374894236876	0.5064459997185157	0.40177760264163237	27268	0.12952164949102266	0.12952164949102266	0
0.9364013671875	1152694	0.5009799305598509	0.5145792388886593	0.4159356539242672	26262	0.177979224819099	0.177979224819099	0
0.8585205078125	1081718	0.5441427800814168	0.5505836085482879	0.39338154350546506	24434	0.20927694477024592	0.20927694477024592	0
0.79150390625	1387570	0.4682672614571841	0.47337223388783006	0.4411944847378706	23588	0.2071962792623527	0.2071962792623527	0
0.9373779296875	2065046	0.5747642366850282	0.5813107398984502	0.43206690601628894	28852	0.16118341221545981	0.16118341221545981	0
0.8765869140625	2137810	0.6053859229343779	0.6093924433813891	0.4147287344607246	26214	0.16584826850133047	0.16584826850133047	0
0.8734130859375	1332776	0.5102840320949703	0.5137341010272558	0.4253533551347186	26138	0.16187123901377334	0.16187123901377334	0
0.8436279296875	1611112	0.5457848484329844	0.5514989944371218	0.40357376806857465	25084	0.12425663381029367	0.12425663381029367	0
0.8662109375	1443136	0.5383746075815995	0.5422814548115791	0.43403080384404236	25854	0.21398954737594608	0.21398954737594608	0
0.956787109375	1400472	0.5281047068328215	0.5380915676486347	0.4093920499442516	27890	0.13147734844075862	0.13147734844075862	0
0.79150390625	1955104	0.4194827807859433	0.4223078953565129	0.43902512015753875	23486	0.1355801141523524	0.1355801141523524	0
0.9217529296875	1375802	0.5695435727351227	0.5767445150430097	0.4195581778975282	26720	0.18579421411191663	0.18579421411191663	0
0.8138427734375	978696	0.4784102681053237	0.48373998605679014	0.4201067095493373	22614	0.21738789861859908	0.21738789861859908	0
0.91064453125	1890574	0.5966762406649546	0.59883692601113	0.4380019961319826	26728	0.21266947829675972	0.21266947829675972	0
0.8961181640625	1445786	0.6070533737626322	0.6113804166857723	0.39937079197593145	26184	0.18441103565871964	0.18441103565871964	0
0.79150390625	2339280	0.5230173919209613	0.5256646248039701	0.43452830323321573	23736	0.16803446046572826	0.16803446046572826	0
0.7840576171875	2146906	0.4671772065249495	0.47690932672099046	0.4361339000969884	23534	0.15225531194155853	0.15225531194155853	0
0.91064453125	792660	0.4337812908036651	0.45243145956145714	0.4008377311219016	26474	0.1651981329304629	0.1651981329304629	0
0.7691650390625	1170434	0.5190765668512748	0.5231940788743877	0.4395061626154479	23740	0.20197506376362231	0.20197506376362231	0
0.8511962890625	1110774	0.5188421676112799	0.5263440868472959	0.4191240910560137	24906	0.19066462272802998	0.19066462272802998	0
0.895751953125	3512558	0.674181130649409	0.6785021411217791	0.4241080627122635	26742	0.1649246755975086	0.1649246755975086	0
0.9344482421875	1682438	0.5356791595798147	0.5425824348805722	0.4196796025373513	26922	0.1990061171911192	0.1990061171911192	0
0.9136962890625	3244690	0.6218906428525969	0.6251752320138507	0.4526374512826708	28908	0.12768844432837453	0.12768844432837453	0
0.882568359375	2011920	0.47651924327127476	0.480747671413082	0.445029369594073	26658	0.15823826806600358	0.15823826806600358	0
0.8585205078125	1656042	0.5126569700208213	0.5178584759535502	0.442923302479451	25500	0.19174928225082497	0.19174928225082497	0
0.836181640625	1429814	0.5003609511598536	0.5081799062872318	0.4451559411892809	25474	0.1416526654919291	0.1416526654919291	0
0.8212890625	1384094	0.5143053897125093	0.5235669075093493	0.43150159726658743	25084	0.18099046375712383	0.18099046375712383	0
0.92236328125	2155938	0.5976700860620938	0.6032527114159445	0.4247374815460157	27368	0.17965702073878442	0.17965702073878442	0
0.85107421875	1015990	0.4528298324719145	0.46342074320502263	0.42094955070139206	24298	0.16488545791802248	0.16488545791802248	0
0.8897705078125	1705410	0.5607113645543702	0.5679662635372372	0.42645357937434786	25842	0.17828433256868723	0.17828433256868723	0
0.9031982421875	845870	0.3626939152354051	0.3746733289949693	0.39785266996127433	25886	0.1161322538231025	0.1161322538231025	0
0.8743896484375	2672844	0.6662771189143142	0.6686976561975935	0.4435939414489691	26230	0.19812952580768536	0.19812952580768536	0
0.865966796875	1158260	0.5339702085529938	0.5425359564601931	0.423867655754867	25066	0.20742440284608274	0.20742440284608274	0
0.880859375	1416964	0.491965440258651	0.49753284195071995	0.4331516364607861	25622	0.14582628837258158	0.14582628837258158	0
0.9031982421875	2248464	0.5758871915581033	0.5867016323141282	0.4208437428232617	26798	0.13990601651507192	0.13990601651507192	0
0.8583984375	2370620	0.5785191195111409	0.5852573435686735	0.4376667889093447	25834	0.11559403196872264	0.11559403196872264	0
0.925537109375	1244058	0.4753338598270538	0.48393200289152355	0.4357856825920417	27918	0.1864520194325343	0.1864520194325343	0
0.88134765625	1713984	0.5297292058016511	0.5345758624451061	0.42734637220976013	25916	0.15980959304049355	0.15980959304049355	0
0.9329833984375	1297414	0.45908578470876105	0.46818427147678704	0.4256805483631107	27896	0.13711143195074574	0.13711143195074574	0
0.8436279296875	1190734	0.45177871494551525	0.4656780213074118	0.42086444813971685	24464	0.16001373027816826	0.16001373027816826	0
0.9268798828125	2541098	0.545024659167207	0.5503236983434504	0.4349204044426726	27806	0.13566323967985572	0.13566323967985572	0
0.7978515625	1564824	0.5717350080471488	0.575076500800228	0.4478995429759483	24276	0.19132034337999856	0.19132034337999856	0
0.892578125	2813166	0.6053154159017673	0.6089951707684484	0.44088589149472807	26098	0.16644006923158475	0.16644006923158475	0
0.8734130859375	662542	0.4009342132197564	0.41568484639922904	0.38991743892767455	24630	0.18831890352879063	0.18831890352879063	0
0.8729248046875	1798722	0.5448264185190371	0.5528467556734556	0.4315237656345156	26104	0.15173082625649492	0.15173082625649492	0
0.9329833984375	1138860	0.4655047140818363	0.47572002761845705	0.40004385393286485	26824	0.1321349865020413	0.1321349865020413	0
0.7989501953125	1293324	0.4868854427158107	0.49344770862294235	0.42174989644591987	22744	0.17820411680700363	0.17820411680700363	0
0.9549560546875	2724964	0.6170457643476129	0.6187068623710522	0.43434918451309795	29174	0.13382930849549993	0.13382930849549993	0
0.806396484375	783956	0.40500067196473855	0.41634126839808094	0.4065638112334931	23510	0.14913790974128427	0.14913790974128427	0
0.865966796875	1437650	0.4921667233200166	0.5006544555611865	0.40392256266325205	24558	0.15654042639311566	0.15654042639311566	0
0.895751953125	1057392	0.4582139064040743	0.4730639798005167	0.40285531437375877	25208	0.2030915922058675	0.2030915922058675	0
0.895751953125	2468808	0.5485874283649724	0.5544110151362472	0.44615255539848664	26894	0.1339620166356524	0.1339620166356524	0
0.920654296875	1557172	0.5581565518602287	0.5651115749841328	0.4191779352709319	27430	0.1897117811429797	0.1897117811429797	0
0.9522705078125	1573642	0.5055494812473044	0.5141696988310704	0.41491277860581177	29108	0.14125994672129208	0.14125994672129208	0
0.806396484375	1738218	0.5489166524219452	0.5537073453622938	0.44936377362787544	24144	0.17448951665627252	0.17448951665627252	0
0.85107421875	1070260	0.43499661562514547	0.4428067550531509	0.41365234906006637	24908	0.15261366361707007	0.15261366361707007	0
0.91064453125	1094432	0.4648175369193093	0.4783362059115293	0.42022559260769904	25756	0.1792497419401515	0.1792497419401515	0
0.833251953125	2128328	0.5299910206411785	0.5366603618657871	0.4246434608537748	24416	0.15045018112334616	0.15045018112334616	0
0.8436279296875	1283432	0.5934173671014742	0.5984079416458885	0.4091144127935295	23916	0.17612653174662798	0.17612653174662798	0
0.8892822265625	2654230	0.5998823810617412	0.6024106633275813	0.44261112841352707	26640	0.1847175938172657	0.1847175938172657	0
0.831298828125	1195920	0.45865815980696795	0.4647378340831141	0.4345099615030588	25060	0.17008397033806455	0.17008397033806455	0
0.965576171875	1886414	0.5367162035977755	0.5416180228350921	0.42074753527896824	28426	0.12726113528814756	0.12726113528814756	0
0.9552001953125	1579026	0.413327128883868	0.4235050557835649	0.4327222921163583	28316	0.12765219561557625	0.12765219561557625	0
0.8883056640625	1316794	0.47783087546689845	0.4857385760042197	0.4270455885752095	26882	0.17236176228371977	0.17236176228371977	0
0.8743896484375	2437452	0.5718898283932505	0.5769689843318939	0.437661564412309	26496	0.18184834059820285	0.18184834059820285	0
0.9046630859375	1490418	0.5786025516291275	0.5844779244621411	0.4285735264088331	27514	0.1830455516274826	0.1830455516274826	0
0.9197998046875	1632658	0.5202040855511804	0.5261560992979073	0.4271274404548158	26816	0.16615166641042187	0.16615166641042187	0
0.881103515625	1510920	0.4904681834099005	0.49763343316910147	0.43569811787179397	26026	0.1443736303072083	0.1443736303072083	0
0.895751953125	1148708	0.5154650196546561	0.523777818363239	0.4328952188714654	25378	0.21887697268592166	0.21887697268592166	0
0.8585205078125	2277274	0.5684070224227128	0.5729229720091535	0.43869143667502697	25654	0.18682941574811285	0.18682941574811285	0
0.895751953125	1481940	0.4826969007728609	0.48958589938179636	0.43469803537496193	27200	0.1485885739868557	0.1485885739868557	0
0.8436279296875	1652180	0.6456252281517961	0.6475726534608416	0.4326419192995408	24654	0.24607118340549652	0.24607118340549652	0
0.7989501953125	1707068	0.42355649565503106	0.42821838176611093	0.44249435753810257	24370	0.13021624504695897	0.13021624504695897	0
0.8897705078125	2088848	0.46013582969676164	0.4622447431654971	0.4555481853110969	27650	0.1264253225318121	0.1264253225318121	0
0.806396484375	1577018	0.5024766959925642	0.5071629207580384	0.44114806707138526	24138	0.12502110740963476	0.12502110740963476	0
0.806396484375	2126410	0.5457936520162228	0.5520752949352817	0.43340489684985134	24208	0.1740015364912877	0.1740015364912877	0
0.928955078125	1780626	0.5421915483249193	0.545425548362804	0.4239152549930689	26666	0.17380653557763692	0.17380653557763692	0
0.8936767578125	2993852	0.6098992469263503	0.6121031266868672	0.44779160930633183	27292	0.14586663190276897	0.14586663190276897	0
0.8614501953125	3879166	0.5948104986229296	0.5986177559082934	0.44375843092373474	26512	0.09055945937572939	0.09055945937572939	0
0.85107421875	734242	0.4537468456274478	0.46164629496035053	0.39679465663866686	23538	0.20384693880755708	0.20384693880755708	0
0.8585205078125	1504132	0.5265399770839573	0.5357899668478213	0.42467588454957567	25392	0.18837698757916235	0.18837698757916235	0
0.8837890625	1476972	0.4704656636597147	0.4801983742266507	0.434175536883042	26492	0.14532105898276346	0.14532105898276346	0
0.9031982421875	1279388	0.4907368503055247	0.5007461093428092	0.42368391672517197	26772	0.1832922758582484	0.1832922758582484	0
0.925537109375	2079038	0.546974272871301	0.5536405954728706	0.42710249546360884	27458	0.13055440991024578	0.13055440991024578	0
0.925537109375	1223332	0.43281309530658457	0.4425456846268565	0.42114558559768955	27666	0.13760550070102953	0.13760550070102953	0
0.8734130859375	1185932	0.50408688448139	0.5123088241015864	0.4283158055373251	26112	0.18526547051973627	0.18526547051973627	0
0.8599853515625	1402692	0.5581696141352371	0.5632557244609272	0.41648382348170604	25248	0.19386100279190802	0.19386100279190802	0
0.91064453125	2013496	0.583748332664427	0.5887239744460984	0.44479007678457916	27860	0.16464740551898763	0.16464740551898763	0
0.928466796875	1285984	0.48059400255581036	0.4871825657636187	0.4238729006231495	28030	0.17500503287350525	0.17500503287350525	0
0.8895263671875	1405084	0.5448820587088115	0.5511608753529699	0.42979428913752377	25694	0.18368183073922398	0.18368183073922398	0
0.792724609375	1082662	0.5209925019793261	0.5265100003074297	0.4223419953694807	23180	0.20028775186681255	0.20028775186681255	0
0.8138427734375	1098840	0.5531007906014295	0.5604778447266071	0.4254868336280218	23842	0.2328897537430822	0.2328897537430822	0
0.9013671875	2580814	0.5589665971468794	0.5620563927541221	0.4462634537435228	27356	0.17673878787707506	0.17673878787707506	0
0.9329833984375	1683918	0.56854799574508	0.5752326250510421	0.42848817669933864	27178	0.16541908387738427	0.16541908387738427	0
0.738037109375	1050666	0.4441641610806057	0.4547417058361287	0.3587667202405538	21824	0.15646396839983448	0.15646396839983448	0
0.925537109375	2916020	0.5965324059325144	0.5995034254261591	0.4506032175992882	28180	0.1596823294389718	0.1596823294389718	0
0.865966796875	1797510	0.39312496945804914	0.39815256588095155	0.4551352571982514	25756	0.11812297039126231	0.11812297039126231	0
0.8734130859375	690308	0.4192580100220978	0.4298652163371499	0.38974347109027296	23986	0.16117135400142724	0.16117135400142724	0
0.8212890625	640868	0.4681333173791305	0.4850776600633259	0.3928031650550357	23882	0.2361780747848571	0.2361780747848571	0
0.792236328125	3852110	0.6310947018729633	0.6319851405548599	0.46772275693589865	24136	0.12364908123482066	0.12364908123482066	0
0.8787841796875	1190484	0.45187688410360805	0.4582946656300157	0.41992272482207166	25074	0.17260490141931287	0.17260490141931287	0
0.8212890625	1479846	0.4394688785120091	0.4440520233850245	0.4473484350233828	25234	0.1608441753560497	0.1608441753560497	0
0.8734130859375	1907964	0.5931871103475345	0.5975874573688741	0.4288980860113889	25626	0.14164919453509078	0.14164919453509078	0
0.8883056640625	3444890	0.5899208756282835	0.5916186205208849	0.4521845045724316	27624	0.1253928559920535	0.1253928559920535	0
0.8734130859375	2198628	0.5171437706532102	0.5233996669470786	0.4373901718521713	26900	0.16704235878246063	0.16704235878246063	0
0.8585205078125	1736236	0.5311935596909853	0.5367864939024894	0.43966502176551253	25868	0.12985663825501959	0.12985663825501959	0
0.8883056640625	830834	0.46745942353821207	0.47513336483259233	0.4113857538258903	25470	0.18483416873931802	0.18483416873931802	0
0.9478759765625	1109628	0.45744429883151677	0.46875863286853164	0.3974246840557545	27390	0.14890505526322226	0.14890505526322226	0
0.925537109375	2412396	0.5327718923272934	0.5388271434741018	0.4203327535163768	27392	0.14502419060832092	0.14502419060832092	0
0.865966796875	1358846	0.5376076046443544	0.545046756404893	0.4038581780517967	26060	0.1462109066674497	0.1462109066674497	0
0.895751953125	1720586	0.5090424142981756	0.5144265494373726	0.4399885602260043	26688	0.15487678245072087	0.15487678245072087	0
0.895751953125	773552	0.42533731161046356	0.4404411852368635	0.39448599916369037	25272	0.1692709115616017	0.1692709115616017	0
0.8778076171875	1419828	0.505955329917782	0.5121533051487216	0.43139977414788183	26668	0.16136842843731006	0.16136842843731006	0
0.85107421875	1126896	0.39259216113129414	0.4014928369275293	0.41553988757350885	24590	0.11972391755544322	0.11972391755544322	0
0.79150390625	1130134	0.45985784013461967	0.46585553241656874	0.4416304987397302	23878	0.21217367318640493	0.21217367318640493	0
0.8734130859375	2402158	0.5557939540721205	0.5579804545264561	0.45174741311203964	26276	0.2090422951237215	0.2090422951237215	0
0.93798828125	2469168	0.5111276869029183	0.5162528253540548	0.44552360369461624	28204	0.17122360690855717	0.17122360690855717	0
0.9451904296875	1621996	0.47439666794096164	0.4826131969658343	0.439261877187803	28280	0.18963286613498995	0.18963286613498995	0
0.9447021484375	2805170	0.5336754509453014	0.5379495522886552	0.44040143200463316	28610	0.11371736047651616	0.11371736047651616	0
0.8585205078125	1398034	0.575194725891924	0.5813090635992494	0.4381708236446617	25180	0.22757854863657845	0.22757854863657845	0
0.8436279296875	3249936	0.6450809983104898	0.6469499010572791	0.4551776314305731	25694	0.18724350289834416	0.18724350289834416	0
0.925537109375	2039014	0.5775469067811497	0.5828015460577648	0.42253399361954797	26866	0.22550363782577398	0.22550363782577398	0
0.880859375	1359298	0.5278110287117396	0.5400210945225238	0.4013517904595645	26018	0.18474373525483964	0.18474373525483964	0
0.92138671875	1372100	0.4451399833784706	0.4557254020680718	0.4095147270614592	26052	0.1375014296020643	0.1375014296020643	0
0.896240234375	2327508	0.5303490366245657	0.5331650723149169	0.4566115736670591	27298	0.14561442553782303	0.14561442553782303	0
0.8212890625	909746	0.4151143493628544	0.4234709702341099	0.4119579383876606	23516	0.198561486572327	0.198561486572327	0
0.91064453125	2166008	0.45891374968929677	0.4671685963876578	0.44926598072069507	27616	0.15574019188731422	0.15574019188731422	0
0.92578125	2504094	0.5920311415832418	0.5987277748107067	0.40957360067089427	26886	0.15155441276314327	0.15155441276314327	0
0.89599609375	1599166	0.506716732293659	0.516454188757076	0.4248804190941183	26216	0.169741161899895	0.169741161899895	0
0.92578125	2895746	0.5789257894569199	0.5843483382994085	0.4331743370550793	27908	0.16588109672314308	0.16588109672314308	0
0.7542724609375	930874	0.5005566051268573	0.507551386273204	0.42366665436430234	22562	0.1973710821257083	0.1973710821257083	0
0.865966796875	1513694	0.533689049764588	0.5380205721261766	0.4273724727717301	25540	0.185564014647895	0.185564014647895	0
0.806396484375	1322734	0.41720608523280683	0.42246868265835985	0.44161477622295964	23968	0.1414835423067743	0.1414835423067743	0
0.8212890625	699880	0.5015497201851825	0.512268525231721	0.4039908331226541	23604	0.23192494457604648	0.23192494457604648	0
0.8515625	1011028	0.47992892696488365	0.489939339955791	0.4065693632253202	24704	0.1662632924461524	0.1662632924461524	0
0.9627685546875	3429292	0.5952372209095185	0.5968389911890127	0.4520855313878734	29126	0.1330800397913301	0.1330800397913301	0
0.8883056640625	1908474	0.5101403688525613	0.5159749278506355	0.44054403557930844	27378	0.132278555826993	0.132278555826993	0
0.895751953125	1234130	0.45883089979375485	0.4669180328181146	0.4224442791714765	26628	0.1716284433847697	0.1716284433847697	0
0.8734130859375	1753380	0.5353870420542695	0.5432157378468985	0.43401386557371074	26432	0.1609034530719233	0.1609034530719233	0
0.9169921875	1253254	0.521764828307293	0.530448461392404	0.4071974441869952	26554	0.1759756983377412	0.1759756983377412	0
0.880859375	1478164	0.5139974149233749	0.5216346955898454	0.4327421715440117	25980	0.19922297048961943	0.19922297048961943	0
0.880859375	1473050	0.42107951404429883	0.4334594709013106	0.4359395347903135	25824	0.13408042124979322	0.13408042124979322	0
0.91650390625	1511930	0.5203118539024759	0.5246305484719651	0.4264024464514966	27642	0.18278501886125617	0.18278501886125617	0
0.865966796875	1083528	0.508442941413315	0.5172654733054783	0.41838792974970396	25014	0.1497787014934831	0.1497787014934831	0
0.8883056640625	1609708	0.5308468144717999	0.5357754457440987	0.4471778564234179	26696	0.17475934324271494	0.17475934324271494	0
0.934326171875	2768984	0.5974861841705398	0.6040242751898862	0.4371931188836356	28342	0.1394208793824031	0.1394208793824031	0
0.9031982421875	1734308	0.5657659453748753	0.5706573318073557	0.4395271829733485	26692	0.19725617188170377	0.19725617188170377	0
0.8734130859375	1543416	0.5567534424590341	0.5642266645583746	0.4340918063504469	26614	0.1963135269743037	0.1963135269743037	0
0.901611328125	1694128	0.5271301986276963	0.5316690145863797	0.42577584222889403	25830	0.16591194290371336	0.16591194290371336	0
0.8734130859375	1814134	0.5111476322356955	0.5158887891219847	0.4419571038390195	27120	0.12584721597298598	0.12584721597298598	0
0.865966796875	2790176	0.5503932858346101	0.5539044316257522	0.4635535322089494	26754	0.15460539325691175	0.15460539325691175	0
0.8331298828125	859708	0.5406620691232046	0.5550960189389109	0.40244753649727744	24790	0.2206323373816025	0.2206323373816025	0
0.9329833984375	1538284	0.49925349547836945	0.5043707733943033	0.4313331540433667	26668	0.1966648066624871	0.1966648066624871	0
0.865966796875	1024670	0.430363004185293	0.43803958010439725	0.4282277463520714	25818	0.17274936123381068	0.17274936123381068	0
0.9150390625	2700332	0.6392793978438935	0.6420761701005205	0.43317267000047655	27670	0.18180030859373275	0.18180030859373275	0
0.8883056640625	1559814	0.5023557944999691	0.5116196064665063	0.4308790790360335	27022	0.17668046425533376	0.17668046425533376	0
0.865966796875	1491592	0.5801401953629064	0.5856302292100355	0.4377965183977858	25866	0.25647145243605723	0.25647145243605723	0
0.91064453125	1298432	0.4642890757074309	0.4752121888643739	0.43371253769550133	27156	0.17423107227937032	0.17423107227937032	0
0.895751953125	1048150	0.4533685857185281	0.4669706264837719	0.3990679487722455	25972	0.15140287478223977	0.15140287478223977	0
0.7994384765625	1629754	0.5364924531000891	0.5399031596975147	0.43151346128830653	22676	0.20208807023800504	0.20208807023800504	0
0.92578125	1867840	0.5428437863354042	0.5521008881736248	0.4362103454989521	28244	0.18446717547555336	0.18446717547555336	0
0.92578125	1643486	0.526761463841253	0.5339140581476768	0.42961119740319814	28520	0.15954286165523388	0.15954286165523388	0
0.8515625	2138516	0.45261425441695313	0.4582423042443626	0.44640688662011585	25948	0.10283703000152261	0.10283703000152261	0
0.9005126953125	2271952	0.5219895421351582	0.5241926189278279	0.42951375779177453	26556	0.15894992138063468	0.15894992138063468	0
0.9031982421875	1123862	0.5128871804479593	0.5213465492332875	0.4127360520820889	27412	0.18990169402048127	0.18990169402048127	0
0.8287353515625	731112	0.33389414728374134	0.3492905753375362	0.41223772137333864	23490	0.13250168559996606	0.13250168559996606	0
0.9552001953125	1362668	0.4074810805378688	0.4184842335192524	0.42015529261549583	29718	0.13130906887822333	0.13130906887822333	0
0.85107421875	1258152	0.4285076348536587	0.43469432913458705	0.41907135241164534	25272	0.18288585699532292	0.18288585699532292	0
0.8883056640625	2952710	0.5653471593068583	0.5664547345055954	0.45917358462100394	27352	0.15605112943311897	0.15605112943311897	0
0.776611328125	743122	0.4432791597170947	0.4494730792962011	0.4020820303102722	23124	0.1858451586215921	0.1858451586215921	0
0.9031982421875	1166460	0.4925655258975867	0.501030519271759	0.41333344464428357	26690	0.2124194233461537	0.2124194233461537	0
0.85107421875	713746	0.3846801467899365	0.3999207767596813	0.40716344503391655	23534	0.1510636710080371	0.1510636710080371	0
0.8212890625	1659980	0.5617302244160585	0.5660114327591695	0.4434266857367493	24764	0.13763641837414683	0.13763641837414683	0
0.836669921875	1043650	0.41381399275117975	0.42385432916216964	0.42213403125223065	24352	0.1529025809926782	0.1529025809926782	0
0.91064453125	1211216	0.5279592373511545	0.5413690672713486	0.42137319285632263	26036	0.16882054097907304	0.16882054097907304	0
0.9404296875	2726486	0.6504787865826173	0.6543641175198506	0.43438366998909506	28074	0.14105591605837103	0.14105591605837103	0
0.925537109375	1198802	0.4652425663273933	0.47399036244350207	0.42735559248719274	27262	0.17948691409745213	0.17948691409745213	0
0.9111328125	2228956	0.5041099791684776	0.5158147038270879	0.43439983749191496	27428	0.13255166053993722	0.13255166053993722	0
0.9150390625	944710	0.5274169326611823	0.539390860883579	0.3988912672856528	26676	0.21341054005445792	0.21341054005445792	0
0.9031982421875	1795988	0.6020722418029405	0.6064720495414236	0.4310159020883464	27358	0.1697562003720551	0.1697562003720551	0
0.8212890625	1160398	0.37773656222638247	0.384542256556531	0.42724302348059595	24584	0.1476309966534659	0.1476309966534659	0
0.8515625	3043592	0.5965931232295674	0.6004692168284927	0.43572258717568074	25566	0.14343761704576283	0.14343761704576283	0
0.8812255859375	2531314	0.5490657937308269	0.5549338617703766	0.42328575125383766	26540	0.09704879910876356	0.09704879910876356	0
0.91064453125	2410834	0.5794118451379121	0.5828575684342568	0.45530779844270497	28298	0.16318084589822685	0.16318084589822685	0
0.94677734375	1082618	0.5251239815066298	0.5371568517588218	0.39981753689077393	27046	0.17337393115967367	0.17337393115967367	0
0.9404296875	1198498	0.4405732001489378	0.451336090234626	0.4241432810025029	28190	0.1515623587327952	0.1515623587327952	0
0.9031982421875	1157646	0.408971376194508	0.42013331718086294	0.415272222009415	26270	0.1440027323194423	0.1440027323194423	0
0.8436279296875	1024436	0.46480655034450796	0.47407783976429746	0.41685378342078844	25038	0.15987585146050484	0.15987585146050484	0
0.85107421875	1736548	0.6224016445797571	0.6263377552229935	0.42851266688767614	24566	0.2019454066232016	0.2019454066232016	0
0.9478759765625	1758888	0.5925021879583688	0.5991350096437982	0.406516772427006	27796	0.1971387045176374	0.1971387045176374	0
0.8436279296875	1206002	0.43268249240438195	0.4376986098612213	0.4285151148544941	25390	0.1504707374663136	0.1504707374663136	0
0.85107421875	758746	0.4844298125359476	0.4944605670113738	0.4040263552352827	24334	0.23797477075673348	0.23797477075673348	0
0.8436279296875	2438300	0.5595923606131353	0.5650785421916655	0.44605769962926684	25688	0.16522439721135915	0.16522439721135915	0
0.73193359375	1108478	0.39266084462474216	0.39750341732360567	0.43211076033578294	21990	0.13026637854022585	0.13026637854022585	0
0.9285888671875	1730052	0.5223682494905698	0.5279651962374085	0.44980005181860716	27534	0.17044525055366969	0.17044525055366969	0
0.8287353515625	856160	0.5038582445364402	0.5100142483319176	0.41527917178256796	23974	0.21753924834626284	0.21753924834626284	0
0.8843994140625	994330	0.48838311161902737	0.500391580014138	0.40696456673274345	25670	0.1874389206896623	0.1874389206896623	0
0.8719482421875	3715110	0.624057079580801	0.6262262663205198	0.4543905818022938	26154	0.1488328506127323	0.1488328506127323	0
0.836181640625	766148	0.4089450818193678	0.41607687167482865	0.4118469784182624	23434	0.15033964230525884	0.15033964230525884	0
0.79150390625	956350	0.5583478848825957	0.5643075417352105	0.41714650274605036	21880	0.20549070214613477	0.20549070214613477	0
0.958251953125	2208802	0.5100842227392038	0.5154164856617723	0.4203589651182003	28364	0.1365391965666888	0.1365391965666888	0
0.9627685546875	1590036	0.5322095950946298	0.539090096132789	0.43269203771194703	28928	0.17928033371695695	0.17928033371695695	0
0.946533203125	1524640	0.5010124244189951	0.505953869005158	0.4048582341630826	28108	0.1305241079468891	0.1305241079468891	0
0.8212890625	1353868	0.5047124483253729	0.5121645719853066	0.42379240961163406	24674	0.16737466098793288	0.16737466098793288	0
0.79150390625	1063978	0.3815011725085904	0.39065862930637657	0.4308241452989443	23398	0.1146611886059475	0.1146611886059475	0
0.8687744140625	1327496	0.5480081760189692	0.5566974272052324	0.41343765872097804	25142	0.1934006040869105	0.1934006040869105	0
0.806884765625	2145784	0.581506966369612	0.5873104384462055	0.41435056750540605	23918	0.23212049513632096	0.23212049513632096	0
0.9207763671875	2578556	0.551167904408785	0.5544925570042787	0.4344170730283255	27432	0.1336157586603628	0.1336157586603628	0
0.851318359375	1329856	0.5518428891182271	0.556974401885813	0.4296743036824912	24738	0.22458896146130244	0.22458896146130244	0
0.8587646484375	2312340	0.43273503414521725	0.4407640352681075	0.43400573900276296	25806	0.09977991076429284	0.09977991076429284	0
0.8585205078125	973532	0.35977099485035535	0.3694737490664131	0.4220817478956471	25726	0.11120957518613629	0.11120957518613629	0
0.9332275390625	1540714	0.4989514995980126	0.5113633411152549	0.41770608507332363	27524	0.14032498512782646	0.14032498512782646	0
0.880859375	1282096	0.5545487465086272	0.5620879226255933	0.4088153301693896	25436	0.1755889096007481	0.1755889096007481	0
0.7989501953125	1934530	0.520737271568904	0.5234771993681904	0.44446580856986845	24318	0.14956734127830706	0.14956734127830706	0
0.7747802734375	1323832	0.5567367788343548	0.5598538682286349	0.43698427213211316	22912	0.1932840427773841	0.1932840427773841	0
0.91064453125	1474776	0.5411138890618814	0.5471640602987946	0.43746391407317814	27296	0.20112239038634194	0.20112239038634194	0
0.70654296875	937590	0.4898085360856763	0.49591679682291373	0.42772352395635704	20458	0.2163276996368031	0.2163276996368031	0
0.8287353515625	1484136	0.4648588037291006	0.471108088741724	0.44033925464089047	24724	0.1324414985235898	0.1324414985235898	0
0.9075927734375	1772580	0.5532257421805169	0.5596810504861655	0.4227390055379184	27330	0.15548946978143388	0.15548946978143388	0
0.926025390625	2790000	0.5833360409535885	0.5878598917123127	0.44259877449119117	27860	0.15526725666917404	0.15526725666917404	0
0.865966796875	933450	0.5076370898994235	0.5167828749648046	0.4057241350000822	24662	0.16329702796290022	0.16329702796290022	0
0.8287353515625	1003142	0.5639928050918942	0.5690318637661774	0.4116057876434432	23952	0.25381950330480957	0.25381950330480957	0
0.865966796875	1755920	0.6133752919452226	0.6171934329571692	0.4280503648614649	25760	0.20609616216916712	0.20609616216916712	0
0.9197998046875	2496640	0.5833413765421074	0.5918322129464235	0.4181612219464326	27390	0.13975869267382016	0.13975869267382016	0
0.9478759765625	1945070	0.5742174392258333	0.5779386339808708	0.4313791599402394	27776	0.1623751607956415	0.1623751607956415	0
0.82763671875	2294532	0.5405802894729245	0.5434647611458183	0.43428748094611885	25010	0.1094815380034101	0.1094815380034101	0
0.8515625	911660	0.4358673678863219	0.4467932695091376	0.4059551540526456	25338	0.19721628097348723	0.19721628097348723	0
0.79443359375	2074770	0.5395048277906463	0.5452395865096608	0.4496781680413599	23518	0.19755733427324607	0.19755733427324607	0
0.9019775390625	2832548	0.5433972419211048	0.5487971584918572	0.4488713334370194	27796	0.09796776706942577	0.09796776706942577	0
0.865966796875	1094364	0.5610887809595482	0.5706761714977527	0.4202795303838562	24990	0.22882652485053712	0.22882652485053712	0
0.9169921875	2164796	0.5530518117668376	0.5591066035398663	0.42354970356207033	27562	0.1213942206519613	0.1213942206519613	0
0.8302001953125	1166030	0.5487483344827048	0.5542656578916341	0.43084900695054973	25034	0.24062627329049488	0.24062627329049488	0
0.94775390625	2065264	0.5525435186350635	0.5581659977647867	0.4308416239449733	28296	0.12652399124004135	0.12652399124004135	0
0.8826904296875	2117074	0.564293782821159	0.567810383484965	0.45190576801527205	27202	0.15130590605428332	0.15130590605428332	0
0.9404296875	1077974	0.4559106063920124	0.4723352479828009	0.38919662379503744	27188	0.13121300769819175	0.13121300769819175	0
0.89599609375	836762	0.4519748960890823	0.46255475830740833	0.4039618242103233	26450	0.17699148812745105	0.17699148812745105	0
0.8187255859375	2703586	0.5592559096384498	0.5609803338466607	0.45235622620301785	25566	0.2078152860928021	0.2078152860928021	0
0.91064453125	1395406	0.49032969388839803	0.4962596625460974	0.42249670771063413	27068	0.16101613682338886	0.16101613682338886	0
0.880859375	2242872	0.5429686942566181	0.5483388269837393	0.4530310986154422	27560	0.1612136363708371	0.1612136363708371	0
0.92529296875	1443422	0.4951894989156555	0.4997579260626031	0.4311265044779183	27296	0.16845764769489638	0.16845764769489638	0
0.9642333984375	1662672	0.5873807368665366	0.5921295621301897	0.409329520438045	28442	0.1963309814734223	0.1963309814734223	0
0.9287109375	2564926	0.5344245388088352	0.5379562255785295	0.4400152717353772	28096	0.14690096666758157	0.14690096666758157	0
0.897705078125	1596554	0.5215765791436483	0.5263704046050287	0.43089945648747124	27028	0.20162601644428213	0.20162601644428213	0
0.8172607421875	1238610	0.5044323842887338	0.5136349011925273	0.41989442999135723	24300	0.19172175600816	0.19172175600816	0
0.8138427734375	1672706	0.6036523365882612	0.609478201934388	0.44951818408334904	24832	0.21848241270564187	0.21848241270564187	0
0.8138427734375	1301404	0.4925550206101749	0.5002002922677818	0.42899635387964324	24600	0.16842318455746716	0.16842318455746716	0
0.85107421875	2067440	0.3907670693142329	0.3961661103966873	0.4289730061792327	25012	0.10555826302260497	0.10555826302260497	0
0.806396484375	792254	0.43537714134921307	0.44689814643772796	0.4197751736584323	23814	0.16113280701756574	0.16113280701756574	0
0.9180908203125	777744	0.3910968761744264	0.4053371243738037	0.38554694927427074	27018	0.14305989298267704	0.14305989298267704	0
0.8985595703125	3810542	0.6211651828937952	0.6236406315205648	0.46119927148813716	27482	0.13649128524463225	0.13649128524463225	0
0.8436279296875	1391280	0.40888779330218067	0.41571140598084066	0.4353331673714875	25634	0.13058548556867086	0.13058548556867086	0
0.9224853515625	1722966	0.5714323648123996	0.576974779505464	0.43131083909700535	26534	0.2136241154642692	0.2136241154642692	0
0.9404296875	1942636	0.566250738006484	0.5701927408220558	0.446092981249637	27618	0.16322384776479773	0.16322384776479773	0
0.912109375	1208794	0.4231793315091564	0.43229429370949135	0.4170636961986898	27244	0.1243350478332025	0.1243350478332025	0
0.8983154296875	2091442	0.5220538216786564	0.5279998961005378	0.4381307097329246	27110	0.13383139358637644	0.13383139358637644	0
0.763427734375	2937078	0.6245761760848662	0.6281096427315936	0.4528533630074081	23534	0.12342763008916315	0.12342763008916315	0
0.829833984375	2004084	0.5481208028718425	0.5501900041774286	0.44965087841800794	25274	0.1844835839064515	0.1844835839064515	0
0.876220703125	1543022	0.6013617212126445	0.6043273124764085	0.44064662944106775	26014	0.20800923076341418	0.20800923076341418	0
0.9031982421875	949756	0.4592693390952462	0.4670717345443578	0.4110121186808981	27058	0.1817400165989209	0.1817400165989209	0
0.925537109375	1772398	0.5589251311597442	0.5639537571339243	0.41929256023345324	27334	0.1763262274550671	0.1763262274550671	0
0.8436279296875	2355716	0.5277321585447093	0.5314889037928439	0.44569165576557285	24842	0.14860556622229598	0.14860556622229598	0
0.806396484375	966196	0.4953914008005708	0.5036074450341178	0.40194690618471346	22918	0.17378461712844054	0.17378461712844054	0
0.9031982421875	1030458	0.5051469492295847	0.5140534466570883	0.41826069068702765	27142	0.20901609996840884	0.20901609996840884	0
0.746826171875	1007656	0.5293692148880854	0.5360630033407033	0.41137627725857745	21934	0.21870462717535546	0.21870462717535546	0
0.9197998046875	2380174	0.5822712818109869	0.5875608339933905	0.45369899327473595	27918	0.17506891010072656	0.17506891010072656	0
0.894775390625	1761312	0.5340093428843223	0.540511611137304	0.42320549549487413	26854	0.13670750563694686	0.13670750563694686	0
0.8883056640625	1522568	0.517683481619462	0.5227461068020368	0.42905800159181173	26494	0.20373146063159084	0.20373146063159084	0
0.8299560546875	2243176	0.6147390869838577	0.6186933516725519	0.446194543763517	25336	0.14623246540459536	0.14623246540459536	0
0.76171875	920376	0.609871310905956	0.6123257048458864	0.4073893608432623	21866	0.29247055685689927	0.29247055685689927	0
0.925537109375	1809178	0.5776403140425002	0.5850235090780264	0.42174233145216294	27684	0.14219934482832516	0.14219934482832516	0
0.8436279296875	1026364	0.4977131931823337	0.5047775632326164	0.4095252563400618	24006	0.21584808976959788	0.21584808976959788	0
0.9404296875	1361416	0.5165852889136872	0.5262636591170085	0.4280590608272962	27952	0.21566993761644093	0.21566993761644093	0
0.91064453125	1424874	0.5206760879656449	0.5308455199254023	0.41876712016298284	26186	0.16309070062425454	0.16309070062425454	0
0.865966796875	1656690	0.6011892492986881	0.6055253889757096	0.4177753087242538	25360	0.19579265578573976	0.19579265578573976	0
0.88037109375	2790914	0.5981816604700433	0.6007718085220652	0.45181785838752736	26024	0.14272002766279243	0.14272002766279243	0
0.8778076171875	3027084	0.5371158798993243	0.5403926748750513	0.4448775037370956	26430	0.12841556958299277	0.12841556958299277	0
0.879638671875	916550	0.410559666863374	0.4244544945835964	0.37316353067939295	25834	0.13424501561572036	0.13424501561572036	0
0.8212890625	1454392	0.4888841450393069	0.49418228230001765	0.4329356339419353	25042	0.15157911218278533	0.15157911218278533	0
0.874755859375	1730600	0.5082948994489457	0.5115603033486087	0.4168269069556753	26220	0.13965231364094602	0.13965231364094602	0
0.79931640625	1112308	0.39544570638522286	0.4070158057289334	0.426756201837828	23804	0.11985587217379784	0.11985587217379784	0
0.9493408203125	1260258	0.5014722835332519	0.5157929373632975	0.40464272321012174	28072	0.14108460964648525	0.14108460964648525	0
0.8212890625	1440148	0.4232276979316234	0.4292381967224608	0.4370484244081075	24534	0.1307764981559255	0.1307764981559255	0
0.8292236328125	2385960	0.5252669330056505	0.5291089041416172	0.4445062895758523	25076	0.1558626039471215	0.1558626039471215	0
0.8631591796875	1362224	0.4586701071439972	0.46600661251082115	0.42892068326006333	25752	0.16763889395368792	0.16763889395368792	0
0.955322265625	2491380	0.5858037601008546	0.592915019954947	0.40331529215952666	27906	0.11763206677208644	0.11763206677208644	0
0.7989501953125	1315274	0.4183623614318432	0.42075473285952963	0.4448786695391502	23516	0.15384340159325757	0.15384340159325757	0
0.895751953125	3040224	0.504759306644099	0.5141267179823081	0.43306945248026735	26820	0.12859341608041244	0.12859341608041244	0
0.865966796875	2753244	0.5984777674908778	0.6007237091918173	0.4366658244063492	25760	0.19663445471518312	0.19663445471518312	0
0.895751953125	2239582	0.520586218859695	0.5245281628827102	0.4457225680167549	27204	0.14823338788234994	0.14823338788234994	0
0.9373779296875	1737168	0.5111082348450424	0.5155572212605761	0.42473516298022074	28110	0.1546279749507304	0.1546279749507304	0
0.8585205078125	927736	0.4692147381920701	0.48381934230167006	0.4028277943344633	24444	0.2230680200681614	0.2230680200681614	0
0.9183349609375	2086662	0.5357072860266012	0.540813161859978	0.43119669406240924	27856	0.15201128619308088	0.15201128619308088	0
0.9150390625	1202722	0.5369540369176197	0.546335825483721	0.427057812636233	27714	0.25495728643963117	0.25495728643963117	0
0.895751953125	1444190	0.5361625451832852	0.5472815152372258	0.42262204494686756	26162	0.18644487007473812	0.18644487007473812	0
0.881103515625	1116734	0.5696481459023113	0.5791013575442351	0.4167131042499094	25342	0.2504451121619896	0.2504451121619896	0
0.85107421875	1041968	0.42344084907044355	0.4323295855013394	0.40304614142641165	25448	0.13241433417830567	0.13241433417830567	0
0.90087890625	1424260	0.5681853236947244	0.5745607892330483	0.4222985539778164	26734	0.2151306702219269	0.2151306702219269	0
0.870361328125	1456716	0.5542944234206174	0.5584136126505922	0.4238873272079248	24748	0.20518283192254747	0.20518283192254747	0
0.8585205078125	2440844	0.5465594745009859	0.5495934823483336	0.44527183025802536	25368	0.18583327424066398	0.18583327424066398	0
0.925537109375	1327704	0.46390234628071086	0.4747582312953111	0.40863081433705917	27378	0.11348280052427136	0.11348280052427136	0
0.87158203125	2178820	0.5911454441977888	0.6003417266753089	0.40365952459771365	26200	0.12861587428848434	0.12861587428848434	0
0.8212890625	965422	0.5002516379728118	0.5081946448610185	0.42034687921257124	23678	0.22738556359757633	0.22738556359757633	0
0.9224853515625	1227294	0.5232603293861109	0.5320547190279741	0.42865943665691447	27420	0.20932545554471416	0.20932545554471416	0
0.8436279296875	1383636	0.4616227186796298	0.47232209203190556	0.4256477822426326	24766	0.11258372826937513	0.11258372826937513	0
0.7989501953125	1350060	0.4790085893765032	0.4842903082341346	0.4300411315677448	24486	0.15538230326309624	0.15538230326309624	0
0.9195556640625	994124	0.44780242607914267	0.46100886799030105	0.4150250576591548	27334	0.1702247500810337	0.1702247500810337	0
0.903564453125	1727546	0.5287313138223118	0.540566020879927	0.42423163195106955	26230	0.130493042935954	0.130493042935954	0
0.836181640625	1134312	0.4022338125024137	0.40970672125175894	0.43195164977393924	26060	0.18293888222705856	0.18293888222705856	0
0.8436279296875	1267808	0.4539428858126841	0.45949954211570176	0.43894394978638607	25812	0.17424477630716417	0.17424477630716417	0
0.8436279296875	1172188	0.47643756523174036	0.483527548120503	0.4233647425105382	24698	0.1733804633777188	0.1733804633777188	0
0.91064453125	1970814	0.4898915457108947	0.49737060317735554	0.4316096090536096	27756	0.10205817266375646	0.10205817266375646	0
0.9046630859375	1969670	0.561961508103333	0.5670983176030625	0.43552271118440133	27188	0.177892239303696	0.177892239303696	0
0.9031982421875	2171966	0.4853228442466942	0.4905035002844704	0.4320836693044378	26622	0.1416029522084649	0.1416029522084649	0
0.8734130859375	1494776	0.44264046871054097	0.44919551871007557	0.42211776473228	26360	0.13048512316992697	0.13048512316992697	0
0.922119140625	1227684	0.50031952841778	0.5130026695087094	0.4105955313834167	27020	0.15770902250306978	0.15770902250306978	0
0.881103515625	2434240	0.5291729133263293	0.5358280377690535	0.42760456175917344	26388	0.1479214057510084	0.1479214057510084	0
0.912109375	2694592	0.594651024234856	0.598635030476554	0.4406936635640317	27254	0.11819812039532641	0.11819812039532641	0
0.8734130859375	3165456	0.5836638078591886	0.5871093941647767	0.46225673342583073	26602	0.11137035154129454	0.11137035154129454	0
0.79150390625	773876	0.32107871506675645	0.33036954144378133	0.42525088204610656	23474	0.10899641687245665	0.10899641687245665	0
0.7989501953125	955094	0.3943365442034574	0.40111114844915213	0.409573742064915	22672	0.14082017740681071	0.14082017740681071	0
0.9404296875	1652282	0.48730685381723465	0.49492244058026597	0.4219930909256462	28298	0.14025495872000274	0.14025495872000274	0
0.8585205078125	3672444	0.5401821636768048	0.5442855912486714	0.42900000616445944	25508	0.13752943472147366	0.13752943472147366	0
0.9283447265625	2355622	0.6052810241529011	0.609080500506343	0.4371950140393001	28018	0.12247461118822929	0.12247461118822929	0
0.8585205078125	1752978	0.5118840722268786	0.5193573381357276	0.4388570454454039	25860	0.16507886171787342	0.16507886171787342	0
0.9031982421875	1206064	0.5442272832694581	0.5563435940384625	0.4173813331158987	26454	0.21506037417441967	0.21506037417441967	0
0.8883056640625	2872840	0.5809060737834372	0.5825257474516276	0.44537940335847814	26960	0.16688937324185926	0.16688937324185926	0
0.8436279296875	1356642	0.48370180182843936	0.49375153629615554	0.4230992290441565	25140	0.169064101984589	0.169064101984589	0
0.916015625	1147266	0.45277538804098444	0.4649850129243358	0.4060878663837894	26700	0.1617249024378457	0.1617249024378457	0
0.9031982421875	1254208	0.43272007786510797	0.4433656970336263	0.41603227120613656	26782	0.16233980454908634	0.16233980454908634	0
0.880859375	1123850	0.5269822321120045	0.5414843384886594	0.40821069430477713	25288	0.17045135898559619	0.17045135898559619	0
0.8819580078125	3135332	0.5296020718446667	0.5390734715233013	0.46186558470145206	26742	0.12407949671811758	0.12407949671811758	0
0.8287353515625	1421098	0.5699896666295445	0.5760852594001646	0.4312762057938759	24556	0.2120750206773188	0.2120750206773188	0
0.8992919921875	941168	0.47205882053797227	0.48218547756437175	0.4198274084975451	26898	0.2063680722796225	0.2063680722796225	0
0.8436279296875	1973760	0.5630777483017486	0.5677781848938979	0.44181538455097574	25606	0.1586731242554437	0.1586731242554437	0
0.9031982421875	1711256	0.4888909612084418	0.49276196473103284	0.43694794254402863	26644	0.15128023763564086	0.15128023763564086	0
0.9312744140625	2893920	0.604988629588696	0.6101779305271539	0.4420795798719408	27946	0.14606796748233639	0.14606796748233639	0
0.92578125	2853886	0.6151995460132158	0.620150692716714	0.4299106160434656	28318	0.1312435951611333	0.1312435951611333	0
0.8287353515625	715550	0.4802572791226012	0.48802766238132594	0.4135277050362212	24640	0.252194288872474	0.252194288872474	0
0.7864990234375	1282060	0.4070545626567547	0.41401008477365764	0.43605712975269895	23410	0.17127147805301457	0.17127147805301457	0
0.9158935546875	1808492	0.5106625753643731	0.5150077807348782	0.42939143569650673	28448	0.1495917401862907	0.1495917401862907	0
0.8883056640625	1371176	0.5183037437381927	0.5260737635244594	0.4226753969841463	26456	0.18581248698107464	0.18581248698107464	0
0.815185546875	2699284	0.5904267520494214	0.5936318683483824	0.45955031257376167	24792	0.14135051682820574	0.14135051682820574	0
0.91064453125	2704218	0.5135680827028182	0.5199154233696296	0.45095002941759765	27836	0.12999122175841069	0.12999122175841069	0
0.7408447265625	1319876	0.4646566787180559	0.47054156289017574	0.44613945477212624	22412	0.20295018845488258	0.20295018845488258	0
0.901611328125	2571098	0.5330936070439358	0.5418932961710758	0.42430991634769805	27526	0.14003909966006647	0.14003909966006647	0
0.7994384765625	2063030	0.47508645141545003	0.4803705107651643	0.4307396606955555	23472	0.18421845353228108	0.18421845353228108	0
0.880859375	2574730	0.562540389537095	0.5668174808591687	0.43730920274781204	26156	0.16544909878115444	0.16544909878115444	0
0.8182373046875	2055322	0.5068867697807815	0.5104423725335193	0.44032717222236334	24898	0.1635889886059811	0.1635889886059811	0
0.9027099609375	1997404	0.5367245176141783	0.5434610121218671	0.44592073049136344	26556	0.14020247118634852	0.14020247118634852	0
0.9168701171875	2209120	0.5194597030484834	0.5262650173013127	0.433819361932044	26914	0.18500423167061944	0.18500423167061944	0
0.810791015625	1105200	0.49692655795742846	0.5039821781112491	0.4318161409677324	24080	0.20786024659994143	0.20786024659994143	0
0.8515625	1687528	0.5334630301390912	0.5386049304868024	0.41237959938260754	25678	0.12953298134046523	0.12953298134046523	0
0.89599609375	1253760	0.4363983360625014	0.4427797699190328	0.43086452605772285	26704	0.19702408227051893	0.19702408227051893	0
0.9329833984375	1371110	0.46951138025493794	0.48271501490314517	0.41307803301494417	27430	0.15300375064699934	0.15300375064699934	0
0.8885498046875	2691780	0.5455276602955847	0.5468473959318206	0.4444135615364176	27276	0.13340320570272704	0.13340320570272704	0
0.8436279296875	1375620	0.5040848939913014	0.5116164862080886	0.42259719283729064	24860	0.1666824865489699	0.1666824865489699	0
0.806396484375	699874	0.43001076825868134	0.43648457328850815	0.41009951943757167	22716	0.20399039417430623	0.20399039417430623	0
0.865966796875	1123738	0.48487151967687075	0.4978846050220072	0.4135877979391711	25648	0.1452423020184707	0.1452423020184707	0
0.8585205078125	2684208	0.6055232382377059	0.6080946368899921	0.43302391439051074	26168	0.17325921324205665	0.17325921324205665	0
0.9180908203125	2620110	0.5617448174946602	0.5654758407422695	0.4390354803377668	28102	0.15600574332671072	0.15600574332671072	0
0.925537109375	1223262	0.499592232437363	0.509686379694533	0.42242291120739267	28002	0.1776217926924671	0.1776217926924671	0
0.7427978515625	1379076	0.44797732952894337	0.453930817570215	0.43325988748926675	21850	0.17840023194200438	0.17840023194200438	0
0.8585205078125	1633624	0.5517404351598197	0.5586362634446385	0.4133986151481442	24112	0.14693815334039384	0.14693815334039384	0
0.9180908203125	1190228	0.4644972016865822	0.47734443494020046	0.42250959690282436	26654	0.17609340400760573	0.17609340400760573	0
0.8587646484375	1500496	0.5454055133539292	0.5511355671489723	0.412059305474787	25190	0.14585572463706217	0.14585572463706217	0
0.9183349609375	2494426	0.538424256737307	0.5443470929802058	0.439455137229153	27306	0.14961441366964243	0.14961441366964243	0
0.9312744140625	1825730	0.5386660349977409	0.5455804342798308	0.4219107765806768	28000	0.17447686521931885	0.17447686521931885	0
0.8436279296875	1025588	0.4296582670753686	0.43917700722572345	0.4261503695692999	25056	0.15388264964774445	0.15388264964774445	0
0.8585205078125	1693490	0.5679812319702385	0.5752152507576418	0.43733354525603757	25528	0.17223266885902322	0.17223266885902322	0
0.777099609375	1275818	0.4936446555222395	0.4967708331371712	0.4302491686272119	22966	0.1837451826475365	0.1837451826475365	0
0.8616943359375	2312634	0.6046534785693242	0.6061950971823198	0.448896622566692	26038	0.17307564802421369	0.17307564802421369	0
0.888671875	2669416	0.5480513445412288	0.5522376393759806	0.42193915176775504	26748	0.1341001677528037	0.1341001677528037	0
0.79150390625	1387816	0.5967566477805742	0.603723539153345	0.4342306336987674	24204	0.2484204358989088	0.2484204358989088	0
0.9329833984375	2058452	0.5672600105107862	0.5715986413620121	0.42713071033442745	27256	0.14703076740656937	0.14703076740656937	0
0.9180908203125	2658730	0.5571707041180466	0.5627386477939779	0.42187331088177243	26722	0.14435753380405592	0.14435753380405592	0
0.806396484375	775014	0.4349234942733346	0.44212219377858003	0.4091598325185761	23134	0.22945229183133223	0.22945229183133223	0
0.9329833984375	1998884	0.5722845177281229	0.5787788356390539	0.437041485457664	28166	0.1536561329507576	0.1536561329507576	0
0.905029296875	1364922	0.5474948564405996	0.557166213700948	0.4098865060829111	26592	0.17083909663980865	0.17083909663980865	0
0.8436279296875	1060286	0.4922060598596041	0.4963890323887752	0.42265539420892734	25322	0.19478629276507722	0.19478629276507722	0
0.918212890625	2022116	0.5745183446029608	0.5790879143895843	0.43399672035720366	27124	0.1499614906755489	0.1499614906755489	0
0.925537109375	1132884	0.5013201718815606	0.5091800462179125	0.4123428454419215	27408	0.15830209336098722	0.15830209336098722	0
0.8585205078125	1498356	0.5201872633781713	0.5297095979518106	0.4165888871203535	24706	0.18145762889109648	0.18145762889109648	0
0.9180908203125	1448344	0.49425023235887205	0.503096707037613	0.4262412435260061	26700	0.14288160196574817	0.14288160196574817	0
0.9329833984375	1191512	0.5602151405262599	0.5680314215211754	0.4165839265134752	27530	0.2197347077476497	0.2197347077476497	0
0.881103515625	1404712	0.48006469885218533	0.48929156411483715	0.4217149638341802	25756	0.13478607654556565	0.13478607654556565	0
0.8585205078125	1402326	0.4766957055197678	0.48676463641722373	0.4248081205437953	25286	0.2023976370132218	0.2023976370132218	0
0.836181640625	2080418	0.5941866411385022	0.5973005354698905	0.45603473944825085	25752	0.20572152929558826	0.20572152929558826	0
0.8585205078125	1191694	0.4752045609061389	0.48310486003090336	0.40643514571520684	24726	0.14387053213778406	0.14387053213778406	0
0.873779296875	1062426	0.5261295479300503	0.5344506964067389	0.41156621992732983	25902	0.18455986383422138	0.18455986383422138	0
0.9183349609375	1075406	0.49487776525371757	0.5038322988702681	0.42325596623508993	25726	0.21221883051377335	0.21221883051377335	0
0.882080078125	1906094	0.5277422621153877	0.5331067867451006	0.44222214753218103	27074	0.12292074158004362	0.12292074158004362	0
0.8883056640625	1073674	0.47443513912904284	0.4845388928512284	0.4084377561441291	25842	0.15734448770728468	0.15734448770728468	0
0.854248046875	1684554	0.5410704018725668	0.5475216511598086	0.4272824802802188	24926	0.13519819709558417	0.13519819709558417	0
0.879150390625	1193596	0.519279140734299	0.5288182740949026	0.4166106722272917	25310	0.19208681521221896	0.19208681521221896	0
0.9180908203125	1524562	0.5244927540134189	0.5296226300935705	0.4293273457313748	27690	0.17095200767628208	0.17095200767628208	0
0.914306640625	2653944	0.5593656835752275	0.5621966174934653	0.4574152154864278	28092	0.15238350239598278	0.15238350239598278	0
0.836181640625	1172908	0.4928625804121818	0.5001822565966553	0.43232603659720664	25250	0.15408638387828524	0.15408638387828524	0
0.91357421875	3928188	0.5502036977755711	0.5539942561115324	0.43548287097285915	26922	0.10705282822219059	0.10705282822219059	0
0.8734130859375	1036652	0.46613474509375435	0.47747916444451793	0.3995493206850352	25198	0.13514551525347118	0.13514551525347118	0
0.8436279296875	1323894	0.5862968676042404	0.5907946569476038	0.41563621989373134	24780	0.2211725526492829	0.2211725526492829	0
0.94921875	3276968	0.5970220027514512	0.6035964390460153	0.44011356579142774	29158	0.11926824929803138	0.11926824929803138	0
0.8138427734375	2401348	0.47964206198017106	0.4867849643201518	0.44718593744237006	25006	0.10691983795213807	0.10691983795213807	0
0.7845458984375	782136	0.44701351373987497	0.4573058054865973	0.40760780366600885	23106	0.20470449964125084	0.20470449964125084	0
0.76171875	643364	0.346513564396435	0.3536466080390465	0.40196693095585445	20896	0.19127561212143526	0.19127561212143526	0
0.9102783203125	2462932	0.5740185190998194	0.5760559542320148	0.43402397612981475	27398	0.11435210695126659	0.11435210695126659	0
0.9210205078125	1426036	0.5239389678451295	0.5311515861852377	0.40775084200373396	26490	0.15653435510296612	0.15653435510296612	0
0.9561767578125	2025806	0.545920466094545	0.5537122229998809	0.4419942332657841	28454	0.17379609594900192	0.17379609594900192	0
0.9241943359375	2120036	0.6071126007982629	0.6152445837556634	0.4062081931698163	27716	0.11316717732427034	0.11316717732427034	0
0.871826171875	1431862	0.46387309521000425	0.4751503606592828	0.41785308192370024	25530	0.1507754944628387	0.1507754944628387	0
0.8878173828125	1729114	0.5573976943847102	0.5609398472971351	0.4433401679805518	26456	0.1705224300065632	0.1705224300065632	0
0.8138427734375	1085708	0.439952829207705	0.4467625593238655	0.4325530429108931	24132	0.1858136223810328	0.1858136223810328	0
0.806396484375	1633868	0.474007288550085	0.4804190583251042	0.43410466751402516	23682	0.11517969217556823	0.11517969217556823	0
0.9034423828125	1156460	0.5557753248051224	0.5686267019683591	0.3988798815627162	26192	0.1961648876506438	0.1961648876506438	0
0.8436279296875	1424644	0.493809489428558	0.4993623889405027	0.43504109318124423	25198	0.12378754443522473	0.12378754443522473	0
0.9034423828125	851438	0.47093526038647715	0.47826931828863284	0.3944045126626421	26168	0.17200721444027253	0.17200721444027253	0
0.866943359375	1051602	0.5013628970158148	0.5134313985198803	0.4257266040994445	25252	0.20258966214434623	0.20258966214434623	0
0.8287353515625	1629986	0.4978967488751531	0.5058760502731857	0.43630047158089497	24312	0.13890221765024183	0.13890221765024183	0
0.836181640625	813050	0.49266172657857715	0.5011812746658421	0.40948080558976313	24658	0.2343718281116596	0.2343718281116596	0
0.9075927734375	2511738	0.5385495708614958	0.5431376285294088	0.44074602844168576	27508	0.1512771336107271	0.1512771336107271	0
0.9404296875	1632434	0.5299839488117378	0.5365983728647359	0.4435929890812132	28564	0.18295823051231486	0.18295823051231486	0
0.85107421875	1129876	0.4590113950077732	0.4667955398088042	0.42970329245348476	25242	0.17750545363354833	0.17750545363354833	0
0.8883056640625	1497022	0.5946983608888599	0.6024987138421568	0.42226563845026005	27010	0.22193836703517866	0.22193836703517866	0
0.927001953125	1696692	0.5711232732153186	0.5799873686638432	0.42769688693657176	27484	0.17925321856692347	0.17925321856692347	0
0.8104248046875	1700034	0.5795177339901874	0.58915508457317	0.42511658612898784	24590	0.17195511097371485	0.17195511097371485	0
0.9329833984375	1856468	0.5402056335323089	0.5513462841649648	0.4206057399602117	27548	0.13222700543650687	0.13222700543650687	0
0.8212890625	3746008	0.5661629578936106	0.5673715913868758	0.4754424132822434	25038	0.11547947577155043	0.11547947577155043	0
0.8287353515625	1225450	0.5383859168162769	0.5429518795451105	0.4243036555267314	24272	0.23596846206656655	0.23596846206656655	0
0.7843017578125	1018158	0.4604623493069914	0.464787583004939	0.4224231812486976	23108	0.19398713815194302	0.19398713815194302	0
0.9034423828125	2396972	0.5821067406943633	0.5865350868319829	0.4203332220727505	26708	0.14623568661160544	0.14623568661160544	0
0.8287353515625	1963398	0.5205781161161503	0.5250192809892138	0.4466817546267738	25044	0.13596971896124174	0.13596971896124174	0
0.8883056640625	1125682	0.49509932047685234	0.5072302791539408	0.4190101648868554	25570	0.21035079354492406	0.21035079354492406	0
0.880859375	1682372	0.5511217465634457	0.5579498318045384	0.4178506136635008	25750	0.14335635708906688	0.14335635708906688	0
0.9185791015625	2201648	0.5110298185541297	0.5187324054524614	0.43959452232522395	27912	0.11785092160528321	0.11785092160528321	0
0.8138427734375	1157584	0.431498943994987	0.43665499258162593	0.4312256346644549	24688	0.14454596422176932	0.14454596422176932	0
0.85546875	1663492	0.5179017446250106	0.5239892310195847	0.43455843583329656	25844	0.1652871106469196	0.1652871106469196	0
0.9180908203125	2236174	0.6296817094174715	0.6322460358338217	0.4565878224484921	27466	0.18618727934176962	0.18618727934176962	0
0.8734130859375	2780412	0.603544283861634	0.6086191370481105	0.4441116517564709	26778	0.1371654352465778	0.1371654352465778	0
0.91064453125	2303414	0.5121220045613577	0.5187714313721133	0.4311472108912102	26670	0.16182823634133087	0.16182823634133087	0
0.8804931640625	1896744	0.51173947388101	0.5184083867816328	0.4339723746802646	26708	0.13008424041078576	0.13008424041078576	0
0.85107421875	1241018	0.4624710200440639	0.4703714006874262	0.42271160730978186	24902	0.18179506663330358	0.18179506663330358	0
0.85888671875	2101098	0.5389331970793964	0.546685038081891	0.41886267714069314	25100	0.18286103148239072	0.18286103148239072	0
0.8734130859375	1665544	0.5409828953560908	0.5444872223736286	0.4390933310483182	26378	0.19153759337698814	0.19153759337698814	0
0.8436279296875	787586	0.4416928378382379	0.45560526469269375	0.408643325543163	24096	0.22738135007486812	0.22738135007486812	0
0.8525390625	2181538	0.5631373261163467	0.5668139399823524	0.4355166328644984	26052	0.18713142703082777	0.18713142703082777	0
0.8585205078125	1777672	0.48517091268088847	0.49192436828907576	0.43969958896875666	25500	0.12047850567152735	0.12047850567152735	0
0.9034423828125	2334832	0.5197534091509829	0.5247479500756838	0.4249429376180128	27332	0.1419381142704264	0.1419381142704264	0
0.806396484375	1492192	0.48357509715671304	0.4899340917020951	0.44033716468162853	24406	0.1618284949596869	0.1618284949596869	0
0.85107421875	1086150	0.6025925704772988	0.6096544928395041	0.41143312222417777	24406	0.28448452178940137	0.28448452178940137	0
0.836181640625	1076300	0.5175933688413993	0.5265356957792738	0.427804716856786	24116	0.21268723345142107	0.21268723345142107	0
0.80224609375	669364	0.48979381914364567	0.503204261282924	0.4028669823162378	23710	0.2535633531418401	0.2535633531418401	0
0.8883056640625	3082272	0.6071620573872943	0.609550616817362	0.44909497893594835	27892	0.1836466515088148	0.1836466515088148	0
0.9339599609375	3785050	0.6545489779972521	0.6564422138254935	0.43978673751726477	27174	0.1273302222167844	0.1273302222167844	0
0.94775390625	1183622	0.4786236370506036	0.491824767698499	0.4046777481517166	27680	0.15335441955996337	0.15335441955996337	0
0.7244873046875	885740	0.538790951083245	0.5428819556270198	0.4268515950653314	20680	0.2291392326953625	0.2291392326953625	0
0.91064453125	1427410	0.5113060893215288	0.517005742727581	0.42226993935733265	26178	0.179435641844396	0.179435641844396	0
0.9329833984375	906820	0.479154745280613	0.4888474864205763	0.3917421867452464	26468	0.18331598402814944	0.18331598402814944	0
0.8663330078125	2611230	0.5748004843650971	0.5814446575684472	0.43109043996810725	25886	0.1352016521815537	0.1352016521815537	0
0.836181640625	909084	0.4765370968329765	0.4867346930110878	0.41664146883276704	25222	0.19456355247195745	0.19456355247195745	0
0.9267578125	1291486	0.4428186424120027	0.4525890543828075	0.40392154490543764	27772	0.14283170478434012	0.14283170478434012	0
0.8641357421875	1710280	0.5328737420128918	0.5390977662591134	0.4277721915960524	24616	0.13597343121580568	0.13597343121580568	0
0.9073486328125	1131226	0.40749744713389013	0.42030132080579286	0.40646476567918816	26146	0.138495333868036	0.138495333868036	0
0.85107421875	2023610	0.5106219951240166	0.5140907272611511	0.4420396650925027	25746	0.16439940629486727	0.16439940629486727	0
0.925537109375	2239454	0.5157223649445982	0.5221183001190826	0.43794397407472174	27066	0.15108935825038292	0.15108935825038292	0
0.8287353515625	2636374	0.4737818928961284	0.47573238290520076	0.4547284393355822	25096	0.11540179408297098	0.11540179408297098	0
0.880859375	1466902	0.5442471502894652	0.5543574658963458	0.4255883007291648	25792	0.15711622710253065	0.15711622710253065	0
0.925537109375	2167858	0.5268409586271584	0.5313373834493036	0.4462905306132781	29144	0.15392417603500932	0.15392417603500932	0
0.865966796875	1325220	0.5443908271277106	0.5545834481623272	0.4088219010574177	24652	0.1383837362974329	0.1383837362974329	0
0.8734130859375	1165250	0.5094743657344388	0.5188052316467571	0.4145291632425469	26118	0.13586644909219137	0.13586644909219137	0
0.9239501953125	2775532	0.6148512279795232	0.6191657010421608	0.43989271731910384	28568	0.1195017300521724	0.1195017300521724	0
0.895751953125	1300604	0.5125168916117776	0.5284292268122545	0.4188368927197486	26296	0.16589092031298816	0.16589092031298816	0
0.8883056640625	722624	0.43489695177155846	0.447319294163818	0.387762816573536	25086	0.17455701638106638	0.17455701638106638	0
0.8212890625	841558	0.44572729223324786	0.4551288567175545	0.4145355706369733	24014	0.1793459529998335	0.1793459529998335	0
0.955322265625	1911874	0.5102992010624324	0.5153653894398228	0.43072514697423103	29066	0.13460429751613595	0.13460429751613595	0
0.836181640625	1050382	0.38664508658230684	0.39776937911322047	0.42142296376003413	24340	0.14037363337872955	0.14037363337872955	0
0.85107421875	1695134	0.5250670997956594	0.5315392649447301	0.43352778548756793	26026	0.1996980239010017	0.1996980239010017	0
0.9180908203125	1096322	0.4801616618113007	0.48938340109337536	0.4177587253005591	26816	0.19953620345835432	0.19953620345835432	0
0.865966796875	1385004	0.520998555768413	0.5332666057464079	0.4054834838001171	25366	0.13268242339575556	0.13268242339575556	0
0.880859375	1133284	0.47502272649550675	0.48570292103381685	0.4105038809646577	25330	0.15129717939853346	0.15129717939853346	0
0.8780517578125	1435024	0.509646266104956	0.5186972480051861	0.4224374823114398	25668	0.17075609663825383	0.17075609663825383	0
0.8883056640625	800836	0.4962941878895117	0.5036541102115083	0.3886941458054103	25492	0.19006736394053667	0.19006736394053667	0
0.9329833984375	1793516	0.5925724800269939	0.5972020955413669	0.4373791817730102	27236	0.2005635487909441	0.2005635487909441	0
0.8883056640625	1820848	0.4516645442468361	0.4568267417940679	0.42540625069411986	27584	0.15201151426415185	0.15201151426415185	0
0.955322265625	1844340	0.5995045484695601	0.6047925751622872	0.42206265356555894	28394	0.13028289408349866	0.13028289408349866	0
0.8138427734375	1370974	0.503601741157436	0.5078561717804236	0.43599360321556085	24126	0.16222611236838066	0.16222611236838066	0
0.76171875	1380280	0.5289279333073867	0.531014730525038	0.44161469508458445	23986	0.17500581986060607	0.17500581986060607	0
0.9478759765625	1388946	0.5173298474401954	0.527928001530409	0.3933517584003638	26396	0.14842163945440334	0.14842163945440334	0
0.8287353515625	1948034	0.48150464470264254	0.4839757030647895	0.4474077709393062	25262	0.09147483147528011	0.09147483147528011	0
0.8734130859375	2801816	0.579772072851276	0.5835543368317565	0.4502566268978215	27034	0.15047596762092816	0.15047596762092816	0
0.776611328125	1003992	0.5349055063623707	0.5423680805478982	0.42520143260963866	21836	0.24081224597315518	0.24081224597315518	0
0.895751953125	1182892	0.5132239656065661	0.5199811281137462	0.42829115392542433	27054	0.207720562241085	0.207720562241085	0
0.9180908203125	2729720	0.5834966380494307	0.5884922967498146	0.44091167216578425	27708	0.16563830239853938	0.16563830239853938	0
0.8927001953125	1138350	0.46841228241193184	0.4789878829454344	0.41395874192251986	26536	0.1659897203602599	0.1659897203602599	0
0.806396484375	1016410	0.5124092154412684	0.5175776977617877	0.4176009510107997	23210	0.2090020890042924	0.2090020890042924	0
0.8331298828125	2014194	0.5922263193045735	0.5968646256966139	0.43975723408181516	24788	0.2032837222220819	0.2032837222220819	0
0.8585205078125	1512512	0.5499571446320705	0.5548673023230397	0.4444224298735521	25534	0.19046161962494898	0.19046161962494898	0
0.8282470703125	957860	0.43004739967510325	0.44259925194860106	0.4210610213035679	23878	0.13604465890916007	0.13604465890916007	0
0.8885498046875	1413950	0.51577914627161	0.523710139236862	0.42193564658461963	25966	0.16908360646828793	0.16908360646828793	0
0.8585205078125	1135862	0.4435655147060347	0.454938796380114	0.42214923138957605	25806	0.16354936963546862	0.16354936963546862	0
0.8585205078125	1067182	0.5156995556651968	0.5255731926211714	0.408044287772819	24768	0.1794623932130396	0.1794623932130396	0
0.9158935546875	2599812	0.4611492614292568	0.46525856494704415	0.4421613581063773	27202	0.09257986217045705	0.09257986217045705	0
0.9393310546875	3046684	0.5996755502637826	0.6010886027512051	0.43370359035198125	28100	0.12128470922633373	0.12128470922633373	0
0.861572265625	2030148	0.5238207855225757	0.5292683901481664	0.41986092769717304	25566	0.1309706944458294	0.1309706944458294	0
0.8868408203125	1401890	0.46735136596046956	0.4726071927533198	0.4355431919245798	25796	0.18584938093440295	0.18584938093440295	0
0.880859375	2054152	0.44626131854760515	0.45169558870648685	0.44448046716600964	26084	0.11990284686045638	0.11990284686045638	0
0.800537109375	778282	0.5219470781041377	0.5333097178299577	0.4266826675169437	23272	0.26125967886453155	0.26125967886453155	0
0.895751953125	1559206	0.49577836456952107	0.5049957826046129	0.4293717054408914	26450	0.1538911191599361	0.1538911191599361	0
0.925537109375	2678930	0.5449749578187567	0.5517763298260178	0.4331116019899659	28582	0.11196798984872226	0.11196798984872226	0
0.9359130859375	2902542	0.5282593913477466	0.5360799337379707	0.437381849165611	28458	0.11294305250773173	0.11294305250773173	0
0.8734130859375	2452284	0.5201782697875484	0.528969118198137	0.4322023943956384	25870	0.14242865643570643	0.14242865643570643	0
0.8585205078125	1138256	0.44621626265774683	0.45388864152650904	0.4323272632814283	25724	0.17073986256756557	0.17073986256756557	0
0.8936767578125	1373662	0.4619395583358779	0.4700102789373477	0.4224203155611063	25104	0.17209534420282094	0.17209534420282094	0
0.8212890625	1410976	0.5495349185483468	0.5526265411697155	0.43867828310162776	24176	0.19968378717986254	0.19968378717986254	0
0.8436279296875	1152868	0.43696411339298735	0.44788890722094116	0.43313605499105284	24570	0.15088599884263307	0.15088599884263307	0
0.9031982421875	1913102	0.5559048272818271	0.5614718106563498	0.43679233991644767	27488	0.14887015038741364	0.14887015038741364	0
0.895751953125	2269384	0.5347565569050846	0.538528236991163	0.44092020616278765	27518	0.17239719377143606	0.17239719377143606	0
0.888671875	1767668	0.6383572661538709	0.6433355458761546	0.4182421980442406	25268	0.192153381864992	0.192153381864992	0
0.836181640625	774626	0.4091764731031787	0.4205709778575521	0.4142000407878312	23692	0.1642470046550912	0.1642470046550912	0
0.806396484375	2867268	0.5777775572364152	0.5803538590981829	0.4447164793725233	24578	0.13106957678240158	0.13106957678240158	0
0.92578125	2815292	0.5354248757158687	0.5409989768189618	0.4350180923747983	27748	0.1287410906765347	0.1287410906765347	0
0.865966796875	1250386	0.5356857262772312	0.5424582623126705	0.43011075190226844	25524	0.20388105595201247	0.20388105595201247	0
0.776611328125	2314598	0.44106710520568965	0.4481535755705322	0.43528864807936035	23180	0.13719669847610255	0.13719669847610255	0
0.957275390625	1530754	0.5022336641960851	0.5079264427874163	0.4158607043764056	28294	0.1318935147943063	0.1318935147943063	0
0.881103515625	2469010	0.6078833394028669	0.6140526379850237	0.4361807551426284	25980	0.1678907932892508	0.1678907932892508	0
0.943603515625	2625104	0.5537580913468162	0.5585785325948572	0.44249707047580755	28762	0.19013045422447436	0.19013045422447436	0
0.8138427734375	1228952	0.6108875951060697	0.6148025274923863	0.42315900728343725	23142	0.24336900585417587	0.24336900585417587	0
0.8746337890625	1642232	0.5785406840763492	0.5858377693049058	0.42099204999635226	25760	0.17055785028400736	0.17055785028400736	0
0.918212890625	1491348	0.5071867528109301	0.5166157924176792	0.4239488589679777	27290	0.17830820675334733	0.17830820675334733	0
0.8734130859375	1199770	0.42312780859443694	0.43382736342336314	0.4362980900320939	25230	0.16688306931270724	0.16688306931270724	0
0.8438720703125	2643542	0.6210214613745245	0.6255358125615377	0.4459977486042364	25862	0.13159692167071552	0.13159692167071552	0
0.9300537109375	1503832	0.5899811645740242	0.5971200513174689	0.41649558457003355	26556	0.15503938622500132	0.15503938622500132	0
0.8734130859375	1113106	0.4909756253302946	0.4992465166891693	0.43031768540928644	26420	0.24470028509802963	0.24470028509802963	0
0.8355712890625	1606486	0.5484770008281729	0.5535470146462277	0.43675931656394046	25008	0.15540355279255402	0.15540355279255402	0
0.9329833984375	3819616	0.5705979863393299	0.57347617015694	0.44874586795549837	29146	0.12825340526734821	0.12825340526734821	0
0.806396484375	2240528	0.5573151290821435	0.5626583610625352	0.430718873128554	24116	0.20161386190422767	0.20161386190422767	0
0.8734130859375	1867464	0.5389171529151092	0.5458780452103512	0.42313168345151636	26186	0.1183713818933419	0.1183713818933419	0
0.8966064453125	1868808	0.5177642509534565	0.5220500420403992	0.4249582343323857	27064	0.13592381311943638	0.13592381311943638	0
0.836181640625	1170436	0.5049031230505896	0.510884564275007	0.41958890020310197	25006	0.17865991511309096	0.17865991511309096	0
0.8287353515625	1005224	0.4555500619795028	0.46524712522991335	0.41080597088745296	24806	0.13835704329343906	0.13835704329343906	0
0.8734130859375	744276	0.4685276743934439	0.47637512257929177	0.4008342450619509	25298	0.19422088369321	0.19422088369321	0
0.9478759765625	1144048	0.48490672555840425	0.49749313275364954	0.39003943402137414	26492	0.14588088961868934	0.14588088961868934	0
0.8143310546875	990354	0.4497611803158453	0.4591329797580915	0.40993575571095525	23700	0.1287695831169821	0.1287695831169821	0
0.92578125	978722	0.43069407864117965	0.44638619973936416	0.3887758758357969	26832	0.14167390750580433	0.14167390750580433	0
0.806396484375	1763864	0.561824530371035	0.5678364717411218	0.4505159914859107	24938	0.2048066585626046	0.2048066585626046	0
0.8883056640625	1949464	0.5314523409720944	0.5393710933463963	0.41058335252961536	26136	0.1292882617904862	0.1292882617904862	0
0.880859375	1494128	0.48947547211218995	0.49569063737345725	0.4240804954970307	25366	0.17972118904847514	0.17972118904847514	0
0.925537109375	1111446	0.5120066474643223	0.5223417427621605	0.39988538953804387	26810	0.1522162479818874	0.1522162479818874	0
0.8734130859375	959058	0.4180186633963021	0.42768382362520213	0.41662705882626233	25848	0.18089899548924956	0.18089899548924956	0
0.91064453125	3162130	0.5874317996231716	0.5901182135202631	0.4443599258681457	28126	0.14230913302517545	0.14230913302517545	0
0.8585205078125	1538810	0.5576859021293251	0.5626339450190047	0.430335430404256	25984	0.18254023533061667	0.18254023533061667	0
0.880859375	1729022	0.5331458353644866	0.5412712733160737	0.4413774798439069	26768	0.14987821625690884	0.14987821625690884	0
0.881103515625	1439512	0.5478597349418374	0.5561509486652741	0.42016418824459295	26390	0.159097328841451	0.159097328841451	0
0.925537109375	2028966	0.6194237445474372	0.6270917084003934	0.4177691512566384	27070	0.14754789644961228	0.14754789644961228	0
0.9031982421875	2669234	0.5229616411234362	0.5301216903684121	0.44596700192341304	27572	0.1320188250241927	0.1320188250241927	0
0.8585205078125	1547986	0.5075727550111463	0.5167137206175336	0.4256128625385769	25752	0.15584567321932544	0.15584567321932544	0
0.95751953125	1228224	0.5189826287218077	0.5271359100705529	0.4038653742868759	27738	0.1997881731560034	0.1997881731560034	0
0.8883056640625	1368966	0.5436962865421082	0.5518149922033779	0.40480995372831435	25446	0.1752384686615878	0.1752384686615878	0
0.925537109375	1213032	0.44150376824433063	0.4556902876500292	0.41080126308379245	27514	0.12906429476802625	0.12906429476802625	0
0.8585205078125	1332130	0.5122456606280804	0.5155987566489079	0.43819356558763806	25224	0.18913197291429162	0.18913197291429162	0
0.8951416015625	1540086	0.47049153729857235	0.47787619051330626	0.4413184732697413	27202	0.13337325644979572	0.13337325644979572	0
0.925537109375	1637784	0.4947221921657526	0.5012968318394185	0.4185181213088272	27840	0.14917720232766976	0.14917720232766976	0
0.865966796875	1842674	0.4690926209976484	0.4784718610945093	0.42364171261035716	26444	0.13438812360524963	0.13438812360524963	0
0.8883056640625	921114	0.4244462597152748	0.4301763348341088	0.41790761721016656	26342	0.18075454210949785	0.18075454210949785	0
0.881103515625	1664508	0.44270054409342424	0.45361157528295215	0.43892939087107224	27342	0.1275613274988097	0.1275613274988097	0
0.9180908203125	1811268	0.546005429507679	0.5533719836832088	0.4268957577206469	27510	0.1643589436485019	0.1643589436485019	0
0.836181640625	1892686	0.527648672544741	0.5317859703098855	0.44748537297152985	24682	0.15630352279387652	0.15630352279387652	0
0.91064453125	1145880	0.4445044998218129	0.4554864111288373	0.4073360845777682	27154	0.15533306679371886	0.15533306679371886	0
0.9403076171875	2441216	0.5119529371048871	0.5169984004471048	0.44330758044632	27928	0.13498719947431959	0.13498719947431959	0
0.9031982421875	3109242	0.5394876669188934	0.5425505163808515	0.4472199174713826	27522	0.11882728116593642	0.11882728116593642	0
0.908203125	1119556	0.5357585075979839	0.5455825746467803	0.4148738322671575	26624	0.2205794807275371	0.2205794807275371	0
0.9544677734375	1106082	0.46038779455945017	0.47063054939598276	0.4006871040015098	27490	0.15539655600100907	0.15539655600100907	0
0.8436279296875	1135502	0.3793608670909565	0.3866823609026198	0.41955135626529794	24386	0.15229748478852695	0.15229748478852695	0
0.8287353515625	2323912	0.5530278800702911	0.5567669421287712	0.4519283884877033	24608	0.1661141351508257	0.1661141351508257	0
0.8736572265625	1044906	0.5570014713448693	0.5672170122635493	0.40790616045284606	25118	0.18803802282517001	0.18803802282517001	0
0.897705078125	2553660	0.6035697234711511	0.6039417016140284	0.4565544915622495	27090	0.21483656189027353	0.21483656189027353	0
0.798095703125	2013538	0.5475999183884793	0.5512227897347101	0.4552758180787473	24362	0.14553793805783516	0.14553793805783516	0
0.81201171875	2413130	0.5880064673903959	0.5919486211888749	0.42816503273717393	24054	0.15282033310371845	0.15282033310371845	0
0.9287109375	2628114	0.589235525609355	0.5915979211909559	0.46222300217952356	28736	0.1611620756249372	0.1611620756249372	0
0.9031982421875	2056066	0.5383509365820304	0.5423903352890803	0.4258422438777796	26758	0.1486223380313724	0.1486223380313724	0
0.8984375	1270182	0.47248062745030817	0.4833529275960677	0.4206665637146399	27322	0.1383876934294771	0.1383876934294771	0
0.8734130859375	1470560	0.5091275584706884	0.5159505211836714	0.4207812183342068	25444	0.15203297730609058	0.15203297730609058	0
0.895751953125	2310978	0.5645135544103475	0.5686474664539624	0.4271870459999707	26610	0.1742756489272573	0.1742756489272573	0
0.9345703125	2070192	0.5575933127861503	0.562718987943792	0.43722455851896774	27824	0.13201632322705814	0.13201632322705814	0
0.8712158203125	2686962	0.6267319869575183	0.6279948030564518	0.44258369143702425	25954	0.1935290357662853	0.1935290357662853	0
0.880859375	1726598	0.5881578932879734	0.5920153149024955	0.4280504369892814	25550	0.16874475843593073	0.16874475843593073	0
0.84423828125	810628	0.3691942839853284	0.38419647704924453	0.3794470984266199	23908	0.16900324681889786	0.16900324681889786	0
0.9794921875	2550074	0.5434655514373617	0.554157014274627	0.40057268779352895	28762	0.11407457816338977	0.11407457816338977	0
0.82177734375	1037234	0.3734716086154988	0.3828544415803152	0.4237512068002143	24146	0.12021621906034125	0.12021621906034125	0
0.91357421875	2094348	0.5734729162321687	0.5793846371844164	0.4293496089023205	26532	0.20371822104470905	0.20371822104470905	0
0.8138427734375	2623182	0.5421851031710566	0.5435277413786507	0.45725115749449935	24492	0.2013727958901286	0.2013727958901286	0
0.822021484375	1419882	0.530396616442775	0.5398786690632008	0.41962756617316915	24752	0.1227263407069103	0.1227263407069103	0
0.836181640625	860832	0.5056101596713328	0.5159387568257338	0.3964736671334342	24260	0.22418436518124588	0.22418436518124588	0
0.895751953125	889590	0.4821458585143814	0.4920961227809597	0.41504392324567957	26466	0.20277730938734048	0.20277730938734048	0
0.8436279296875	1001736	0.5489063848369111	0.5591257317781863	0.4026215402889766	24676	0.21169164978147614	0.21169164978147614	0
0.925537109375	2550002	0.5768997331687868	0.5814229769445245	0.42790341976178997	27456	0.14057265918331063	0.14057265918331063	0
0.8212890625	1366424	0.49712506144365287	0.5058222041605187	0.43617823384271465	24272	0.17266061605557206	0.17266061605557206	0
0.836181640625	771578	0.5515051759237256	0.5592534325949042	0.4174983224405282	25210	0.2889568899907179	0.2889568899907179	0
0.900146484375	2078628	0.5525170345382658	0.5579676964561842	0.44446886552605536	27206	0.1314074265837656	0.1314074265837656	0
0.89599609375	2351436	0.5569854595581327	0.5589706123698389	0.4080581501832012	24978	0.13196223176643565	0.13196223176643565	0
0.8662109375	3818578	0.5667575538469961	0.5676152427125786	0.45645850318737596	26244	0.13622724219955523	0.13622724219955523	0
0.9478759765625	1247754	0.4567605997246483	0.46643307755280716	0.42398101820043926	28048	0.20474833023362252	0.20474833023362252	0
0.8970947265625	1121906	0.4935273024635882	0.5039937215567482	0.41444396948669565	26304	0.16355607977955855	0.16355607977955855	0
0.8515625	1739770	0.5006986336613443	0.5053814548307259	0.42538948041393615	25148	0.17766008495647903	0.17766008495647903	0
0.91064453125	1162312	0.4331022827102869	0.44674847497896386	0.4054544938744187	26148	0.15813564545206538	0.15813564545206538	0
0.909423828125	1781882	0.5099838931606049	0.5186725971282761	0.4332119741308273	26718	0.15067379728415967	0.15067379728415967	0
0.91064453125	2160752	0.4855760805802687	0.4923423056494565	0.43325007823819267	27750	0.10225821441836469	0.10225821441836469	0
0.91650390625	2525702	0.5212662793226845	0.5316046084407434	0.42316736495665813	27630	0.10327635822137408	0.10327635822137408	0
0.8017578125	1733430	0.5092815528089332	0.5134574299970508	0.4396689123139565	24430	0.17508774639734562	0.17508774639734562	0
0.85986328125	2801002	0.612802251347698	0.6155226124001513	0.4512368321359017	26118	0.1707192429486379	0.1707192429486379	0
0.925537109375	1823304	0.5301137826664385	0.5379128623270669	0.4075884564977826	27760	0.11391591000067482	0.11391591000067482	0
0.8883056640625	1183028	0.4247708616853028	0.43628394376058227	0.43181674134694564	26990	0.13289849632219658	0.13289849632219658	0
0.9031982421875	1494312	0.43678129286185313	0.44657584151365937	0.4324437755121848	26902	0.16517315932332535	0.16517315932332535	0
0.925537109375	1197752	0.5571545550558811	0.5656073176804055	0.40764746379148314	27632	0.18357758298486185	0.18357758298486185	0
0.880859375	2417062	0.5313313485218721	0.5370950320009282	0.4444985702607091	26376	0.16248792777281892	0.16248792777281892	0
0.8748779296875	3751652	0.5434331886313563	0.5481388599379948	0.4447939996156161	26352	0.11695904491329324	0.11695904491329324	0
0.807861328125	632892	0.49522329945565363	0.5041474855787978	0.3990418373762699	22948	0.2298213441809582	0.2298213441809582	0
0.9329833984375	1821690	0.5678175427746063	0.5744484922918586	0.4250334975960404	28298	0.1408496133268328	0.1408496133268328	0
0.9478759765625	1758478	0.4904833807327575	0.49766152463121927	0.43055224126473574	28254	0.1470245638013267	0.1470245638013267	0
0.949462890625	1084242	0.4885919820630215	0.5007918576146384	0.39915973292223966	26512	0.17537052177218057	0.17537052177218057	0
0.8287353515625	3691234	0.6389945112139577	0.6402927113002833	0.45586109808294145	25122	0.15324317002803448	0.15324317002803448	0
0.91064453125	1319740	0.5618691911534849	0.5693192669331141	0.4290258161190925	26980	0.21168962550010426	0.21168962550010426	0
0.85107421875	1388088	0.4993017766913481	0.5044969323744632	0.43838377231520936	25190	0.17623571240677952	0.17623571240677952	0
0.91064453125	1380034	0.49276236290302505	0.502836763859265	0.41369398115105166	26222	0.18309783410730385	0.18309783410730385	0
0.902099609375	1247936	0.527503177994788	0.5409176583261629	0.4200781999498848	26504	0.1901636122548017	0.1901636122548017	0
0.887939453125	1463738	0.5124024530900609	0.5198768923517886	0.42824499114801484	26582	0.13897368189095363	0.13897368189095363	0
0.9140625	2568060	0.5356288893449558	0.543597373549306	0.4390832924838795	27058	0.13325246262403923	0.13325246262403923	0
0.8577880859375	2456114	0.4905453414065624	0.494882178640004	0.4388258663593274	25806	0.1550440672053351	0.1550440672053351	0
0.76171875	1369160	0.5525654999442186	0.5601221426010311	0.43972921144605687	22148	0.24079707111200657	0.24079707111200657	0
0.91552734375	2228942	0.5607238056166903	0.5694957595191076	0.4255371662745678	27222	0.1904682879225914	0.1904682879225914	0
0.8369140625	835836	0.4217335834304517	0.4280177334949106	0.4068341515512848	23884	0.17857572935207902	0.17857572935207902	0
0.9404296875	1185740	0.46187600890841624	0.4692195273274902	0.41355767420877815	27480	0.16961754242412538	0.16961754242412538	0
0.7437744140625	1320800	0.48112169659517917	0.4853149321258068	0.42796640643285816	22454	0.2041947275014527	0.2041947275014527	0
0.79150390625	1292162	0.5270111138907089	0.532993094658925	0.42845555471833857	23388	0.18993996420966117	0.18993996420966117	0
0.8734130859375	1274834	0.5348553599174258	0.5403497088715671	0.42866677543977477	25318	0.2533050336607871	0.2533050336607871	0
0.8515625	1677838	0.5917156469278823	0.5994254111040676	0.41385979149213953	25128	0.1944150148014845	0.1944150148014845	0
0.79150390625	1017088	0.4865541600930631	0.4931593737725548	0.4184681845380671	22820	0.20329098200092263	0.20329098200092263	0
0.959716796875	1691032	0.557290806398742	0.5643790163693624	0.42387588146059096	29052	0.1902368283005471	0.1902368283005471	0
0.8212890625	1706174	0.4914474934022716	0.49754910806588937	0.4421029777478091	25472	0.14436869557521073	0.14436869557521073	0
0.836181640625	689158	0.375364880924489	0.3840594244522551	0.4049723440118644	24064	0.14777504900429878	0.14777504900429878	0
0.865966796875	1024138	0.5711049612179867	0.5785816800957203	0.4113926758120718	24816	0.22811675982584786	0.22811675982584786	0
0.7989501953125	1694342	0.5416607431193131	0.5446408309696974	0.44060341882556614	24182	0.2009429240241064	0.2009429240241064	0
0.8585205078125	1162256	0.5004337871101286	0.5093824902260778	0.43337144514878384	25624	0.20616969755620232	0.20616969755620232	0
0.83642578125	1100722	0.4175789614424615	0.42665334500755914	0.4170742242789907	24418	0.14433306317518882	0.14433306317518882	0
0.9404296875	2781432	0.590400053277351	0.5947649140815094	0.4172533319488918	28210	0.14697153813488037	0.14697153813488037	0
0.9224853515625	1389354	0.491326009243723	0.49856685140869333	0.42450823329029724	26600	0.14628322156968646	0.14628322156968646	0
0.943359375	1370546	0.49813265729360906	0.5054011319628314	0.4252153573102297	26926	0.16293390209623623	0.16293390209623623	0
0.8212890625	829400	0.36417704283967917	0.37232184809727326	0.42185431098287623	24304	0.19333829824453555	0.19333829824453555	0
0.8509521484375	2047470	0.5200496380249064	0.5248027703869478	0.42980600773704686	24828	0.13156956304665687	0.13156956304665687	0
0.9404296875	1085672	0.5627201585489477	0.5731447492513518	0.38504091263135626	26812	0.18754760803443735	0.18754760803443735	0
0.9141845703125	2059384	0.5111521722948068	0.5168491170150741	0.4401503467978314	27188	0.14611297802435644	0.14611297802435644	0
0.806396484375	1381416	0.41828557938088223	0.4244506078977428	0.4391564091880167	24538	0.16982462488476657	0.16982462488476657	0
0.8140869140625	1097726	0.4749252513613367	0.4810082121463049	0.4207692725503094	24182	0.18611875204464834	0.18611875204464834	0
0.880859375	1413288	0.500846968016344	0.5067229571717555	0.4226906308264777	26032	0.16740447079877388	0.16740447079877388	0
0.838623046875	1058396	0.47189732971432	0.4783067187686114	0.4022513738372407	24692	0.15665975157222875	0.15665975157222875	0
0.9404296875	1735596	0.5230436271380381	0.5296943237928787	0.4231478155577968	27828	0.18306685823267896	0.18306685823267896	0
0.7691650390625	1332674	0.5068432703899904	0.5093261662321125	0.4430509642511466	23096	0.16877866618187934	0.16877866618187934	0
0.917724609375	1111650	0.5110353111295739	0.5199035753108395	0.4108291740929535	25854	0.16699044522705334	0.16699044522705334	0
0.8599853515625	896814	0.5137648441784078	0.520403638684304	0.41227839563776825	24744	0.20827586584646518	0.20827586584646518	0
0.9031982421875	1443844	0.4774619988390795	0.4879829154388497	0.4122363104013686	25768	0.1551336079919564	0.1551336079919564	0
0.81005859375	1442468	0.5119789289142784	0.5164144074651148	0.43592864031770984	24118	0.17923116563244815	0.17923116563244815	0
0.746826171875	1204510	0.5466682598251681	0.5513814313003663	0.42842511287849044	22148	0.20451283045007365	0.20451283045007365	0
0.9180908203125	2100948	0.5449764357507497	0.5477335225297187	0.4429988452988524	27838	0.1740601344913202	0.1740601344913202	0
0.8953857421875	2771020	0.5057801635722114	0.5092275328892365	0.45339383143080636	27710	0.10804127669512244	0.10804127669512244	0
0.9114990234375	2540136	0.4945573732912993	0.5032850162994951	0.42390762484564104	27976	0.1203604850131536	0.1203604850131536	0
0.86474609375	2560712	0.5259935900439123	0.5306844970685766	0.4555531173546106	26022	0.16033338177060938	0.16033338177060938	0
0.8734130859375	3435648	0.5958625715975988	0.5994642509928746	0.4321150165690362	25732	0.1407839203748343	0.1407839203748343	0
0.91064453125	1722174	0.5591689766662516	0.5658089556233254	0.4243736693521683	26478	0.16682022812846906	0.16682022812846906	0
0.92578125	2492360	0.5636550043416135	0.57095295469473	0.4373768761745831	28204	0.12663937925503577	0.12663937925503577	0
0.8729248046875	1299808	0.48936180848961924	0.4976043900744058	0.42721317142218446	26302	0.17189302008145868	0.17189302008145868	0
0.925537109375	1467714	0.47286928812011686	0.4801832665368358	0.4264609262948604	26750	0.15645440762673668	0.15645440762673668	0
0.9315185546875	1786456	0.5102053295327313	0.517995284667638	0.4370663276868035	28102	0.17560772725099663	0.17560772725099663	0
0.955322265625	1853196	0.48264228530914394	0.4888333666645435	0.432428711406331	28396	0.13791115848495597	0.13791115848495597	0
0.88037109375	1257242	0.41521613449338185	0.41949869802472245	0.4366759020995457	26734	0.17604633540133974	0.17604633540133974	0
0.83642578125	742804	0.4340289392779541	0.44654880868489344	0.39143398574801797	23404	0.16216764110450446	0.16216764110450446	0
0.9404296875	2674086	0.5408818690287349	0.5470619125185904	0.43194574712860323	28506	0.14162491468436794	0.14162491468436794	0
0.8515625	3817340	0.5749449862893766	0.5773506689671574	0.43993101987032973	26300	0.10830501276004288	0.10830501276004288	0
0.9404296875	849074	0.5059492177025449	0.5188697041707141	0.38707892462410265	26426	0.19279717306726227	0.19279717306726227	0
0.947509765625	2555326	0.5415154634255345	0.5490817614198359	0.4328336983513183	28798	0.1285768437300858	0.1285768437300858	0
0.806396484375	1073556	0.39068336789558683	0.39816022233091236	0.4277095285830939	23924	0.1263652624109756	0.1263652624109756	0
0.9180908203125	2716052	0.6241929824204254	0.6298467739106085	0.44121640131328155	27542	0.16632542153711363	0.16632542153711363	0
0.902587890625	4211962	0.5544383652857366	0.5550486143280898	0.4375734389873291	27338	0.09485198977244426	0.09485198977244426	0
0.9404296875	2192232	0.5527127631072489	0.5565798593106609	0.4093023827280082	27684	0.16409041886582423	0.16409041886582423	0
0.9293212890625	1825282	0.5049347591969611	0.5103686598491598	0.42989227409646363	28076	0.1595590122181661	0.1595590122181661	0
0.8734130859375	1094764	0.4702903051491771	0.4772041770547986	0.4230761182969373	25648	0.18184452033466428	0.18184452033466428	0
0.9180908203125	1003086	0.4737812065903495	0.4850906852483392	0.41350147095124706	25858	0.20875221105716624	0.20875221105716624	0
0.836181640625	1576818	0.5621669688679294	0.5701514609317674	0.4094325480240708	23980	0.17059864301293334	0.17059864301293334	0
0.9329833984375	2457132	0.5749426804599961	0.5823836350573489	0.4231621084727204	27844	0.12482159262807528	0.12482159262807528	0
0.8143310546875	2722910	0.5095635788224196	0.5147621692750256	0.4376032769904104	24302	0.1045661089930119	0.1045661089930119	0
0.91064453125	1161028	0.48093697627260434	0.4912449291841489	0.41512434513699376	26718	0.19502856787349046	0.19502856787349046	0
0.9329833984375	1827376	0.5508786552874411	0.5573743591881206	0.4332011296177963	28112	0.1760694778053855	0.1760694778053855	0
0.9415283203125	1155932	0.5129352619406421	0.5243939292384611	0.39026213687650063	27014	0.17129472059738668	0.17129472059738668	0
0.8489990234375	2664154	0.5622153843296384	0.5675251020383978	0.4430070383136607	25516	0.11815811948786831	0.11815811948786831	0
0.895751953125	1529078	0.48136262427792054	0.49047625821960783	0.39746476969434935	26602	0.129311245541056	0.129311245541056	0
0.8841552734375	2199760	0.5577345134928081	0.5632321158439797	0.42721291177672716	26532	0.1721364624947975	0.1721364624947975	0
0.9078369140625	2802380	0.5413565622406097	0.5477546120170825	0.43215925089782786	27210	0.11681271262370768	0.11681271262370768	0
0.8138427734375	1745824	0.5979290425938294	0.6046466755222951	0.43747360969271926	24558	0.20008611419239605	0.20008611419239605	0
0.806396484375	1149104	0.4470575384858517	0.45396904661584164	0.4299880002356596	24304	0.13761329544650805	0.13761329544650805	0
0.9180908203125	2126388	0.5505900818910802	0.5536667294979721	0.4491093100492379	27330	0.17078993870772774	0.17078993870772774	0
0.9088134765625	2143138	0.530399056741512	0.5402132945701557	0.41005913857140547	26578	0.1340023172561133	0.1340023172561133	0
0.86865234375	2481892	0.49055048702786	0.49788026972338323	0.4518204053322012	26150	0.12828419657868215	0.12828419657868215	0
0.8436279296875	1078638	0.45110371782302355	0.45963248539833107	0.42263240334000013	24842	0.17481583771266473	0.17481583771266473	0
0.95556640625	1211388	0.49296618168851	0.5075636703076873	0.4075369295250641	28370	0.14325264455744854	0.14325264455744854	0
0.8970947265625	4213402	0.5893029943870721	0.5912611103545775	0.45866977389019853	27008	0.10943806822350542	0.10943806822350542	0
0.865966796875	936854	0.4781096500976507	0.4886722785640429	0.4043691960345059	24346	0.18205643264386182	0.18205643264386182	0
0.880859375	1795890	0.5891843164548243	0.5952746460107091	0.4424901038524925	26496	0.20862740883215705	0.20862740883215705	0
0.912109375	2731120	0.6030921348417219	0.6115289749034913	0.4255405511131098	27444	0.1587811443525307	0.1587811443525307	0
0.8734130859375	1277628	0.5163816491040487	0.5227273746286596	0.42942474239354217	25632	0.16620484858397958	0.16620484858397958	0
0.8524169921875	1127518	0.49687678554169573	0.5065732272058864	0.42713900077649747	25526	0.20785460733764605	0.20785460733764605	0
0.865966796875	1132410	0.45264699022871	0.458810086042603	0.4093329347275863	25358	0.17275596802884485	0.17275596802884485	0
0.865966796875	1276648	0.5258571062446599	0.5324307938252155	0.4223601405695194	25740	0.19058153480922468	0.19058153480922468	0
0.88623046875	1487642	0.5209289890007113	0.5297945692624199	0.4174071261809138	26590	0.19575132345304744	0.19575132345304744	0
0.85107421875	1037346	0.47884321217776415	0.4860331062427537	0.4219316558013237	24778	0.18217175495849988	0.18217175495849988	0
0.836181640625	1042278	0.5368734742065325	0.5441331165410103	0.41709847677674855	24440	0.23969534822512417	0.23969534822512417	0
0.865966796875	1328582	0.44036802555309934	0.4466897340328189	0.43088686497568857	27066	0.1664976084415651	0.1664976084415651	0
0.8643798828125	1537820	0.4564477497092027	0.4638957553245557	0.4414636907252531	25306	0.13990990285646357	0.13990990285646357	0
0.9765625	1220596	0.4915566798459449	0.5011938422360579	0.41179165361629627	29108	0.1833855333774834	0.1833855333774834	0
0.9425048828125	2842932	0.5448676357777301	0.5515304265510268	0.4291094772492258	28452	0.12172997378091609	0.12172997378091609	0
0.880859375	1421324	0.48148910020027275	0.489998551067943	0.41250306136000287	24586	0.16677015437028622	0.16677015437028622	0
0.8787841796875	2557818	0.5024640996785833	0.5087362955063461	0.45610078633867607	26702	0.11148723013805956	0.11148723013805956	0
0.85107421875	901104	0.5140816135931122	0.523772726527073	0.42451989185310707	25524	0.222193821136341	0.222193821136341	0
0.8734130859375	795362	0.41989123763145625	0.43196519903264113	0.38986874551458134	25654	0.12633045273097948	0.12633045273097948	0
0.91064453125	2183884	0.5556443528981708	0.5615527653986886	0.45214883881691037	27436	0.13733212894528815	0.13733212894528815	0
0.91943359375	2240252	0.5254594896328256	0.5324235130504565	0.431656457558859	27732	0.18613028463116868	0.18613028463116868	0
0.8585205078125	1498076	0.5016369445629568	0.5087001729193682	0.4148522950932094	25358	0.14942259254608106	0.14942259254608106	0
0.89599609375	1127248	0.5744914002490746	0.5794032725343581	0.4172659585618405	26432	0.2132553453392013	0.2132553453392013	0
0.9090576171875	2284660	0.587017662731827	0.5895740037394083	0.43096023161456576	27160	0.19068433106033733	0.19068433106033733	0
0.8812255859375	1728074	0.5814633008223112	0.5859969954705185	0.4281219738014031	26478	0.15970187014154275	0.15970187014154275	0
0.8212890625	769574	0.43558429043128727	0.44417915080293624	0.4161724635110346	24170	0.18143734404643275	0.18143734404643275	0
0.8892822265625	1350592	0.5319420233469402	0.5411684902773902	0.4209386090427612	25806	0.19587485913961974	0.19587485913961974	0
0.9405517578125	1793994	0.5846236596740786	0.592638611293993	0.4150320175864284	27752	0.14933262948470655	0.14933262948470655	0
0.925537109375	1127302	0.5524320909709907	0.5607893626981938	0.4208992816076018	26578	0.2177020809336602	0.2177020809336602	0
0.9791259765625	2105636	0.5933712779967014	0.5989208307143364	0.412984240042736	28870	0.1646127964409373	0.1646127964409373	0
0.732666015625	641888	0.539348042321301	0.5457563007634826	0.3993677698529421	21200	0.26035037205693223	0.26035037205693223	0
0.9478759765625	2579456	0.5649513611065761	0.5731611113695979	0.4291683228599599	28326	0.12202014167385734	0.12202014167385734	0
0.9031982421875	1488576	0.4589548565164078	0.46424487314410806	0.4455226475836083	26918	0.1753975786690901	0.1753975786690901	0
0.880859375	1174148	0.492817806472704	0.5001323406390454	0.42940987087581	26478	0.1976193702613932	0.1976193702613932	0
0.83642578125	1937450	0.5786143330678247	0.580929773307824	0.44582839763066745	25244	0.18440968352608203	0.18440968352608203	0
0.9150390625	1535940	0.4545225697696078	0.4628435362863375	0.4358620030652201	27858	0.15364151239302618	0.15364151239302618	0
0.8961181640625	1387888	0.48148228670011384	0.4898675779110886	0.418849239202362	26882	0.12296544447557939	0.12296544447557939	0
0.9105224609375	1468966	0.5406452536416465	0.548086175783816	0.4203478776518861	26864	0.18520956039749928	0.18520956039749928	0
0.8138427734375	909710	0.5011341580337911	0.5094396747451012	0.41279441441915127	23446	0.20428844343950228	0.20428844343950228	0
0.8812255859375	990356	0.4425282624413987	0.4534553805116368	0.41487474487508447	25844	0.20158142846448404	0.20158142846448404	0
0.8585205078125	1271694	0.49560750852552965	0.5031135410129494	0.43003341217825186	25616	0.1630759085726378	0.1630759085726378	0
0.8585205078125	1178644	0.42697377762810046	0.4342077777188358	0.42223279534479796	24690	0.14074642437673537	0.14074642437673537	0
0.8287353515625	1135742	0.45633427165474316	0.463801831376244	0.4223908228883075	24272	0.16750068631320206	0.16750068631320206	0
0.7711181640625	1693314	0.49224645075678203	0.49808822709067285	0.43346787697416206	22326	0.14287189419581486	0.14287189419581486	0
0.908203125	1847442	0.5022202915504268	0.5077130447166641	0.4476950467466198	27556	0.1673427022662213	0.1673427022662213	0
0.8883056640625	861974	0.40855177354805844	0.42134638605870695	0.40276910588682163	26014	0.19749157360834582	0.19749157360834582	0
0.8734130859375	1118080	0.4269137784374452	0.4372359332538774	0.4128680761717362	25296	0.13264401912337562	0.13264401912337562	0
0.836181640625	1399548	0.5021822599765468	0.506835220915101	0.4344524156394219	25672	0.16790609110109866	0.16790609110109866	0
0.8436279296875	1045854	0.47269105993719746	0.47825318270612865	0.42716503826945057	25196	0.20456778971947495	0.20456778971947495	0
0.9117431640625	1419712	0.5422185580573884	0.5488477934400967	0.4259287218251053	27558	0.17774372328821067	0.17774372328821067	0
0.8885498046875	796996	0.42175725463547103	0.4370221455307672	0.37896893934126047	24712	0.17005377996813653	0.17005377996813653	0
0.8515625	2494598	0.5500690708126612	0.5563112558420397	0.41802943425300865	25358	0.1661299677319776	0.1661299677319776	0
0.9180908203125	933774	0.44208031425316685	0.4566437105291054	0.41448148117052064	27392	0.18885599560865932	0.18885599560865932	0
0.9031982421875	2282100	0.5729747407216309	0.5766855248550173	0.4358642876011772	27114	0.18129514372852104	0.18129514372852104	0
0.880859375	2672264	0.5990744006094358	0.6013107939300828	0.4423030042950138	25672	0.17954398069885488	0.17954398069885488	0
0.8138427734375	935928	0.445115322117923	0.45561409226959615	0.42403275591185313	23506	0.2282337778840147	0.2282337778840147	0
0.8734130859375	718248	0.5208046391690807	0.5320081007121246	0.3918227832364903	24380	0.25448891709047156	0.25448891709047156	0
0.8585205078125	1348606	0.5546217849506393	0.5612471677716423	0.41662889223864363	24370	0.1735875625907186	0.1735875625907186	0
0.79150390625	1415192	0.49533141382639917	0.4986249845298758	0.43613588487786187	23360	0.16797731345273326	0.16797731345273326	0
0.840576171875	1822956	0.5562405542628546	0.5603762608011023	0.44142066687035414	25624	0.188435710889393	0.188435710889393	0
0.836181640625	1902224	0.487443398772573	0.49207909220871454	0.4352335926617657	25164	0.19588256280336594	0.19588256280336594	0
0.912109375	1465720	0.5291231801810736	0.5358204091894047	0.42431798239655033	26606	0.17293911668068587	0.17293911668068587	0
0.91064453125	996240	0.48821058063271816	0.49883351672302245	0.4147367542245999	25784	0.2028228046263242	0.2028228046263242	0
0.919677734375	1356444	0.5428856060747144	0.5501763805089585	0.4159985771419376	27036	0.17298359231014362	0.17298359231014362	0
0.925537109375	1276494	0.5370820025010291	0.5441429052987573	0.42245174222094856	26566	0.17585200531543263	0.17585200531543263	0
0.806396484375	1425662	0.4769017020870578	0.4818184943662032	0.43898622484312727	24868	0.15334708542485473	0.15334708542485473	0
0.8883056640625	891840	0.4849303166229055	0.49224169117127864	0.4207744827924644	25594	0.22279060542275583	0.22279060542275583	0
0.9383544921875	2719976	0.5997474049970455	0.6023286640393554	0.43928728224472446	28130	0.13115040037623663	0.13115040037623663	0
0.9404296875	1581108	0.5157390097688299	0.5261234583750113	0.4139408641189884	28762	0.11845558162878284	0.11845558162878284	0
0.925537109375	974252	0.5122822347879107	0.5218168636535125	0.4097098067604909	27224	0.22401681045277	0.22401681045277	0
0.91064453125	2842244	0.6121956525572753	0.6192028756590294	0.4162470938329605	26890	0.12953227986074706	0.12953227986074706	0
0.897216796875	1228946	0.4257418546331566	0.4368010315668487	0.41467359231917295	26538	0.11676072796239349	0.11676072796239349	0
0.9576416015625	2113374	0.596615301335152	0.6002541160502822	0.436345690351775	28490	0.1761649344438371	0.1761649344438371	0
0.79150390625	1670746	0.5510551402923561	0.5578989898722584	0.4412916641772644	22914	0.18088893055209984	0.18088893055209984	0
0.7398681640625	1963006	0.5049831362917415	0.5090118520627236	0.410089036952717	20836	0.11819837011732952	0.11819837011732952	0
0.8138427734375	612436	0.4232017219029986	0.43460231252428033	0.39813324451791915	23172	0.19392576152853794	0.19392576152853794	0
0.8287353515625	1118476	0.42638223865769076	0.43288110633356963	0.4305008534952221	24892	0.15998751175088385	0.15998751175088385	0
0.8887939453125	2290890	0.5690567740818354	0.5758339406398175	0.4267581308876573	27418	0.14059217045833375	0.14059217045833375	0
0.881103515625	996828	0.4915071153489323	0.5071747353561703	0.3947402105437566	25198	0.18388610747433995	0.18388610747433995	0
0.925537109375	3824296	0.5566640605184819	0.5640615140893102	0.4345576894799788	27954	0.09596545667196904	0.09596545667196904	0
0.9259033203125	3139060	0.5899878959550618	0.5938169144193212	0.454544900349603	28380	0.14228798251331334	0.14228798251331334	0
0.91064453125	1560964	0.5574718049314967	0.560155228661593	0.4453541858795312	27546	0.17658961225077074	0.17658961225077074	0
0.8985595703125	3069466	0.5278084643021806	0.5333448744159409	0.44754611917440307	26716	0.1290304492542548	0.1290304492542548	0
0.73193359375	1246892	0.510912751004826	0.513323815442995	0.42249015261951334	21670	0.20951333567505356	0.20951333567505356	0
0.6708984375	1271928	0.4612830779263124	0.46343170223226227	0.4453099982332947	20672	0.2052864827182496	0.2052864827182496	0
0.906005859375	3062242	0.5516049327638887	0.5538554755837948	0.44395563264910215	28096	0.11783591289206269	0.11783591289206269	0
0.8287353515625	2627048	0.557363425434382	0.5592697367053692	0.4503481937378447	24756	0.17431394639093042	0.17431394639093042	0
0.9249267578125	2528138	0.5871683531283864	0.5927137850858322	0.42863300698045675	27676	0.1394653190679974	0.1394653190679974	0
0.9210205078125	2214644	0.5842434733626564	0.5904588234890716	0.42717657771725115	27006	0.1857889723393981	0.1857889723393981	0
0.8138427734375	787802	0.45291149329030467	0.4647406980160349	0.4163955686089796	23564	0.22560086731644036	0.22560086731644036	0
0.9180908203125	2038826	0.5402726672347126	0.5432925220721083	0.4377980538195935	27710	0.13114801697512368	0.13114801697512368	0
0.8177490234375	1450936	0.4309007989265405	0.4387536473811095	0.4149520754950276	24108	0.11388226185313129	0.11388226185313129	0
0.92724609375	2734682	0.5175047043919058	0.5239932137448732	0.44476156590248955	28232	0.1382452669195115	0.1382452669195115	0
0.95263671875	1227658	0.5286446192972539	0.5403327411015344	0.41094972809921276	27784	0.19204928377289351	0.19204928377289351	0
0.940673828125	1014140	0.49344289652456874	0.5057744530083564	0.3937968783958415	27386	0.19310337843540012	0.19310337843540012	0
0.9183349609375	2828360	0.6113976887209097	0.6153391383734225	0.43883686713539444	27586	0.14486621875507497	0.14486621875507497	0
0.9404296875	1473328	0.529866089631997	0.5402981444584378	0.4209953648148332	27908	0.13963241567327236	0.13963241567327236	0
0.8734130859375	1141172	0.45712074878556214	0.46611417662401106	0.4262176242984774	25612	0.15860298015635996	0.15860298015635996	0
0.89599609375	1972188	0.47017982777216144	0.47632741556048835	0.4254388289698636	26610	0.12342934776218971	0.12342934776218971	0
0.97021484375	1072114	0.4949406746882099	0.5060693937366169	0.390952032928702	28068	0.16258102086309545	0.16258102086309545	0
0.925537109375	2024228	0.5844833777578449	0.587727948660376	0.4480741691211703	27674	0.19842572787012278	0.19842572787012278	0
0.9132080078125	2232068	0.5122891582157089	0.5204932668064725	0.41575701534390547	27110	0.13285401499635233	0.13285401499635233	0
0.836181640625	1384092	0.5568805187365625	0.5625103927455671	0.4343936837986419	25124	0.20390573945698787	0.20390573945698787	0
0.895751953125	1533702	0.5733146811664034	0.5796019488009514	0.42962523590681173	26584	0.16855172093310986	0.16855172093310986	0
0.8885498046875	1359478	0.5837502451261404	0.5871503412712125	0.41294872138006594	26134	0.20618354858809115	0.20618354858809115	0
0.895751953125	1131308	0.5262143326240866	0.5346183214426802	0.4239393398949655	26260	0.2306695674687703	0.2306695674687703	0
0.925537109375	2438322	0.5560217945174419	0.5649065021822955	0.41846676632105145	27366	0.14396814403208966	0.14396814403208966	0
0.8212890625	713454	0.5053496568033563	0.5181952844214205	0.38404990961038193	23234	0.24942707148028184	0.24942707148028184	0
0.925537109375	849740	0.3999026134091915	0.41553919652675003	0.37209989758080786	26468	0.14770779743075232	0.14770779743075232	0
0.91064453125	747648	0.5263868867526443	0.5371873670545321	0.3852867313296456	25968	0.22569939713203532	0.22569939713203532	0
0.8763427734375	1537528	0.5261778843830368	0.5307903697053322	0.4226005361779481	25624	0.16365817360964763	0.16365817360964763	0
0.85546875	2754986	0.60188654765171	0.6037958340108353	0.4602155726200868	25574	0.16559711180224462	0.16559711180224462	0
0.827880859375	3475398	0.5825247738294776	0.5858497223487424	0.4574142815410949	25756	0.1531082730518238	0.1531082730518238	0
0.8082275390625	1278400	0.528265478799166	0.5328441065924018	0.42862110451273444	23800	0.17978063144621545	0.17978063144621545	0
0.9488525390625	1613200	0.5284944586491312	0.5381695909094618	0.420498552018199	29026	0.1688035632504	0.1688035632504	0
0.8138427734375	2312408	0.52625726668523	0.5291157317112326	0.444325088990648	24046	0.15178176000190802	0.15178176000190802	0
0.8740234375	2125162	0.48600674407379363	0.4929011106316503	0.43027531153883625	25956	0.14205003836344474	0.14205003836344474	0
0.91064453125	1523990	0.47169931807446314	0.48085198776527055	0.4299837565784856	26860	0.1526706460676921	0.1526706460676921	0
0.9478759765625	1534186	0.5214137062113992	0.5291942586077012	0.42655966546970386	28032	0.17845285144239742	0.17845285144239742	0
0.89013671875	2602830	0.5195118933386794	0.5279666614951891	0.42637490486305585	27352	0.10637195489513657	0.10637195489513657	0
0.9031982421875	1768654	0.5223738544071465	0.5246471629149221	0.4437580500540261	26396	0.1858775673355257	0.1858775673355257	0
0.836181640625	2463918	0.6176700634762664	0.6212865529273918	0.4423954253843198	25548	0.19510982077202613	0.19510982077202613	0
0.895751953125	1634374	0.5447683064816684	0.5517715684481256	0.4373283866325168	27416	0.1798538898600038	0.1798538898600038	0
0.91064453125	1643108	0.5123531906382237	0.5197813531360125	0.4323379873235773	27402	0.1670855977910337	0.1670855977910337	0
0.8883056640625	1443718	0.5196404447358928	0.5294560242916186	0.4172727363313858	25954	0.18165227976962053	0.18165227976962053	0
0.880859375	1432594	0.424624140475696	0.430294403512155	0.43670533647793147	26234	0.1316535862291863	0.1316535862291863	0
0.8585205078125	845508	0.41838525133464727	0.4306517929668865	0.4084182071434786	24670	0.18195365565343322	0.18195365565343322	0
0.85107421875	2379038	0.5306178189944922	0.534883081300845	0.4222223698767975	24892	0.1400984696030417	0.1400984696030417	0
0.8812255859375	2817368	0.5659364687548866	0.5733425465017973	0.40954018445600776	26218	0.1202254667120037	0.1202254667120037	0
0.925537109375	1178210	0.4719645929903431	0.47900948063056453	0.42460192803572044	27710	0.19596438876783243	0.19596438876783243	0
0.84521484375	2041314	0.5783465740629214	0.583885501618768	0.4478079845790335	26018	0.16935247476820728	0.16935247476820728	0
0.895751953125	1045030	0.44282551392493624	0.4525828052323952	0.4230625633529832	25796	0.2139613997206511	0.2139613997206511	0
0.85107421875	1447120	0.5782976814822104	0.5832811438603658	0.4226032498936268	25704	0.1764685552349647	0.1764685552349647	0
0.895751953125	1497432	0.5582009545122557	0.5662730225480508	0.4325923919552644	27212	0.2150921842961511	0.2150921842961511	0
0.8883056640625	1645146	0.43290479116876873	0.4407253664869423	0.41710430354169176	26222	0.10978148815614537	0.10978148815614537	0
0.8587646484375	1131368	0.4966167108176636	0.5060324143374034	0.4222667019288018	24860	0.17845059976190603	0.17845059976190603	0
0.9031982421875	1760904	0.5616876334524664	0.5683247308795879	0.4093237750202663	25974	0.14865087399011206	0.14865087399011206	0
0.8585205078125	1160524	0.4370433146231278	0.4449041340543156	0.39581898500975443	24060	0.1472734486184908	0.1472734486184908	0
0.8436279296875	2644184	0.563590559789189	0.5671725844599692	0.44468024175204685	26370	0.1707507642968786	0.1707507642968786	0
0.895751953125	2067062	0.5829180029089424	0.5904249756259009	0.43433741098839135	26774	0.14226561977132698	0.14226561977132698	0
0.8212890625	2586374	0.5345806193429317	0.5386435291775326	0.4469252440506513	24782	0.1994700800587943	0.1994700800587943	0
0.8138427734375	1049138	0.3737725282946481	0.3853722058203349	0.4168890581319438	24134	0.095162891525851	0.095162891525851	0
0.85107421875	785620	0.4078355785619387	0.41866316373203416	0.4117858947692445	24704	0.1866993903763725	0.1866993903763725	0
0.8238525390625	1139150	0.5088042820977484	0.5194438351224767	0.41526692775452284	24874	0.17409845398716184	0.17409845398716184	0
0.8883056640625	1050604	0.44910334720340644	0.4583112110792771	0.41684284893351276	26354	0.16811011781321428	0.16811011781321428	0
0.910888671875	1512424	0.5183456093806534	0.5267334045651448	0.4300858026189149	26454	0.15028282495779435	0.15028282495779435	0
0.806396484375	702158	0.42190667125547443	0.42956117430678126	0.40984906103812846	23190	0.20989940455853418	0.20989940455853418	0
0.8245849609375	1135486	0.5176361590102986	0.5245067143048119	0.40840650149109453	24730	0.1655524357053377	0.1655524357053377	0
0.8662109375	1084936	0.4946242903240629	0.4999574071826221	0.3967843283994259	24942	0.16441101847054865	0.16441101847054865	0
0.919677734375	1168138	0.49139681743857627	0.5012842689529621	0.42003682021947336	27200	0.16123544217908506	0.16123544217908506	0
0.91064453125	3357764	0.5519702878524394	0.5540380146902343	0.45782881451183716	28506	0.1322131290656606	0.1322131290656606	0
0.9034423828125	1833856	0.5470919709660741	0.5536094736925103	0.4188122469100211	27462	0.15211018591776188	0.15211018591776188	0
0.9329833984375	1497452	0.5874663848272912	0.5973343465782985	0.42165713320631276	27740	0.18498187845794456	0.18498187845794456	0
0.8734130859375	1094976	0.4692291894812654	0.482596515805598	0.4100554302139093	25544	0.17321488648443414	0.17321488648443414	0
0.736328125	716946	0.4444466979862037	0.4525278948645816	0.41938708954509685	21316	0.18889493940930643	0.18889493940930643	0
0.9481201171875	3478780	0.635172298722888	0.637482913229508	0.44668135948189613	27554	0.1635702889254104	0.1635702889254104	0
0.8736572265625	1648462	0.5300286563043201	0.5359760579909236	0.43477098240702294	26584	0.15748532038350788	0.15748532038350788	0
0.836181640625	1393768	0.4893783525751502	0.4956759412677169	0.42520235132288203	24864	0.141031373034843	0.141031373034843	0
0.8585205078125	2016338	0.5450151226576015	0.5529283115816874	0.43129851003278546	24546	0.18757987439350823	0.18757987439350823	0
0.895751953125	1435494	0.4195684948530662	0.4275024471377539	0.43144655370065427	27180	0.11628134990059236	0.11628134990059236	0
0.8436279296875	1771270	0.5328866109246165	0.5433226092542498	0.42314345985571156	25170	0.12763999390294653	0.12763999390294653	0
0.8978271484375	2164894	0.5321346988166534	0.541600407085654	0.42699091121175625	27122	0.177049225080023	0.177049225080023	0
0.8846435546875	2842708	0.5312860020172125	0.5372884873896021	0.45584623530617496	26630	0.11069018715139756	0.11069018715139756	0
0.9210205078125	1464958	0.58751392997119	0.5956640096443672	0.39764774436873807	26092	0.2011232586034488	0.2011232586034488	0
0.92578125	2022394	0.5568868994070416	0.5610180334538987	0.449429144435318	27810	0.15692411349945024	0.15692411349945024	0
0.9404296875	1453290	0.4838378724748231	0.49435593383438925	0.4323137827314247	28796	0.152587141518652	0.152587141518652	0
0.9031982421875	1043936	0.5122996247966108	0.5254583170758873	0.41130450263449353	26260	0.15779310762965068	0.15779310762965068	0
0.92578125	1253756	0.44801325945680087	0.462769246918608	0.40489707212201204	26188	0.16297326279839766	0.16297326279839766	0
0.9566650390625	864222	0.44220834440462736	0.4589310244790686	0.3842389393995618	27676	0.15217213669307464	0.15217213669307464	0
0.880859375	1662838	0.5105891574468081	0.517360404420772	0.4093497244511308	25712	0.11997066494827874	0.11997066494827874	0
0.880859375	1250186	0.4337137833976535	0.43928007748154907	0.4270531980965648	26358	0.17143943630159156	0.17143943630159156	0
0.925537109375	1510062	0.4695706005419569	0.479637446321892	0.42775241838159594	27754	0.12336329294621708	0.12336329294621708	0
0.9031982421875	1292160	0.5148531761233076	0.5231218185589674	0.43016001733517445	26712	0.24180505989515463	0.24180505989515463	0
0.92578125	2965954	0.5720257926227902	0.5772910190649149	0.42542703192024955	27638	0.1460073866217922	0.1460073866217922	0
0.89599609375	2159632	0.5644311424864515	0.5713723087757171	0.41076873969063293	26600	0.16684778166555037	0.16684778166555037	0
0.865966796875	1708306	0.4903995045035527	0.49653116025760796	0.4246914688733665	25366	0.11022185278532787	0.11022185278532787	0
0.9215087890625	2088506	0.5287736332429126	0.5333373841585763	0.4368231330969772	27966	0.11785178794768507	0.11785178794768507	0
0.8897705078125	1061726	0.4499356086631498	0.4620987248761794	0.4098288941694079	26054	0.19742869715493272	0.19742869715493272	0
