Utilization	Connections(A2A)	Lvl1TraffRatio(A2A)	Lvl1TraffRatioNoIndirect(A2A)	RatioIndirect(A2A)	Connections(AR)	Lvl1TraffRatio(AR)	Lvl1TraffRatioNoIndirect(AR)	RatioIndirect(AR)
0.9879150390625	3219496	0.40781297169187863	0.4111852255353125	0.41015467241467624	30034	0.04291573059135579	0.04291573059135579	0
0.9989013671875	907144	0.3972085368732758	0.40846405121397367	0.34234366993145177	28826	0.08268070650881748	0.08268070650881748	0
0.8739013671875	1891506	0.33507196954406165	0.34283687347369735	0.4321745061331759	27642	0.04315899661687315	0.04315899661687315	0
0.984619140625	2950962	0.40450161665105017	0.4080139924080213	0.39764246344510673	29436	0.05539954264794177	0.05539954264794177	0
0.9849853515625	2351924	0.4089200118600565	0.4165730755028074	0.4068903984250236	29904	0.07897947078898791	0.07897947078898791	0
0.8883056640625	1689918	0.33409245753666994	0.343021379830652	0.426704386328999	28000	0.047796789480853065	0.047796789480853065	0
0.9945068359375	2149114	0.33628163318665716	0.3432589787860036	0.41542894151021265	29914	0.05381953923315933	0.05381953923315933	0
0.9627685546875	1783580	0.38128037768055206	0.39305105624217457	0.397142755744772	29254	0.05958367392388081	0.05958367392388081	0
0.99365234375	1123438	0.3809309828625995	0.38769255060592517	0.3467371849275973	28172	0.07718078355070601	0.07718078355070601	0
0.9842529296875	2379118	0.3911728706189364	0.40089732778565706	0.40552904158271735	29782	0.06678084916345768	0.06678084916345768	0
0.974365234375	2171652	0.39744651083347965	0.4086709462351397	0.40677805040061626	29982	0.06893708491450302	0.06893708491450302	0
0.9957275390625	2722018	0.4024323715540406	0.40964555419228943	0.38344595333933035	30036	0.04410333943749039	0.04410333943749039	0
0.9180908203125	1465820	0.3622937631999637	0.37335075671399615	0.3942406067802515	27652	0.055586956215595236	0.055586956215595236	0
0.9781494140625	2259428	0.412389898426965	0.4192448239661768	0.41233055851370043	30416	0.07231104376800594	0.07231104376800594	0
0.985107421875	1874222	0.3642280337557607	0.3767142167821709	0.4046527827426012	29878	0.06949155210042317	0.06949155210042317	0
0.8883056640625	1764914	0.3564342074021631	0.360018827340252	0.4233363885028513	28256	0.0696482750112593	0.0696482750112593	0
0.96826171875	2827178	0.41633716989947067	0.419672541251763	0.3705493524482231	28006	0.050532265538679254	0.050532265538679254	0
0.981689453125	2712072	0.4221587455703259	0.4255887517753969	0.37719950144668607	29702	0.043133756488421715	0.043133756488421715	0
0.9931640625	4002132	0.5461610945566474	0.5510298105114725	0.407504505323153	30620	0.08119676646851966	0.08119676646851966	0
0.9627685546875	1841694	0.4214920978207379	0.4330951095356617	0.39751948898929107	29330	0.08918001535062835	0.08918001535062835	0
0.9329833984375	1530648	0.3635369601292269	0.37294954522360674	0.3994828059204125	28384	0.062291623818201	0.062291623818201	0
0.9881591796875	1219286	0.3979675270860514	0.4044882294023941	0.3495692406435899	28560	0.06434944123083604	0.06434944123083604	0
0.981689453125	1530870	0.44620303735021327	0.45434970569202077	0.36478886875738015	29008	0.07819400447251103	0.07819400447251103	0
0.8585205078125	3449952	0.45617123074002186	0.463968320713048	0.4437207710753605	26940	0.071058856070071	0.071058856070071	0
0.9478759765625	1497718	0.353450221659094	0.365841434130135	0.4008660273034707	28972	0.06332351322007605	0.06332351322007605	0
0.9935302734375	1434254	0.3771120330485998	0.3879380659213369	0.38007958881471304	29806	0.06089015183330756	0.06089015183330756	0
0.9864501953125	2364054	0.40321963316401327	0.4082801914983318	0.36329784077792676	28674	0.049930400395548656	0.049930400395548656	0
0.9918212890625	2969874	0.514466109763751	0.5240818303635547	0.3838710352209116	29208	0.0817862566756118	0.0817862566756118	0
0.9332275390625	2119428	0.35097108839676694	0.3580328844059118	0.43556193406172183	29518	0.07480949330540725	0.07480949330540725	0
0.925537109375	1301906	0.3334222197766999	0.34358783936683385	0.4104744874180983	28444	0.055835974594660914	0.055835974594660914	0
0.9932861328125	1183622	0.419567267027253	0.4274111927736304	0.35917324014764485	29670	0.06534599050692104	0.06534599050692104	0
0.99462890625	1969480	0.3190691293740388	0.323279726693001	0.4151362381000206	30194	0.044906585484048266	0.044906585484048266	0
0.9627685546875	1763826	0.43215803584777185	0.44307202339114	0.38428190914965427	28560	0.08011923623263213	0.08011923623263213	0
0.955322265625	2827838	0.36514486069887825	0.371882822994041	0.41459271491412375	29826	0.06737473011388204	0.06737473011388204	0
0.9337158203125	1678482	0.37036843589037566	0.37298462021039797	0.402520509523401	27070	0.07847895661065639	0.07847895661065639	0
0.99853515625	955632	0.39255464838499293	0.40408510625494903	0.3406196003325757	28614	0.08441133161880866	0.08441133161880866	0
0.9638671875	3471662	0.3852104263433731	0.3874638753151997	0.3875691470404357	28884	0.048925658531037336	0.048925658531037336	0
0.9864501953125	1274414	0.369893909131777	0.38348334600798073	0.3758325103136042	29412	0.05975696147542477	0.05975696147542477	0
0.9180908203125	2805666	0.39209453047771725	0.39516092287184074	0.42281686742391195	28878	0.05164091212844981	0.05164091212844981	0
0.9874267578125	1407500	0.4323824107584544	0.43868010864837914	0.3598492277116791	28882	0.0677016309084523	0.0677016309084523	0
0.9822998046875	2902928	0.41009034933740834	0.4144858640127285	0.3943949023559694	29618	0.05192502034293861	0.05192502034293861	0
0.9725341796875	1156938	0.3865593054612113	0.39351783234694665	0.36056815462254105	29168	0.08121693481668599	0.08121693481668599	0
0.9031982421875	2618962	0.35948661617975813	0.3642071245350645	0.41620099811464933	28272	0.04297888707141862	0.04297888707141862	0
0.9627685546875	1808368	0.37539564564331274	0.3859793076935829	0.411401567366082	29510	0.07587360419313931	0.07587360419313931	0
0.9864501953125	1953580	0.3341874751908007	0.3414591164238225	0.41325113131541413	29914	0.054675117708621955	0.054675117708621955	0
0.9779052734375	2617250	0.38752651641896213	0.39402356735131194	0.39406867219793157	29112	0.054920435033336316	0.054920435033336316	0
0.992431640625	1675666	0.43579991518885614	0.44188971182867287	0.3706745211784239	29846	0.0678736859993575	0.0678736859993575	0
0.984130859375	2214414	0.3704436181641775	0.37760400805865685	0.37176655152666616	29546	0.07059509151178754	0.07059509151178754	0
0.895751953125	2078148	0.32874857992062845	0.3312305351279297	0.44238862050391026	28206	0.06946759474804513	0.06946759474804513	0
0.998291015625	1209608	0.3976376711457717	0.4078923544130635	0.33658143821200776	27824	0.07366332143238731	0.07366332143238731	0
0.99267578125	2334180	0.4074135007727804	0.4155897333621918	0.3657489823380853	29528	0.06163783651314325	0.06163783651314325	0
0.96826171875	1472678	0.42412162388902735	0.4295809883810104	0.35611719335864894	28276	0.07058927934423605	0.07058927934423605	0
1.0	2442546	0.4558468381952014	0.45916246661487503	0.39458775360808324	30542	0.05221280808432437	0.05221280808432437	0
0.97705078125	2225990	0.4326597051536865	0.4390232187550158	0.3906916786895802	29606	0.09074539929106962	0.09074539929106962	0
0.9942626953125	1929294	0.44093439281012264	0.44781525025079105	0.3585447017182957	28980	0.05729299137979887	0.05729299137979887	0
0.9886474609375	2402524	0.3924746396407049	0.39865472419546627	0.37697970253983	29622	0.05571839966280947	0.05571839966280947	0
0.9404296875	2032220	0.3431143889688744	0.350661625211041	0.43372750340308036	29860	0.0755941729134026	0.0755941729134026	0
0.969482421875	2211656	0.37533850202016233	0.38161747655606754	0.3775211286416698	28362	0.04709592186515008	0.04709592186515008	0
0.9853515625	1564678	0.37362137673406276	0.38535131789615495	0.38173405595852744	28816	0.05273054820344039	0.05273054820344039	0
0.997314453125	1757196	0.3344432567815893	0.3401911408960969	0.4056602188988368	30376	0.04314234211502677	0.04314234211502677	0
0.9779052734375	1932712	0.3450947378319737	0.35229360037201585	0.4081036559598136	29458	0.06382835391262409	0.06382835391262409	0
0.9898681640625	1231258	0.3720212796817694	0.38398049527249484	0.3627321850653269	28662	0.07021810786769744	0.07021810786769744	0
0.998291015625	3963358	0.3715287341650791	0.3768662096592799	0.41209796373054003	30668	0.048507343881694136	0.048507343881694136	0
0.984375	2529350	0.3731031392028657	0.3775291414042094	0.38242378879060057	29534	0.048686679221568975	0.048686679221568975	0
0.9945068359375	1370658	0.3484415134938832	0.35906951938533527	0.3887274786206701	30150	0.05731720885321909	0.05731720885321909	0
0.9842529296875	1215304	0.41968521752780114	0.4287504031026968	0.351876108337426	29104	0.06775271126045104	0.06775271126045104	0
0.8885498046875	1415114	0.32893695015516017	0.3381801253314989	0.4046054998520134	26686	0.05739903966639202	0.05739903966639202	0
0.9776611328125	1332868	0.4134604054425351	0.4241099722399822	0.364466290690485	29306	0.0493590035966239	0.0493590035966239	0
0.9971923828125	1332596	0.3851452193789537	0.39626597464829133	0.37169232029157623	29328	0.06829152947687178	0.06829152947687178	0
0.940673828125	1934272	0.33412277952565184	0.3387715239777615	0.43739242312846854	29372	0.06435717303954953	0.06435717303954953	0
0.9329833984375	1823578	0.3567710209512747	0.36481305505397216	0.417017391819619	28800	0.06560976828177804	0.06560976828177804	0
0.973388671875	1103978	0.41431558789177053	0.427846441542826	0.33287251971885395	27744	0.05201260468580818	0.05201260468580818	0
0.984130859375	1352408	0.39869913609782676	0.4086311266814151	0.3692152583411625	29850	0.05349927129974497	0.05349927129974497	0
1.0	1011592	0.380429189810851	0.3920759491296275	0.35785918956359497	29324	0.06627037233923297	0.06627037233923297	0
0.992919921875	1992816	0.4368552245659105	0.4467882512726769	0.3794302318011977	29330	0.08285836357136034	0.08285836357136034	0
0.9180908203125	1867058	0.3466562980162577	0.35677953911421406	0.4172283166826107	28352	0.059375419472275925	0.059375419472275925	0
0.9852294921875	1241548	0.400978300945147	0.4104497977926669	0.3524084301167232	28960	0.06363507435685721	0.06363507435685721	0
0.9818115234375	1228698	0.4092505955491324	0.41836952274338407	0.3535920017670473	28954	0.05368145672892067	0.05368145672892067	0
0.9825439453125	1231790	0.41092078598386766	0.41829938619853335	0.3462204722349109	28144	0.06852972905456368	0.06852972905456368	0
0.98974609375	977286	0.3970646267576068	0.41228037970692305	0.3505088414053546	29192	0.06436938081005099	0.06436938081005099	0
0.9404296875	2835350	0.3545955667729832	0.3624592499927242	0.42851146176182686	29968	0.05347619044640775	0.05347619044640775	0
0.97998046875	1695834	0.4734474818099652	0.4800177944943866	0.377460365434173	29568	0.09018635206593954	0.09018635206593954	0
0.9952392578125	1954446	0.3238607239482709	0.32908092078519463	0.41400592016079424	30008	0.04709225289204074	0.04709225289204074	0
0.9925537109375	1594986	0.3800629080026438	0.3876087241995696	0.3806866573513532	29344	0.05726249111708298	0.05726249111708298	0
0.985595703125	1286402	0.380851665239768	0.3926131996421723	0.3682949208728223	28544	0.05958741034723764	0.05958741034723764	0
0.9794921875	1443558	0.4332838227166296	0.4414839173234597	0.340598037569903	27784	0.06372274004792307	0.06372274004792307	0
0.9805908203125	1113458	0.4171813884320428	0.42742568812190074	0.36604770466332975	29366	0.08527177100884563	0.08527177100884563	0
0.993896484375	1766296	0.4123480575892616	0.42836804434254744	0.3824729894946053	29432	0.08584148248250782	0.08584148248250782	0
0.9830322265625	847868	0.41201717209953914	0.4233671361098979	0.3224817672657232	27840	0.0615592305973452	0.0615592305973452	0
0.9954833984375	1354584	0.38451235579216564	0.3956702058557435	0.37336755585719744	29288	0.05845725827527721	0.05845725827527721	0
0.955322265625	1510316	0.3744542509928525	0.38514162053292167	0.3941899006628115	29060	0.05650323423032364	0.05650323423032364	0
0.990234375	1773068	0.4183178251923101	0.42415885309274465	0.37315193005511554	29510	0.07032962799502279	0.07032962799502279	0
0.9329833984375	1237154	0.3736211455279557	0.3843698559081375	0.39332087921451486	29198	0.07425968332972964	0.07425968332972964	0
0.965576171875	1599632	0.4925609399862829	0.49874873370165057	0.35925574395425497	28138	0.08839687896850222	0.08839687896850222	0
0.9786376953125	1009542	0.41402195012092324	0.4226962285535644	0.3435431631220008	28516	0.06587309897566505	0.06587309897566505	0
0.9609375	1634208	0.4358170427987697	0.4460506918592649	0.38621680393331165	29354	0.05961471812261367	0.05961471812261367	0
0.995361328125	1277462	0.36617451257380784	0.3773506813634608	0.373712620297846	29624	0.058834352296547175	0.058834352296547175	0
0.976806640625	1177630	0.42314959440395866	0.43492898428605004	0.34101551301143956	27830	0.06459503347393726	0.06459503347393726	0
0.995361328125	1268770	0.40866375084517265	0.4160828845388324	0.348104652255681	28688	0.06350401693827973	0.06350401693827973	0
0.9664306640625	1564628	0.4951983095506982	0.5018599461340177	0.3560248690627801	28270	0.09380090284884939	0.09380090284884939	0
0.9920654296875	2567698	0.38668163059071253	0.39173433147897097	0.38068883878871085	29782	0.05836596441670496	0.05836596441670496	0
0.9627685546875	1448528	0.3853641247018616	0.396143670138893	0.3722127233270128	28830	0.060240361940189696	0.060240361940189696	0
0.9813232421875	1993986	0.48518812017633706	0.49063495127417106	0.37706789708416016	29684	0.07010039437836664	0.07010039437836664	0
0.9404296875	1292758	0.3564033619072276	0.37220023732929514	0.4004469645766741	29042	0.06696229287234065	0.06696229287234065	0
0.9886474609375	2253734	0.3623193965023379	0.3695531649022681	0.37051564330735215	28878	0.06161448170097883	0.06161448170097883	0
0.9888916015625	1415816	0.43475555563846857	0.440647522351731	0.35300667620927983	28800	0.050489216382472134	0.050489216382472134	0
0.9913330078125	2495458	0.3950798090497467	0.4017016292475844	0.3645871079952889	28796	0.05040912699491176	0.05040912699491176	0
0.992431640625	1820780	0.4132104413438143	0.4282846511957608	0.3843516745401367	29466	0.0825946129503867	0.0825946129503867	0
0.8734130859375	2856156	0.3577477120004438	0.3611953295701233	0.4402362371788085	27446	0.06962328319574516	0.06962328319574516	0
0.97021484375	1372486	0.36725589001976916	0.3749135022030696	0.3914391741538399	30358	0.06254535295119337	0.06254535295119337	0
0.9862060546875	1468796	0.40720549274503065	0.4201029365849563	0.368223111792888	29256	0.059402860822178966	0.059402860822178966	0
0.955322265625	1553830	0.46118034971382077	0.47390525272716383	0.3787674445344802	29472	0.07035888707326719	0.07035888707326719	0
0.925537109375	2668686	0.3565947641566041	0.3630626975800608	0.4197062206848959	29036	0.04398501398189599	0.04398501398189599	0
0.9937744140625	2198560	0.5249385246905531	0.5340304280532372	0.37636964939681844	30094	0.08694112330861557	0.08694112330861557	0
0.981689453125	2087028	0.33340855064086883	0.34658830130321633	0.41322831018154216	30044	0.06906706641221214	0.06906706641221214	0
0.9881591796875	2351758	0.3932467011619942	0.39939657137806467	0.38241963714219157	30010	0.05980691081555701	0.05980691081555701	0
0.982421875	1770334	0.4499358041351477	0.45355871673833636	0.3619673709620963	29212	0.04954415497366679	0.04954415497366679	0
0.9793701171875	2403802	0.4536400890068781	0.4631320994986705	0.39134019320921415	28584	0.05668230188870186	0.05668230188870186	0
0.9664306640625	1204224	0.4099636865407543	0.41788277812257957	0.34818339045972885	28312	0.06350716232163701	0.06350716232163701	0
0.9801025390625	930276	0.3987741500088043	0.4114630953777248	0.3421358296789238	28110	0.06516061119092852	0.06516061119092852	0
0.955322265625	2917736	0.32257786835208274	0.333646985363343	0.43085502397820413	30166	0.055985525888191785	0.055985525888191785	0
0.9925537109375	1810052	0.4351944068480554	0.44785029294705203	0.38001368029925614	29304	0.0785616287302266	0.0785616287302266	0
0.9031982421875	939844	0.31002518709940013	0.32038487963535506	0.391943885342505	27596	0.05139790685086329	0.05139790685086329	0
0.989013671875	2533670	0.37259641605254507	0.37804640468297923	0.393817243102991	30376	0.059036712005747755	0.059036712005747755	0
0.9649658203125	1054370	0.4427887217641346	0.4488831104741271	0.34136360188636156	28458	0.07480661066682888	0.07480661066682888	0
0.9898681640625	1552220	0.40515736476155645	0.4099746348926399	0.3617606923166676	28850	0.06310746945906517	0.06310746945906517	0
0.9801025390625	2270586	0.3390760461939293	0.34579804492044214	0.38380707254289076	27974	0.06873845053801171	0.06873845053801171	0
0.9332275390625	1183282	0.3864184359782596	0.39854812921135246	0.3658578440612117	27326	0.06188734845556736	0.06188734845556736	0
0.9820556640625	1545730	0.4327877918624929	0.4387608104831757	0.35706951452403507	28710	0.059279689626790956	0.059279689626790956	0
0.9664306640625	1301174	0.42061423858865005	0.4272942434941897	0.35526501463955334	29064	0.06236395430943245	0.06236395430943245	0
0.9180908203125	1644860	0.36905676841000884	0.3783667815658453	0.41181751228017277	28884	0.06844430787315887	0.06844430787315887	0
0.97021484375	1024086	0.39619283160605895	0.4086184540337127	0.3606286136196816	28938	0.06351523784385467	0.06351523784385467	0
0.99609375	3464170	0.39708625397099695	0.4003504771851005	0.3999686031951524	29542	0.04276696433522847	0.04276696433522847	0
0.966552734375	834786	0.43110738214400773	0.439414432366879	0.3202069690135653	26754	0.08980289609286644	0.08980289609286644	0
0.9786376953125	2929930	0.41651401774898794	0.4206156155761552	0.3960420212275398	29738	0.04767149980309162	0.04767149980309162	0
0.9896240234375	1500230	0.4109221616601548	0.4168654146005042	0.361399283398508	29208	0.06209408308307359	0.06209408308307359	0
0.9801025390625	1584636	0.4322576823635058	0.43767120753363553	0.3560473631395371	28612	0.057792639317320836	0.057792639317320836	0
0.9814453125	2375628	0.4664824468727351	0.4731644382932912	0.4005443280646048	30372	0.07359447794344687	0.07359447794344687	0
0.9754638671875	2456384	0.46509845921944853	0.46663429689186847	0.3854728507598946	29380	0.067371199912925	0.067371199912925	0
0.9483642578125	1958806	0.3381390699080393	0.3437236395394823	0.4344511961707693	29928	0.06339103892306447	0.06339103892306447	0
0.9903564453125	1203354	0.38474591544482956	0.39542388990457966	0.35345001599143644	28890	0.05725364861783938	0.05725364861783938	0
0.955322265625	2169256	0.4713310151107746	0.4755154270571867	0.4071854528498236	29696	0.08181638278673763	0.08181638278673763	0
0.9918212890625	3107650	0.413935680225334	0.4173212135986008	0.4019461117850338	29280	0.04861951663262439	0.04861951663262439	0
0.9031982421875	1671156	0.33521708289617735	0.34330422294029067	0.41654113030233253	27774	0.05880774540180606	0.05880774540180606	0
0.9822998046875	2489932	0.3942083488271046	0.39853923083605075	0.3710678937945365	28144	0.04895785751710738	0.04895785751710738	0
0.8887939453125	1016668	0.3137426377361479	0.3235870542521702	0.409583885917665	27316	0.06643625778416377	0.06643625778416377	0
0.98193359375	2548280	0.32266176660652274	0.3346449194917583	0.4174650605100861	29724	0.05421128639110572	0.05421128639110572	0
0.985107421875	1746896	0.3627183697985759	0.37822531282066385	0.40412270414592827	29690	0.06483064095965824	0.06483064095965824	0
0.9404296875	1493844	0.3435018572837559	0.3548954645322033	0.39733496538840946	27968	0.0664419981528019	0.0664419981528019	0
0.99951171875	1152408	0.3776997127023709	0.3901531585605329	0.3544544232625504	29368	0.07521838585393562	0.07521838585393562	0
0.9630126953125	1475332	0.39314881875754093	0.4061753434259279	0.3686534033801295	27648	0.0674810171959525	0.0674810171959525	0
0.9796142578125	3845486	0.4344910469486518	0.4360496166899543	0.3808646850444512	29040	0.04467794158369586	0.04467794158369586	0
0.994384765625	1506438	0.41404019802346786	0.4206760282362272	0.37991616880031115	30458	0.0533223106555746	0.0533223106555746	0
0.881103515625	1364318	0.3438554673492232	0.3480153968955498	0.4336707642818049	27390	0.09487095013820479	0.09487095013820479	0
0.9786376953125	2543910	0.3899380543769427	0.39453569306384456	0.367469617682179	28192	0.05490700722894352	0.05490700722894352	0
0.983154296875	1956908	0.4362060053140129	0.44757700198286116	0.38717655623125014	29564	0.08409967255332655	0.08409967255332655	0
0.9884033203125	1275498	0.4425290244531572	0.4503262567227499	0.3375672957214338	27660	0.07550836832760648	0.07550836832760648	0
0.994873046875	2375860	0.35111009938891463	0.3615081700013692	0.37454682995942234	29446	0.05455954239320648	0.05455954239320648	0
0.865966796875	2409538	0.34944004045031446	0.3553962760616636	0.4521304442109317	27626	0.0610988814572169	0.0610988814572169	0
0.994384765625	2569854	0.385359047627079	0.3919745602812979	0.3833332790632807	29840	0.05902100598709087	0.05902100598709087	0
0.8734130859375	1619886	0.43737593651633966	0.443803777345628	0.4094964066069544	27502	0.0757934636067261	0.0757934636067261	0
0.9847412109375	1622812	0.4393635119807844	0.44417089726047765	0.37301390860509503	29802	0.062228548731945076	0.062228548731945076	0
0.9825439453125	1053354	0.39811707268391366	0.4106971145823102	0.33552555654337235	27490	0.07176277625439978	0.07176277625439978	0
0.98779296875	1499268	0.4153612731988254	0.42338217666758204	0.35233059631948205	28210	0.05774868430773197	0.05774868430773197	0
0.9837646484375	1876208	0.43901684211753333	0.45002754144560925	0.3894320188492521	30014	0.08503386272243108	0.08503386272243108	0
0.9478759765625	1712748	0.35555457813654495	0.37087556352528345	0.40741444359171575	28476	0.0672861334348056	0.0672861334348056	0
0.9881591796875	1408292	0.40442049678079867	0.41455606916248366	0.35181489414965283	28508	0.05773333645619924	0.05773333645619924	0
0.9969482421875	2741652	0.5253431194483337	0.5285677943210821	0.3909213794021739	30188	0.06321901536480916	0.06321901536480916	0
0.9954833984375	2192352	0.5215968870245596	0.529710860634344	0.37092801191982044	29262	0.08095579823536704	0.08095579823536704	0
0.8885498046875	2866986	0.3465046382151462	0.35205010563819683	0.4297657504768801	27918	0.04608789645544519	0.04608789645544519	0
0.9776611328125	3261930	0.41471879530261657	0.4232564104448207	0.4205148949411292	30022	0.06542650534441238	0.06542650534441238	0
0.981689453125	2333388	0.40459189436469134	0.40940202367261774	0.376510702720993	29316	0.05951422912650891	0.05951422912650891	0
0.9815673828125	2900070	0.41604234724899775	0.41928770705630436	0.39159562540492376	29688	0.04486692039758262	0.04486692039758262	0
0.986328125	1299948	0.4003469220041474	0.4091670301277484	0.36204092739539484	29528	0.05467123559658538	0.05467123559658538	0
0.9906005859375	1182170	0.35581245134865785	0.3642623327605105	0.38009628514125304	29654	0.05222601863717182	0.05222601863717182	0
0.9951171875	2928022	0.4007107843886966	0.4056166967830208	0.38930233122663	29748	0.04961314793269531	0.04961314793269531	0
0.9871826171875	1211320	0.4132897407579001	0.4225013306586409	0.3646151170688732	29910	0.059586103683596604	0.059586103683596604	0
0.9803466796875	928760	0.41839481462338896	0.43064759700856775	0.34058523243476313	28528	0.07318876193580723	0.07318876193580723	0
0.9912109375	1231134	0.3951425115237819	0.40166202405064544	0.3519651028243171	28836	0.07892083647138506	0.07892083647138506	0
0.990966796875	1141658	0.3790088741208546	0.38999426743535776	0.34996796193785845	28732	0.07497885688131287	0.07497885688131287	0
0.9755859375	2591342	0.39658940876708054	0.40024407625836256	0.37051745069480013	28296	0.0481932867469641	0.0481932867469641	0
0.9857177734375	2534292	0.5322133871453797	0.5375331286534698	0.3951791136678009	30440	0.07586846172918173	0.07586846172918173	0
0.997802734375	2543934	0.39519837324925505	0.4034864711155058	0.38478129811177336	30260	0.05211944222421974	0.05211944222421974	0
0.8887939453125	2047350	0.36438791702160384	0.3754820393132077	0.43265511589226285	28022	0.10057190504316761	0.10057190504316761	0
0.9481201171875	1816118	0.4604941198933858	0.4659119514459881	0.3600025627699686	28146	0.06520280976738839	0.06520280976738839	0
0.9881591796875	1052366	0.4033070769348272	0.4183864629701218	0.35374429734481905	28798	0.06996196567130857	0.06996196567130857	0
0.978271484375	2001072	0.488883873021702	0.49329334146657317	0.37824705083837507	29870	0.07221351633211248	0.07221351633211248	0
0.998779296875	1003198	0.4052990355606981	0.41467623389221225	0.3550714604727336	29354	0.08300500802646588	0.08300500802646588	0
0.9329833984375	2335336	0.47310906435338457	0.47972474288806605	0.38451111089908907	28094	0.061956641686724205	0.061956641686724205	0
0.97900390625	2955548	0.4108987147795294	0.41557212789913867	0.3983847082022494	29192	0.048679131958522186	0.048679131958522186	0
0.9864501953125	2753486	0.39783795419806206	0.4022419522922811	0.3828203992235583	28908	0.05420985782013236	0.05420985782013236	0
0.9783935546875	924082	0.41327237431100805	0.42117426692580184	0.33455654125883805	27832	0.0696992350414615	0.0696992350414615	0
0.99755859375	2704568	0.5193907156130496	0.526192511007968	0.38714586809133994	30192	0.0796469529023489	0.0796469529023489	0
0.98193359375	2135184	0.32876186300374133	0.3350112513316957	0.41612773065550196	29184	0.046758098893519694	0.046758098893519694	0
0.99267578125	1379896	0.3896720200191102	0.39680078050561457	0.3657905548771321	29438	0.05278170988681156	0.05278170988681156	0
0.9627685546875	4237160	0.3990735383653398	0.403399630899202	0.4256415448686597	30348	0.0557572004246133	0.0557572004246133	0
0.9329833984375	1227520	0.39548896770526815	0.40494127064405433	0.3739763813520232	28052	0.07179908779014843	0.07179908779014843	0
0.9749755859375	1900244	0.436197521561553	0.4436225817621747	0.38352634488366877	29398	0.07721992971708531	0.07721992971708531	0
0.9788818359375	2594230	0.3913396492934102	0.39539509578782045	0.4160451846603874	29772	0.049008720382615785	0.049008720382615785	0
0.9329833984375	1183952	0.3550115449393738	0.36421328810123216	0.39996869990224	29152	0.05420977034109942	0.05420977034109942	0
0.996337890625	2197420	0.3827555205650665	0.39180896651906977	0.4080187149950211	30480	0.08014141297209396	0.08014141297209396	0
0.99755859375	1134630	0.4398351907331501	0.4482219676495299	0.35001053100489704	29150	0.08295559844985197	0.08295559844985197	0
0.9908447265625	1205892	0.40264679193153635	0.4081374578921832	0.3525504879495837	28982	0.07737288423750835	0.07737288423750835	0
0.970458984375	2207390	0.44747165607479866	0.45463661525556903	0.3900245517225291	29340	0.06557000668360473	0.06557000668360473	0
0.97021484375	1551088	0.42511307768836376	0.4358039950988899	0.37484450277119347	29592	0.07018855811547857	0.07018855811547857	0
0.9925537109375	1164736	0.3668070947073822	0.37780236761095143	0.3620688239620385	29122	0.07631934031134492	0.07631934031134492	0
0.98193359375	1061688	0.40416161450945354	0.4146883205813399	0.348199062066804	29132	0.05400829781393273	0.05400829781393273	0
0.98876953125	1648736	0.4169613456098154	0.4223235219305177	0.37268114889625853	29462	0.05960076689279229	0.05960076689279229	0
0.9854736328125	3903362	0.4110712214224009	0.4140725007267992	0.3957036169568982	30220	0.044907508806620595	0.044907508806620595	0
0.97021484375	2078742	0.4777838092147815	0.4824282757285268	0.3972418707201961	29854	0.07202119009641039	0.07202119009641039	0
0.9329833984375	1587202	0.3429254944301787	0.3558826137428894	0.4156094497155374	28754	0.0561468048164799	0.0561468048164799	0
0.99072265625	1813782	0.363165923513465	0.37471871237817456	0.39876795181414404	30000	0.055669009303560474	0.055669009303560474	0
0.9805908203125	2827124	0.3679394364450807	0.37428911410637383	0.4164085019847212	29786	0.05304660087595576	0.05304660087595576	0
0.9876708984375	3165354	0.40068547032963214	0.40242270827218896	0.41125590872886336	29944	0.04883589662594684	0.04883589662594684	0
0.9847412109375	1668832	0.516409963351884	0.521017210828918	0.3461081938379152	28244	0.07739844125494126	0.07739844125494126	0
0.98779296875	1434210	0.40255991312101064	0.40727640160694056	0.37206135236348303	30060	0.050937504918730524	0.050937504918730524	0
0.99072265625	1878792	0.3848075624841965	0.39875622004268446	0.40124454601517673	30288	0.08164008895022741	0.08164008895022741	0
0.91064453125	2136202	0.33902538984931946	0.3439608926949879	0.4404194421693355	28596	0.07751534288194667	0.07751534288194667	0
0.969482421875	1184788	0.39916584979177355	0.4068879835337702	0.3648494984643709	29356	0.05610694602859804	0.05610694602859804	0
0.97998046875	1044320	0.4287875290095102	0.43637620482161243	0.35057188905903214	29288	0.07904426917006611	0.07904426917006611	0
0.9808349609375	2325690	0.336778167139349	0.3422529809545425	0.4062586295034867	29314	0.05701347978963592	0.05701347978963592	0
0.997314453125	1023152	0.38283087334538224	0.39220156875379103	0.36453727421765075	30226	0.07484993516469024	0.07484993516469024	0
0.9814453125	1204732	0.40252723132515134	0.4142247863196247	0.35271064610679065	28396	0.07402059675734528	0.07402059675734528	0
0.981689453125	1938028	0.4186477232811354	0.4309884587328223	0.3903729723962472	29582	0.07168453649022125	0.07168453649022125	0
0.9664306640625	1267664	0.4070811831947223	0.4132733677243133	0.34893373743156864	28006	0.059467429616099625	0.059467429616099625	0
0.9879150390625	1128940	0.39639116340337494	0.4090385239750309	0.34346170507588786	28250	0.07442805078404087	0.07442805078404087	0
0.9893798828125	1419210	0.37936362057871226	0.38807983279116454	0.38042748908143204	29548	0.06191737982042794	0.06191737982042794	0
0.976806640625	2332402	0.376091487220861	0.3823827599707603	0.37662042065937235	29264	0.055554791320895004	0.055554791320895004	0
0.9940185546875	2506002	0.47702273075336926	0.4820666551055059	0.3819136440788267	29586	0.06498471390476107	0.06498471390476107	0
0.9814453125	1158276	0.4167849339056517	0.4234675034592507	0.3588954047252624	29550	0.054902689206302445	0.054902689206302445	0
0.8883056640625	1786650	0.36760687464894076	0.37405412464054266	0.4163043111001031	27866	0.08312880102226318	0.08312880102226318	0
0.985107421875	1418362	0.3870433865694834	0.40098616895882705	0.35935950672605294	28134	0.0688362825973288	0.0688362825973288	0
0.985107421875	1203876	0.39865123145003306	0.4097535264279019	0.35556457368803146	28752	0.06878421250244142	0.06878421250244142	0
0.9912109375	2765998	0.4060113533995569	0.4123442211478861	0.36894932104385986	28662	0.05054900267958704	0.05054900267958704	0
0.9822998046875	1830774	0.42184632311513703	0.4267074858717043	0.38247817816221197	29852	0.05467670083092426	0.05467670083092426	0
0.983154296875	2793684	0.5338661717545033	0.5392072784477278	0.3698377290095812	29126	0.06824882458123772	0.06824882458123772	0
0.9031982421875	1603534	0.4358954250000695	0.4425008361345881	0.40465758066367735	28180	0.0807885456699687	0.0807885456699687	0
0.9891357421875	1627980	0.48651796069413633	0.49429355625034366	0.36666543414443686	29656	0.08127364345553424	0.08127364345553424	0
0.9404296875	1487758	0.3703514985570404	0.3782718707172301	0.38192131469470203	27868	0.05476256355083527	0.05476256355083527	0
0.9927978515625	1334392	0.35593538238058997	0.36626146568271206	0.37626120230344656	29312	0.04928219054090579	0.04928219054090579	0
0.91064453125	1781288	0.3712326077091252	0.3828211970812912	0.41112159082174116	28396	0.05968504426676908	0.05968504426676908	0
0.91064453125	1301412	0.3559032653559546	0.3669173907074233	0.4004319880833293	28142	0.059168869251779936	0.059168869251779936	0
0.9786376953125	2732800	0.41126057678550243	0.41620519708499176	0.38760162800449477	29654	0.04396895744008312	0.04396895744008312	0
0.990234375	2918756	0.40457088315073997	0.40997809490157416	0.3908635742694961	29280	0.049673662075446275	0.049673662075446275	0
0.9180908203125	1695544	0.37402693933419345	0.3830910021559373	0.3972501017542515	28118	0.058093979041453254	0.058093979041453254	0
0.9776611328125	1486702	0.36645403388608916	0.3775084053655584	0.38502433637045574	29284	0.06326887131705812	0.06326887131705812	0
0.9716796875	995158	0.4165270878631134	0.4292475363654449	0.3580605581255972	29506	0.060177876167786776	0.060177876167786776	0
0.987548828125	2688874	0.40769505583298105	0.4133596811117068	0.3829209586417582	29900	0.04558881797575068	0.04558881797575068	0
0.865966796875	2140246	0.36345516350721346	0.3724517280568287	0.43038878109754813	27176	0.07257465308824436	0.07257465308824436	0
0.9830322265625	2527068	0.37936891049369703	0.3837204469287949	0.3853784118392963	29516	0.06604650256365294	0.06604650256365294	0
0.982177734375	3173186	0.42248536348563204	0.429368730288277	0.4067254785188565	29508	0.07876897682996595	0.07876897682996595	0
0.965576171875	2660312	0.4145479224374242	0.41811129087242466	0.3818617954857307	29062	0.04631136421302449	0.04631136421302449	0
0.9873046875	1451678	0.41947051924719375	0.42616613697322325	0.37155817876950475	30238	0.048594010959891985	0.048594010959891985	0
0.983642578125	2943482	0.3984079635058993	0.40109487278858086	0.3989273432450129	29422	0.04850002529265506	0.04850002529265506	0
0.9912109375	3748898	0.37747516487668764	0.38233323334266806	0.40379389582050346	30412	0.048615667884474585	0.048615667884474585	0
0.9859619140625	1585510	0.5053069700615435	0.5099271538765394	0.3522553179886853	28522	0.09421957692968302	0.09421957692968302	0
0.984130859375	1501756	0.415644864072196	0.4248250614062856	0.3560160881569143	28866	0.05542105287390348	0.05542105287390348	0
0.9888916015625	1275262	0.41822964966419757	0.4254077423756834	0.3480593713634863	28410	0.07681789628111564	0.07681789628111564	0
0.981689453125	1001792	0.4210539794814796	0.43090791029213293	0.34133324690510175	28458	0.06495704693346571	0.06495704693346571	0
0.9803466796875	1242722	0.4432561617911719	0.45359040966620867	0.3373298236773234	27750	0.05980845314446395	0.05980845314446395	0
0.981689453125	3720072	0.5497004813313546	0.5534005780610417	0.3960258301705395	29816	0.07887507219172947	0.07887507219172947	0
0.985107421875	1304946	0.379892264398843	0.39087260738020607	0.3695735144011074	29042	0.05706727478014326	0.05706727478014326	0
0.895751953125	4741104	0.4120855864440996	0.41488509158061304	0.4677781024873921	28978	0.06537494568157143	0.06537494568157143	0
0.97314453125	4097864	0.40827492873261034	0.4096620614229465	0.4215476136741425	30450	0.041959715358750864	0.041959715358750864	0
0.9779052734375	2929290	0.4145485645227878	0.4177650851500309	0.39926690417383776	29568	0.04797608748698418	0.04797608748698418	0
0.985107421875	1172806	0.3911385749366527	0.39930317144501987	0.3360581269643532	27070	0.05498518077200401	0.05498518077200401	0
0.9031982421875	1697942	0.35482293210157917	0.36070060942033616	0.40847255258658927	28062	0.05994230091161439	0.05994230091161439	0
0.9031982421875	1598390	0.36482093550047767	0.37167906837701764	0.40971532209676537	28744	0.05375610357528728	0.05375610357528728	0
0.9949951171875	1273682	0.4124184322671974	0.4207127394613502	0.3436821289699222	28502	0.06996580621536198	0.06996580621536198	0
0.8883056640625	1956658	0.3240061739407722	0.32970650105453775	0.43948666195705605	28182	0.04703050240612149	0.04703050240612149	0
0.9822998046875	1384606	0.38705887037473913	0.39586184923434936	0.37424753258778914	29194	0.06316689060491577	0.06316689060491577	0
0.97021484375	1256738	0.3721539909595437	0.3819541242791835	0.3730404131701676	28750	0.07214981695155682	0.07214981695155682	0
0.986328125	1077392	0.43073147283858876	0.4424944136679652	0.34981001374555337	29112	0.08334779546918375	0.08334779546918375	0
0.925537109375	3113330	0.40567113541121175	0.4131008874875099	0.41820067842811337	28616	0.06419910300462152	0.06419910300462152	0
0.97021484375	1122140	0.3813910855831745	0.39288623264721717	0.3797331845572421	30046	0.06030595298258859	0.06030595298258859	0
0.9976806640625	2643870	0.38613008592203757	0.39240762384023636	0.3868236197851318	30072	0.059361623828208136	0.059361623828208136	0
0.955322265625	1947732	0.3588290211439297	0.3727501072820724	0.4236125898542534	29284	0.0712932778387712	0.0712932778387712	0
0.9786376953125	2718624	0.40657077300397004	0.4107359116565767	0.3736991997327257	28412	0.05524798259898869	0.05524798259898869	0
0.9776611328125	1362638	0.380702844786953	0.39476709276700533	0.3717426048345935	28298	0.05648687369957964	0.05648687369957964	0
0.8734130859375	2201402	0.31414288104581056	0.3163601323791027	0.4490826680732838	27110	0.0549102879106154	0.0549102879106154	0
0.993896484375	1634884	0.5163068703195621	0.5219803664482442	0.3525561100654602	29404	0.0760934400556912	0.0760934400556912	0
0.9910888671875	1957980	0.44318706832112276	0.45515090474242	0.3749797872398493	28476	0.09512891045137445	0.09512891045137445	0
0.9969482421875	1366912	0.36190723887780424	0.37196118021653085	0.3799114138555542	30168	0.06267987056677457	0.06267987056677457	0
0.9915771484375	1662446	0.37349333329518525	0.38297115415361166	0.386649801729349	29478	0.06317357523212104	0.06317357523212104	0
0.9725341796875	1484942	0.4144453210046348	0.4218188329598645	0.35769499275095135	28262	0.0571320854696962	0.0571320854696962	0
0.990966796875	1119234	0.3901786281401281	0.39950385689146023	0.34243845412565627	28400	0.06931448164369451	0.06931448164369451	0
0.9840087890625	1262106	0.39079227552588297	0.3992672452832613	0.35438599116195585	28406	0.05660704387488386	0.05660704387488386	0
0.9404296875	1411936	0.3763400666254917	0.3886127227297467	0.3839642520316846	28876	0.059436373233298756	0.059436373233298756	0
0.985107421875	1001308	0.4053469766289631	0.4167909874131728	0.3434287205807167	28926	0.06357411681897145	0.06357411681897145	0
0.9793701171875	4125150	0.41946988989872214	0.4215491998753655	0.39862946671228744	29706	0.04295120323736528	0.04295120323736528	0
0.9664306640625	1538260	0.41269133185176116	0.415854630578194	0.3636641012556891	28460	0.07525323695259382	0.07525323695259382	0
0.9404296875	3171698	0.4015614506667508	0.4043108424647841	0.4244552617437402	29454	0.04582264496530186	0.04582264496530186	0
0.98828125	2467454	0.39127132153924693	0.3958450485216067	0.41507931782781976	30056	0.053117988716007876	0.053117988716007876	0
0.970458984375	1910082	0.34645976811674184	0.3584783910725509	0.4071346305098798	29024	0.06017073958233049	0.06017073958233049	0
0.994873046875	1539704	0.3774277289013408	0.38959426158313	0.3776059284151209	29398	0.060023190279027756	0.060023190279027756	0
0.9776611328125	1281222	0.3896724968506206	0.399853277868684	0.35565311029822255	28160	0.051275770051043335	0.051275770051043335	0
0.925537109375	3749804	0.3795059809572387	0.3856335746300868	0.4144718119517405	28938	0.04258936255408044	0.04258936255408044	0
0.9779052734375	1440196	0.4188107273710027	0.4275252038053918	0.3731270591272391	29486	0.05824583692301532	0.05824583692301532	0
1.0	1234912	0.3964049530038177	0.40344741117113436	0.3476396325145497	28422	0.07765443897812783	0.07765443897812783	0
0.97021484375	1437472	0.4124957869875332	0.4246090443137944	0.36279599661598566	27934	0.07087844403984908	0.07087844403984908	0
0.9404296875	1878956	0.3400547447377611	0.34950613599900454	0.42521461750570816	29284	0.059750072992038376	0.059750072992038376	0
0.9849853515625	2227690	0.4133633426979712	0.4242103045721773	0.39526340455148024	29282	0.08475913403320647	0.08475913403320647	0
0.980224609375	1903414	0.4504303868485426	0.4607099737061769	0.38155933815614224	28584	0.08784304510071278	0.08784304510071278	0
0.9627685546875	1529306	0.4505085589730353	0.4592594400360271	0.377678675272469	28766	0.078461656687894	0.078461656687894	0
0.880859375	1916280	0.3059594767667743	0.31535522464023297	0.4414702852354941	28010	0.04471658969780839	0.04471658969780839	0
0.925537109375	1839210	0.36583718879231886	0.37465897640192747	0.4136394300702495	28826	0.06215015490776801	0.06215015490776801	0
0.9876708984375	3831678	0.5724878040489008	0.5749964102278257	0.39300572049547533	29776	0.0746737772844442	0.0746737772844442	0
0.9700927734375	1971294	0.47834235922035456	0.48391356324610046	0.37178401694240715	28802	0.0668681592200392	0.0668681592200392	0
0.985107421875	1680226	0.44696654225625826	0.4595938660524815	0.38605849505884393	29878	0.08296186860213069	0.08296186860213069	0
0.98095703125	1232014	0.39849845295838443	0.4084999031869927	0.3623386983554975	29480	0.062290720247206256	0.062290720247206256	0
0.9818115234375	1192654	0.4066195837466295	0.4136742451929088	0.3504995008467311	28828	0.06819595888300087	0.06819595888300087	0
0.983642578125	1107280	0.42724519079055895	0.4417469586418635	0.349406452429083	28306	0.09562578292047218	0.09562578292047218	0
0.9920654296875	2651856	0.367947795521499	0.37425979744289545	0.3922844315772454	29446	0.052086361057516205	0.052086361057516205	0
0.9404296875	1549924	0.40065693612700154	0.40788342412645195	0.3728917953535231	27468	0.07114392123628474	0.07114392123628474	0
0.9404296875	1883788	0.345723781710437	0.3523637144311864	0.4288527624221324	29630	0.07121311932023298	0.07121311932023298	0
0.9627685546875	2120188	0.3993463250084302	0.4114780417568394	0.40763126449123166	28640	0.07769333637549858	0.07769333637549858	0
0.95556640625	1887208	0.3842952454155315	0.39831340923437647	0.40609017264112945	29124	0.06416780226859897	0.06416780226859897	0
0.991455078125	1437520	0.3745249409262294	0.38924992221606	0.37163883924371494	28634	0.06270408124751695	0.06270408124751695	0
0.95556640625	2655792	0.3651887169728874	0.37114193033908394	0.4149966215461865	29836	0.04650845679592996	0.04650845679592996	0
0.89599609375	1508960	0.34906615176422773	0.36011887584995456	0.4035807675022291	27452	0.04687313205510368	0.04687313205510368	0
0.9329833984375	2257714	0.31289741595109494	0.3214579869477411	0.4046340376883894	28296	0.056256854585235154	0.056256854585235154	0
0.9847412109375	1022822	0.4260574330893446	0.4375467375732214	0.3378783067073204	28364	0.06370212139958957	0.06370212139958957	0
0.9847412109375	2682888	0.37371597023265646	0.3816902175354289	0.38661462836254884	28930	0.053366097271832995	0.053366097271832995	0
0.9990234375	2140496	0.5329300024019483	0.5378560242411956	0.35971122537101224	29022	0.08826899771370307	0.08826899771370307	0
0.99755859375	2686886	0.400668469283517	0.4060628653761719	0.38653460084809493	30390	0.049276434326992184	0.049276434326992184	0
0.9779052734375	1481544	0.37463275258664724	0.3879468445086271	0.3656265989201926	28088	0.05305180627085739	0.05305180627085739	0
0.9627685546875	2060924	0.3781711781773868	0.3894586829665232	0.4010540890106103	29192	0.06937796347076096	0.06937796347076096	0
0.969482421875	2375494	0.39918754922353766	0.40497953790252933	0.36477330086379595	28380	0.05213119996687574	0.05213119996687574	0
0.9810791015625	1329110	0.41219582106054015	0.4190859461785148	0.3565897845842117	28940	0.05990139487287707	0.05990139487287707	0
0.9329833984375	1885484	0.3374469578308756	0.35094383435860727	0.41922253766016765	28670	0.07695943380123214	0.07695943380123214	0
0.973876953125	2804094	0.4053723410689037	0.4088266433458427	0.39875774536128367	30096	0.054019938816143566	0.054019938816143566	0
0.9879150390625	1446682	0.4163810987691377	0.42355408870740524	0.35592226322929615	28996	0.061180864948805896	0.061180864948805896	0
0.9888916015625	2568816	0.4099854816595849	0.41555638132723605	0.37156214911591423	29118	0.0471490259897007	0.0471490259897007	0
0.940673828125	1358350	0.3675217723906959	0.3775256745332061	0.3855899362644411	28610	0.05818995896358354	0.05818995896358354	0
0.999267578125	1897182	0.35497260401735903	0.36885750524890204	0.39769729989339164	30444	0.06759897292073976	0.06759897292073976	0
0.988037109375	1328180	0.35792560455974654	0.36844625159957395	0.37579005150568684	29320	0.05143256975043938	0.05143256975043938	0
0.9801025390625	1934302	0.440612080721688	0.4475884441790911	0.37869005180694226	29598	0.06811461860792202	0.06811461860792202	0
0.970703125	2113440	0.3476693756538827	0.35845917421273965	0.41573805658743646	29568	0.058436234139627403	0.058436234139627403	0
0.955322265625	2370274	0.49017387269171014	0.49846680446806874	0.3852879766100357	29240	0.07224658463754972	0.07224658463754972	0
0.97021484375	1537810	0.37811345980280087	0.3877445254956311	0.38302225714353694	29062	0.06623651729302238	0.06623651729302238	0
0.925537109375	1582776	0.3727535880942725	0.3799506434567456	0.40152614238701606	28682	0.057409669649763406	0.057409669649763406	0
0.987060546875	1709734	0.4782988942290644	0.4846051556386219	0.3657162323202357	29574	0.08571179014429199	0.08571179014429199	0
0.9798583984375	2997550	0.40816780748558007	0.41230072547344837	0.4098348919535027	30298	0.04798615540351556	0.04798615540351556	0
0.97509765625	4245466	0.42312713444937994	0.4239549174007502	0.41285197195705137	30128	0.05052525881343805	0.05052525881343805	0
0.9713134765625	1258052	0.4165778083191886	0.4219077863671666	0.352604418950015	28586	0.07367755222708003	0.07367755222708003	0
0.895751953125	1658178	0.3632299465588497	0.3711691298984054	0.41302492584320843	28004	0.05640070043810402	0.05640070043810402	0
0.993896484375	2530416	0.4563858297533561	0.46106112028504587	0.39401106116162055	30282	0.060221950269763756	0.060221950269763756	0
0.91064453125	1355754	0.35620791303067817	0.366680358015032	0.4159712307127353	28424	0.08358714203361982	0.08358714203361982	0
0.97021484375	1486130	0.39149394630378215	0.40008501291809134	0.36814211159311094	28426	0.057624347254848614	0.057624347254848614	0
0.806884765625	2253210	0.3676716413626671	0.37101550176281733	0.44321697525055903	25348	0.06574610290869588	0.06574610290869588	0
0.9830322265625	1347906	0.3894132800535323	0.3968312252885195	0.37116965273034647	29352	0.06573444715816452	0.06573444715816452	0
0.9404296875	1905892	0.4119599774102593	0.4231123931751024	0.39979081922189547	28564	0.07483186798932542	0.07483186798932542	0
0.9404296875	1648590	0.40390132996907946	0.4119603274561676	0.39693178915887795	29602	0.06423820649062041	0.06423820649062041	0
0.895751953125	2098924	0.3717711413260097	0.3795196355516086	0.42487912214510587	27694	0.0946056170244653	0.0946056170244653	0
0.9891357421875	1839056	0.4028020146275757	0.41061842962903233	0.3837472323005439	29952	0.05599756983502612	0.05599756983502612	0
0.987548828125	810344	0.3894854035165604	0.39959376521452944	0.3353521105429429	28474	0.07262607046212181	0.07262607046212181	0
0.999267578125	2069392	0.34775885919465876	0.3629154738371106	0.40530444163074514	29960	0.07560240430885327	0.07560240430885327	0
0.984375	1320240	0.4104220583867498	0.4181600719170484	0.3590254431739945	28854	0.06768411565679015	0.06768411565679015	0
0.9776611328125	2292150	0.4466953285600586	0.45408520728333396	0.40390397659560384	30378	0.0688882169249986	0.0688882169249986	0
0.985107421875	1849340	0.4481917373464421	0.4604688739307825	0.36872115211130985	28218	0.08138302835565572	0.08138302835565572	0
0.9825439453125	1343770	0.44209090677397606	0.45046672116160164	0.34149626103036773	27860	0.060096235541200325	0.060096235541200325	0
0.98876953125	2302956	0.4374515011700883	0.4444296985588061	0.39299178128046747	29558	0.07482247121797131	0.07482247121797131	0
0.989990234375	3758592	0.56521687912633	0.5688228068663664	0.3985995994549247	30342	0.07099676592127428	0.07099676592127428	0
0.9786376953125	2606800	0.5376052467039891	0.5402497394008404	0.3887653468089122	29736	0.0658978933438591	0.0658978933438591	0
0.9847412109375	2190482	0.37780020330297975	0.3882891376091944	0.4011295705774687	29400	0.06651863469607604	0.06651863469607604	0
0.9801025390625	1207582	0.4074094941209993	0.4156812332237192	0.34937937365381777	28346	0.06380596584362008	0.06380596584362008	0
0.99169921875	1082168	0.40540125998845905	0.4139247072265288	0.3539565525041255	29528	0.054920257272052055	0.054920257272052055	0
0.955322265625	1333816	0.3824977645005658	0.39113213105646016	0.3792318464859343	28524	0.058308684447220184	0.058308684447220184	0
0.9752197265625	1303150	0.4539603840531113	0.4632352819097061	0.36834855183027265	29378	0.08426406261919188	0.08426406261919188	0
0.9791259765625	1830102	0.4436593357125844	0.4484086110803284	0.3645017955206756	29414	0.04419000266731605	0.04419000266731605	0
0.9918212890625	1058806	0.4075909495288495	0.4186945597838532	0.34603325237192695	28498	0.05379748565645769	0.05379748565645769	0
0.9866943359375	2358670	0.41021168415352377	0.4180144848437901	0.41695232894557005	30722	0.07423360759012036	0.07423360759012036	0
0.9849853515625	2450380	0.364979238487016	0.37042673965235445	0.39008345876677625	28904	0.05840031486621722	0.05840031486621722	0
0.97021484375	4039162	0.5228216454073096	0.5282415951909071	0.419959727373509	30088	0.068777512731637	0.068777512731637	0
0.9180908203125	1396644	0.3566625505106566	0.36507537608506424	0.39377636083414297	28050	0.05487308730665291	0.05487308730665291	0
0.9896240234375	1308004	0.41100388031457724	0.4183595077267512	0.3558533106967274	29020	0.0733021625599222	0.0733021625599222	0
0.9775390625	2945062	0.3815800701397394	0.3882635530393615	0.4188489659213015	30574	0.04988462083053862	0.04988462083053862	0
0.986083984375	1323486	0.4125984624820201	0.4194604737166112	0.358134564718708	28952	0.061447318876048714	0.061447318876048714	0
0.98291015625	1823136	0.4773727657128543	0.4813771530946642	0.3501470527263492	28634	0.05951072582373836	0.05951072582373836	0
0.9927978515625	2317322	0.4501405237260734	0.45413623899320027	0.3964153311951921	30640	0.061432327439615415	0.061432327439615415	0
0.9874267578125	1403960	0.40932040146672993	0.41300023722173	0.3642116264041982	29318	0.07415085949093149	0.07415085949093149	0
0.99755859375	1506380	0.4167481179270216	0.42375218116247054	0.3558333942850646	29010	0.05924198611324232	0.05924198611324232	0
0.8441162109375	1374802	0.36022244315855656	0.3656628166519387	0.4301240978074756	26578	0.10589300039461763	0.10589300039461763	0
0.925537109375	1627806	0.36594860806674095	0.37557292581781704	0.4129904954566915	29354	0.0634385396591188	0.0634385396591188	0
0.9761962890625	2399864	0.38992056720331125	0.3948568197039197	0.3847968954274685	29862	0.05312634612200334	0.05312634612200334	0
0.9801025390625	3134590	0.4107389922733065	0.41380022690056456	0.4102439728669814	30120	0.039543170909987664	0.039543170909987664	0
0.9979248046875	1471792	0.3868228473541972	0.3963454319772279	0.36762900070063087	29738	0.05632227144531216	0.05632227144531216	0
0.99072265625	2350994	0.3822805005802203	0.3886288902517809	0.3805415445020343	29948	0.05953913981420708	0.05953913981420708	0
0.996337890625	900422	0.39330752793844725	0.4070572091526717	0.3403336875592009	29240	0.07451271118069223	0.07451271118069223	0
0.9111328125	1467414	0.3648680397483644	0.37169765640096775	0.39000695563822574	27762	0.06044219552439267	0.06044219552439267	0
0.9034423828125	1798400	0.3633730016656463	0.37300489539447423	0.41798679595900484	27538	0.06542890552078069	0.06542890552078069	0
0.969482421875	1181240	0.41618417552346726	0.42068140264036774	0.35548513699666767	28230	0.06689448902576543	0.06689448902576543	0
0.9757080078125	3002452	0.44355906072235923	0.44734388092570737	0.4151427982902664	30232	0.06707205056449515	0.06707205056449515	0
0.99072265625	1949082	0.41372976949791423	0.4250138075931574	0.39938057189974646	30114	0.07898246950236405	0.07898246950236405	0
0.981689453125	1275988	0.3979688954704095	0.40518839189336225	0.36487382635127225	29288	0.06685038782636103	0.06685038782636103	0
0.9180908203125	1608262	0.3688417068569192	0.37895914836909766	0.4056754653797429	28362	0.05806745365402143	0.05806745365402143	0
0.989501953125	1362072	0.4329424742084102	0.4385076565485728	0.35581140868053024	28346	0.08385894592106734	0.08385894592106734	0
0.955322265625	1083786	0.38452479086221764	0.4024420000151139	0.3778440627253728	28942	0.061958730682793624	0.061958730682793624	0
0.9884033203125	1480814	0.452140477097741	0.45991489005709596	0.3498254278256237	29160	0.08431393199508642	0.08431393199508642	0
0.9879150390625	2014610	0.3788569754278229	0.39784457681830254	0.3863349485382	28434	0.06899315259439624	0.06899315259439624	0
0.9329833984375	1775356	0.3871089443587716	0.3935967536335332	0.412558154789743	29536	0.07427172180822827	0.07427172180822827	0
0.996337890625	1979242	0.4123574739544626	0.4235031549104485	0.3955849709066203	29844	0.08955180915053945	0.08955180915053945	0
0.96337890625	1507970	0.39051790977617445	0.39917605171555914	0.375724304547852	28478	0.06224292672761433	0.06224292672761433	0
0.99072265625	2160634	0.3949912172017324	0.40677121140518785	0.38823885336755487	28764	0.08772478855441447	0.08772478855441447	0
0.9908447265625	2221924	0.36651572638817576	0.3792056508793428	0.40919742036213075	29668	0.0726568237346617	0.0726568237346617	0
0.9725341796875	1252652	0.41354321214910933	0.4191132032189104	0.34679177263377653	28102	0.0707843483634585	0.0707843483634585	0
0.9478759765625	2866474	0.36411964108992895	0.3708589845428257	0.407124065182823	28736	0.048504712612604424	0.048504712612604424	0
0.95068359375	4665194	0.5879880936380709	0.5884519550851071	0.42725392303503784	29204	0.08185585944016811	0.08185585944016811	0
0.9664306640625	1485270	0.42999695425688317	0.43538901259992807	0.34279099449356987	27416	0.057864139264380776	0.057864139264380776	0
0.9180908203125	2427734	0.3588897132916284	0.366337822491394	0.40525297614368655	28354	0.045147780076194965	0.045147780076194965	0
0.9847412109375	1634866	0.40277222385588946	0.40637037751221516	0.3841614353884088	30250	0.059605171831085234	0.059605171831085234	0
0.987060546875	3059558	0.3941057988999872	0.397039919629485	0.4027923715785749	29206	0.05475029528737585	0.05475029528737585	0
0.98486328125	3190446	0.41112597682776447	0.41387249970509415	0.40269526017566437	29380	0.04750281004277298	0.04750281004277298	0
0.9404296875	1554850	0.35891189776739724	0.3675508137157087	0.399737484486472	28950	0.052968426900321074	0.052968426900321074	0
0.991455078125	1063736	0.39367421173236833	0.4012448728813573	0.3542025339115696	29080	0.06112298351531401	0.06112298351531401	0
0.9884033203125	1156248	0.40142483483819524	0.4122718133175575	0.3330773137233068	27608	0.055599189793741156	0.055599189793741156	0
0.895751953125	1759188	0.3690842885516299	0.37603144322900733	0.4179502465609355	28186	0.07355276821060405	0.07355276821060405	0
0.9964599609375	1299798	0.3922273043662332	0.4047901730893177	0.3625409479287764	29300	0.07135179703790578	0.07135179703790578	0
0.9908447265625	2646080	0.3986497166232494	0.4036738969997166	0.37691148911803013	29244	0.05520671449629854	0.05520671449629854	0
0.955322265625	1959350	0.41217316086916606	0.4232686274147766	0.39823008485811556	28138	0.07258491747521054	0.07258491747521054	0
0.9818115234375	2765836	0.5277033555880315	0.5318782332299737	0.3821763176936146	29188	0.0752487771753911	0.0752487771753911	0
0.9830322265625	1268312	0.4181084011963619	0.42596143798836267	0.35209195669409016	28688	0.06402037225919936	0.06402037225919936	0
0.9825439453125	3591854	0.38093683743569434	0.38416125296313125	0.39044891828728273	29186	0.05958226165794652	0.05958226165794652	0
0.991455078125	945504	0.3956460705587574	0.40950978169770563	0.35273035641085043	29156	0.07365985718780327	0.07365985718780327	0
0.955322265625	2145848	0.3605431034490987	0.36782090523878735	0.4307736952355518	30112	0.07122440803469199	0.07122440803469199	0
0.880859375	1761816	0.34262004536533014	0.34732659299963614	0.4297239548605516	26944	0.048795563695529946	0.048795563695529946	0
0.9725341796875	942300	0.44136564300098846	0.4478667816151278	0.33435662609946365	27832	0.08666307186929867	0.08666307186929867	0
0.969482421875	2254754	0.4480392739913442	0.45683059340117227	0.38502501574650233	29180	0.0745125207102517	0.0745125207102517	0
1.0	2018380	0.4323849185777311	0.4410092060259967	0.39117903780656654	30186	0.07702893638964907	0.07702893638964907	0
0.986083984375	1018184	0.4042866472067234	0.41598310661705523	0.3553692936302066	29728	0.06868042780542093	0.06868042780542093	0
0.8885498046875	2015918	0.3418819831804581	0.34458417769191213	0.4416483231297678	27834	0.07869976239308926	0.07869976239308926	0
0.9783935546875	1521084	0.34844103646750213	0.3605031114402016	0.38301051348015464	28604	0.05236881202662085	0.05236881202662085	0
0.9866943359375	3203708	0.3990541839794742	0.40264899983342356	0.41815192974865134	30494	0.0861146369288185	0.0861146369288185	0
0.98974609375	1560136	0.4920260789320348	0.5024064444967716	0.35311426680693714	28528	0.08822515533729569	0.08822515533729569	0
0.9034423828125	1708608	0.3440599213432634	0.35766390818078114	0.42070295245369266	28306	0.09038165626633145	0.09038165626633145	0
0.9964599609375	2070664	0.38708951852380075	0.40188898746231105	0.40717304256144576	30126	0.07307755626402791	0.07307755626402791	0
0.9404296875	2706642	0.368726783896572	0.3769350434040771	0.40686151205401694	29092	0.0482156528378714	0.0482156528378714	0
0.9700927734375	3435312	0.4844163083484474	0.48767833616843476	0.395683650898107	29526	0.0615356883151216	0.0615356883151216	0
0.91064453125	1638382	0.3565820132357201	0.3649816497292719	0.40987499979782055	28454	0.04982561155358763	0.04982561155358763	0
0.987548828125	1045672	0.40881268557526	0.41910718790436025	0.34460645192050254	28028	0.07378051681232468	0.07378051681232468	0
0.9783935546875	1872776	0.450409711561171	0.46005031531119617	0.375873876239432	28598	0.08064544020913399	0.08064544020913399	0
0.9813232421875	900448	0.39321784893572337	0.4032789776698443	0.336300761110007	28210	0.06444991515637183	0.06444991515637183	0
0.9820556640625	2935922	0.424145131971875	0.4300669510441715	0.4016795684228214	28826	0.06604035373964719	0.06604035373964719	0
0.9329833984375	1402656	0.37689661398018864	0.3878523149539998	0.3876502150598206	28600	0.05631001872410445	0.05631001872410445	0
0.9849853515625	2619572	0.3676499315713008	0.3713794816553424	0.3828724925085694	28860	0.06232291999473802	0.06232291999473802	0
0.98388671875	1680756	0.5001139459555868	0.502690187909831	0.37129796851947955	29692	0.08493512792969106	0.08493512792969106	0
0.969482421875	3790320	0.41946908381334597	0.4211983967305455	0.3800321654559464	28546	0.047758156797060546	0.047758156797060546	0
0.9776611328125	1386276	0.4102021248581762	0.4202639996856748	0.3781569598151627	29728	0.08587560174079413	0.08587560174079413	0
0.9481201171875	1290110	0.37616617038822087	0.38500442451620837	0.3757650735625136	27626	0.05805433797132408	0.05805433797132408	0
0.926025390625	1533186	0.36297982304961507	0.3712611168284394	0.39995581813368775	29110	0.056613316326754176	0.056613316326754176	0
0.9896240234375	1803178	0.36283485775217184	0.37204845494846367	0.391239816308996	29694	0.05665792181251636	0.05665792181251636	0
0.9478759765625	1546246	0.3616970178684027	0.37380857716352156	0.40218695072112337	29280	0.06353282526298239	0.06353282526298239	0
0.9404296875	1959010	0.43997293525132064	0.4482532722768748	0.4012879026939083	29292	0.07623446127627541	0.07623446127627541	0
0.9031982421875	2390936	0.46344589283799026	0.472693270260729	0.408267344710393	28206	0.06901713462839489	0.06901713462839489	0
0.98779296875	2085922	0.3960303665227107	0.40775894392356693	0.3868371132216159	28584	0.07636651448863636	0.07636651448863636	0
0.98046875	1539714	0.5026415076074157	0.507054023104804	0.3443292880469544	27946	0.08728757308607664	0.08728757308607664	0
0.9776611328125	1222890	0.37936264986421925	0.38962840599885756	0.3630140182820669	28250	0.06706990743572715	0.06706990743572715	0
0.985595703125	1963526	0.45074276874081565	0.4590191516455497	0.3916303152935901	30378	0.07672632558649821	0.07672632558649821	0
0.9925537109375	2615646	0.3793842925780728	0.3856392645121623	0.3805719557407227	28854	0.059451373452570504	0.059451373452570504	0
0.880859375	2716304	0.33467868066022083	0.33829555757796664	0.43756733742696025	28140	0.04011082162139522	0.04011082162139522	0
0.9853515625	1093362	0.4049329697683615	0.41693537362850486	0.3556040613282618	28920	0.08531154046178101	0.08531154046178101	0
0.9910888671875	3338104	0.40077485869526175	0.40368267139032504	0.4155922248756296	31028	0.059437234339467016	0.059437234339467016	0
0.94091796875	1853424	0.35024364660835333	0.35930204500119206	0.4160837855534751	29138	0.05397244420609581	0.05397244420609581	0
0.9854736328125	1532452	0.385599494815861	0.3969198837178675	0.37359012147235315	28818	0.05969588283708299	0.05969588283708299	0
0.9862060546875	1631984	0.49175123509661994	0.49724960801309176	0.36285562244175634	28770	0.09390498320694624	0.09390498320694624	0
0.9912109375	1544002	0.3855890733074694	0.398109592171969	0.37779417540629856	29022	0.062087559979917516	0.062087559979917516	0
0.986083984375	2558334	0.3833816346728449	0.3883812163757847	0.3817932112650733	29356	0.0608816910633951	0.0608816910633951	0
0.955322265625	3148624	0.36772571447343433	0.3730518201547839	0.42729680745424187	29572	0.04584038373910574	0.04584038373910574	0
0.9329833984375	2725262	0.37212510907038826	0.38056789098624244	0.42845584603777204	29258	0.06324615751283184	0.06324615751283184	0
0.9937744140625	1290498	0.3723806001340239	0.38228248350921334	0.36969694881319004	29440	0.06844328970592109	0.06844328970592109	0
0.9630126953125	1308700	0.380972846491221	0.3921790072355686	0.3702992227325183	27970	0.056058868101138276	0.056058868101138276	0
0.983154296875	1189232	0.42420128598884627	0.43421337653502184	0.34787680513070857	28152	0.08411360757727541	0.08411360757727541	0
0.981689453125	2645662	0.39981348803260647	0.40365800591865875	0.38546718832343746	30026	0.047598399326572866	0.047598399326572866	0
0.993896484375	4839344	0.38842447879462666	0.39316147301324444	0.39486635565994904	29644	0.04828791796453168	0.04828791796453168	0
0.9859619140625	1248396	0.3990062253011573	0.40495774245079447	0.35699568689988753	28546	0.07216249508414178	0.07216249508414178	0
0.9776611328125	1210188	0.39329475692424154	0.4050539879650574	0.36066081564220603	28566	0.07503040511005753	0.07503040511005753	0
0.880859375	2354466	0.39239552483967494	0.40008314900908865	0.42621666232984357	27524	0.0713821088022459	0.0713821088022459	0
0.96337890625	1613058	0.4970773025803276	0.5022879108511634	0.3672574265380786	28462	0.08902732123022204	0.08902732123022204	0
0.9815673828125	2195770	0.37430235572963927	0.38002892403780203	0.3710528236108666	28518	0.07620814603747321	0.07620814603747321	0
0.9329833984375	1382502	0.37661720179927966	0.3867691968307388	0.37418452466512037	27740	0.06417329830616945	0.06417329830616945	0
0.988525390625	1905614	0.43993974007740855	0.4475026152872605	0.38396201690959453	29810	0.08498038871424285	0.08498038871424285	0
0.9884033203125	1618772	0.4259798244107082	0.4327732286472817	0.36490824147061346	29176	0.058797362204713564	0.058797362204713564	0
0.9031982421875	2874830	0.35178121902989945	0.3561876626324733	0.42676909097987004	28550	0.047959447777464	0.047959447777464	0
0.9847412109375	1050802	0.3859023637964751	0.39727009419322906	0.35219986981404167	28584	0.0643459761257021	0.0643459761257021	0
0.97265625	1876290	0.34878990345869304	0.358795471710955	0.42015215568108877	29276	0.07161558237218742	0.07161558237218742	0
0.9627685546875	1074946	0.37715063777594865	0.38711891659907244	0.37100138931834353	29020	0.06506136997529498	0.06506136997529498	0
0.996337890625	1523934	0.4128011789197666	0.4200723286492574	0.3637895039084622	29780	0.06808422102178133	0.06808422102178133	0
0.997802734375	1341398	0.4479910701912786	0.4547979961394839	0.3705724716754107	29530	0.09453605372835756	0.09453605372835756	0
0.981201171875	901666	0.41480171220761636	0.4243937730359631	0.3344510211419954	27974	0.07299646879268247	0.07299646879268247	0
0.9805908203125	1257724	0.4211400661495137	0.429263685098532	0.34254619193362373	28272	0.05784961583475365	0.05784961583475365	0
0.974853515625	1533390	0.4122375035798942	0.42025187056236263	0.3747223645460494	29080	0.06202258744577278	0.06202258744577278	0
0.9853515625	1824992	0.36431872034295215	0.37533283262340356	0.398506313888304	29624	0.06847574002940723	0.06847574002940723	0
0.990234375	1334970	0.3910890538310763	0.3969369046570723	0.36718603993520654	29422	0.06093654875053253	0.06093654875053253	0
0.993896484375	2211566	0.3430958962818523	0.3507697602623865	0.42531454160571514	30606	0.06761665474612773	0.06761665474612773	0
0.9481201171875	2123698	0.3491223373377376	0.3551957262761734	0.43776721876576935	29506	0.07942482830158794	0.07942482830158794	0
0.98046875	1238950	0.4061415632239845	0.4187264371873301	0.36470666815342717	28870	0.0798236262889763	0.0798236262889763	0
0.9334716796875	1254554	0.36264092569964806	0.375581290011109	0.37020134942834476	27372	0.05867012253819156	0.05867012253819156	0
0.880859375	1818260	0.3275379245967472	0.3333324450623348	0.4305993371657076	27484	0.037663969821500325	0.037663969821500325	0
0.98974609375	1473822	0.4123672596991345	0.4216261518483901	0.35483420167669316	28580	0.058882999896842654	0.058882999896842654	0
0.9937744140625	1508958	0.4317760459485092	0.43870658108479205	0.3512917584092358	29122	0.05876958918532774	0.05876958918532774	0
0.865966796875	1346442	0.3463324700180847	0.35025933545676313	0.4275447428334163	26990	0.07318111609546006	0.07318111609546006	0
0.97021484375	1268110	0.3747574926778246	0.38326589118993654	0.36666601397977433	28328	0.05819348768182647	0.05819348768182647	0
0.9664306640625	1480978	0.4454733774204242	0.4484554623093637	0.35864859988073633	28416	0.07945839758328836	0.07945839758328836	0
0.9847412109375	3881768	0.41435143587887086	0.41857420187767264	0.3918576464431949	30318	0.040356344374058176	0.040356344374058176	0
0.98828125	1276462	0.40879297496481115	0.4174080578826858	0.3613392874784804	29748	0.06122733662703329	0.06122733662703329	0
0.9932861328125	2512882	0.3811453495091303	0.39304650972017113	0.42433823566761225	29974	0.08585629266400717	0.08585629266400717	0
0.98291015625	1499202	0.47366896270466885	0.47818619952587	0.36012952116975677	28902	0.08501559941621828	0.08501559941621828	0
0.995849609375	1287658	0.42968367623193493	0.43946603833596404	0.35001809997073763	29480	0.06382049069889785	0.06382049069889785	0
0.9329833984375	1891276	0.3553210251710277	0.3684544522278827	0.39942144914677447	27950	0.054154037317049035	0.054154037317049035	0
0.9180908203125	1644332	0.3553058005625572	0.35949812671251546	0.42768509183558767	28610	0.08037023627359509	0.08037023627359509	0
0.9962158203125	1845422	0.38611284692902265	0.40072538759059095	0.3919027853411705	30000	0.0842064329098723	0.0842064329098723	0
0.981689453125	1864488	0.42740802109125026	0.4405940045747778	0.3746080603270833	28106	0.09400204289638629	0.09400204289638629	0
0.984375	1129972	0.4054174163032859	0.4111774625564777	0.3476335327164602	28992	0.06235520730561122	0.06235520730561122	0
0.9183349609375	1699492	0.3622227418707018	0.372701829787126	0.4116793416395503	28896	0.058206156516572544	0.058206156516572544	0
0.8883056640625	1598582	0.3579453427626598	0.3666133400096467	0.4082188925935495	27604	0.050154817677562656	0.050154817677562656	0
0.98779296875	1555336	0.4444307887944103	0.452446085426389	0.35366614488904163	28922	0.0638931498108641	0.0638931498108641	0
0.99951171875	1015728	0.38078080961747157	0.39262662100145035	0.3579085878425019	29452	0.06876153619642868	0.06876153619642868	0
0.9478759765625	1332928	0.37569200033373096	0.38805863379463684	0.3765922881405199	28132	0.051840336794972096	0.051840336794972096	0
0.8441162109375	1636168	0.34873973626138094	0.3560566005215959	0.418073074262733	26600	0.053198128980681	0.053198128980681	0
0.9991455078125	796860	0.3882468586869147	0.4008794867586101	0.3296198006930559	28438	0.06624742740002124	0.06624742740002124	0
0.98486328125	1279730	0.4031871985071445	0.4104784564617685	0.35902532409466104	29000	0.06252458565749842	0.06252458565749842	0
0.981689453125	1740794	0.4899084185914319	0.4969706856081033	0.37156557382678584	29306	0.08273722729709898	0.08273722729709898	0
0.9866943359375	1108672	0.37718364968057855	0.3852080295290818	0.37003813011928716	29850	0.06325909184773994	0.06325909184773994	0
0.9869384765625	4215140	0.4164414641343357	0.41780053192946404	0.41112333982467414	30652	0.04405745961760752	0.04405745961760752	0
0.925537109375	1972184	0.46136819711426197	0.47064575676892445	0.39720821194748385	28400	0.06691337222983502	0.06691337222983502	0
0.9908447265625	2707956	0.32944616471757515	0.33366652647111633	0.4260992733216437	30522	0.061680362811486374	0.061680362811486374	0
0.985107421875	3151506	0.3810546865440123	0.3857648923667763	0.41212911237530553	30556	0.055964363832840404	0.055964363832840404	0
0.9593505859375	1674258	0.33939936842035795	0.34633226647348786	0.4088466098654712	28184	0.048110467874774986	0.048110467874774986	0
0.92578125	1873834	0.3563101905351054	0.3660431946768101	0.42331886084287934	28678	0.058589674074184674	0.058589674074184674	0
0.9876708984375	1189894	0.42652329235334524	0.43392653418193466	0.3382794259069728	28388	0.07446192871369395	0.07446192871369395	0
0.9866943359375	2290848	0.387376491305744	0.39314685894877505	0.37867905419024134	28936	0.06367273304983273	0.06367273304983273	0
0.9952392578125	1348362	0.3512019153929402	0.36457127194318834	0.38879338101587074	29810	0.05896597326393337	0.05896597326393337	0
0.865966796875	837722	0.3092734634894985	0.31974848094661146	0.3824222078570765	26400	0.052661023476796055	0.052661023476796055	0
0.97021484375	1292892	0.38098329024479516	0.39315383720726865	0.3702896798974902	28316	0.0564750392431329	0.0564750392431329	0
0.981689453125	1524652	0.4123108867298117	0.42033298286354587	0.37298000973313544	29430	0.07789684708425312	0.07789684708425312	0
0.984130859375	3909898	0.40980192059833814	0.4127618486268365	0.3867247243341778	29114	0.04868652806940447	0.04868652806940447	0
0.9891357421875	1247190	0.38808634006154796	0.3972376034061687	0.36157102204601776	29210	0.06501292381973336	0.06501292381973336	0
0.9805908203125	1347746	0.4453640693109491	0.45368388326971304	0.3625060955237504	29418	0.06882341292746122	0.06882341292746122	0
0.97021484375	1880490	0.42052792658274346	0.4310977657406289	0.3906853562008356	29586	0.07349513277274423	0.07349513277274423	0
0.9725341796875	1232518	0.4330848438588963	0.4435329893442275	0.3619894850389999	28638	0.07800041974918474	0.07800041974918474	0
0.986328125	1562174	0.5108488223450927	0.5163860862017948	0.3525787413597636	29318	0.0820619191891762	0.0820619191891762	0
0.9786376953125	926134	0.43003713385961323	0.4400620081110141	0.3261347088604298	27796	0.06839835171449554	0.06839835171449554	0
0.9769287109375	2202948	0.3816238458055685	0.3885301070858272	0.3674407656340611	28866	0.07605054499931657	0.07605054499931657	0
0.9842529296875	1224134	0.40871110246260783	0.4163755027716985	0.3455410960106385	28660	0.058247316524594	0.058247316524594	0
0.9755859375	1032726	0.4129671048380365	0.420556566320388	0.34934616304739863	28924	0.06497037878739703	0.06497037878739703	0
0.97021484375	1259790	0.3895483744560975	0.3983834982051488	0.3615058576348064	28190	0.06513017725054517	0.06513017725054517	0
0.988037109375	2839412	0.40838335004480214	0.4117727631888303	0.3814505756143824	29216	0.05196045705646063	0.05196045705646063	0
0.993896484375	1565490	0.3513780056985934	0.36188787640443104	0.39423674360638133	30154	0.05834449432766319	0.05834449432766319	0
0.880859375	1835848	0.37459362210580344	0.3824664724225146	0.42504379907003864	27970	0.059686538200460874	0.059686538200460874	0
0.982177734375	1336962	0.3983010331963954	0.40645421562625805	0.3700257557574795	30072	0.05348935347829101	0.05348935347829101	0
0.9332275390625	2660822	0.36542963753307117	0.3734483200300962	0.41308939905164116	29172	0.0385782225185115	0.0385782225185115	0
0.985107421875	2832914	0.404882655440671	0.4101285892716014	0.39887936370042526	30388	0.056449859600870206	0.056449859600870206	0
0.9700927734375	2486554	0.3631574080585043	0.37239090316333584	0.40535426060414353	29824	0.06814196081410447	0.06814196081410447	0
0.9627685546875	2099038	0.43836280185430443	0.4432153767332198	0.38286331437846216	28618	0.06424356764114862	0.06424356764114862	0
0.99365234375	2338576	0.3844538001706546	0.39053099593012286	0.37611363600282904	29530	0.06859944270972418	0.06859944270972418	0
0.9864501953125	1427722	0.4314445394345996	0.4387250656321055	0.33957190733983117	27610	0.07510647529118543	0.07510647529118543	0
0.97021484375	1924920	0.4323477958573427	0.44441998175128594	0.3992857988716337	30282	0.0707459995613795	0.0707459995613795	0
0.9776611328125	2084688	0.4001675389251729	0.40979895749900547	0.39855244121321265	28974	0.08487875253076584	0.08487875253076584	0
0.9727783203125	2775466	0.38968953455965805	0.395183691133079	0.400191460428124	30020	0.052339165368351516	0.052339165368351516	0
0.925537109375	1632804	0.3717814759177552	0.38173622095265575	0.40297726713051635	28262	0.0545781826063619	0.0545781826063619	0
0.9755859375	3990846	0.40481583422932305	0.40721080420605554	0.4116387424461885	30624	0.04954680928910452	0.04954680928910452	0
0.986328125	2909028	0.39737313891276416	0.40210959321943124	0.3971441463334006	30280	0.04939164470606506	0.04939164470606506	0
0.994140625	1634184	0.3336865962336108	0.34193332662715265	0.4007365299364267	30006	0.058400001373102584	0.058400001373102584	0
0.910888671875	1807030	0.3276665353617125	0.3326817836675737	0.4265954456008026	29040	0.0446990975268225	0.0446990975268225	0
0.9627685546875	2252024	0.4994240160991348	0.5073790072463081	0.3931179762865811	29064	0.09131031557313778	0.09131031557313778	0
0.9837646484375	1574056	0.42595710525085834	0.4332238921020127	0.36200518512948454	29172	0.05342101779926962	0.05342101779926962	0
0.970458984375	1367014	0.38792585487164316	0.39927318419572666	0.3697555766499733	28964	0.05380211403690466	0.05380211403690466	0
0.9979248046875	1531078	0.3725574793237744	0.38309641499191355	0.37788365383608835	29372	0.06049742509741518	0.06049742509741518	0
0.9329833984375	2171660	0.40052933766990223	0.40990082762155433	0.41910860111803433	28208	0.05735036586967513	0.05735036586967513	0
0.925537109375	1462076	0.3663477372513028	0.3757174840094452	0.38745732103219654	27962	0.0676317186210983	0.0676317186210983	0
0.9813232421875	2539472	0.39312350885158676	0.397250103347844	0.38469542324977574	29166	0.05321490221871495	0.05321490221871495	0
0.9627685546875	1731098	0.3868419915424015	0.39530589946923683	0.3962337150400244	29608	0.07468535626284677	0.07468535626284677	0
0.9801025390625	2649714	0.37559264423664995	0.3817612350685949	0.3877979699707664	29226	0.05411331570808863	0.05411331570808863	0
0.984619140625	958302	0.3806970406974585	0.38780062669402965	0.3566659933488589	29386	0.07526704076052769	0.07526704076052769	0
0.9786376953125	1687106	0.504440904267542	0.5093187277024422	0.36317873975850395	28948	0.08655687683648267	0.08655687683648267	0
0.996337890625	2807386	0.38401427047860576	0.38852780130184716	0.3898778996113628	30160	0.05725623892272144	0.05725623892272144	0
0.9854736328125	1422112	0.41979527942413014	0.4291840809933471	0.3530005235092539	28722	0.06796294720611448	0.06796294720611448	0
0.9805908203125	1603724	0.43085116479290203	0.4364465551359855	0.373564299374649	29400	0.07573886828699757	0.07573886828699757	0
0.955322265625	2179852	0.383493845902082	0.39248704719266053	0.41746080582633477	29104	0.07372509430636383	0.07372509430636383	0
0.9786376953125	2579464	0.39697364185083384	0.4009511117346843	0.3768101759624148	29114	0.05414151754159723	0.05414151754159723	0
0.9329833984375	1074386	0.38529350250389643	0.39363214716562306	0.3751563103886059	27734	0.06271580170609863	0.06271580170609863	0
0.9893798828125	1602790	0.4967177953323279	0.5052307821829042	0.355736346599701	28664	0.07908193927257505	0.07908193927257505	0
0.989990234375	1308598	0.41298086807558504	0.42110792692435556	0.36295195973875743	29444	0.05910201961626646	0.05910201961626646	0
0.9892578125	1095918	0.37042927550124477	0.38122215899677125	0.36329740434942454	29196	0.061325795490424405	0.061325795490424405	0
0.984375	3087242	0.4034483968199487	0.4066280208697201	0.4099982319597812	29920	0.05049965116676331	0.05049965116676331	0
0.99072265625	1352674	0.4721874373615886	0.47831814588176336	0.3557252039676091	28738	0.09241698082102472	0.09241698082102472	0
0.9954833984375	2534236	0.3982590702362254	0.40635853157634244	0.37070225322038236	29706	0.044181815584197266	0.044181815584197266	0
0.976806640625	1107270	0.3945885693846917	0.40228516201090775	0.3603250754064901	28712	0.057053005042258416	0.057053005042258416	0
0.970458984375	1314986	0.3701563599581152	0.3827400192791903	0.3776998030211582	28258	0.06156850852780318	0.06156850852780318	0
0.9478759765625	2873958	0.37688347031781433	0.3826330080458298	0.4110107075004626	29578	0.05357204589942587	0.05357204589942587	0
0.9952392578125	1941942	0.44888297184568	0.4574392154973863	0.36932187247720144	30072	0.0578651347832525	0.0578651347832525	0
0.8736572265625	2162200	0.3634144054136517	0.37047319920529076	0.4406923181250017	26906	0.08946836941292792	0.08946836941292792	0
0.991943359375	1821290	0.35673340271748377	0.36664241899247463	0.3939539592548032	29218	0.061215217317758426	0.061215217317758426	0
0.9801025390625	2180208	0.4316900868067716	0.43912880405528504	0.3833109113110768	28818	0.07248148013276046	0.07248148013276046	0
0.9627685546875	2931658	0.43688233126255577	0.4427663416025449	0.4252508801361019	30086	0.07022326526648319	0.07022326526648319	0
0.998291015625	2117828	0.45301611542840187	0.45825582275788995	0.3874653917924374	30320	0.06678887215533381	0.06678887215533381	0
0.9896240234375	1677458	0.4056707951975664	0.41237009853528955	0.38467812357435194	30278	0.06216424344954551	0.06216424344954551	0
0.986328125	1121414	0.43101433835366126	0.4390755372907511	0.3489419166375412	29176	0.06707557884384564	0.06707557884384564	0
0.895751953125	1147580	0.3067186267056846	0.3170104523457667	0.41379461039147153	27828	0.047130469044712575	0.047130469044712575	0
0.8734130859375	1805666	0.348076393306203	0.35078004474228863	0.4336400479063974	27754	0.06542043065510147	0.06542043065510147	0
0.92578125	1549906	0.4483640659385997	0.4589572551200359	0.39159069589374723	29144	0.0679093982877385	0.0679093982877385	0
0.9786376953125	1410002	0.4116757755790674	0.41958371532629885	0.35532908773472865	28590	0.05524568821914799	0.05524568821914799	0
0.98095703125	1697670	0.43747237563063884	0.4429167859413159	0.3769173203403157	30176	0.05352160542358198	0.05352160542358198	0
0.996826171875	1196766	0.3881377285544239	0.39593629479060594	0.351307561227878	28746	0.05731129187735722	0.05731129187735722	0
0.985595703125	911600	0.40071215546655803	0.4118910665257205	0.3485538415902387	29236	0.07558023183187572	0.07558023183187572	0
0.9932861328125	2054282	0.3242222415981459	0.33118183592416034	0.43043384148643865	29562	0.05253254404279429	0.05253254404279429	0
0.9478759765625	2213788	0.404872085575142	0.4154700138868459	0.416962542857604	29316	0.07808487694544863	0.07808487694544863	0
0.9627685546875	1289466	0.3875076293590413	0.40255708946938196	0.3777887554459529	28838	0.07116290209743142	0.07116290209743142	0
0.9871826171875	1218648	0.40354283312824246	0.4132661503274446	0.35034151584703627	28492	0.0668450689329836	0.0668450689329836	0
0.98583984375	1488732	0.4153871338377449	0.42158075356999136	0.35769858081794753	28782	0.059654397941184274	0.059654397941184274	0
0.9404296875	1569336	0.36357185894030947	0.37638238942619023	0.408317593042324	29434	0.055606527219904785	0.055606527219904785	0
0.9881591796875	1217816	0.396755737954899	0.4080212364553142	0.3469461114146973	28044	0.06987892371855253	0.06987892371855253	0
0.97900390625	2251270	0.4545971468740669	0.4604982143859902	0.39010165335680674	29832	0.07161100216289498	0.07161100216289498	0
0.925537109375	1627250	0.3866798122008368	0.3973356373308555	0.39605262568094374	28692	0.06353307889986345	0.06353307889986345	0
0.895751953125	2170920	0.39015777469776086	0.3970916280602675	0.4288236421352157	27920	0.07588234678962809	0.07588234678962809	0
0.9847412109375	888664	0.41809059841587876	0.4294960945713267	0.32926266665271997	27692	0.0783272338436597	0.0783272338436597	0
0.8883056640625	1583322	0.3441136480747246	0.3519678150737031	0.4148310630405012	27822	0.05792978436825246	0.05792978436825246	0
0.9921875	1485678	0.3698209679491639	0.38017199868445156	0.3773297664967776	29078	0.06615895016356108	0.06615895016356108	0
0.97607421875	2262640	0.3514873326743761	0.3562005697144505	0.3928608675024634	29056	0.06460515455485144	0.06460515455485144	0
0.9874267578125	1239812	0.39381908166983587	0.4022394655223341	0.3617291864715382	29144	0.060786763892287675	0.060786763892287675	0
0.97021484375	2186188	0.3660517420287002	0.3736215049934127	0.3914747766596675	28784	0.08254312516170775	0.08254312516170775	0
0.9749755859375	2664654	0.41748200814808173	0.421566852774832	0.36923788552057357	28570	0.046657563082587804	0.046657563082587804	0
0.9840087890625	1437804	0.4119089962561422	0.423557042537497	0.3742322956974801	29448	0.0651767603545391	0.0651767603545391	0
0.996337890625	1411272	0.36465411453100766	0.3768016154723903	0.3699858682774215	29274	0.06803743940901157	0.06803743940901157	0
0.9627685546875	2109346	0.36197164385174974	0.372004918545722	0.41324420632274345	29854	0.0748729290784184	0.0748729290784184	0
0.9180908203125	1248762	0.38261856152133067	0.3925520951385446	0.3748996644609445	27738	0.06203759672250043	0.06203759672250043	0
0.970458984375	1759186	0.3444002491913422	0.3538756085945185	0.42525525616249565	30150	0.056337775940629435	0.056337775940629435	0
0.925537109375	1621864	0.3676101009959682	0.3757166306042648	0.407939224530734	29226	0.05682542834528261	0.05682542834528261	0
0.91064453125	1453256	0.3879773636900106	0.3964567642773877	0.39930922774822947	28506	0.07524720105555828	0.07524720105555828	0
0.9881591796875	1232682	0.41382035215797325	0.422876833857109	0.3440373580482384	28264	0.0637218137939095	0.0637218137939095	0
0.9776611328125	1640086	0.4642015253784572	0.4774153016918807	0.3743133539808252	28504	0.08792020447156212	0.08792020447156212	0
0.983154296875	1624034	0.44522412564649705	0.4510912300562948	0.3603806412669708	29052	0.055007538172500155	0.055007538172500155	0
0.925537109375	1339934	0.36096990120444494	0.3701249993386652	0.39453298161079936	28134	0.053199860266743844	0.053199860266743844	0
0.9404296875	1608310	0.3589020154507742	0.3714844473980147	0.4088381631636335	28822	0.060403033559926884	0.060403033559926884	0
0.9031982421875	1973172	0.3287724562361038	0.34005052820899945	0.43867967814615666	28126	0.06367556100426151	0.06367556100426151	0
0.9478759765625	1666038	0.34786429170822775	0.3603594749348737	0.41552990814349844	29752	0.07252701942784327	0.07252701942784327	0
0.9478759765625	2069034	0.3732465303968923	0.3854312266501499	0.4072480238438812	28786	0.06593226738089224	0.06593226738089224	0
0.9810791015625	2812068	0.4209944891850923	0.4260674218436163	0.3909191933273419	29208	0.06645436417142041	0.06645436417142041	0
0.999267578125	1265794	0.41444884975733504	0.4207048305381939	0.3436594201356593	28698	0.06098453465548364	0.06098453465548364	0
0.9788818359375	1862484	0.4708662073596917	0.4763127023686718	0.3593266961106512	28162	0.07641536221846441	0.07641536221846441	0
0.973876953125	3439566	0.47623025097085697	0.47927711645894794	0.3978883543444154	29726	0.07157149716852901	0.07157149716852901	0
0.985107421875	2127398	0.40605001913271105	0.4186783997062465	0.4051928965106139	29630	0.09492762982596918	0.09492762982596918	0
0.9755859375	1953604	0.4701391201554956	0.4751325409282268	0.3792758174377208	29648	0.0792370618347402	0.0792370618347402	0
0.926025390625	1873446	0.3528305724524809	0.3592094069501488	0.4235625827327387	29230	0.05683323116918096	0.05683323116918096	0
0.9329833984375	1747888	0.3839477887113847	0.3955835631757483	0.4002268882616094	28536	0.07002997786893171	0.07002997786893171	0
0.990478515625	1127618	0.41537194034044095	0.42695259983461137	0.328883698784381	27070	0.06996092959650595	0.06996092959650595	0
0.91064453125	1761970	0.3248534879614553	0.32921433277076484	0.4312186113719496	29062	0.05227874830675281	0.05227874830675281	0
0.9598388671875	4461716	0.5003049973902876	0.502600278492407	0.4147211737204113	29818	0.06472920147211159	0.06472920147211159	0
0.979736328125	2167506	0.44859180188192654	0.45676912538474346	0.3809351190681816	28906	0.06993762608101972	0.06993762608101972	0
0.9908447265625	2694034	0.4082230269775859	0.4118450653851436	0.3873873679686992	29812	0.0578103681096104	0.0578103681096104	0
0.9180908203125	1517536	0.3646712234049676	0.3739417904498945	0.40270123857607115	28470	0.05975158869003335	0.05975158869003335	0
0.9755859375	1317646	0.3643356919378496	0.3773174660261968	0.3780404359956239	29228	0.06026190381296417	0.06026190381296417	0
0.9827880859375	1802296	0.40544118354448694	0.4113118610106847	0.3745579574335063	29408	0.0779566278519488	0.0779566278519488	0
0.9827880859375	3063060	0.40284120499330117	0.4060248285550643	0.3958562574293367	28938	0.05050404713508407	0.05050404713508407	0
0.9847412109375	3626450	0.4502049656411538	0.45317104464890456	0.39772265890386044	29264	0.05914071084537712	0.05914071084537712	0
0.985107421875	3180966	0.4039664869741768	0.40981411882182667	0.4163288329774155	30350	0.0771933952700523	0.0771933952700523	0
0.94091796875	1290662	0.3663693797426589	0.37452871774303637	0.376399336586593	27916	0.06363931893264767	0.06363931893264767	0
0.98681640625	940654	0.40591245954424987	0.41343515988184576	0.33317624067817625	27730	0.09824233674256021	0.09824233674256021	0
0.9805908203125	1341532	0.4226657301520129	0.42821964693672626	0.36137784080709373	29564	0.050747755045579414	0.050747755045579414	0
0.99951171875	1154108	0.4339190811081499	0.44277999988959077	0.34676805386359294	29084	0.07061925299005385	0.07061925299005385	0
0.9854736328125	1140242	0.4252876211070542	0.431860477389124	0.3338088867271447	27844	0.08253997244291883	0.08253997244291883	0
0.9749755859375	2733036	0.40583478754901653	0.40988352575983483	0.3864291921534106	29426	0.04699400507289331	0.04699400507289331	0
0.9404296875	1486098	0.37023648336026777	0.37830776708736286	0.3956735238868611	28634	0.07731969560301995	0.07731969560301995	0
0.9942626953125	1418136	0.4338820120037605	0.44209136684665534	0.3591084362117764	29340	0.07633733691507948	0.07633733691507948	0
0.8585205078125	1592480	0.35132915321237596	0.35841328770908504	0.41651728744407857	26824	0.04699935738083116	0.04699935738083116	0
0.9697265625	954144	0.4124583396266594	0.42063988701520616	0.34864294071063173	28270	0.08747586159261994	0.08747586159261994	0
0.990966796875	1362970	0.41122809346406447	0.4202600527050772	0.3691598559005232	29178	0.09430856508968118	0.09430856508968118	0
0.993896484375	1364746	0.4178254655767173	0.42664040218733806	0.35167131409749236	28914	0.06995641515029423	0.06995641515029423	0
0.98388671875	2319474	0.38841934457321514	0.3939221105267043	0.37814976359873786	28612	0.061341793192317196	0.061341793192317196	0
0.998291015625	1687608	0.3385051066325575	0.3453865023907858	0.3998888640463673	30144	0.04423988859868567	0.04423988859868567	0
0.9627685546875	1631660	0.44311113012520426	0.4534702349206717	0.39546346791891757	30500	0.07910789782537417	0.07910789782537417	0
0.940673828125	1630710	0.4307583282137764	0.4415256046063893	0.3981536064541021	28684	0.09071265201261197	0.09071265201261197	0
0.974853515625	1010992	0.41456774502974797	0.4253805500797015	0.3508321414312805	28580	0.05997213526308879	0.05997213526308879	0
0.97021484375	1541246	0.3769734438659102	0.3867188603916889	0.37872678380394825	28826	0.05688203150419909	0.05688203150419909	0
0.9879150390625	1536070	0.3409685181803844	0.3487297365163358	0.3923671912008581	29100	0.04907910387178226	0.04907910387178226	0
0.9786376953125	1876086	0.44663951243808553	0.4567649392298799	0.3691145608379313	28028	0.09238408454219986	0.09238408454219986	0
0.99609375	1590204	0.41685329197319043	0.42311853903802726	0.3638929797372388	29506	0.053070054797193573	0.053070054797193573	0
0.91064453125	1505894	0.3679957659652519	0.37508809117633396	0.39652569800748094	27736	0.053572883621729156	0.053572883621729156	0
0.9627685546875	2744614	0.4819052466758417	0.48900998509407584	0.41138648841004866	29930	0.07693209150280221	0.07693209150280221	0
0.9844970703125	1567548	0.3654839220750719	0.37374706377135825	0.3860329860512595	29332	0.05631982937558767	0.05631982937558767	0
0.9786376953125	1634902	0.4234538721409607	0.42915879640997784	0.3664614067161858	29414	0.04851405333946934	0.04851405333946934	0
0.9912109375	2172800	0.38550063891694314	0.39836684225272495	0.3958303754648229	29480	0.07918511412493373	0.07918511412493373	0
0.9903564453125	1642158	0.3766101888048334	0.3879159046575478	0.39647586793888806	30382	0.06250825860598798	0.06250825860598798	0
0.9627685546875	1560330	0.3766964182632195	0.3848804785189098	0.39570267296512235	29702	0.06641675648478443	0.06641675648478443	0
0.9859619140625	1437064	0.38006369312906796	0.3909906575163309	0.38169307804544506	29180	0.06010106822607955	0.06010106822607955	0
0.925537109375	1678558	0.44197616977524384	0.4511980328939311	0.38797703319450644	28124	0.07995210188905037	0.07995210188905037	0
0.9639892578125	3252944	0.36011150245037354	0.3701171119433037	0.40911955102233016	28190	0.05022092402667933	0.05022092402667933	0
0.89599609375	1776460	0.37879460244452107	0.38715682654745254	0.41663392355596035	27788	0.09321113399605291	0.09321113399605291	0
0.997802734375	868874	0.40593170829332187	0.4178684714118956	0.33080794040304623	28198	0.08361845454085738	0.08361845454085738	0
0.9849853515625	822022	0.40035144822445257	0.4119702018567173	0.32454956159683485	27476	0.08878472411671827	0.08878472411671827	0
0.985107421875	1203516	0.3773395614958482	0.3870773501819303	0.36252415485670636	28918	0.05824819258874415	0.05824819258874415	0
0.982177734375	2935548	0.40440727583098995	0.40787297788540683	0.4005465176422937	29926	0.045317499256107584	0.045317499256107584	0
0.9404296875	1638450	0.36655638302073834	0.37553346082232625	0.39825544428205295	28756	0.056845113780722815	0.056845113780722815	0
0.94091796875	1583962	0.37600109634515805	0.38509649283163233	0.4115888146636908	29766	0.07670912558190952	0.07670912558190952	0
0.9478759765625	1310656	0.35811431461901183	0.3670002781368202	0.3893153187849827	28934	0.06493989365023783	0.06493989365023783	0
0.9798583984375	2181702	0.4427268038105167	0.44842359021798633	0.3903508577962804	29968	0.07328583957303164	0.07328583957303164	0
0.9949951171875	1598060	0.41525042797380496	0.4201706158261263	0.363624644885983	29226	0.05451052520008703	0.05451052520008703	0
0.9814453125	1801662	0.45069888095808713	0.46281282548411506	0.37533822575057924	29038	0.08624106301401858	0.08624106301401858	0
0.9627685546875	1589766	0.3595768949823528	0.3683467745317266	0.39453514906121895	29068	0.04875995351780137	0.04875995351780137	0
0.9847412109375	1426052	0.47962943820738796	0.4859063526561242	0.34335729707155654	28130	0.08299641604985743	0.08299641604985743	0
0.9481201171875	2860594	0.3570001416726307	0.3650098207364689	0.4169899047578585	29474	0.047625717483173936	0.047625717483173936	0
0.9837646484375	1487692	0.42191354855385593	0.4337861476587559	0.36149282745447175	29468	0.051873240274179035	0.051873240274179035	0
0.9921875	1170064	0.37634139440297026	0.38670293635437875	0.3496901361120977	28778	0.0632979141318235	0.0632979141318235	0
0.9830322265625	2339334	0.5007337435465127	0.509589377842677	0.37198541245906996	28814	0.07274528904364418	0.07274528904364418	0
0.9736328125	4349444	0.42215328776665384	0.4250490190352336	0.41338335492576844	30236	0.04889320339057548	0.04889320339057548	0
0.99365234375	1554666	0.4415871020485877	0.44885182871107404	0.3568169525236771	29598	0.07601696853770777	0.07601696853770777	0
0.9180908203125	1584232	0.38353579347188127	0.3905188775909334	0.4042553969452727	28734	0.07112281873970888	0.07112281873970888	0
0.9630126953125	1848050	0.35707575436428546	0.3677086821973936	0.4045826086678772	29250	0.055702902929953495	0.055702902929953495	0
0.9111328125	1676400	0.3566436494555527	0.36561519644480445	0.4224234383319163	28600	0.07166373320083454	0.07166373320083454	0
0.9844970703125	1531404	0.3813067293982692	0.3875165468327684	0.3788405837238378	29606	0.059953915420973614	0.059953915420973614	0
0.9976806640625	2508832	0.46047234448647595	0.4634829106732392	0.3968387846643655	30908	0.063192013804944	0.063192013804944	0
0.9857177734375	948634	0.3798346783986075	0.39174663582660857	0.3509743939603727	29100	0.06075304859298269	0.06075304859298269	0
0.9940185546875	3183806	0.3924321898975525	0.39982970512569543	0.4119581371128167	29974	0.08681469017846277	0.08681469017846277	0
0.9630126953125	1765046	0.36949170924245983	0.3815345353388442	0.3856060614739751	28344	0.07272275128250892	0.07272275128250892	0
0.9820556640625	2255266	0.3659583583960524	0.3720989331830767	0.377575429093151	29244	0.06025728767653186	0.06025728767653186	0
0.988037109375	1199106	0.3979621101895425	0.40552818714307226	0.3555251150841994	29224	0.06975226565293956	0.06975226565293956	0
0.9781494140625	1324890	0.3603661432788166	0.37226537949626987	0.3793922251806636	28940	0.05783008148633172	0.05783008148633172	0
0.9329833984375	1843606	0.4021823222271044	0.41305245942549185	0.4039635446613747	28726	0.07740581767392557	0.07740581767392557	0
0.881103515625	1029150	0.30388745872400225	0.3117727982286864	0.4226949556536825	27844	0.06365528102569569	0.06365528102569569	0
0.970458984375	1347274	0.3852863216750358	0.39543799764012827	0.3700642247962211	28262	0.05131144697155803	0.05131144697155803	0
0.9761962890625	995394	0.39448754986922935	0.40281008085150843	0.3431602696866658	27956	0.07610414297519978	0.07610414297519978	0
0.9891357421875	2647816	0.4209682185948043	0.4249776846137476	0.37395243449505694	29302	0.04476892371541321	0.04476892371541321	0
0.9404296875	2069650	0.413697777174763	0.42019183314012337	0.4171288193109963	28878	0.08538587063153931	0.08538587063153931	0
0.9031982421875	1558320	0.3242213504055357	0.3313345199795813	0.42745953588201013	28722	0.04958368013367448	0.04958368013367448	0
0.8436279296875	1465458	0.3837405194099981	0.3910246642520614	0.4063008752541037	26080	0.08376144140686903	0.08376144140686903	0
0.990234375	1542438	0.39140184580942816	0.4021187237931343	0.37170144509071856	29318	0.06963134562371794	0.06963134562371794	0
0.984130859375	1170508	0.4049173462808094	0.4156431686748032	0.3469748288808003	28514	0.06750355666276449	0.06750355666276449	0
0.9859619140625	1236784	0.4043873894211129	0.41342387264101127	0.3506410354897356	28728	0.0649609134559867	0.0649609134559867	0
0.8585205078125	2361602	0.3626220272314702	0.3661881359816521	0.4374133034626948	26664	0.05653370348401388	0.05653370348401388	0
0.9884033203125	1219404	0.4109800392829903	0.41870050234099154	0.34631384849180885	28618	0.06422183425811444	0.06422183425811444	0
0.9752197265625	2802854	0.3732904203537213	0.3791870244776705	0.41762665682194466	29890	0.058785169176793356	0.058785169176793356	0
0.9180908203125	1615704	0.3780027066655398	0.3854871277129883	0.40845477796147917	29242	0.05514883654242327	0.05514883654242327	0
0.986572265625	3742392	0.37030574111420367	0.37210242200190685	0.42398405182493765	31088	0.0437533544061528	0.0437533544061528	0
0.9852294921875	2360674	0.3597585579839917	0.3707993230067889	0.3932453975521746	29170	0.0646037811801283	0.0646037811801283	0
0.994384765625	1882614	0.4316021394840615	0.44352502116847287	0.3839363754287127	29804	0.09079982654545145	0.09079982654545145	0
0.9810791015625	1681440	0.4377304248605825	0.4438611587321925	0.36546562484920814	29352	0.04693892486198762	0.04693892486198762	0
0.9329833984375	1965298	0.4220417602741091	0.4335827376772294	0.4044245345823274	28870	0.07776738481311773	0.07776738481311773	0
0.99462890625	1339992	0.42485936618921977	0.43306316025175823	0.35912138779741815	29218	0.08296717749902825	0.08296717749902825	0
1.0	1575260	0.48335228524490165	0.49098707105555056	0.3525845177793945	29050	0.07892627067616415	0.07892627067616415	0
0.986572265625	2460698	0.3928446895367191	0.3978220544605555	0.41676921154553753	30326	0.047090106796393257	0.047090106796393257	0
0.9329833984375	2674142	0.3545820008042981	0.3624112939352136	0.42179721579789287	29308	0.07016746072244832	0.07016746072244832	0
0.9776611328125	1561568	0.397342849277668	0.40574298622352556	0.38458223587470936	29720	0.06068332676711822	0.06068332676711822	0
0.9779052734375	1232680	0.40837774306830715	0.41545619889208135	0.3527598750858129	29068	0.058692947068423144	0.058692947068423144	0
0.9786376953125	1965066	0.41932279348241636	0.42584704965642084	0.3564674190646487	28100	0.08200262958004692	0.08200262958004692	0
0.9840087890625	1613714	0.4333366816654985	0.4404007254083635	0.3677807334652552	29528	0.055516712446134875	0.055516712446134875	0
0.9931640625	1404472	0.4051261022223704	0.4099673361756193	0.35938522700819514	29156	0.07107877724322219	0.07107877724322219	0
0.9874267578125	2204488	0.41150311335208273	0.4197673645949147	0.3969877720146943	29236	0.08135441424445695	0.08135441424445695	0
0.99560546875	1227880	0.38976301967147386	0.39825977611416635	0.35437286627409326	29230	0.05246071368282019	0.05246071368282019	0
0.9915771484375	4274350	0.4160756107687254	0.4171206264194168	0.41592135680936054	30450	0.04859279255631987	0.04859279255631987	0
0.9803466796875	1222634	0.3990254695272275	0.411689741858938	0.3542732342146446	28670	0.05495469989740732	0.05495469989740732	0
0.9910888671875	1170600	0.3681518976365066	0.3855441318634382	0.3590206541441469	29158	0.056100668848178915	0.056100668848178915	0
0.9808349609375	1849028	0.4755557890645388	0.47968207249554906	0.35509694518060764	28056	0.07783486356662116	0.07783486356662116	0
0.9710693359375	1338184	0.43252486471270507	0.4412871869208203	0.3557498520479805	29236	0.04716347288746966	0.04716347288746966	0
0.988037109375	1312876	0.42753505138445574	0.43624606974811114	0.3507196909532326	28852	0.059626167538822474	0.059626167538822474	0
0.9833984375	1166304	0.42371107039155675	0.4311935469623473	0.3363946379806962	27848	0.07519900921713081	0.07519900921713081	0
0.9779052734375	2818996	0.38127513141584185	0.38749673723987993	0.39973812166459366	29498	0.0615766316934968	0.0615766316934968	0
0.9404296875	1468162	0.3335981614774508	0.34595931305674044	0.401096556434025	28406	0.054493080985521226	0.054493080985521226	0
0.99755859375	1274476	0.4239736976552031	0.4338391796377601	0.3588706680788525	29856	0.04746023968099581	0.04746023968099581	0
0.9832763671875	2179942	0.543430952046234	0.5505732156026456	0.3692066045078988	29826	0.07394463786928461	0.07394463786928461	0
0.9747314453125	2623484	0.3880315481050313	0.3954007304567033	0.3968214661104487	28750	0.06892935228414537	0.06892935228414537	0
0.9930419921875	1725942	0.32546804178245375	0.3304073191159428	0.4075047878316957	30390	0.04541545658031911	0.04541545658031911	0
0.9183349609375	1903170	0.3491568038601689	0.3558460410363488	0.4319740489062948	28760	0.06429053923498489	0.06429053923498489	0
0.9930419921875	3043920	0.3959431566112035	0.4008278193304316	0.4068576425039288	29970	0.08527587540872773	0.08527587540872773	0
0.979248046875	1240244	0.40047623682639627	0.4093783193927101	0.35608231977410804	29068	0.06471473552987365	0.06471473552987365	0
0.989990234375	1133296	0.3784214146744462	0.38678833971726423	0.3500661525361822	28434	0.06480303174502704	0.06480303174502704	0
0.9515380859375	1663350	0.5015837555370463	0.5075969295120049	0.37073285616015533	28092	0.09218407141090264	0.09218407141090264	0
0.9852294921875	2543452	0.37711600062893047	0.3827016862969561	0.38865704613658775	30002	0.052825565511938594	0.052825565511938594	0
0.9478759765625	2483050	0.3851170919913675	0.3880300484814409	0.42392541006485174	29386	0.04047840967263909	0.04047840967263909	0
0.91064453125	2817040	0.3273761182298877	0.33210971396612016	0.43355732360357985	29072	0.049513315256860126	0.049513315256860126	0
0.99072265625	1042106	0.35881689187227866	0.3724426592323424	0.3701608336804733	29834	0.06214755913542525	0.06214755913542525	0
0.99365234375	905870	0.41287351506625747	0.4207845057122042	0.3201332632248067	27218	0.07420134389847834	0.07420134389847834	0
0.9945068359375	969754	0.3936595294413769	0.40335490603594176	0.34309266308878555	29212	0.06449952200517757	0.06449952200517757	0
0.895751953125	1656962	0.3464768564635285	0.3554874323513357	0.41949885844024754	28132	0.04779087299139361	0.04779087299139361	0
0.990966796875	2097056	0.3370319447939698	0.34788380048282547	0.4097213315186598	29438	0.06202927989780027	0.06202927989780027	0
0.9820556640625	2878110	0.4058663992548146	0.40878012454617324	0.39466949695557774	29180	0.04914761504109106	0.04914761504109106	0
0.990478515625	1515426	0.3896001406134828	0.4031164049927944	0.3766316012924685	29244	0.07160397038352137	0.07160397038352137	0
0.984619140625	1193092	0.4067582333223501	0.4148146718899795	0.36297047328639537	29580	0.06100013165663926	0.06100013165663926	0
0.9908447265625	2787528	0.4027690101336732	0.4079143725124486	0.38034266740118117	29576	0.0483840988847018	0.0483840988847018	0
0.9886474609375	2806518	0.4023539012596489	0.40692981832999636	0.3784184975534907	28886	0.0523276338023985	0.0523276338023985	0
0.9776611328125	2989844	0.41757833463740535	0.4210112036252085	0.4174000840652039	30520	0.06724207405564243	0.06724207405564243	0
0.9908447265625	1143244	0.398404702479444	0.4092017542773128	0.34278272230574275	28576	0.06886981573283676	0.06886981573283676	0
0.984130859375	1721238	0.3275338084406488	0.3325196277649442	0.40544944991204646	29924	0.0405059178040323	0.0405059178040323	0
0.9927978515625	1843396	0.35548043427375703	0.3647457363668596	0.40413466718560653	30362	0.06586952944822304	0.06586952944822304	0
0.925537109375	1802152	0.34769365763841126	0.35544384038339777	0.41735224678120647	28676	0.048847070755458605	0.048847070755458605	0
0.9725341796875	1513742	0.4378845930034694	0.4437487596113891	0.3772512091371378	29762	0.058940188367414444	0.058940188367414444	0
0.9031982421875	1672336	0.34674821275274575	0.35645346780697024	0.42194013837365185	27964	0.050077837066601426	0.050077837066601426	0
0.9854736328125	1587188	0.4954407293753937	0.5020399041803474	0.3536561217694773	28314	0.08650518749675291	0.08650518749675291	0
0.9794921875	1323944	0.4210914324488204	0.429604807061812	0.35004961181421174	28512	0.05335341798395652	0.05335341798395652	0
0.91064453125	1843874	0.38645888219411617	0.39267817906619	0.4098127792401847	28540	0.054139362798478564	0.054139362798478564	0
0.881103515625	1500586	0.3789072732125627	0.38201540229470354	0.41641739649592635	27436	0.09081284195091897	0.09081284195091897	0
0.99365234375	2269876	0.31753567929706306	0.32187999672245654	0.41957343396079577	30286	0.04459584455156909	0.04459584455156909	0
0.9713134765625	1628334	0.42842497653024875	0.43225713706819646	0.36336819350793204	28364	0.06281702351674422	0.06281702351674422	0
0.9849853515625	2651690	0.41096848584501283	0.41451721151996407	0.3764817248433025	29372	0.05170117137338742	0.05170117137338742	0
0.991455078125	1507858	0.38513639653186854	0.3982707099791593	0.37044965781996897	28578	0.06108037945749568	0.06108037945749568	0
0.9332275390625	2174424	0.3935279779285918	0.4049367725944984	0.4125857558383492	28720	0.07624785529468801	0.07624785529468801	0
0.9853515625	1244592	0.41730641784785916	0.4244852172610241	0.3378105375742117	27846	0.06441859663543763	0.06441859663543763	0
0.9031982421875	1808822	0.3450306551916011	0.35273490039343525	0.42664444054934775	28324	0.05468547441566026	0.05468547441566026	0
0.9969482421875	2745310	0.4329078470984707	0.44016069744592334	0.3628655604774909	28580	0.0631774441680982	0.0631774441680982	0
0.9635009765625	2732908	0.3791979834146694	0.38279626835247077	0.40990136618138845	29618	0.054277240215271645	0.054277240215271645	0
0.9833984375	1248490	0.4147976484069946	0.422476537538716	0.3413918692309837	27854	0.05919843609198953	0.05919843609198953	0
0.9031982421875	1450076	0.35732686308724526	0.3684394116720817	0.40158626561068655	27940	0.0707775407140053	0.0707775407140053	0
0.98388671875	1898548	0.44617189066495383	0.45882223272734385	0.38216401626585245	29692	0.07999318165392205	0.07999318165392205	0
0.9776611328125	1016704	0.38727704033370514	0.399567888610574	0.3534382782641003	28536	0.06741616522825178	0.06741616522825178	0
0.9866943359375	1179358	0.39054557310380406	0.4013802652888758	0.3591667945210026	29398	0.06610635680673634	0.06610635680673634	0
0.9945068359375	1009810	0.3848926937718566	0.39737485793032795	0.3541685172877376	29314	0.07380847741900017	0.07380847741900017	0
0.9329833984375	1627014	0.3627141304803407	0.37027349048878827	0.40605443739839076	29156	0.050897495130564796	0.050897495130564796	0
0.9859619140625	1533776	0.378853339915368	0.38728731295588	0.37253317567497213	29042	0.05674276494079993	0.05674276494079993	0
0.990234375	1341620	0.37922910766216716	0.39169286580293594	0.37273085472837075	29526	0.05728613528916015	0.05728613528916015	0
0.9803466796875	1216794	0.4309673176349773	0.4431117885405175	0.3416656427707823	27808	0.058497888615597654	0.058497888615597654	0
0.9932861328125	1239002	0.419450891376337	0.426860047517787	0.3607124598286832	29570	0.052702997874928555	0.052702997874928555	0
0.983154296875	3113470	0.38822602707113	0.39113566987253984	0.4073657888023201	30258	0.05597641888874135	0.05597641888874135	0
0.9478759765625	2294866	0.3383094428097359	0.34490581300163314	0.4444773667385975	30506	0.07063567395869266	0.07063567395869266	0
0.9930419921875	3079888	0.4031222280162163	0.40952652013831564	0.40347442688621477	30020	0.0798902475840728	0.0798902475840728	0
0.9329833984375	2612334	0.3684931178946409	0.3762364097217168	0.40246175506203924	28864	0.049222917568173104	0.049222917568173104	0
0.9892578125	1242084	0.36889480657171586	0.3793697533711599	0.35970585141074	28452	0.06094715796909437	0.06094715796909437	0
0.98779296875	1122768	0.4148239940621085	0.4249051447804275	0.3525210835300419	29256	0.06479782703913449	0.06479782703913449	0
0.9779052734375	1301808	0.37850627601991976	0.39095217542238475	0.3728867493282549	28708	0.06117299694720909	0.06117299694720909	0
0.9478759765625	1730140	0.3439224287720885	0.3584661621734746	0.4163303238234311	28734	0.059577434046593845	0.059577434046593845	0
0.9786376953125	1357832	0.41417835727653163	0.42009939811084324	0.36028077840341743	29322	0.05172221367744847	0.05172221367744847	0
0.991455078125	1355870	0.39529217940995215	0.4011450852319563	0.36929619830648147	29516	0.05738265457080787	0.05738265457080787	0
0.95556640625	2186454	0.4465904919675074	0.4537416600052686	0.39481808212461916	28920	0.07955406306205591	0.07955406306205591	0
0.98388671875	2718012	0.41422059965381947	0.4190701867218041	0.3907353024032861	30474	0.04785143631543482	0.04785143631543482	0
0.9329833984375	1589478	0.3636723037120004	0.3727714821222385	0.40922299702432047	29064	0.06970854097522575	0.06970854097522575	0
0.98779296875	2794748	0.4047121919646697	0.4102434379995014	0.3740485191331456	28786	0.051849851018751954	0.051849851018751954	0
0.98583984375	3079770	0.41300139711629363	0.41963712799415037	0.3907443829651828	28762	0.06636338332113274	0.06636338332113274	0
0.955322265625	1578434	0.39069590816098804	0.39972339026928433	0.38865251178154203	29588	0.05161149533892598	0.05161149533892598	0
0.9180908203125	2005600	0.31616170347800204	0.33427386785819935	0.43834178673448815	29174	0.075482464350955	0.075482464350955	0
0.91064453125	2921376	0.4396432594567114	0.4480375063652163	0.4205441497487559	28534	0.06472964780724652	0.06472964780724652	0
0.9903564453125	1000938	0.3974815145109212	0.4089715350975349	0.35564985564238377	29242	0.06957807406704489	0.06957807406704489	0
0.9180908203125	2238532	0.3805145201283408	0.39141771502847833	0.4356539884578214	29214	0.1012314970747799	0.1012314970747799	0
0.9627685546875	1736252	0.3541544595044072	0.36237937389172364	0.4060407054172601	29546	0.05983691293302024	0.05983691293302024	0
0.987060546875	1103918	0.3713645967709654	0.3819799086589635	0.3738116786517581	29546	0.06020940741846339	0.06020940741846339	0
0.9776611328125	1918552	0.4668616075190117	0.4776695088206023	0.383419009044804	29486	0.07660790116075086	0.07660790116075086	0
0.9835205078125	2573694	0.4015931892255249	0.4054858282512623	0.37572746109707306	29268	0.05422479372715397	0.05422479372715397	0
0.9776611328125	3308002	0.40917067939036916	0.4152896030445194	0.4263432533852833	30882	0.06481798751837263	0.06481798751837263	0
0.9793701171875	1708708	0.4536477956138687	0.4628320434643058	0.3735254772384226	29048	0.076872028133721	0.076872028133721	0
0.988037109375	1094310	0.3789059345386925	0.3868355204522236	0.363611602260758	29268	0.06594095070167681	0.06594095070167681	0
0.9183349609375	1925984	0.331396382555085	0.33828739481570413	0.42551568506177045	27860	0.04904276483284059	0.04904276483284059	0
0.98681640625	2122144	0.40387333046434715	0.4095469790278717	0.3936178077221701	29830	0.055683518269800704	0.055683518269800704	0
0.9923095703125	1508164	0.40118976078884216	0.41098029052724167	0.3617583972544971	28544	0.07597671906332361	0.07597671906332361	0
0.8885498046875	1884242	0.3686705417167941	0.37609172912245764	0.4313587107363015	27978	0.08515203703547845	0.08515203703547845	0
0.9329833984375	1632946	0.3721216827117291	0.3843783249050335	0.39158289204905006	27818	0.058298254366203194	0.058298254366203194	0
0.94091796875	1454432	0.36460176612963235	0.37422806895489047	0.3769137287951532	27560	0.049550835300340844	0.049550835300340844	0
0.8883056640625	2942342	0.42208207060300834	0.42631817497233926	0.4354454866751953	27796	0.06498076674067162	0.06498076674067162	0
0.9627685546875	1529018	0.3822093808287205	0.39116009231597504	0.3852015102943654	28476	0.07359487052215366	0.07359487052215366	0
0.89599609375	1456912	0.3485776914289536	0.3566406880711284	0.40233777670152676	27836	0.06602143446788579	0.06602143446788579	0
0.9031982421875	2062630	0.3388068640557089	0.34984808656615146	0.42754650898447366	28016	0.04491203966796459	0.04491203966796459	0
0.9835205078125	2655570	0.5304466866117953	0.5341264231003312	0.3694460177643082	29368	0.0666498656788493	0.0666498656788493	0
0.989013671875	2485228	0.38354819270460266	0.38920330103003997	0.37664260677821176	29116	0.06567543244037001	0.06567543244037001	0
0.969482421875	1592606	0.49888599276930307	0.5012638622847697	0.3457142265655518	27902	0.07884466156246199	0.07884466156246199	0
0.982421875	1842346	0.4530661635551115	0.4617444311266999	0.38761970584970945	29932	0.06821563003050037	0.06821563003050037	0
0.9404296875	1875366	0.36764581670671626	0.378026126660133	0.4101203378886628	28910	0.0634376250503247	0.0634376250503247	0
0.9853515625	1241778	0.4108131092985345	0.419324315876569	0.3547532829523398	29152	0.07606743381010321	0.07606743381010321	0
0.9925537109375	2409732	0.385663131648875	0.39276625068427323	0.38302488456779965	30216	0.05128867791422306	0.05128867791422306	0
0.9827880859375	2491346	0.3912406181040036	0.3963234672624536	0.379726768553434	28704	0.057405722422753436	0.057405722422753436	0
0.895751953125	1889776	0.350742623974937	0.35790967143417135	0.4309817004675072	28430	0.0713020620600386	0.0713020620600386	0
0.9813232421875	1160368	0.3864221158830132	0.3950354463760118	0.35543976621095813	28572	0.06785229500068911	0.06785229500068911	0
0.982666015625	2162882	0.44823339862239503	0.4558921789373218	0.38071454432912516	29416	0.06963249933081174	0.06963249933081174	0
0.9864501953125	2130716	0.40289274633666344	0.4158009817225577	0.3871291330348798	28690	0.07640208216454433	0.07640208216454433	0
0.9932861328125	1323524	0.3484097131598338	0.35800948828559	0.3791164844162758	29666	0.05193207510559198	0.05193207510559198	0
0.998779296875	1461692	0.42034503611819246	0.4275819067754487	0.3612304021312516	29368	0.0502644177535617	0.0502644177535617	0
0.9779052734375	1337744	0.3791254871671772	0.3917821264044612	0.3826832214265404	29212	0.06868419853323486	0.06868419853323486	0
0.9786376953125	2524202	0.39796812843262686	0.4025311462422318	0.3676747116445371	28856	0.06142148566992809	0.06142148566992809	0
0.9923095703125	972870	0.3642471009197889	0.3760493724136447	0.35975770749691116	29768	0.04989708479084087	0.04989708479084087	0
0.943115234375	2212876	0.41088738551353443	0.4217400460862293	0.4144043753209654	29118	0.08266401568618248	0.08266401568618248	0
0.9031982421875	1721302	0.3368304614679358	0.34252895947713813	0.4251291405866901	27506	0.05385871120827252	0.05385871120827252	0
0.92578125	1493818	0.3774335762988874	0.3869962173724613	0.38393192312862795	27278	0.06851011787473024	0.06851011787473024	0
0.99560546875	903494	0.4115936894055285	0.4234142024711176	0.3298551560416701	28240	0.07702984265176559	0.07702984265176559	0
0.9627685546875	2019210	0.34943597762307904	0.35964756602648923	0.42762593647811187	30136	0.06623207340976137	0.06623207340976137	0
0.8590087890625	1682578	0.331662071217077	0.33950882126741316	0.4187345099258908	26902	0.0465425457253461	0.0465425457253461	0
0.9940185546875	1883022	0.4520206215813007	0.4563806523205962	0.37221372953565096	29658	0.07549391092822123	0.07549391092822123	0
0.9185791015625	1852824	0.36267731262072483	0.37010333041159793	0.42646221589346656	28896	0.07667354911636644	0.07667354911636644	0
0.9810791015625	2609834	0.41516437400116807	0.4197847177653565	0.37922393785409786	29076	0.05282604136702551	0.05282604136702551	0
0.955322265625	3019492	0.38404874824850815	0.3882399571670816	0.42479368495636716	29834	0.0535815196336026	0.0535815196336026	0
0.99267578125	1442964	0.3789636786597527	0.38863242648805074	0.3718272872095137	29050	0.06918586404064421	0.06918586404064421	0
0.9794921875	2772746	0.3973899569359736	0.4010166486585871	0.3901382928837292	29498	0.07824202774962065	0.07824202774962065	0
0.9908447265625	1225898	0.3892426615372126	0.39800906024713695	0.3607225271443583	29666	0.06458290286236346	0.06458290286236346	0
0.895751953125	1786120	0.3188538662922752	0.3229481829175777	0.437979601452332	28072	0.05384844592908683	0.05384844592908683	0
0.9329833984375	1601666	0.4234053957504403	0.43345992595029176	0.40299925899979616	29204	0.07477687151037928	0.07477687151037928	0
0.9737548828125	1322300	0.41654061208858995	0.4223913396141785	0.35265403414370017	28404	0.06988349920748037	0.06988349920748037	0
0.9947509765625	1527014	0.3885413210603074	0.40002180665116116	0.37159787159570973	29034	0.06018567620933369	0.06018567620933369	0
0.984130859375	1646516	0.506896416705136	0.5130003273877781	0.3621258176669144	29110	0.092230235849463	0.092230235849463	0
0.9801025390625	2606566	0.406814187705319	0.4115185724041268	0.3880892710570832	29426	0.051632355474648145	0.051632355474648145	0
0.95556640625	1839270	0.35840296797230603	0.36946829266697084	0.4035247131570699	28370	0.0663530866458489	0.0663530866458489	0
0.9329833984375	2429940	0.33324658895119463	0.33912495166861056	0.41819337438654264	28652	0.053419306646599295	0.053419306646599295	0
0.997802734375	2872394	0.3969952484518369	0.4005909570354304	0.39069976513115806	30246	0.05252161088438397	0.05252161088438397	0
0.983642578125	954460	0.397427231526281	0.40539508350191994	0.33289275259785317	27498	0.06920262589884829	0.06920262589884829	0
0.9776611328125	2747576	0.3909781389166145	0.3977109489219628	0.4023158767965516	29500	0.0548163250917855	0.0548163250917855	0
0.9031982421875	1657236	0.3306291157694849	0.3415071938662511	0.42259014825550406	28416	0.04882855560662749	0.04882855560662749	0
0.981689453125	1923852	0.34432145802638287	0.3550371905017476	0.4167426998486054	30600	0.06455620536895147	0.06455620536895147	0
0.996826171875	760538	0.3858782514612578	0.39697178843302106	0.3254485723994853	28222	0.07430984492533685	0.07430984492533685	0
0.9964599609375	1537370	0.4256306137904326	0.4318259157913838	0.3595311223502131	28632	0.06844654494829631	0.06844654494829631	0
0.9786376953125	1289138	0.4056520133771495	0.4108044740379669	0.3529979529605746	28488	0.06656070181785254	0.06656070181785254	0
0.9822998046875	1349760	0.41956735603654494	0.4245649070890372	0.3550406157405431	29070	0.05106731084243039	0.05106731084243039	0
0.9752197265625	2207130	0.46370433402695205	0.471782316828451	0.38136857297630056	28810	0.07773332188190081	0.07773332188190081	0
0.8883056640625	1724866	0.3279607695241002	0.33755153783775044	0.4289145816486626	27960	0.06243627802030724	0.06243627802030724	0
0.98095703125	1972548	0.46660283421513143	0.47121135783390194	0.38553949357647155	30128	0.07802610021235376	0.07802610021235376	0
0.9989013671875	1465626	0.3923209835536228	0.40291178025908625	0.3705780081276211	30034	0.0672690014186162	0.0672690014186162	0
0.9786376953125	1110988	0.38892422873250626	0.40036332524120016	0.3644996113383681	29234	0.056741653378461154	0.056741653378461154	0
0.9847412109375	2640574	0.4145269034184415	0.41791980058391104	0.3738403691187264	28990	0.05313782198066219	0.05313782198066219	0
0.9478759765625	2198162	0.37826066202291736	0.38466007732972973	0.4132462778248276	29426	0.04537059709837044	0.04537059709837044	0
0.9329833984375	1683386	0.3420214023282409	0.35729873092747405	0.41596908429392415	28802	0.05568412876584039	0.05568412876584039	0
0.9627685546875	2012636	0.4120036595310999	0.423107217749358	0.40730959867274114	30170	0.07064219648976583	0.07064219648976583	0
0.9404296875	1715126	0.36172939036781204	0.37151775480762966	0.3976855334281664	28256	0.04958862909299272	0.04958862909299272	0
0.999755859375	1038012	0.38041531771022313	0.39333595072501754	0.35038243416953024	28698	0.06551730689036923	0.06551730689036923	0
0.9725341796875	956260	0.433683097398281	0.43930895495581673	0.3412752571945759	28468	0.0884726197833265	0.0884726197833265	0
0.978759765625	2992074	0.4168973826904172	0.42241951374407494	0.4159236691043549	30442	0.06744884734199276	0.06744884734199276	0
0.99951171875	2309262	0.4716709869956092	0.47580744509195	0.36179302560043075	29060	0.06730231693323353	0.06730231693323353	0
0.9853515625	2514342	0.405593030680766	0.41216617760577884	0.3748892124720628	29918	0.055713111043214934	0.055713111043214934	0
0.9942626953125	2946322	0.38038480732246366	0.38925990308972497	0.4065330312184017	30736	0.06624055258862997	0.06624055258862997	0
0.9786376953125	2292404	0.37198411562666234	0.37739288460756865	0.3814117345287508	28724	0.0567577739259795	0.0567577739259795	0
0.98291015625	1250750	0.4163205816151647	0.42657126171090787	0.3553652841439223	28894	0.0676081482034758	0.0676081482034758	0
0.9898681640625	1640138	0.5080163955803098	0.5167841211116515	0.3579857895675413	29078	0.09083365531656572	0.09083365531656572	0
0.978759765625	1675918	0.438127468895259	0.44391928813572656	0.3749006153215722	30070	0.05238806717155167	0.05238806717155167	0
0.992919921875	1609660	0.4226671702828973	0.4304756023557877	0.36515418147446826	29550	0.05448350381996515	0.05448350381996515	0
0.996826171875	1902298	0.44909247200244734	0.4543139788909403	0.3791225788199093	29508	0.09657370773318323	0.09657370773318323	0
0.95556640625	1476180	0.39530427163706355	0.40600217035279607	0.3716930361278283	28192	0.06755181727755556	0.06755181727755556	0
0.95556640625	1520838	0.41469952152934625	0.4230003925673685	0.37943108469060144	29026	0.060907325251199275	0.060907325251199275	0
0.9478759765625	1590162	0.3696653361004554	0.38019955704644265	0.40247369325311216	29510	0.05435426202447518	0.05435426202447518	0
0.983642578125	840194	0.4064631816295378	0.41680086919895815	0.3427483089635745	28952	0.09017520245080307	0.09017520245080307	0
0.9864501953125	959706	0.3936875086147762	0.40866437539832806	0.35066998494606166	29058	0.06704160321032089	0.06704160321032089	0
0.988037109375	1386758	0.4475968729451005	0.4540805262331485	0.35290692452098815	28820	0.07372175699737694	0.07372175699737694	0
0.9920654296875	1638604	0.337662359228335	0.34845677646519985	0.39891715795070937	30104	0.04868607590173998	0.04868607590173998	0
0.9776611328125	991168	0.40738925985035607	0.41720466600923806	0.33242357919548216	27842	0.048417422564109	0.048417422564109	0
0.940673828125	1703642	0.3516269464143546	0.3615101744676159	0.42153862432928674	29596	0.0700608338795483	0.0700608338795483	0
0.985107421875	1494722	0.392692503665506	0.4019592172318312	0.3583683679589755	28274	0.05381123673256338	0.05381123673256338	0
0.97998046875	1484476	0.4093008269285549	0.4204022780997434	0.3614519583286218	27984	0.07284828285706409	0.07284828285706409	0
0.9757080078125	2868932	0.41653058872530685	0.41999571685391807	0.38620202718991403	28970	0.05496956080485552	0.05496956080485552	0
0.99072265625	1413192	0.41958389474341895	0.42866121371696564	0.36277771761742067	28834	0.08970695245566658	0.08970695245566658	0
0.955322265625	3446308	0.39484903404192445	0.40231542060331876	0.4381916813366474	30086	0.0709632795971358	0.0709632795971358	0
0.9627685546875	2497770	0.3792912932353663	0.3844397281371479	0.3950644454458674	29078	0.05018615883667394	0.05018615883667394	0
0.9727783203125	1198114	0.41281597442104395	0.4230236031443599	0.35190561411904625	28848	0.06188022018984892	0.06188022018984892	0
0.992919921875	2105478	0.3783629480894732	0.3923467284067712	0.38986402318226304	28946	0.08069601795102323	0.08069601795102323	0
0.9771728515625	1310884	0.42184754456800505	0.42856949774314046	0.34600730869090324	28368	0.05106143034950631	0.05106143034950631	0
0.9906005859375	895138	0.4081834201786132	0.41664002915563997	0.3269715223265735	27478	0.08148110624320698	0.08148110624320698	0
0.9180908203125	1269808	0.35689841332791444	0.3671934877187684	0.38969948437551344	27784	0.06245726214012411	0.06245726214012411	0
0.98779296875	1021858	0.403549113866077	0.41717743512311206	0.34622786713664677	28448	0.06477336005489108	0.06477336005489108	0
0.9183349609375	2658184	0.36492508738262425	0.3718390142066204	0.41265275833171694	28722	0.04564650708178559	0.04564650708178559	0
0.989013671875	947676	0.386080084682457	0.39579039502530483	0.3439797312678867	28176	0.07311004572000783	0.07311004572000783	0
0.98828125	1009094	0.4157415791416821	0.42624265246476933	0.3437760732581044	28800	0.07054566991681326	0.07054566991681326	0
0.925537109375	987034	0.3817141755808053	0.39287034225933887	0.37408919453844236	28248	0.0642273218610891	0.0642273218610891	0
0.984375	1530226	0.46592768668154877	0.4710160963481784	0.3572710232935205	28938	0.07964731094902522	0.07964731094902522	0
0.9857177734375	1325420	0.4229454402121347	0.4296201878832644	0.35730126248496513	29474	0.05767538853825469	0.05767538853825469	0
0.9180908203125	1663142	0.3617106980398867	0.37128568879691687	0.41646154489559234	28544	0.0748456582956424	0.0748456582956424	0
0.9971923828125	2800906	0.36278342172970673	0.36606074679126355	0.4075226563981191	30302	0.03909248492677166	0.03909248492677166	0
0.981689453125	2989808	0.427704671573142	0.43529933367465773	0.4017876021682442	30030	0.0574515520418922	0.0574515520418922	0
0.8883056640625	1470956	0.3359254269757032	0.3415312271244196	0.4241501775187999	28324	0.04504113933859503	0.04504113933859503	0
0.8887939453125	1375704	0.3607866888126416	0.37047880845690145	0.4111805174173378	27738	0.07776071255884609	0.07776071255884609	0
0.9329833984375	2241468	0.3845969915901568	0.3945131192670995	0.4274857210533018	29626	0.05569583469415618	0.05569583469415618	0
0.985107421875	2577546	0.3658853522904219	0.37580236027189273	0.3845971025101251	29110	0.049802688099497755	0.049802688099497755	0
0.98486328125	1909340	0.44581785909305166	0.45467616775521225	0.38969423096873457	30370	0.09110386448809182	0.09110386448809182	0
0.9632568359375	3308750	0.3969115690741358	0.3989522808971145	0.4299943807591768	30480	0.04994803918717878	0.04994803918717878	0
0.9180908203125	1456604	0.342173926061844	0.3533345337924509	0.41443993018642383	28762	0.07286945610181762	0.07286945610181762	0
0.998291015625	1068718	0.3666088648886649	0.3754710638495995	0.3698951094323612	30104	0.05825976401350024	0.05825976401350024	0
0.9927978515625	1148064	0.41635055313891733	0.4248604290338742	0.35836820394004487	29310	0.07802233003494784	0.07802233003494784	0
0.955322265625	1979464	0.3006837271196124	0.3083732138682791	0.4419222021362998	30094	0.04576328877095683	0.04576328877095683	0
0.98583984375	2525026	0.37715655541964094	0.3806987069888141	0.38471401533973526	29366	0.050431184290146924	0.050431184290146924	0
0.89599609375	1238608	0.35387097916255494	0.36463917970169984	0.3935591640102311	27660	0.05749722027142857	0.05749722027142857	0
0.9627685546875	1372334	0.3670270178758012	0.3760183996410746	0.38595178633887656	29132	0.051009801262978625	0.051009801262978625	0
0.955322265625	1497778	0.37927791704455566	0.3880484761442924	0.377471724838043	28080	0.0649840464469474	0.0649840464469474	0
0.9805908203125	2285034	0.37576974240961153	0.3820500716017747	0.3735702946368453	28736	0.05578159146706103	0.05578159146706103	0
0.9976806640625	1014754	0.40062554546324064	0.411245374360845	0.33989986542579076	28082	0.06156076684172108	0.06156076684172108	0
0.9869384765625	2218206	0.36584392368914426	0.3791803912674043	0.37637380106834445	28900	0.08459544246002765	0.08459544246002765	0
0.9801025390625	2249414	0.4474459997176152	0.45396207764225216	0.39328875942817504	29922	0.06749842208841762	0.06749842208841762	0
0.98583984375	1301358	0.42556919735164644	0.4344600719892004	0.3566033665520329	29476	0.06561947000819937	0.06561947000819937	0
0.9810791015625	1351622	0.4091601324992508	0.4162822734536707	0.355769253636908	28212	0.06817842558731806	0.06817842558731806	0
0.895751953125	1785378	0.353001623751027	0.3598169307517825	0.4160831212962639	27716	0.05709138344124833	0.05709138344124833	0
0.9820556640625	2687176	0.3876235722487691	0.39259078297597916	0.38986029399887195	29712	0.05140131981645179	0.05140131981645179	0
0.9837646484375	978240	0.42028358019476125	0.42638686736312276	0.3380309131300123	28660	0.08009523317335755	0.08009523317335755	0
0.8885498046875	2672320	0.40084616003470225	0.40256057291886127	0.4381264123857576	28072	0.055089016388537644	0.055089016388537644	0
0.9947509765625	3531994	0.36610728126591513	0.3717061715982908	0.3866227485654608	29582	0.05689959624873275	0.05689959624873275	0
0.981689453125	3899330	0.4378566620512163	0.4416737036300397	0.4084767814078401	29632	0.0561656799934581	0.0561656799934581	0
0.98583984375	1599588	0.363311408524802	0.3728992958613415	0.39176100708360834	29796	0.0557290005496289	0.0557290005496289	0
0.8585205078125	1734136	0.3364107510791105	0.343128934275313	0.43001078436272394	27528	0.05895639966583215	0.05895639966583215	0
0.9927978515625	1043822	0.3601938841547339	0.3709978094625818	0.37391857901997566	30050	0.06428891550452041	0.06428891550452041	0
0.9847412109375	2837088	0.42169509446391107	0.4260917540700168	0.3994590229755253	29868	0.06391538434881085	0.06391538434881085	0
0.9627685546875	3000084	0.41703733818187705	0.4208923181080703	0.41348323783113955	29724	0.0599970385166888	0.0599970385166888	0
0.996337890625	2425738	0.3240965605486989	0.3344565363664698	0.4194597342773892	29682	0.049000119917492174	0.049000119917492174	0
0.988525390625	885950	0.38461861954112825	0.3955037452893098	0.3390596838625721	28234	0.05918024191505462	0.05918024191505462	0
0.982666015625	1991976	0.3286152772519808	0.333976315950188	0.4144058500039138	29940	0.04559866528568804	0.04559866528568804	0
0.9879150390625	2633244	0.4061727510491817	0.41270496357321923	0.376032780933963	29146	0.045573619395693925	0.045573619395693925	0
0.986572265625	1338164	0.4015724782889741	0.4091798061084286	0.36361074740239724	29634	0.04971524741230888	0.04971524741230888	0
0.911376953125	1895250	0.323944276461063	0.3323347265105065	0.43381578101404106	28766	0.053442104663510424	0.053442104663510424	0
0.9771728515625	2958554	0.41769471777483597	0.42195230125677713	0.40807845253176983	29512	0.06259878812479537	0.06259878812479537	0
0.9478759765625	1226532	0.3836082406817507	0.39481117551864225	0.3769045962888214	28698	0.07039719658880411	0.07039719658880411	0
0.9853515625	1164632	0.3997980922557863	0.4088599648312749	0.34746882356872094	28610	0.06734911560029226	0.06734911560029226	0
0.9862060546875	1186020	0.44546918905987437	0.4551248463546587	0.3493725272596347	29008	0.07286691207104548	0.07286691207104548	0
0.92578125	1596472	0.35618723423719545	0.3609331073441191	0.41703266181713766	29096	0.06440892411607128	0.06440892411607128	0
0.975341796875	2121486	0.479299438191601	0.4865441897574044	0.3994400534105163	30044	0.061067959093339695	0.061067959093339695	0
0.9810791015625	2344482	0.45308934902462655	0.46240311809291407	0.40175511740161457	29610	0.07630080678459333	0.07630080678459333	0
0.9776611328125	1356558	0.3811906009954272	0.39291822253875214	0.36746840905190475	28374	0.056799217243925386	0.056799217243925386	0
0.9329833984375	1526552	0.3644605561516591	0.3720097477665953	0.40768274566026735	29212	0.07803830997018084	0.07803830997018084	0
0.9866943359375	2492146	0.3774800494629575	0.3845701940072832	0.40586384668234565	30554	0.06704547383548132	0.06704547383548132	0
0.985107421875	3398314	0.45318199862752423	0.4582883098497288	0.4108430495858024	29882	0.05252803317740643	0.05252803317740643	0
0.9857177734375	1585424	0.3933327244932094	0.4059434630169943	0.37478872739574326	28764	0.0647701347285455	0.0647701347285455	0
0.9840087890625	1727496	0.4285765352262512	0.4395126467456952	0.36700945288812115	27942	0.08350258157948598	0.08350258157948598	0
0.9781494140625	2764308	0.4028025759046278	0.40663041128115246	0.3966200320523218	29162	0.052694844175659304	0.052694844175659304	0
0.990478515625	1437792	0.3744756377055441	0.383580689599948	0.37934238594195485	29478	0.05696148979517945	0.05696148979517945	0
0.925537109375	2123724	0.3738249294753371	0.3803980517620851	0.4134629439477812	28998	0.06753418210354777	0.06753418210354777	0
0.9031982421875	1781468	0.3748849111697817	0.3818917131561093	0.42724006202697734	27388	0.07209402293157569	0.07209402293157569	0
