Utilization	Connections(A2A)	Lvl1TraffRatio(A2A)	Lvl1TraffRatioNoIndirect(A2A)	RatioIndirect(A2A)	Connections(AR)	Lvl1TraffRatio(AR)	Lvl1TraffRatioNoIndirect(AR)	RatioIndirect(AR)
0.9981689453125	5929354	0.3353423802342695	0.3392133035806393	0.46207071348241535	32108	0.07465263582676397	0.07465263582676397	0
1.0	2350972	0.44042217211875184	0.44759845078134575	0.4400164136894282	31832	0.0912389317521851	0.0912389317521851	0
0.9990234375	3628626	0.4260148067130873	0.43043588167328534	0.446749644680929	32056	0.08713849440322774	0.08713849440322774	0
0.9964599609375	3340316	0.4134816239931009	0.42321823377072737	0.4554029470126089	31984	0.08895314855951815	0.08895314855951815	0
0.9974365234375	3694838	0.32428954717098113	0.3316609168933768	0.4511321428468504	31888	0.08718345677601391	0.08718345677601391	0
0.99658203125	3574114	0.38441140055545825	0.39287119746380844	0.4501904141244877	31706	0.08553855667014738	0.08553855667014738	0
0.995849609375	2557596	0.3538668589199983	0.3641079038606631	0.45264850457485695	32126	0.08157559470565313	0.08157559470565313	0
0.9853515625	3939310	0.3603389144162901	0.36547356163598677	0.46052808229577513	31562	0.07932039195021261	0.07932039195021261	0
0.9921875	3945658	0.3621893132399583	0.3673764898118581	0.45619838414947095	32134	0.08435101006623696	0.08435101006623696	0
0.997802734375	3765146	0.40680141739103254	0.4110906321014387	0.4536634544585017	31832	0.09206272675033234	0.09206272675033234	0
0.9959716796875	2637946	0.35060723322102927	0.35841727338626245	0.44395841279829457	31908	0.08055476490962345	0.08055476490962345	0
0.9962158203125	2888708	0.36451481277947845	0.3736167786159948	0.45753694819378293	32262	0.0947172624641991	0.0947172624641991	0
0.998046875	3125720	0.4382547987922159	0.4429107676795459	0.4403674727158482	31998	0.09308078557412049	0.09308078557412049	0
0.9989013671875	3267314	0.3944999793188045	0.40189177679334476	0.4396424688949936	31968	0.08017857495816753	0.08017857495816753	0
0.9962158203125	3541540	0.4187224809503118	0.425155687610856	0.45339248311460184	32026	0.08091192544335525	0.08091192544335525	0
0.9888916015625	2852064	0.3399058413268632	0.35053777863830166	0.45378870081699413	31622	0.09529372643096538	0.09529372643096538	0
0.9937744140625	3866224	0.35489355767763225	0.3599160499336292	0.4572042949383896	32172	0.08397781588987045	0.08397781588987045	0
0.98779296875	2680712	0.3322616863822007	0.34107265634426703	0.44743016585149714	31684	0.10410049056447544	0.10410049056447544	0
0.993896484375	5115210	0.24642332089134797	0.25466826583543695	0.47320968759663623	31590	0.06783284951269981	0.06783284951269981	0
0.9979248046875	3514644	0.4008326485668428	0.4063916028990526	0.45005330117613446	31888	0.08592844740676835	0.08592844740676835	0
0.9940185546875	1943814	0.3824214976058568	0.3921477586410191	0.43674837443210945	31968	0.07862926238744473	0.07862926238744473	0
0.9854736328125	3796914	0.4743177131981116	0.4762089496089013	0.4556685263025558	31860	0.12043806061672298	0.12043806061672298	0
0.9891357421875	3085628	0.4335094101088877	0.4376692640912058	0.44352193258170236	31544	0.10599313571915049	0.10599313571915049	0
0.982177734375	3154992	0.4048788622289978	0.41197724701098015	0.4560226870629632	31610	0.0888296962114352	0.0888296962114352	0
0.9967041015625	2344750	0.394325287119388	0.40393502186385527	0.4481248977871244	31906	0.10080167179359384	0.10080167179359384	0
0.96826171875	2069472	0.403387106937053	0.408130986607542	0.44302183123767763	31208	0.08652345931499715	0.08652345931499715	0
0.99853515625	2802858	0.36916726754263735	0.38071223481407723	0.44426028940327583	32018	0.07770149630245844	0.07770149630245844	0
0.9918212890625	3195784	0.36828490979626105	0.3767016165113168	0.44677236371349455	31538	0.09247328846292568	0.09247328846292568	0
0.9954833984375	6753096	0.28200018121669906	0.28614706587029515	0.4680269179026348	31854	0.07351089082494243	0.07351089082494243	0
0.986328125	3463968	0.45677518647802	0.45993675805909384	0.45418013667129875	31854	0.08854423051188774	0.08854423051188774	0
0.984619140625	3362980	0.4391520802871227	0.4433697564244632	0.44455822281011836	31500	0.09289014344783514	0.09289014344783514	0
0.9989013671875	2977976	0.4138216505854831	0.41949185685415213	0.4355077750286603	31884	0.0759187751144826	0.0759187751144826	0
0.9947509765625	4675258	0.31545516430162324	0.31964530021008564	0.4546222585204662	31680	0.07015232889152483	0.07015232889152483	0
0.9862060546875	5245090	0.4648252407759221	0.46731038242331024	0.4613299509510335	31984	0.07613422219218582	0.07613422219218582	0
0.99951171875	3010674	0.40967347060859166	0.41809289686341655	0.4445634268945542	31854	0.08450581709945848	0.08450581709945848	0
0.9932861328125	3196942	0.42560222435454387	0.4305291273903408	0.44430006113180887	32124	0.09310060966155653	0.09310060966155653	0
0.997802734375	4636092	0.34410568466287117	0.3515021319685356	0.4576336455516424	31880	0.08306703382287002	0.08306703382287002	0
0.998046875	4038006	0.4349235973293292	0.44355577871388446	0.45938428166899287	32066	0.08815022117352146	0.08815022117352146	0
0.9979248046875	2387268	0.36805296817508304	0.3761823023674515	0.43431369143422605	31772	0.08737009990426663	0.08737009990426663	0
0.9925537109375	3591890	0.3415270446866769	0.3503451874388457	0.4552237156498476	31746	0.08107078882894937	0.08107078882894937	0
0.988037109375	4340982	0.49932873524669485	0.5031768112188804	0.45229218869260773	31722	0.08971420922861391	0.08971420922861391	0
0.9873046875	3406620	0.4381435493495797	0.44699377003699464	0.45401719519171574	31790	0.09672602700246363	0.09672602700246363	0
0.99560546875	3467824	0.366670095092625	0.37484961292387803	0.45320374680069486	31854	0.08789677312433035	0.08789677312433035	0
0.9959716796875	2963080	0.39555788453034046	0.403802579115698	0.45216927898920173	32050	0.10188464415617199	0.10188464415617199	0
0.994873046875	3232658	0.4148493180683402	0.42188803632512734	0.4455326385037725	31918	0.08270098522024284	0.08270098522024284	0
0.962890625	2374258	0.375274067027797	0.37960438944866204	0.44733280499312117	30932	0.10304517703319581	0.10304517703319581	0
0.9935302734375	2290468	0.38476729690895245	0.39600011212244635	0.4417352625603794	31584	0.09941730993817977	0.09941730993817977	0
0.9949951171875	2529198	0.3765640083489719	0.38653417562639253	0.44852897938421354	31992	0.09160870638500639	0.09160870638500639	0
0.9970703125	2888096	0.3204016577528401	0.33276942015809424	0.446464964609806	31968	0.07336338147780493	0.07336338147780493	0
0.9893798828125	3258686	0.43203225788739985	0.438514986179323	0.45128922560991874	31946	0.08380774702837845	0.08380774702837845	0
0.990234375	2971422	0.3066287397348409	0.31407835207048457	0.45804967494365995	31694	0.08391946285675835	0.08391946285675835	0
0.9947509765625	3231660	0.398384850393762	0.40698882605215586	0.4430441799928779	31972	0.08607442192725745	0.08607442192725745	0
0.995849609375	3127266	0.3529047410713502	0.3617034270166573	0.4563589239408657	32126	0.07298969705989236	0.07298969705989236	0
0.99462890625	2959756	0.38501529953642694	0.394145798227654	0.4463428228377197	31934	0.09479801233080198	0.09479801233080198	0
0.976318359375	3258822	0.3592993014319261	0.3646896683504672	0.45631659514875694	31464	0.0908470634233073	0.0908470634233073	0
0.9969482421875	3112758	0.3815410232827318	0.38938142771583234	0.44705509839111496	31768	0.08120253361381648	0.08120253361381648	0
0.9984130859375	1980696	0.38808753316261874	0.3940222603972872	0.42899685012696054	31960	0.1049444854142713	0.1049444854142713	0
1.0	2880326	0.39217787701590806	0.3988642684015069	0.4416210892732153	31964	0.08846090199783503	0.08846090199783503	0
0.9921875	3053208	0.44688383857135644	0.4525534258841098	0.4483166549445608	31772	0.09833946585504423	0.09833946585504423	0
0.993408203125	2453866	0.4028738271699252	0.40825392244760333	0.45532135213924313	31966	0.11089494605617871	0.11089494605617871	0
0.987548828125	3132548	0.3650639412616979	0.3756485315022992	0.4454591250532469	31650	0.09315896369648247	0.09315896369648247	0
0.999267578125	3751000	0.34471786979701463	0.35148561073195367	0.4518341812662743	32026	0.09116233099813453	0.09116233099813453	0
0.9940185546875	3105514	0.37995752178530817	0.38815826509032814	0.445052911823133	31736	0.10422813229152168	0.10422813229152168	0
0.997802734375	4001964	0.474184677486619	0.47954548098076805	0.4440808921077061	31874	0.0969987726198533	0.0969987726198533	0
0.994873046875	3218060	0.4548631284151303	0.4585122087622781	0.443612246478345	31948	0.08571671083101755	0.08571671083101755	0
0.99853515625	3915008	0.3801493072261825	0.3872941258048002	0.45295566094606454	31922	0.082033888203567	0.082033888203567	0
0.9952392578125	2567968	0.35052783201905874	0.3608167021039317	0.45010058883991694	31944	0.09580695323489384	0.09580695323489384	0
0.9896240234375	2815688	0.37173125130763096	0.377948022300246	0.44388041974533476	31804	0.10283864854712012	0.10283864854712012	0
0.9903564453125	3179196	0.3352170610157585	0.3447775428111944	0.44745119779317144	31598	0.08438132006126785	0.08438132006126785	0
0.99658203125	3775608	0.43044884266117084	0.4355635647655281	0.4506743968724025	31846	0.09947796386520284	0.09947796386520284	0
0.9915771484375	2923196	0.42382709099898536	0.4269951443840064	0.4515024816096734	32002	0.1020221822244482	0.1020221822244482	0
0.9959716796875	3136706	0.38959606877185027	0.39616878319087373	0.4458157502328372	31622	0.09483105310648522	0.09483105310648522	0
0.9981689453125	3172088	0.37208843797924573	0.38035363047660353	0.4510668336238142	32046	0.08060013922857741	0.08060013922857741	0
0.9901123046875	3000264	0.38214139267549796	0.39154397229981824	0.44580171469673746	31952	0.08357346117415075	0.08357346117415075	0
0.9931640625	5323758	0.29050702468849554	0.2963757410351849	0.4682894179961778	31700	0.07188880369880564	0.07188880369880564	0
0.9908447265625	2869310	0.39008915617309525	0.39706388396248715	0.4431108274851681	31540	0.08899174246571395	0.08899174246571395	0
0.9912109375	2425444	0.3744066833413237	0.38189662695514603	0.44503970149051425	31914	0.09163976646825879	0.09163976646825879	0
1.0	4212634	0.4595526202774309	0.46383006782284847	0.45227493783669964	31806	0.0747276734125981	0.0747276734125981	0
0.994384765625	3534184	0.45983588090739835	0.4639879091579066	0.448317745750015	31972	0.09962085353236334	0.09962085353236334	0
0.9853515625	2195162	0.37094366474192336	0.37865020795551346	0.44998231198932714	31678	0.11109640514353775	0.11109640514353775	0
0.996337890625	4779586	0.3834363525786979	0.38698588064994266	0.45482070220970555	31898	0.09260897211743922	0.09260897211743922	0
0.9945068359375	3710292	0.373493180292269	0.37961175641116957	0.44819495664380615	32078	0.07863981928638598	0.07863981928638598	0
0.9940185546875	3024452	0.40814172632926055	0.4154654361381312	0.4523137589418169	32142	0.08690307460714643	0.08690307460714643	0
0.9947509765625	3851004	0.4427854130091295	0.4472774520535487	0.4603561046183928	32248	0.09369671803781847	0.09369671803781847	0
0.9781494140625	2147076	0.41903871656105895	0.4251956361089395	0.4413237366292446	31420	0.09929582896557966	0.09929582896557966	0
0.9959716796875	3068004	0.38090814088699215	0.38966901532301973	0.4483517893893249	31894	0.09526312449237556	0.09526312449237556	0
0.98193359375	3084004	0.42918587598204466	0.4352890356720797	0.45085505494275746	31656	0.09659167416232974	0.09659167416232974	0
0.991455078125	2640730	0.3970080763368053	0.40276450078862797	0.4503399029226109	31872	0.0982679075653055	0.0982679075653055	0
0.99853515625	3390670	0.3823105927976373	0.390551077217971	0.44544480481084087	31762	0.08063797065147373	0.08063797065147373	0
0.98291015625	3259122	0.4907289225471548	0.4974051837514816	0.44884947579438655	31268	0.09984185846522341	0.09984185846522341	0
0.9954833984375	4055252	0.4064684978144741	0.41412560697774947	0.45403576919316874	31922	0.08084549344837572	0.08084549344837572	0
0.9962158203125	3080512	0.44639616737178905	0.4508886524242676	0.45190273065911096	32064	0.09407431621886685	0.09407431621886685	0
0.993408203125	5505334	0.49375602981787226	0.4994397918690648	0.45650006923793257	31922	0.0888364018930425	0.0888364018930425	0
0.9703369140625	3564768	0.41763227948360365	0.4228440356391858	0.45593671894068427	31172	0.08890281979115462	0.08890281979115462	0
0.993408203125	2664502	0.39411575520573244	0.3985364523487533	0.4428602038809297	31734	0.09253288670499527	0.09253288670499527	0
0.9722900390625	2771424	0.39610427967382655	0.4035392677019938	0.445351881668637	31056	0.09473304113185814	0.09473304113185814	0
0.9927978515625	4983558	0.5009999002428114	0.5026324901080816	0.46541073282328504	32092	0.08428184166821927	0.08428184166821927	0
0.9937744140625	2719836	0.41534239766399833	0.4228854788511816	0.4541175948251614	32156	0.08989424587369625	0.08989424587369625	0
0.9913330078125	2955806	0.35049846693685005	0.35673613173219015	0.4395622520645361	31624	0.08361829880671207	0.08361829880671207	0
0.992431640625	2383248	0.3521577805241754	0.363686044738708	0.45121878323326065	31924	0.0775802919804635	0.0775802919804635	0
0.9981689453125	4815334	0.49586652005990267	0.5018333992578224	0.4624579638881225	31754	0.08767028041312332	0.08767028041312332	0
0.997314453125	2813398	0.377735988332269	0.3842474579163182	0.4514507082006094	32066	0.0878804156136004	0.0878804156136004	0
0.98046875	3005246	0.3460149017179586	0.3531522759052413	0.453904310235091	31398	0.09693397904901414	0.09693397904901414	0
0.9921875	3692286	0.4075629840381874	0.4125021404695614	0.450617938134086	31538	0.09594841933250563	0.09594841933250563	0
0.989501953125	2822760	0.391454822321651	0.398767319546075	0.44227252903144193	31530	0.08376343965275147	0.08376343965275147	0
0.99951171875	4090788	0.36270963583545807	0.3700090165394095	0.4578986350609626	32182	0.08566668401014225	0.08566668401014225	0
0.9681396484375	5943602	0.5575902904631014	0.5581134675148006	0.4739219103938807	31298	0.10270286086381768	0.10270286086381768	0
0.9849853515625	2740066	0.3377308206923367	0.3475837465305709	0.4493189541453216	31574	0.07063407783640045	0.07063407783640045	0
0.997802734375	2976060	0.4225669748300063	0.42506215643986706	0.4476980782811884	31998	0.09299483840701861	0.09299483840701861	0
0.9908447265625	2499366	0.3890250459931836	0.3969209736951078	0.4431799932180636	31686	0.09390587522970213	0.09390587522970213	0
1.0	4671402	0.4185268642480761	0.4244814477800365	0.45128903169075557	31806	0.08814405225569753	0.08814405225569753	0
0.993896484375	3144784	0.3509243351085389	0.3568557089252821	0.447236291071146	31622	0.09691007047453874	0.09691007047453874	0
0.9947509765625	3599740	0.34046626122694296	0.35054043950531916	0.45220589405352923	31656	0.06538813798905203	0.06538813798905203	0
0.9918212890625	3172516	0.32737096917864056	0.3328530244977232	0.4515422082900388	31748	0.10508064814960905	0.10508064814960905	0
0.9937744140625	2868086	0.3519062359194382	0.36117958663736127	0.44849137786676385	32072	0.07684560157153855	0.07684560157153855	0
0.978759765625	2368434	0.3939339751214292	0.40181855375594294	0.4503236251406139	31448	0.08675604058707327	0.08675604058707327	0
0.98681640625	2817628	0.3756121644363759	0.38435776992349785	0.4402319002638306	31558	0.0797335331266357	0.0797335331266357	0
0.99072265625	3167096	0.3642660168318746	0.3725014570037482	0.44985699039833543	31766	0.09037481800558134	0.09037481800558134	0
0.9891357421875	2823798	0.3228243459420185	0.3321675047934731	0.44908512499732445	31798	0.08613443587624629	0.08613443587624629	0
0.9970703125	3255574	0.39836831148841334	0.4057180882321669	0.44698307464111986	31864	0.0955288963384472	0.0955288963384472	0
0.990966796875	4288852	0.3264891086290945	0.33419035421825133	0.4621684006352032	31994	0.08297301166993727	0.08297301166993727	0
0.990234375	3306598	0.4312642684121702	0.43724155039579116	0.44404063672202837	31848	0.07720451143260242	0.07720451143260242	0
0.995849609375	2992462	0.35236867588555937	0.3600538618172366	0.4492745456260137	31748	0.09642535129518497	0.09642535129518497	0
0.974853515625	2461072	0.3887547331520489	0.39820554023905497	0.4536348452580698	31286	0.09846666863863478	0.09846666863863478	0
0.9990234375	3107358	0.3496646151256732	0.35814077417057416	0.4492737972781331	31934	0.07753219432687332	0.07753219432687332	0
0.9967041015625	3351392	0.3308678524140228	0.33983882450686376	0.45232521369143125	32078	0.09693438651502524	0.09693438651502524	0
0.9981689453125	2990810	0.38853599318161874	0.3978450118869887	0.446803796343251	32230	0.08637212012766231	0.08637212012766231	0
0.9915771484375	2857744	0.3549864283660742	0.3618184790862023	0.44948584745391873	31654	0.0889212704006249	0.0889212704006249	0
0.989501953125	2656352	0.3812587951521551	0.38826470052327794	0.4474234387155713	31858	0.07407574730159454	0.07407574730159454	0
0.984375	3079714	0.37469559534251734	0.3833115838768402	0.4420950419038763	31492	0.08694672643446044	0.08694672643446044	0
0.9830322265625	1975482	0.3979546897269218	0.40601884776392083	0.429235213060886	31112	0.0905765913053342	0.0905765913053342	0
0.99658203125	2881980	0.3979852341534795	0.4041803577597671	0.4505109989421618	32090	0.09487901307498252	0.09487901307498252	0
0.9935302734375	3361682	0.4221671117830348	0.42623598211135993	0.45096324596287785	31930	0.0841765627024908	0.0841765627024908	0
0.9925537109375	3118490	0.39757270560575136	0.4052519204668312	0.4559588454772842	31996	0.07904556297328588	0.07904556297328588	0
0.98388671875	2434876	0.44553974710694794	0.44984623030690063	0.44419865231407596	31506	0.09521131376225446	0.09521131376225446	0
0.996337890625	3346542	0.3626962838158943	0.36682605035321236	0.4471806007328523	31916	0.07400360709991463	0.07400360709991463	0
0.9959716796875	3135980	0.37884766348266785	0.3849137791866701	0.44774868763301096	31792	0.0922692292766194	0.0922692292766194	0
0.9989013671875	3204114	0.4088687539547556	0.4145384666206024	0.4517273469113332	32180	0.08522513701007312	0.08522513701007312	0
0.98681640625	3394912	0.4159964186156264	0.4204993700204758	0.45077872478529507	31596	0.10111233174845417	0.10111233174845417	0
0.9833984375	2466494	0.38531644970732803	0.3907680910494636	0.4462899436613624	31596	0.10730831310306223	0.10730831310306223	0
0.99853515625	3373970	0.4036910873744226	0.40918247170484595	0.45142679377718414	32148	0.08723167916992869	0.08723167916992869	0
0.98095703125	2085448	0.39897985633405114	0.40603584716608787	0.4445977724785342	31502	0.10658374017033916	0.10658374017033916	0
0.9898681640625	3992856	0.46159139990105186	0.46710367241697853	0.4439419980705903	31546	0.08934549251913433	0.08934549251913433	0
0.9970703125	3519934	0.44915674615364387	0.4534951862838248	0.4477640239231439	31928	0.10115450155212523	0.10115450155212523	0
0.9857177734375	3679446	0.3414034183638181	0.3480233759147842	0.45168702149592543	31602	0.08663873623963309	0.08663873623963309	0
0.9989013671875	2553282	0.3933886901059665	0.40329561437108113	0.43910408959785113	31748	0.08116026387875684	0.08116026387875684	0
0.998046875	2036146	0.356306818408816	0.3659162440296413	0.43352842704106204	32112	0.0841947243004549	0.0841947243004549	0
0.991943359375	3421198	0.4668767400475767	0.4715129358351551	0.44823120212989664	31658	0.09257841007781216	0.09257841007781216	0
0.997802734375	2193418	0.3914740437702456	0.4003380278098223	0.44486837064877505	32124	0.08338282812369335	0.08338282812369335	0
0.970458984375	2422140	0.42572271994885363	0.43329906932562845	0.44940386210806454	31286	0.09545751327322853	0.09545751327322853	0
0.983642578125	4227788	0.4417717673982089	0.44734478647122583	0.4552700209446168	31610	0.094172927506104	0.094172927506104	0
0.9818115234375	3965580	0.3781965724197176	0.3846900546323129	0.460953589612666	31484	0.09843841919343475	0.09843841919343475	0
0.9951171875	3902304	0.33411619159395395	0.34001172091100607	0.4456053613514855	31646	0.08855604540483399	0.08855604540483399	0
0.99853515625	2658620	0.40805543293705204	0.4122427120172056	0.4431134506954153	32066	0.10217350748263691	0.10217350748263691	0
0.998779296875	3511606	0.42472131542853925	0.43250000557975116	0.4402084789898866	31538	0.08849250556093093	0.08849250556093093	0
0.996826171875	4316104	0.4350261112613718	0.438382429608446	0.4625660875157442	32172	0.07679382727084035	0.07679382727084035	0
0.9951171875	5549986	0.29769907504770093	0.3031406876923401	0.46852180408670074	32006	0.06512346649342728	0.06512346649342728	0
0.9671630859375	2989948	0.4506692667865347	0.4516590695561133	0.4494070997915535	31114	0.08356386961711909	0.08356386961711909	0
0.998291015625	2507642	0.37711894640074517	0.3859765337451108	0.44617898388555516	32046	0.09233502680064219	0.09233502680064219	0
0.99755859375	3477856	0.41630145487997877	0.4190163418072324	0.4535088001849505	32094	0.0871315548619751	0.0871315548619751	0
0.989990234375	4836726	0.4185624148027478	0.4253944077216558	0.45557167112326996	31718	0.08004477978616693	0.08004477978616693	0
0.994140625	2555680	0.3972181661946284	0.4051091797138909	0.4459711072566066	32198	0.09183140759942741	0.09183140759942741	0
0.9908447265625	3152182	0.3321279649852654	0.33841349196344145	0.4489359274933289	31934	0.09122644180807099	0.09122644180807099	0
0.999267578125	2754396	0.4251012560902146	0.4334899386045184	0.44247313670570326	32058	0.09619718029349367	0.09619718029349367	0
0.996337890625	2407180	0.40443013594900323	0.41380681557895777	0.4455988379602413	31928	0.07934698472551781	0.07934698472551781	0
0.9947509765625	3808330	0.3626273020735909	0.3703831370934753	0.4552400683000158	32010	0.08630483696129805	0.08630483696129805	0
0.98681640625	2848156	0.4354340170413085	0.44287880679404124	0.4477755867264908	31722	0.09184216318349918	0.09184216318349918	0
0.9759521484375	1931586	0.37490022812749896	0.38469480278367	0.44426853972375474	31032	0.09541503926049553	0.09541503926049553	0
0.997314453125	2196002	0.3408643629712029	0.3510545590874299	0.43916905067950945	31946	0.0692410287718153	0.0692410287718153	0
0.995849609375	2809290	0.3923072490693434	0.3975892828033119	0.4472493008029874	32032	0.0929782390021226	0.0929782390021226	0
0.9930419921875	3468800	0.4472966184174841	0.45298250070330165	0.43362562623183765	31370	0.07907192399601264	0.07907192399601264	0
0.9862060546875	2670912	0.35922183199825214	0.3682831692721756	0.4490993446154741	31614	0.09111117249885801	0.09111117249885801	0
0.9862060546875	4045406	0.3257956764626726	0.3338573128046864	0.4691610710854775	31510	0.0771033479451965	0.0771033479451965	0
0.9979248046875	2493562	0.34953695609665686	0.3576110007927875	0.44242376024030555	32046	0.09214981557824677	0.09214981557824677	0
0.98486328125	4214990	0.41681690970160007	0.42248250046386193	0.4541575974712946	31648	0.09466894337428029	0.09466894337428029	0
0.9898681640625	2984766	0.428832684157612	0.4340758539178784	0.44908556971560315	31732	0.08726053123963184	0.08726053123963184	0
0.994140625	3403048	0.39308183493170196	0.3976535915764457	0.45408962652185286	32030	0.09723172373413956	0.09723172373413956	0
0.98193359375	3016734	0.3888354807759795	0.39512917029881905	0.45285008223933726	31578	0.09172436487009257	0.09172436487009257	0
0.9747314453125	2624486	0.3855358088793717	0.39336483000675077	0.4420335937111588	31280	0.09840060577358811	0.09840060577358811	0
0.9962158203125	2596136	0.40339711138823753	0.41080064162241997	0.44189756977731814	31928	0.08446469158749333	0.08446469158749333	0
0.993408203125	2930374	0.38849104355859665	0.39647668413992393	0.4587683800702218	32216	0.0683759375239304	0.0683759375239304	0
0.99658203125	2424502	0.4199041667760286	0.4257516309577543	0.44051677379416737	31928	0.10313155856197385	0.10313155856197385	0
0.9898681640625	2759658	0.3751850767824818	0.38339785189896275	0.45663317826565236	31822	0.09711128352302666	0.09711128352302666	0
0.9937744140625	2221172	0.40918660936994367	0.41775209838386923	0.4369087030968937	31658	0.10662411043006725	0.10662411043006725	0
0.9937744140625	3385384	0.4624603538607501	0.46832729309299315	0.4479853778118173	31792	0.08632904999892811	0.08632904999892811	0
0.9913330078125	3015894	0.44015724186336297	0.4429575590271742	0.45206592716493826	32054	0.10912325253731958	0.10912325253731958	0
0.9927978515625	2307504	0.42135443807007417	0.4268358536317784	0.43991445791265416	31892	0.10158011408714472	0.10158011408714472	0
0.994873046875	2876766	0.34286653338422074	0.3520498838497665	0.4512093400394297	32064	0.08940732281814305	0.08940732281814305	0
0.9954833984375	2886054	0.3601904724509508	0.36624343222476896	0.4478498313990243	31896	0.08430570115846993	0.08430570115846993	0
0.98828125	2867588	0.40712155369923475	0.4141747209733024	0.44037460597584316	31600	0.0902027037115379	0.0902027037115379	0
0.99072265625	2834380	0.3716898557551453	0.38132337450757703	0.4377500725995733	31444	0.10178512452972616	0.10178512452972616	0
0.9951171875	2503568	0.4192598242896888	0.4278535533291595	0.43404963795098667	31406	0.09231930139191068	0.09231930139191068	0
0.993896484375	3180070	0.3368911605592481	0.3471362629745364	0.45775727433297747	31876	0.0856186361068204	0.0856186361068204	0
0.9599609375	2470122	0.40854565006623833	0.4175479762541004	0.44504313531468	30572	0.09454586188943744	0.09454586188943744	0
0.9656982421875	3591770	0.4274758730762962	0.43364321841346626	0.4555778434679951	31054	0.10336386798980109	0.10336386798980109	0
0.9989013671875	3507100	0.4045278107628709	0.40830443429025803	0.45195440867267545	32294	0.08913252559809925	0.08913252559809925	0
0.999267578125	4917074	0.2841670285391155	0.29024934085378634	0.46399327401604723	31992	0.09046045365786531	0.09046045365786531	0
0.9857177734375	2831410	0.34904208517981633	0.3588336945148886	0.4497726877494899	31550	0.09558375283912496	0.09558375283912496	0
0.9879150390625	2237184	0.3905807697446016	0.39763501694206854	0.4431767709067062	31514	0.10184771528955054	0.10184771528955054	0
0.998291015625	5785626	0.4297954094790994	0.43608999567220513	0.4574316123439082	31830	0.0872502554519442	0.0872502554519442	0
0.9853515625	2459382	0.34944678628337966	0.3594982087711905	0.44619233585571355	31828	0.09766018172549663	0.09766018172549663	0
0.97509765625	3807352	0.321124022515964	0.3296535703640596	0.4665794320509897	31606	0.09347478097111304	0.09347478097111304	0
0.9945068359375	2785176	0.3871780638797417	0.3944354145992232	0.44932128775492286	31940	0.09636563044565721	0.09636563044565721	0
0.9871826171875	2539994	0.36636381100183124	0.37518246220054285	0.4489807834395674	31886	0.09298891096971733	0.09298891096971733	0
0.998779296875	3061674	0.4016435757890449	0.40737366899366406	0.447726381168227	32236	0.09794365850034276	0.09794365850034276	0
0.9989013671875	2795016	0.42115896070876974	0.430397546674442	0.439673603494343	31782	0.07776417380043188	0.07776417380043188	0
0.9859619140625	2971554	0.4471865997573174	0.45103895889996215	0.45032454254158033	31912	0.08599366337067932	0.08599366337067932	0
0.987548828125	3079276	0.4179133212211685	0.42226128241376687	0.4463706107366676	31656	0.08638718146588982	0.08638718146588982	0
0.9949951171875	2905016	0.3846363939490971	0.3905160883416447	0.4517590472518198	32048	0.09310428049534551	0.09310428049534551	0
0.989990234375	2732022	0.4482226729081899	0.4531718133687561	0.43370055367111204	31526	0.08605548704333843	0.08605548704333843	0
0.992919921875	2607972	0.36372387039114296	0.3714287736590691	0.4408135753125451	31966	0.07938142591169675	0.07938142591169675	0
0.9971923828125	4414446	0.36048967941082494	0.3664357491947685	0.45490296024955984	31892	0.07633023787667596	0.07633023787667596	0
0.9892578125	3901214	0.4742752841225988	0.47696435039221186	0.45395602557877024	31774	0.0984899774166238	0.0984899774166238	0
0.994384765625	2545172	0.40963076558329137	0.41806066279363296	0.44041197790708503	31860	0.10673979384728849	0.10673979384728849	0
0.995849609375	4983568	0.4585228685129594	0.4626886247741248	0.4536876552444971	31872	0.08993571925952006	0.08993571925952006	0
0.9990234375	2490414	0.39078590810892194	0.3994516492231606	0.43921831500339303	31768	0.09352768815485026	0.09352768815485026	0
0.953369140625	3599008	0.4510707095815322	0.45386574049181844	0.4576887318760548	31032	0.08103417062260715	0.08103417062260715	0
0.99560546875	4304534	0.4078767435168893	0.41242520049016446	0.44843457591370967	31776	0.07770525316456034	0.07770525316456034	0
0.9857177734375	2540232	0.38937596560495	0.3959516732115571	0.43364701078516005	31268	0.09354313476632732	0.09354313476632732	0
0.993896484375	3116044	0.32946881754625107	0.3363673176276127	0.4518063559044259	31928	0.09156089560485876	0.09156089560485876	0
0.9951171875	4305326	0.32046096733740953	0.3262031401961795	0.4487537809255737	31628	0.07996235971641875	0.07996235971641875	0
0.99365234375	3599938	0.4415618956459153	0.4455302937806347	0.4542044321226808	31970	0.09443728138938555	0.09443728138938555	0
0.9937744140625	2562794	0.4012594543418461	0.40765603939271267	0.4408539127689479	31606	0.08818882781035571	0.08818882781035571	0
0.9952392578125	2900966	0.40158602156647943	0.40749539335242574	0.44182937445072784	31980	0.09916699239231297	0.09916699239231297	0
0.995361328125	2961408	0.386337116902798	0.3966224349510002	0.44749005706440426	31862	0.0952351864878505	0.0952351864878505	0
0.982177734375	2502024	0.32993742578821245	0.3395328921333398	0.44972027235400835	31578	0.07645130281753008	0.07645130281753008	0
0.989990234375	2843076	0.391417727697203	0.39646480994625155	0.43619448537669286	31350	0.07712252847256	0.07712252847256	0
0.990234375	4190092	0.5163754894325572	0.5188407234495742	0.45045713207046956	31774	0.09636319574934427	0.09636319574934427	0
0.9970703125	2478710	0.40489659970621256	0.4143473439171092	0.44306170906844417	32006	0.09160710756695216	0.09160710756695216	0
0.986083984375	4398182	0.4172642274909053	0.4205478902247448	0.4549412140094731	31580	0.09035637471377848	0.09035637471377848	0
0.9930419921875	3037482	0.34251236650444067	0.35479255382584934	0.44431728401620396	31640	0.08392254838110828	0.08392254838110828	0
0.99853515625	3590072	0.3678288406962404	0.3743556775373286	0.44389929430819225	31912	0.09438971310898776	0.09438971310898776	0
0.99658203125	3546190	0.4173895156360821	0.4224812696818037	0.44765962870377446	31722	0.08734197744983789	0.08734197744983789	0
0.993896484375	2817946	0.36635669220056305	0.3741999581518037	0.44527801780540993	31758	0.08759001369438257	0.08759001369438257	0
0.996337890625	3495166	0.4804845067244357	0.48326690337408307	0.44946149593696	31972	0.09213771625020045	0.09213771625020045	0
0.984375	4159504	0.4790574337741373	0.4830402941463517	0.46181881899702665	31880	0.09334003620838155	0.09334003620838155	0
0.9959716796875	3478360	0.45132157500673925	0.4532678355650345	0.4437351845030543	32014	0.10245936026658194	0.10245936026658194	0
0.9837646484375	3780180	0.3817575867310958	0.3866417007652661	0.4571889522192934	31700	0.0915807031395129	0.0915807031395129	0
0.997314453125	2886284	0.3821422331065784	0.3886551305413332	0.45083026095182627	32168	0.08565643527536472	0.08565643527536472	0
0.991943359375	3481390	0.36938586209614027	0.378533695274412	0.4506994372127506	31588	0.09248038571098229	0.09248038571098229	0
0.9949951171875	3414208	0.37798840621522906	0.3835049804998503	0.4382700634808949	31498	0.08527684104420145	0.08527684104420145	0
0.9857177734375	2312180	0.3559659304288047	0.36556440981374716	0.44847588182530007	31388	0.09906445166569021	0.09906445166569021	0
0.9989013671875	3350832	0.4787832101462592	0.4843847300958782	0.4434242326846141	31938	0.10019615627307527	0.10019615627307527	0
0.99951171875	3500774	0.44084416882744876	0.44794453447912347	0.45104261099902776	32076	0.08191800658201999	0.08191800658201999	0
0.996337890625	2197860	0.35489270024405456	0.36684904407767677	0.43745245680385253	31736	0.0791840733745149	0.0791840733745149	0
0.9959716796875	4728340	0.44451063843419686	0.44783648034343376	0.4500777386791413	31746	0.08258700939862287	0.08258700939862287	0
0.989501953125	3095998	0.4174392342721592	0.42511584170673183	0.4498877368256598	31724	0.097429873300294	0.097429873300294	0
0.984375	2853192	0.38998184642772116	0.39458464880054217	0.4361232372949817	31264	0.07845727498063017	0.07845727498063017	0
0.9913330078125	4108964	0.34717484753781697	0.35330810867582807	0.4614952992154939	31844	0.08131818889821077	0.08131818889821077	0
0.99560546875	4045222	0.4688621888363303	0.4738711206520332	0.4516746851184857	31740	0.09535731595748065	0.09535731595748065	0
0.9888916015625	2550076	0.3611874010297176	0.37001588363879057	0.44430215846260346	31516	0.08108740679688226	0.08108740679688226	0
0.99267578125	3950510	0.39482695457809264	0.3993227950698053	0.44927912463097797	31612	0.09764586095042287	0.09764586095042287	0
0.99658203125	2940770	0.40888509009444535	0.41868960609245914	0.4348565716717201	31642	0.08764419072898848	0.08764419072898848	0
0.979248046875	2696808	0.37631836705986593	0.38243859367902994	0.4461244428992417	31296	0.09158706081206473	0.09158706081206473	0
0.995849609375	3364224	0.28996961385201253	0.29815252970936285	0.45365462879211815	31884	0.0968928295141288	0.0968928295141288	0
0.9874267578125	2624048	0.4073614866223613	0.41494687851744444	0.45156071405797493	31788	0.09544443356244225	0.09544443356244225	0
0.996337890625	4575744	0.3812515989830858	0.3876197080760364	0.461625615873299	31954	0.07591365133577978	0.07591365133577978	0
0.99951171875	3314114	0.3337495278009614	0.34231640992451284	0.4502975040063322	31848	0.08958338982524616	0.08958338982524616	0
0.9989013671875	4219800	0.3831121742236782	0.3895727003639619	0.44967059592190894	31936	0.08651641414771054	0.08651641414771054	0
0.99267578125	1541422	0.3579957878336218	0.36586027517006664	0.4271645877166477	31662	0.09605003903159466	0.09605003903159466	0
0.99951171875	5043548	0.4725949829448825	0.47830821626098713	0.4504804682963646	31852	0.08482788671843937	0.08482788671843937	0
0.9952392578125	3009584	0.4525618675102652	0.4568238575508305	0.446125550455798	32022	0.09436936795896944	0.09436936795896944	0
0.9989013671875	4548338	0.39099928870357226	0.3981342528789644	0.4623082096057746	31958	0.09596231660764791	0.09596231660764791	0
0.9521484375	2192302	0.3778218827314755	0.38654517951837697	0.4524314847311881	30366	0.10108741658355624	0.10108741658355624	0
0.9888916015625	2713566	0.3457140639962096	0.3554977139767099	0.44390567428614697	31698	0.08527860706358793	0.08527860706358793	0
0.995361328125	2072572	0.355165356318813	0.3634098649489826	0.4443700143701385	31856	0.09754418694854024	0.09754418694854024	0
1.0	2377466	0.42244085152427036	0.42898309893354175	0.43243870045877936	31442	0.09067060928284494	0.09067060928284494	0
0.998046875	3330500	0.3679873792751152	0.38104936356723346	0.4514739980042786	32050	0.0874614125415813	0.0874614125415813	0
0.980712890625	2625948	0.3721066743511303	0.3810648939618415	0.45307753155604336	31514	0.08875732870390994	0.08875732870390994	0
0.987060546875	3410652	0.47533214324439355	0.47922706441538837	0.45047841909252906	31720	0.09483571957636634	0.09483571957636634	0
0.9805908203125	3628478	0.4624090273650054	0.4679034753575197	0.4481711590716269	31554	0.09642078985882135	0.09642078985882135	0
1.0	3600804	0.3703657461561327	0.3794799687223707	0.451781951201891	32170	0.08755271582350332	0.08755271582350332	0
0.9896240234375	3807298	0.35283135234018986	0.36212635342371535	0.46101829995950844	31884	0.08129966572236805	0.08129966572236805	0
0.994873046875	2907830	0.3159971072093528	0.3282505286266865	0.45306159438773075	31852	0.09108175708735299	0.09108175708735299	0
0.983642578125	2478988	0.3623214739173691	0.37100864691489005	0.4429602984347032	31634	0.08929819837782242	0.08929819837782242	0
1.0	3009802	0.38349834734989896	0.39057803042034706	0.4491963048565728	31818	0.0849987994576671	0.0849987994576671	0
0.9954833984375	3510074	0.4319625621764525	0.4375851731263614	0.44713024447199806	31948	0.08304217208613773	0.08304217208613773	0
0.99609375	3011166	0.3567341084794882	0.3673202128954887	0.45051451909241463	32218	0.07843837582368544	0.07843837582368544	0
0.99853515625	2867330	0.4581691435323029	0.4625472346421288	0.4470386312601023	31908	0.09144907092700148	0.09144907092700148	0
0.9931640625	2263318	0.4129098304276873	0.4254143882983836	0.4413237027128796	31682	0.09720840806481906	0.09720840806481906	0
0.9918212890625	1998556	0.40651147634081447	0.4140531960556721	0.44274578279227467	32018	0.08686639444455681	0.08686639444455681	0
0.99658203125	3838446	0.3867186253459732	0.39037418581965594	0.44523740301415543	31850	0.08439271847595002	0.08439271847595002	0
0.9951171875	3153704	0.4327644103781814	0.4374491121908218	0.45467570075599134	31992	0.08758333336194683	0.08758333336194683	0
0.998046875	4737788	0.40754931453114884	0.410915407356563	0.45146748293972383	31892	0.08490532238778285	0.08490532238778285	0
0.994384765625	2697002	0.3519196603596269	0.358633645363645	0.4545645349224334	32134	0.09030671946336011	0.09030671946336011	0
0.98681640625	2472222	0.4079277737521847	0.4139681768871541	0.439233037258699	31406	0.085254500571725	0.085254500571725	0
0.98291015625	2945448	0.39920140623655526	0.40444578139915727	0.4472059143411915	31470	0.1083671688815274	0.1083671688815274	0
0.99609375	3324290	0.3555617273448887	0.364327251596459	0.4544012683065324	32084	0.08685104045665017	0.08685104045665017	0
0.9931640625	2723862	0.3946109837129778	0.4016451412286881	0.4430299136808588	31816	0.09188388485238445	0.09188388485238445	0
0.9935302734375	2285032	0.37206810266318074	0.37974142742110467	0.4445137414911635	31834	0.0844932404933979	0.0844932404933979	0
1.0	3178622	0.39568488530034696	0.40223609624348905	0.4507944948428124	31750	0.08451302090242709	0.08451302090242709	0
0.9970703125	2588090	0.4156448484779504	0.4216224791652739	0.4436416648607655	32152	0.0994895736520846	0.0994895736520846	0
0.9927978515625	3584128	0.44374993578614785	0.44846901714370335	0.4555155677019879	32126	0.09546587528945584	0.09546587528945584	0
0.983642578125	3631468	0.4294166315884084	0.43526906804945836	0.4432565822690888	31264	0.08775398163348269	0.08775398163348269	0
0.99951171875	3714666	0.36697760880509916	0.3751704876547714	0.45647159829305634	31882	0.07911839898855987	0.07911839898855987	0
0.9970703125	2232828	0.36676231038257345	0.3745194223701635	0.43932116802855886	31746	0.09825665219928616	0.09825665219928616	0
0.9976806640625	4610920	0.5129866183797401	0.5179932232112188	0.4378467580264373	31548	0.09900702971345288	0.09900702971345288	0
0.9918212890625	3389722	0.39339506324314627	0.3970574805018787	0.4535864377317463	32056	0.08795987469718326	0.08795987469718326	0
0.9981689453125	2892706	0.3176724681784246	0.32511354557969435	0.45616713904687994	32296	0.08140912218058739	0.08140912218058739	0
0.989013671875	2668190	0.39137956157091564	0.3945538946752505	0.45040052464867925	32114	0.09155312557765855	0.09155312557765855	0
0.9945068359375	2440988	0.4043761944472908	0.4111646274859681	0.439416435319874	31488	0.09017624008631699	0.09017624008631699	0
0.9896240234375	2845526	0.377763521008635	0.38479322073661976	0.45212667430768394	32004	0.08802302482323955	0.08802302482323955	0
0.9957275390625	2780546	0.3406769809927716	0.35185652351205143	0.4465927016555786	31916	0.09085777467538876	0.09085777467538876	0
0.982177734375	2405170	0.3450192619074397	0.3549210579299822	0.45654982321088217	31774	0.09293492368462121	0.09293492368462121	0
0.998046875	3858642	0.4191266575395641	0.4235149718457642	0.45177122785967333	31874	0.08512304162165019	0.08512304162165019	0
0.989013671875	3074034	0.4353797900909213	0.4392593672044016	0.4467529588654664	31828	0.09074376731438137	0.09074376731438137	0
0.998291015625	3018274	0.36607652995712536	0.3736715588788651	0.45365766296410176	32320	0.08276464743750273	0.08276464743750273	0
0.995849609375	3813556	0.4220449311735253	0.42723781266491717	0.4517969086351608	32044	0.09635523652083426	0.09635523652083426	0
0.9964599609375	4504956	0.41731733529942033	0.4227034762523758	0.44925865381863755	31852	0.0887096068038913	0.0887096068038913	0
0.9830322265625	5458804	0.42796482491116633	0.4318996866468288	0.4463196382813759	31436	0.093118435849279	0.093118435849279	0
0.9942626953125	4033126	0.4944394127223604	0.4980210334953974	0.45269735510859394	32074	0.0811754009772648	0.0811754009772648	0
0.9969482421875	3302090	0.37424940223370395	0.3831591870830306	0.45267394986865167	31842	0.07614874945893545	0.07614874945893545	0
0.9959716796875	2999238	0.39709093948619145	0.4062756893506719	0.4539220998238716	32254	0.08785659304111466	0.08785659304111466	0
0.991455078125	3013616	0.364052861921276	0.373168546240898	0.4563927217028765	31944	0.0915337303252337	0.0915337303252337	0
0.98291015625	4651970	0.44294810651311667	0.44497472702986435	0.4594963056839465	31480	0.08776295648312288	0.08776295648312288	0
0.996337890625	3233956	0.36955728990343656	0.3764251117786519	0.4444302817401296	31852	0.08891300065597378	0.08891300065597378	0
0.9930419921875	2914976	0.341604574623214	0.3502581399407221	0.4360574808884466	31540	0.08786598616477699	0.08786598616477699	0
0.9923095703125	4139648	0.4277467888908634	0.4342518831128044	0.45573093246997115	31662	0.08450425739076474	0.08450425739076474	0
0.9910888671875	2485808	0.3600453841081935	0.3681760089524893	0.4388726877058781	31800	0.08723736484043249	0.08723736484043249	0
0.9981689453125	3265462	0.39519589579124353	0.40315731189191206	0.44943696360414237	32042	0.07982925069986878	0.07982925069986878	0
0.987548828125	3078638	0.37188464082254263	0.3784041186277222	0.4421903446985415	31488	0.0784076984335666	0.0784076984335666	0
0.953857421875	4600862	0.386771263551792	0.3901617802363084	0.4606691521621056	30756	0.0712851883234515	0.0712851883234515	0
0.994384765625	3132476	0.33167082906574663	0.3410901460040146	0.45295456206253754	31860	0.067614860262605	0.067614860262605	0
0.9942626953125	4631098	0.41951007221385583	0.42381827358090374	0.45726282733669305	31716	0.09484552333828072	0.09484552333828072	0
0.9937744140625	3657514	0.451592369264977	0.45467362283885754	0.4507710113523335	31870	0.09613429568480647	0.09613429568480647	0
0.99609375	4310022	0.3491975203239253	0.35334286172523893	0.4506452914508221	31564	0.0659879077550368	0.0659879077550368	0
0.9786376953125	4443794	0.39119100699793585	0.39871193249881265	0.4622434988191055	31560	0.0760149027853838	0.0760149027853838	0
0.9931640625	2839734	0.3361324510323949	0.3457360251459631	0.4422478996900076	31574	0.0974782326420235	0.0974782326420235	0
0.9921875	3499278	0.42395998282558844	0.43225912882380707	0.45111359680821467	31684	0.08615358255568688	0.08615358255568688	0
0.99609375	3554960	0.37173233735193495	0.3804556949842943	0.45197752881052206	31824	0.07241574391367152	0.07241574391367152	0
0.9725341796875	2911054	0.4149100588083092	0.420458421257335	0.44546327990239454	31156	0.10228284515512957	0.10228284515512957	0
0.9908447265625	2466598	0.4047802790856165	0.41420267539740996	0.4383758193507188	31728	0.1096998517427744	0.1096998517427744	0
0.987548828125	2495552	0.41758002653029713	0.4225630646895058	0.44702251683497574	31740	0.10010996475702923	0.10010996475702923	0
0.99853515625	5367000	0.3251984841839529	0.33022449215377486	0.45974872427313435	31934	0.08216728013117615	0.08216728013117615	0
0.99267578125	3118240	0.3932746760216103	0.39807223183294616	0.45864086062750764	32030	0.10552900453631382	0.10552900453631382	0
0.9989013671875	3523788	0.4470645228498588	0.45272977937918885	0.44936563159613646	32148	0.08641061896060619	0.08641061896060619	0
0.993408203125	2758884	0.3151643215654955	0.32269937662845655	0.4447718891870763	31984	0.08899790848345361	0.08899790848345361	0
0.9906005859375	3153144	0.420513281817918	0.42684585487829985	0.4344090491156925	31574	0.0937497140231256	0.0937497140231256	0
0.994384765625	4610034	0.4405804460911444	0.44195595782962394	0.45827871175503754	31998	0.09304648222254268	0.09304648222254268	0
0.9862060546875	3199568	0.32449427378524903	0.33335263289014616	0.4548407997954244	31482	0.08701173916352739	0.08701173916352739	0
0.9874267578125	2341090	0.3900461752999735	0.4001064557956114	0.4442419331136649	31484	0.08755499865360851	0.08755499865360851	0
0.995849609375	3617124	0.43343287794123814	0.43942664734104747	0.44592050089734875	31958	0.08598751136639222	0.08598751136639222	0
0.9716796875	3145030	0.40779094928902765	0.41238691603313987	0.4586454990404623	31436	0.09244075613034554	0.09244075613034554	0
0.997314453125	3321266	0.4368485332920289	0.44193635040507995	0.45139367800782465	32118	0.09097109374564248	0.09097109374564248	0
0.9940185546875	2627832	0.4249130806181742	0.4328164050943169	0.43551867099863123	31762	0.08276894022161715	0.08276894022161715	0
0.9981689453125	2834362	0.36354497391801854	0.3720616252768501	0.4405897554583605	31830	0.08806416907668523	0.08806416907668523	0
0.98681640625	3550308	0.32356805613139	0.3354591725833162	0.4516033584146509	31234	0.08258478037767453	0.08258478037767453	0
0.9945068359375	4009470	0.4950737514505376	0.4978013923685595	0.45166921749505784	31960	0.11624152256380589	0.11624152256380589	0
0.99365234375	3956268	0.49265445073460884	0.49544799003758505	0.4387257027884807	31632	0.08754939159087016	0.08754939159087016	0
0.998046875	3906508	0.4202528967520806	0.42640283042159094	0.45370232402943594	31740	0.08824038213391654	0.08824038213391654	0
0.99169921875	4329822	0.420754277761111	0.4275032771928097	0.4541471447629574	31896	0.08310688774585505	0.08310688774585505	0
0.99560546875	2960038	0.39620417501446176	0.4037101525833266	0.4459260667727318	31784	0.08917284416863869	0.08917284416863869	0
0.997802734375	2746452	0.40716184467631206	0.4131624002813243	0.45120559800448423	32258	0.08881949003052465	0.08881949003052465	0
0.9945068359375	4336810	0.38337397231794473	0.3880429563756042	0.4554541197526687	31894	0.0736509618670316	0.0736509618670316	0
0.9959716796875	2784240	0.38992897483910743	0.39849756208239806	0.4470243005688637	31618	0.10441930035677781	0.10441930035677781	0
0.9969482421875	3798008	0.402569503754856	0.4089648700428992	0.450100893878248	31804	0.08078496787855217	0.08078496787855217	0
0.9970703125	2909042	0.32090278822309004	0.3305388710848232	0.45029762915110183	31942	0.08545934412335476	0.08545934412335476	0
0.995361328125	4455958	0.3812709899296793	0.3858454667659172	0.4562721315797598	31920	0.0892077874621814	0.0892077874621814	0
0.9951171875	4042332	0.4796869905039351	0.48818335733470536	0.45156930158306047	31822	0.09329952413586523	0.09329952413586523	0
0.998046875	3060208	0.40869025655675767	0.41570770781048466	0.4457040707259022	32044	0.08857202269829624	0.08857202269829624	0
0.9659423828125	4228930	0.3200903534737081	0.32614431986862275	0.46140125514630564	31072	0.08758863048425708	0.08758863048425708	0
1.0	2430304	0.43237552989515127	0.43809821313678105	0.4378530894591377	31892	0.10892843410500185	0.10892843410500185	0
0.9967041015625	3085132	0.3691378266354876	0.3779266935499681	0.4483817317843148	31880	0.07131516879507176	0.07131516879507176	0
0.9937744140625	3496010	0.4793013191981103	0.48252378032969173	0.44565505843918535	31846	0.09563811444413556	0.09563811444413556	0
0.998779296875	3682680	0.3578509819903699	0.3639695181541353	0.45272179235882265	32000	0.0953741481835859	0.0953741481835859	0
0.998046875	2703318	0.4001561223014632	0.4087938953965573	0.4475532056400664	32338	0.0960284501220043	0.0960284501220043	0
0.997802734375	3914484	0.3111913330120148	0.31940559259646906	0.45054893446411787	31638	0.07422214218590183	0.07422214218590183	0
0.9967041015625	2497302	0.3804590408289996	0.3845457092654485	0.4438894609301798	32028	0.0958282107454706	0.0958282107454706	0
0.9923095703125	2504750	0.3512919729659237	0.3609294062881672	0.44336557887294065	31850	0.08972176411238166	0.08972176411238166	0
0.9957275390625	2932380	0.37972176005264996	0.385072251528318	0.44745086129393713	32066	0.0831951350483392	0.0831951350483392	0
0.9884033203125	2530904	0.41598010153166504	0.42450355092122055	0.43904869414800857	31708	0.07860169600404045	0.07860169600404045	0
1.0	2768444	0.3869051409719165	0.39557054174995665	0.45107608516923925	32206	0.09630612133302936	0.09630612133302936	0
0.9967041015625	3264724	0.4156029299870337	0.42040706234808395	0.45358952273113434	31950	0.10167121407139773	0.10167121407139773	0
0.977294921875	2394384	0.37288022906571033	0.38210351213486526	0.4423685281637446	31114	0.09504667154356548	0.09504667154356548	0
0.9970703125	2635758	0.4127479423239209	0.418055996396161	0.4385970443611918	31748	0.10566390924301595	0.10566390924301595	0
0.9974365234375	4569566	0.3166575359197485	0.32264053090293365	0.45425917246350694	32056	0.06541355101723581	0.06541355101723581	0
0.9959716796875	3837300	0.4291268255236936	0.43350282264407203	0.4542994027590774	31878	0.08914748009914071	0.08914748009914071	0
0.9910888671875	2530266	0.3904304061299517	0.39695319306689975	0.4430852727459296	31546	0.10608469981119854	0.10608469981119854	0
0.9827880859375	2544980	0.3209506975231494	0.3318865066615558	0.4541244054625037	31536	0.09384428973768022	0.09384428973768022	0
0.9918212890625	3554394	0.3550788580661835	0.36461435086157806	0.4476700823109327	31644	0.09243311865138389	0.09243311865138389	0
0.9923095703125	4845944	0.40756512750955814	0.4135824333597285	0.46777991024896587	31892	0.07580672833222397	0.07580672833222397	0
1.0	2160802	0.4231429293575087	0.4313724175831915	0.4239798018881722	31448	0.09538237729217347	0.09538237729217347	0
0.9873046875	4138544	0.2913617275771136	0.30114534085166	0.4566247326743431	31452	0.0721357681525073	0.0721357681525073	0
1.0	2867426	0.38870773711897494	0.3961821150866607	0.43929029404061865	31366	0.10029207779065298	0.10029207779065298	0
0.996337890625	3289192	0.3022046955359144	0.31152879496661806	0.45682998450239803	32018	0.08689799044707008	0.08689799044707008	0
0.99365234375	4340322	0.34275879909721	0.3480206114363549	0.4594283290316241	31942	0.09007320522785388	0.09007320522785388	0
0.99951171875	2667798	0.3844101799959187	0.3932334912509477	0.4426493113149353	31894	0.09598287182040421	0.09598287182040421	0
0.998779296875	3052522	0.4408605747384475	0.44704510017216226	0.4499583665069753	32172	0.0968396946725612	0.0968396946725612	0
0.9925537109375	3496322	0.4363496815663392	0.44281147305217106	0.44987090206620356	31660	0.08838124901552008	0.08838124901552008	0
0.998779296875	5784588	0.4975831053821384	0.5025935827756715	0.4601533322498023	32060	0.09256897677213131	0.09256897677213131	0
1.0	4468974	0.43974391871701063	0.4459252964833291	0.4555925160523271	32258	0.08551730520984145	0.08551730520984145	0
0.976806640625	2728078	0.41258788394955465	0.41783052072790666	0.4478829978968592	31458	0.08979438657546086	0.08979438657546086	0
0.992919921875	4837914	0.40475739208886957	0.4093291687124048	0.45257465340341607	32002	0.0823084721773331	0.0823084721773331	0
0.994140625	3022416	0.34651951481939197	0.35498074344165226	0.4489144153095748	31664	0.08721284455916627	0.08721284455916627	0
0.9931640625	4297218	0.4901104172678637	0.49388366643123377	0.454064677863714	31914	0.08571268229717427	0.08571268229717427	0
0.994140625	3533950	0.4051515091844436	0.41241330916933533	0.4495617273385771	31832	0.07665677016188305	0.07665677016188305	0
0.996826171875	2444612	0.3605573900759817	0.37087864222771105	0.4468041642347364	31844	0.09171801703472064	0.09171801703472064	0
0.990478515625	2767490	0.37417842377085536	0.3810399736012511	0.4416594497537106	31604	0.0792105911298534	0.0792105911298534	0
1.0	2678826	0.4241832696875581	0.4298290744282242	0.43676543577442145	31682	0.0920974800952581	0.0920974800952581	0
0.985107421875	2765880	0.41504319219318986	0.4240173156367286	0.4487332599271012	31624	0.07458970928239692	0.07458970928239692	0
0.9967041015625	3096390	0.4019115612841564	0.4106840411067197	0.4455936560843741	31806	0.09328483356992195	0.09328483356992195	0
0.997802734375	3036032	0.4387668431253789	0.44471976965537835	0.44421258913469774	31884	0.08938895814285712	0.08938895814285712	0
0.968505859375	2775612	0.3828282621151145	0.3906573727482072	0.45594316463437895	31220	0.10332206356722808	0.10332206356722808	0
0.9869384765625	4437646	0.47457187752765767	0.4815813527356511	0.45457203299758286	31298	0.09056949840580657	0.09056949840580657	0
0.9923095703125	2695470	0.3693165558759049	0.3799010109021265	0.4517909604005905	32172	0.07285605721592613	0.07285605721592613	0
0.9990234375	2510348	0.4358158085477695	0.440794699036639	0.44441259443401854	32092	0.09998432787847478	0.09998432787847478	0
0.99560546875	3477312	0.41646081327258266	0.4210110649047068	0.4556044271401373	32264	0.08607727695880046	0.08607727695880046	0
0.9873046875	3181898	0.3602758601693648	0.36863408615254123	0.459238870302301	31924	0.08745239633957537	0.08745239633957537	0
0.9864501953125	2826282	0.39810051557276327	0.40476311051664843	0.4280131108293927	30774	0.09517875438427449	0.09517875438427449	0
0.9879150390625	2458990	0.383831290799298	0.39352807751536606	0.4480058830314082	31462	0.08493824860343267	0.08493824860343267	0
0.99560546875	3874608	0.3460740469473897	0.3522795660422802	0.46027452666323576	32162	0.07836286257088512	0.07836286257088512	0
0.9859619140625	2594828	0.3353645384458794	0.34621991171389693	0.44485654341431924	31542	0.08609651082486618	0.08609651082486618	0
0.9967041015625	2321566	0.3968632251417388	0.4018480937332934	0.43502680565177543	31824	0.11230628291345107	0.11230628291345107	0
0.9862060546875	2169938	0.3839654585318773	0.3893212744892303	0.4523549065454557	31768	0.10643274975719387	0.10643274975719387	0
0.98974609375	4111728	0.4142423932049312	0.4196677110562535	0.45410141836173795	31970	0.08645070777665746	0.08645070777665746	0
0.9969482421875	2389506	0.43856817895256045	0.44472008283860043	0.42539414332028014	31476	0.09512740330476167	0.09512740330476167	0
0.989990234375	2484724	0.40053947712674226	0.4069982758197132	0.44432063318596776	31822	0.10494790460216918	0.10494790460216918	0
0.987548828125	2433880	0.3696981763618825	0.37381067223806735	0.4363038455774502	31292	0.1004851405759426	0.1004851405759426	0
0.9951171875	2905604	0.4105949596913441	0.41768830203180723	0.4447087530182144	31830	0.10050782613076191	0.10050782613076191	0
0.9951171875	2754440	0.41375731861334014	0.4211081607432147	0.44701715043059115	32160	0.09112945808914048	0.09112945808914048	0
0.992919921875	3544088	0.44254425765619304	0.44633233925845306	0.4518413585298045	31948	0.08942677852930254	0.08942677852930254	0
0.9952392578125	3222854	0.41149355000116894	0.41836872533363406	0.4509789458108924	32116	0.09274018722699585	0.09274018722699585	0
0.9830322265625	3086662	0.3825635476787048	0.38776185209709685	0.4465882293556855	31728	0.08696839879201962	0.08696839879201962	0
0.997802734375	2697248	0.3570802720462771	0.3681867654295343	0.4460374487287917	31726	0.09156106239325502	0.09156106239325502	0
0.9990234375	3291010	0.4308915999574036	0.4359408438573415	0.4537381259353712	32168	0.09368650008703984	0.09368650008703984	0
0.9951171875	3753562	0.44397198655872616	0.4479691306059547	0.45597310664438057	31978	0.09511022498049608	0.09511022498049608	0
0.997802734375	3299900	0.3952246003433573	0.40503687444559283	0.4567159821084286	32068	0.08220152209226769	0.08220152209226769	0
0.996337890625	3935058	0.3516092209005723	0.359796579069735	0.4595904655328534	31952	0.08575625486663407	0.08575625486663407	0
0.9937744140625	4252536	0.4314613982059264	0.4394057986953324	0.45727189174276667	31882	0.09209059862709866	0.09209059862709866	0
0.9864501953125	2987006	0.3828416880326037	0.3879999005218635	0.45003472949829454	31996	0.0837122974315605	0.0837122974315605	0
0.995849609375	2860676	0.369935226290415	0.3772086088210039	0.45093821613491064	32074	0.08629547924336023	0.08629547924336023	0
0.9927978515625	4398104	0.4168266204929134	0.4259122066417609	0.4665411963468222	31668	0.08314630168284172	0.08314630168284172	0
0.988037109375	5592854	0.2815008394386415	0.2859877297569798	0.45238558341079105	31400	0.07681519174102257	0.07681519174102257	0
1.0	3928118	0.42106163129269775	0.4254345406416605	0.4516234793350508	32104	0.09090379324076092	0.09090379324076092	0
0.9984130859375	4065230	0.36763356958296817	0.3731763573034584	0.45800657413894563	32030	0.07918844253176711	0.07918844253176711	0
0.99609375	2618248	0.3935183621310896	0.40229812881953536	0.4365296278213304	31586	0.08984949014041603	0.08984949014041603	0
0.989990234375	3202508	0.434858919540436	0.4393518928731581	0.44965912669874347	31608	0.08735870971887316	0.08735870971887316	0
0.986572265625	2895844	0.4046333985891573	0.4103510580763609	0.4439059276506993	31736	0.09274030182222509	0.09274030182222509	0
0.9967041015625	2308140	0.35823584343975373	0.3667455565341892	0.4413299192363904	31812	0.07714111056404208	0.07714111056404208	0
0.9940185546875	1987158	0.4179558596832675	0.42297727955679015	0.429605719427419	31540	0.1012894197302943	0.1012894197302943	0
0.997802734375	3924646	0.4020899083888895	0.40764102718139256	0.4431212907412905	31722	0.08194351968860943	0.08194351968860943	0
0.99951171875	2755120	0.3686553416690009	0.377977929821321	0.4345415047470076	31824	0.07986739572013594	0.07986739572013594	0
0.989990234375	3537786	0.3991815914420706	0.40357053730209946	0.45280280928862116	31704	0.0973379022724047	0.0973379022724047	0
0.993408203125	2823398	0.4378695711585104	0.44351290242570224	0.4451068480769537	32088	0.098184172881639	0.098184172881639	0
1.0	1913142	0.3992165802357433	0.41120147287571435	0.4295814660552722	31632	0.0970181319930638	0.0970181319930638	0
1.0	4036282	0.38203291881165624	0.39009886364798835	0.4541909008039711	31790	0.08694691114529136	0.08694691114529136	0
0.988525390625	2564528	0.3442659383998336	0.3533809538335007	0.45133274144437485	31726	0.09977537581312484	0.09977537581312484	0
0.992431640625	3764502	0.46165123905977995	0.4652739346821948	0.44852487985647277	31704	0.10186330892960312	0.10186330892960312	0
0.998291015625	3395998	0.40655954627704743	0.4106588268268492	0.45301015083830315	32160	0.09748444377080541	0.09748444377080541	0
0.9942626953125	4582120	0.48408034309385123	0.48923582066837296	0.4556394373093194	31906	0.0849759038325566	0.0849759038325566	0
1.0	4159964	0.40028540404952934	0.40465691924600516	0.45213875098815803	32052	0.07576823100320862	0.07576823100320862	0
0.9984130859375	2765110	0.3732428068956373	0.38101280697810763	0.44962472822366933	31820	0.08224709565702563	0.08224709565702563	0
0.995361328125	2881342	0.40834010200258847	0.4137816734336684	0.4464454105703682	31770	0.09483510060447665	0.09483510060447665	0
1.0	3410442	0.3912877673236599	0.3968432907069	0.4608903333402328	32236	0.078778544485594	0.078778544485594	0
0.9923095703125	2889646	0.3286913455446843	0.3374694214368339	0.4492904936988154	31826	0.09676965888818229	0.09676965888818229	0
0.9954833984375	3716378	0.4948128247248733	0.49723370042477205	0.4424274039265846	31858	0.09129157629338307	0.09129157629338307	0
0.9967041015625	3461376	0.43510635447741675	0.4411723410639163	0.45189840630551287	32058	0.07821092424727046	0.07821092424727046	0
0.979248046875	3015354	0.40536169507706016	0.41154025036463954	0.4516857913020396	31390	0.09572154730948228	0.09572154730948228	0
0.997802734375	4738314	0.39125232822959766	0.39678113390497893	0.45967081131654436	32282	0.0663962216522206	0.0663962216522206	0
0.98681640625	4215790	0.33999029909637307	0.34767870967211567	0.4631289732503037	31792	0.07472394658849134	0.07472394658849134	0
0.9940185546875	3480588	0.459520135210523	0.46472777812709426	0.445148290018157	32076	0.07568493056577044	0.07568493056577044	0
0.9798583984375	3306588	0.48315427078981904	0.4858244084958067	0.4447793970696126	31246	0.0863512193982519	0.0863512193982519	0
0.9989013671875	3273146	0.33622451209000287	0.343501626762528	0.4467007147717681	31944	0.10135987724982658	0.10135987724982658	0
0.991455078125	2656656	0.39220669743844305	0.39791220244885	0.44972938311405924	32068	0.10276856150719704	0.10276856150719704	0
0.9915771484375	2527306	0.3911804513616082	0.3995187965628175	0.4445806213609449	31836	0.08262875148158	0.08262875148158	0
0.997802734375	2841554	0.37852545727022996	0.38378471826173316	0.44265228329158685	31862	0.0814527972552056	0.0814527972552056	0
0.995849609375	2888396	0.4320512753677798	0.43761998676304353	0.436476375514677	31818	0.09166480597948597	0.09166480597948597	0
0.99951171875	3837850	0.4439407261251323	0.45111941900187613	0.45290114250666386	32142	0.09007309835155024	0.09007309835155024	0
0.9864501953125	3469910	0.44740898402629575	0.45264095226947093	0.46072274190732826	31810	0.10063205594806716	0.10063205594806716	0
0.993896484375	3048740	0.32233058066220527	0.3360519755992481	0.4418065582398505	31576	0.07782552509157756	0.07782552509157756	0
0.99072265625	3242154	0.3838949009520793	0.39189869230865737	0.4499032404002357	31744	0.08782869508871465	0.08782869508871465	0
0.993408203125	5109584	0.26881192099049817	0.2744299310677894	0.47452628573336914	31850	0.08850171941328122	0.08850171941328122	0
0.990234375	3197416	0.4004876129386635	0.40745521359000886	0.4494607948892156	31698	0.09091588119699064	0.09091588119699064	0
1.0	4611084	0.44794477796710463	0.4519710901764233	0.45476535857826783	32150	0.09695361178045296	0.09695361178045296	0
0.991943359375	3151182	0.40316973967246694	0.40841108358601913	0.4498747543615805	31964	0.09867576738859912	0.09867576738859912	0
0.993408203125	3164184	0.3905948560241354	0.3983831260480202	0.4521647384078098	32010	0.09583384254843169	0.09583384254843169	0
0.994873046875	5397554	0.3212579681618275	0.32812097573839155	0.4691532153277241	31810	0.07723821770474161	0.07723821770474161	0
0.9952392578125	2758752	0.44921169944452255	0.45474941730350255	0.44227710178859553	32032	0.07975132487046578	0.07975132487046578	0
0.998291015625	2780676	0.32749231514822813	0.3357763868832899	0.4460430531595814	32000	0.09093542674891929	0.09093542674891929	0
0.9996337890625	3409270	0.4023578439139793	0.40694620534080883	0.4543911009334747	32132	0.09520548415195884	0.09520548415195884	0
0.9969482421875	3188810	0.35615008525296915	0.36166704817259204	0.458430147597823	32040	0.07627844992059743	0.07627844992059743	0
1.0	3308332	0.39391196633326836	0.40222828404699246	0.45053962498203776	32236	0.08957948536329391	0.08957948536329391	0
0.9927978515625	3065732	0.44660660718591494	0.4529357912871357	0.4425966233788665	31784	0.10307442973358609	0.10307442973358609	0
1.0	3485026	0.4387100604772484	0.44462201796143147	0.4288497067996961	31120	0.08584886624196986	0.08584886624196986	0
0.9989013671875	3114026	0.3989312417948012	0.408415504899796	0.443399588476961	31760	0.08056753665788137	0.08056753665788137	0
0.9832763671875	2066196	0.37297625923802463	0.3815897870635865	0.4410691189117954	31626	0.09039661791282305	0.09039661791282305	0
0.99462890625	2930178	0.33177740283992246	0.3392036569318353	0.4533849845909658	32174	0.06789929094846417	0.06789929094846417	0
0.9945068359375	4245054	0.34704205248233944	0.3531763392040394	0.4578363881595127	32002	0.09802096698170115	0.09802096698170115	0
0.989990234375	3479642	0.4525564793860138	0.45699634313127097	0.4536959207321154	31830	0.08363360651860581	0.08363360651860581	0
0.9921875	2800630	0.4027284744367956	0.4088321767418441	0.44403204071017427	31784	0.08486941733102989	0.08486941733102989	0
0.9927978515625	2259068	0.3657310336015318	0.37537052884570005	0.44443195236708594	31744	0.10143332340548493	0.10143332340548493	0
0.9964599609375	3479652	0.3243336978213807	0.3317624257234164	0.4583209038989821	32230	0.07602368081630423	0.07602368081630423	0
0.981201171875	2891980	0.3770940319835088	0.38537759018700424	0.44743967431161386	31172	0.0786948212855743	0.0786948212855743	0
0.992919921875	3289362	0.47887787144244737	0.48486066649344983	0.44836237535000484	31636	0.09121626308622778	0.09121626308622778	0
0.9989013671875	2457770	0.4229861254531118	0.42892587232850193	0.44188328476905	32142	0.08710828116831022	0.08710828116831022	0
0.994384765625	2838430	0.3784921419479079	0.38424401487906884	0.4372120681039024	31462	0.10213452041517053	0.10213452041517053	0
0.9974365234375	3543680	0.38466491305245026	0.3918206624635936	0.4516314889949946	31946	0.0814894181431479	0.0814894181431479	0
0.99755859375	3974098	0.31033584049164875	0.3192591762741367	0.45427621908090793	31824	0.0759154512495028	0.0759154512495028	0
0.984130859375	3002616	0.37605357663949035	0.38339055448912757	0.44856780546301156	31604	0.08746465841951288	0.08746465841951288	0
0.998291015625	3561640	0.36323851383942857	0.36815016579611876	0.45574211134252546	32236	0.08919970043171772	0.08919970043171772	0
0.992919921875	6106824	0.47131961074429807	0.47581530120305054	0.45505106496632225	31652	0.0978669679009807	0.0978669679009807	0
0.9927978515625	3586750	0.4360535649680221	0.4387725174801593	0.4617601945158291	32146	0.08480223403118888	0.08480223403118888	0
0.99560546875	2285060	0.371534580592854	0.37960960080803474	0.44078368928586387	31834	0.08817633109307547	0.08817633109307547	0
0.984375	3362878	0.47329188878277023	0.4767666113920677	0.45972145559317834	31864	0.09348801025859821	0.09348801025859821	0
0.9869384765625	2713226	0.4209253991795614	0.42435270156749877	0.44716931018679756	31754	0.08623058722056443	0.08623058722056443	0
0.9901123046875	3093030	0.3424852704489813	0.35289713472808687	0.43034428830220817	31176	0.0730682295493298	0.0730682295493298	0
1.0	3167150	0.41496229649469046	0.42108676295064523	0.4429485508628353	31894	0.07953265582321978	0.07953265582321978	0
0.9879150390625	2767298	0.3914323289306209	0.40200011334179875	0.44046217071184945	31492	0.09044080661482264	0.09044080661482264	0
0.98681640625	3193054	0.3947159902934055	0.40091565018278646	0.4520329568112457	31766	0.08849722010519649	0.08849722010519649	0
0.995849609375	4211658	0.32518830352110467	0.3314896071420785	0.4587241941434544	32126	0.08351756162792008	0.08351756162792008	0
0.99267578125	3795868	0.4405942558433433	0.44313265686969844	0.45224192907309996	31814	0.09690924327673693	0.09690924327673693	0
0.9949951171875	3572884	0.38858700969974774	0.39595060033742707	0.45417800792851676	31810	0.07836631664991443	0.07836631664991443	0
0.99853515625	4257566	0.33985210153410444	0.3451716985473304	0.45888905424505294	32282	0.06987153579254865	0.06987153579254865	0
0.9873046875	2682936	0.35153845761434765	0.3577502821474816	0.44885472586894487	31900	0.08087291276721394	0.08087291276721394	0
0.996826171875	2424716	0.4622107680525911	0.4698630403257438	0.4376673868453255	31878	0.08755655483158468	0.08755655483158468	0
0.9866943359375	2916782	0.37544347406180617	0.381505086841188	0.4449137318693201	31770	0.08909007754286935	0.08909007754286935	0
0.990966796875	2990872	0.4329739634086342	0.4412950165283633	0.44828346855719753	31764	0.08482503557752719	0.08482503557752719	0
0.9921875	2920458	0.3998722585824963	0.4057714066691609	0.44805526255173955	31882	0.0791621031851087	0.0791621031851087	0
0.99609375	2567242	0.4093308632030934	0.412907786548584	0.44776437879677156	32044	0.10857559778772835	0.10857559778772835	0
0.99951171875	4209046	0.5120423500225145	0.5170619501213856	0.44407244645812644	31554	0.10162259131977136	0.10162259131977136	0
0.9942626953125	3605842	0.4074074182665441	0.4119571358000858	0.4440215329617078	31686	0.09625703109311957	0.09625703109311957	0
0.9913330078125	3554044	0.3725861506489671	0.38093213075351745	0.4513037575092506	31974	0.09188572284604907	0.09188572284604907	0
0.99951171875	2759082	0.3573367048525736	0.3646747904366268	0.4450721580292862	31854	0.07334057009104991	0.07334057009104991	0
0.994384765625	2972840	0.3811033248924122	0.38835856998148427	0.4512132482432847	31992	0.095209122199881	0.095209122199881	0
0.9954833984375	4101374	0.4017607321708434	0.40813235901107037	0.4549734568901847	31712	0.10864934431142248	0.10864934431142248	0
0.9918212890625	3137486	0.3635274529828665	0.3723516444645822	0.44739162087345763	31740	0.0912187114197786	0.0912187114197786	0
0.9932861328125	2490522	0.38472419979473244	0.39231270393212386	0.44835449537343014	31940	0.08635433617024345	0.08635433617024345	0
0.99609375	2579098	0.3911715721275962	0.3991534719806442	0.44153252762843415	31948	0.08086462670662761	0.08086462670662761	0
0.992919921875	3051530	0.337361483203697	0.34342885267168205	0.4510010691446367	31926	0.07544810308771338	0.07544810308771338	0
0.9990234375	2582776	0.41908609178910194	0.42720799902770357	0.43985666094784887	31956	0.07825499290516144	0.07825499290516144	0
0.996337890625	2042924	0.38628925180891077	0.3941239148156334	0.4360709781255414	32158	0.09844286273847185	0.09844286273847185	0
0.99072265625	3941800	0.4857962264391848	0.4899330048392927	0.4522229545839966	31740	0.10678328030027352	0.10678328030027352	0
0.9852294921875	2469016	0.3281624312831333	0.33505001623178027	0.45146252856024577	31482	0.09532306308698603	0.09532306308698603	0
0.9859619140625	2807164	0.37722745110524825	0.381717360544086	0.4464600222088042	31690	0.0931452553748356	0.0931452553748356	0
1.0	2542032	0.3698798326546337	0.3790811569322084	0.44775756168875264	31750	0.08908687974507119	0.08908687974507119	0
0.99658203125	2872326	0.4246438798380099	0.4299276974514951	0.4513629420841197	32148	0.11587952749403314	0.11587952749403314	0
0.9970703125	3162276	0.35465435191099187	0.3620659263917539	0.4463971722539131	32118	0.08204879845444875	0.08204879845444875	0
0.993408203125	3962544	0.38412918590048567	0.3895000264680897	0.4483422918450524	31966	0.07121316090600582	0.07121316090600582	0
0.992431640625	2144918	0.3735689003401242	0.38376101530883194	0.4383438997206646	31632	0.08558881067167777	0.08558881067167777	0
0.995849609375	2277764	0.3925065103223609	0.40172977925883036	0.44296844330974783	31986	0.09663780448079855	0.09663780448079855	0
1.0	2999480	0.35567590295125845	0.36402516824627235	0.4458424959079081	31958	0.09220542220843071	0.09220542220843071	0
0.9949951171875	3465404	0.36020318708102406	0.36650572487424365	0.4544263063158532	32036	0.07554779936832913	0.07554779936832913	0
0.990478515625	2611170	0.3893111715922775	0.39712525333775156	0.4417285174754308	31666	0.0954679395623051	0.0954679395623051	0
0.9925537109375	2903744	0.41575708204026524	0.42245385928690515	0.4584926068171839	31688	0.09303532695390417	0.09303532695390417	0
0.9923095703125	2289756	0.3757373450624694	0.3848799196600526	0.43981072563089835	31926	0.08540107248939448	0.08540107248939448	0
0.9990234375	3631964	0.46565030166726634	0.47189456360266324	0.45189992511202265	31950	0.08562081032858286	0.08562081032858286	0
0.9920654296875	2684428	0.39913696513362157	0.4047732987738892	0.43906326175185467	31874	0.09425596257406754	0.09425596257406754	0
0.9945068359375	3319992	0.45504348011276624	0.4621184980058917	0.4379964532895726	31550	0.0930364790160285	0.0930364790160285	0
0.9979248046875	4842738	0.42496372765319457	0.42924693897752203	0.4563382818059138	31990	0.07393780192091086	0.07393780192091086	0
0.9862060546875	3101000	0.4232888173866387	0.4326468299161959	0.4586483900689708	31772	0.08693780843215808	0.08693780843215808	0
0.9884033203125	4712274	0.4761523873802118	0.4813969992561036	0.4461329134435302	31472	0.09034671189728134	0.09034671189728134	0
0.9873046875	2595518	0.4007485628839877	0.4078123882131465	0.4460085155992104	31870	0.09112770867879567	0.09112770867879567	0
0.99462890625	4092564	0.47836524962266663	0.48191861660966945	0.4525167805238622	31878	0.08966321536790424	0.08966321536790424	0
1.0	3730416	0.45655850079086363	0.4596459950340104	0.4488716551476415	31860	0.09482257811960193	0.09482257811960193	0
0.9827880859375	2247188	0.41659917757011744	0.4221621563319984	0.44545798368624173	31460	0.09904429936496904	0.09904429936496904	0
0.990478515625	3646774	0.4242331740768352	0.43181557931783265	0.45627780073997454	31836	0.08757527426651106	0.08757527426651106	0
0.99072265625	4117620	0.3612697785908172	0.3657174726806092	0.458202803034242	31874	0.09059187380510964	0.09059187380510964	0
0.990478515625	2634096	0.4583585816152789	0.4636124714455279	0.4337126502899699	31114	0.10499898800527907	0.10499898800527907	0
1.0	3815652	0.48999503582869025	0.4951428777584534	0.45694499967930763	32288	0.08324530117760578	0.08324530117760578	0
0.993408203125	4206700	0.4269464426281227	0.4321214494236027	0.462531621974748	32154	0.09122624581580419	0.09122624581580419	0
0.995849609375	3439348	0.34247315026846487	0.35081656437448006	0.45380765948383006	31958	0.0942516506018929	0.0942516506018929	0
0.998046875	4139076	0.3998244425940169	0.4047229348204185	0.4485488312502543	32170	0.100725722698079	0.100725722698079	0
0.994384765625	2494446	0.3708890828940819	0.377835600520729	0.44698617843494176	31860	0.09068576911791569	0.09068576911791569	0
0.9906005859375	3572178	0.3683617694209433	0.37857107374672244	0.4563882906836922	31602	0.07857272223140409	0.07857272223140409	0
0.992919921875	2539726	0.3982693663885033	0.40352857492679467	0.4494372062004344	31868	0.1067721568526498	0.1067721568526498	0
0.991455078125	3711658	0.4569266540686765	0.4622039365937869	0.45628844607769015	31772	0.098237854831932	0.098237854831932	0
0.9927978515625	2819386	0.4038600011211782	0.4110363295013819	0.45130931146028513	31778	0.08546446397480649	0.08546446397480649	0
0.969482421875	3705792	0.4227186390912407	0.42667298658751496	0.451730675044524	31006	0.08984194892416837	0.08984194892416837	0
0.997802734375	2762174	0.3831332483247503	0.38851644086041937	0.44951078307835507	32028	0.09158051072167848	0.09158051072167848	0
0.997314453125	3171124	0.380684146894956	0.38839315948309433	0.4419440650283193	31634	0.09244803472267742	0.09244803472267742	0
0.9879150390625	2682430	0.38173142442995167	0.38846998447456366	0.43542151738657964	31488	0.08067690371374901	0.08067690371374901	0
0.9918212890625	3138692	0.3953731125183379	0.4027413252837251	0.44584748149458964	31826	0.0840709595731433	0.0840709595731433	0
0.99755859375	3244006	0.4168616013498381	0.4251476511905568	0.4491702469701142	31876	0.08847035593411522	0.08847035593411522	0
0.997802734375	3249722	0.40585669012947756	0.4106718948674873	0.44168710617388185	31540	0.09211981759380855	0.09211981759380855	0
0.99658203125	3225380	0.453079083371632	0.4608626933178393	0.4433026968149063	31780	0.09522115763054119	0.09522115763054119	0
0.998046875	3097288	0.35032851841384	0.3625680413650972	0.44511776099306766	32342	0.09533424971424943	0.09533424971424943	0
0.99560546875	2951604	0.42145114522880284	0.4273964063447035	0.4467238122024672	31784	0.09989021038875255	0.09989021038875255	0
0.988525390625	3116722	0.34383359143256165	0.35236508609204353	0.45071339456013687	31704	0.09267167789406595	0.09267167789406595	0
0.9957275390625	5194684	0.4672799182357303	0.471032433244666	0.4551271352646505	32024	0.08531824167192838	0.08531824167192838	0
0.99755859375	3387944	0.43241839885305294	0.43966054068707877	0.4509219395317186	32104	0.09042081846583451	0.09042081846583451	0
0.99072265625	3253552	0.3515948422781217	0.3590191618506547	0.4402680720933034	31474	0.08938029203599575	0.08938029203599575	0
0.994140625	2908624	0.39454954591446834	0.4014033005805988	0.44005801338479644	31690	0.0970330279341607	0.0970330279341607	0
0.995849609375	2505626	0.39798287885698236	0.40522513839016444	0.44878148611888474	31984	0.09523376410348573	0.09523376410348573	0
0.994384765625	2564794	0.4446171198432021	0.44588640388862827	0.44701618594571313	32090	0.0962851021308554	0.0962851021308554	0
0.9989013671875	4909128	0.38768400726475943	0.39234299284041513	0.45422975176042407	32176	0.08408470951960806	0.08408470951960806	0
0.9989013671875	2721288	0.4215238213610267	0.4289715880754361	0.4449436610079624	31942	0.09819001055846827	0.09819001055846827	0
0.996826171875	3021276	0.3700268325809026	0.38077210610424744	0.4565068926378786	32056	0.09011918299680215	0.09011918299680215	0
0.998291015625	3719378	0.3999026649212636	0.4052669075792708	0.4523888048637809	31928	0.0755713715964879	0.0755713715964879	0
0.994873046875	3365518	0.40061926924886576	0.4068885706040734	0.44140602074991464	31786	0.08418401168658148	0.08418401168658148	0
0.9930419921875	2410178	0.36871034559488053	0.37616620174605986	0.4420352880208356	31398	0.09713626474220112	0.09713626474220112	0
0.9989013671875	3262558	0.3639690556831558	0.37212758437432364	0.4473834490810538	31924	0.08888594679682948	0.08888594679682948	0
0.989501953125	2049134	0.41442669336500204	0.42571886947722937	0.43907561771594145	31766	0.0955911167587884	0.0955911167587884	0
0.993896484375	4582550	0.2908575129038447	0.29594581916840645	0.4640587571429242	32048	0.07424872941115608	0.07424872941115608	0
0.993896484375	4444064	0.42309176239271434	0.4286763651583734	0.45749825590058957	31964	0.07659466271374954	0.07659466271374954	0
0.9970703125	2989778	0.3609255376648113	0.3674614152299669	0.45527218027084543	32114	0.09829242368078034	0.09829242368078034	0
0.98828125	2561126	0.3887337381583554	0.391719455408526	0.44646805155553615	31914	0.10413917937509205	0.10413917937509205	0
0.997802734375	4088478	0.44822896410507346	0.45012320785633575	0.4535086581914272	32028	0.10612401144199729	0.10612401144199729	0
0.985107421875	3310064	0.41088968908838525	0.41548069930933074	0.45503658419222043	31836	0.07514297121457157	0.07514297121457157	0
0.9989013671875	3468430	0.2882522268823167	0.29452896428413206	0.45582468490514766	32144	0.083013778696565	0.083013778696565	0
0.9937744140625	3458726	0.35815213952466035	0.3668358927343913	0.45590607625006235	32060	0.07764375706036454	0.07764375706036454	0
0.994873046875	4658134	0.4194078971607959	0.4226411135528621	0.45660405785924413	31946	0.09491115073384683	0.09491115073384683	0
0.99658203125	2973694	0.35444893240562475	0.3632899742210904	0.44418781236610366	31976	0.08648620852164651	0.08648620852164651	0
0.996826171875	3097812	0.42371050599158583	0.43059608051161385	0.4485971227972183	31942	0.09379035584566375	0.09379035584566375	0
0.9962158203125	2565284	0.39514479313474116	0.40169190344524247	0.437571498759318	32082	0.09765996783901627	0.09765996783901627	0
0.9970703125	4110340	0.4281160496060903	0.4324789839328471	0.44756150404530287	31676	0.08687489811566988	0.08687489811566988	0
0.9874267578125	3388882	0.38842342123985274	0.39319175973244797	0.4606643500353789	31908	0.0939965504254792	0.0939965504254792	0
0.9951171875	3538804	0.44685156509373	0.45197449660214106	0.44628320044703407	31834	0.09447891991074313	0.09447891991074313	0
0.994873046875	3135996	0.4114473431179002	0.41988562342733715	0.4437669580656975	31662	0.09770488735644683	0.09770488735644683	0
0.9947509765625	2329196	0.35318572656733166	0.36139868177319356	0.4485609096392089	31868	0.08734919828326436	0.08734919828326436	0
0.939453125	2975960	0.4175527282240783	0.4221691823504829	0.45238440020270115	30324	0.0817192422413311	0.0817192422413311	0
0.994384765625	3176744	0.3850968007987821	0.39152982467813935	0.4441029278903011	31624	0.08470114916615586	0.08470114916615586	0
0.991943359375	2375112	0.4293118893442717	0.43537383996294765	0.433454060517863	31764	0.08870236864422686	0.08870236864422686	0
0.9852294921875	3638944	0.39639473881334536	0.40241118769908546	0.46106233194897106	31748	0.09289189358562776	0.09289189358562776	0
0.99560546875	2905260	0.3415543093530404	0.3525631536041966	0.4494308525222444	31918	0.09602120954507842	0.09602120954507842	0
0.9945068359375	3475422	0.37235472894275623	0.3790346557133098	0.4508735180910784	32068	0.08141299059091754	0.08141299059091754	0
0.9854736328125	3368182	0.30343430862384907	0.31524894931418534	0.4564165396468889	31554	0.0701305047805684	0.0701305047805684	0
0.992919921875	2460018	0.3535851623127271	0.3617137671945216	0.4422651545903291	31728	0.08604078573937725	0.08604078573937725	0
0.989990234375	5230264	0.362735032240461	0.3650079565782944	0.4576628916043361	31844	0.06295400322042112	0.06295400322042112	0
0.997802734375	2455102	0.3883517362628978	0.39721625747507133	0.4503173273183588	32328	0.0931926717318425	0.0931926717318425	0
0.9990234375	3492870	0.44263633360498295	0.44966942550397787	0.445944141851907	31970	0.09211962489789666	0.09211962489789666	0
0.9884033203125	1937552	0.3487804698059381	0.36055097987917456	0.42692576936777127	31700	0.07779988554454181	0.07779988554454181	0
0.9930419921875	3174948	0.39490411311905443	0.4014147414917504	0.45757110627536873	31884	0.09239503177457685	0.09239503177457685	0
0.99462890625	2955860	0.3397014719960641	0.3439040324568792	0.4357459412437615	31674	0.0757501593496857	0.0757501593496857	0
0.994873046875	3450066	0.4193295996498146	0.4254702851405838	0.44966398880044317	32056	0.09420907008077578	0.09420907008077578	0
0.998779296875	3648536	0.3718544673985615	0.37886629779986053	0.4607595260625681	32264	0.08359893587621951	0.08359893587621951	0
0.9981689453125	3483952	0.3797865322931544	0.38604764422613763	0.46000396022251216	32168	0.08570442191294521	0.08570442191294521	0
0.994873046875	2543188	0.4132826549536583	0.4188761191273284	0.4423242991725771	31966	0.08714037254433447	0.08714037254433447	0
0.9937744140625	3144444	0.38153403921960427	0.3869339592747343	0.45228484136196845	32044	0.07942450408133103	0.07942450408133103	0
1.0	5342224	0.36589059957543996	0.3676691928448479	0.4591916030920169	32078	0.07821138520055186	0.07821138520055186	0
0.9927978515625	3116376	0.32463225634653775	0.33304878592712	0.45292020066998023	31830	0.08371657264058907	0.08371657264058907	0
1.0	6479244	0.4612917360573128	0.4627730523822162	0.47348923888445066	32320	0.0732468293553589	0.0732468293553589	0
0.99169921875	4396706	0.45053567468886263	0.45313309254784134	0.4613312022365883	32186	0.08819713872610724	0.08819713872610724	0
0.9840087890625	2324450	0.35992892323829134	0.36950960607928	0.4529043598449017	31858	0.0896495757139294	0.0896495757139294	0
0.980712890625	3080836	0.40933893230194246	0.4136525562001024	0.4444506259192447	31200	0.08949023851619713	0.08949023851619713	0
0.99853515625	2929136	0.4148979173975346	0.41973929261800585	0.43945630630311694	32002	0.08109995591999745	0.08109995591999745	0
0.9903564453125	3525854	0.3366748440068423	0.34432405467486066	0.45671814987004483	31876	0.09073560941594151	0.09073560941594151	0
0.990478515625	3011576	0.3410754791265684	0.34850956392588595	0.45007846439750016	31718	0.08715913027364151	0.08715913027364151	0
0.9761962890625	2904004	0.4436766346199183	0.4484566242771934	0.44806281260503855	31512	0.08388174684258481	0.08388174684258481	0
0.9920654296875	3227308	0.4696530809874376	0.4746703023863647	0.44419004749565555	31602	0.10310107695622757	0.10310107695622757	0
0.9989013671875	3520200	0.3730052123413345	0.37953229967962193	0.45103197221276475	31904	0.08797819046482346	0.08797819046482346	0
0.98828125	3286622	0.4074831693289216	0.41307398320418703	0.44902622080490184	31798	0.09836777832929933	0.09836777832929933	0
0.998046875	2772820	0.4035608475277983	0.4096967378604876	0.44641211134039915	31896	0.09033949946812457	0.09033949946812457	0
0.986328125	2640396	0.39428822508207245	0.4007313568306831	0.4513169300083244	31620	0.09291480037064798	0.09291480037064798	0
0.9783935546875	3483688	0.4340768641585153	0.43836541838757404	0.4592328752629964	31614	0.10302218138424024	0.10302218138424024	0
0.9825439453125	3285018	0.3773801597058683	0.38512210122371565	0.4492772054692126	31626	0.09068811241651618	0.09068811241651618	0
0.993408203125	4181480	0.43153322244235853	0.43522755707389843	0.45461693739162023	31894	0.07803245076365363	0.07803245076365363	0
1.0	4045734	0.4159983262312577	0.42236775252058134	0.45100998362114125	31898	0.0711714512624523	0.0711714512624523	0
0.998291015625	3185002	0.39825661163848075	0.4037195474856328	0.4561560844318897	32184	0.08364942944069838	0.08364942944069838	0
0.99560546875	2833058	0.30226842128278153	0.3144676816609463	0.451714216845259	31840	0.08184784018552577	0.08184784018552577	0
0.9979248046875	3489044	0.43719426736180117	0.4424776981894362	0.4522017689177922	31920	0.0923241360216689	0.0923241360216689	0
0.99365234375	2845642	0.3949733408028902	0.39872222249635453	0.4457318690582009	31780	0.09895453811784222	0.09895453811784222	0
0.9891357421875	3623252	0.3966747435190556	0.4049531077178116	0.45136524466379035	31684	0.08675722374069456	0.08675722374069456	0
0.997802734375	3072528	0.41802796937691294	0.4241647930968486	0.44262791820920205	31726	0.08593197123130714	0.08593197123130714	0
0.99267578125	3528260	0.31782795741749986	0.3247881341902881	0.4496504426892995	31774	0.0954660708570107	0.0954660708570107	0
0.99658203125	2910488	0.3613413577569225	0.37304938716566133	0.44342886791098785	31890	0.080159448683269	0.080159448683269	0
0.99365234375	3317344	0.41003768527890516	0.4165795933883245	0.44965444244308655	31838	0.09100488735333233	0.09100488735333233	0
0.9873046875	2707050	0.419996268639994	0.426731630228514	0.44822224086705714	31662	0.10013352267008624	0.10013352267008624	0
0.994873046875	2698368	0.39140852671098675	0.39680269623098835	0.45343285467871236	32224	0.08964597606392706	0.08964597606392706	0
0.99462890625	3562680	0.43852445518003785	0.4417047218115635	0.4530713146211715	31968	0.08692621658847068	0.08692621658847068	0
0.9967041015625	1904172	0.3288948047169578	0.3414770915429095	0.4390708943038568	31778	0.08671884702247902	0.08671884702247902	0
0.99951171875	4445340	0.3670118976177064	0.37092226447997034	0.4571348563701286	31966	0.09565549295430138	0.09565549295430138	0
0.99169921875	3940332	0.3190295190849593	0.3263101256822422	0.4562345716671359	31760	0.07413035247376652	0.07413035247376652	0
0.9896240234375	3474428	0.3585577564314162	0.36254680329756317	0.44969003594555335	31918	0.07964182789455933	0.07964182789455933	0
0.9952392578125	2701790	0.36671973619793485	0.3707926646738772	0.4471145662080221	32120	0.10292425686254968	0.10292425686254968	0
0.996337890625	2877388	0.351455426834111	0.3607757196563142	0.4462282651342086	31794	0.08346372430372047	0.08346372430372047	0
0.99267578125	2992768	0.35415775083358186	0.3647518782592644	0.44955842225209325	32002	0.08514617054385198	0.08514617054385198	0
0.985595703125	4374728	0.32846858400707374	0.33452258799416695	0.4607624079591928	31760	0.07640430162419244	0.07640430162419244	0
0.9927978515625	3693118	0.33242488833807105	0.33890105265988507	0.4634893388784784	32224	0.07858368166126169	0.07858368166126169	0
0.990966796875	3673480	0.4367704245027533	0.4425968909406673	0.4488191835887964	31740	0.09489407779645963	0.09489407779645963	0
0.9920654296875	3654308	0.3943017440047172	0.40106716020495886	0.4546757444213005	32020	0.08703895682196733	0.08703895682196733	0
0.99853515625	3205266	0.42198288189005617	0.4289198366778735	0.4420292487113313	31924	0.08309928838201008	0.08309928838201008	0
0.9833984375	3119826	0.3661386880672682	0.37265370384451363	0.45281812167366553	31688	0.09753989432583798	0.09753989432583798	0
0.986572265625	4084750	0.3669473196757274	0.3751118233864424	0.45674116238630447	31622	0.09024808863600682	0.09024808863600682	0
0.9964599609375	3494890	0.3917362478591226	0.395974975758208	0.4548568309425743	32198	0.08400948672725923	0.08400948672725923	0
0.9959716796875	2789274	0.4038662328493539	0.4114834865246708	0.45145484009125764	32010	0.09223172762682802	0.09223172762682802	0
0.998779296875	2930824	0.4244055492944159	0.4285349260456352	0.4457829545150858	32140	0.08622908532081042	0.08622908532081042	0
0.9906005859375	3066318	0.40994027946693407	0.4155099206583808	0.4491411449449501	31934	0.0959152026844421	0.0959152026844421	0
0.9959716796875	3012934	0.34813564752494347	0.35649146322303277	0.4585400731460556	31874	0.07533173644451367	0.07533173644451367	0
1.0	3332932	0.32542356579977244	0.3354503006028116	0.4418983287191021	31714	0.0823522407654429	0.0823522407654429	0
0.991455078125	2515616	0.4146385463606979	0.4209467277943997	0.43782497949762306	31692	0.08595413325912576	0.08595413325912576	0
0.993408203125	2709932	0.4183605436454783	0.424860522757853	0.44948184908653505	31764	0.09747021123005077	0.09747021123005077	0
0.9932861328125	3356364	0.37797884520324065	0.3851849651849418	0.46321257168883584	31866	0.08995809610762677	0.08995809610762677	0
0.9921875	3205010	0.41046496779073344	0.4189066720877126	0.437557684356556	31494	0.08129921101846455	0.08129921101846455	0
0.9981689453125	2586502	0.3761633475972372	0.3862338834776174	0.4495894953744169	32122	0.0851691004064462	0.0851691004064462	0
0.995849609375	2254128	0.4022448931293501	0.4117065793615255	0.43621429690557684	31866	0.08443551858893221	0.08443551858893221	0
0.9888916015625	4193218	0.3503668738258692	0.3540345270091154	0.4616753839562806	31906	0.0810113233160923	0.0810113233160923	0
0.9967041015625	3943854	0.3893116288483273	0.39420503198674894	0.4546535163747765	31676	0.10686436170496055	0.10686436170496055	0
0.9813232421875	2753924	0.4116105263092708	0.4190598249093176	0.43904940062275993	31248	0.08536162430853585	0.08536162430853585	0
0.9989013671875	4564436	0.4123732156241194	0.4192450884727088	0.4691473893780079	31940	0.08664031538819532	0.08664031538819532	0
0.9892578125	2597772	0.3582483781403801	0.3681320083139668	0.4476330534296999	31688	0.08864372853397019	0.08864372853397019	0
0.9991455078125	3819732	0.3604867144786923	0.3678057410575068	0.4635705337054885	32290	0.08450278224947692	0.08450278224947692	0
0.9989013671875	4326762	0.4505922908695687	0.4580985934911967	0.45500396659675185	31916	0.0900084914078813	0.0900084914078813	0
0.9954833984375	3814106	0.35846051246221244	0.3674764569789142	0.45181526283081413	31634	0.08184165167044756	0.08184165167044756	0
0.9947509765625	2724218	0.3904078335233839	0.398214442994572	0.44522971170424214	31876	0.0971012289866701	0.0971012289866701	0
0.997802734375	4892610	0.5089927512749958	0.5134592867907666	0.46028423503032306	32168	0.08681696018329217	0.08681696018329217	0
0.9906005859375	2932786	0.35472321155049097	0.36298058068821537	0.4497819637365461	31612	0.0945744978907408	0.0945744978907408	0
0.9981689453125	3253638	0.39960828657408703	0.4056960893815677	0.44608012400822344	32042	0.08608295021518435	0.08608295021518435	0
0.9903564453125	3468744	0.32927043624864266	0.33968827500662685	0.4563137182553055	31764	0.0987694989443584	0.0987694989443584	0
0.9927978515625	4508346	0.45985821952233213	0.462799563121374	0.45543554204453146	32020	0.07620894667190097	0.07620894667190097	0
0.9793701171875	3056152	0.3531337154731609	0.36164741064264144	0.4616882524376289	31704	0.09739271159381573	0.09739271159381573	0
0.99560546875	2550990	0.40473711093043674	0.41250136468281395	0.44959698134795706	31970	0.0919984704145627	0.0919984704145627	0
0.9989013671875	2047034	0.3994818695081351	0.4109868794698177	0.43920758138506155	31828	0.11495423975266365	0.11495423975266365	0
0.9913330078125	4322544	0.44437698710986995	0.44899544768473004	0.4606788778666951	31908	0.0911069689639527	0.0911069689639527	0
0.994140625	4133252	0.33005989703555955	0.33912688978903976	0.45530192067414516	32050	0.0808465976437401	0.0808465976437401	0
0.988525390625	3173542	0.34423262300560636	0.35028663029183577	0.44833955883446536	31704	0.09482985437959385	0.09482985437959385	0
0.9959716796875	6848432	0.5086959807942882	0.510478603886331	0.45895966354731343	32064	0.08305853525809943	0.08305853525809943	0
0.9945068359375	2161024	0.3906631061330437	0.3991188993949017	0.43674265156764586	31628	0.09547303545495044	0.09547303545495044	0
0.986572265625	2606230	0.3609878448325681	0.36914764543181056	0.44152154188413273	31394	0.07924085514113104	0.07924085514113104	0
0.9989013671875	2620822	0.38192142032020276	0.3901688261837864	0.44073706025278486	31786	0.09806447758294268	0.09806447758294268	0
0.99853515625	3113554	0.39464083802024436	0.4050479826445534	0.43922584354477306	31310	0.09603492985778463	0.09603492985778463	0
0.999267578125	3028602	0.34597507842314307	0.35591031427222136	0.4440669254093783	32084	0.09001214129598915	0.09001214129598915	0
0.9925537109375	3283364	0.4117436138184798	0.4183068659207219	0.44595714315249785	31752	0.0903028903603685	0.0903028903603685	0
0.99609375	3076586	0.46193471058162694	0.4671284708999499	0.4408141039747611	31600	0.09814257011941264	0.09814257011941264	0
0.99267578125	3561168	0.3789712836690596	0.38811807155231803	0.4487528972158466	31700	0.08080776310037426	0.08080776310037426	0
0.9945068359375	4274996	0.36603983009112584	0.37026518729307045	0.4686264357394195	32124	0.09080303561712377	0.09080303561712377	0
0.9937744140625	3855556	0.42088047617399127	0.4268388105839935	0.4469515045090667	31728	0.0801997787281223	0.0801997787281223	0
0.9854736328125	2660802	0.376443089426957	0.38327648761293226	0.44503741695758503	31568	0.08880992018126797	0.08880992018126797	0
1.0	3080956	0.428413030546905	0.43479196605330656	0.4477441512096814	32160	0.09588527506803862	0.09588527506803862	0
0.996337890625	2738566	0.3890263169297295	0.3957071506884244	0.45021333500072197	31602	0.08931335219966148	0.08931335219966148	0
0.9921875	2806542	0.3758241055888682	0.3829160786649895	0.44721498649781916	31946	0.08392448734324254	0.08392448734324254	0
0.9755859375	3694236	0.4392342677340637	0.4428711304750124	0.456595628795697	31116	0.10927659708058036	0.10927659708058036	0
0.9747314453125	2473620	0.39946873170698866	0.4057137796149585	0.4498828687986944	31358	0.09759319104507869	0.09759319104507869	0
0.9862060546875	4196272	0.3523895285601972	0.356771131423141	0.4632994850388435	31826	0.08456882935042309	0.08456882935042309	0
0.997802734375	3682258	0.3639363956992849	0.3696921557411083	0.45243544478396464	31954	0.10523804624207948	0.10523804624207948	0
0.98974609375	2640838	0.3875687148774043	0.3961789127908595	0.44283097749457667	31288	0.09715397306612483	0.09715397306612483	0
0.97412109375	4062816	0.4451326056690119	0.4496566961160711	0.46145702586290915	31314	0.08482970072610456	0.08482970072610456	0
0.9925537109375	4776410	0.47559367495107635	0.47994400253531994	0.4505955959253183	31584	0.08246173098796482	0.08246173098796482	0
0.9901123046875	3383698	0.40524522019346776	0.41186862004124997	0.45217041124069995	31824	0.09793081532379964	0.09793081532379964	0
0.99560546875	3354280	0.38505970084046753	0.3916025532919452	0.449658847315364	31912	0.08666084923396844	0.08666084923396844	0
0.9896240234375	3328738	0.3496477902780108	0.35489626080176223	0.4399338387511081	31668	0.0828593680460416	0.0828593680460416	0
0.9739990234375	3683578	0.4463425396198961	0.44902074708549905	0.4497689194899235	31162	0.08592124938008683	0.08592124938008683	0
0.9989013671875	4896936	0.4507835488091254	0.45545175259542786	0.4599610782600409	32046	0.08815289389270099	0.08815289389270099	0
0.992431640625	2247538	0.39375281840373244	0.40012924723499244	0.43857546698964484	32006	0.09365532007069947	0.09365532007069947	0
0.98876953125	2578900	0.38561438579201607	0.39191365260593597	0.4502033589006209	31888	0.09638998737192499	0.09638998737192499	0
0.9932861328125	2201912	0.38209274621066497	0.3907798335039514	0.44733756259257124	31938	0.09431223122460546	0.09431223122460546	0
1.0	3041042	0.4204150989317011	0.42480343953957944	0.4354477037102859	31570	0.08714482140759829	0.08714482140759829	0
0.97021484375	4137650	0.38690061983057816	0.3943433990321446	0.4673251387498228	31294	0.08815058749528405	0.08815058749528405	0
0.9931640625	3257352	0.3557649265840174	0.36371864053761	0.44657284601875546	31706	0.09011064234192279	0.09011064234192279	0
0.997802734375	5095774	0.4094648935805767	0.41342551619936346	0.45924526153233164	32118	0.10042529476203821	0.10042529476203821	0
0.993896484375	3096152	0.4132473120332993	0.42035185978735373	0.43169309817232276	31364	0.08931607248478024	0.08931607248478024	0
0.9912109375	3735280	0.4215137346849657	0.4270953907370289	0.4581648376430796	31932	0.08702394855611044	0.08702394855611044	0
0.9866943359375	3190912	0.40250876098305705	0.4088906591777665	0.44569184968486564	31502	0.09216614090762165	0.09216614090762165	0
0.9901123046875	2327754	0.400111490535426	0.40515805118045845	0.43674334473473836	31896	0.10102444633261286	0.10102444633261286	0
0.977783203125	3078732	0.40614391037417946	0.412793936063862	0.4503756161489722	31594	0.07641800806732169	0.07641800806732169	0
0.99560546875	2446322	0.3749423765193811	0.38174447719225185	0.4431745362564179	31912	0.08485212584104239	0.08485212584104239	0
0.998291015625	3886054	0.43385951848711524	0.44161873039021704	0.45055259541722203	31918	0.08741059970442551	0.08741059970442551	0
0.99658203125	2826412	0.4482218708034878	0.4522572937637086	0.4457597299173361	32064	0.10605906814319761	0.10605906814319761	0
0.99609375	3911440	0.4305265125204211	0.43656704111763744	0.45760683389755535	31774	0.09613177053195887	0.09613177053195887	0
0.99853515625	2309554	0.4117188331264579	0.4160918984317521	0.4409277389013189	32032	0.09381796169497891	0.09381796169497891	0
0.996337890625	2850992	0.4279558676205097	0.43634467307401065	0.44838985845063917	31678	0.09021304025882364	0.09021304025882364	0
0.9801025390625	2551600	0.3986824214254856	0.40612841649989967	0.44590295499833893	31570	0.0904750883726211	0.0904750883726211	0
0.9971923828125	4058842	0.4551511818659119	0.46019151363130867	0.4594840388941727	32138	0.10700976910568978	0.10700976910568978	0
0.994873046875	2556294	0.3790487074796773	0.38597118495771277	0.44595830634481737	32092	0.09312834829647632	0.09312834829647632	0
0.9912109375	3810558	0.3576357142202185	0.3646653497256265	0.45247077045983325	31852	0.08045188668725144	0.08045188668725144	0
0.988037109375	2349496	0.41099710318278965	0.4173591452021413	0.4488469595053411	32004	0.10501989193733563	0.10501989193733563	0
0.99365234375	2731896	0.3593238881090799	0.36782655759511385	0.4395179702502126	31808	0.09283237682420664	0.09283237682420664	0
0.9969482421875	2978660	0.42284246776941264	0.4282474335342807	0.44455993774536934	31802	0.10301754662283087	0.10301754662283087	0
1.0	4098548	0.42917593807983123	0.43191815791837795	0.4562601135106043	32158	0.08461091644786746	0.08461091644786746	0
0.9981689453125	3018710	0.39088813266042943	0.39907121108108273	0.44335214277747514	32054	0.08358677944756772	0.08358677944756772	0
0.998291015625	3328722	0.3473425304895839	0.35412727450907644	0.4554371193797561	32236	0.09013418507331256	0.09013418507331256	0
0.99365234375	3034716	0.39218980351179633	0.40051228397573274	0.448195735385238	31894	0.08364605538940495	0.08364605538940495	0
0.9876708984375	1946916	0.4049421612808648	0.41374731899168604	0.4374585455977078	31542	0.11468210675507785	0.11468210675507785	0
0.983642578125	2989640	0.40740797910575227	0.41627750763743704	0.44891651269850397	31496	0.0936116299073073	0.0936116299073073	0
0.9974365234375	3661824	0.4257460744809047	0.4327081281332894	0.4544255119967957	31948	0.08798188724664026	0.08798188724664026	0
0.9945068359375	3580520	0.3447432704149089	0.352365325159286	0.4524337818506547	32010	0.09138823137442685	0.09138823137442685	0
0.9959716796875	2842522	0.41407974841317574	0.4216082672060116	0.44574094658682184	31876	0.09539799288935431	0.09539799288935431	0
0.9931640625	2410136	0.38390260718532304	0.39191412173989004	0.442420207855664	31562	0.0885923845261352	0.0885923845261352	0
1.0	4816616	0.3858825199960827	0.39225098920796553	0.46074699206896264	32002	0.08927445356794318	0.08927445356794318	0
0.99658203125	3399288	0.38436809663908283	0.3931879997258871	0.44953948540120603	31628	0.08867026164614789	0.08867026164614789	0
0.99755859375	3655228	0.39422059493768274	0.40037363076774285	0.4477177704674598	31796	0.09591375127342687	0.09591375127342687	0
0.996337890625	4044890	0.46747265908720753	0.4729420815906656	0.4435836043963057	31966	0.07824466219305476	0.07824466219305476	0
0.996337890625	2890500	0.33238325639007205	0.34369365409171654	0.4473059144373355	31858	0.08451368913666431	0.08451368913666431	0
0.98291015625	2589974	0.3570625126816797	0.3641182639190408	0.4441142433081294	31614	0.09452449663339972	0.09452449663339972	0
0.997802734375	2891960	0.4524660875594886	0.4566827991704641	0.44377087170363877	31924	0.1062918294844689	0.1062918294844689	0
0.9866943359375	3450168	0.5172936642535177	0.5196637547326793	0.4509072294469334	31410	0.09218596585813932	0.09218596585813932	0
0.997802734375	3720258	0.4642772427119041	0.4673337979113355	0.45006096180740807	31914	0.08761036003308613	0.08761036003308613	0
0.9986572265625	3638512	0.5194756388983213	0.5210247583651237	0.4524022929040137	32146	0.08333151037115703	0.08333151037115703	0
0.9962158203125	3395516	0.3897738033196361	0.3942674149904952	0.44262665347125485	31830	0.09435333351999937	0.09435333351999937	0
0.99755859375	3293480	0.36788217666674977	0.37505494816807533	0.4538704419922716	32080	0.0862035046993254	0.0862035046993254	0
0.994384765625	3003424	0.38210775180411255	0.3902394984612821	0.44050018475533764	31600	0.09736700091621446	0.09736700091621446	0
1.0	4403154	0.3302030120841494	0.3373800076433926	0.452169613106647	32016	0.07627327902836502	0.07627327902836502	0
0.9984130859375	2626712	0.3855189675648361	0.39406137507711264	0.44677455335868493	31872	0.09318599762994768	0.09318599762994768	0
0.998291015625	2150660	0.4032349401908715	0.41354762640581816	0.43802047880405515	31918	0.09566105458559405	0.09566105458559405	0
0.9937744140625	2827290	0.4169925822878214	0.4234718169155835	0.4406070925984023	31534	0.09662772749627602	0.09662772749627602	0
0.9813232421875	2681674	0.37007526542229957	0.3771145453008671	0.4558851665137998	31656	0.08747425013536765	0.08747425013536765	0
1.0	2767358	0.3518396961996821	0.35994164495821623	0.4417640939668197	31734	0.08842819080869839	0.08842819080869839	0
0.990234375	3606554	0.4261165637703717	0.43202206336613486	0.4487212329949408	31778	0.08897198591358092	0.08897198591358092	0
0.994384765625	2342570	0.34703658122807196	0.3603370759723615	0.449090223482217	31674	0.08854077970053907	0.08854077970053907	0
0.9923095703125	3093520	0.3747780164273457	0.38057737449321105	0.4537889093685646	31948	0.09410630683757369	0.09410630683757369	0
0.984130859375	2754418	0.3804937050087696	0.38707454714699563	0.4499207360941733	31676	0.08798811706673952	0.08798811706673952	0
0.9990234375	4161916	0.344446622755787	0.35007113190437966	0.4476106790100423	31832	0.09929605376309923	0.09929605376309923	0
0.9940185546875	2470946	0.42997032316666917	0.43553222848534195	0.4448509911051604	31962	0.10604529883129342	0.10604529883129342	0
0.9913330078125	2545478	0.39405436475843697	0.3991807095434366	0.4510605287933247	31856	0.09468466510168512	0.09468466510168512	0
0.9959716796875	3211452	0.35473053519418846	0.36125076588789523	0.4528284740472704	32220	0.08723590032843132	0.08723590032843132	0
0.982421875	3680188	0.3110036976122396	0.31829263158882964	0.4488516399903762	31524	0.08596617627325043	0.08596617627325043	0
0.9945068359375	2914072	0.33090619845613445	0.33816451858161356	0.44625858146099256	31854	0.08489042762990384	0.08489042762990384	0
0.99560546875	2854044	0.3244763908464125	0.3322246471871095	0.44251344117966135	31848	0.08225281245861543	0.08225281245861543	0
0.9990234375	4068290	0.41400059775594783	0.41886734675349674	0.4570135863269014	31994	0.08201142245498853	0.08201142245498853	0
0.9921875	3446124	0.4109593980359852	0.41763727718961957	0.44565164549856023	31536	0.09015848899899666	0.09015848899899666	0
0.9940185546875	3394372	0.3991578602807453	0.40623804575533345	0.44458707381239404	31794	0.09211855873784575	0.09211855873784575	0
1.0	2759938	0.37518493862850755	0.3806514926002961	0.4444581077502819	31918	0.08484400575617708	0.08484400575617708	0
0.9970703125	2647716	0.37482839542466057	0.3825065044804194	0.4416890918771766	31940	0.09633147605409631	0.09633147605409631	0
0.9779052734375	2893906	0.33945472281842415	0.34637042174417826	0.4436746873121642	31184	0.0929897535733385	0.0929897535733385	0
0.998779296875	3707994	0.41873751014651317	0.42266429672946293	0.46222466315201566	32170	0.09052649539211514	0.09052649539211514	0
0.995849609375	3399788	0.38628890232558305	0.39172174305025953	0.4545009902389157	32082	0.09105056088813279	0.09105056088813279	0
0.9952392578125	2898490	0.41489710785065465	0.4246675900618173	0.4321829416078651	31090	0.09086210726090355	0.09086210726090355	0
0.9888916015625	3093604	0.39625121836754146	0.4011707249130814	0.4479978650929593	31840	0.10121368745431945	0.10121368745431945	0
0.9908447265625	3731928	0.4816070423380843	0.48504711370164716	0.4403636720485355	31446	0.08925442994103322	0.08925442994103322	0
0.9947509765625	2119502	0.3931310694259888	0.40134437990210065	0.4317270233114445	31826	0.08423527348253372	0.08423527348253372	0
0.9969482421875	2159324	0.382680819374382	0.39022488469168115	0.42953571836373533	31458	0.09225254233530487	0.09225254233530487	0
0.9892578125	2688588	0.3349028597099533	0.344400423748845	0.45432075326194615	31672	0.0803368275200513	0.0803368275200513	0
0.9864501953125	2225572	0.34700676515360623	0.35368095000713806	0.4407743427950966	31666	0.09306068445538578	0.09306068445538578	0
0.997802734375	2972944	0.38172631888752484	0.3893736304669659	0.4410769535956383	32002	0.09471639117304903	0.09471639117304903	0
0.9923095703125	2988704	0.3518631744191987	0.35948613693529086	0.44443076864172015	31822	0.07685469019591126	0.07685469019591126	0
0.997802734375	3453514	0.4005889052400242	0.40522321048346543	0.454933435350561	32250	0.08944422383955121	0.08944422383955121	0
0.986328125	3593824	0.34470699802494126	0.3520991451726656	0.44633118975093056	31262	0.0637683515333577	0.0637683515333577	0
0.9927978515625	5231374	0.44070007432505687	0.4429472739721087	0.4670667664820185	31572	0.09444384671979661	0.09444384671979661	0
0.99853515625	3025886	0.4415366675781278	0.44909926941492667	0.45375059103906007	31990	0.09406379021196197	0.09406379021196197	0
0.9910888671875	2798576	0.3861822837772866	0.39494380578138194	0.4459435328380743	31732	0.09254793113425763	0.09254793113425763	0
0.9915771484375	3000400	0.3745798746767342	0.3856674555033281	0.44700501056614267	31812	0.08725739592375675	0.08725739592375675	0
0.999267578125	2713578	0.37749532705189787	0.3839608305775976	0.4425873652119329	31984	0.1115396069432142	0.1115396069432142	0
0.994873046875	3355464	0.45960716578851235	0.4657766688518068	0.4475490991000144	31964	0.09046552762994681	0.09046552762994681	0
0.991455078125	3199704	0.36498967129523147	0.37354478322903417	0.44401259272334376	31416	0.08148010473479393	0.08148010473479393	0
0.9937744140625	3562476	0.3452631993837556	0.35448180271704194	0.4524563353114399	31882	0.07358242470229262	0.07358242470229262	0
0.989990234375	2550138	0.4170855886221783	0.4218879985721687	0.4453014033968817	31700	0.10632998499840812	0.10632998499840812	0
0.9891357421875	2345778	0.3594018442733506	0.36393196659309135	0.43683525998806183	31694	0.08839813932841863	0.08839813932841863	0
0.998779296875	3485438	0.3855704163381843	0.3931226872078046	0.44541227657145027	31676	0.08701827612875755	0.08701827612875755	0
0.9930419921875	4044874	0.37897190923006896	0.38628932860988613	0.45690853130511017	31796	0.0884870400782944	0.0884870400782944	0
1.0	2126040	0.3751845533044806	0.3835656179625695	0.4391959622517656	31978	0.08547971080876184	0.08547971080876184	0
0.997314453125	4145720	0.32951593552719943	0.33519354314362526	0.44933419467093794	31554	0.1000786830927965	0.1000786830927965	0
0.98681640625	2898702	0.4513933583037449	0.45780039797137934	0.44784071299109535	31604	0.09271228935729124	0.09271228935729124	0
0.978515625	3605826	0.43497575797617755	0.4385535613254778	0.450365987173947	31420	0.08572591194106782	0.08572591194106782	0
0.9912109375	3549044	0.31218821334125785	0.32077987936176816	0.4507543654031825	31552	0.08704208963007824	0.08704208963007824	0
0.9962158203125	3137352	0.3536559136517057	0.3594906522551294	0.44380865739960124	31904	0.0855318098560071	0.0855318098560071	0
0.9949951171875	2654536	0.37481833971902295	0.38091880545597195	0.4468155912711003	32094	0.09157349630281036	0.09157349630281036	0
0.9937744140625	3232920	0.3342869909718602	0.33883115336089026	0.44974480563979613	32058	0.06607539288572191	0.06607539288572191	0
0.990478515625	2680638	0.42234121295536253	0.4266260517229963	0.4546877433782308	31898	0.09277792907480568	0.09277792907480568	0
0.9937744140625	2280352	0.3566591741581748	0.36467913921041645	0.44616381317924153	31758	0.08915782408653145	0.08915782408653145	0
0.99560546875	3756922	0.3911888583447462	0.39569699025386645	0.45490808463390436	32074	0.09551573055566077	0.09551573055566077	0
0.9952392578125	3027134	0.4096538284701241	0.41226530805519546	0.44938147550621604	32012	0.08961023029143211	0.08961023029143211	0
0.9957275390625	2767440	0.44145716828980225	0.44669105108369184	0.43609296172928724	31826	0.08859059318242013	0.08859059318242013	0
0.981201171875	2761686	0.3339384961002412	0.3427169384478845	0.4542531150037776	31468	0.08530615651296371	0.08530615651296371	0
0.992431640625	3103354	0.3766965242145502	0.3868615009557408	0.4534729228034957	31822	0.08057702675283625	0.08057702675283625	0
0.9925537109375	2839636	0.3706784916948352	0.37990698370316184	0.4529255146361675	32010	0.09742675640913305	0.09742675640913305	0
0.9954833984375	2691844	0.3779392069587431	0.3857247136765738	0.44587311883257064	32012	0.0925942354385323	0.0925942354385323	0
0.9898681640625	2175118	0.3986670269412665	0.40347302228097565	0.43572265348684674	31454	0.07978835355263349	0.07978835355263349	0
0.99365234375	2729892	0.38434070194149467	0.3910165026359864	0.4453129798803124	32054	0.08322533555709234	0.08322533555709234	0
0.996337890625	4247324	0.4505632357750365	0.45573335966551204	0.45390441707734314	31996	0.09382601961149635	0.09382601961149635	0
0.994384765625	3547626	0.3840056200927775	0.3902762797532025	0.45364364212117647	31770	0.09571614346583895	0.09571614346583895	0
0.9969482421875	2437064	0.3929063207163417	0.4055384274403088	0.43631562053973866	31656	0.09249802310677492	0.09249802310677492	0
0.996337890625	5544032	0.4650366564602899	0.47007276025824235	0.46749253246978956	32362	0.090116707905655	0.090116707905655	0
0.993408203125	2421980	0.37277665936375914	0.38450354669209647	0.4380103293725554	31280	0.09890420961972636	0.09890420961972636	0
0.9974365234375	3675338	0.415504098999634	0.41955458257249617	0.45378696071414154	32028	0.09040454246960104	0.09040454246960104	0
0.9957275390625	3045002	0.3275756785017086	0.336648935287374	0.4515101159673574	31924	0.06680769422384374	0.06680769422384374	0
0.9913330078125	3844444	0.3007534357091295	0.30742639734404126	0.4463400875249357	31530	0.0675131609159773	0.0675131609159773	0
0.9949951171875	3495086	0.366549069335925	0.37664163629055275	0.45390454002872865	31972	0.08146257037623438	0.08146257037623438	0
0.9952392578125	2577870	0.3976050329252348	0.4021631216780995	0.4472073435862294	32050	0.09776506597971713	0.09776506597971713	0
0.99951171875	3077878	0.3885648546261584	0.3987887844339739	0.44742363145027403	31878	0.08855397117886593	0.08855397117886593	0
0.9932861328125	3095622	0.34814235064029564	0.3526123100573028	0.43951240337143505	31546	0.07383061596860396	0.07383061596860396	0
0.994384765625	4754750	0.506042297277839	0.5105960298903897	0.4496448933696659	31774	0.09746370124304733	0.09746370124304733	0
0.9903564453125	2711288	0.34472903610720795	0.35301044462486963	0.44345671247260715	31766	0.08041291982403873	0.08041291982403873	0
0.9959716796875	2168428	0.383424986085703	0.39353138888114586	0.4405749300820829	32074	0.08592589992112386	0.08592589992112386	0
0.9937744140625	3213486	0.42172876783832375	0.4257473655295208	0.4477336666133329	31870	0.0984690434497963	0.0984690434497963	0
0.99853515625	3489044	0.4385213253217455	0.4448159893045219	0.4443777691022656	31872	0.09722646927887167	0.09722646927887167	0
0.99853515625	4051648	0.42255644538677384	0.42866077882596193	0.4533957537174133	32018	0.07986757353340782	0.07986757353340782	0
0.997802734375	3006642	0.396750918137295	0.40275479163195055	0.44553344131636097	31808	0.07841972978240153	0.07841972978240153	0
0.97998046875	2048506	0.4111176421154498	0.416813569565448	0.43597784305881837	31416	0.10136594339373435	0.10136594339373435	0
0.9964599609375	3172780	0.3734948317348088	0.38086686865960234	0.44846699949820645	31604	0.09024361968684497	0.09024361968684497	0
0.9912109375	3160168	0.39616158515664623	0.40296529234978146	0.44034012777466197	31732	0.08498245612458329	0.08498245612458329	0
0.9940185546875	3283986	0.3687650761108019	0.3752404400953821	0.4439981872893919	31474	0.09306013132845357	0.09306013132845357	0
0.990478515625	2901990	0.38469063561045286	0.39045827924287035	0.44560026579343476	31948	0.07397073755467418	0.07397073755467418	0
0.994384765625	2702956	0.39165378653396815	0.39998455124724247	0.43808544049338244	31612	0.08662355768087288	0.08662355768087288	0
0.990966796875	1495600	0.3842505491957831	0.39368748660033864	0.42827457064807545	31784	0.09755182688265684	0.09755182688265684	0
0.9951171875	4493848	0.45730168228560736	0.46292703367248794	0.4559095563284911	31924	0.07266858199519147	0.07266858199519147	0
0.996337890625	2771602	0.3891733740573687	0.3950569778277928	0.4429280558231378	31754	0.09029966599946466	0.09029966599946466	0
0.9954833984375	3293312	0.39776601434013337	0.4018320838039276	0.4490995271173804	31862	0.09076039730763148	0.09076039730763148	0
0.9947509765625	3675272	0.4059841734659618	0.4114060030879034	0.4489049189008356	31646	0.09619364466946544	0.09619364466946544	0
0.969970703125	2783976	0.384758351032553	0.39286404020192967	0.45023122289022166	31186	0.10172379341355754	0.10172379341355754	0
1.0	4554976	0.4587120304153947	0.4623231452107061	0.4553675702810264	32212	0.09326848752632365	0.09326848752632365	0
0.9937744140625	3817758	0.33269726915305925	0.33947059560455634	0.45071156663393946	31970	0.07617860080402954	0.07617860080402954	0
0.99658203125	3067622	0.3789276060021142	0.38663635348579234	0.4454532086084593	32184	0.08288789571957471	0.08288789571957471	0
0.9940185546875	3697218	0.3496066903871084	0.35725660250558317	0.45059405253471924	31530	0.08170794545607878	0.08170794545607878	0
0.9921875	3110622	0.43900413336609173	0.4437505111036475	0.4473229161678401	31670	0.09732848113401255	0.09732848113401255	0
1.0	2896160	0.4195291933727745	0.42494086013324156	0.44151902910529306	31780	0.09462932189154749	0.09462932189154749	0
0.9940185546875	3530066	0.4244453070992515	0.43175504346041643	0.45201597843723795	31854	0.090564767812432	0.090564767812432	0
0.9964599609375	4109332	0.42113375561747596	0.4242898420070391	0.4581621775944051	32064	0.08099579719993066	0.08099579719993066	0
0.9920654296875	2968142	0.3600740028628586	0.3685304322643843	0.44538605831486766	31918	0.08557497888612382	0.08557497888612382	0
0.995849609375	3506408	0.3951932806627554	0.40262695504698914	0.45673734589071574	32104	0.07712707553772606	0.07712707553772606	0
0.9898681640625	2310062	0.2874218711304016	0.2956293703153163	0.44372470330001	31838	0.08817727967364071	0.08817727967364071	0
0.9923095703125	2833734	0.35611555225925956	0.3636634202565603	0.44777797401725755	31842	0.09976756150418714	0.09976756150418714	0
0.9923095703125	2387562	0.35502156325968176	0.361227012285081	0.4491476269571635	32074	0.1084855040844821	0.1084855040844821	0
0.9925537109375	2104786	0.3906899892688849	0.39940294241201757	0.4360452358717734	31474	0.09725459235314171	0.09725459235314171	0
0.997802734375	3497432	0.3258597833749875	0.3352335194105558	0.44094312978793987	31512	0.0734759834982759	0.0734759834982759	0
0.9923095703125	2433044	0.3708795254938342	0.38196902210573996	0.44107522131951526	31588	0.08310908206795665	0.08310908206795665	0
0.998779296875	3198986	0.4214663074754641	0.4274165949187734	0.4503861675315215	32096	0.07948622052220107	0.07948622052220107	0
0.9974365234375	3403710	0.3336550800598239	0.34195077432150045	0.44964592156603267	31820	0.10163264342624502	0.10163264342624502	0
0.9989013671875	3369580	0.37759751635740435	0.3839625223155594	0.4470392666813133	31998	0.0836684838083247	0.0836684838083247	0
0.997802734375	3647262	0.4327780634667428	0.4381570548465168	0.4483973351141574	31826	0.07840102373401046	0.07840102373401046	0
0.99755859375	4642482	0.35014262298951243	0.3586426147287605	0.46370259025582805	31908	0.0882908507992856	0.0882908507992856	0
0.999755859375	3504494	0.4120289024280442	0.4179297347859195	0.4502891719940599	31962	0.09127901939100863	0.09127901939100863	0
0.9932861328125	2364048	0.3668986759969329	0.3745103672272902	0.44382994090192956	31852	0.09876951548262165	0.09876951548262165	0
0.9947509765625	3704280	0.4304068809284447	0.4347119971763293	0.4485122340697707	31838	0.10105482294082718	0.10105482294082718	0
0.9830322265625	3475768	0.3558050688832892	0.36140288206604465	0.4592129394573776	31472	0.09326564752657711	0.09326564752657711	0
0.9969482421875	2433568	0.3557269280636253	0.365647617040831	0.4391255878462524	31850	0.07603738422982477	0.07603738422982477	0
0.9921875	2389194	0.39645036270116685	0.4036648274569539	0.4493042382807278	31728	0.09397934197576463	0.09397934197576463	0
1.0	4474348	0.3965739835421393	0.4021713361266627	0.45674319657894186	31764	0.07956683016650033	0.07956683016650033	0
0.9864501953125	2531652	0.36625723076688727	0.3755253716811064	0.44821662693018943	31734	0.09782558811334517	0.09782558811334517	0
0.9912109375	4282664	0.4168734173388889	0.42217589374684156	0.4550892404618018	31916	0.08312305347431813	0.08312305347431813	0
1.0	2802590	0.3790177475717091	0.3826292027473297	0.44412090332048626	31950	0.0895150159827773	0.0895150159827773	0
0.9976806640625	2786650	0.4009240192524302	0.4084475806571706	0.4456854406874879	32126	0.08890990126024523	0.08890990126024523	0
0.993896484375	3394150	0.34617654137198	0.35425404506419916	0.4509844125302129	31956	0.09190974730773559	0.09190974730773559	0
0.9932861328125	2806466	0.42690350339270466	0.43210338427472345	0.4424701723253162	31846	0.09501867042815516	0.09501867042815516	0
0.9871826171875	2939134	0.3768079411819249	0.3851351411087058	0.4400734510970749	31356	0.08612779056008403	0.08612779056008403	0
0.991943359375	3054368	0.3934947290143464	0.39953864219685004	0.4531521872697239	31812	0.08705887702100489	0.08705887702100489	0
0.9898681640625	2889550	0.38515630422279706	0.3936373259981631	0.4456349851318379	31674	0.08022934174686071	0.08022934174686071	0
0.9949951171875	2714650	0.44618504997636915	0.4502230869963691	0.43697132737907385	31944	0.09288294209163368	0.09288294209163368	0
0.996826171875	3443502	0.40086077612706544	0.41196277858120456	0.4583295620726253	31660	0.08330834182360518	0.08330834182360518	0
0.996826171875	3137946	0.44663868444774285	0.4539548714141411	0.4464072589729669	32032	0.09381719413999891	0.09381719413999891	0
0.9791259765625	3914916	0.43180591688995973	0.4371774303473029	0.46724018109878895	31504	0.0956244801474445	0.0956244801474445	0
0.9990234375	2626800	0.4030102476088551	0.4113651379103669	0.44941203412319813	31960	0.0949757473000466	0.0949757473000466	0
0.9925537109375	2227774	0.36193532701976894	0.3721435399563067	0.441130216023796	31694	0.08462721442747101	0.08462721442747101	0
0.990234375	2861102	0.388414568350476	0.3946006286051258	0.44499738212051326	31642	0.08694315815866012	0.08694315815866012	0
0.9957275390625	2886940	0.4166146104410082	0.42225716405634933	0.4487180336136612	31608	0.10652162882823646	0.10652162882823646	0
0.99560546875	3599560	0.3922053575989994	0.39735729429347133	0.4511779651702361	32002	0.10424187162697542	0.10424187162697542	0
0.9832763671875	2227068	0.4121657436791917	0.41617615070465264	0.4444460185142245	31606	0.08192381162700191	0.08192381162700191	0
0.9915771484375	3111686	0.36252104366168975	0.37073723430339806	0.4465503671800881	31906	0.07428498445900412	0.07428498445900412	0
0.993896484375	5005780	0.4041277146519871	0.407271960462582	0.4583158689434385	31958	0.08792568475741096	0.08792568475741096	0
0.986328125	4528464	0.39184109419188157	0.39758078713814066	0.4496847847696443	31492	0.08276525920887683	0.08276525920887683	0
0.9989013671875	2642204	0.38967527985720896	0.39819356982131415	0.4426375858827633	32030	0.09542651105220888	0.09542651105220888	0
0.9970703125	4404576	0.49349841407844103	0.4968467441059741	0.44628591282540825	31788	0.08905647755513962	0.08905647755513962	0
0.996826171875	3337082	0.4557131988033774	0.46181896279184004	0.4400968532509058	31836	0.091036455808425	0.091036455808425	0
0.998779296875	3791206	0.41303716871171897	0.41979045502856227	0.45056801800577456	31870	0.10080786859274087	0.10080786859274087	0
0.993896484375	2898960	0.39832532158326933	0.40396258058084356	0.4520384757593985	32074	0.09688112842783864	0.09688112842783864	0
1.0	3123138	0.41627520486934216	0.42198906389516516	0.4506686164477341	31858	0.09424990549600266	0.09424990549600266	0
0.9925537109375	4507636	0.4939254688609896	0.49762741005986627	0.4522604496567227	32000	0.09232579417263498	0.09232579417263498	0
0.9989013671875	3975320	0.48951981559116464	0.49704377362098734	0.4498830784092574	31788	0.0906791171312511	0.0906791171312511	0
0.9969482421875	3504562	0.34228543676840445	0.34984828262915474	0.45279064685585874	32006	0.08790700124165661	0.08790700124165661	0
0.9935302734375	4592606	0.5093525624885799	0.512599254703474	0.4502225491413394	31704	0.08294108712335929	0.08294108712335929	0
0.990478515625	3883084	0.43404160700930233	0.4402179554064031	0.45750398074570736	31832	0.09468241547679136	0.09468241547679136	0
0.98974609375	3254966	0.348003130815832	0.3572958653856753	0.4476542784543112	31708	0.08809523159288513	0.08809523159288513	0
0.9981689453125	3336824	0.39543064396678046	0.4000837813592934	0.4483594386486327	32156	0.08602475510122619	0.08602475510122619	0
0.989501953125	2719548	0.38807193284468866	0.39587306802255656	0.44512132078862043	31952	0.09395445304472687	0.09395445304472687	0
0.9954833984375	3747812	0.3844890241820607	0.38998108985005264	0.450985405958316	31560	0.09125826245209324	0.09125826245209324	0
0.99755859375	4489076	0.42831761533541707	0.43257703939513387	0.4623068500081984	32074	0.08374376765157088	0.08374376765157088	0
0.997802734375	3037570	0.36715972992277407	0.3755718003243085	0.44941426903484377	32248	0.0915188919700798	0.0915188919700798	0
0.998291015625	5018550	0.3727276919278692	0.37900579136806933	0.46575287259106873	32128	0.08394030479853891	0.08394030479853891	0
0.990234375	2249240	0.3844598881252667	0.39068129980467287	0.44091008450228425	31838	0.08949738716232042	0.08949738716232042	0
0.9759521484375	3131346	0.3816329008314752	0.38821005477325204	0.4563626101280114	31334	0.07849634042286834	0.07849634042286834	0
0.9979248046875	2391244	0.38645600515160844	0.394564634697826	0.44216882627892046	31998	0.10239060148625707	0.10239060148625707	0
0.9967041015625	3969650	0.4111698220673486	0.416698766694752	0.4455513451481395	31820	0.09073659267203428	0.09073659267203428	0
0.9957275390625	2715046	0.40829073697358814	0.4180155429088297	0.4484091140976303	31894	0.09105965076688467	0.09105965076688467	0
0.99462890625	3074090	0.3548519463853526	0.3619384481783567	0.4455500337051916	32074	0.07593709493074967	0.07593709493074967	0
0.995849609375	2420882	0.44562244394571987	0.45086501593782885	0.4486063295896842	32046	0.10421863935615334	0.10421863935615334	0
0.9866943359375	2278566	0.382620859466486	0.3882121639024067	0.44389010720576655	31434	0.10596263075461769	0.10596263075461769	0
0.993896484375	4907722	0.4285472784287825	0.43445100307895884	0.4549738127329935	31690	0.0994841750151242	0.0994841750151242	0
0.9990234375	5155336	0.3525658660563898	0.3595715245165166	0.4588090258600404	31822	0.08834520961338616	0.08834520961338616	0
0.989013671875	4155028	0.4391257316715653	0.4435817080556097	0.46164839215915016	31980	0.09724252690757296	0.09724252690757296	0
0.99072265625	2716974	0.3696555368443535	0.37550739027566643	0.4541195357073744	31864	0.09426262826739727	0.09426262826739727	0
0.991943359375	3606038	0.43481819885974443	0.4383195447902781	0.4553288103924167	31926	0.10478397052067755	0.10478397052067755	0
0.9935302734375	3459762	0.3846592666735546	0.3917588041610222	0.45483396779962276	32086	0.08918078450833905	0.08918078450833905	0
0.99365234375	3154916	0.3433284463137114	0.35329786568650196	0.4519217478724071	31862	0.09266924988132398	0.09266924988132398	0
0.998779296875	3014604	0.3542508822567809	0.36134257528515573	0.4511909458587808	32312	0.09625874771791987	0.09625874771791987	0
0.9935302734375	3121496	0.31540770226892295	0.3266922810586517	0.4486445760919561	31712	0.08691175661624075	0.08691175661624075	0
0.9893798828125	2183370	0.36484482698129533	0.3736346166126494	0.4458639796563159	31872	0.11062835542008076	0.11062835542008076	0
0.9931640625	3223256	0.394742025759834	0.4053021830403109	0.44183383691879113	31518	0.08731374337292182	0.08731374337292182	0
0.995849609375	2636012	0.36786416433405883	0.3753558562796553	0.4423982877114235	31948	0.09023928330274013	0.09023928330274013	0
0.997802734375	4523274	0.37592771415644655	0.38106640160706434	0.4632587063210951	32384	0.0782492659521422	0.0782492659521422	0
0.9925537109375	4767746	0.45655282679035075	0.45839120503316777	0.46378134250260716	32052	0.08959463140412442	0.08959463140412442	0
0.996337890625	2704728	0.38216719723673637	0.3918165620780362	0.44309345993642496	32124	0.09154439628000212	0.09154439628000212	0
0.996337890625	2787138	0.3612191965206591	0.3698267802451947	0.452573703715395	31848	0.09072406903730955	0.09072406903730955	0
0.9974365234375	4162412	0.32124068155860924	0.3251653557855641	0.45604343039160405	32080	0.06969641199299455	0.06969641199299455	0
0.9761962890625	4105852	0.39166085767026576	0.39546777649467685	0.4654184193889999	31730	0.09264795325250273	0.09264795325250273	0
0.9898681640625	2380248	0.3612224211417377	0.3674404747552929	0.44670399550465806	31782	0.09080346186830072	0.09080346186830072	0
0.9910888671875	3162918	0.38528101804415854	0.39064902928065076	0.4461930016227105	31792	0.08844599267744219	0.08844599267744219	0
0.99365234375	3888172	0.3398686124673545	0.34859418287140903	0.45374282965026724	31620	0.07155007827142247	0.07155007827142247	0
0.99462890625	2863402	0.33147019376597325	0.33907678400184116	0.44632063148930534	32050	0.08070305554208136	0.08070305554208136	0
1.0	2894698	0.4151311058587601	0.4197997179323841	0.44323904736148406	31862	0.08704897721149317	0.08704897721149317	0
0.9853515625	3518384	0.38305695499975717	0.38798868620248345	0.4639143308426623	31952	0.08495878191652274	0.08495878191652274	0
0.991943359375	3143984	0.4230819320894679	0.4295557878179886	0.45191689565599474	31652	0.09274147107906833	0.09274147107906833	0
1.0	3026090	0.334719995596158	0.34666516637687894	0.43234202559368806	31224	0.08253663111197548	0.08253663111197548	0
0.9990234375	3562176	0.3377079184594267	0.34594370075608666	0.44704741551519556	31906	0.07682549164077217	0.07682549164077217	0
0.9818115234375	2884898	0.3446584943028233	0.35239216468828755	0.45379066605121077	31640	0.09137618215212122	0.09137618215212122	0
0.9814453125	2321834	0.4053361258377497	0.4098502833885283	0.44582749538673866	31634	0.10291548791979456	0.10291548791979456	0
0.998291015625	4967672	0.48612309700789424	0.48757682336445135	0.4534850506772424	32188	0.08834060276800115	0.08834060276800115	0
0.989990234375	5060266	0.4602976139402239	0.46601443423427574	0.46268176302436315	32064	0.090330345406667	0.090330345406667	0
0.997802734375	3522110	0.3361434544483674	0.34173809906753244	0.4483313410271454	32192	0.07532204252814322	0.07532204252814322	0
0.984130859375	3825844	0.4129373741494539	0.4209714489591821	0.4542498605036998	31606	0.08741660236421937	0.08741660236421937	0
0.993408203125	3268460	0.3837282128144659	0.39075381576413165	0.4509861344839015	32136	0.08898566286977722	0.08898566286977722	0
1.0	2782864	0.4136448345228089	0.4215999657484734	0.4439245089610917	32004	0.09224085698607482	0.09224085698607482	0
0.981689453125	2587832	0.3617474821443314	0.3706592781626836	0.4535136940115938	31652	0.10030311939577502	0.10030311939577502	0
0.986083984375	3046130	0.40603240124332524	0.40797595676503867	0.45038022739821876	31580	0.07456300981088591	0.07456300981088591	0
0.9920654296875	3832256	0.42144254084316607	0.42837812029683003	0.45716913479301285	31798	0.08665842799173461	0.08665842799173461	0
0.993408203125	5266762	0.25514954445179644	0.26294304899449544	0.4666726452911785	32020	0.06337045053043057	0.06337045053043057	0
0.9908447265625	3492936	0.3787142392455534	0.382668061000809	0.4479319004759923	31490	0.0729621159918465	0.0729621159918465	0
0.99560546875	2744712	0.37721031922780623	0.38526368520573356	0.4448905989309218	31916	0.08698633361869346	0.08698633361869346	0
0.9979248046875	4202802	0.35333722476019586	0.3601504702147809	0.4529137143720452	32104	0.0866396875531979	0.0866396875531979	0
0.99853515625	3434740	0.37549895641009207	0.3829564515944484	0.44486447123742034	31810	0.09093491816190595	0.09093491816190595	0
0.994873046875	3158410	0.31959927227578816	0.3312479676997388	0.4502406184559567	31544	0.09174505510735766	0.09174505510735766	0
0.9970703125	4542912	0.4791716318791681	0.4839914634937485	0.44780976933860533	31876	0.09717772052981105	0.09717772052981105	0
0.9888916015625	3409146	0.41651274651806874	0.4226293429187922	0.45614927869919475	31856	0.09520241651763535	0.09520241651763535	0
