Utilization	Connections(A2A)	Lvl1TraffRatio(A2A)	Lvl1TraffRatioNoIndirect(A2A)	RatioIndirect(A2A)	Connections(AR)	Lvl1TraffRatio(AR)	Lvl1TraffRatioNoIndirect(AR)	RatioIndirect(AR)
0.879634206623826	864956	0.5241412979688183	0.5378618750538052	0.39040702887630285	25132	0.22746515835557543	0.22746515835557543	0
0.800543746910529	2242244	0.5960391032902622	0.5999104301212906	0.4385123572672827	23942	0.20841848529746188	0.20841848529746188	0
0.7745921898171033	1073500	0.5851203707769518	0.5916016507795818	0.4276304236233171	22904	0.25450427278482807	0.25450427278482807	0
0.7107019278299556	2408224	0.6410072609740443	0.6433317090363776	0.4386659519210949	21076	0.20566591654256186	0.20566591654256186	0
0.7969599604547701	1041822	0.5414544493200159	0.552834281598465	0.4160441736008575	23682	0.21584053810310014	0.21584053810310014	0
0.9225160652496293	931060	0.5668384992616718	0.577751916418498	0.39090232775539535	27340	0.2257510250307256	0.2257510250307256	0
0.7607513593672763	1044258	0.5798720847881513	0.5857188897371246	0.42971235111921197	22288	0.304679017677604	0.304679017677604	0
0.7896688086999506	816658	0.5872780930502857	0.5961969778977954	0.4082621676776119	22834	0.3227822420856243	0.3227822420856243	0
0.8115422639644093	1015542	0.6104224002542472	0.6143876841660303	0.40303786854429996	22852	0.3128441445595524	0.3128441445595524	0
0.7245427582797825	757066	0.5199387266971406	0.5299596121559127	0.40079294641087254	21326	0.2619193616282793	0.2619193616282793	0
0.8305734058329214	2234808	0.639148690996239	0.6418723708881574	0.4378322258341775	25028	0.2002166312522421	0.2002166312522421	0
0.8487394957983193	1003586	0.5901997887167859	0.5948162047036919	0.40849399002861886	24328	0.2645497507522527	0.2645497507522527	0
0.713049925852694	635890	0.5080535873946629	0.5194755073658169	0.3943072344852821	20512	0.22586669077905694	0.22586669077905694	0
0.8508403361344538	1801362	0.6302890287914922	0.633941130884253	0.4345133378927158	25508	0.22359657106618724	0.22359657106618724	0
0.7816361838853189	971946	0.6019642983857167	0.6071822623521447	0.3953963597210768	21986	0.2543173674573466	0.2543173674573466	0
0.7660652496292635	1170246	0.6275217487088595	0.6339908586375054	0.4283244356328253	22470	0.2802753837963064	0.2802753837963064	0
0.75	1566458	0.6197799919143522	0.6221331043207531	0.4434836051974787	22286	0.20810535292274399	0.20810535292274399	0
0.7891744933267425	1295192	0.5839863298306546	0.5888196650589619	0.4299058032866936	23700	0.2079004784656139	0.2079004784656139	0
0.8748146317350469	1056656	0.6747051418796531	0.6790551311398803	0.4150288399533912	24950	0.3197796913659552	0.3197796913659552	0
0.7655709342560554	1318996	0.6196031890303635	0.6217503929963599	0.44269538174513895	22738	0.32647968082721646	0.32647968082721646	0
0.819574888779041	1014526	0.6042326990151602	0.6122866362723696	0.41411261151086937	23690	0.28740905842627423	0.28740905842627423	0
0.9138655462184874	1476884	0.5832869182700375	0.5922113817403319	0.41089145182239034	26424	0.22814135118575166	0.22814135118575166	0
0.8069698467622343	776754	0.4452480350688046	0.4563913975083616	0.39226179596427174	22868	0.20535840074163222	0.20535840074163222	0
0.8035096391497776	1364662	0.6033257294420887	0.6095644002157803	0.4310709757747573	22920	0.2134187436109908	0.2134187436109908	0
0.7556846267918932	807552	0.5468916214650796	0.5547520862099831	0.41132798317525593	21692	0.2944302254300271	0.2944302254300271	0
0.7691547207118141	731238	0.6081021931801692	0.614999629689704	0.40996066016058735	22142	0.31027594245287854	0.31027594245287854	0
0.7366534849233811	1061896	0.4822611119169766	0.49054162064050527	0.4308786928294992	21066	0.2248521759393548	0.2248521759393548	0
0.7918932278793871	1522900	0.6699884155901584	0.6722717304499778	0.43447542980911397	23174	0.25308892689189694	0.25308892689189694	0
0.8260009886307464	1328496	0.6319197577024575	0.6345505719827619	0.428778513538599	24480	0.2533221046577025	0.2533221046577025	0
0.819080573405833	1076832	0.5786441709250217	0.5849024293145385	0.4099109387003024	23278	0.2459973546112	0.2459973546112	0
0.7889273356401384	1876374	0.571447320000107	0.5749802268284268	0.44789903360416927	23180	0.19564195885766858	0.19564195885766858	0
0.7694018783984182	1079740	0.6247358833493898	0.629439579872961	0.4165128868282242	22340	0.2708072248433831	0.2708072248433831	0
0.7218240237271378	2069404	0.5637613385298358	0.5661176013917236	0.4418046577361861	21376	0.18495292242885353	0.18495292242885353	0
0.856772120612951	654198	0.654721367518449	0.6647961275217865	0.38047441173220786	23942	0.33281795983636825	0.33281795983636825	0
0.8497281265447355	1127246	0.575096155097134	0.5850926794372238	0.4000021948950601	24420	0.22984134343342708	0.22984134343342708	0
0.8040039545229857	1232922	0.6192957512340009	0.6210120731596899	0.42920021429414185	23248	0.2839227639227098	0.2839227639227098	0
0.787320810677212	772370	0.5965420799765585	0.6090284060247191	0.39962667383849704	22008	0.30058697713442	0.30058697713442	0
0.7369006426099851	943472	0.5677109628832716	0.5786044595828094	0.41099230026100325	20970	0.2540420882378645	0.2540420882378645	0
0.800914483440435	1055526	0.5291085836832546	0.5398516891768496	0.41179960873631577	22754	0.22889473970972576	0.22889473970972576	0
0.8508403361344538	1114676	0.6428417139429008	0.6488290863505471	0.39909050162416143	24364	0.25521838094040117	0.25521838094040117	0
0.7813890261987148	2687496	0.6715661006755101	0.6724513992987421	0.45583962286256646	23510	0.23770897389215304	0.23770897389215304	0
0.7137913989125062	1475784	0.6667092845139005	0.6696378927958087	0.4250593181266003	20766	0.21875044678243546	0.21875044678243546	0
0.8284725654967869	1018212	0.5431170055227069	0.5523436404132446	0.42105986891006425	23970	0.2132533981639164	0.2132533981639164	0
0.8643104300543747	1461666	0.6057866717927941	0.6127454348773451	0.42256376361052106	25758	0.236839405053619	0.236839405053619	0
0.7933761739990114	1641620	0.6913945152164375	0.6920719959344749	0.4271414532439239	22948	0.24684713337058517	0.24684713337058517	0
0.796712802768166	1628922	0.6505732187105094	0.6542473168615652	0.4449797396301703	23184	0.21080992400958218	0.21080992400958218	0
0.8205635195254573	778456	0.5484278064207633	0.5615451280978595	0.40298273550302827	23578	0.2780517279936303	0.2780517279936303	0
0.8141374196737519	1333418	0.6210670013715945	0.6249638559183781	0.4286738498068914	23688	0.30759633896822586	0.30759633896822586	0
0.7891744933267425	1268366	0.5422261935710407	0.5519321886249846	0.4067477437500539	22448	0.18442159397533323	0.18442159397533323	0
0.8362580326248146	1255102	0.553989492148349	0.5618640132204807	0.4282759016312581	24468	0.251936958233839	0.251936958233839	0
0.8530647553138903	1355354	0.6482160764722816	0.6527762451560453	0.41482403038006327	25220	0.25675399973694796	0.25675399973694796	0
0.819080573405833	1138688	0.5599097487956416	0.5720670073636763	0.4219172899656706	23880	0.25725737717216096	0.25725737717216096	0
0.7046465645081562	2274488	0.6321670938861249	0.6350766223503531	0.43391368604357944	20094	0.19987662177806656	0.19987662177806656	0
0.8386060306475531	1419334	0.6178700600541661	0.6244757928752133	0.407931498892518	24332	0.24410418793198174	0.24410418793198174	0
0.8507167572911518	1380184	0.6024041275874037	0.6092347956806422	0.4291973459728519	24700	0.24060290605144133	0.24060290605144133	0
0.8492338111715274	3530240	0.7274911441881388	0.7308236276563372	0.4276992981616294	25206	0.2583675877447124	0.2583675877447124	0
0.8279782501235788	1941732	0.6687042029095968	0.6700604070487647	0.4263140523650792	22542	0.28098328428646785	0.28098328428646785	0
0.7740978744438952	1529164	0.6529615370592452	0.656725331194323	0.4259581793477933	23070	0.27028205153695645	0.27028205153695645	0
0.740608007909046	1106828	0.5944252692917655	0.6007583286115656	0.4202496041741888	21148	0.22272953337423385	0.22272953337423385	0
0.7740978744438952	2146426	0.6460634389026348	0.654012606787212	0.42266393065180524	22812	0.21216967238046047	0.21216967238046047	0
0.861097380128522	1045324	0.5062648146233251	0.5165097544191118	0.41746751357536377	24934	0.23115867696365175	0.23115867696365175	0
0.7901631240731587	1547110	0.5889756023421873	0.5917963679749613	0.42528297787643016	23296	0.22662727004204533	0.22662727004204533	0
0.8115422639644093	2546104	0.6763194826527381	0.6768782544926663	0.43528965366713396	23376	0.23382822256995903	0.23382822256995903	0
0.8040039545229857	701896	0.5461032426424609	0.5567855063074392	0.3943372650927384	22648	0.2888405055943935	0.2888405055943935	0
0.7441917943648048	717716	0.5977093472482881	0.6064655667487527	0.40367891542373213	21306	0.3297466060726367	0.3297466060726367	0
0.7293623331685615	1263870	0.6083406709830121	0.6117375256283878	0.4169591053961608	21312	0.2418319662776577	0.2418319662776577	0
0.8386060306475531	1326604	0.5635746048404436	0.572763737506519	0.4049670603750928	24104	0.2077803239038051	0.2077803239038051	0
0.8944636678200693	1201140	0.5615134660211246	0.5705215813542157	0.41298650689493743	25584	0.25286404814129815	0.25286404814129815	0
0.8042511122095897	748138	0.547024684300959	0.5579559177566539	0.41454173642286346	23706	0.27281548952949813	0.27281548952949813	0
0.7738507167572911	1187684	0.5009857173543032	0.5078100812474796	0.4288723158674162	22616	0.25365718271686777	0.25365718271686777	0
0.7034107760751359	712986	0.5785481497154988	0.5840690176143298	0.4140913510720858	21094	0.33438373793799614	0.33438373793799614	0
0.7911517548195749	663700	0.5917786679506926	0.6002286762091957	0.3926323006438514	21790	0.31803881778822524	0.31803881778822524	0
0.7601334651507662	944366	0.552979342657253	0.5592874423791037	0.4098314980187953	21586	0.22182329086459743	0.22182329086459743	0
0.782871972318339	1554272	0.6299166604246192	0.6339199213333747	0.44207121535440813	23232	0.293414878337702	0.293414878337702	0
0.7284972812654473	1196736	0.6113297235051264	0.6160163178782442	0.41680640361398075	20936	0.20408193550371181	0.20408193550371181	0
0.7523479980227386	1361612	0.5729135450468882	0.5785280267544642	0.42760307916081164	22316	0.2058151791226127	0.2058151791226127	0
0.8304498269896194	1606710	0.6538108116914325	0.6583267651168985	0.4436196263631698	25360	0.28958886671032924	0.28958886671032924	0
0.740484429065744	1970828	0.6296138247299214	0.6337028212742105	0.42579375947034853	21640	0.278579599494229	0.278579599494229	0
0.7579090459713297	2148296	0.6439252524445358	0.6479659826236375	0.425436599284869	22400	0.2166025672759814	0.2166025672759814	0
0.8316856154226396	2562082	0.6731148351783262	0.673965326095415	0.4583139605701521	25496	0.21836086132666457	0.21836086132666457	0
0.7606277805239743	1019238	0.5471095582669269	0.5521279461413384	0.41775936615460035	22086	0.21692296289864374	0.21692296289864374	0
0.875308947108255	1386360	0.6650087116107858	0.671293602480425	0.41645884073227807	24080	0.280412544160138	0.280412544160138	0
0.7537073652990608	1595434	0.6210201942842641	0.6281870400964351	0.4118580861935579	22518	0.16897871428025613	0.16897871428025613	0
0.8042511122095897	1326742	0.5649337262798044	0.5728670038483256	0.42094737004146093	23640	0.24134033361008525	0.24134033361008525	0
0.8570192782995552	1095582	0.4891951665242622	0.4963429645446464	0.4088079970235297	25082	0.22645303560356808	0.22645303560356808	0
0.8185862580326249	943230	0.5737031316485087	0.5789253889358313	0.416941535888635	24044	0.24990671195308137	0.24990671195308137	0
0.7516065249629263	731890	0.5883320359739557	0.5946062456594198	0.41263023956482797	21362	0.33919699024753397	0.33919699024753397	0
0.7600098863074641	2931522	0.6481501490615115	0.6505335056698269	0.4553609760805992	22652	0.1994757066931535	0.1994757066931535	0
0.7286208601087494	860468	0.5957349212372233	0.6012806347298729	0.4086228546027952	20770	0.313519041570941	0.313519041570941	0
0.7663124073158676	1594998	0.682619601951175	0.6862222751816609	0.44175075796472457	22622	0.2905374515594723	0.2905374515594723	0
0.7275086505190311	974552	0.47271291432517315	0.48016540406376	0.421131802078438	20842	0.25574758140693377	0.25574758140693377	0
0.8235294117647058	1078214	0.5915978611553301	0.5978323149365236	0.41627599503927	24108	0.23648504362174497	0.23648504362174497	0
0.8420662382600099	2504014	0.589493814456326	0.5950291896238336	0.40241198266751965	24190	0.1669855244167188	0.1669855244167188	0
0.7561789421651013	2545190	0.663005649614863	0.6661984854918296	0.422778532913573	21966	0.1783685197468183	0.1783685197468183	0
0.7392486406327237	924350	0.6054460612104641	0.6081121583227221	0.42680511044086056	21422	0.3063548767570621	0.3063548767570621	0
0.7364063272367771	1002548	0.5999111700620848	0.603341354987788	0.42750869193376584	22298	0.333415340912709	0.333415340912709	0
0.8308205635195255	653416	0.5088733675747558	0.5202737729669488	0.4070731667368926	22962	0.2581874015784576	0.2581874015784576	0
0.8117894216510133	1013374	0.5179766104060012	0.5252131170088213	0.42614649032915347	23352	0.24201296876314174	0.24201296876314174	0
0.6854918437963421	977640	0.6170042182086269	0.6191936660727327	0.4302451094482123	20054	0.32458156264562127	0.32458156264562127	0
0.8261245674740485	2783354	0.6866108642463541	0.6887195083876255	0.44181952324758417	24452	0.281762542563238	0.281762542563238	0
0.7286208601087494	1291478	0.6221662837228825	0.6271811250645613	0.4415689830803506	21416	0.27981436279908495	0.27981436279908495	0
0.8040039545229857	1312122	0.606743269750227	0.6135468025598706	0.4263651063387574	23630	0.25952632139014975	0.25952632139014975	0
0.7518536826495303	926522	0.6161776534044393	0.6240122326970302	0.4241304747873585	20876	0.29652888059315863	0.29652888059315863	0
0.7670538803756797	2418042	0.6787618490984019	0.6807866055225614	0.4395268295495387	23222	0.24254027830575967	0.24254027830575967	0
0.7512357884330203	891268	0.5076695821501981	0.5152838425549359	0.41344182898034565	21004	0.2034789381493823	0.2034789381493823	0
0.7197231833910034	913970	0.608536379306083	0.618626706690906	0.42531959343579984	20134	0.30975350961165404	0.30975350961165404	0
0.7540781018289668	890472	0.6028937787798256	0.6096531518067233	0.41816306702776235	21778	0.28280559861560506	0.28280559861560506	0
0.8392239248640633	1098514	0.5306524964855304	0.5372587174967521	0.42809703412104066	24548	0.24813462891320573	0.24813462891320573	0
0.7870736529906079	776502	0.6026721750541901	0.6076039331352426	0.41225350111868214	23292	0.32707290346793105	0.32707290346793105	0
0.8645575877409788	1236444	0.5717669743854897	0.5806347070963335	0.42018717045284704	25852	0.2580497770046243	0.2580497770046243	0
0.7738507167572911	757628	0.5738426167353773	0.5817661352931126	0.4034788316797986	21892	0.28187624777295045	0.28187624777295045	0
0.8355165595650025	1112652	0.6098968438052782	0.6158167963189162	0.41405574971348197	24738	0.2571490972022951	0.2571490972022951	0
0.745551161641127	958010	0.5795774422678934	0.5825154070395838	0.40706946887991785	21054	0.2601787480373845	0.2601787480373845	0
0.8122837370242215	1107140	0.5407824492455893	0.5489403624302677	0.40932737432269856	23750	0.19323622962963158	0.19323622962963158	0
0.7816361838853189	891084	0.5603761237334446	0.566497631886803	0.41182477038081916	23212	0.29755237040978233	0.29755237040978233	0
0.7816361838853189	726532	0.5648413092970579	0.5697162587471308	0.41630584033515006	22388	0.3053882938449674	0.3053882938449674	0
0.7149036085022245	826792	0.5965031328851482	0.6046859758757225	0.4126182529110392	20542	0.3408718748923296	0.3408718748923296	0
0.8023974295600593	2953346	0.6642905485001906	0.6668557362995543	0.4619927383374276	23810	0.17915962889773837	0.17915962889773837	0
0.7409787444389521	2287622	0.657922133698995	0.6628661264811303	0.4564162351382399	22584	0.26804852186772804	0.26804852186772804	0
0.7880622837370242	1170306	0.6348432375863834	0.6379105833596482	0.4100413379751824	23030	0.26339504506108696	0.26339504506108696	0
0.7792881858625803	1188556	0.5021026063250719	0.5099576130412115	0.44223240374914846	22804	0.21758710981307486	0.21758710981307486	0
0.7977014335145823	1567358	0.6784943888205269	0.6830696081527856	0.4311276522003032	23206	0.25634653998980167	0.25634653998980167	0
0.8192041522491349	663968	0.5810496205630009	0.5899803396915236	0.40329416353494274	22976	0.330777337991338	0.330777337991338	0
0.8115422639644093	2675348	0.6459891294587442	0.6510419616687736	0.4402974333947172	24126	0.18270931923112196	0.18270931923112196	0
0.8266188828472565	968866	0.5536468939004628	0.5634047091713855	0.406743530508795	24534	0.2539077554760683	0.2539077554760683	0
0.7922639644092931	1074014	0.6051137115261406	0.615778298920414	0.41914226156621287	22596	0.24383650333929394	0.24383650333929394	0
0.7712555610479486	1307296	0.6050698236433542	0.6097690558156316	0.4249977034655293	22636	0.25844587765768406	0.25844587765768406	0
0.8821057834898666	1093870	0.5724759148830777	0.5832575213283173	0.4039343665141619	25098	0.24825193851553537	0.24825193851553537	0
0.8386060306475531	1453872	0.5922878063145275	0.5971548818751695	0.42511734276639085	24280	0.2527755265246812	0.2527755265246812	0
0.7668067226890756	2281634	0.6536130928208147	0.6567891556540689	0.4390600401145968	23114	0.23032958764286773	0.23032958764286773	0
0.7469105289174494	1359118	0.6289052981503824	0.6328344130141743	0.4320971165879746	21794	0.29383299316911565	0.29383299316911565	0
0.8989125061789421	905724	0.5539320550498478	0.565461467949241	0.3961166786591266	26638	0.2299664291849961	0.2299664291849961	0
0.7434503213049926	829726	0.5144129342214842	0.5240813794770641	0.411609858309745	20976	0.2664132252283847	0.2664132252283847	0
0.823900148294612	1289014	0.57434141325621	0.5826540830887103	0.3997225319588926	23920	0.18623667476548392	0.18623667476548392	0
0.9094167078596145	1141430	0.6233943400192649	0.6261503044359521	0.4145445543272221	26666	0.2924712740390934	0.2924712740390934	0
0.8059812160158181	1340042	0.5683972746662582	0.5759144222835662	0.4182276899173127	23342	0.20276498238167232	0.20276498238167232	0
0.819080573405833	654494	0.563640461994663	0.5731162316294476	0.40675891668739367	23736	0.3171720046342677	0.3171720046342677	0
0.8565249629263469	1115128	0.5622000330557155	0.5695626964278632	0.41578377256589194	24554	0.26630165067775813	0.26630165067775813	0
0.8691300049431537	1618320	0.6157016635011777	0.6208784736114737	0.41938533652541293	24880	0.2327782233232145	0.2327782233232145	0
0.8507167572911518	1404380	0.6549909798120351	0.6584057865016829	0.4396535927914596	24834	0.30669183585781706	0.30669183585781706	0
0.7743450321304992	2381708	0.5980953971399434	0.6012546412436205	0.44440078048940174	22692	0.2076743940282432	0.2076743940282432	0
0.7820069204152249	800002	0.5291904469044121	0.5406849805022157	0.4203654331525359	22912	0.26223071971188966	0.26223071971188966	0
0.8110479485912012	1291544	0.6079333759028619	0.6161172495948377	0.3921499657779028	23754	0.1930039875838836	0.1930039875838836	0
0.7577854671280277	758746	0.5370489605480552	0.5533243881291611	0.4068959018431096	21976	0.2754865883116834	0.2754865883116834	0
0.819451309935739	1635102	0.6643010884509638	0.6687250882607222	0.4333069473758295	24174	0.25753125266101035	0.25753125266101035	0
0.7981957488877904	1665964	0.6433615790561295	0.6456527177222245	0.4383482409321116	23490	0.25028460113831286	0.25028460113831286	0
0.8344043499752842	2112508	0.5579943672798919	0.5655541307873737	0.40902897068663385	24436	0.15600550819867148	0.15600550819867148	0
0.7486406327236776	751424	0.5874531412424161	0.5922587930785852	0.3912648317206282	20710	0.2849791537271195	0.2849791537271195	0
0.7742214532871973	1260328	0.6559632442388424	0.6546905070335934	0.41151316570144364	21904	0.2630083455653085	0.2630083455653085	0
0.8040039545229857	815134	0.5549732097562895	0.5650898586338864	0.41203851473862435	23230	0.2850322684909857	0.2850322684909857	0
0.8086999505684627	1228964	0.6423196375558088	0.6528743611437936	0.411257054769573	22450	0.29147866955901935	0.29147866955901935	0
0.7459218981710332	1190176	0.6041098800082352	0.6056357568979635	0.41860884648614327	21866	0.25844610481612124	0.25844610481612124	0
0.8115422639644093	1838812	0.5839541900412966	0.5892194132765908	0.4362282252907453	24042	0.22990494210429394	0.22990494210429394	0
0.791769649036085	1093934	0.5858714253608048	0.5910787936098227	0.4240942677578232	24040	0.26408974961082593	0.26408974961082593	0
0.837988136431043	2067068	0.6370386431199219	0.6435260701030082	0.4298280180953075	24818	0.26566036790310815	0.26566036790310815	0
0.8138902619871478	997892	0.6348088265107739	0.6405549233604196	0.4102639208166567	23014	0.28477772084357283	0.28477772084357283	0
0.8043746910528917	955290	0.607075120432582	0.6164620885354958	0.40743812734719603	22796	0.24702611334616517	0.24702611334616517	0
0.8217993079584776	1613474	0.5889040060598679	0.595154561414839	0.43285648203517657	24172	0.179689912782402	0.179689912782402	0
0.7698961937716263	1271610	0.6140559784385283	0.6199100981601291	0.41759891781860364	21862	0.25869326032436574	0.25869326032436574	0
0.851581809194266	1497748	0.6131593127259	0.617564843753932	0.42685789667337226	25508	0.23487476468887894	0.23487476468887894	0
0.8208106772120614	1124858	0.4973161940385728	0.5068160630842502	0.40796843064619664	24162	0.18929235853209161	0.18929235853209161	0
0.819574888779041	1453242	0.6646001875476792	0.6684817923152444	0.4128286907488607	23448	0.2803720420336193	0.2803720420336193	0
0.7157686604053386	1889384	0.6131186157818881	0.6183487923059132	0.44075792022492893	21180	0.2201777632973596	0.2201777632973596	0
0.7217004448838359	1012522	0.5651889074525732	0.5689893779977692	0.4221635640132089	20870	0.21337952756131875	0.21337952756131875	0
0.8581314878892734	892334	0.5484798466093922	0.5555204154151051	0.42469164299393675	25156	0.26253262215359036	0.26253262215359036	0
0.7738507167572911	1063592	0.5392488346813605	0.5435854111647597	0.4339428459811467	23010	0.2602669482395044	0.2602669482395044	0
0.870242214532872	1990676	0.6291810690732786	0.6341563394534829	0.408328392818114	25224	0.18001384400350226	0.18001384400350226	0
0.7436974789915967	623206	0.6538849951244337	0.6584406902636785	0.3885087805827203	20036	0.3679423114657476	0.3679423114657476	0
0.8463914977755809	1581464	0.5242640157722036	0.5324185207277924	0.4278653515084472	23828	0.22341249075804337	0.22341249075804337	0
0.796094908551656	1337168	0.6115255847314821	0.6176387386281518	0.42272709719940593	23878	0.26624295940940734	0.26624295940940734	0
0.856030647553139	1321742	0.6534339329361382	0.6598275540442097	0.4152139416381461	24682	0.2654133311629839	0.2654133311629839	0
0.7812654473554128	1182956	0.6221510161895369	0.6271609657105696	0.4133391991103863	22346	0.2259065388763121	0.2259065388763121	0
0.7978250123578843	2012060	0.6366139377919587	0.6414494904473661	0.41146773363977923	23748	0.21557808012601923	0.21557808012601923	0
0.7255313890261987	1139864	0.6301999535850041	0.6335200468681097	0.41143018601673154	20708	0.27235189291303313	0.27235189291303313	0
0.7906574394463668	1076864	0.6556086054550682	0.6594285039946782	0.4360871857035775	23204	0.3301302252199579	0.3301302252199579	0
0.7770637666831438	1028794	0.5973281938736584	0.6074706427233442	0.41123954879868124	23218	0.23108283409434935	0.23108283409434935	0
0.7481463173504697	1122904	0.5393034325718068	0.545609772854549	0.4208533166743245	21522	0.21554362248250436	0.21554362248250436	0
0.7913989125061789	1356922	0.6687824829092458	0.6751447715241077	0.42269511231213924	23126	0.2922724532344732	0.2922724532344732	0
0.8603559070687099	1473606	0.6228798077847167	0.6275856664572433	0.4203011708642499	25492	0.19280101335912417	0.19280101335912417	0
0.6985912011863569	1056330	0.5731468525803641	0.5769316030361883	0.42929789187825307	21050	0.23208912129053597	0.23208912129053597	0
0.8177212061295106	804932	0.5451768794809893	0.5593086980698966	0.408387894457846	24192	0.2530357149605977	0.2530357149605977	0
0.6967375185368265	698942	0.5628573507318769	0.5655832625449237	0.4329393339840646	20590	0.2784661392122156	0.2784661392122156	0
0.7905338606030647	997004	0.5640332507246908	0.5736416256079145	0.3960796685701536	22002	0.1783959948548037	0.1783959948548037	0
0.7850963914977755	954858	0.5357971874752362	0.544422878533046	0.4067040784030052	22064	0.22454947351708585	0.22454947351708585	0
0.8344043499752842	845772	0.5885028321741872	0.6042190055587838	0.3988397064975835	23656	0.265880539773616	0.265880539773616	0
0.8162382600098863	1066222	0.5653133941401419	0.5700680555227142	0.41115087506052445	23378	0.25619558720575814	0.25619558720575814	0
0.7441917943648048	2587708	0.6528331476269388	0.6564432497378387	0.42772023520736674	21742	0.2185967100090336	0.2185967100090336	0
0.828843302026693	2165606	0.5691786865908904	0.5759657447367664	0.4344331302224788	24608	0.22965206176032252	0.22965206176032252	0
0.9142362827483934	1159702	0.540377434130683	0.5497548926110208	0.38963372339090796	26728	0.1692760111742264	0.1692760111742264	0
0.7743450321304992	1047902	0.6131745364034623	0.6229029800096115	0.42554115211319415	23164	0.22765576130581244	0.22765576130581244	0
0.7999258526940187	1321152	0.5861765470504622	0.591547348721636	0.442388179728392	22958	0.27695219860307047	0.27695219860307047	0
0.7383835887296095	688996	0.6699277633009234	0.6705610730626163	0.4081168914300895	20416	0.34839878648260325	0.34839878648260325	0
0.8084527928818586	1311872	0.6761952756386607	0.6776247109240173	0.4160317595324046	22928	0.2618258085000114	0.2618258085000114	0
0.8492338111715274	1101600	0.47528493741438	0.4864249391716013	0.4138582130027642	24350	0.21879628695732353	0.21879628695732353	0
0.7675481957488878	953438	0.5767308446840947	0.5834318168849382	0.42082931633177395	22376	0.27371640643896156	0.27371640643896156	0
0.8701186356895699	1124508	0.5633476666843876	0.5707913393904082	0.41358685320244865	24716	0.22678980754378242	0.22678980754378242	0
0.8687592684132477	1293806	0.6311492831459021	0.639059918702135	0.3898463845073328	24344	0.21803505255603572	0.21803505255603572	0
0.8215521502718734	1123168	0.5572730954157737	0.5648508055313856	0.43036858511987885	23366	0.22950865620817704	0.22950865620817704	0
0.8262481463173504	1097368	0.63764873143118	0.6404017364762153	0.41100288732511575	23368	0.2874798559764637	0.2874798559764637	0
0.8718487394957983	1378916	0.58177839244245	0.5910228324292395	0.4159552198823613	25342	0.2260870204531029	0.2260870204531029	0
0.879387048937222	1319744	0.5326424572571226	0.5425067817481558	0.42605053217288874	25996	0.19560582486723632	0.19560582486723632	0
0.7299802273850717	1009928	0.5899584517868798	0.592526251739197	0.41798280579764846	21376	0.3015648620979902	0.3015648620979902	0
0.7286208601087494	744204	0.5502527775166671	0.5569796179385432	0.4097266724371085	21148	0.32870579502303504	0.32870579502303504	0
0.759268413247652	974670	0.5647871569106377	0.5730268398356754	0.4081556726666194	21982	0.23767092679837176	0.23767092679837176	0
0.7806475531389027	1715748	0.5976623168454672	0.6009956008431024	0.44114487417392056	23646	0.18166063793674647	0.18166063793674647	0
0.7666831438457736	917420	0.5165085559787891	0.5238365578243459	0.4131248610160363	22402	0.25353135673820426	0.25353135673820426	0
0.7801532377656946	1295472	0.6627384048016703	0.6696037781701888	0.4227357784514066	22340	0.2818413155954467	0.2818413155954467	0
0.7528423133959466	2199772	0.7122276080397917	0.7148523932967022	0.4418269581145886	22720	0.2705751057430252	0.2705751057430252	0
0.8546712802768166	1164860	0.5626440672944191	0.5685207328618019	0.4161672341363536	24884	0.23236100286024355	0.23236100286024355	0
0.8185862580326249	2343596	0.5865260723927256	0.5918014145142334	0.4301574160309401	24002	0.2059501810534339	0.2059501810534339	0
0.7816361838853189	776518	0.5402284575462468	0.5497255716482322	0.4049006867871823	23048	0.26417629766004797	0.26417629766004797	0
0.699456253089471	1546344	0.6422619197401606	0.6449586502057955	0.4151218551806984	20576	0.24364243439229216	0.24364243439229216	0
0.8040039545229857	1685766	0.6370886275566019	0.6414750243419604	0.4357570526996493	23954	0.2418324045714194	0.2418324045714194	0
0.8492338111715274	1602940	0.6517188006022032	0.6551536946080098	0.42255603499593125	24052	0.2401250258944693	0.2401250258944693	0
0.8507167572911518	2429910	0.5591017581082228	0.5627710573480731	0.4424580161343052	25324	0.20199007533952418	0.20199007533952418	0
0.819080573405833	1038742	0.5691959215500079	0.5765388427256438	0.42195404782760265	23428	0.21876272876509273	0.21876272876509273	0
0.7786702916460702	2080442	0.6099967042526936	0.6140479890632081	0.4231460666166172	22890	0.21157826985405404	0.21157826985405404	0
0.8059812160158181	1107050	0.600326462728924	0.608393112192032	0.4151993827718399	23318	0.2778579871548516	0.2778579871548516	0
0.9020019772614929	685322	0.5073266314690409	0.5197883715282318	0.3842572203996825	24758	0.25394846357434736	0.25394846357434736	0
0.8042511122095897	2098326	0.627029794569721	0.6320242537112533	0.4190359821104839	23188	0.18677994805238507	0.18677994805238507	0
0.7242956005931784	951298	0.6084802306821361	0.613550759201544	0.41771999068359683	21044	0.3403084763915188	0.3403084763915188	0
0.8266188828472565	1040820	0.5356058407281677	0.5457807235674699	0.4182084397570853	23788	0.2600945252554401	0.2600945252554401	0
0.8224172021749876	788728	0.5508711666421555	0.5588635554816339	0.4049050070416404	23358	0.2706101714929832	0.2706101714929832	0
0.7896688086999506	735670	0.5490682885579191	0.5556141335122528	0.39122797975322327	21972	0.24972731671367898	0.24972731671367898	0
0.7843549184379635	927576	0.5995620180141621	0.6042087382459621	0.4204187032367302	22942	0.31214751699207083	0.31214751699207083	0
0.8184626791893228	2030274	0.6809169282522882	0.6846774459754511	0.4450341937740483	25090	0.24196784520762837	0.24196784520762837	0
0.7364063272367771	2004864	0.6188895836848816	0.6247536313747725	0.4322385995203098	22022	0.2433251234909739	0.2433251234909739	0
0.8110479485912012	782836	0.5722406280394629	0.5816845533952008	0.4209005303185878	23404	0.28941830154769493	0.28941830154769493	0
0.7983193277310925	2132644	0.683536552578461	0.6866532161908511	0.4179822002581794	23044	0.2244537169092119	0.2244537169092119	0
0.8040039545229857	850092	0.5334467480052519	0.5408539737588726	0.40130001312400504	23620	0.2533750957919372	0.2533750957919372	0
0.8142609985170539	1095738	0.5774038787996817	0.5845783498465383	0.41674741473460547	23384	0.2525429791406873	0.2525429791406873	0
0.7889273356401384	1320542	0.537122985889454	0.545162321461152	0.4293653952611441	22360	0.19202112241525174	0.19202112241525174	0
0.8492338111715274	1657490	0.6050478542043415	0.6096353849530173	0.4340825291300274	24958	0.28686962121123866	0.28686962121123866	0
0.7669303015323776	1407802	0.595023357175722	0.600664809581252	0.43699696409652766	22880	0.23608908289175887	0.23608908289175887	0
0.8530647553138903	2713876	0.6715777290602175	0.6735910464307652	0.443105515379127	24346	0.19716151895174452	0.19716151895174452	0
0.8040039545229857	1023648	0.5868005020930981	0.5911948902724832	0.4103942909862577	22976	0.2862498050223199	0.2862498050223199	0
0.8431784478497282	2001060	0.5886674943542399	0.5975625511287933	0.4213753340101884	24380	0.25531044326480695	0.25531044326480695	0
0.7182402372713792	1991416	0.6470097012310014	0.6504465929282038	0.42719268496439144	21112	0.23348177956279423	0.23348177956279423	0
0.6909293129016312	683234	0.6765593381491294	0.6793237615034453	0.41858815725445947	20012	0.4191949130246296	0.4191949130246296	0
0.8688828472565497	1350832	0.6218881695200645	0.6317501565043709	0.40459831990645917	25052	0.22652015754507002	0.22652015754507002	0
0.801038062283737	1730218	0.5674906299163058	0.5739235871888723	0.4343709262921369	23558	0.22893455913865154	0.22893455913865154	0
0.6720217498764212	1186834	0.6292239211511848	0.6333496898456017	0.4338626869413367	19764	0.2881308243511513	0.2881308243511513	0
0.8761739990113693	1743146	0.6205478909160751	0.6238796110528239	0.421504268612286	25636	0.16981295976772584	0.16981295976772584	0
0.7419673751853683	722920	0.6108593958411277	0.61744304073074	0.40701681253373473	20562	0.3305996543073665	0.3305996543073665	0
0.7060059317844785	897422	0.6274008105179002	0.6311999883988456	0.420089982995723	20022	0.36147032307124044	0.36147032307124044	0
0.8295847750865052	2767520	0.6650285631824734	0.6669283070979327	0.4543852478666808	24602	0.2590911033336569	0.2590911033336569	0
0.8145081562036579	2388348	0.6098783693530518	0.6130935821032976	0.44046097605602275	24430	0.21369298676429968	0.21369298676429968	0
0.7737271379139892	2681538	0.6483501159947571	0.6499023997461363	0.4516798695262383	23098	0.2370426944355333	0.2370426944355333	0
0.7930054374691053	1569366	0.6196197500138364	0.6257635304537481	0.43250003291345446	22912	0.33328312454701486	0.33328312454701486	0
0.7738507167572911	713862	0.5046694292402917	0.5123766546916655	0.39159751587600217	21702	0.27759767465682306	0.27759767465682306	0
0.7587740978744439	710458	0.5814106733912348	0.587851868509617	0.408775783721752	22114	0.32708743106762544	0.32708743106762544	0
0.796465645081562	1334844	0.5917839047115698	0.5975344824236016	0.43574253792597184	23874	0.24835691038795224	0.24835691038795224	0
0.8341571922886801	1118412	0.6038943181334222	0.6129001630102721	0.413649003208773	24206	0.28395244179044893	0.28395244179044893	0
0.7786702916460702	685044	0.5112961969685968	0.5174357730569644	0.398394001986145	22294	0.23581149468576337	0.23581149468576337	0
0.8115422639644093	1071962	0.5575729401420734	0.5625162673297187	0.41817971564453843	23550	0.25319396375575454	0.25319396375575454	0
0.7740978744438952	2355754	0.535651944083097	0.5371898178420068	0.4464343989255292	23880	0.1826929815664793	0.1826929815664793	0
0.8279782501235788	1148230	0.6094153358795598	0.6150339294616035	0.4151534980556393	24056	0.2763520786345018	0.2763520786345018	0
0.8042511122095897	1318350	0.6413704567209711	0.6455233814662004	0.4211128004680884	22906	0.24550500276269574	0.24550500276269574	0
0.8120365793376174	2317054	0.6094290070695364	0.6140076378091727	0.43646450987045077	24532	0.18289402832825644	0.18289402832825644	0
0.7514829461196243	2058772	0.6029958885898105	0.6100997454810192	0.41907955832525623	22732	0.21774931873394907	0.21774931873394907	0
0.7813890261987148	1098840	0.5846513924804367	0.5935145270086232	0.4298681898112857	23130	0.2558633996591967	0.2558633996591967	0
0.7286208601087494	2071474	0.5459538849966575	0.5498831720517343	0.42878081662406725	21932	0.20458198912027248	0.20458198912027248	0
0.8028917449332674	2664062	0.6227887889418392	0.6264062473661284	0.4447566430932335	24122	0.22835019741979332	0.22835019741979332	0
0.7650766188828473	671982	0.5551902913362053	0.5689524983781672	0.3974599677229443	21624	0.32166793218570167	0.32166793218570167	0
0.7907810182896688	1371072	0.5956510227476706	0.6017812284688477	0.42377699045428613	22922	0.20288460851357493	0.20288460851357493	0
0.7889273356401384	2354518	0.6992445872498688	0.6999242163541051	0.4334032126503966	23562	0.26054182511880364	0.26054182511880364	0
0.8952051408798813	1410432	0.540441452706253	0.5519190872980482	0.42170951137594387	27096	0.19814819078336077	0.19814819078336077	0
0.7858378645575878	1070962	0.5669254763049671	0.5788159447337573	0.42132043859020324	23396	0.2154094338160485	0.2154094338160485	0
0.7167572911517548	901958	0.6118458738548002	0.6156537972377255	0.4099079643666956	20098	0.25859270322714295	0.25859270322714295	0
0.6956253089471083	1407556	0.6701248927596016	0.6714222696448718	0.4322312937546921	20066	0.2867624967600883	0.2867624967600883	0
0.7663124073158676	690414	0.5371633945971955	0.5475436333116359	0.40950174763844566	22328	0.24182960784764887	0.24182960784764887	0
0.8344043499752842	944280	0.6180063219060034	0.6253645796783334	0.40097791620658835	22904	0.3024446417831938	0.3024446417831938	0
0.8687592684132477	2745054	0.6210848102768103	0.6254400843050512	0.4416681086692706	24928	0.17666989682008427	0.17666989682008427	0
0.7496292634700938	2224524	0.6569707198315947	0.6607153945944949	0.41889270339580126	21790	0.21365708404113828	0.21365708404113828	0
0.7603806228373702	1312996	0.5979322003832274	0.604475057341337	0.4290997535183871	22446	0.24629216075145063	0.24629216075145063	0
0.7396193771626298	1491720	0.5268520450821842	0.531779879835111	0.44193488787816565	21294	0.16826293873699252	0.16826293873699252	0
0.8041275333662877	1625350	0.6397091673400651	0.6438490599202618	0.43456427096748707	23478	0.22562050020622784	0.22562050020622784	0
0.8341571922886801	714028	0.5290965527249006	0.5426811531716259	0.4056534483901683	23368	0.25925572963243354	0.25925572963243354	0
0.7993079584775087	2092894	0.6174338354822184	0.6252419577203329	0.42190811935305267	22942	0.21514659156941507	0.21514659156941507	0
0.8173504695996046	1377480	0.5785416507469098	0.5812698210122466	0.4249405337018424	24158	0.207257045898006	0.207257045898006	0
0.7376421156697973	2076236	0.5339457533318355	0.54100087167475	0.432971059515272	22066	0.20405650030734301	0.20405650030734301	0
0.8886554621848739	2387416	0.6244280149651223	0.627541976096393	0.43767578541860286	26502	0.2129573977792262	0.2129573977792262	0
0.8298319327731092	2710106	0.6325685085806667	0.6364455374323326	0.44908281223417773	24968	0.20055327579856552	0.20055327579856552	0
0.8622095897182402	1729556	0.551580732939161	0.5536499129687394	0.43591227606667493	25494	0.1965653913436377	0.1965653913436377	0
0.7744686109738013	853460	0.5598699043704464	0.5673304011380512	0.39270043621932066	21022	0.25175438739618455	0.25175438739618455	0
0.8466386554621849	2212398	0.6095300317050257	0.611943770979993	0.4495317143303197	25194	0.2142672945092308	0.2142672945092308	0
0.7135442412259021	1182184	0.6173278315351826	0.6210065455487351	0.4344237282230678	21328	0.2625044984978889	0.2625044984978889	0
0.8266188828472565	918186	0.5541173343370643	0.5618718944306361	0.3917216280404587	22992	0.20914491362337095	0.20914491362337095	0
0.7874443895205141	1359776	0.6517210342061339	0.6529570085839461	0.4426323509921472	24262	0.2872323539013931	0.2872323539013931	0
0.7679189322787938	650642	0.5628334145558466	0.570402438518019	0.414025108128023	22178	0.3160407543317944	0.3160407543317944	0
0.8492338111715274	899332	0.6293395292752431	0.6358369740017992	0.3701723417000747	23282	0.2812687836547651	0.2812687836547651	0
0.796465645081562	1160802	0.5633749959040807	0.5715044542932973	0.4299604278899101	22976	0.2921698995116761	0.2921698995116761	0
0.8400889767671774	2302922	0.6107925186030827	0.6148529747714389	0.4409313611292818	25554	0.1958531369464873	0.1958531369464873	0
0.7719970341077608	2405520	0.6777935009760375	0.6816624847382687	0.45803480775238786	23438	0.2316172380624757	0.2316172380624757	0
0.7210825506673257	1278998	0.6721615412123917	0.6759151693922836	0.4460843150433142	21236	0.3417845960687092	0.3417845960687092	0
0.8416955017301038	640092	0.5617490172703977	0.5757886227128873	0.39356468015298557	23482	0.29993253371094836	0.29993253371094836	0
0.8518289668808701	1259314	0.6163679383732575	0.6220786687999424	0.42819723580821484	25556	0.2751075560976934	0.2751075560976934	0
0.8117894216510133	952220	0.5832098073909625	0.5927937398852118	0.3906858048989737	22738	0.2352136074732288	0.2352136074732288	0
0.7140385565991103	2303458	0.6116248765580522	0.6128731575191443	0.4542259399647252	20676	0.18226077029657747	0.18226077029657747	0
0.7124320316361838	1273326	0.5360113301450908	0.5423692226721436	0.435341219207983	20270	0.21841485681295866	0.21841485681295866	0
0.8871725160652496	1314950	0.6112662770348947	0.6173191190512212	0.41268126572966485	25450	0.25997424412289544	0.25997424412289544	0
0.7813890261987148	2330412	0.6611326623231472	0.664370888307959	0.4393898188828438	22932	0.23646828249407592	0.23646828249407592	0
0.8340336134453782	1889112	0.6645903241948786	0.6658829351829357	0.4538216465912613	23798	0.23311744038444662	0.23311744038444662	0
0.8627039050914483	877898	0.5752249115183795	0.5829209073716118	0.4052204690945261	24826	0.2648005400324618	0.2648005400324618	0
0.7665595650024716	1253550	0.5858276811522927	0.5916044873981527	0.4361657784713719	21762	0.21665104558775716	0.21665104558775716	0
0.8643104300543747	854792	0.46782074603476853	0.48182592712926814	0.41031225587563197	25540	0.20560937204753396	0.20560937204753396	0
0.7818833415719229	1296216	0.5829280797877191	0.5873224096113535	0.42990484921524724	23068	0.2046052188976717	0.2046052188976717	0
0.7567968363816114	1260414	0.45386129035795314	0.4599397851999322	0.4195205643587429	22018	0.12833844700095834	0.12833844700095834	0
0.8536826495304004	677412	0.5321500708339159	0.5476562329638294	0.3940225425591776	23616	0.2561076735278804	0.2561076735278804	0
0.8277310924369747	2848596	0.5919090970693944	0.5965670544710354	0.44282156153437624	25248	0.16951081199084064	0.16951081199084064	0
0.7978250123578843	1294420	0.5846887166026109	0.5891934236980222	0.437667916784485	23268	0.23930984297837024	0.23930984297837024	0
0.8266188828472565	788532	0.5957063749542898	0.6036101827981294	0.3906057498266416	24008	0.27385930860672414	0.27385930860672414	0
0.8418190805734058	767224	0.5348131964639357	0.5472404246316455	0.39899777531334424	24024	0.2612749678486949	0.2612749678486949	0
0.7633465150766189	1423520	0.5155621633495516	0.5234317409978514	0.43025471546759847	22398	0.17135465394871763	0.17135465394871763	0
0.7559317844784973	1055342	0.6218035841481403	0.6304823614138626	0.420008274990666	22250	0.30374689390114024	0.30374689390114024	0
0.8696243203163618	1725386	0.602264878950723	0.6074071554796806	0.438453713085413	26498	0.18194009743434889	0.18194009743434889	0
0.7356648541769649	692952	0.542873998477251	0.551169163809122	0.41641246344555277	20932	0.2889536800132931	0.2889536800132931	0
0.8341571922886801	2052886	0.5950717940152536	0.6002215339935447	0.4180933017410129	23846	0.25879465408808455	0.25879465408808455	0
0.7817597627286208	1079662	0.6000259928217798	0.607436154951246	0.4280977129586248	22374	0.26813332101833215	0.26813332101833215	0
0.8205635195254573	895254	0.5181833674707439	0.5316622098187515	0.4169014462903895	23836	0.22402612917443074	0.22402612917443074	0
0.7483934750370737	696930	0.5815388757962924	0.5890219519086082	0.41469823776394715	21522	0.3486495030902308	0.3486495030902308	0
0.7911517548195749	1625660	0.5975886660464557	0.599238887589307	0.441578847771394	22828	0.19583831418457495	0.19583831418457495	0
0.7806475531389027	1353606	0.626250683481573	0.6311892420454478	0.4302791358103171	22296	0.2508449065771203	0.2508449065771203	0
0.768660405338606	1683862	0.6019519479034674	0.606563477034661	0.43231110094511815	22810	0.21092086847081506	0.21092086847081506	0
0.7770637666831438	679592	0.5139817040626772	0.5226056941618311	0.42059404084461355	22800	0.25735109382672705	0.25735109382672705	0
0.7813890261987148	1267470	0.5980435716607952	0.6051590532317696	0.43312227149273935	23006	0.2601941946236982	0.2601941946236982	0
0.7875679683638162	2738540	0.6026741666963699	0.6058900917007587	0.4491655679529518	23554	0.18393408025148925	0.18393408025148925	0
0.7931290163124073	1698744	0.6120179229505567	0.6158122181760851	0.4314960619419325	24350	0.19315311186931394	0.19315311186931394	0
0.819080573405833	900758	0.4900315056773368	0.49752210447194556	0.4146943334741991	24044	0.21170350499021462	0.21170350499021462	0
0.6707859614434009	1472350	0.5513099411849209	0.5573565795910776	0.4388018099841724	20268	0.24921184160571952	0.24921184160571952	0
0.7354176964903609	1252404	0.5297126868836978	0.537190708476716	0.4065119169531232	21534	0.19784985608432729	0.19784985608432729	0
0.7663124073158676	1898626	0.6244139135851625	0.6281435484742811	0.4446578033089841	22864	0.1992395685024512	0.1992395685024512	0
0.7891744933267425	637516	0.5564645137501596	0.5660707791681066	0.3879764971238857	21400	0.2817828338172434	0.2817828338172434	0
0.8266188828472565	1606058	0.5968904949154133	0.6010767798627038	0.4218837892707852	24312	0.2423707517547361	0.2423707517547361	0
0.7574147305981216	1178786	0.6643116770290916	0.6696425005676444	0.41466293696549195	22056	0.29041706478839946	0.29041706478839946	0
0.879634206623826	1335090	0.5658391670176973	0.5719167943226814	0.41994917393061254	25458	0.23398633130046687	0.23398633130046687	0
0.8947108255066732	1059608	0.5778393019286444	0.5864781923172439	0.4046267099554299	25588	0.21837921110653932	0.21837921110653932	0
0.861468116658428	1065932	0.582697977482744	0.5929603766553596	0.40337728922067445	24766	0.22451162609750544	0.22451162609750544	0
0.7483934750370737	917810	0.572108140411607	0.5778014409704005	0.41566049128233057	21524	0.30181111422970813	0.30181111422970813	0
0.8065991102323282	1402410	0.5804227142474022	0.587037832188093	0.436417681937211	24148	0.25170047426906766	0.25170047426906766	0
0.7287444389520514	1197750	0.5423012499993449	0.5460526530596619	0.4166058702987274	21502	0.22445273150620995	0.22445273150620995	0
0.7512357884330203	625228	0.39180135839072894	0.40598215303384505	0.3934491188236153	20422	0.18629996630065868	0.18629996630065868	0
0.7534602076124568	1204432	0.6114147743810282	0.6145280266748937	0.41856270123170264	21672	0.23196964594292516	0.23196964594292516	0
0.8718487394957983	1304694	0.4923601644078748	0.504488355909909	0.4099749991865424	25406	0.16104954362004362	0.16104954362004362	0
0.856772120612951	983580	0.5319105869908861	0.5395903093435758	0.40723252067845106	25332	0.2215456235562587	0.2215456235562587	0
0.842189817103312	1090588	0.6191413598610515	0.6281102699772295	0.3961750214888082	22938	0.23405857665567134	0.23405857665567134	0
0.8044982698961938	1679088	0.6090212032922078	0.6113856679724284	0.44491461144027816	23308	0.24964760059026161	0.24964760059026161	0
0.8072170044488384	966314	0.4855018629366655	0.4939213260577325	0.4088497825965601	22106	0.2092705128247164	0.2092705128247164	0
0.8184626791893228	2621226	0.7046659618523637	0.7065321987769301	0.4530725437246385	25048	0.2216908925496688	0.2216908925496688	0
0.8257538309441423	1298530	0.6014816560374652	0.6084879267964874	0.4174231034579206	23516	0.23238141358971084	0.23238141358971084	0
0.8419426594167079	1361774	0.5534841303348593	0.5650332973331663	0.39116815885456785	23326	0.20163488853101671	0.20163488853101671	0
0.7483934750370737	966304	0.6488302736843445	0.6552922775015367	0.4226473521051477	22174	0.3610719281977514	0.3610719281977514	0
0.7289915966386555	2289972	0.6133907933382207	0.6166341812052119	0.45472679444261715	21944	0.2725156941398618	0.2725156941398618	0
0.856772120612951	1619316	0.6496391024871898	0.6525425384226043	0.4087134067648017	24168	0.23059761498608108	0.23059761498608108	0
0.7679189322787938	758112	0.5274925237412001	0.5365711056646989	0.40536053093083174	22324	0.2552409284785276	0.2552409284785276	0
0.837988136431043	1360500	0.6240880287162421	0.6295735924575676	0.4064300389866205	23990	0.22766189940154202	0.22766189940154202	0
0.8492338111715274	1726672	0.5402010653621296	0.5458911658419029	0.44121269804042357	25006	0.22413735234356028	0.22413735234356028	0
0.7754572417202175	2042512	0.623603817812776	0.6275973207158615	0.4360182303322249	22830	0.23593368881019094	0.23593368881019094	0
0.8331685615422639	1413132	0.6271385785019515	0.6324880337990754	0.42191246549790357	24028	0.2530814894002698	0.2530814894002698	0
0.6866040533860602	648590	0.5783080228089487	0.5850231464044978	0.4019788837027809	19316	0.28211829474840516	0.28211829474840516	0
0.7984429065743944	1680088	0.5861644207511119	0.5895595571193561	0.4315040402993627	23780	0.22771163735740588	0.22771163735740588	0
0.9157192288680178	822546	0.49997984860717826	0.5157948024034547	0.3960264767479113	26168	0.21942811318840652	0.21942811318840652	0
0.7230598121601581	800000	0.5016282029714276	0.5137386770815708	0.4059478822781574	20680	0.2234962471711841	0.2234962471711841	0
0.80548690064261	2023292	0.6032837569700044	0.6094624301955022	0.4358654978849617	23326	0.2641398429930462	0.2641398429930462	0
0.7286208601087494	884042	0.6238238612128143	0.6283435786718101	0.42124108593783244	21290	0.2869858534311212	0.2869858534311212	0
0.8161146811665843	1951494	0.661228241919316	0.6661090104936896	0.4310442247935103	24250	0.19258961987465997	0.19258961987465997	0
0.8130252100840336	1318154	0.639413265802974	0.6468171618214539	0.42878103406677365	23766	0.2868319073085107	0.2868319073085107	0
0.782130499258527	1670378	0.6010278476665168	0.6055921906811956	0.44761773797050375	23766	0.2437550814175852	0.2437550814175852	0
0.7558082056351952	1221484	0.5540771689857008	0.5634911738947831	0.41612265011855915	21552	0.2584672071668358	0.2584672071668358	0
0.7983193277310925	1252416	0.6233098071635471	0.6260812932768455	0.4278242337965948	22558	0.2155503015305469	0.2155503015305469	0
0.7761987147800297	1370696	0.6341699004612114	0.6441777768742313	0.4204617970180527	22452	0.21298065512878672	0.21298065512878672	0
0.8189569945625309	2415406	0.6186903528307792	0.6219074525393841	0.4519267439784795	25012	0.21580989689490096	0.21580989689490096	0
0.8408304498269896	1014428	0.6162511309111558	0.6231308364269726	0.3863166500364446	23498	0.22009732632573434	0.22009732632573434	0
0.8708601087493821	2032842	0.672995398607287	0.6761867863054207	0.40055724836876894	25122	0.2519178870403696	0.2519178870403696	0
0.819080573405833	1999460	0.6107303316673072	0.6138776087418206	0.4318846923114606	24980	0.2185512474725111	0.2185512474725111	0
0.7108255066732576	988658	0.5944442910239177	0.6034175353957937	0.4185890782376474	20368	0.20632798647195985	0.20632798647195985	0
0.8596144340088977	1258572	0.6568598645621627	0.6654933394713641	0.3973622606131553	24956	0.2676731644489598	0.2676731644489598	0
0.7740978744438952	2298104	0.6046745754797099	0.6077169433536244	0.43783649435789035	22708	0.167036028578773	0.167036028578773	0
0.8582550667325753	1427132	0.5940759817472431	0.5983190307973186	0.4291944856377199	25224	0.24370257447779498	0.24370257447779498	0
0.8157439446366782	2873596	0.6378964347392202	0.6403209706073013	0.43247914428390444	24462	0.17748547916695964	0.17748547916695964	0
0.7430795847750865	1272578	0.5894266067450492	0.5969623802005145	0.43847174891175317	21406	0.2276149556435917	0.2276149556435917	0
0.8356401384083045	2052010	0.6124566343558283	0.6179776435794121	0.41168209826272734	24208	0.25556400625454717	0.25556400625454717	0
0.796465645081562	1249250	0.49505153812123764	0.500655431552788	0.43664960358575367	24100	0.24224463365832108	0.24224463365832108	0
0.819080573405833	1372992	0.528921737253936	0.5387828591886425	0.4069324266027619	24276	0.15679421182340184	0.15679421182340184	0
0.7663124073158676	1340060	0.5436413599502841	0.5506401965331337	0.41594525969887136	21876	0.16283710068639948	0.16283710068639948	0
0.7441917943648048	970922	0.5646641384713021	0.5709522499415866	0.4149241279639171	21534	0.23852384098917911	0.23852384098917911	0
0.8559070687098369	1010532	0.523558167210453	0.5315044435038451	0.40647594254864655	24248	0.24100862048509472	0.24100862048509472	0
0.7419673751853683	2102110	0.6280340387713214	0.631862258278541	0.4303315639733876	21670	0.23335587451984605	0.23335587451984605	0
0.8871725160652496	1452768	0.5182994727463613	0.5285409730354577	0.4220489249962031	25666	0.21809578034300506	0.21809578034300506	0
0.819080573405833	1658338	0.6024424094653047	0.6062173592430484	0.4316288957169985	24598	0.2217235387860684	0.2217235387860684	0
0.7539545229856648	1346654	0.532880993363963	0.5389891872846704	0.44898942252365903	22172	0.2285129781063767	0.2285129781063767	0
0.7663124073158676	1017774	0.6423594773900488	0.6509965493039415	0.42090745335735663	22224	0.3118614646373385	0.3118614646373385	0
0.8446613939693525	879984	0.544410482458139	0.5536359430307859	0.4110528439014604	25408	0.2589954663106934	0.2589954663106934	0
0.7104547701433515	548432	0.5018266651558155	0.5107124029949534	0.40270690730366726	20172	0.2642157120595513	0.2642157120595513	0
0.7813890261987148	1999896	0.6399205716498456	0.6423052353765029	0.4245579478037856	23240	0.26928178141265907	0.26928178141265907	0
0.7602570439940682	2123564	0.538049754131156	0.5427795362219062	0.4428813623528188	23132	0.17653063692228455	0.17653063692228455	0
0.7841077607513594	1361932	0.5824311962696396	0.5860639876052859	0.425752701204952	22588	0.25252732462412003	0.25252732462412003	0
0.7464162135442411	2030026	0.6327260882100286	0.6369339989577663	0.4375583957010516	21298	0.291009871437903	0.291009871437903	0
0.8042511122095897	2065658	0.60606516613027	0.6124000383492768	0.40576516083103525	23518	0.15784262453136075	0.15784262453136075	0
0.7668067226890756	1616732	0.6054883086461006	0.608371265281661	0.44731370785593744	22610	0.2476910668532709	0.2476910668532709	0
0.8494809688581315	790100	0.6051976768845045	0.609316317618385	0.3925798531672162	24354	0.30339763073587983	0.30339763073587983	0
0.7980721700444884	1325768	0.6063847324938735	0.6109393358799362	0.4350111015989928	23946	0.27233293768509353	0.27233293768509353	0
0.7225654967869501	1040658	0.555981762098982	0.566063887729461	0.41870593020494157	20890	0.2777528552156927	0.2777528552156927	0
0.8235294117647058	2881960	0.659593281336705	0.6623963157861957	0.45008998999077604	24706	0.16619750066742656	0.16619750066742656	0
0.7289915966386555	2619588	0.5692218391218615	0.5725065087734597	0.4585819402352512	22666	0.1840661465871649	0.1840661465871649	0
0.7740978744438952	1098302	0.5345928451120393	0.5414198663609182	0.4300220020582008	22476	0.26593085902315877	0.26593085902315877	0
0.7650766188828473	2021758	0.6362736314743318	0.6395952157748189	0.4347739540918645	22688	0.2559810662489919	0.2559810662489919	0
0.8646811665842807	2475428	0.608797317629627	0.613344053040726	0.4328722558694626	26478	0.22499991728780502	0.22499991728780502	0
0.8042511122095897	2548580	0.6233849015509848	0.6255811885330963	0.4443536422585052	23488	0.19624553844279283	0.19624553844279283	0
0.6915472071181414	2507140	0.6159178765816188	0.6159715938450867	0.45861029535541986	20908	0.2534360595130818	0.2534360595130818	0
0.8266188828472565	1186986	0.5718243532120343	0.5775047150449725	0.3991033360000258	23586	0.19753530378979364	0.19753530378979364	0
0.7299802273850717	1287132	0.6726322527938963	0.6759316132592939	0.4204281717882386	21146	0.26070967600836437	0.26070967600836437	0
0.7212061295106278	2112252	0.6472424608610471	0.6471137029879633	0.4485162405568886	21810	0.24986072213091123	0.24986072213091123	0
0.7889273356401384	2332268	0.5909705715414806	0.5948399702307747	0.43767238841181966	23252	0.20277562702631047	0.20277562702631047	0
0.7722441917943648	1261426	0.607280066886827	0.6136875846071658	0.4138533274503953	22532	0.24493380532346454	0.24493380532346454	0
0.7077360355907069	2327408	0.6706586214463052	0.6698595775181143	0.43709942373640676	20878	0.2691096198275275	0.2691096198275275	0
0.8283489866534849	764526	0.5563670164211512	0.5680277450081144	0.4003958029941475	23560	0.2668101654119088	0.2668101654119088	0
0.8268660405338606	1648554	0.6248368997494708	0.6304315785813699	0.43875878172805477	23964	0.21820892382744805	0.21820892382744805	0
0.828225407810183	1285652	0.6500940917252712	0.6547914479511828	0.4151200062760116	23328	0.21837453143408644	0.21837453143408644	0
0.8115422639644093	818358	0.526227841889718	0.5352069954739614	0.40395172479139246	23256	0.26143977224700604	0.26143977224700604	0
0.7019278299555116	2409218	0.7103665679141368	0.7144082763257243	0.4370990391275387	21398	0.3017609027514797	0.3017609027514797	0
0.8944636678200693	821938	0.52190054676646	0.533116620856825	0.39385774247041666	25336	0.2529200307623403	0.2529200307623403	0
0.8416955017301038	2735160	0.6750303118868443	0.6779100407459637	0.4318172934239693	24914	0.24692472764762285	0.24692472764762285	0
0.8386060306475531	1022236	0.5055817907458099	0.5230129039466228	0.4157981004631542	25296	0.23137438468901808	0.23137438468901808	0
0.8175976272862087	1409122	0.6174638023122055	0.6238083401989252	0.4299016933081543	24232	0.2793255079339692	0.2793255079339692	0
0.7109490855165596	867402	0.5559340379426139	0.5626544570785846	0.41857152619072235	20784	0.2741897252276021	0.2741897252276021	0
0.7582797825012357	1097126	0.5376519071352476	0.5442364139324475	0.4287457714538863	22052	0.2389857872467045	0.2389857872467045	0
0.736035590706871	834578	0.5095869143181416	0.5222586056896081	0.41971428243167397	21038	0.25795252695496423	0.25795252695496423	0
0.7218240237271378	1947568	0.6265692837607788	0.6340799235156119	0.4213685135917939	20186	0.23968917776054355	0.23968917776054355	0
0.7978250123578843	1085998	0.6188397750792946	0.6248913726687816	0.41719666817918505	23536	0.2761446143435395	0.2761446143435395	0
0.870489372219476	1086428	0.5543434911883908	0.5640507548918505	0.4056289258816253	24530	0.2008019614946626	0.2008019614946626	0
0.7364063272367771	1902170	0.6546714570509705	0.6572992508450816	0.4262126471400649	21566	0.27497653387680715	0.27497653387680715	0
0.8697478991596639	1320174	0.4896802776436923	0.49831207274207	0.4250499586906595	26028	0.2073187920320789	0.2073187920320789	0
0.7907810182896688	682970	0.514211658501209	0.5242914883498854	0.39983558992195584	22482	0.2423736341494673	0.2423736341494673	0
0.7738507167572911	627346	0.4783571418389437	0.48817358549129297	0.4009753390230811	21580	0.2599566078703697	0.2599566078703697	0
0.9017548195748888	1190252	0.5731683211630583	0.5824241354707207	0.40890820038602277	26514	0.20363538208329315	0.20363538208329315	0
0.8419426594167079	1077788	0.600220413680172	0.6051417710600168	0.40899357297340005	24814	0.2389672947887298	0.2389672947887298	0
0.6967375185368265	1470096	0.6380538374495179	0.6397029474893708	0.43234019972861953	19932	0.23096221467994119	0.23096221467994119	0
0.7994315373208107	2404652	0.6829795924117531	0.6851473487656049	0.42961013917961655	22916	0.21844373363511463	0.21844373363511463	0
0.819451309935739	3994956	0.6798849535331125	0.6811584235944509	0.4518111832845162	25006	0.12961411151250332	0.12961411151250332	0
0.8431784478497282	1237822	0.6306130485807888	0.634525985602104	0.41081929686805746	23928	0.23210903167107186	0.23210903167107186	0
0.7740978744438952	1327578	0.6197989503005491	0.6263508574406331	0.43425808104431285	22664	0.2556656047587051	0.2556656047587051	0
0.819327731092437	761856	0.5815495334750712	0.5951682241081523	0.38909511462352603	23022	0.28442605576994784	0.28442605576994784	0
0.7613692535837865	1039798	0.5775294278587871	0.5853440044118164	0.4240172855966462	22384	0.29815413516961947	0.29815413516961947	0
0.7782995551161641	1339312	0.5579025788570692	0.565833756569689	0.42581562638741605	21906	0.2557267962198986	0.2557267962198986	0
0.8026445872466634	1982558	0.6615625140914028	0.6645770415236554	0.4341649949006672	24070	0.21100681458806814	0.21100681458806814	0
0.8733316856154226	1139306	0.5108202411090196	0.5210166108664834	0.41058671870740526	25614	0.2199798468649916	0.2199798468649916	0
0.8891497775580821	1078372	0.5680018355455828	0.5745865975654293	0.4045375474489706	24616	0.257131159118291	0.257131159118291	0
0.7738507167572911	1363332	0.6130192147268857	0.6168695138935893	0.4291134690456968	23204	0.2913451139114149	0.2913451139114149	0
0.7436974789915967	887698	0.5955019970359141	0.6044106963022288	0.41337185382560787	20950	0.2801367081798343	0.2801367081798343	0
0.8369995056846268	2354626	0.6379377535351117	0.6417167647179596	0.4410395266525335	25590	0.1631705193642142	0.1631705193642142	0
0.7989372219476025	1688728	0.6100330239794903	0.6139384054873803	0.4322502017354524	24234	0.21823956771234188	0.21823956771234188	0
0.8162382600098863	819426	0.5629258218697051	0.5709409147051715	0.3959231024091953	23634	0.27222261082333876	0.27222261082333876	0
0.8266188828472565	1136454	0.5958403438428282	0.6020286719880003	0.41766149677336095	23966	0.26104525491724084	0.26104525491724084	0
0.8760504201680672	1457968	0.5770642057337457	0.5823717975823198	0.4267529328099256	25676	0.23166747271600144	0.23166747271600144	0
0.7888037567968363	1554194	0.6504075992125982	0.6554434077565897	0.4327130706349891	22662	0.23610853312443478	0.23610853312443478	0
0.8481216015818092	1110940	0.5095768582913653	0.5185149146777555	0.3975172270918177	24128	0.19856126548580078	0.19856126548580078	0
0.8204399406821552	1254758	0.5986224187176733	0.6037144970342551	0.41595781186830266	23226	0.2008551079046285	0.2008551079046285	0
0.8416955017301038	1014110	0.5482845553257657	0.5558842813306822	0.4269647577091506	24748	0.2451523803619535	0.2451523803619535	0
0.7305981216015818	1304336	0.5802461656870203	0.582718720220599	0.43919943206029893	20882	0.3062385672427285	0.3062385672427285	0
0.8416955017301038	1294636	0.5856184799037213	0.5913023696914467	0.40801294833834006	23418	0.21628933689101104	0.21628933689101104	0
0.7226890756302521	1529748	0.6552286258882268	0.657575543823473	0.43040500633172213	21130	0.25404485566123036	0.25404485566123036	0
0.7587740978744439	1016940	0.5537852293988651	0.5603309862497089	0.4325107358953366	22124	0.26741353539021845	0.26741353539021845	0
0.8135195254572417	1326160	0.646334906842714	0.6490629878575352	0.40602377827764696	22978	0.29870505290599364	0.29870505290599364	0
0.7816361838853189	1331360	0.549635044994649	0.5589209593179064	0.42922495757913093	23034	0.1969747945578023	0.1969747945578023	0
0.8070934256055363	2210390	0.5713164227014056	0.575715123270868	0.4248511109925556	24626	0.179365676412676	0.179365676412676	0
0.7512357884330203	1153948	0.5074324085197429	0.5147043800772974	0.4292798303872884	22338	0.20806494039078105	0.20806494039078105	0
0.7441917943648048	1213184	0.6390467408190076	0.642062792984751	0.4217157250287409	21212	0.27669866009049754	0.27669866009049754	0
0.8492338111715274	1098798	0.549729746639714	0.5589429083017093	0.41395777884530033	24418	0.2191809588461531	0.2191809588461531	0
0.8335392980721701	1358110	0.6404998408719359	0.6475408567790368	0.4191675205571832	24162	0.2378892109921106	0.2378892109921106	0
0.7661888284725655	1255782	0.5583092054074831	0.5606589310065805	0.427866043608158	22778	0.2389984205412181	0.2389984205412181	0
0.8592436974789917	2077476	0.639811530692116	0.6470126327748629	0.4068004204923133	24910	0.21704402899607664	0.21704402899607664	0
0.8530647553138903	2757936	0.5910200215162911	0.5950895279347731	0.437072226219176	25526	0.16126292767732778	0.16126292767732778	0
0.7587740978744439	951606	0.6402657649213881	0.6431738532228921	0.42064789458824947	21738	0.30548190804920644	0.30548190804920644	0
0.8310677212061295	2165732	0.5469879711993881	0.5558397223280854	0.44074086892136255	24206	0.20835391904033562	0.20835391904033562	0
0.8366287691547207	2005416	0.6763632712554423	0.6792717481052875	0.4459796694338336	24752	0.2279307443254939	0.2279307443254939	0
0.8400889767671774	1435456	0.5750267826460973	0.5807431965574047	0.43150286540195276	25088	0.24504239602724234	0.24504239602724234	0
0.759268413247652	651652	0.5514037270024136	0.5611256210021154	0.38542796692925735	22364	0.26407890719255134	0.26407890719255134	0
0.8083292140385566	1080876	0.5078470665369723	0.5135088415036476	0.4216137420703372	23992	0.22337220958420387	0.22337220958420387	0
0.8597380128521996	711010	0.5442980360627748	0.5557755506968965	0.390679330093531	24044	0.26044092375295375	0.26044092375295375	0
0.6841324765200198	936958	0.5433780335194242	0.553036990199384	0.4199435582372308	20192	0.23869032441746818	0.23869032441746818	0
0.8687592684132477	2359302	0.6531590631440994	0.6585978523520831	0.4365119010501161	25312	0.22573802268162482	0.22573802268162482	0
0.8546712802768166	1744098	0.5805156280353888	0.5863741430964396	0.42467238028732535	24746	0.2147064282922697	0.2147064282922697	0
0.7965892239248641	1068582	0.6429343712996664	0.6489973772759944	0.4148432632228601	23554	0.2876457640553374	0.2876457640553374	0
0.8536826495304004	2252134	0.6278194402445426	0.6311369952459831	0.43166444859056496	25472	0.22232425830155053	0.22232425830155053	0
0.8386060306475531	2319938	0.6555811048063168	0.6613898061121819	0.4398375641743148	24144	0.21766394317662419	0.21766394317662419	0
0.8415719228868017	1612174	0.6188096639893073	0.6237563539028732	0.42315699836020565	25078	0.20213068498970907	0.20213068498970907	0
0.8419426594167079	627478	0.42294385273027	0.4422086002153331	0.37088757399043293	22520	0.18503234881792122	0.18503234881792122	0
0.8166089965397924	1326238	0.5759415136977494	0.5809491454706907	0.4262767871222528	23686	0.24145787719550935	0.24145787719550935	0
0.8222936233316857	1305060	0.5955866962798919	0.6028337551048053	0.4221651865304111	24056	0.2395921199905611	0.2395921199905611	0
0.8208106772120614	764658	0.5152082016875783	0.5287819009006128	0.410398695038974	23660	0.2562134626473045	0.2562134626473045	0
0.7441917943648048	1634334	0.5372340807464692	0.5430832613530858	0.4410053227521474	21838	0.17767292211767358	0.17767292211767358	0
0.884083044982699	2692984	0.6005905652559731	0.6029848477572674	0.4488512005700718	26404	0.17868302554575696	0.17868302554575696	0
0.8356401384083045	2478844	0.5899643371370892	0.5944738544891608	0.4299779393669616	24266	0.21047878152409752	0.21047878152409752	0
0.856772120612951	1376912	0.5661624312684703	0.5713198357301923	0.4330044694870015	25234	0.23447710315723427	0.23447710315723427	0
0.759268413247652	885150	0.5117773171552636	0.5235914966915908	0.4126803014698948	21954	0.2275391165674876	0.2275391165674876	0
0.7906574394463668	1084754	0.6040127377431838	0.6098915417053968	0.4147481805622999	23008	0.22855827887772592	0.22855827887772592	0
0.814878892733564	1089324	0.42135114759867137	0.4315620408619257	0.40581810254227024	23846	0.16270866464041478	0.16270866464041478	0
0.8521997034107761	1087422	0.5509904073456743	0.5599271334259315	0.4187425465627958	24358	0.2059243379435919	0.2059243379435919	0
0.8808699950568463	701806	0.46894851319623765	0.4865042244357753	0.39442861794466344	24782	0.1937361457149098	0.1937361457149098	0
0.7817597627286208	1129544	0.6079917730354378	0.6158337116092266	0.4122398607258848	23464	0.22080147864130364	0.22080147864130364	0
0.856772120612951	780208	0.5575367515435824	0.5668913972767538	0.4162981360809799	23992	0.30298100077151763	0.30298100077151763	0
0.8221700444883836	2011450	0.5960877820984748	0.5998656144130299	0.41306279501540427	23558	0.1876960752795208	0.1876960752795208	0
0.8073405832921404	3418470	0.6922555339663257	0.6949046917463425	0.4662847209088026	24440	0.18367135292581035	0.18367135292581035	0
0.8416955017301038	1182370	0.6098894892954717	0.6146437580749408	0.4225464258527913	25226	0.29755994593067686	0.29755994593067686	0
0.759268413247652	2811156	0.6519251360961761	0.6562106579623849	0.440316239773219	22512	0.19141817893584165	0.19141817893584165	0
0.7517301038062284	2318678	0.6552687858423942	0.6575792815223639	0.43398292234139624	22058	0.22376073478738492	0.22376073478738492	0
0.8494809688581315	2341736	0.6808747270076204	0.6834056257991495	0.4102954089387951	25052	0.23820182705796578	0.23820182705796578	0
0.7590212555610479	1100128	0.6858268091230283	0.6873734739924061	0.42300320010446746	22640	0.3270827448095465	0.3270827448095465	0
0.8508403361344538	1130978	0.5722689086275029	0.5825236181064442	0.41407385951371006	24516	0.2259134402320446	0.2259134402320446	0
0.7344290657439446	963210	0.47307377203404855	0.48050575608468993	0.40810675339023256	21220	0.212098937727891	0.212098937727891	0
0.7366534849233811	2389816	0.5243673997352992	0.5274796852926179	0.4498110922746767	21902	0.15434400710647217	0.15434400710647217	0
0.7760751359367276	740904	0.6071552786975278	0.6110617082515993	0.40530774703622535	22732	0.2963289661915584	0.2963289661915584	0
0.7512357884330203	1354634	0.5285496809993336	0.5383122407447699	0.4276234519109737	22604	0.18690398815747578	0.18690398815747578	0
0.8053633217993079	1723986	0.6286419992097524	0.6343217520671472	0.4372929550109355	23726	0.2533455107651037	0.2533455107651037	0
0.7933761739990114	2154944	0.6239370890260038	0.6288879304469711	0.43426340480676445	23006	0.25085856041028937	0.25085856041028937	0
0.80548690064261	2418662	0.6184755097850853	0.6214860201392766	0.42610251693832074	23980	0.2065430764648162	0.2065430764648162	0
0.8921156697973307	1771928	0.5876135065253238	0.5931534007466045	0.42198984757175095	26406	0.20711090805352586	0.20711090805352586	0
0.819574888779041	1708716	0.6011673031189141	0.6086961971736554	0.4300702436211352	23856	0.19873437228458182	0.19873437228458182	0
0.772985664854177	1372622	0.5865994370423585	0.5904036099370448	0.4181895243226332	22636	0.20141915773918387	0.20141915773918387	0
0.8117894216510133	1113836	0.5185156219557455	0.5244581347130116	0.40536753819305643	22152	0.2098513528406455	0.2098513528406455	0
0.8839594661393969	1257078	0.5637351778474314	0.5731024039900152	0.41789186160564823	25832	0.24015100202710693	0.24015100202710693	0
0.750123578843302	1286092	0.577039911048228	0.5826558376928977	0.4311779995818186	22234	0.2324652906187468	0.2324652906187468	0
0.7707612456747405	581760	0.5133003018667626	0.5196873332967151	0.3988141490393375	21578	0.2845109369764179	0.2845109369764179	0
0.8162382600098863	2117548	0.6603922610179496	0.6660222201541272	0.42497931288623264	23520	0.3059944342488632	0.3059944342488632	0
0.8264953040039545	1544644	0.6458839492057709	0.6487467256210836	0.42707748807288515	24594	0.24712461646955794	0.24712461646955794	0
0.7738507167572911	1565748	0.6248490472133579	0.6265643975566161	0.444432151071887	23250	0.2553194857645305	0.2553194857645305	0
0.7235541275333663	2234936	0.6918226511075481	0.693441197027496	0.43294607018804926	21430	0.2976844433865685	0.2976844433865685	0
0.7663124073158676	1046200	0.6073911628496258	0.6123583661268792	0.4234517178945986	22588	0.3125037684952939	0.3125037684952939	0
0.7587740978744439	924896	0.5373576773782479	0.5489429062729441	0.41302685427364705	21750	0.24572992734562538	0.24572992734562538	0
0.8268660405338606	878942	0.5918593969920823	0.6019277543302275	0.4196700728617894	23500	0.28933025892058106	0.28933025892058106	0
0.7931290163124073	951366	0.5373608307974038	0.541491752664316	0.4132150523736155	22054	0.26799009519883804	0.26799009519883804	0
0.8115422639644093	820548	0.4533227667643401	0.46883378047486807	0.4135735204049709	23834	0.2263881374970914	0.2263881374970914	0
0.8266188828472565	669084	0.5382434418888892	0.5480401266774444	0.38919152366608406	22590	0.2889741792948555	0.2889741792948555	0
0.8387296094908552	1931030	0.6340734450703993	0.6371777606836028	0.4322703708126085	24734	0.23146920840576543	0.23146920840576543	0
0.8598615916955017	1159326	0.566076400276913	0.5730444696619662	0.4167688730200501	25480	0.26460304824996883	0.26460304824996883	0
0.7623578843302027	713236	0.43004583448832023	0.4446240644074478	0.40247141046376456	20812	0.19686008291751847	0.19686008291751847	0
0.7634700939199209	1030730	0.6394954206595158	0.6440762197144513	0.41557057977282486	21954	0.2810273397405661	0.2810273397405661	0
0.819080573405833	1391062	0.47895348841753876	0.4869702412994472	0.4269775216706493	24090	0.19633658418991193	0.19633658418991193	0
0.7147800296589224	2273034	0.618928780449749	0.6221354388855033	0.43580743616230055	21050	0.1717459599032981	0.1717459599032981	0
0.8203163618388531	754584	0.5127230316518885	0.5277555170728155	0.40080147913605324	23120	0.2588611015940025	0.2588611015940025	0
0.8342807711319822	1168960	0.5314617856575564	0.537541195958044	0.4113846471793982	23928	0.23704896320082244	0.23704896320082244	0
0.7469105289174494	2302348	0.6664512277086082	0.6708336535095603	0.4190545086041524	21780	0.19293448354119247	0.19293448354119247	0
0.8723430548690064	1438984	0.6093339923246878	0.6139362319953509	0.4349464159871527	25836	0.2675566413716987	0.2675566413716987	0
0.6826495304003954	905054	0.647827895426332	0.6516457030293029	0.4254939815181862	19950	0.2832439853835739	0.2832439853835739	0
0.7799060800790905	1034910	0.5734419041950577	0.5856239674373764	0.4304985653896038	22210	0.3131854852435966	0.3131854852435966	0
0.801038062283737	1173668	0.5426346498740949	0.5524876969554436	0.40440246422611903	22972	0.22335966982067287	0.22335966982067287	0
0.7999258526940187	2235094	0.5866155160810482	0.5889022451770989	0.43199522987329114	24202	0.212652682550171	0.212652682550171	0
0.819080573405833	2418218	0.5973534200176838	0.5995647149563224	0.4517226496028614	24552	0.2261700380111145	0.2261700380111145	0
0.8552891744933268	1005122	0.6287142707275591	0.6361913134841268	0.3905358119731785	23998	0.27752162325916596	0.27752162325916596	0
0.8699950568462679	1210804	0.5528783603791417	0.5637280915512864	0.4155545006873212	26042	0.20461108329907338	0.20461108329907338	0
0.7088482451804251	2101470	0.6194511023633095	0.6257814419999058	0.4200499919104814	20318	0.18152838217406977	0.18152838217406977	0
0.8082056351952546	733322	0.5277002709801181	0.5398766405856673	0.3835383442103877	22850	0.2500443217492045	0.2500443217492045	0
0.8733316856154226	749090	0.5633119983354432	0.5747653421222725	0.38399741107192326	24544	0.2711216233757519	0.2711216233757519	0
0.7717498764211567	1399194	0.5917204241812407	0.5950716636719883	0.4399697264718387	22918	0.24491024117953353	0.24491024117953353	0
0.7998022738507168	1998338	0.6301258395469197	0.6348609408054499	0.4137036700546122	23594	0.21562991406573162	0.21562991406573162	0
0.819327731092437	1109708	0.6140644593316555	0.6164505551645688	0.4227527713226291	23598	0.277649017360972	0.277649017360972	0
0.8923628274839348	934852	0.5634255664404269	0.5728119549901236	0.4073115786971135	26148	0.26204023589259007	0.26204023589259007	0
0.7742214532871973	1355738	0.4941292909328216	0.5006980383031351	0.42956872803847673	23178	0.20075126027177936	0.20075126027177936	0
0.8989125061789421	1193548	0.5977217510466352	0.6040776121611278	0.39666293021165816	26040	0.20623772411872623	0.20623772411872623	0
0.8266188828472565	1231436	0.5828975039400629	0.5864793772369609	0.4280499117744298	24374	0.29440606581817325	0.29440606581817325	0
0.8283489866534849	1648320	0.5526620682332034	0.5606761983362202	0.4173151400393977	23614	0.16248774316527173	0.16248774316527173	0
0.6958724666337124	1863564	0.6317347058690287	0.633181338901481	0.43153415988326155	20638	0.22433426969421155	0.22433426969421155	0
0.8690064260998517	1471076	0.5083123094668908	0.5165533776944969	0.4241082530917317	25740	0.21707545550441085	0.21707545550441085	0
0.8116658428077113	1647608	0.5115288496845328	0.5169467621158622	0.44253969935442833	22944	0.1852354325619787	0.1852354325619787	0
0.8494809688581315	909166	0.589933335875284	0.6029220054829324	0.40827819472197896	24830	0.2708622298486576	0.2708622298486576	0
0.8463914977755809	3288066	0.7053979378159868	0.7078022177894486	0.4382091115460131	25614	0.1959998393951052	0.1959998393951052	0
0.8042511122095897	726378	0.5487606310300305	0.5576041134996489	0.4033426480838879	22412	0.25881051687687984	0.25881051687687984	0
0.8355165595650025	2250126	0.6393628097573406	0.6436271770850377	0.44040870711284846	25256	0.2309752012954661	0.2309752012954661	0
0.8699950568462679	1640302	0.554462182819694	0.5620959672420377	0.415160217110345	26434	0.16053256608795521	0.16053256608795521	0
0.8175976272862087	849768	0.5592441598207666	0.5666622487453566	0.4098756410858592	23498	0.293327342195807	0.293327342195807	0
0.796465645081562	1694264	0.5686159514000576	0.5740232243857594	0.4243339250333474	23248	0.1706687355448638	0.1706687355448638	0
0.8120365793376174	1266718	0.6399616012213162	0.6469000893341067	0.4104983880654969	23876	0.21008125551203674	0.21008125551203674	0
0.7527187345526446	2198478	0.6839133876802691	0.68660933524377	0.4406763695846993	22628	0.31404002397401304	0.31404002397401304	0
0.7897923875432526	1700318	0.63319768130735	0.636210114895741	0.4460208807919115	23438	0.26198713994303807	0.26198713994303807	0
0.676099851705388	1289208	0.641088580176446	0.6437827059847356	0.4310202700222748	19738	0.23412402438321908	0.23412402438321908	0
0.7514829461196243	630404	0.6169678567353023	0.6248722067783433	0.3954404422173822	21006	0.3036376621726217	0.3036376621726217	0
0.8040039545229857	1419366	0.6214083222600115	0.6235676110547232	0.4269982317611664	23534	0.24427718660677308	0.24427718660677308	0
0.8135195254572417	1409536	0.5059632083467417	0.514140076379804	0.4373316970642167	24392	0.24283410505162936	0.24283410505162936	0
0.8072170044488384	1622114	0.6251946423347053	0.6271960170198324	0.41659186114814245	22900	0.20626536957846187	0.20626536957846187	0
0.833292140385566	2124574	0.7048132591170014	0.710865940517562	0.423625300169145	24644	0.26563640078286405	0.26563640078286405	0
0.7291151754819575	960980	0.5335812042548739	0.5393208900377837	0.4144069495621501	21158	0.274598580841733	0.274598580841733	0
0.8129016312407316	1571432	0.6136014228295631	0.6173979283456018	0.43209266845729166	23994	0.1901186557145801	0.1901186557145801	0
0.8004201680672269	1425814	0.5713349732589605	0.5825512357950194	0.4359820171440594	23744	0.20119625434161428	0.20119625434161428	0
0.772738507167573	1471734	0.590596609854533	0.592677388330162	0.450763331506486	23548	0.23391680331454248	0.23391680331454248	0
0.861097380128522	1452936	0.6092868773692351	0.614759978798871	0.4304856506235573	24674	0.2807169435326183	0.2807169435326183	0
0.7796589223924864	1323024	0.5746837998728916	0.5804324289903185	0.42927943376530003	22852	0.2544401135459382	0.2544401135459382	0
0.8247652001977261	1672208	0.65579352217592	0.6585274488112284	0.43349746308259546	24812	0.2306962332422926	0.2306962332422926	0
0.8346515076618883	1255930	0.5799558449362759	0.5874687128043221	0.4192320324463137	24532	0.2567214520144904	0.2567214520144904	0
0.782130499258527	1011178	0.5812103859021199	0.5900630586828277	0.4065042619943306	22784	0.24002959172301908	0.24002959172301908	0
0.8543005437469106	1000564	0.5758679544414361	0.581355286660476	0.3968258679886835	23822	0.21697408827136747	0.21697408827136747	0
0.8230350963914977	1521814	0.5942341502722481	0.6003211823450457	0.4364514980460414	24054	0.2461314557669352	0.2461314557669352	0
0.7649530400395452	1939010	0.6415422388840105	0.6422729352160919	0.4568310413694723	23062	0.2041929141983165	0.2041929141983165	0
0.7668067226890756	1133824	0.5987897695075904	0.6023208396816621	0.4308877050164892	21960	0.2542516251427091	0.2542516251427091	0
0.8268660405338606	1358922	0.563832341617351	0.5729878547095316	0.4237824759523669	24416	0.25120968492842266	0.25120968492842266	0
0.796465645081562	1255812	0.5808208087119427	0.5855254544311649	0.4166197549638764	22428	0.23895460373465507	0.23895460373465507	0
0.8344043499752842	1331208	0.5491577749035542	0.5560614696119592	0.4181146540746523	23020	0.17966000294848974	0.17966000294848974	0
0.8551655956500247	792374	0.5384668742120361	0.5496141042221901	0.3973278955556967	24782	0.23268425081852517	0.23268425081852517	0
0.7523479980227386	1004100	0.43912850114474966	0.45053984442160666	0.42183493067630756	22074	0.24473361457986975	0.24473361457986975	0
0.8040039545229857	886184	0.5611044786889918	0.5699369475907023	0.401789775486685	21802	0.26515111082603576	0.26515111082603576	0
0.782501235788433	1020156	0.6213219872049008	0.6273338009776763	0.40377066530777844	22524	0.26359001844520863	0.26359001844520863	0
0.8175976272862087	1053904	0.5926057379867471	0.6005843080888553	0.42307548228222774	23274	0.2526335124662509	0.2526335124662509	0
0.8643104300543747	1036096	0.5410357479213765	0.5520992925659007	0.40624690166048155	25094	0.22976774291750138	0.22976774291750138	0
0.7519772614928324	1688790	0.5462263449417094	0.5504351965038178	0.4292813784052802	22462	0.20196791265996195	0.20196791265996195	0
0.8947108255066732	857458	0.47017558306011126	0.47975152220267625	0.4005354098367879	25462	0.21770876204569248	0.21770876204569248	0
0.7191052891744933	1264624	0.6170480688121546	0.623382381686998	0.43558546279467647	20748	0.26881794345017024	0.26881794345017024	0
0.7936233316856154	1343990	0.5575031901065551	0.5628379992036546	0.42108947068142816	23230	0.26415886569900054	0.26415886569900054	0
0.7603806228373702	3724142	0.6403956358065304	0.6410373553274892	0.4582705233655593	23624	0.1807830875064663	0.1807830875064663	0
0.8344043499752842	969226	0.5670342487981831	0.5789691885700533	0.41897004254935094	24200	0.2738804585106526	0.2738804585106526	0
0.6537320810677212	961234	0.5799300152103849	0.585501251900656	0.4252791379518464	19166	0.2990683772707315	0.2990683772707315	0
0.8210578348986654	755340	0.6169453539083938	0.6228526480586097	0.4016861638563485	23066	0.30310807212325913	0.30310807212325913	0
0.7761987147800297	1960384	0.66028020896369	0.6613592583501149	0.44431492368225406	23166	0.25540738030683624	0.25540738030683624	0
0.8461443400889768	936692	0.522203376105884	0.5339667685181764	0.40933349577037487	23868	0.28568187352920943	0.28568187352920943	0
0.8344043499752842	1890470	0.678740623858132	0.6828495091917071	0.4205871529458882	24718	0.19485317000982794	0.19485317000982794	0
0.8117894216510133	1278816	0.6436069599047697	0.6478643481257448	0.4403559216004131	22972	0.2758562498940925	0.2758562498940925	0
0.8268660405338606	2859772	0.6418883324807536	0.6430793526613597	0.4393202363221183	23978	0.19945412990159103	0.19945412990159103	0
0.7858378645575878	1022800	0.5664588116138257	0.5693251304201287	0.4144642821877553	22940	0.24777237716802328	0.24777237716802328	0
0.8251359367276322	1401646	0.4733326894830196	0.48376865483036396	0.4172433123280869	24176	0.14587413945487837	0.14587413945487837	0
0.8297083539298072	1094416	0.5404008360147603	0.5521446781456183	0.4170200827182547	24418	0.21420636245845368	0.21420636245845368	0
0.8049925852694019	1243224	0.5975203398101473	0.6020024396207361	0.43109431489257516	24578	0.2698866172590821	0.2698866172590821	0
0.75914483440435	1515782	0.5930171382046787	0.5976927975361545	0.42184515479988294	21516	0.192852868095974	0.192852868095974	0
0.7681660899653979	1009218	0.5987772839816053	0.6071804699201858	0.43205504584479987	22816	0.25806243910702725	0.25806243910702725	0
0.8373702422145328	1402694	0.5636172147102899	0.5741213807566276	0.415344507600847	24170	0.21488606087486084	0.21488606087486084	0
0.7590212555610479	1488132	0.5884792181296158	0.5948403395402647	0.4445268756860188	21724	0.2261755504558205	0.2261755504558205	0
0.8570192782995552	1070414	0.545990622649961	0.5535717565311914	0.41715922326660765	25006	0.24879677058207514	0.24879677058207514	0
0.7902867029164606	1302982	0.6918522835368006	0.6959090357223041	0.4254047356168915	23378	0.28935647221908833	0.28935647221908833	0
0.7816361838853189	2382902	0.7025113013501706	0.7041298680430472	0.4284677740922221	22798	0.233177155643306	0.233177155643306	0
0.7289915966386555	1476026	0.6447235240028347	0.6468701354952563	0.4368428239197859	21212	0.2577226849112561	0.2577226849112561	0
0.8628274839347504	969198	0.6138623588694975	0.6205426487755381	0.42456981908558694	24644	0.29115349849057015	0.29115349849057015	0
0.7857142857142857	1859000	0.6315106100822635	0.6355024420711101	0.4335778224013666	22972	0.24187031531370437	0.24187031531370437	0
0.8869253583786456	679684	0.6027926155037269	0.6099120301504096	0.3883094143639699	23622	0.31714719408931263	0.31714719408931263	0
0.800914483440435	899986	0.526778842523309	0.5378339848528709	0.42174212753713064	24000	0.24389340791687777	0.24389340791687777	0
0.7193524468610974	1004290	0.5419194308136329	0.5450693858911284	0.4269085970434583	20600	0.24352886964901585	0.24352886964901585	0
0.7999258526940187	802876	0.4728759265700056	0.48192153676313904	0.4081378772915909	23160	0.1909151489676696	0.1909151489676696	0
0.7766930301532378	1428516	0.6087194055463923	0.6134032838384768	0.41551143531756773	22774	0.18887398126156063	0.18887398126156063	0
0.8645575877409788	1312624	0.5420769342874798	0.5516811384073371	0.42580716899846105	24986	0.17828408266285192	0.17828408266285192	0
0.7666831438457736	1324712	0.5866988921163341	0.5959813249311351	0.42727550340445	22408	0.21933611943551576	0.21933611943551576	0
0.8042511122095897	2042604	0.6843635956798809	0.6853542897174357	0.44475399397722865	24204	0.28011677236104343	0.28011677236104343	0
0.796465645081562	766528	0.6223163357616718	0.6289621654738461	0.40156492222276924	22678	0.2995961520528155	0.2995961520528155	0
0.8643104300543747	1642588	0.5614563684875424	0.5679776458197715	0.43178907195567134	24692	0.20078363903556265	0.20078363903556265	0
0.8737024221453287	1778700	0.5755577739832478	0.5788975459415319	0.43116944747724206	25300	0.19997719252947965	0.19997719252947965	0
0.8279782501235788	1598196	0.6058093141748271	0.6098672416223357	0.433939095615635	24230	0.24807010842312485	0.24807010842312485	0
0.726643598615917	1325870	0.6088712094128765	0.6114144394381287	0.43164254604290053	21104	0.26616683047246575	0.26616683047246575	0
0.796465645081562	952360	0.5991806350219634	0.6078061848466539	0.4171879143067418	22908	0.3057725672731537	0.3057725672731537	0
0.7981957488877904	2141488	0.6170107297351041	0.6194506454952008	0.44238391224797097	23620	0.24324466462242714	0.24324466462242714	0
0.7813890261987148	760248	0.5222613313800468	0.5307426559634267	0.41379682488625397	22412	0.2973314910852655	0.2973314910852655	0
0.8643104300543747	2426304	0.6352336587764827	0.6384405117560368	0.43941158514466094	25628	0.28386901176713414	0.28386901176713414	0
0.7436974789915967	1646986	0.6092877813338496	0.6121477561530312	0.4453333926824204	22592	0.27949978322037317	0.27949978322037317	0
0.7622343054869006	726848	0.5750379128881377	0.5836704525688369	0.4031205733404417	21472	0.30963210619733006	0.30963210619733006	0
0.8536826495304004	1444228	0.6198430198100232	0.625438576511863	0.4289425971842349	25274	0.2536792758586717	0.2536792758586717	0
0.7203410776075136	2284856	0.5608074339870396	0.5636793286354645	0.4430205705437444	21646	0.17554410666163597	0.17554410666163597	0
0.8326742461690558	1063190	0.5790842866537085	0.5892166958156403	0.4148150710450758	24060	0.24906014564489765	0.24906014564489765	0
0.8718487394957983	995144	0.5580465767932791	0.5675409397740656	0.40931980733855755	25958	0.248039874111979	0.248039874111979	0
0.7366534849233811	859422	0.514542573265225	0.5253677198800445	0.4215500270478656	21046	0.2639504117906985	0.2639504117906985	0
0.8489866534849234	1624556	0.6727461521470696	0.6755072664997205	0.42533639744858814	23932	0.2423481562275687	0.2423481562275687	0
0.6895699456253089	2553168	0.6645900484403415	0.6664041685901013	0.4271175774768932	19894	0.20754808186941365	0.20754808186941365	0
0.7440682155215027	1261358	0.6274433797803538	0.6316306506098722	0.42778393008360943	21250	0.27135863162807056	0.27135863162807056	0
0.8725902125556104	1118336	0.6314583769877705	0.6390860551870196	0.40342879534741977	25484	0.2667279621712277	0.2667279621712277	0
0.7823776569451311	1037880	0.6573640818441878	0.6653269082292089	0.4190110246689531	21880	0.3794480860143113	0.3794480860143113	0
0.8266188828472565	1097570	0.5892039747080581	0.5972048296226996	0.3964740204009886	23758	0.21554442994252998	0.21554442994252998	0
0.8040039545229857	1274356	0.6344944316681401	0.6386006661626499	0.41192741403837424	22902	0.2963989053407007	0.2963989053407007	0
0.8869253583786456	2442726	0.6263323282773559	0.6338877916483561	0.4199072284928067	25798	0.19990119714991572	0.19990119714991572	0
0.7801532377656946	1043030	0.6275540590817401	0.6321806507298648	0.42220847172009074	22434	0.26838586071011955	0.26838586071011955	0
0.7907810182896688	862010	0.4686889311635995	0.47764609617072146	0.40977815783023125	23772	0.19193539447875743	0.19193539447875743	0
0.7698961937716263	1200110	0.6222702683747455	0.6272477119856025	0.41123684480854616	22094	0.23628605145335316	0.23628605145335316	0
0.8310677212061295	2419992	0.6398724684802982	0.6456745028002586	0.4454280812525388	25100	0.22800319020167106	0.22800319020167106	0
0.856772120612951	785918	0.5597734219507301	0.572583980670044	0.41116752586857985	24702	0.2885256730672016	0.2885256730672016	0
0.819080573405833	2434812	0.634603779792939	0.638800959212122	0.44322003828447426	24524	0.24190563753325178	0.24190563753325178	0
0.7496292634700938	2541670	0.6837722686059724	0.6847167212366524	0.4329180130821446	21998	0.21279911348290784	0.21279911348290784	0
0.7874443895205141	978686	0.5549973926161019	0.5628516809013215	0.4245320316924894	23542	0.2789212430007481	0.2789212430007481	0
0.8205635195254573	1562302	0.5620001602251573	0.5690855309269987	0.4268306934572856	23496	0.20797858450767615	0.20797858450767615	0
0.7356648541769649	1212430	0.6378421893501082	0.6405402573777754	0.4251093141072961	20866	0.26887396024386806	0.26887396024386806	0
0.7855907068709836	2609010	0.6036761381577888	0.6070984865884764	0.45386455316327173	23526	0.19001679237416402	0.19001679237416402	0
0.7738507167572911	1287918	0.610523329082084	0.6153781195059833	0.422181263445053	22498	0.2703737576906985	0.2703737576906985	0
0.8252595155709342	1365818	0.6161587570693337	0.6242769585961315	0.39756874867377173	23268	0.22849843274247547	0.22849843274247547	0
0.8252595155709342	2724342	0.7213436853654441	0.7220124238627862	0.4375037777682449	25036	0.2361089039430486	0.2361089039430486	0
0.8281018289668809	1352322	0.6398416429315386	0.6452138118887686	0.42120987092768974	23854	0.2805525352826808	0.2805525352826808	0
0.7839841819080573	833530	0.5618293912547286	0.567564211620842	0.41429410011901097	23244	0.25062697754469804	0.25062697754469804	0
0.7889273356401384	771166	0.6160117991910705	0.623971372953472	0.40414992516882436	21902	0.3277578645372881	0.3277578645372881	0
0.819574888779041	1370240	0.6732633367988332	0.6752010411610442	0.40759314900438315	23124	0.2627799546690442	0.2627799546690442	0
0.8738260009886307	1112706	0.5800930613027848	0.5897906059546963	0.41157832135177325	25328	0.22764973921361897	0.22764973921361897	0
0.7530894710825506	1413626	0.5052611216110511	0.5102829724710956	0.4309140458988037	21840	0.17738064316317845	0.17738064316317845	0
0.8419426594167079	1572622	0.606055249565555	0.611020329791492	0.4311322828974466	24122	0.23977322679593718	0.23977322679593718	0
0.7813890261987148	1318908	0.577045383108318	0.5811097177457597	0.4401368947000677	22256	0.2054642636648656	0.2054642636648656	0
0.8508403361344538	1024612	0.5626782754981514	0.5736893763693544	0.39795102622572426	24568	0.22892554638976823	0.22892554638976823	0
0.8132723677706377	2395476	0.5812853612566706	0.5841384178684014	0.44500292389216667	23886	0.2001618441313352	0.2001618441313352	0
0.745180425111221	668242	0.5058892225457189	0.5155909225817268	0.41299640644863106	21216	0.23976483179772992	0.23976483179772992	0
0.8386060306475531	867508	0.5473416487691761	0.5573419932544815	0.4129014476407136	24620	0.2879764344048557	0.2879764344048557	0
0.7949826989619377	705648	0.576438574336275	0.5869686465736482	0.39477626113416925	22342	0.3061338976365781	0.3061338976365781	0
0.7622343054869006	1322996	0.6127718022366287	0.6219079075755951	0.41782978887413696	21450	0.22265654285539574	0.22265654285539574	0
0.8419426594167079	850144	0.5582414309092314	0.56506872588926	0.4087118208620706	24270	0.2997467401372977	0.2997467401372977	0
0.7517301038062284	1054404	0.5926368816414113	0.5991355065088556	0.4184790430304506	22142	0.2350964706965548	0.2350964706965548	0
0.736035590706871	1324926	0.5899439087836528	0.5912102670215567	0.43340266095090046	21696	0.2578007482037502	0.2578007482037502	0
0.7137913989125062	730992	0.6239716840113846	0.6275772886012067	0.41633845309216005	20588	0.3560578193357131	0.3560578193357131	0
0.791275333662877	1648958	0.6415566710693551	0.6433347947367033	0.4315663685904972	22632	0.22506238848134208	0.22506238848134208	0
0.772985664854177	1133164	0.5295092968889412	0.5347272998334696	0.4367443922454526	22178	0.24617682306362468	0.24617682306362468	0
0.7679189322787938	1030638	0.4872002139961024	0.4982281257264349	0.4285809923658082	22358	0.21324942921299184	0.21324942921299184	0
0.759268413247652	1368132	0.5455468020431795	0.5524186746687307	0.4361775234347229	22550	0.25030859313395787	0.25030859313395787	0
0.7891744933267425	714934	0.5178304304521044	0.5284866204462867	0.41860940193893637	22840	0.30405485631125795	0.30405485631125795	0
0.7831191300049432	1930172	0.6612971892896898	0.6644625538157246	0.43380731203308126	23160	0.2583977778654468	0.2583977778654468	0
0.8065991102323282	589986	0.5592138618367359	0.5696380536375802	0.40421359195260204	22884	0.3067918388237472	0.3067918388237472	0
0.865793376173999	1251904	0.6080653293753363	0.6126396766077274	0.407144858073685	25382	0.2157349408079904	0.2157349408079904	0
0.8072170044488384	1650348	0.5697165277109971	0.5753587058480804	0.43509348704292944	23994	0.25932769399461836	0.25932769399461836	0
0.8376173999011369	2394174	0.6259534025125276	0.6314161267312206	0.41221061626187067	24250	0.2253754864395456	0.2253754864395456	0
0.7517301038062284	1567192	0.5294450780902653	0.538051751081812	0.4250988017876991	22398	0.152036784674247	0.152036784674247	0
0.8361344537815126	1070262	0.509788364756201	0.5184832065758025	0.39807193974452976	23644	0.1873421273641189	0.1873421273641189	0
0.819574888779041	2260386	0.6416933457462525	0.6472151328237948	0.432794997676081	23642	0.2476543700657894	0.2476543700657894	0
0.8232822540781018	1293356	0.6265293775322766	0.6342448231530435	0.41826450074179533	23304	0.23161867913559211	0.23161867913559211	0
0.8507167572911518	976868	0.5464418851284466	0.5563028372730046	0.4060647372409398	25286	0.20770353719846735	0.20770353719846735	0
0.7927582797825012	2793926	0.6221344102930692	0.628010931871619	0.44315528367452844	23924	0.16623000193810966	0.16623000193810966	0
0.7198467622343054	616124	0.5043449879884694	0.5139371534534599	0.42023291006166047	20692	0.30749513677435486	0.30749513677435486	0
0.7532130499258527	623212	0.6066710014187925	0.6195382322081204	0.3954870483328061	20494	0.32157245011859364	0.32157245011859364	0
0.8869253583786456	764976	0.5549549323991091	0.5706418117410624	0.38890251898910794	24614	0.2921700501143903	0.2921700501143903	0
0.8016559565002471	609688	0.4955105382161417	0.5131276315630708	0.39793167779229216	22180	0.24113518070898546	0.24113518070898546	0
0.8105536332179931	1131680	0.5956394656593306	0.6002384555686046	0.41042414513921216	23538	0.24916479791402357	0.24916479791402357	0
0.7710084033613446	1064910	0.5256166364227394	0.5321977339658835	0.43478793958193956	22808	0.24590558735047843	0.24590558735047843	0
0.7135442412259021	1292920	0.5466596603195546	0.555255416611035	0.43667371488245527	20738	0.17020314349981225	0.17020314349981225	0
0.8154967869500742	1597690	0.6333337170793497	0.6380707035074596	0.44252436076376944	24032	0.2600968049558296	0.2600968049558296	0
0.7587740978744439	1304614	0.6045444967705462	0.6092285485399996	0.4377994977323196	22232	0.24043024507098257	0.24043024507098257	0
0.819574888779041	1156370	0.5916981048087158	0.5993067106985608	0.43439480169289313	23994	0.29309132320338593	0.29309132320338593	0
0.8355165595650025	1461118	0.6056809562423011	0.6102775625992117	0.4273445365274722	24402	0.22478424589374044	0.22478424589374044	0
0.8040039545229857	1443888	0.5702758749509304	0.5769471872885855	0.43286966224352225	24380	0.24736439818963296	0.24736439818963296	0
0.8281018289668809	1101050	0.6568969039137683	0.664798521898801	0.4124019765750353	23666	0.305027984933138	0.305027984933138	0
0.78719723183391	757460	0.5316796869599383	0.5407220359569977	0.40789494216395866	22782	0.2725575065586538	0.2725575065586538	0
0.7706376668314384	2597838	0.6233016505783259	0.6258373754726153	0.42269665757633884	22614	0.14954495902057993	0.14954495902057993	0
0.8419426594167079	1388700	0.6274320058906447	0.6320972863012557	0.4305012429245118	24396	0.2669909764268058	0.2669909764268058	0
0.7682896688087	1070292	0.5506656026284233	0.5579291010580293	0.42273073410086925	23092	0.23453955465195686	0.23453955465195686	0
0.8868017795353436	972558	0.5491087623495811	0.5586091627160797	0.3901010712063256	25216	0.23136605412322211	0.23136605412322211	0
0.8057340583292141	1069826	0.6041866332201994	0.6087049624123985	0.4246530751269853	23070	0.3115315236105653	0.3115315236105653	0
0.7706376668314384	2391454	0.5315233428816952	0.5354797362093061	0.4504048811229704	23472	0.2137126033456619	0.2137126033456619	0
0.8463914977755809	1359816	0.5786946557137335	0.5862481820104342	0.42850175241799143	24840	0.215158970504567	0.215158970504567	0
0.8682649530400395	1437438	0.6537453624171836	0.6608898430161129	0.4148335166592318	25416	0.25443348605367405	0.25443348605367405	0
0.7782995551161641	1076484	0.5393294229017757	0.5445851364324477	0.4232434660098858	22900	0.24554012728274102	0.24554012728274102	0
0.8208106772120614	1124980	0.5887190739412214	0.5920378728897234	0.40628542788450633	23684	0.25740146291658716	0.25740146291658716	0
0.8314384577360356	1574366	0.6302802600144531	0.632540771637363	0.4217071492855566	24036	0.2801529949416575	0.2801529949416575	0
0.8065991102323282	808384	0.5812169389665657	0.589425600058225	0.3939038491706141	22338	0.2604003134529526	0.2604003134529526	0
0.9095402867029164	1169386	0.625888365837874	0.6354139233289874	0.40317494913159924	26792	0.29001239460943934	0.29001239460943934	0
0.712679189322788	1315098	0.6519645959445134	0.6555960738193937	0.4348977764887216	20798	0.2640280409667915	0.2640280409667915	0
0.796712802768166	933040	0.6136726658677304	0.6183712786244585	0.4209613817998756	23182	0.31859629955048824	0.31859629955048824	0
0.8400889767671774	1317602	0.6218749817587612	0.6280158236028188	0.4143208114492735	23896	0.25842901858453077	0.25842901858453077	0
0.7889273356401384	742000	0.5227414647922647	0.533005360753871	0.4086613225238553	22420	0.25294496886940804	0.25294496886940804	0
0.879387048937222	1138974	0.5535851263768151	0.5641406600917624	0.4068575320598564	25910	0.26721455591976867	0.26721455591976867	0
0.8088235294117647	1202590	0.5235145457309619	0.5322778603227836	0.42539682215729197	24296	0.21332419582093956	0.21332419582093956	0
0.7878151260504201	906998	0.5503343437939886	0.5589978320254223	0.4163936129795203	22788	0.25537124588512033	0.25537124588512033	0
0.7690311418685121	980020	0.5764734869655249	0.5836164312769162	0.4146343427040993	22324	0.2523393398081474	0.2523393398081474	0
0.8192041522491349	997502	0.6127428330218744	0.6197392153837986	0.4236771675047264	24130	0.29848453549930887	0.29848453549930887	0
0.7690311418685121	1096714	0.6012919373616974	0.6074084854751249	0.4230225267667231	22706	0.30833456435138507	0.30833456435138507	0
0.8068462679189323	1377922	0.6419266771613581	0.6463214158874986	0.42371582708073424	23352	0.24131054332228596	0.24131054332228596	0
0.8341571922886801	2626840	0.671162019339445	0.6745355063542915	0.4252469758223623	24494	0.22290854283199843	0.22290854283199843	0
0.8252595155709342	1681618	0.6347505508400656	0.6404703072499506	0.44006638952842914	24398	0.2291974428504465	0.2291974428504465	0
0.7507414730598121	1299590	0.6100859629759	0.6132192592631327	0.4286574473365643	21946	0.2499371437280187	0.2499371437280187	0
0.8451557093425606	1127348	0.5728897849196509	0.5818175994884739	0.4131589039600954	24812	0.23336695840697777	0.23336695840697777	0
0.8431784478497282	1238238	0.5586226040742067	0.5700616416923378	0.41941967533939645	24444	0.21927291786661374	0.21927291786661374	0
0.8042511122095897	731922	0.6327680009610812	0.637887852115416	0.39553210795303023	22714	0.3202503165950576	0.3202503165950576	0
0.6401384083044983	1186072	0.5971778732936482	0.6022608839790494	0.445885046494845	19228	0.32518341572345394	0.32518341572345394	0
0.7512357884330203	970544	0.5309344705109416	0.5366915832393286	0.41503793851311027	21276	0.21244903600327059	0.21244903600327059	0
0.8061047948591201	2609762	0.6331674840701955	0.6371578402354862	0.4385505113909074	24526	0.20351105882014917	0.20351105882014917	0
0.796712802768166	1242906	0.6282497608190544	0.6350230350424958	0.41014811669935214	22590	0.2477145674037006	0.2477145674037006	0
0.8341571922886801	1043116	0.605291438057185	0.6116553798612653	0.3975854771907077	23844	0.24376463658530337	0.24376463658530337	0
0.7215768660405338	1541054	0.5694479358591575	0.5736662845364672	0.4432529290308949	21204	0.2158049744410894	0.2158049744410894	0
0.6904349975284232	1089528	0.6147980538759631	0.6179811242237877	0.41559808979257046	20220	0.23202328611990877	0.23202328611990877	0
0.7140385565991103	2230224	0.6486892060640659	0.6519171918705434	0.42857795008114125	20894	0.2851711952399988	0.2851711952399988	0
0.8266188828472565	891348	0.6115527237878479	0.6198800282765625	0.40891302418052516	24074	0.3434064794113128	0.3434064794113128	0
0.80548690064261	711194	0.6232963731512757	0.6302380039381063	0.39121630567113613	22174	0.3175119898387722	0.3175119898387722	0
0.8084527928818586	1479948	0.5839511327149356	0.5901705467123873	0.4423358114384383	24410	0.22774501168796457	0.22774501168796457	0
0.8340336134453782	1306014	0.5884567437511213	0.5972949547222828	0.41767390043113406	23712	0.22466649411155962	0.22466649411155962	0
0.7663124073158676	965318	0.46893397826354316	0.484086539942131	0.41927324300065033	22508	0.18317560565024996	0.18317560565024996	0
0.8416955017301038	1483410	0.5076580535753881	0.5164002378022935	0.4297233057683922	24938	0.20978245621649816	0.20978245621649816	0
0.8266188828472565	938284	0.5418576160938341	0.5530098939984011	0.41096463747841744	23262	0.25880488804622953	0.25880488804622953	0
0.7904102817597627	1800522	0.6652119464934273	0.6721096136871724	0.41322516619419	21788	0.18424491426319767	0.18424491426319767	0
0.819327731092437	1038948	0.5641320660428919	0.5682077172627874	0.41553543542869464	23996	0.253225569669163	0.253225569669163	0
0.8419426594167079	768376	0.562383072830968	0.5721095409674436	0.39973885658346336	24080	0.2781766820469356	0.2781766820469356	0
0.7514829461196243	969656	0.6126620462090465	0.6148470949965791	0.4190470808499665	21878	0.33153523521960865	0.33153523521960865	0
0.8944636678200693	879690	0.44805112250033	0.45756442606338926	0.4033276060366116	25450	0.1967374486615583	0.1967374486615583	0
0.759391992090954	1052630	0.6268665937594075	0.6323591333169326	0.4050419006709798	21636	0.24451692047160303	0.24451692047160303	0
0.8158675234799803	1606870	0.5908726489626098	0.5973627397864892	0.4446528306587552	24708	0.24538146937210337	0.24538146937210337	0
0.7740978744438952	1427798	0.537383470739181	0.5435432850031484	0.4421120431396944	22740	0.21813156953930712	0.21813156953930712	0
0.8341571922886801	1072678	0.5709232710411272	0.5785750827027842	0.41290576455802114	23448	0.28297153389154234	0.28297153389154234	0
0.8389767671774593	1049822	0.5426190495803253	0.5565518510626563	0.4134030009539554	23880	0.187480626991836	0.187480626991836	0
0.7858378645575878	1199554	0.607220831908022	0.6150388332798788	0.40956750642054546	22224	0.23460247291969646	0.23460247291969646	0
0.8211814137419674	2163350	0.5380754293833169	0.5447231330781112	0.423697494779623	23738	0.16090006779974667	0.16090006779974667	0
0.8084527928818586	982552	0.5366254090240588	0.5481239236983996	0.3966339259859233	23028	0.1913386089471939	0.1913386089471939	0
0.7889273356401384	774360	0.5630686187528581	0.5719863911423068	0.42058670679802934	22720	0.31615925628734426	0.31615925628734426	0
0.8049925852694019	1230052	0.6411164806615456	0.6470536612513634	0.4193486513401494	23854	0.26852981370587187	0.26852981370587187	0
0.680548690064261	1369174	0.6101952819823911	0.6112027889188454	0.4477384162634055	20508	0.2652947438369066	0.2652947438369066	0
0.675852694018784	1875892	0.6369103594685829	0.6426114532203777	0.4339979400347566	19818	0.2621668199176556	0.2621668199176556	0
0.7104547701433515	2587504	0.6144874194974194	0.6163481350659129	0.4554564351161486	21130	0.2584787558069425	0.2584787558069425	0
0.81463173504696	727948	0.5380069818111641	0.5466865550916252	0.39999281555825456	22764	0.24018475115529273	0.24018475115529273	0
0.7932525951557093	1329786	0.6447346659778219	0.6519412698001907	0.4298685835070373	23620	0.29062145497992936	0.29062145497992936	0
0.763964409293129	1920568	0.6284474870703382	0.633991247794028	0.42349683457082316	22170	0.2639676016435467	0.2639676016435467	0
0.6749876421156698	631084	0.5614214511178005	0.5676038510109546	0.41066056444730226	19888	0.31316916562556735	0.31316916562556735	0
0.7214532871972319	1591526	0.6062741745767638	0.608171527522946	0.450384995567835	21524	0.23473465285507125	0.23473465285507125	0
0.8189569945625309	2312604	0.6395075922437466	0.6435301184910456	0.42756989949613944	24058	0.21844714015914693	0.21844714015914693	0
0.8446613939693525	2228084	0.6218538653880178	0.6265089940801247	0.43097521871606176	25448	0.23846913382850368	0.23846913382850368	0
0.8625803262481463	1301994	0.6436563735295607	0.6458935595602829	0.42927671116529015	24640	0.2829863665629598	0.2829863665629598	0
0.8235294117647058	1187922	0.6392653828288816	0.6432860857458426	0.41845971219298445	24422	0.270780013789594	0.270780013789594	0
0.8266188828472565	1998162	0.6154436653527159	0.6170820977064225	0.4435710246229643	24602	0.2121664637629952	0.2121664637629952	0
0.819080573405833	550020	0.6091949331621587	0.6192861758104024	0.3867750685745708	22826	0.3437383935304141	0.3437383935304141	0
0.8496045477014336	1703230	0.6302881876193062	0.6335965447893389	0.43988313440932897	25938	0.22845213459506	0.22845213459506	0
0.7889273356401384	1039754	0.5658911010907589	0.5728875154788481	0.4216542808308709	23346	0.3152086776675901	0.3152086776675901	0
0.7968363816114681	1374224	0.5448200108081408	0.5530387367625073	0.39756139555101616	22572	0.17730184502655968	0.17730184502655968	0
0.8073405832921404	984404	0.5973170300219717	0.6044297987632362	0.40755460127244697	22330	0.2621422016125923	0.2621422016125923	0
0.8205635195254573	2100800	0.5797821953040926	0.588771625708684	0.4236202158714435	23872	0.1910412676527866	0.1910412676527866	0
0.8416955017301038	1696582	0.6317845586888428	0.6371785011320161	0.4299517213773447	24652	0.2326103975233752	0.2326103975233752	0
0.8494809688581315	998990	0.6050061788295401	0.6134705746855296	0.41053158511394167	23838	0.29307417800432894	0.29307417800432894	0
0.8497281265447355	970188	0.5894917491250276	0.5986531668345988	0.38569814987669937	22822	0.24903334954556056	0.24903334954556056	0
0.7977014335145823	932440	0.5452638536574496	0.5548560787239456	0.41021278718732	23018	0.23962647630961606	0.23962647630961606	0
0.8570192782995552	1607446	0.5946177121739155	0.5988175210091038	0.4369829217864223	24788	0.23214927386974626	0.23214927386974626	0
0.856648541769649	1608676	0.6014636570243839	0.6064089465749027	0.4347102353000009	25400	0.17429897467016267	0.17429897467016267	0
0.8394710825506673	1240036	0.6345680804836521	0.6394011783541643	0.4111344579636748	23216	0.2947341285471505	0.2947341285471505	0
0.8397182402372714	1031948	0.5999020360198427	0.6011353749328825	0.40618105825912143	23732	0.2808238540941633	0.2808238540941633	0
0.7747157686604054	1233258	0.7036546806787576	0.708224075384244	0.4293789083458845	21436	0.27679395730976836	0.27679395730976836	0
0.7745921898171033	1249048	0.6061791768094681	0.6106746595744458	0.40371455810999085	20722	0.26453884116546755	0.26453884116546755	0
0.8423133959466139	1335728	0.5491084608905928	0.5580761786116676	0.42131522635448354	24294	0.251204633923599	0.251204633923599	0
0.8643104300543747	1026008	0.585629683359299	0.5932144769906164	0.39541984837387667	24374	0.23021771230271826	0.23021771230271826	0
0.8803756796836382	1585670	0.5455358565318582	0.5538943274684515	0.41958255454426263	25038	0.22867708218484598	0.22867708218484598	0
0.8828472565496787	775046	0.572231966275191	0.5825734127087464	0.4065109979308032	25502	0.2988727529348996	0.2988727529348996	0
0.8489866534849234	1440432	0.639444264283422	0.6485481293099568	0.40693296895860837	24032	0.21688251457292318	0.21688251457292318	0
0.8028917449332674	1660722	0.6205049168051202	0.6275795023920848	0.43802698941249796	23970	0.2311347514047727	0.2311347514047727	0
0.7889273356401384	612518	0.5279285463726665	0.5368349949258362	0.4022392940717842	21892	0.286474844510515	0.286474844510515	0
0.7512357884330203	950234	0.5808280825462301	0.5847584203346232	0.4073826725473429	22004	0.23975521313212925	0.23975521313212925	0
0.7584033613445378	782466	0.6031754131084468	0.607552890729766	0.4113508633548541	22288	0.2890315236264292	0.2890315236264292	0
0.8416955017301038	1114586	0.6314843558950207	0.636894232314716	0.42051854692508434	24760	0.3052763189737782	0.3052763189737782	0
0.7889273356401384	1647274	0.5886639314980077	0.5924865763313126	0.43846643634948484	23656	0.24186999398221265	0.24186999398221265	0
0.749876421156698	1273700	0.5447678981372924	0.5502463932955922	0.42714433804462654	22338	0.2302757566791316	0.2302757566791316	0
0.7759515570934257	660684	0.5079387118405675	0.522836757539295	0.39806758937143255	21484	0.26744783311508497	0.26744783311508497	0
0.7842313395946614	2974756	0.6786480206067794	0.6803503283853024	0.4473656319817523	23042	0.206558645956509	0.206558645956509	0
0.819080573405833	1334010	0.610557549473091	0.6147743016670347	0.42879260144182635	23856	0.256919489861443	0.256919489861443	0
0.8324270884824518	1131582	0.568052236621618	0.5748593076460978	0.41658281925486457	23662	0.23296187988428774	0.23296187988428774	0
0.7506178942165102	1979766	0.6397321879046399	0.6445963085128875	0.4445480729442472	22154	0.2147322034159865	0.2147322034159865	0
0.7566732575383095	1295554	0.642783716351469	0.6454633723785104	0.42845557973896226	22044	0.261691323618599	0.261691323618599	0
0.8587493821057834	1648352	0.6107781765837111	0.6160394837576197	0.42636296800535645	25168	0.24460420584287365	0.24460420584287365	0
0.717745921898171	896304	0.5926267226273022	0.5953535368196818	0.42288898998384544	20640	0.303212033784119	0.303212033784119	0
0.865546218487395	1117662	0.5690585498356299	0.5748286423773329	0.42362469376010564	24294	0.22854691636112867	0.22854691636112867	0
0.8643104300543747	1464038	0.6546493327309283	0.6616068833283779	0.418508805678043	24154	0.24898463346907204	0.24898463346907204	0
0.7888037567968363	2359850	0.6471358989528951	0.6492255045578447	0.434465937671775	23356	0.23139471738220455	0.23139471738220455	0
0.7542016806722689	672022	0.5390104094912517	0.5463654152338268	0.4166047157437074	21764	0.3022703211597888	0.3022703211597888	0
0.7571675729115175	2368494	0.7011061176285077	0.7023454054018322	0.4420596431353389	22202	0.3118301634931778	0.3118301634931778	0
0.819574888779041	785346	0.5645789362137281	0.5774478311146114	0.39777219350856896	23936	0.2610813029691251	0.2610813029691251	0
0.6909293129016312	974304	0.6251580775291204	0.6326686574789318	0.43064418176046004	20128	0.3302509598754908	0.3302509598754908	0
0.7948591201186357	2194752	0.6779313302900962	0.6815600674299365	0.4200973461505133	23134	0.19842893621293875	0.19842893621293875	0
0.8478744438952052	2126284	0.6256658323818138	0.6353601456251927	0.41705346393994486	24466	0.22937225188598465	0.22937225188598465	0
0.7787938704893722	2226518	0.6208619460273935	0.626094660785597	0.4291250524739157	21940	0.24844850262265025	0.24844850262265025	0
0.8084527928818586	1131996	0.5734327441508013	0.5791314645802291	0.411693047369354	23044	0.23575945399505838	0.23575945399505838	0
0.7691547207118141	1309810	0.5853403139711345	0.5917052429539839	0.42650596149879855	22990	0.20722726368271427	0.20722726368271427	0
0.8493573900148295	1384754	0.5814096696411318	0.5895441795264845	0.4081779978031847	24172	0.20981655375750188	0.20981655375750188	0
0.6971082550667326	2288928	0.6227026069045398	0.6249832584732705	0.43652981962488546	20930	0.2223883851185449	0.2223883851185449	0
0.8403361344537815	1371342	0.6058300000906092	0.610353056525152	0.4095022801992978	24428	0.2083470940987091	0.2083470940987091	0
0.8520761245674741	1478198	0.5727230893482188	0.5772460633697414	0.42553550926676925	25096	0.19398168410133443	0.19398168410133443	0
0.8772862086010875	1099848	0.5852787975787	0.5918510873559363	0.4145556041664607	24990	0.24835330635549668	0.24835330635549668	0
0.7913989125061789	1272526	0.6217898721471454	0.6262935994135493	0.4240545102085285	23250	0.2664644074534722	0.2664644074534722	0
0.856772120612951	1369566	0.5480081330674277	0.5564841857257052	0.42134013042578095	24836	0.20786432717371295	0.20786432717371295	0
0.7439446366782008	996396	0.6174193300147754	0.6216374743003378	0.4093966567220415	21310	0.2890460719202182	0.2890460719202182	0
0.8189569945625309	1319866	0.5811293317048466	0.5878501093315058	0.4253989803100175	24536	0.23134265481442526	0.23134265481442526	0
0.8042511122095897	1893638	0.6406109089484137	0.6421858515743742	0.44715659578576367	24240	0.22370857489890386	0.22370857489890386	0
0.7894216510133465	1266138	0.5628412053644918	0.5699155848173855	0.43714901788227917	23536	0.2636286177891001	0.2636286177891001	0
0.8250123578843302	1726176	0.5662782699811504	0.572308182434573	0.42022537180589215	24238	0.20440622422857244	0.20440622422857244	0
0.7055116164112705	1254668	0.6156762858121563	0.61691934459861	0.4363396426663644	21034	0.27514220777993253	0.27514220777993253	0
0.7677953534354919	968984	0.5250480623992557	0.5336792443006102	0.4172231094008847	22534	0.2337129183900065	0.2337129183900065	0
0.7768166089965398	2749258	0.664285570419233	0.6652190908315272	0.43305820675650136	22858	0.2557409919323915	0.2557409919323915	0
0.8072170044488384	1022462	0.5807595737381214	0.5897078503841294	0.4161005004828359	23648	0.2931747654844586	0.2931747654844586	0
0.8042511122095897	1090446	0.6284908486427884	0.6366909737738394	0.42511054510656443	23838	0.30855301932177354	0.30855301932177354	0
0.7649530400395452	1329568	0.541472721761357	0.5476039868860799	0.41941483156399184	22242	0.24756572689843437	0.24756572689843437	0
0.7617399901136925	755420	0.4675026300252607	0.47474121717666823	0.3991316708867267	21782	0.21159003437262014	0.21159003437262014	0
0.7707612456747405	1495984	0.6235334482253748	0.6284909869613403	0.4291382989458068	22692	0.2642364396814742	0.2642364396814742	0
0.7235541275333663	591540	0.5456397071167347	0.5530160608996707	0.391705719722957	19738	0.3397932162662442	0.3397932162662442	0
0.8388531883341572	753934	0.5504988021014857	0.5598366401018467	0.3907133003164338	23782	0.24513243234661286	0.24513243234661286	0
0.6549678695007415	555876	0.5056791261692228	0.5124057615968678	0.4035279043840825	18296	0.3159909925624382	0.3159909925624382	0
0.759268413247652	1061290	0.5788093247925065	0.5852798486961889	0.41802815153597667	22306	0.26439448410777694	0.26439448410777694	0
0.8130252100840336	2389000	0.6628709626534849	0.6650109181366007	0.44903825785553786	24004	0.2069750854223319	0.2069750854223319	0
0.7124320316361838	897708	0.6272454736076536	0.6294000861693824	0.43232970333888127	20346	0.24982953868975685	0.24982953868975685	0
0.8660405338606031	3417420	0.6774734274064375	0.6788089682179027	0.4254783131351105	25938	0.23915526692503686	0.23915526692503686	0
0.8042511122095897	1325032	0.5983409593803707	0.6050663840298646	0.4376399521685641	23820	0.2422063257846779	0.2422063257846779	0
0.8550420168067226	1708848	0.6546124380375958	0.6590634678309814	0.42274034776608693	25140	0.23748211358950902	0.23748211358950902	0
0.8525704399406822	1684446	0.6280207627212244	0.6341529372690868	0.4334975085722219	25160	0.23525037837181692	0.23525037837181692	0
0.8944636678200693	726868	0.5951292110398686	0.608492394782965	0.387987737151882	24422	0.28796030960029334	0.28796030960029334	0
0.7752100840336135	1251056	0.5756358412471257	0.5836283826635748	0.41812272163749337	22086	0.2749743511419904	0.2749743511419904	0
0.736159169550173	652116	0.503826686886493	0.5103493373089883	0.4166549380026232	20384	0.24036635640250056	0.24036635640250056	0
0.8110479485912012	871884	0.5844687377427719	0.5992959000271669	0.40788883075735005	23474	0.28782729541343816	0.28782729541343816	0
0.7645823035096392	1916040	0.6532203151221264	0.6598549337212779	0.4125656482962016	22228	0.20668288861979847	0.20668288861979847	0
0.7816361838853189	1420762	0.5427200339787308	0.5491282043304659	0.4384536493898599	23844	0.20759835377738597	0.20759835377738597	0
0.8141374196737519	1269896	0.5905926292156798	0.5951041673915904	0.4251559911368728	23464	0.26030137988771823	0.26030137988771823	0
0.7445625308947108	1563474	0.6294174149270252	0.6329022808861682	0.44294224547707167	21352	0.2619403428595121	0.2619403428595121	0
0.8492338111715274	1007766	0.5428811468876775	0.5541299836999654	0.41216564032769426	24078	0.25303223993820434	0.25303223993820434	0
0.8162382600098863	2406500	0.6647404571802757	0.6672033634442683	0.43202625693054436	24412	0.24111851056722677	0.24111851056722677	0
0.8171033119130005	828470	0.5524883756860335	0.56592376401005	0.3921462889013509	22858	0.2261304904430024	0.2261304904430024	0
0.7328225407810183	1188782	0.6360687098422473	0.6417640496208918	0.43856860167675255	22116	0.32375956787711785	0.32375956787711785	0
0.8043746910528917	1258796	0.5686600385687847	0.5735335299745457	0.4180792944257024	23776	0.27326317801572336	0.27326317801572336	0
0.8314384577360356	1279054	0.5744878656351216	0.5827834624496107	0.4251853989543111	23186	0.2637254873252958	0.2637254873252958	0
0.819080573405833	844858	0.5765495713529761	0.5847875761702265	0.4044292172979575	23656	0.2798904927626206	0.2798904927626206	0
0.7909045971329709	1620288	0.5985633999125098	0.6011663246286401	0.43673360743300976	23038	0.2607258470999994	0.2607258470999994	0
0.796465645081562	715080	0.5179490040053635	0.5251488726038779	0.40296990276538974	22318	0.26746108751379755	0.26746108751379755	0
0.7480227385071676	1740456	0.6393417378685536	0.6417377854345577	0.4462121156300096	22874	0.2260655964610474	0.2260655964610474	0
0.7889273356401384	1780374	0.6014171273792891	0.6034150711534186	0.4344046040010792	22600	0.20903405946263218	0.20903405946263218	0
0.819080573405833	1639610	0.6063597525307313	0.6099531959906944	0.42486137874472946	23848	0.18988285507622038	0.18988285507622038	0
0.7891744933267425	742606	0.618273365442861	0.6268596591501249	0.4098224545069773	22716	0.32566310132678494	0.32566310132678494	0
0.8236529906080079	1356186	0.6366963827103345	0.6420141921551376	0.4248701776762962	24218	0.2570313402001327	0.2570313402001327	0
0.8068462679189323	1379500	0.6320073839860019	0.636031498170562	0.4253507526554414	23652	0.23860238624133065	0.23860238624133065	0
0.8434256055363322	1413426	0.6217715907155194	0.6249866866129989	0.42495694873159956	24536	0.2263897435749479	0.2263897435749479	0
0.7883094414236282	1072460	0.47963074476414086	0.4926723976528075	0.4030183251929261	22674	0.2385765273672054	0.2385765273672054	0
0.7585269401878398	1536788	0.6485848330381279	0.650895132773552	0.44399585015396575	22888	0.313667819611111	0.313667819611111	0
0.8337864557587741	1253796	0.5816728703586688	0.5931663303269302	0.4232158917452704	23236	0.22271735259549608	0.22271735259549608	0
0.8082056351952546	1070684	0.5642765539928349	0.5722381064596884	0.41928653556836276	24434	0.23553016978332808	0.23553016978332808	0
0.8492338111715274	693814	0.43421860485792746	0.45017294869872865	0.3891278468842669	23642	0.19152177314025629	0.19152177314025629	0
0.7465397923875432	1304704	0.5085054326592133	0.5138893480918874	0.4210470559142314	21448	0.18759808383501453	0.18759808383501453	0
0.7918932278793871	719754	0.5507321762274567	0.5606017889721028	0.41267673357024165	22916	0.2485807556166281	0.2485807556166281	0
0.7750865051903114	1103748	0.538161152109292	0.54417478671612	0.4187019913478239	22454	0.23091856000191538	0.23091856000191538	0
0.8112951062778052	1415808	0.6317773968783736	0.6378402522984647	0.43802404996014577	24430	0.29002078029828565	0.29002078029828565	0
0.759268413247652	2809572	0.6223451620000758	0.6280880552059667	0.4450722232821473	22862	0.20637579557650773	0.20637579557650773	0
0.8281018289668809	1441010	0.5263083189485277	0.5353393903894939	0.4346750610988464	24398	0.19144830477300015	0.19144830477300015	0
0.865793376173999	806872	0.5887142264642132	0.5990328710192926	0.39145591084975156	24498	0.2822031176695675	0.2822031176695675	0
0.8281018289668809	1058228	0.622987970860235	0.6267072944460482	0.41690665564361157	23936	0.315236219523844	0.315236219523844	0
0.8252595155709342	1107862	0.531065303746524	0.5427000337224975	0.41510625754228414	23808	0.18207540656769597	0.18207540656769597	0
0.7739742956005932	1187652	0.5969648777032727	0.6008025681110464	0.42639512452527434	21254	0.23503040731717437	0.23503040731717437	0
0.7889273356401384	1127334	0.5256406157135145	0.5328486431617024	0.4223271507064845	23116	0.229820391511011	0.229820391511011	0
0.8040039545229857	650482	0.6294801806100344	0.6361178633852638	0.38844528907718434	22308	0.3355530188519836	0.3355530188519836	0
0.7797825012357884	1322842	0.6275564870927243	0.6326450509739859	0.4262012136843351	22668	0.2738738008294761	0.2738738008294761	0
0.7286208601087494	2024246	0.5542364066729718	0.5570667463650144	0.4146448092642259	21722	0.19336244946463435	0.19336244946463435	0
0.782871972318339	1632732	0.5725811217632252	0.5759944771986077	0.4389998039375331	22736	0.2502410561515103	0.2502410561515103	0
0.8208106772120614	1233622	0.5899015187255249	0.5953159047973201	0.42055498318375256	24030	0.2789365865692404	0.2789365865692404	0
0.727014335145823	1037406	0.57394724414787	0.5817064122917447	0.42906270391910256	21258	0.28932947774746826	0.28932947774746826	0
0.7712555610479486	1145138	0.6258283657126266	0.6350616448994919	0.41936600634731475	22326	0.26236883274426925	0.26236883274426925	0
0.7210825506673257	871646	0.6385661270923555	0.6410270182552141	0.40857053649221675	20802	0.26462149924577416	0.26462149924577416	0
0.8809935739001483	1068272	0.6077094125335094	0.6171816018070114	0.407304505014139	25500	0.2709337199954654	0.2709337199954654	0
0.7569204152249135	1289334	0.6722976483407521	0.6760796413421141	0.4319301594469233	21890	0.31670981235747725	0.31670981235747725	0
0.8337864557587741	1357524	0.5672478717135937	0.5732445450342443	0.42741041159366855	23914	0.2295309194849348	0.2295309194849348	0
0.7647058823529411	968378	0.5676534297169104	0.5764899938427991	0.40989252375965823	22368	0.23190341272143877	0.23190341272143877	0
0.7690311418685121	1722190	0.6643666867211947	0.6670648162622514	0.44661987445872686	22882	0.3022496548649635	0.3022496548649635	0
0.6752347998022739	944594	0.5458633616677172	0.5550344895202041	0.4093388453524633	19510	0.22613440923604966	0.22613440923604966	0
0.8205635195254573	1252450	0.5449439927591707	0.5536164999959304	0.4261459245581449	24476	0.22930794312320193	0.22930794312320193	0
0.7167572911517548	1425554	0.6588696006013108	0.6613003431017689	0.4355267402038601	20826	0.28787819630125183	0.28787819630125183	0
0.699456253089471	1150886	0.712659506228685	0.7154929076062059	0.41156254469899406	19296	0.34076160562604746	0.34076160562604746	0
0.8416955017301038	1094236	0.5931104696058619	0.5970982454032904	0.41811493993257626	24504	0.249788694516042	0.249788694516042	0
0.8022738507167573	868810	0.5299067522467936	0.5415064308768057	0.3976459923389845	22844	0.23652131579037686	0.23652131579037686	0
0.7890509144834404	1282604	0.637958595101671	0.6433375945556927	0.4195683441963291	23164	0.27004379036764475	0.27004379036764475	0
0.819080573405833	1686166	0.5456105015831972	0.5496585470199379	0.44454901625628157	24068	0.28379800210628986	0.28379800210628986	0
0.7769401878398419	1028742	0.5563701836725691	0.5622165154448929	0.41941026834385076	22474	0.2396109390630934	0.2396109390630934	0
0.7071181413741967	1208164	0.6671975549126534	0.6692537699306346	0.4302117262372271	20676	0.3183576400887603	0.3183576400887603	0
0.7927582797825012	1757496	0.6016786700852066	0.6063237278394021	0.43547081971071644	23644	0.20494548161666537	0.20494548161666537	0
0.7539545229856648	822632	0.5621130516423378	0.5731851083718295	0.422589297540807	21692	0.2998468458319193	0.2998468458319193	0
0.8823529411764706	872876	0.553496932515264	0.5608196503119317	0.40097868744752846	25856	0.2538808192643182	0.2538808192643182	0
0.7378892733564013	2295298	0.6854533227208743	0.6860207457663617	0.44103190543072524	21934	0.2959923095507622	0.2959923095507622	0
0.7289915966386555	928632	0.5884106086574169	0.5967893067571217	0.399527810154426	20702	0.24271040758834594	0.24271040758834594	0
0.8220464656450815	953874	0.5466834805062811	0.5564720052879465	0.4128837434002673	24378	0.24038956289476207	0.24038956289476207	0
0.8129016312407316	2804432	0.7035911973014413	0.7035366063352617	0.43714470452199256	23980	0.22213632722098428	0.22213632722098428	0
0.7801532377656946	1297602	0.5782284717568665	0.5828411047968816	0.4306391215686405	23134	0.2436324081656999	0.2436324081656999	0
0.8023974295600593	1116662	0.6034031064830568	0.6093279564124148	0.4199828569960746	23106	0.2890583527987916	0.2890583527987916	0
0.8040039545229857	1488254	0.6089932668677064	0.6178115562783252	0.42218762766223966	23912	0.23939468230670188	0.23939468230670188	0
0.7423381117152743	779814	0.5428541776971191	0.5552183643055267	0.412352290821094	21866	0.29571803455343176	0.29571803455343176	0
0.7004448838358873	514318	0.5548212077975682	0.5611901612171124	0.3904066013633966	19050	0.28043869516312153	0.28043869516312153	0
0.7943648047454276	1544850	0.6182230316421004	0.6239330516499624	0.43931572755744197	22424	0.25813281980782904	0.25813281980782904	0
0.8583786455758774	1278344	0.6247205575059999	0.6296898005382305	0.4171418625204298	24110	0.27336910997046243	0.27336910997046243	0
0.8217993079584776	1459002	0.552794378161931	0.5634424632742786	0.4302593578380563	23762	0.20984661972711713	0.20984661972711713	0
0.8492338111715274	1647388	0.5980811897867319	0.6080186703396478	0.4078836195841032	24700	0.21874676247427305	0.21874676247427305	0
0.7303509639149778	1377530	0.6066923415707156	0.6096732720473884	0.441116480408652	22022	0.2501876576923126	0.2501876576923126	0
0.846885813148789	1110364	0.6247986501579729	0.6334438412504951	0.416397018916516	24780	0.3065810207904101	0.3065810207904101	0
0.7343054869006427	954926	0.6800513830458449	0.6830291728230523	0.43037510227291104	22132	0.3403156261343094	0.3403156261343094	0
0.7740978744438952	963930	0.6513425913256806	0.6540346934070013	0.41312054333761944	22358	0.2983426481499217	0.2983426481499217	0
0.8117894216510133	1018056	0.6440215144195766	0.6472805575715922	0.42983438790932116	23904	0.3151145018265597	0.3151145018265597	0
0.8048690064260998	1142898	0.6673464789879895	0.6731070267802378	0.4325131430407059	23548	0.32468963020032776	0.32468963020032776	0
0.7737271379139892	664132	0.5386143255237369	0.5468403732216277	0.39892779464197253	21482	0.2655154486731051	0.2655154486731051	0
0.7734799802273851	1613544	0.6406327516891537	0.6436546952327252	0.42399045994674983	22818	0.18625368660225997	0.18625368660225997	0
0.8718487394957983	1657416	0.6469724625513221	0.6524079033268956	0.4116367431530929	25052	0.26099057933738606	0.26099057933738606	0
0.7393722194760257	1080328	0.5808745630199593	0.589568296393793	0.4137192787630712	21566	0.24392418698712012	0.24392418698712012	0
0.8688828472565497	1742614	0.5935749269383476	0.5962472510210046	0.4312731779255298	25918	0.18707511460376228	0.18707511460376228	0
0.768536826495304	1315168	0.5261558951930968	0.5352268169963789	0.4180580643924399	22072	0.2226534080472928	0.2226534080472928	0
0.717375185368265	1036772	0.5290357341143871	0.5380486266075274	0.4344815923642134	21182	0.22926942502158273	0.22926942502158273	0
0.6632476520019772	890764	0.6115561604339613	0.6180082116586804	0.42334585436428473	19142	0.2778959297934362	0.2778959297934362	0
0.8164854176964904	822402	0.5224904958338163	0.5342674472617256	0.4085992267372787	23736	0.2873819146240789	0.2873819146240789	0
0.8152496292634701	1441804	0.6310615619442806	0.638775599398472	0.41613101933969254	23802	0.2433634633026552	0.2433634633026552	0
0.6929065743944637	1362828	0.5799140360537454	0.5837088214073666	0.4345596040375892	20078	0.2091037740170216	0.2091037740170216	0
0.856772120612951	1156838	0.5956625619730649	0.6019711017150942	0.4162746835297213	24912	0.27515241624513803	0.27515241624513803	0
0.8496045477014336	1683408	0.6382428444851419	0.6437941848075005	0.4197391013016085	25156	0.21723861976457273	0.21723861976457273	0
0.8576371725160652	1645072	0.6825230099586345	0.6852799858077564	0.42229593757667766	24790	0.29693989312222796	0.29693989312222796	0
0.856772120612951	2057000	0.5456917824090867	0.5529697190261534	0.43269580323151224	24802	0.18202037209928848	0.18202037209928848	0
0.8494809688581315	1441424	0.6178432807590875	0.6248932996821065	0.41398949460446105	24866	0.23886601706367275	0.23886601706367275	0
0.819080573405833	2064116	0.6194353995715779	0.6255010135150637	0.41647595964291734	23986	0.2022553964723457	0.2022553964723457	0
0.8399653979238755	2086816	0.6134124224002081	0.6173988810477082	0.4354785323795596	25270	0.22974654741792955	0.22974654741792955	0
0.7621107266435986	1258356	0.524756196578443	0.5279818026641335	0.45285839497631114	22836	0.2677312240468816	0.2677312240468816	0
0.7289915966386555	2710026	0.6532186118422082	0.6563442353685237	0.4627047761429905	22282	0.21353160708736918	0.21353160708736918	0
0.7074888779041029	1200526	0.6319638730860812	0.6342190715895177	0.42860407785798355	20170	0.29389509949404197	0.29389509949404197	0
0.8035096391497776	2048832	0.6392664045911302	0.6452931245377594	0.4319003488768938	23542	0.25289384905881945	0.25289384905881945	0
0.8416955017301038	762424	0.5336645957950796	0.5482528944713282	0.3828782403536704	23004	0.23880764047435488	0.23880764047435488	0
0.8002965892239249	1059054	0.5610316275889382	0.5708700049778953	0.40261671030481333	22444	0.22765090140903765	0.22765090140903765	0
0.7661888284725655	1610154	0.6290563392334382	0.6310226051412189	0.4411080725415248	22846	0.23344353777383023	0.23344353777383023	0
0.7744686109738013	946244	0.46863886886153555	0.4758883901398044	0.4112989536818948	21230	0.22168735373359016	0.22168735373359016	0
0.8416955017301038	1388700	0.601067355973483	0.6079245393035807	0.40777136888047	24974	0.2141569450998828	0.2141569450998828	0
0.8509639149777558	1471550	0.5997463377256672	0.6094913532978637	0.42135372507353047	25116	0.24052930866330013	0.24052930866330013	0
0.7885565991102323	1002246	0.6116557508767526	0.6176366260428007	0.43097538102511607	22966	0.2760085985389767	0.2760085985389767	0
0.9036085022244191	827752	0.5024350145953166	0.5142824894287827	0.40534122883837753	25884	0.2561055023093358	0.2561055023093358	0
0.8582550667325753	1125856	0.4451389762227829	0.45386264702013285	0.40025375429293303	24474	0.19854453275230718	0.19854453275230718	0
0.7943648047454276	1261112	0.6297804064904451	0.6396120702846464	0.4208742504199181	22328	0.2412782177135111	0.2412782177135111	0
0.7933761739990114	3239480	0.6587339460095727	0.6610804458507434	0.4595493353691558	23790	0.19152796324963153	0.19152796324963153	0
0.7212061295106278	1294216	0.6445404906946481	0.6486913308239496	0.4226551871343103	21074	0.22492459779029073	0.22492459779029073	0
0.7288680177953535	898348	0.6150283836130311	0.6209013596847931	0.41135173926196034	21014	0.30124869609513877	0.30124869609513877	0
0.7663124073158676	1024248	0.5935909508504689	0.601264812332655	0.41299083960489646	22304	0.29252554150209337	0.29252554150209337	0
0.7472812654473554	589828	0.4895678636855115	0.49813723479467437	0.400118994444608	20582	0.26414450970442627	0.26414450970442627	0
0.8293376173999012	1022908	0.5577569666124843	0.5658204607982549	0.40309578705396415	23410	0.24596365886486402	0.24596365886486402	0
0.8419426594167079	1671978	0.6093171184719488	0.6166655302830641	0.4087859836873767	24516	0.24301969847750135	0.24301969847750135	0
0.8400889767671774	1078452	0.5507661222856887	0.5670175561668312	0.409375607899374	24006	0.22409374569682025	0.22409374569682025	0
