Utilization	Connections(A2A)	Lvl1TraffRatio(A2A)	Lvl1TraffRatioNoIndirect(A2A)	RatioIndirect(A2A)	Connections(AR)	Lvl1TraffRatio(AR)	Lvl1TraffRatioNoIndirect(AR)	RatioIndirect(AR)
0.7936233316856154	785666	0.571598992169169	0.5786787462167445	0.40074645717722784	22392	0.24869541610951765	0.24869541610951765	0
0.814384577360356	1045248	0.6113393638458818	0.6169800767338706	0.4260099750866429	22830	0.2728406799866164	0.2728406799866164	0
0.8214285714285714	982424	0.6240071456907624	0.6338996564003637	0.3936382943874086	22442	0.26683465184851207	0.26683465184851207	0
0.736159169550173	1004356	0.5951431982241041	0.6026784381581575	0.4254216573498706	21662	0.27656685196874825	0.27656685196874825	0
0.7738507167572911	2050556	0.5647541237864414	0.5702732647222041	0.4404358795926622	22538	0.2345751821634653	0.2345751821634653	0
0.7255313890261987	2179966	0.6414340197837616	0.6413378487420486	0.4232825210430748	20866	0.27329581824159266	0.27329581824159266	0
0.9094167078596145	1017288	0.5832022681298629	0.5904289315401147	0.3999383985206728	24920	0.26999603850417825	0.26999603850417825	0
0.7737271379139892	1086506	0.6039070148451225	0.610383125360765	0.4285062746910527	22726	0.23472586241210205	0.23472586241210205	0
0.7607513593672763	1057636	0.5350223197742888	0.544062671686149	0.4225622823067818	22538	0.2502913060858231	0.2502913060858231	0
0.643722194760257	1384812	0.6613247089911104	0.6633046762121498	0.4232186255281301	18370	0.19022533997046176	0.19022533997046176	0
0.8295847750865052	1061962	0.5511912785253394	0.5597219494553749	0.4183245793635391	23904	0.24124033028035377	0.24124033028035377	0
0.7675481957488878	2301002	0.668400227131197	0.6721122552296602	0.452797504913021	22978	0.25528926000910335	0.25528926000910335	0
0.8159911023232822	720926	0.5708600455649582	0.5769478840891109	0.408465741103849	23662	0.3441984372177766	0.3441984372177766	0
0.8416955017301038	1182030	0.5643564876107776	0.5703455641252773	0.43206404872695287	25112	0.2802003541512632	0.2802003541512632	0
0.8266188828472565	1500662	0.6409073459294072	0.6440069551714259	0.42063544813514414	24142	0.23573968938951476	0.23573968938951476	0
0.8267424616905585	2663518	0.6742712272942376	0.6778584380023283	0.43973978350354964	24652	0.21041898444536944	0.21041898444536944	0
0.8284725654967869	1046270	0.4407204311173352	0.44858819282057905	0.41566216862488753	24634	0.19321723264258076	0.19321723264258076	0
0.8554127533366288	1504654	0.6419045183836444	0.6466708639536417	0.41442121824122036	23930	0.20388094361738165	0.20388094361738165	0
0.8225407810182896	2804108	0.6198920237361235	0.622947275632533	0.4460517775193094	24834	0.2055446153033966	0.2055446153033966	0
0.7813890261987148	1597302	0.6145978827530713	0.6175782082029478	0.4194110867673601	22760	0.2123381372491309	0.2123381372491309	0
0.7587740978744439	1199600	0.5120184558940456	0.5183658083378028	0.4225151892356771	21126	0.19679705066975506	0.19679705066975506	0
0.8069698467622343	894950	0.5937504134828105	0.5993386964744292	0.41017520017879017	23578	0.30893911761090564	0.30893911761090564	0
0.7466633712308453	1290948	0.5989685424541616	0.6027499487887963	0.4364712905238737	22890	0.22733485194857675	0.22733485194857675	0
0.8115422639644093	1309154	0.5926278544998037	0.5961104121400821	0.43160931480589193	24238	0.2737677383967689	0.2737677383967689	0
0.8120365793376174	2610920	0.6563701129975749	0.6586798607063312	0.434711985803889	23408	0.17929114869738785	0.17929114869738785	0
0.8072170044488384	2508240	0.6785642216704617	0.6801052098823778	0.4289587399051855	23580	0.26047433456592406	0.26047433456592406	0
0.8133959466139397	842220	0.576414074151683	0.5873182429368796	0.3918338205890986	23512	0.267425883411229	0.267425883411229	0
0.8942165101334651	1378618	0.5474898107382239	0.5581127854466105	0.4105093895826821	26056	0.1791764660621428	0.1791764660621428	0
0.7364063272367771	1000768	0.5426674802530306	0.5465813278763699	0.4143914322363224	21738	0.2587126613542238	0.2587126613542238	0
0.796465645081562	2128292	0.622664574093652	0.6285336677371606	0.4405989861754993	23618	0.25479615622374163	0.25479615622374163	0
0.7281265447355413	1344228	0.6206893359840161	0.6229864628931924	0.4350150968612787	21466	0.24951673125450577	0.24951673125450577	0
0.6657192288680178	999600	0.5526649886234004	0.5560164888817442	0.42969987891184486	19734	0.29242330809954425	0.29242330809954425	0
0.7514829461196243	1000012	0.5518245141834027	0.5601030174359584	0.4091969265243857	21034	0.24922128329535495	0.24922128329535495	0
0.879387048937222	794340	0.5712572920072323	0.5831839165729693	0.39936585746647246	25122	0.28710906642999207	0.28710906642999207	0
0.7647058823529411	1078126	0.6304076946468685	0.6356037294477617	0.43158824684414404	23176	0.27317365253006026	0.27317365253006026	0
0.8720958971824024	812984	0.5522267412184799	0.5606027140841544	0.4145879534806982	25960	0.2326635890467684	0.2326635890467684	0
0.8481216015818092	1653190	0.6427469731671228	0.6454632116073771	0.4383896611773142	24762	0.274346751809652	0.274346751809652	0
0.7046465645081562	2481658	0.6830784142435108	0.684043100889939	0.441882633699205	21130	0.2200708020595987	0.2200708020595987	0
0.7889273356401384	815000	0.5210270724396541	0.5369910032240427	0.41379362411285237	23310	0.2541116282010047	0.2541116282010047	0
0.7750865051903114	1242080	0.6433920006840164	0.6461810984557043	0.4193776728872883	22802	0.34986264358301944	0.34986264358301944	0
0.6596638655462185	2476392	0.671781374567696	0.6716020872245231	0.45133926730502877	19764	0.2518638160562072	0.2518638160562072	0
0.7590212555610479	2402260	0.6182322378566069	0.6221154219785597	0.43615589396271925	22682	0.20940034565390406	0.20940034565390406	0
0.7305981216015818	1964318	0.6130507608217438	0.6165203754655025	0.4117903683197093	21114	0.2564859273754145	0.2564859273754145	0
0.879634206623826	1579768	0.6105188009216905	0.6147275107620921	0.4198802186232196	25956	0.2527189881235886	0.2527189881235886	0
0.6999505684626792	2817820	0.5876360569597666	0.5883545448636078	0.46437875189538413	21582	0.22367440373179173	0.22367440373179173	0
0.8040039545229857	659846	0.5516187479841163	0.5590005254889346	0.40806174395692235	22588	0.28716693950036304	0.28716693950036304	0
0.7291151754819575	628280	0.5155273507623451	0.5259419881943918	0.40516937331558517	20620	0.31332427238655686	0.31332427238655686	0
0.8115422639644093	1016660	0.537439890821603	0.5455898358040808	0.41454024237532305	23654	0.26408426895995774	0.26408426895995774	0
0.7606277805239743	1687060	0.6508212807878455	0.6556365703549265	0.44322645414557355	22010	0.2697244123805314	0.2697244123805314	0
0.8088235294117647	1521078	0.6773823737003591	0.6808187944178409	0.4170320917794319	23450	0.2569316224710141	0.2569316224710141	0
0.7813890261987148	1000576	0.555413041119423	0.5612800148343154	0.4177384590827497	22722	0.24410715706105698	0.24410715706105698	0
0.7909045971329709	1131512	0.6114337944515494	0.617491074628128	0.4208174326343595	22614	0.27220899722855946	0.27220899722855946	0
0.7906574394463668	2786466	0.6765412060027223	0.6786974655960033	0.44104636221434595	23750	0.19276717533729545	0.19276717533729545	0
0.8672763222936233	1175632	0.5403888637254481	0.5513239883369175	0.4151313982273655	25346	0.19803110636697685	0.19803110636697685	0
0.7780523974295601	1330030	0.5191917473505313	0.5245756768336619	0.4361078352310037	22408	0.17972418177061156	0.17972418177061156	0
0.819574888779041	1363856	0.549197030650475	0.5556251144194989	0.4291595759445628	23574	0.21892567905712312	0.21892567905712312	0
0.8014087988136431	1428336	0.49518290613159405	0.5046546198537584	0.42795815220642947	22854	0.23920909525955844	0.23920909525955844	0
0.7951062778052398	1371678	0.5616630441797008	0.5705525209057084	0.4248603726943348	23664	0.20942034488989647	0.20942034488989647	0
0.8036332179930796	3737946	0.7094019334287425	0.7103017119122069	0.45740235265472134	24526	0.19433058151992025	0.19433058151992025	0
0.865669797330697	2024168	0.5819986354943686	0.583951307261878	0.43372066269819415	25596	0.1725954277127452	0.1725954277127452	0
0.8115422639644093	1416748	0.6161421724419266	0.6194394983439278	0.4337692170563507	23766	0.3187101673683506	0.3187101673683506	0
0.8596144340088977	1449182	0.646759924883037	0.6514748345599948	0.4252955050162897	24962	0.22565346760994162	0.22565346760994162	0
0.8388531883341572	1540210	0.5984318239249345	0.6066527476197108	0.4210986558559826	23960	0.20222909931097535	0.20222909931097535	0
0.8309441423628274	1150068	0.6171534661989734	0.6201583924658524	0.4194926520691868	23800	0.2649424613107806	0.2649424613107806	0
0.796465645081562	995156	0.6308771736025286	0.6339069122826692	0.4304511390324008	22938	0.2962306513887163	0.2962306513887163	0
0.8116658428077113	849442	0.5635982459690025	0.5703360949668888	0.3987069075241399	23338	0.2670014885886125	0.2670014885886125	0
0.8635689569945626	1618174	0.580727540928867	0.5869703458605233	0.4337513406706172	25266	0.19161382533325202	0.19161382533325202	0
0.8341571922886801	1106678	0.5340548043270238	0.5447661469598205	0.43386259772037944	23482	0.2703731590393647	0.2703731590393647	0
0.82377656945131	1538238	0.6941133794643272	0.6978070448277934	0.4095504289973945	23522	0.25342650485906276	0.25342650485906276	0
0.8628274839347504	1015914	0.6105400435882873	0.6178522219196766	0.40493603413656	25164	0.2483802458431514	0.2483802458431514	0
0.7647058823529411	1012822	0.5507308149013553	0.55916957521562	0.4203226905183151	22470	0.23427616632641612	0.23427616632641612	0
0.7707612456747405	997240	0.5675067058570019	0.5754100786657511	0.4265898505250844	23278	0.24473761833625843	0.24473761833625843	0
0.8224172021749876	1752162	0.5431066056655112	0.5526078072243762	0.4309135085349803	24264	0.16219654270322037	0.16219654270322037	0
0.7906574394463668	736148	0.5449285422055353	0.5503006376925553	0.40413426470191344	23264	0.27751459443205123	0.27751459443205123	0
0.8482451804251112	2248876	0.5957774497360974	0.5979563552482375	0.45197567435560804	25152	0.18166775406810684	0.18166775406810684	0
0.7140385565991103	2352126	0.6527429540242383	0.6601739589106111	0.42526125028855005	20334	0.17585378936150556	0.17585378936150556	0
0.8492338111715274	1406348	0.5892989210045697	0.5994222966206031	0.42658031029796634	24934	0.17865401733234784	0.17865401733234784	0
0.8492338111715274	1235508	0.5291506153100768	0.536347415166564	0.42378534781192095	25182	0.20478019069087214	0.20478019069087214	0
0.8549184379634207	863130	0.5967786726682991	0.6031073823998842	0.40797251280519437	24106	0.29366861432440144	0.29366861432440144	0
0.8082056351952546	927484	0.519255975547369	0.5286578769025018	0.42143779593317593	24452	0.23588784005852528	0.23588784005852528	0
0.8991596638655462	1892586	0.6154790903581558	0.6200509920075363	0.4270574105179834	26568	0.2111745000793707	0.2111745000793707	0
0.8188334157192289	757542	0.6071196433465725	0.6141224274656811	0.40896850050324857	23208	0.2938654055408706	0.2938654055408706	0
0.7663124073158676	1614038	0.62598186156382	0.6311875692382037	0.4252517118407036	21512	0.25893489354749394	0.25893489354749394	0
0.8802521008403361	1485236	0.6354035035327694	0.6389721680990217	0.42835033832541836	26520	0.264272403373821	0.264272403373821	0
0.819080573405833	787628	0.6076024132499459	0.6107437484587839	0.41626914031973433	23406	0.32324115511629214	0.32324115511629214	0
0.7812654473554128	2105178	0.5853836669401604	0.5950518248726596	0.42468886912597764	22750	0.17526165784442774	0.17526165784442774	0
0.8461443400889768	1028142	0.5885836489077388	0.5950526521418732	0.41500833634319934	24534	0.23304655871211344	0.23304655871211344	0
0.8399653979238755	1192370	0.6582034643781681	0.6620566378611253	0.4246862159645845	25156	0.2789033912539218	0.2789033912539218	0
0.7870736529906079	1403480	0.5747015426290321	0.5814201660153189	0.4260326430791965	23362	0.21584783304936603	0.21584783304936603	0
0.9020019772614929	1836908	0.5796897237795943	0.5854804623726769	0.4336061988963538	26466	0.19876776544046204	0.19876776544046204	0
0.759268413247652	961040	0.582675893508038	0.588453708495985	0.4107123599209042	21514	0.2688295700565853	0.2688295700565853	0
0.8151260504201681	1926736	0.5981836501624365	0.6083592521518195	0.40311131861612215	22494	0.22009108164758875	0.22009108164758875	0
0.8416955017301038	730906	0.5652862935790787	0.5760502735669609	0.4067347500142786	23666	0.2878514896047876	0.2878514896047876	0
0.8093178447849728	1289332	0.5898091652206531	0.5920464328676827	0.4123582730890906	22914	0.18022793552318728	0.18022793552318728	0
0.7436974789915967	1043320	0.6003324476613059	0.6039234105793895	0.4243407629642449	21894	0.28700615707287486	0.28700615707287486	0
0.7506178942165102	1326250	0.5824157629589476	0.5918537078340742	0.4335135459487056	22230	0.2139916645099316	0.2139916645099316	0
0.8023974295600593	1527134	0.6092625189621704	0.6146777595978986	0.42899493931298033	22732	0.2097397885372574	0.2097397885372574	0
0.8341571922886801	1064802	0.5390728956084158	0.545214517430613	0.41486923740056664	24532	0.20670347914941697	0.20670347914941697	0
0.8720958971824024	982650	0.5128989795882485	0.524495556173374	0.41396373480013166	24110	0.21934556641209194	0.21934556641209194	0
0.8014087988136431	1242402	0.5987960025808786	0.6050269058837624	0.41510723805139493	22930	0.23002448665471628	0.23002448665471628	0
0.8173504695996046	1605386	0.6020316652161584	0.6044945706840374	0.4411194505871507	24646	0.22543563312371595	0.22543563312371595	0
0.75914483440435	2652928	0.5789014025844936	0.5808882555899099	0.4529541225016796	22934	0.1824373257869507	0.1824373257869507	0
0.8115422639644093	1676658	0.5509447283043308	0.5576024456703276	0.42418317442608555	23800	0.17725468501275096	0.17725468501275096	0
0.7740978744438952	1942046	0.5736290651344559	0.5775259960624002	0.4429254351304288	22978	0.2073025945326652	0.2073025945326652	0
0.7364063272367771	1972906	0.6293639534131427	0.6316064932872493	0.4400063810998855	21726	0.2891562994485651	0.2891562994485651	0
0.726643598615917	1056860	0.5807711431702447	0.5895190807027589	0.4271654187438601	21496	0.32356818153208233	0.32356818153208233	0
0.7738507167572911	2314984	0.6066870204218114	0.6098036009612102	0.4318605890199658	23618	0.21576621703135648	0.21576621703135648	0
0.7817597627286208	1639008	0.6229850321908603	0.6276451021545567	0.4201992523214378	23158	0.192578629480501	0.192578629480501	0
0.7517301038062284	714946	0.5768246933619293	0.5808255825152312	0.4076103415988466	21980	0.30686657370063014	0.30686657370063014	0
0.7168808699950568	1836308	0.6922996627813203	0.6942369318564067	0.4480763757393283	21352	0.22545069274456997	0.22545069274456997	0
0.7933761739990114	1298996	0.6336606044985146	0.6378188137484465	0.41359223804282186	23140	0.23389886055586115	0.23389886055586115	0
0.8120365793376174	1881162	0.6289849006228309	0.6309052379972933	0.4375675702745525	24216	0.2081623691610421	0.2081623691610421	0
0.8227879387048938	3078034	0.6712195400412817	0.6712968212130325	0.4358265899675003	24272	0.18872481198421087	0.18872481198421087	0
0.842807711319822	1788092	0.6401783707129216	0.64390677090554	0.4290448902520614	24890	0.20935103010975953	0.20935103010975953	0
0.8803756796836382	2105394	0.6348787408171263	0.6406106485763258	0.4188174520305478	25208	0.24799520893066637	0.24799520893066637	0
0.7904102817597627	1646122	0.6050628898704291	0.6096585689788612	0.43494846480057237	22680	0.2154510723817532	0.2154510723817532	0
0.861220958971824	955772	0.5475033581023997	0.5592628132454996	0.3980593872659813	24110	0.22497598168238986	0.22497598168238986	0
0.7016806722689075	976348	0.5502187340954675	0.5557758219793365	0.4344026527820275	21032	0.2790676024997749	0.2790676024997749	0
0.8494809688581315	796776	0.5257920298949422	0.5344869046932257	0.39879924127787403	23640	0.2682701101036739	0.2682701101036739	0
0.89817103311913	947920	0.5284728070338313	0.5371642606202622	0.4131644822799602	25882	0.23526236770697606	0.23526236770697606	0
0.7681660899653979	1771586	0.6520943385446355	0.6565671746921684	0.43979387016838967	23506	0.26419326245323776	0.26419326245323776	0
0.7440682155215027	972306	0.5900964847197159	0.5966252862444974	0.41558336761602693	21868	0.2355149185646067	0.2355149185646067	0
0.7230598121601581	889514	0.510516553462964	0.5175661707359165	0.4113065645087093	20596	0.23572004392127696	0.23572004392127696	0
0.759268413247652	1372904	0.5729104421568214	0.5802384644843263	0.4257218241102034	22530	0.2009453612009465	0.2009453612009465	0
0.8437963420662382	1469428	0.6216793762178171	0.6244725919071824	0.4358655361623149	24890	0.23452412906322873	0.23452412906322873	0
0.796465645081562	1471584	0.5991565487140109	0.6043869166147133	0.43317175859586315	23540	0.24569403018926775	0.24569403018926775	0
0.7811418685121108	1230658	0.6436184836961459	0.6475530248198917	0.42878886037837294	22502	0.3038559269608654	0.3038559269608654	0
0.8851952545724172	1094792	0.609282551265535	0.6145678871849982	0.41961486546818394	25184	0.24377571730226166	0.24377571730226166	0
0.7289915966386555	1365292	0.5695906870832863	0.5726750150302043	0.4384219170290618	21938	0.192682693552216	0.192682693552216	0
0.7230598121601581	1230010	0.6181310947685932	0.6217067503017975	0.42935381256813926	21152	0.2920229545556355	0.2920229545556355	0
0.736159169550173	1051502	0.5875293614563663	0.5922192178394712	0.4215249425045735	21588	0.25619487337741137	0.25619487337741137	0
0.8431784478497282	859116	0.5444373879412713	0.5571644065076901	0.41010369517055184	24446	0.23836989859712332	0.23836989859712332	0
0.7436974789915967	1011924	0.5849150195952355	0.5917079900261327	0.4174983713225389	21818	0.26232515161724507	0.26232515161724507	0
0.7622343054869006	1286434	0.6069084161459287	0.6107930671096444	0.4102305007725236	22152	0.21161318673423957	0.21161318673423957	0
0.768413247652002	1264158	0.6796380269672966	0.6853397053501477	0.4269632708559305	22160	0.3103226614933147	0.3103226614933147	0
0.8117894216510133	698568	0.5462052732145054	0.558792572476991	0.3924107095568114	23374	0.24475398528949854	0.24475398528949854	0
0.80548690064261	999958	0.5026726571171382	0.5113485055850847	0.425649623418965	24524	0.2361356899486259	0.2361356899486259	0
0.8310677212061295	1488116	0.6054008285445751	0.6110521151907571	0.42921004838676446	24672	0.23759463543188816	0.23759463543188816	0
0.7512357884330203	2291356	0.5165710025292357	0.518940102661452	0.4447928301926793	21812	0.1837767744035196	0.1837767744035196	0
0.7587740978744439	647026	0.6011078935888944	0.6058439625536558	0.4040672730729768	21116	0.3273676917326548	0.3273676917326548	0
0.8040039545229857	2668934	0.641174745360734	0.6451099355482438	0.44594713346570813	24120	0.20515032098051897	0.20515032098051897	0
0.801161641127039	1937320	0.6825916707516869	0.6837984029638506	0.4496976329795235	24508	0.22730223462507168	0.22730223462507168	0
0.7757043994068216	804830	0.5859588945738047	0.5963398602624517	0.40399947688958343	22976	0.2638950626287524	0.2638950626287524	0
0.7519772614928324	2529756	0.6315394672401725	0.6330111847298074	0.43427917429447677	22754	0.21048930101405713	0.21048930101405713	0
0.8898912506178942	1115304	0.5879222418345608	0.5950571097422505	0.40750999575818425	26024	0.23350292400978356	0.23350292400978356	0
0.7670538803756797	735678	0.5185946603243743	0.5360919688596112	0.41252899980552543	21834	0.32372614243468784	0.32372614243468784	0
0.7587740978744439	1277530	0.6290782634272042	0.6309151484633423	0.43849086837462675	22542	0.2866297032669582	0.2866297032669582	0
0.787320810677212	922914	0.6152976023799496	0.6243200691953658	0.41230562031292955	22426	0.3206466258047398	0.3206466258047398	0
0.9020019772614929	1442642	0.6078385001481268	0.6156158003051143	0.41275953426442813	26096	0.2477295280889823	0.2477295280889823	0
0.7969599604547701	1983662	0.5861905843932377	0.590786477104032	0.41275012702494523	23952	0.15377812065871369	0.15377812065871369	0
0.6959960454770143	1292804	0.6010727896151217	0.6027414445844609	0.4270260674231174	20038	0.29061546963674906	0.29061546963674906	0
0.796465645081562	1086960	0.5786585116294626	0.587655449782689	0.4209865066774435	24056	0.2842867525034026	0.2842867525034026	0
0.7860850222441917	1458832	0.6272722237363391	0.6372526520318543	0.4335510039161133	23950	0.21827642672157596	0.21827642672157596	0
0.7696490360850222	1638924	0.6223642770099862	0.625006679196522	0.4310604557628208	22492	0.20356382930333328	0.20356382930333328	0
0.7934997528423133	2958120	0.6574659347259854	0.658963196975176	0.44611975977497154	23822	0.2488799669801591	0.2488799669801591	0
0.7584033613445378	1083520	0.6477765784811941	0.6480124869597323	0.4337412576999515	22652	0.30128812611471956	0.30128812611471956	0
0.7614928324270884	1033838	0.5872642994414019	0.5943613337743304	0.421863788451775	21920	0.2582901878454881	0.2582901878454881	0
0.9045971329708354	1702474	0.6455037951359812	0.6480325631458574	0.43461712013989046	26930	0.26200520279682277	0.26200520279682277	0
0.7889273356401384	1275364	0.6664927111459499	0.6674019959097733	0.42395917723791826	22750	0.2739477571460983	0.2739477571460983	0
0.8497281265447355	1126810	0.47411673659254433	0.48799755728432004	0.41108503477998015	24334	0.20952682150244215	0.20952682150244215	0
0.7341819080573406	706134	0.5763216306911875	0.5810538568764456	0.4144381923469364	21210	0.3182993449373444	0.3182993449373444	0
0.7293623331685615	2257672	0.6045356632962647	0.6101089613632773	0.4424354175972562	21486	0.26099609434702625	0.26099609434702625	0
0.7682896688087	1123910	0.6069723108177825	0.6114441599936963	0.4308616511740866	22122	0.2780068992951566	0.2780068992951566	0
0.8320563519525457	1310748	0.6051484834498301	0.6103471040995472	0.4120493452323448	24262	0.2541814081927564	0.2541814081927564	0
0.8266188828472565	1302530	0.6422974197586991	0.6440306453420724	0.43573088961341266	23866	0.29014601918484456	0.29014601918484456	0
0.8344043499752842	762652	0.5739650939436963	0.5811770663523737	0.39969487545756	24494	0.29373413279670385	0.29373413279670385	0
0.8342807711319822	657658	0.49919406183875364	0.5087921744820461	0.36552828252215935	23504	0.21757884056160837	0.21757884056160837	0
0.7738507167572911	1122038	0.5630625611690906	0.5727087041208926	0.4154409510644225	22558	0.2393677386796034	0.2393677386796034	0
0.796465645081562	895286	0.5555742774571	0.5619230621970839	0.39721127066308554	21046	0.2921475251448321	0.2921475251448321	0
0.7517301038062284	1004560	0.5919355637152356	0.6008322827880014	0.42081440886748944	21834	0.2963484621181807	0.2963484621181807	0
0.8597380128521996	1063698	0.5376630069685712	0.5496684102643022	0.39895582323209106	24462	0.2225781543188942	0.2225781543188942	0
0.7561789421651013	1278002	0.5914132614511316	0.5958671948700672	0.4199996322717521	21534	0.19142213992647064	0.19142213992647064	0
0.7813890261987148	2178296	0.6066683020041401	0.6083860320024362	0.43959423063558356	22984	0.16988209651304034	0.16988209651304034	0
0.7670538803756797	1879346	0.6822032860677542	0.6838986002756361	0.43659034707715644	23170	0.2911833563977976	0.2911833563977976	0
0.819080573405833	1422964	0.6097098859666459	0.6153233098976326	0.43548793777043193	24702	0.2654642057590559	0.2654642057590559	0
0.7478991596638656	1087984	0.5869722688239989	0.5917772267564871	0.42796835536768313	22164	0.26704459885868154	0.26704459885868154	0
0.861468116658428	1364286	0.5972533236554151	0.6013273996445092	0.4104941699877896	24456	0.21402588019630883	0.21402588019630883	0
0.8132723677706377	717450	0.5454863299949652	0.5539647878401581	0.3930788428028103	22990	0.2637344868037387	0.2637344868037387	0
0.884206623826001	1067342	0.501880529272429	0.5147243174602344	0.40825145088638054	24836	0.18744276781533553	0.18744276781533553	0
0.796465645081562	633954	0.6005666281265895	0.6058263585244684	0.39777393641546693	21972	0.30677514642921233	0.30677514642921233	0
0.8505931784478498	1322028	0.6133369055551533	0.6223384338595706	0.41710250068226756	25348	0.22238287346601246	0.22238287346601246	0
0.865793376173999	850354	0.533863239895675	0.5486988423925772	0.38865094919725257	24464	0.2787539515154289	0.2787539515154289	0
0.7889273356401384	935806	0.5707155496562054	0.5778268961381562	0.39142927518897835	21792	0.24913089859377488	0.24913089859377488	0
0.8492338111715274	1341438	0.5995903629443089	0.6041162542900858	0.4390645222100602	24724	0.2418997497250056	0.2418997497250056	0
0.7988136431043005	1108324	0.5842592161194109	0.5914911732762945	0.40203122815875636	23104	0.21971070980094443	0.21971070980094443	0
0.7677953534354919	941220	0.5870174783458323	0.5934837411694678	0.4196653324948021	22796	0.24778914023113752	0.24778914023113752	0
0.8344043499752842	2006706	0.649491855266555	0.6513139171667274	0.4456235760561203	25226	0.23646905707996976	0.23646905707996976	0
0.8044982698961938	706208	0.5908254065011674	0.6013242427764203	0.3818515255055574	22150	0.3011635914829628	0.3011635914829628	0
0.782871972318339	1416640	0.6253671421522545	0.6291612171481797	0.43255678557050814	24004	0.27427759246194927	0.27427759246194927	0
0.8460207612456747	2819356	0.6777202964735417	0.6808151078134269	0.4328926279455869	25134	0.20538330123935455	0.20538330123935455	0
0.8065991102323282	1093382	0.6346872794876876	0.6395986099018609	0.4216195762049704	23204	0.3032851401059325	0.3032851401059325	0
0.7292387543252595	939986	0.5342912709015668	0.5390681921145372	0.41378269628954145	21202	0.24277548946344427	0.24277548946344427	0
0.7786702916460702	2089864	0.6420137505808566	0.6465440749068171	0.4383010194207246	23074	0.29620884828739186	0.29620884828739186	0
0.8718487394957983	1843678	0.5991568351062763	0.6039975129735781	0.4308843349190637	26338	0.19600746683743764	0.19600746683743764	0
0.8463914977755809	1173794	0.5426059018526285	0.5538208386318249	0.4211237899965134	23518	0.2264831759352227	0.2264831759352227	0
0.7556846267918932	887024	0.6241497893306405	0.6264235902034094	0.4064572896029734	21582	0.3215956296701911	0.3215956296701911	0
0.7816361838853189	1231488	0.6145457566163032	0.6178623755053662	0.41455812784526097	22588	0.2557709281759605	0.2557709281759605	0
0.8416955017301038	795188	0.567699911439351	0.5780063712985039	0.3996424522532684	24666	0.27486314718535904	0.27486314718535904	0
0.8284725654967869	1256174	0.6019324426878335	0.6124747019721549	0.41921714345280964	24608	0.21930191892879033	0.21930191892879033	0
0.8374938210578349	2943380	0.6724238602976128	0.6748853815725822	0.44122130914548574	25076	0.15938154586726333	0.15938154586726333	0
0.796465645081562	917044	0.4858247153216255	0.4942334416757144	0.4124055033718474	22598	0.22879939801775162	0.22879939801775162	0
0.7240484429065743	916504	0.6069886021757467	0.6105064075838325	0.4170849510709222	20718	0.3042055701587664	0.3042055701587664	0
0.8326742461690558	2415818	0.6140515020968406	0.6226453926991279	0.42870198841442625	24366	0.16786912226179265	0.16786912226179265	0
0.7238012852199703	1485408	0.5543712459680644	0.559327950359086	0.43186656396099377	21060	0.22688390877725143	0.22688390877725143	0
0.8119130004943154	822156	0.5087822127407503	0.519731501297102	0.41240245022608085	23542	0.25452957721382946	0.25452957721382946	0
0.6993326742461691	839624	0.51777602198612	0.5241683277371013	0.40411429142055844	20578	0.248021877614237	0.248021877614237	0
0.8267424616905585	1303042	0.6371010485084162	0.6433629570288267	0.4161220125799217	23786	0.2618009686253325	0.2618009686253325	0
0.7892980721700444	1648994	0.650987271183329	0.65560940904399	0.424872030602301	23198	0.24295869576855608	0.24295869576855608	0
0.8129016312407316	1006138	0.631381883608236	0.637805411895563	0.42011371318880436	23824	0.3369484302751908	0.3369484302751908	0
0.759268413247652	1202298	0.4722403794243188	0.482105472657637	0.4145178243036627	21446	0.12434221866246355	0.12434221866246355	0
0.8374938210578349	1666194	0.5611873242176881	0.5663647020340051	0.4370768332362933	24964	0.17271677836256968	0.17271677836256968	0
0.865793376173999	1017032	0.5190706130032624	0.5294417545870489	0.4024181001029626	24022	0.19893706916632062	0.19893706916632062	0
0.7738507167572911	2078866	0.6413752139817642	0.6461742017688404	0.4290151546383294	22852	0.25682547542727324	0.25682547542727324	0
0.8266188828472565	1224692	0.6365981672831621	0.6401561301709432	0.42331169177806643	23644	0.26749100635548434	0.26749100635548434	0
0.8145081562036579	719082	0.5570586314546182	0.5676998266597499	0.40158615667534464	23786	0.2904454332573123	0.2904454332573123	0
0.7737271379139892	908726	0.6527769456128235	0.6557266708450209	0.3997845984008446	20724	0.3051884471830233	0.3051884471830233	0
0.8059812160158181	1607060	0.639602738552079	0.6435368415307228	0.4322404568926826	23966	0.21967965826277305	0.21967965826277305	0
0.819080573405833	703302	0.574719187541247	0.5856062843484312	0.3899791961404067	23096	0.3152863131103182	0.3152863131103182	0
0.8115422639644093	1059202	0.5266330300037232	0.5367605451234138	0.4295495884042893	24612	0.2880147576788985	0.2880147576788985	0
0.8266188828472565	1268436	0.5615127205409945	0.5684288891571215	0.4285075200818845	23484	0.25506137110368804	0.25506137110368804	0
0.7601334651507662	2309224	0.6138111221857389	0.6173014742147175	0.4452133739900423	23034	0.23711002503000975	0.23711002503000975	0
0.7768166089965398	1047274	0.6421873969065496	0.6452211240983944	0.41239615223228027	22734	0.3311877236513774	0.3311877236513774	0
0.745427582797825	768380	0.6115146755222375	0.6190972889724893	0.42505370084833016	21986	0.3720241403652727	0.3720241403652727	0
0.7981957488877904	2192998	0.64010603952091	0.642148970027567	0.4322437827569708	23600	0.21265966159556204	0.21265966159556204	0
0.7585269401878398	2763960	0.6517543984284432	0.6530082805340071	0.4520973028772648	23368	0.2694618027215768	0.2694618027215768	0
0.8112951062778052	789352	0.523100558160431	0.534323566020538	0.4087449158453023	22930	0.2339776325547607	0.2339776325547607	0
0.773109243697479	2651204	0.640160881465215	0.6413845141758384	0.4447773225945219	23230	0.20656950820643416	0.20656950820643416	0
0.796465645081562	2447424	0.5989328172067006	0.6026756682147266	0.4473572015003196	24376	0.2569931656832698	0.2569931656832698	0
0.8248887790410282	890396	0.5579953495257118	0.5658329690494134	0.4096947051146061	23682	0.25533329875114796	0.25533329875114796	0
0.8489866534849234	1671368	0.5952250290071881	0.6002590223226885	0.4287932864217936	25734	0.2142154495040047	0.2142154495040047	0
0.740608007909046	1311370	0.573316996146981	0.5792985139193688	0.4263976175614507	20670	0.2939548418717626	0.2939548418717626	0
0.8545477014335146	1447758	0.5576300754080775	0.5642997205732384	0.4199108473834782	25274	0.21032520405875157	0.21032520405875157	0
0.8325506673257539	1528394	0.6439345678894154	0.6478733259147711	0.4183500637135622	23400	0.2109456174495117	0.2109456174495117	0
0.8204399406821552	2496746	0.6546749568550961	0.659071745594018	0.4494761750759255	24672	0.23493094732935435	0.23493094732935435	0
0.7514829461196243	1224470	0.5506012838204439	0.5562068434599481	0.42671268546719254	21508	0.22583252340042304	0.22583252340042304	0
0.7787938704893722	1224772	0.6172508371726931	0.6192588242152713	0.432120678999641	23016	0.2704390458020732	0.2704390458020732	0
0.856772120612951	1085034	0.5697906823872448	0.5752942352740082	0.3959399310423344	24236	0.24537188875880486	0.24537188875880486	0
0.8625803262481463	1887918	0.6019297052537973	0.6044379481266596	0.4194491112371271	27090	0.1865392203691452	0.1865392203691452	0
0.8341571922886801	734140	0.5839337429785881	0.5962908822928179	0.41307448400768404	23948	0.29245161780473805	0.29245161780473805	0
0.819080573405833	1663906	0.6221646918619389	0.624019613325128	0.44425249355838364	24298	0.292301914348508	0.292301914348508	0
0.8020266930301532	1360802	0.6481936597454597	0.6529685516427809	0.4235695449389782	23506	0.2419479409575597	0.2419479409575597	0
0.7195996045477014	1200300	0.6006573757334651	0.6061221102522044	0.43998158907122714	20458	0.25971269644960887	0.25971269644960887	0
0.8069698467622343	1040612	0.5066722815362592	0.5170180484951377	0.4122827690889433	23184	0.23286174610534804	0.23286174610534804	0
0.8040039545229857	542986	0.5252842197933297	0.5331128902709056	0.39853540838590235	23122	0.27602616345125536	0.27602616345125536	0
0.8293376173999012	1377596	0.6242690524573616	0.6319925455020179	0.4186930803088173	23954	0.24256085699933225	0.24256085699933225	0
0.8855659911023233	1341460	0.5508045152519574	0.5580940168206701	0.4107610364730601	26230	0.20387008034081897	0.20387008034081897	0
0.7407315867523481	2248058	0.7047714664948624	0.7059260618694906	0.4449579553712471	21688	0.28707782755927574	0.28707782755927574	0
0.786826495304004	2123128	0.6691687372267344	0.6696582057092021	0.4301589531775707	22256	0.26058257663149603	0.26058257663149603	0
0.8352694018783984	1017282	0.6104308472588121	0.6184334417170457	0.4193382511945574	24730	0.2739962115268589	0.2739962115268589	0
0.9034849233811172	1072282	0.5241914594190257	0.5318570774363746	0.4101396951345062	26326	0.20321069775363879	0.20321069775363879	0
0.7663124073158676	1225022	0.5596203206357185	0.5668154350733445	0.42936173493345087	21988	0.2706538001677831	0.2706538001677831	0
0.7614928324270884	647198	0.5863877147565947	0.5943802544391961	0.4087546577048511	22128	0.2879039425302134	0.2879039425302134	0
0.7816361838853189	1578682	0.5757203652973599	0.5789601237054501	0.4347220845141943	23576	0.22522317476456447	0.22522317476456447	0
0.800914483440435	1572844	0.6179076685067925	0.621885587486889	0.4270910726695976	24024	0.22311628365051558	0.22311628365051558	0
0.8854424122590212	2799350	0.6807690134154938	0.6834994482465974	0.4350024928054972	26042	0.20662755872879066	0.20662755872879066	0
0.7979485912011863	1294430	0.6395375346980012	0.6457015335265232	0.43248261510565794	23110	0.2846213704534752	0.2846213704534752	0
0.8225407810182896	1231368	0.5869949987893865	0.5951965662558393	0.42806518442695185	24522	0.29199424910519545	0.29199424910519545	0
0.7630993573900149	2508682	0.6648372961005709	0.6724384237650294	0.4253086170667963	21982	0.16830392943482855	0.16830392943482855	0
0.8269896193771626	1014726	0.5762019542382496	0.5838124778838177	0.41297227318870094	23316	0.26130159138435716	0.26130159138435716	0
0.8687592684132477	1150130	0.5628967605423433	0.5710115893950163	0.40651400000498716	24872	0.19677552335317935	0.19677552335317935	0
0.7755808205635195	953358	0.5822503938127211	0.5910771846771071	0.420493218310674	22244	0.2749879396263213	0.2749879396263213	0
0.7951062778052398	2617688	0.6677328217549788	0.671459684500194	0.45277360792204546	23618	0.18862309256390652	0.18862309256390652	0
0.8400889767671774	1035230	0.6482725156399204	0.6541728208653118	0.41828578127296195	24924	0.2929013057310515	0.2929013057310515	0
0.7875679683638162	1330804	0.6364161789825202	0.6378294700283536	0.4166616751463394	23158	0.22990075077117025	0.22990075077117025	0
0.7782995551161641	3506398	0.6608171298025787	0.6629119977304315	0.4360172336340266	23100	0.13431225120173892	0.13431225120173892	0
0.8044982698961938	1245348	0.6205035772625128	0.6232235431011119	0.407835547975808	22680	0.2698721468922373	0.2698721468922373	0
0.7970835392980722	1304568	0.6425960617346321	0.6469860595703915	0.4249912865646275	23184	0.2418851112471765	0.2418851112471765	0
0.8416955017301038	1892444	0.6847261369359363	0.6895289609664473	0.3985684637105311	22584	0.2702949485561433	0.2702949485561433	0
0.9065743944636678	1318386	0.5815251937832372	0.5890732102331301	0.41916962909653316	26128	0.23729665462280122	0.23729665462280122	0
0.8677706376668315	650504	0.541232374152211	0.5578785524596143	0.3749442386655972	23980	0.2650149853280968	0.2650149853280968	0
0.7891744933267425	758034	0.4948687453569285	0.5064658851156565	0.4118428037408961	23160	0.2498498628755815	0.2498498628755815	0
0.8643104300543747	1091940	0.5793029632009147	0.5901319685532415	0.4018001385219058	24628	0.23111710994843623	0.23111710994843623	0
0.8305734058329214	1248976	0.5997015829359568	0.6031510176028312	0.40899205928547827	22946	0.23117406853626912	0.23117406853626912	0
0.7587740978744439	2229708	0.69095032332294	0.6927012096802471	0.41627030187468744	21792	0.23212532705587144	0.23212532705587144	0
0.8384824518042511	1138924	0.6027970925992884	0.6055757023714737	0.4237710589368772	25066	0.308106546749998	0.308106546749998	0
0.8204399406821552	998142	0.6321658105374444	0.6408827033855128	0.4190800417685407	23424	0.3392429175218446	0.3392429175218446	0
0.8369995056846268	690512	0.501277015233955	0.5155554313171963	0.39873995742568985	23814	0.24424085432858836	0.24424085432858836	0
0.7968363816114681	804368	0.5043629681055972	0.5114570188540469	0.40683778591739994	23086	0.2753227121488255	0.2753227121488255	0
0.9064508156203658	1405434	0.5148767049641376	0.5288167836297312	0.40349407261833337	26262	0.1873443741344418	0.1873443741344418	0
0.7754572417202175	1929862	0.6724150419006955	0.674538163885743	0.4499605061946012	22564	0.23490200799091462	0.23490200799091462	0
0.7921403855659911	2340490	0.6265678262063089	0.63196338745434	0.4517309654124204	23358	0.2532069120136096	0.2532069120136096	0
0.7932525951557093	749918	0.6325372515017358	0.6354376653717854	0.40769652745297263	22574	0.30315165071712025	0.30315165071712025	0
0.8078348986653485	2655890	0.6269997456081312	0.6295459439973917	0.4376173410548452	23080	0.1433460391601921	0.1433460391601921	0
0.7464162135442411	1572728	0.6031283032584474	0.6072637341287189	0.4398475900488341	22744	0.22274381701782942	0.22274381701782942	0
0.884206623826001	1486516	0.5932082480448285	0.5967333510296392	0.41400467778384825	26002	0.23075374608725363	0.23075374608725363	0
0.7209589718240237	1147600	0.5938007850100276	0.5955036859108164	0.43042741965717807	20726	0.2753853141488379	0.2753853141488379	0
0.745551161641127	2263852	0.6929294356611667	0.6960282191345192	0.44798772165383083	22078	0.26889060268821363	0.26889060268821363	0
0.7782995551161641	1208138	0.6344970293578441	0.6405120780344652	0.42273078237565037	21712	0.2349958287773772	0.2349958287773772	0
0.7907810182896688	1229706	0.5944750133964145	0.6012094807355622	0.41785611082721236	22692	0.22884022548772964	0.22884022548772964	0
0.815002471576866	1962976	0.6568417537535838	0.6583615041201164	0.428539614055504	24326	0.2108586738855537	0.2108586738855537	0
0.8266188828472565	1390618	0.637225763383979	0.6402192008583986	0.42753814444066	24262	0.2566574863225685	0.2566574863225685	0
0.75914483440435	1613802	0.6143518597180021	0.618066674192343	0.43817251540458685	23012	0.23806025787155197	0.23806025787155197	0
0.8035096391497776	2711166	0.6552474502809301	0.656347242681803	0.46126365530729174	24420	0.2146229503591587	0.2146229503591587	0
0.8397182402372714	1122984	0.5436365906863526	0.5556187316794251	0.4202719073971613	24102	0.20861645289617195	0.20861645289617195	0
0.7375185368264954	693742	0.5626781275603776	0.5705246415217846	0.4132401623072106	21600	0.3080509766714342	0.3080509766714342	0
0.8570192782995552	993976	0.6515272218186224	0.6615422780292729	0.39968971349589805	24050	0.2798810794716584	0.2798810794716584	0
0.8061047948591201	1246658	0.6181343100055955	0.6236374492286901	0.42237874770480405	23272	0.2719085046353503	0.2719085046353503	0
0.7993079584775087	1177444	0.655854027104121	0.661305381360185	0.41637041539441916	23008	0.2935263511349153	0.2935263511349153	0
0.796465645081562	1244382	0.6724148211416899	0.6771693298058382	0.4358435786280084	22688	0.27810702188921116	0.27810702188921116	0
0.7785467128027681	1654426	0.5366535075355071	0.5411802368486641	0.4468945507144355	23356	0.19687148473696955	0.19687148473696955	0
0.7305981216015818	2388980	0.6704808770695038	0.6724859266712789	0.43965930270576736	21820	0.2679636319954094	0.2679636319954094	0
0.7785467128027681	1040086	0.6274772113407353	0.633136903588689	0.40640330847891654	22458	0.2568953888479419	0.2568953888479419	0
0.7474048442906575	1096488	0.5927782893151042	0.5961003979716655	0.42810317529815145	22024	0.24374328336584763	0.24374328336584763	0
0.7555610479485912	1311256	0.5678191160715637	0.5725721881245028	0.4307323833607517	21924	0.22268731565764796	0.22268731565764796	0
0.8044982698961938	1711608	0.5926735466575498	0.5951834671399233	0.44455063638319503	23740	0.21571984713230008	0.21571984713230008	0
0.856772120612951	1942470	0.6084368759505293	0.6150001992917541	0.4226756121819882	25784	0.2168466485710502	0.2168466485710502	0
0.9062036579337618	803530	0.5413902448616513	0.5558967803752998	0.3829541024543406	25364	0.25371536237750925	0.25371536237750925	0
0.7813890261987148	1001350	0.5034594427821568	0.5109807538610812	0.4209727653048085	22002	0.22830694062402443	0.22830694062402443	0
0.8184626791893228	1107510	0.6403747281243716	0.6443369969048831	0.4106403508880614	23292	0.3119811114556857	0.3119811114556857	0
0.7566732575383095	811742	0.49384917204881135	0.5014798754488113	0.4229793188413678	21760	0.2940380626308385	0.2940380626308385	0
0.8484923381117153	2471844	0.6899620044609662	0.6942860013307782	0.4219453542367932	25184	0.20673495171639633	0.20673495171639633	0
0.8281018289668809	844448	0.469326506980849	0.4866607385584698	0.41256598674121947	23768	0.24725387988394357	0.24725387988394357	0
0.8416955017301038	975770	0.5642337660402358	0.5748118766222967	0.40536197187506723	23668	0.27273573141409474	0.27273573141409474	0
0.8040039545229857	639462	0.47912833742131894	0.49197212243441596	0.395943778888902	22284	0.2124451609250958	0.2124451609250958	0
0.7904102817597627	1368802	0.5857244527498051	0.5924077214609701	0.4347919362582675	22900	0.23675551314990315	0.23675551314990315	0
0.8431784478497282	1579838	0.6613685971857922	0.6657384611666185	0.4325959617911294	25126	0.2498493900852972	0.2498493900852972	0
0.8235294117647058	1374512	0.5691635517370239	0.5766421296472672	0.43488021683991174	24870	0.22953863948499498	0.22953863948499498	0
0.7378892733564013	672934	0.5322945500420478	0.5448974969556637	0.40533382923235034	20082	0.28301693371699765	0.28301693371699765	0
0.8434256055363322	717086	0.5143523631341124	0.526236837332266	0.38212211730441853	23192	0.2648512053592182	0.2648512053592182	0
0.7561789421651013	772624	0.5510082572060185	0.560337451959693	0.4113388956933353	21168	0.2785215890987308	0.2785215890987308	0
0.7166337123084527	1303194	0.6350410449757992	0.6379954728393921	0.43710523244276217	21168	0.2508137002651622	0.2508137002651622	0
0.8318091942659417	3240466	0.652605448710012	0.654490723809812	0.45155503758915927	24864	0.2310025662256291	0.2310025662256291	0
0.741102323282254	1262790	0.6283358021203574	0.6309031476503222	0.4298921947032508	22606	0.26760538172152953	0.26760538172152953	0
0.8132723677706377	2265258	0.625167987094008	0.6277136435954513	0.4527171283012113	24018	0.2275013216928903	0.2275013216928903	0
0.7953534354918438	2887502	0.6397484505217365	0.6407209960672663	0.43344782590786285	23762	0.18236501673707153	0.18236501673707153	0
0.8869253583786456	934662	0.47781171395066585	0.4905548023175276	0.4086067298129314	25308	0.1970069220975351	0.1970069220975351	0
0.7969599604547701	1593320	0.6687547229494194	0.671317972391381	0.4328008194665864	23062	0.21965251539521688	0.21965251539521688	0
0.879757785467128	1451264	0.6305362351737646	0.6341761659700248	0.43423741632928464	25724	0.29833292724388355	0.29833292724388355	0
0.819080573405833	1652096	0.6057936926035107	0.6104294028478762	0.4317153202636001	24462	0.20532865287316593	0.20532865287316593	0
0.8524468610973801	2282394	0.6465323027069817	0.6489621563155289	0.421105589076161	24880	0.23061216491934633	0.23061216491934633	0
0.8279782501235788	1591484	0.6526302600317945	0.6564779931207164	0.41436975278131766	23188	0.21287455545688785	0.21287455545688785	0
0.7587740978744439	741670	0.5780661149636701	0.5906021286715741	0.4060045013762172	21042	0.2972071258761958	0.2972071258761958	0
0.6746169055857637	970996	0.6282142011973746	0.6322000571028676	0.43080526805945235	20288	0.3116348308230459	0.3116348308230459	0
0.9020019772614929	1020384	0.5680752193467117	0.5770448610251042	0.40578250675488525	25224	0.27055038340685705	0.27055038340685705	0
0.7330696984676224	2292632	0.5652298162843415	0.5691785715141393	0.4366182904644822	21612	0.19483922447978275	0.19483922447978275	0
0.8038803756796836	2018512	0.6012518473232819	0.6070337256317584	0.44454904628865083	23728	0.1823962956711643	0.1823962956711643	0
0.8492338111715274	1257926	0.583897417810099	0.5897952310336586	0.4202264798294995	24162	0.24744457661711808	0.24744457661711808	0
0.6848739495798319	2262186	0.6292509263403263	0.6312790764729092	0.45474875230580225	19830	0.23617280694914744	0.23617280694914744	0
0.7859614434008898	1310654	0.6603617584065257	0.6627195489705288	0.4410365592847227	23368	0.3314893342608525	0.3314893342608525	0
0.75	819130	0.6160603413330633	0.6210758822828623	0.41787227303474733	21508	0.2983189578484913	0.2983189578484913	0
0.8145081562036579	1482836	0.6275101284666551	0.6309631916086041	0.42240373779195806	23902	0.2601191223807179	0.2601191223807179	0
0.7440682155215027	1075076	0.52146746910339	0.5280089508457063	0.4186385675254383	21972	0.19673266546289517	0.19673266546289517	0
0.7390014829461196	907598	0.6142737781347252	0.6158196749962486	0.42855560774865525	21408	0.3392006064848547	0.3392006064848547	0
0.7948591201186357	1309744	0.5808386914466505	0.587377255160492	0.4114484493549593	23256	0.1826603690767973	0.1826603690767973	0
0.68536826495304	949938	0.6206724380154737	0.6242832398885592	0.42345463373016173	19528	0.3162212262932193	0.3162212262932193	0
0.8451557093425606	1592566	0.5739823397934645	0.5791500171565741	0.41274679325214225	24408	0.17706872164983353	0.17706872164983353	0
0.8762975778546713	1039624	0.5861958164101546	0.5963557822060062	0.40847707811698036	24154	0.25238788592871825	0.25238788592871825	0
0.7512357884330203	1022826	0.5857089176930306	0.5923152531348036	0.4225694150981277	21616	0.27067039201764553	0.27067039201764553	0
0.819080573405833	765518	0.5788797959993688	0.5907010709647823	0.39873863313025143	23820	0.29350450563615754	0.29350450563615754	0
0.8371230845279288	2384268	0.6663644826200374	0.6682104967534442	0.44399685560591956	25660	0.2641915064572318	0.2641915064572318	0
0.698961937716263	1070328	0.6228845872339074	0.6255141478498553	0.4412211951794976	20794	0.2813314257237867	0.2813314257237867	0
0.7707612456747405	2017808	0.6288897134247795	0.6332982575339042	0.43503230432307727	22416	0.25848091513680777	0.25848091513680777	0
0.8640632723677706	1354658	0.574326460750219	0.5817774418580611	0.4233542963205214	25376	0.24827445714860116	0.24827445714860116	0
0.7938704893722195	2660402	0.6699318350686169	0.6737242938344972	0.4276230655141224	23384	0.20734800546144463	0.20734800546144463	0
0.7888037567968363	1262212	0.6241216402454756	0.6280541032734169	0.427684492062597	22508	0.262483063973958	0.262483063973958	0
0.7886801779535344	934838	0.5773614549883664	0.583631738233039	0.4070280496653602	21818	0.2582182874465931	0.2582182874465931	0
0.7892980721700444	886258	0.6220283150450102	0.628389914992485	0.4163248944250845	22214	0.3087726090678992	0.3087726090678992	0
0.6838853188334157	870766	0.5620986869614562	0.5663569007549073	0.39922931153175445	19590	0.2615563910954983	0.2615563910954983	0
0.782871972318339	1570710	0.6179728719864324	0.6213562053404403	0.43062441499546017	22840	0.24746474590030973	0.24746474590030973	0
0.7440682155215027	994420	0.5357677021067492	0.543749578325785	0.41415428352191436	21080	0.22248362396079077	0.22248362396079077	0
0.8355165595650025	1706284	0.5974720862713708	0.6025700314379504	0.43007086029808655	25186	0.17411384184042147	0.17411384184042147	0
0.7305981216015818	2037358	0.6248197597426587	0.6290334873770259	0.42458572673703693	21322	0.22411599474607455	0.22411599474607455	0
0.8266188828472565	976982	0.4658477650976794	0.4795597930336322	0.4065372198780031	23110	0.21194504065595818	0.21194504065595818	0
0.856772120612951	1072678	0.5660576248429217	0.5739700914597887	0.42595760466142685	25142	0.236130804685209	0.236130804685209	0
0.8187098368759269	602604	0.5832725698512297	0.5950805322079743	0.37763586657001896	22808	0.2886749328255586	0.2886749328255586	0
0.7810182896688087	1379914	0.6140324596237613	0.6197339948909816	0.43103825289670544	22742	0.19930381853643564	0.19930381853643564	0
0.8341571922886801	701680	0.5248464796942722	0.5363514562587844	0.4059757531473009	23528	0.2918176990336872	0.2918176990336872	0
0.792016806722689	1067560	0.6267298833855902	0.6322007465946589	0.42353499905099334	23072	0.2545543037469502	0.2545543037469502	0
0.7981957488877904	1576188	0.6556937728077888	0.6659170569744162	0.40724541790278396	22418	0.2304057596960307	0.2304057596960307	0
0.7556846267918932	903392	0.5819711789436864	0.5874327357813559	0.41619109571654894	21918	0.24723812700624173	0.24723812700624173	0
0.8592436974789917	1602184	0.5840749686773941	0.5912355969814519	0.4380130549932321	25074	0.22477581632889185	0.22477581632889185	0
0.7376421156697973	1047146	0.5682539157345542	0.5727889736629906	0.42427439302287623	22120	0.2116592988228784	0.2116592988228784	0
0.7740978744438952	2108552	0.5442881218292582	0.5506129575849804	0.43961089033749795	22888	0.18491998096741746	0.18491998096741746	0
0.7217004448838359	2225156	0.6456196174493722	0.6486325110724784	0.45144511505817864	21214	0.26579436371008325	0.26579436371008325	0
0.7754572417202175	2325440	0.5550556876064194	0.5612198449066766	0.4333048877242509	22800	0.17921081383646478	0.17921081383646478	0
0.8271131982204647	2058688	0.52178255077151	0.5333377239984581	0.4192723717521358	24180	0.1871417004175562	0.1871417004175562	0
0.7576618882847257	1282132	0.567335501176978	0.5721577225849118	0.4173731007162001	21834	0.25506673544013564	0.25506673544013564	0
0.745304003954523	1714416	0.6321608495963695	0.6372088850386984	0.4391179002895896	22566	0.20056322570376162	0.20056322570376162	0
0.7996786950074147	1469020	0.5875986120696131	0.5935223936192372	0.4383975135255116	23974	0.25557064923330447	0.25557064923330447	0
0.8114186851211073	1100838	0.547724944908785	0.5569856110616341	0.42369791617766195	24182	0.23205837845799415	0.23205837845799415	0
0.8046218487394958	1012376	0.610260563452154	0.617577622597088	0.4169805325295253	23706	0.3096871182128646	0.3096871182128646	0
0.7436974789915967	1875628	0.6377261444281086	0.6399390297884838	0.4383201788632292	22568	0.20834044294217513	0.20834044294217513	0
0.8882847256549679	1804314	0.6115531946599119	0.6159805242256536	0.42286618568444817	25590	0.21783866436022714	0.21783866436022714	0
0.8298319327731092	2379412	0.6610146154394697	0.6643990688369853	0.43780351120855193	24446	0.22797856172532108	0.22797856172532108	0
0.8718487394957983	1074618	0.6082334927229613	0.6171465891795239	0.41070501957054123	25230	0.2770440407459873	0.2770440407459873	0
0.8234058329214038	1024542	0.5716881387413586	0.5811054771971523	0.41678698001336595	23618	0.22292553486663436	0.22292553486663436	0
0.8447849728126544	689054	0.5817681329810026	0.5936242600266105	0.3955095097523373	23574	0.29284124977231757	0.29284124977231757	0
0.6924122590212556	933346	0.564048694574737	0.5686735142471718	0.43168175223576455	20038	0.3338455986708586	0.3338455986708586	0
0.7948591201186357	699310	0.5769743737796355	0.5860102233890113	0.4000769782738753	21946	0.3311907664805341	0.3311907664805341	0
0.8187098368759269	1115152	0.6339745516345322	0.6388083886059973	0.4203999862880989	24086	0.3190978502837217	0.3190978502837217	0
0.8414483440434998	1272684	0.5971559644947483	0.604025848670306	0.42780021889377146	25010	0.28276725140596054	0.28276725140596054	0
0.8355165595650025	966900	0.5876731323068948	0.5975201359898065	0.4037356774561649	23200	0.2630092266683809	0.2630092266683809	0
0.7858378645575878	952502	0.6169577991202667	0.6223057911641486	0.4059134395366559	21692	0.2939160846057652	0.2939160846057652	0
0.8419426594167079	1383624	0.5999228285905791	0.6080541512720635	0.40891512416520626	24608	0.21576207321987972	0.21576207321987972	0
0.7606277805239743	1566902	0.6509445593683201	0.6542392628494225	0.4328458545592429	22120	0.22041262071279097	0.22041262071279097	0
0.782871972318339	1943310	0.5404015257715963	0.5433913460214109	0.45622459316233654	23530	0.18450675750971554	0.18450675750971554	0
0.8507167572911518	1277704	0.6747548606705834	0.6828989557624627	0.40065181503930497	23650	0.2606223639037734	0.2606223639037734	0
0.8131487889273357	1383508	0.6176120120515141	0.6223563706802097	0.43872529580977365	24090	0.27138795588411585	0.27138795588411585	0
0.8400889767671774	993300	0.5606480641864501	0.5696015800951637	0.3961874219336512	22800	0.2010869142506754	0.2010869142506754	0
0.6778299555116164	659040	0.5499074478447327	0.5566846079909932	0.40909080554260163	18820	0.28980002356066975	0.28980002356066975	0
0.8040039545229857	632702	0.48187557732539393	0.49054108698070714	0.3703954060926253	21756	0.27534138829963334	0.27534138829963334	0
0.7782995551161641	886320	0.598742647950251	0.6062191228676096	0.4150495233657076	22434	0.33584241290389677	0.33584241290389677	0
0.8120365793376174	2962516	0.6680102290966143	0.6692690442188227	0.4414109456413901	23700	0.22100825266117577	0.22100825266117577	0
0.828719723183391	2076854	0.5775315674249027	0.5856698745413355	0.4202057591281498	24348	0.1884475447578319	0.1884475447578319	0
0.8341571922886801	1334580	0.6250922605786955	0.6311220966729593	0.4040659156446808	23068	0.23200663142367525	0.23200663142367525	0
0.810182896688087	1090050	0.5539269022516767	0.5617236109147355	0.42459696540861197	23372	0.24690462109594635	0.24690462109594635	0
0.8266188828472565	952762	0.5249265334619209	0.5381540829149954	0.42336310867135074	23330	0.2189719912908756	0.2189719912908756	0
0.8172268907563025	2317800	0.6467176263178932	0.6509292608579972	0.44003440630209095	24434	0.20314948294083654	0.20314948294083654	0
0.8341571922886801	1332106	0.6215021114222581	0.624891713487517	0.42609824534404456	23888	0.23953061679290988	0.23953061679290988	0
0.8416955017301038	1619190	0.6601663207844184	0.6633924655641866	0.4104542477425141	24740	0.2549156514121415	0.2549156514121415	0
0.7738507167572911	1313538	0.6173039993528584	0.6291505948146355	0.42697458479985523	22934	0.23300945541934137	0.23300945541934137	0
0.8174740484429066	1766804	0.6186857143909871	0.6227668051327325	0.44328378539980456	24738	0.22729925790895333	0.22729925790895333	0
0.8509639149777558	1103788	0.5784631838456965	0.5883530090184376	0.4041306312446489	24460	0.25666302321925316	0.25666302321925316	0
0.8133959466139397	2490956	0.6850301222309553	0.6878438604215443	0.43646517910841176	24004	0.19507713833530918	0.19507713833530918	0
0.9001482946119624	1230798	0.5762802085647871	0.5825796040399099	0.4119105778762868	26154	0.23398032917771472	0.23398032917771472	0
0.6987147800296589	715986	0.5952197420697775	0.604201885455787	0.4134185234936751	19802	0.30036857977075865	0.30036857977075865	0
0.7676717745921898	1335248	0.5521304109342831	0.5600688133139798	0.44071103722065413	22772	0.23390666613248667	0.23390666613248667	0
0.8437963420662382	1540134	0.6376721775894075	0.6411067734244591	0.4359970580303602	24340	0.2653996337824625	0.2653996337824625	0
0.7810182896688087	581068	0.5401036394074837	0.5491052501455166	0.3928883177649259	20598	0.31731955128171635	0.31731955128171635	0
0.7889273356401384	871830	0.5680288224237611	0.5745586663599426	0.42371853175561225	23032	0.2631539396453924	0.2631539396453924	0
0.8061047948591201	2699060	0.6350645451321011	0.6402587172541251	0.4248058922422833	23838	0.16402621348325183	0.16402621348325183	0
0.8431784478497282	1004736	0.5905681047126505	0.6005685510825841	0.4081659206410222	23882	0.2485594350299438	0.2485594350299438	0
0.7441917943648048	1298210	0.6145805071563849	0.6224381806808056	0.4209565816301381	21660	0.2267552225823726	0.2267552225823726	0
0.8402125556104795	1039118	0.6392410439663877	0.6451123409240315	0.38363580850833806	24100	0.2789105657931824	0.2789105657931824	0
0.8057340583292141	722796	0.5536386313547371	0.5637798871813166	0.40306923092495167	22910	0.3041062159557963	0.3041062159557963	0
0.8500988630746416	1610346	0.5971603403566897	0.6012169990586456	0.43237032561110983	24898	0.23288291298948618	0.23288291298948618	0
0.7681660899653979	724934	0.5447168691216141	0.5573534316076062	0.40812594396722307	21566	0.3050027839837233	0.3050027839837233	0
0.736159169550173	1934738	0.6084597044423646	0.6111091018130047	0.438246010962023	21524	0.16973569945877928	0.16973569945877928	0
0.8643104300543747	1102744	0.595131376265483	0.6040362683244569	0.42063972426891455	24794	0.28732472008170146	0.28732472008170146	0
0.8044982698961938	959984	0.6099184191711667	0.6155905168254096	0.38351923413307815	22480	0.27746506770666773	0.27746506770666773	0
0.7904102817597627	791464	0.5051283003082284	0.522304655838999	0.40190664585024116	22388	0.22727873031363954	0.22727873031363954	0
0.7567968363816114	1398292	0.6195506547989865	0.6238603429027946	0.43783662721237665	22638	0.2462734768059779	0.2462734768059779	0
0.7779288185862581	2231570	0.640084637187385	0.647105626808839	0.4225392897150053	22586	0.2644452540388091	0.2644452540388091	0
0.7852199703410776	892360	0.6065536590633234	0.6116464761015266	0.4266629033189973	21554	0.31543018760701064	0.31543018760701064	0
0.8205635195254573	1246268	0.6376748603292648	0.642587878860519	0.4092789487394311	23754	0.3013644692019541	0.3013644692019541	0
0.7305981216015818	906972	0.599932605571933	0.602070206126336	0.4252671354823529	20738	0.3058773939944665	0.3058773939944665	0
0.7435739001482946	1421058	0.643357151520154	0.646496989165725	0.4386360958892284	22468	0.267315398224976	0.267315398224976	0
0.7632229362333168	1278058	0.6452388254496848	0.6476698504779935	0.4247311819818554	22066	0.3165493293858109	0.3165493293858109	0
0.7978250123578843	1119408	0.4838228801048023	0.4960973822710393	0.43008982030107473	23302	0.19236302841366484	0.19236302841366484	0
0.7875679683638162	1231742	0.5856899561094451	0.5892819574177084	0.42322611944406163	23372	0.2636584367662231	0.2636584367662231	0
0.8492338111715274	1670892	0.6298002886743003	0.6335605401199425	0.4309596547381897	24864	0.26149873987331024	0.26149873987331024	0
0.8643104300543747	1200452	0.5638241057113764	0.5711924562184334	0.4134024013130713	25216	0.23650498778361115	0.23650498778361115	0
0.7679189322787938	2191610	0.5801485948380364	0.5849177941053508	0.42693198321483655	22978	0.19964409084371992	0.19964409084371992	0
0.7904102817597627	1034274	0.6344780469799396	0.6434022283418223	0.4147589058579466	21888	0.3101662050509454	0.3101662050509454	0
0.8580079090459714	1235910	0.5817182023366614	0.5858765837491372	0.42773404550547117	25378	0.2132609387944143	0.2132609387944143	0
0.7979485912011863	1441544	0.6202389641882884	0.6244241634798952	0.4366674944739657	23338	0.27609071385443257	0.27609071385443257	0
0.8858131487889274	1697442	0.6067200581688162	0.6125996480300473	0.4126072064364083	26318	0.18659138655398014	0.18659138655398014	0
0.754448838358873	767874	0.5858035423777747	0.5933664535898533	0.41093546100797407	21878	0.2997507640510331	0.2997507640510331	0
0.8669055857637172	1680538	0.634150154566025	0.6423285082314043	0.4245325340868264	25474	0.24077973489465718	0.24077973489465718	0
0.814384577360356	2634442	0.6400677191353421	0.6441436341559242	0.4311138604758149	23684	0.21280690756862175	0.21280690756862175	0
0.819080573405833	2681690	0.6464664324923864	0.6523771565289727	0.4336422111147047	24146	0.186621245879775	0.186621245879775	0
0.8325506673257539	2133334	0.6286888013586921	0.6323410193484577	0.43939796987918456	24326	0.2621251947112296	0.2621251947112296	0
0.6544735541275334	1880402	0.6632866604080058	0.6655530726681029	0.45477850080189985	19520	0.23397595576625127	0.23397595576625127	0
0.741102323282254	1191648	0.6275920443592906	0.633202269188388	0.4191748995445703	21214	0.2954469704127359	0.2954469704127359	0
0.8162382600098863	991388	0.5696284187179793	0.5750303581514987	0.4003393370454576	23326	0.29275484965129533	0.29275484965129533	0
0.796712802768166	1639192	0.6320134672249155	0.6375358855228658	0.4257004645143286	23312	0.20532168792808303	0.20532168792808303	0
0.7187345526445872	688742	0.5215285064964098	0.5321750191235042	0.41054720305326314	20188	0.2532686632179509	0.2532686632179509	0
0.9095402867029164	846332	0.5646977096674807	0.575272357802754	0.38197903714395265	25784	0.28044120122223365	0.28044120122223365	0
0.8823529411764706	2465180	0.6828013466813664	0.683717171911074	0.43779885507435967	25978	0.2378035864616427	0.2378035864616427	0
0.8625803262481463	2421058	0.6231925529057353	0.6326282176320515	0.421496621102107	25202	0.21862539299069642	0.21862539299069642	0
0.7084775086505191	601534	0.5643774616930277	0.5756159268070817	0.4064477009028358	18952	0.24958398743389656	0.24958398743389656	0
0.7758279782501236	1177106	0.6158589988735547	0.6199645698795436	0.43298458513113447	22568	0.29469213823537965	0.29469213823537965	0
0.7602570439940682	1239450	0.630772433600991	0.6327076178109005	0.4360767771850169	22332	0.2711967372209379	0.2711967372209379	0
0.879387048937222	1193214	0.5237229073385531	0.5342471075311621	0.4169536825925993	26222	0.1991185534733089	0.1991185534733089	0
0.8832179930795848	1233574	0.5878586956500815	0.59228693489395	0.41609452857455625	25574	0.2271802163962062	0.2271802163962062	0
0.7858378645575878	1421858	0.5019456107152261	0.5144758728079001	0.4311489270964508	23586	0.17460055342614933	0.17460055342614933	0
0.9064508156203658	1192116	0.5351975038326365	0.5450444363903181	0.40707336314622733	26622	0.19354263539362537	0.19354263539362537	0
0.8086999505684627	1801702	0.6094833550510715	0.6114765427276402	0.44491356897614676	23804	0.1920641952716486	0.1920641952716486	0
0.8115422639644093	997822	0.6719340037324201	0.6757130385077348	0.42724202575766285	23440	0.336074975772272	0.336074975772272	0
0.8023974295600593	2133042	0.6322045453971753	0.6360277176929423	0.44790593637758797	23922	0.21771827460632473	0.21771827460632473	0
0.879387048937222	791270	0.5503545539819711	0.5592422866424762	0.38680252135040893	25460	0.21733417500379823	0.21733417500379823	0
0.8266188828472565	1096286	0.6272010005094967	0.6319820285231518	0.4027491559913036	23288	0.271497306514841	0.271497306514841	0
0.8423133959466139	1386144	0.5556193586745515	0.564738208849621	0.41011507323943214	24740	0.2001574233713493	0.2001574233713493	0
0.879634206623826	1141524	0.5385429651870749	0.5513903454885799	0.4172905725609781	25122	0.2206483408908361	0.2206483408908361	0
0.8042511122095897	1132420	0.5512220553760024	0.5554211598733226	0.4237448998357751	23268	0.24679364530521106	0.24679364530521106	0
0.7328225407810183	2342350	0.645063176850038	0.6478763837809962	0.44278633336605905	21658	0.286541669230632	0.286541669230632	0
0.7947355412753336	983514	0.5530959704447839	0.5645858810797568	0.4145220711009503	22874	0.24035978481304043	0.24035978481304043	0
0.796465645081562	1069230	0.5804396699635989	0.5873369836498977	0.4168676786872001	23252	0.2649485642644144	0.2649485642644144	0
0.7275086505190311	1471104	0.6661733097586681	0.6669465932350741	0.42148285053534434	20388	0.26973901813714046	0.26973901813714046	0
0.7705140879881365	1398074	0.6556414155932929	0.6576815067402488	0.4290325116019747	22630	0.2657882188705903	0.2657882188705903	0
0.7486406327236776	1351734	0.5936759234942343	0.6003870455133097	0.43704880562964443	21436	0.272554683797693	0.272554683797693	0
0.7587740978744439	1032726	0.5639468805403433	0.5712585879213828	0.4326483225051562	22484	0.2775456453828105	0.2775456453828105	0
0.722194760257044	827238	0.6118418138923307	0.6158899288791002	0.3985938222325147	20054	0.2498852127586786	0.2498852127586786	0
0.7739742956005932	1027558	0.6009758091242297	0.6090675700188695	0.4222681567899725	22350	0.2706198931103611	0.2706198931103611	0
0.8044982698961938	2067060	0.5904882190616013	0.5957081585731565	0.4354594243256063	23400	0.2643243989927005	0.2643243989927005	0
0.8096885813148789	1046846	0.5624350204884797	0.570351239729179	0.4054502239569729	23646	0.22825095612492152	0.22825095612492152	0
0.7614928324270884	648766	0.4450448423998234	0.4566403010918841	0.4018424856944605	20798	0.24781618195748567	0.24781618195748567	0
0.7680425111220959	1233994	0.6268812107464389	0.6306541972688073	0.42643983592567175	22310	0.2773320737270545	0.2773320737270545	0
0.796465645081562	936134	0.6203214166332721	0.626469762347329	0.3977052429167011	21948	0.33938948775631933	0.33938948775631933	0
0.7758279782501236	1836980	0.6351209214688546	0.637312463199049	0.43007368199954915	22514	0.22323119147628603	0.22323119147628603	0
0.8451557093425606	1160286	0.5811014800710147	0.5872426707018447	0.42084616248002366	24824	0.233824501092896	0.233824501092896	0
0.8402125556104795	748876	0.5933859363447971	0.6026131656667221	0.3957099234484578	23920	0.2775828346699078	0.2775828346699078	0
0.8274839347503707	1318330	0.6514749473434385	0.6566747248455801	0.4210723152026172	23990	0.23402874384553451	0.23402874384553451	0
0.842807711319822	2450378	0.6679358196353972	0.6705190211320325	0.4363390599275951	24624	0.23033045518365447	0.23033045518365447	0
0.809935739001483	1971640	0.6105517670226369	0.6134548538520382	0.4243088199926686	23402	0.25523497554372193	0.25523497554372193	0
0.7858378645575878	1408942	0.6176973246233245	0.6261713365634055	0.4163494022448586	23240	0.23947352230910723	0.23947352230910723	0
0.7891744933267425	1253150	0.6431089286322318	0.6463476535923232	0.42143157236053663	23176	0.2772894492068377	0.2772894492068377	0
0.8119130004943154	1500448	0.5829340352867572	0.5896958223524439	0.445440625917195	24338	0.26307239536864674	0.26307239536864674	0
0.7287444389520514	1316120	0.5842535424869054	0.591080200247473	0.43317510341970805	21716	0.25418550302381776	0.25418550302381776	0
0.8273603559070687	804008	0.5086587421915112	0.5200993162824427	0.40749570156225334	23626	0.23995886062830993	0.23995886062830993	0
0.8293376173999012	1356978	0.6065678781963306	0.611995184414185	0.43380710889234203	24966	0.25414509173691396	0.25414509173691396	0
0.7496292634700938	948686	0.49559220877535554	0.5010789054060628	0.4185703697630587	21272	0.21743869306641986	0.21743869306641986	0
0.8173504695996046	1929898	0.6030267771354431	0.605155585440922	0.4464630955241023	24464	0.21334018101986896	0.21334018101986896	0
0.8536826495304004	1466510	0.574424499682616	0.5813487918001967	0.4229499831133421	25298	0.21086935899166648	0.21086935899166648	0
0.6290163124073158	1216514	0.536640343074612	0.5421836556877992	0.44283084887283475	18288	0.22132718357011003	0.22132718357011003	0
0.7330696984676224	1146212	0.6476785499119431	0.6513590564656365	0.41671191733044594	20910	0.26779215382011096	0.26779215382011096	0
0.8492338111715274	1228332	0.5476671771674276	0.5547660377778166	0.4217981982528511	25480	0.2080897218183582	0.2080897218183582	0
0.8341571922886801	1068510	0.5651277746433041	0.5747698186704415	0.42583282949920775	24538	0.26093874189160093	0.26093874189160093	0
0.8040039545229857	780468	0.515643527317486	0.5261748707406296	0.398178728985302	22848	0.2739192253035674	0.2739192253035674	0
0.7925111220958971	1668902	0.6574926096773389	0.6606559629565535	0.43726482663518823	22564	0.23597793315856208	0.23597793315856208	0
0.7764458724666337	1078150	0.6053910012116808	0.61285329577747	0.4299877072809053	23314	0.2589670954252928	0.2589670954252928	0
0.8174740484429066	2382686	0.6285743238095235	0.6353904545922027	0.4286287302313294	23944	0.18962132743470209	0.18962132743470209	0
0.736159169550173	718574	0.6273446835030239	0.6324315311308797	0.41684332174526073	21150	0.3551335760370191	0.3551335760370191	0
0.8497281265447355	839230	0.5231715873133357	0.5336149632679491	0.3960075894242294	24524	0.23605300002352078	0.23605300002352078	0
0.7899159663865546	813386	0.5047162985738048	0.5171677287507246	0.40494475885346953	22390	0.24729792662167152	0.24729792662167152	0
0.8400889767671774	1092464	0.5123318584309517	0.5180849637583078	0.4046292076929196	24698	0.18331201350067836	0.18331201350067836	0
0.7860850222441917	2055924	0.6953973813362483	0.699445374416443	0.43078266763258005	23164	0.28876987749298727	0.28876987749298727	0
0.8298319327731092	2357170	0.651956558343728	0.6614677442379434	0.42619305531740864	24094	0.2106177943239443	0.2106177943239443	0
0.6838853188334157	1203338	0.551478092302624	0.5563679385215727	0.4356088683254789	19824	0.24712690423680064	0.24712690423680064	0
0.8718487394957983	2118372	0.6236903099598848	0.629794640411937	0.39924737448688635	25340	0.22858399719847103	0.22858399719847103	0
0.772738507167573	1050542	0.5802815068321222	0.5901725702414803	0.42534434976181323	22688	0.24769494653868743	0.24769494653868743	0
0.8570192782995552	1016212	0.5690959420735168	0.5852380613694792	0.40243602661500694	24358	0.23030013885196984	0.23030013885196984	0
0.814755313890262	1580104	0.5677988949644305	0.5760157502877591	0.41874020490236114	23530	0.19334801530651477	0.19334801530651477	0
0.879634206623826	1054656	0.5011465407224228	0.5121068808474941	0.3935305158934808	25224	0.19464645967957384	0.19464645967957384	0
0.8416955017301038	1171964	0.5232441401129817	0.5320826022573085	0.418147648140134	24604	0.1921301928263641	0.1921301928263641	0
0.7876915472071182	1253986	0.6479923109042921	0.6509523487974448	0.4293761665607827	22732	0.2692947843617438	0.2692947843617438	0
0.7969599604547701	2138130	0.6379074989007604	0.6452331851336298	0.40689099181055904	24220	0.21644074651395914	0.21644074651395914	0
0.759268413247652	889398	0.6728877094879694	0.6780479515370987	0.4066958412165686	21428	0.376716963436239	0.376716963436239	0
0.8882847256549679	1082412	0.6099141282873944	0.6135679059396851	0.397922300109594	25614	0.25065916564188445	0.25065916564188445	0
0.8129016312407316	646950	0.5036608088078208	0.5174446482949188	0.39748922236541123	23318	0.25582248188780915	0.25582248188780915	0
0.8180919426594166	2079436	0.6310261394701692	0.6391309267931774	0.4142211348086959	23534	0.2266346986429059	0.2266346986429059	0
0.8189569945625309	2069108	0.6058600120616142	0.6132527883059077	0.4294835148543721	23792	0.23641964861614573	0.23641964861614573	0
0.7883094414236282	1899426	0.5799025555412474	0.5846594520794839	0.4565571054942094	23098	0.2152091635064661	0.2152091635064661	0
0.8040039545229857	2024116	0.6882612471772213	0.6888006826389693	0.43954651172890563	23664	0.311198666257491	0.311198666257491	0
0.787320810677212	694362	0.5526155286376966	0.5601931904276467	0.39915137744456647	21928	0.2920891175199825	0.2920891175199825	0
0.8404597132970836	1516330	0.5865624618262543	0.5937747682739045	0.42921834639529194	24966	0.17918348446350585	0.17918348446350585	0
0.7832427088482452	1334202	0.5746660645430391	0.5800761586005131	0.43364888497150283	22888	0.23389278265867572	0.23389278265867572	0
0.8775333662876915	917520	0.5062173670385122	0.5153636977690798	0.4123160435493686	25150	0.23649250822496545	0.23649250822496545	0
0.7889273356401384	746544	0.5088524419046766	0.5266103660921958	0.39988098110716214	22348	0.23582987091281163	0.23582987091281163	0
0.8682649530400395	1371990	0.5345089042695923	0.5431831985499843	0.4257787782416073	25212	0.18730386655271936	0.18730386655271936	0
0.7994315373208107	1217462	0.6787614582601752	0.6835759409512469	0.42333261941099937	22482	0.30396449923430235	0.30396449923430235	0
0.7364063272367771	712428	0.5622431757489462	0.5674076986590437	0.3956210081291274	20950	0.30026251929564063	0.30026251929564063	0
0.7165101334651507	1249114	0.6825423557820519	0.6842228453347908	0.4460095567473903	21588	0.345570824448302	0.345570824448302	0
0.8518289668808701	1261512	0.5261785419873602	0.5313607869840778	0.43023521946286786	25558	0.22802981131458747	0.22802981131458747	0
0.7991843796342066	2377898	0.5342951116591247	0.5366712293393613	0.44604966730361545	23794	0.19409924841314408	0.19409924841314408	0
0.7889273356401384	975088	0.6359751362084554	0.640565256477	0.4126041967688681	22504	0.29209609466267067	0.29209609466267067	0
0.6833910034602075	1356600	0.6266082242152844	0.6316440745409367	0.4405926825008506	20194	0.28302348749021206	0.28302348749021206	0
0.8250123578843302	1045418	0.6372163891433803	0.6427281653635126	0.41982275462814655	24118	0.3484443919637456	0.3484443919637456	0
0.8492338111715274	1970278	0.6405626580628307	0.6432151981619223	0.4110633231656505	25152	0.21121356829678428	0.21121356829678428	0
0.856772120612951	856920	0.6016140558649788	0.6145409219224458	0.4059799187060647	24626	0.3147227959970143	0.3147227959970143	0
0.7157686604053386	541154	0.5639630982478839	0.5779741207401886	0.3975902616513365	19608	0.29139009435764196	0.29139009435764196	0
0.7755808205635195	803606	0.5402428775941378	0.5458531775924128	0.4197673678270361	23338	0.23928852784205365	0.23928852784205365	0
0.7587740978744439	827222	0.6209924950469661	0.6244459325352204	0.4148943930108881	21756	0.31220267048881317	0.31220267048881317	0
0.796465645081562	859442	0.5797550798289722	0.5914532770403629	0.4157360812527732	22556	0.28897504950945196	0.28897504950945196	0
0.717498764211567	2203996	0.6773787845907514	0.6769339702144482	0.4427280137776943	21764	0.3106260008199638	0.3106260008199638	0
0.7050173010380623	1477680	0.651725679123935	0.6541802677959121	0.4369652946418743	21202	0.22009477949929337	0.22009477949929337	0
0.8117894216510133	1658776	0.6053119381254242	0.6106051921842381	0.44619968691601214	24454	0.23917076780677585	0.23917076780677585	0
0.7886801779535344	1321916	0.5301978278507375	0.5381518173253865	0.4246566377065728	23828	0.25725188162776347	0.25725188162776347	0
0.7740978744438952	2140998	0.5968215107963998	0.5995391890482721	0.447432613663266	22372	0.2733608477109836	0.2733608477109836	0
0.81463173504696	1213974	0.6617808279388001	0.665608997031412	0.4200600562921191	24036	0.30988017161085657	0.30988017161085657	0
0.828596144340089	1096300	0.5108149960916665	0.5202751488065991	0.4266450049183406	24402	0.21389214526707834	0.21389214526707834	0
0.8177212061295106	799194	0.5818221872600561	0.586073596576343	0.4124166459759888	23168	0.2550886815400801	0.2550886815400801	0
0.7613692535837865	879626	0.5143871949362574	0.5205823723715081	0.4283226109298292	22276	0.21808032953222958	0.21808032953222958	0
0.837988136431043	1079584	0.5883254067459319	0.5958841289398104	0.43044420433967034	24926	0.2800699453669418	0.2800699453669418	0
0.8084527928818586	1289636	0.6636724757663834	0.6636689433545458	0.4337622723888128	23452	0.32022462530541557	0.32022462530541557	0
0.8115422639644093	769180	0.5003216574120296	0.5100545545531437	0.4068419481389655	23172	0.25887040259222555	0.25887040259222555	0
0.7907810182896688	1025538	0.6039641202438079	0.6095862135546565	0.40430285372435953	22064	0.2461696291920068	0.2461696291920068	0
0.7514829461196243	2244812	0.6553887521667134	0.6591913758484035	0.4401847036695808	22008	0.25983656096610425	0.25983656096610425	0
0.7891744933267425	1253144	0.6056059440625787	0.6104792840910283	0.4226226154508918	22394	0.22921236137206635	0.22921236137206635	0
0.7984429065743944	1611878	0.6125613892570887	0.6146651427828137	0.4244900745570113	23348	0.19821794327071382	0.19821794327071382	0
0.8344043499752842	2101086	0.5648376118583825	0.5697188705416784	0.40455387769202766	24426	0.20903596111234565	0.20903596111234565	0
0.8281018289668809	1319392	0.6369943993343109	0.6435868538582067	0.43474304062874825	23848	0.29972428902645304	0.29972428902645304	0
0.7858378645575878	1127992	0.5106916343320437	0.5193929578986799	0.4089437780636414	22906	0.21475966062945798	0.21475966062945798	0
0.7797825012357884	1223310	0.6087990895880094	0.612483556270662	0.42740415104619456	23304	0.26110364273666703	0.26110364273666703	0
0.8089471082550668	1278640	0.573345033185764	0.5838029790533301	0.42279306453421955	23076	0.21644167860986419	0.21644167860986419	0
0.8601087493821058	1281884	0.6014239692193853	0.6067449331054616	0.42202110644251206	25368	0.2751366269726121	0.2751366269726121	0
0.8040039545229857	2645828	0.6683721194649183	0.6722597550396793	0.43640901126409815	24224	0.15234213291140916	0.15234213291140916	0
0.7444389520514088	2308632	0.6160876067389082	0.6183127295055093	0.4495949511832466	22980	0.19644065092055898	0.19644065092055898	0
0.7644587246663371	1575814	0.7245525700144485	0.72615927604758	0.41598726412419595	22154	0.2803451195632745	0.2803451195632745	0
0.7288680177953535	1935052	0.6277047352251566	0.6299712155289406	0.45336733492701015	21656	0.20359180458711848	0.20359180458711848	0
0.8074641621354424	1410702	0.5716643721398343	0.5751526507202872	0.41873847413147836	23170	0.25134560282539603	0.25134560282539603	0
0.8720958971824024	1079738	0.6284251893261058	0.6367928886584574	0.40944990363561734	25034	0.2732168039556867	0.2732168039556867	0
0.8266188828472565	1141448	0.5345632526942776	0.5403332617412872	0.41976070153649286	24078	0.19274853559245375	0.19274853559245375	0
0.7979485912011863	1206376	0.5691213060528909	0.5766650741521026	0.4197242042724023	22784	0.15348151167794818	0.15348151167794818	0
0.8250123578843302	910300	0.6155170378968563	0.6246023202750342	0.41072451469425914	23448	0.2720760661779649	0.2720760661779649	0
0.759391992090954	2687020	0.6377215547563627	0.6419889997776846	0.43217810347983227	23108	0.1820695674960496	0.1820695674960496	0
0.8040039545229857	882510	0.5637492631120138	0.5740904812889532	0.3995527224787136	22596	0.269406107140236	0.269406107140236	0
0.9020019772614929	1080778	0.5831836841751302	0.5919885566742609	0.39135657903132165	25782	0.21928358834877096	0.21928358834877096	0
0.8482451804251112	2318198	0.6335604801978769	0.6385534166148393	0.41478060547604584	24334	0.21275247496454952	0.21275247496454952	0
0.8597380128521996	1193954	0.5782110483681183	0.5873691881675172	0.4176612157072457	25284	0.24014887375642036	0.24014887375642036	0
0.7981957488877904	1072986	0.44740898009370267	0.4545930404352411	0.42620048221329626	23678	0.1816966821862931	0.1816966821862931	0
0.7969599604547701	2236304	0.6191354080548631	0.6247449050578714	0.4408090758199555	23138	0.22595117414005939	0.22595117414005939	0
0.7854671280276817	1656340	0.6405216330586334	0.6441976780799402	0.4376986950547108	23302	0.22053124370356192	0.22053124370356192	0
0.8268660405338606	1455110	0.6328126231389005	0.6401059358333764	0.42549069343210216	24552	0.29090441919612636	0.29090441919612636	0
0.8491102323282254	1442240	0.6319937028006576	0.6355116665744782	0.4240112556444931	24832	0.2695919086712271	0.2695919086712271	0
0.8158675234799803	1615062	0.6662817152134568	0.667774711279972	0.425738897333656	23600	0.2490083182916726	0.2490083182916726	0
0.749876421156698	2906186	0.6667211839748074	0.6678073811075264	0.45467239754645633	22524	0.18865991717524588	0.18865991717524588	0
0.8310677212061295	979044	0.6017509887955823	0.6077174809624166	0.4123039648187275	23516	0.3333826000517786	0.3333826000517786	0
0.8643104300543747	1348372	0.6546022933461011	0.6615241900266712	0.4157922379956618	24300	0.2947449299060682	0.2947449299060682	0
0.8645575877409788	1126694	0.5630363998647208	0.573900169287559	0.39563417068350826	25350	0.22632169076689593	0.22632169076689593	0
0.8217993079584776	1241680	0.6370010715837916	0.6432490067477085	0.40424317130270015	23472	0.2179893564066184	0.2179893564066184	0
0.7377656945130994	986470	0.6176262854588556	0.6249675404744737	0.4169268604633991	20984	0.2652782487484026	0.2652782487484026	0
0.8413247652001977	1098672	0.59194007527809	0.5973528665295026	0.41733196533935163	24226	0.30076374294411506	0.30076374294411506	0
0.7944883835887296	1117328	0.5349145105658993	0.5414443011313944	0.42977337414311956	23290	0.246953363233371	0.246953363233371	0
0.8161146811665843	1323992	0.5999141108618216	0.6055596943145031	0.4102124560625371	23462	0.2370896530276361	0.2370896530276361	0
0.7933761739990114	1841392	0.624070147749608	0.6272056608082207	0.44260023486037064	23334	0.25569546067742355	0.25569546067742355	0
0.8325506673257539	1479422	0.6177067757794118	0.6244696454614251	0.43605020493225144	24522	0.28033493623023426	0.28033493623023426	0
0.7889273356401384	1260474	0.6128370445216645	0.6197607035252151	0.422210617659508	22110	0.2785688473965709	0.2785688473965709	0
0.8431784478497282	1735128	0.6032176946354901	0.6054998243478291	0.4324747167786975	25378	0.21037983191014079	0.21037983191014079	0
0.7230598121601581	779906	0.6013100083749756	0.6037572950952655	0.4224613563605111	20878	0.29073224393786173	0.29073224393786173	0
0.8419426594167079	2406686	0.6315854848352809	0.6397954111600653	0.4143692560464325	24300	0.17162359241073485	0.17162359241073485	0
0.7605042016806722	967010	0.6020938042747065	0.6056610257449334	0.4132674366293228	21814	0.2647596039915827	0.2647596039915827	0
0.7566732575383095	2406648	0.6211652568692242	0.6252342749963389	0.4415757432845817	23072	0.18090633710988213	0.18090633710988213	0
0.8256302521008403	1363884	0.5790529507027876	0.5849756334783	0.40519535796061307	23262	0.24981547699038265	0.24981547699038265	0
0.6800543746910529	1193268	0.5245474137706448	0.529345410400874	0.437412626050222	19662	0.23936506268438704	0.23936506268438704	0
0.7721206129510627	1372810	0.6162714888855853	0.6201008408026553	0.43633022755441403	23106	0.27048505638977965	0.27048505638977965	0
0.8748146317350469	1135480	0.5778536881784212	0.5844730848101847	0.41205765002106315	25658	0.23467215966801183	0.23467215966801183	0
0.8497281265447355	1482932	0.5679844987834564	0.5742616321306319	0.4104757738833082	24802	0.17300475319826092	0.17300475319826092	0
0.6919179436480474	1019166	0.6207537585099835	0.6252051529099961	0.43250721918304175	20158	0.29802508933408073	0.29802508933408073	0
0.8117894216510133	1032478	0.5722002762881694	0.5805191007996164	0.418174017040476	23662	0.2668630688920612	0.2668630688920612	0
0.8339100346020761	788802	0.5614122396945006	0.5704951135606154	0.3956710417329912	23350	0.264899766898201	0.264899766898201	0
0.7245427582797825	959350	0.5578463688740908	0.5640707943225255	0.41216053564049165	20616	0.2601623088639557	0.2601623088639557	0
0.7743450321304992	2663604	0.6404047442885146	0.6433410431270068	0.43452773074230516	22730	0.2022180897176534	0.2022180897176534	0
0.7813890261987148	1043986	0.5243019634444289	0.5292889057985124	0.41824765283016707	22648	0.23000470307980223	0.23000470307980223	0
0.7969599604547701	749226	0.4765225277792014	0.489672467352895	0.4093277518576859	23278	0.26537013745707744	0.26537013745707744	0
0.8341571922886801	1397550	0.5952939114741453	0.6026675568177845	0.4090354812883456	23778	0.22884899969748104	0.22884899969748104	0
0.7184873949579832	893518	0.5707590920525148	0.5773279406783154	0.42121467247426997	21134	0.29218325794981015	0.29218325794981015	0
0.8900148294611963	1086652	0.5875429767555665	0.598231736847663	0.39906664949098153	24826	0.2594216561959678	0.2594216561959678	0
0.7192288680177954	958342	0.5539802241345778	0.5585947514592152	0.4338051704177708	21248	0.25770800573069225	0.25770800573069225	0
0.8440434997528423	2170840	0.6165827582436663	0.6225504491524122	0.4280953203382236	24710	0.24912344912993514	0.24912344912993514	0
0.7376421156697973	1627416	0.6181460974824765	0.6211827973772696	0.4450252926334903	22180	0.27065741914916924	0.27065741914916924	0
0.7436974789915967	586822	0.5324270931490934	0.5404799076960745	0.38905226455665715	20230	0.2867744526829475	0.2867744526829475	0
0.8344043499752842	1343622	0.525870613243279	0.5317619802865962	0.4017865001477241	23270	0.20223693897835981	0.20223693897835981	0
0.8142609985170539	1653774	0.5939233584586646	0.5995670051270134	0.4382885355890538	24324	0.210355578393578	0.210355578393578	0
0.7968363816114681	948586	0.6122978570821892	0.6221223293883043	0.4045430825699394	22454	0.2854925803980208	0.2854925803980208	0
0.8670291646070193	1445174	0.4605383211344658	0.46948434599680405	0.43039654969915553	26066	0.15424729790798716	0.15424729790798716	0
0.6798072170044489	2302256	0.5927608965674728	0.5953501345324441	0.43514437505034126	20430	0.18119083731005933	0.18119083731005933	0
0.8591201186356896	2694252	0.6908065645809475	0.6918064062077015	0.44326933456867706	24852	0.24554390452788044	0.24554390452788044	0
0.8733316856154226	1760864	0.5738034468521863	0.5791385743345442	0.43809700640225874	25440	0.23669022259407602	0.23669022259407602	0
0.8808699950568463	2334000	0.6521214277553669	0.6578265282919058	0.4189025904411066	25224	0.20115357211335327	0.20115357211335327	0
0.8344043499752842	1881038	0.6082780115215426	0.6126504931799381	0.43820359017551663	24328	0.16858046439084226	0.16858046439084226	0
0.7288680177953535	1622334	0.6624458230629946	0.6647154952590233	0.42921809418953955	21636	0.22475466271613775	0.22475466271613775	0
0.8220464656450815	1100990	0.5666083214493045	0.5723627797745078	0.4153157919850183	23606	0.20992566061425408	0.20992566061425408	0
0.7707612456747405	2198110	0.6356001503125055	0.6385580355092739	0.4268150930430144	22456	0.23470999086769986	0.23470999086769986	0
0.8115422639644093	746874	0.5268390392634353	0.5353867541796624	0.4038985278767296	23330	0.26917743068766514	0.26917743068766514	0
0.7842313395946614	1627058	0.6106938755781491	0.6211250434264091	0.42732297041448136	22842	0.23087855880913885	0.23087855880913885	0
0.7365299060800791	1034222	0.6197259338631936	0.6270533423616441	0.42759418581588354	21848	0.30614533135514216	0.30614533135514216	0
0.768413247652002	2752518	0.6637648982688572	0.6646786826363036	0.4481288653368038	23180	0.22357144163509537	0.22357144163509537	0
0.8416955017301038	758350	0.4073487096668386	0.4272792148753461	0.40236772445114605	24158	0.18088965982972183	0.18088965982972183	0
0.8236529906080079	1383368	0.5529362657203396	0.5626565071122043	0.43309933322176425	24176	0.19505873056153367	0.19505873056153367	0
0.8416955017301038	1105018	0.5981999957667146	0.6043127458747356	0.4146080632071926	23688	0.26386413208415077	0.26386413208415077	0
0.7225654967869501	959964	0.5396640181713676	0.5450991007207054	0.4248020611432864	20984	0.25528854550757063	0.25528854550757063	0
0.819451309935739	1232516	0.6069792653754581	0.6125823373803845	0.4259865783743	23532	0.28715824325572753	0.28715824325572753	0
0.7532130499258527	1854540	0.6809829569710405	0.6824662724942027	0.42846131669525134	21586	0.20523939773663677	0.20523939773663677	0
0.8324270884824518	983406	0.46708332017109044	0.4817343446066933	0.4062360455997069	23970	0.19875447368665275	0.19875447368665275	0
0.7734799802273851	1005532	0.556813498353184	0.5664956022025993	0.41545701621347225	22530	0.24069094307996886	0.24069094307996886	0
0.7551903114186851	1540142	0.6214965100109034	0.625740650877881	0.42758646921907345	22378	0.20264447649641013	0.20264447649641013	0
0.703287197231834	977946	0.5938071952018499	0.5971703912452155	0.424684414422764	20784	0.28166043899267196	0.28166043899267196	0
0.7988136431043005	1929922	0.6640884012986731	0.6680136069177475	0.4409184875270575	23410	0.22365782362089884	0.22365782362089884	0
0.7795353435491844	1342762	0.5559821229638662	0.5612784279535481	0.42613587929075764	22642	0.18853396260338615	0.18853396260338615	0
0.7652001977261493	1011282	0.5346668866092884	0.5443385161120712	0.4334686794059012	22790	0.27042338160048573	0.27042338160048573	0
0.8120365793376174	1091484	0.5969104416724103	0.6087582436547785	0.4052867120912628	24024	0.19841813843809689	0.19841813843809689	0
0.7210825506673257	1087764	0.5784851578806945	0.5831198704150508	0.42807172036198066	20578	0.2162699119154046	0.2162699119154046	0
0.8456500247157687	1682044	0.6468866275425567	0.6523749848690333	0.4110026498598993	25510	0.25323614332867767	0.25323614332867767	0
0.8052397429560059	1156276	0.5242583052999298	0.5331207603665796	0.4330114952030093	23958	0.1862220378126902	0.1862220378126902	0
0.7602570439940682	2317320	0.6280444195435054	0.6327456854616685	0.4288867543739853	22392	0.23035550780876127	0.23035550780876127	0
0.8205635195254573	1363132	0.5484836168803092	0.5554453637833608	0.42283342035997423	23622	0.18325712192746926	0.18325712192746926	0
0.8410776075135937	1510654	0.6022483484283777	0.6096432936215231	0.4133400642531062	24696	0.22784101384997776	0.22784101384997776	0
0.7738507167572911	1614028	0.62138496973021	0.6274546039287289	0.4391260808192948	22912	0.24771978096150327	0.24771978096150327	0
0.8281018289668809	1757980	0.6094210300505363	0.6127707023914757	0.4372503919491831	24808	0.2070306507680577	0.2070306507680577	0
0.7933761739990114	1069060	0.5795918951121527	0.5863662006885123	0.40975675762482416	23310	0.2898703800733018	0.2898703800733018	0
0.7813890261987148	1323968	0.44822002566320274	0.4588806170200109	0.42435308297458224	22748	0.1284580404853386	0.1284580404853386	0
0.8267424616905585	1314162	0.6355617522483579	0.6400341864806618	0.4257896852761834	23776	0.25206389071695867	0.25206389071695867	0
0.7806475531389027	2013522	0.6052590946841656	0.6107944134409107	0.41771184632080094	22974	0.211479273537326	0.211479273537326	0
0.80548690064261	1897628	0.6648416502874198	0.6677637937084229	0.44278013658815607	24062	0.2451788795821143	0.2451788795821143	0
0.8371230845279288	4143856	0.7196599850955664	0.720874511379277	0.4465010536059408	25098	0.1896700061717693	0.1896700061717693	0
0.800914483440435	850602	0.5308656336801131	0.5375057416796652	0.4144648111425364	23582	0.25272844901869845	0.25272844901869845	0
0.8232822540781018	860966	0.5566940084704532	0.5657491518821572	0.4074089133312628	23864	0.2737489343135297	0.2737489343135297	0
0.8168561542263965	1064994	0.5986905646108127	0.6046408196302385	0.42050517908533663	23608	0.26574727900272843	0.26574727900272843	0
0.727261492832427	1555026	0.660207228463595	0.6598206696163103	0.42297832316013095	21516	0.2821219275048767	0.2821219275048767	0
0.7738507167572911	1210912	0.6578030983820621	0.6607882294212223	0.4219869823054323	22560	0.3073121227805055	0.3073121227805055	0
0.7364063272367771	1247268	0.5251426295356942	0.5307197304921184	0.4194825009032632	20962	0.21744236564900024	0.21744236564900024	0
0.8596144340088977	2431558	0.6054121485987627	0.6079041143304887	0.4190165366400794	25676	0.19683881125556912	0.19683881125556912	0
0.8119130004943154	2270840	0.5755496667931131	0.5794679441970694	0.44680018362196267	23968	0.174891150597553	0.174891150597553	0
0.8431784478497282	1422700	0.6085881004765225	0.6133351670291631	0.4228311043632502	24492	0.1921894191873029	0.1921894191873029	0
0.879387048937222	793160	0.5015657257040705	0.5188008359425335	0.39726650951485726	24926	0.22374524702566934	0.22374524702566934	0
0.8386060306475531	673000	0.6368742441949207	0.645050083062341	0.3971650313369805	22936	0.37054674051743364	0.37054674051743364	0
0.745180425111221	991750	0.6211512846064081	0.6267512612000521	0.43171692527780475	21160	0.2895515517582031	0.2895515517582031	0
0.865793376173999	1020074	0.5862163331428664	0.5951323670729703	0.4063168583708036	24722	0.25455168803599176	0.25455168803599176	0
0.7860850222441917	1311748	0.6258615045272239	0.6281474347680209	0.4321789266908093	23534	0.24077227224431152	0.24077227224431152	0
0.7378892733564013	2908014	0.658938580386203	0.6592523858124132	0.44818775771565744	22102	0.161643602145169	0.161643602145169	0
0.7890509144834404	1529700	0.5186015792333609	0.5264727049310837	0.42244417647284976	22066	0.1886529756513632	0.1886529756513632	0
0.8310677212061295	820792	0.5527728719537993	0.563797396967484	0.4051826530417941	23876	0.2784373953025718	0.2784373953025718	0
0.9116411270390509	982748	0.5356114410587556	0.5501686571274437	0.41815304667997905	27150	0.26359387544440777	0.26359387544440777	0
0.8851952545724172	1140202	0.5289453812363945	0.5381284967381573	0.41454606570535835	25682	0.21231110132913666	0.21231110132913666	0
0.7407315867523481	2182952	0.6172722678860182	0.6209989824349508	0.4350815800184262	21950	0.23044166274227715	0.23044166274227715	0
0.7979485912011863	1059410	0.5992337800837222	0.6020929465306554	0.43265598292211527	23770	0.2701629603583385	0.2701629603583385	0
0.8556599110232328	1359760	0.5468818854634997	0.554637474937318	0.4248527387505549	25112	0.23039272971563685	0.23039272971563685	0
0.8341571922886801	1049650	0.5233820747420308	0.5385888434064019	0.4145565794516617	24404	0.20181113777714743	0.20181113777714743	0
0.8122837370242215	1368598	0.6133899377815563	0.6243698138168092	0.41670258940456306	22692	0.22440212987615385	0.22440212987615385	0
0.79634206623826	843876	0.5473912788771941	0.5558904860780545	0.414280320411067	23124	0.25864591820109845	0.25864591820109845	0
0.796465645081562	752880	0.534250674750104	0.546438670818829	0.3996482811762349	22884	0.24138002501411204	0.24138002501411204	0
0.7679189322787938	907748	0.6151050867723776	0.6207244522787011	0.4137011140616386	21740	0.313833275479743	0.313833275479743	0
0.6725160652496293	1141580	0.7091371778840373	0.7114776977959815	0.41948200249267326	18966	0.38729183080977175	0.38729183080977175	0
0.8461443400889768	1350886	0.638629590839514	0.6455781366352088	0.4116287222002739	24120	0.2624222351116528	0.2624222351116528	0
0.8492338111715274	639382	0.5556344973337882	0.565487913034151	0.3920910376518741	23854	0.2861515675035253	0.2861515675035253	0
0.8809935739001483	1374984	0.570233143584862	0.5772075333719283	0.4258971287817554	25292	0.2528791847991811	0.2528791847991811	0
0.801161641127039	1519508	0.6666020386881794	0.6691502723475181	0.4344008652856353	23678	0.2571639172586557	0.2571639172586557	0
0.819080573405833	1334840	0.6066508184607896	0.6119413413596241	0.4320365404762343	23882	0.24123985730100117	0.24123985730100117	0
0.8204399406821552	1593978	0.5940858754955659	0.5986949532248677	0.41876613952779596	23756	0.2345143232480247	0.2345143232480247	0
0.8248887790410282	1746400	0.5934174931509669	0.5988818602095554	0.4273277812075673	23790	0.21992159238037012	0.21992159238037012	0
0.8512110726643598	1458482	0.5172976920864397	0.5253380472520462	0.4278063513898989	25108	0.2121490007786423	0.2121490007786423	0
0.736159169550173	1897132	0.6701548457511687	0.671620254614599	0.43588246410190074	21496	0.20256098454875981	0.20256098454875981	0
0.7587740978744439	1271824	0.6149740866719436	0.621193995553322	0.43335610464871305	22286	0.2735412936850197	0.2735412936850197	0
0.7443153732081067	1304542	0.5464817625251831	0.5537435926711324	0.4247821178646483	21334	0.2671110363766311	0.2671110363766311	0
0.7799060800790905	1252588	0.5645328334344104	0.5735012018515083	0.4264847283818142	23238	0.1814666494514199	0.1814666494514199	0
0.7268907563025211	2364326	0.612837020959839	0.6150861679034431	0.44445095964145714	22274	0.23616424944610867	0.23616424944610867	0
0.7815126050420168	1236060	0.5620455164459327	0.5674715600954178	0.42620411131645414	22940	0.2980885305864454	0.2980885305864454	0
0.8640632723677706	1312756	0.5960730724272065	0.6059707075919236	0.4100677331840054	24006	0.25197859565096675	0.25197859565096675	0
0.8341571922886801	1708412	0.6189188078986747	0.6228380298979234	0.4381391824363812	24756	0.23195070061452797	0.23195070061452797	0
0.8645575877409788	885476	0.5718701800236249	0.5761907482254995	0.403552446374779	24388	0.23690693286271755	0.23690693286271755	0
0.8145081562036579	1951686	0.6512538220091321	0.6543421468564122	0.44294354144578246	24112	0.25711954340605303	0.25711954340605303	0
0.7739742956005932	852720	0.6225101633785678	0.6314569886366294	0.43098895446739743	22918	0.35849514976017455	0.35849514976017455	0
0.8341571922886801	696152	0.5124606705981443	0.5258643769804857	0.4049892631512684	23686	0.30463030837310073	0.30463030837310073	0
0.7663124073158676	1374250	0.6164883570301757	0.6217692572731494	0.43843695463085025	22076	0.2509168274974	0.2509168274974	0
0.796465645081562	2391680	0.5980863298773438	0.6046437332280542	0.44661471275348236	24020	0.20579110705682932	0.20579110705682932	0
0.8521997034107761	1404710	0.5587072224480892	0.565096537168417	0.430918170561841	25480	0.20578651300941372	0.20578651300941372	0
0.7889273356401384	1205308	0.5642917515679491	0.5690252600101261	0.4249263900148832	22636	0.2732028521327252	0.2732028521327252	0
0.7403608502224419	2995278	0.6774147852074238	0.6779999951992162	0.4402241728231921	22700	0.18302891582519118	0.18302891582519118	0
0.8266188828472565	853912	0.4897499863932247	0.5057094013911149	0.4015593018400376	22726	0.23663893828707558	0.23663893828707558	0
0.8546712802768166	1034304	0.6097279678376691	0.6184812480500987	0.4134388044979182	24828	0.2733520063973253	0.2733520063973253	0
0.796465645081562	1639414	0.5865441037559918	0.5938986360640794	0.43599521745087516	22516	0.20616350148806487	0.20616350148806487	0
0.7765694513099357	673582	0.4932083122848277	0.5057871487053496	0.41692994060050115	21680	0.2930296561990877	0.2930296561990877	0
0.7891744933267425	740788	0.5036690300932176	0.5102245859336493	0.3975195268682556	23082	0.2789687981191886	0.2789687981191886	0
0.8096885813148789	838718	0.5964148861481603	0.605554672381	0.4041484351391312	22804	0.31176499693135834	0.31176499693135834	0
0.8041275333662877	1616520	0.678072225023724	0.6805627982149675	0.4340637964526312	23482	0.25302064859569035	0.25302064859569035	0
0.8505931784478498	2364230	0.6241980962693866	0.6298789628952364	0.43648300918916716	24924	0.2770414627185368	0.2770414627185368	0
0.7870736529906079	1635126	0.6579639398759274	0.6631344512498043	0.4254084917882406	23394	0.22734026156898415	0.22734026156898415	0
0.9095402867029164	976482	0.4753824685604726	0.48791782141790124	0.398134154153247	26202	0.194741461757405	0.194741461757405	0
0.819080573405833	779772	0.544541511793001	0.554375157312753	0.41086833223951036	24132	0.3018576669712876	0.3018576669712876	0
0.810182896688087	828668	0.5916876680774269	0.5975550423233321	0.4166879134384929	23074	0.2815482929865007	0.2815482929865007	0
0.7937469105289174	2019830	0.5755576057689495	0.5799338786490196	0.4519629579904196	23978	0.2159690473513888	0.2159690473513888	0
0.926099851705388	1476380	0.5354735149498548	0.5429325536499799	0.435322595870094	27272	0.2102030312332006	0.2102030312332006	0
0.7478991596638656	904804	0.5305855250858007	0.536417744197404	0.42475626179392356	22364	0.2551574539537737	0.2551574539537737	0
0.8232822540781018	805508	0.5468865742926912	0.5589920973739227	0.4161519796810549	23722	0.29144176103728403	0.29144176103728403	0
0.7586505190311419	1758602	0.6400012761433055	0.6428785446682254	0.43700485007874007	21898	0.22449720495210512	0.22449720495210512	0
0.7981957488877904	1278080	0.6088869903998669	0.6160324261208258	0.42540109380412156	22722	0.2427337436687069	0.2427337436687069	0
0.7860850222441917	1105558	0.6311789032738194	0.6411633855342794	0.41736237665115866	22518	0.2609366377931763	0.2609366377931763	0
0.7931290163124073	704720	0.48439363129710705	0.4947649591081842	0.4074365226528374	22818	0.2609033137621891	0.2609033137621891	0
0.80548690064261	1407230	0.5944275728419568	0.598756921226609	0.43546201781144117	23322	0.27185347735253745	0.27185347735253745	0
0.8072170044488384	982480	0.5472345536999191	0.5551047632369123	0.41463774361952394	23756	0.26453065331318176	0.26453065331318176	0
0.8137666831438458	2840702	0.6464736798272496	0.6505606199152734	0.4298017081202045	24170	0.22163451907236195	0.22163451907236195	0
0.759515570934256	2328374	0.5666360285691348	0.5690539129645878	0.4463437248962813	21992	0.23327891814552118	0.23327891814552118	0
0.763964409293129	2771956	0.7162664153368118	0.7173711410986895	0.43739428105970485	23000	0.2610061140437496	0.2610061140437496	0
0.8498517053880376	3007368	0.6702183252422577	0.6728888176707898	0.44153953641169935	25496	0.18341726124421143	0.18341726124421143	0
0.8718487394957983	1076032	0.6428449945289109	0.6461213022308717	0.39860043322658156	24158	0.2940487414019971	0.2940487414019971	0
0.713049925852694	1656668	0.647071699087116	0.652794233803351	0.4352363354331175	21508	0.22195440665025482	0.22195440665025482	0
0.8622095897182402	1629010	0.6410639162526621	0.6438224064514642	0.43210307897594763	24764	0.2033159187232376	0.2033159187232376	0
0.7810182896688087	1016210	0.6149562464951746	0.6218776879852388	0.4335043025202987	23816	0.30953625025788944	0.30953625025788944	0
0.7843549184379635	1519900	0.5237370684215024	0.5303199152950491	0.43675211830131483	22940	0.19435607303376232	0.19435607303376232	0
0.8416955017301038	892064	0.5015860079061223	0.5144021554589171	0.4097036637470033	24810	0.21351925362582472	0.21351925362582472	0
0.8718487394957983	823182	0.551990999603732	0.5613140399447968	0.3895232898527066	24530	0.26092873574791914	0.26092873574791914	0
0.8372466633712309	1160180	0.5759292439781873	0.5817032508129076	0.4101206530550134	24640	0.2309070719430236	0.2309070719430236	0
0.7663124073158676	579150	0.5536949905320229	0.5641171066154306	0.39678681879583366	21158	0.3212464399946647	0.3212464399946647	0
0.8145081562036579	791946	0.5606811430117917	0.5691984541973926	0.40454483837543515	22972	0.3051088624513086	0.3051088624513086	0
0.7198467622343054	1504090	0.6352011122756479	0.6413383354323677	0.4369672004745453	21132	0.26125592530902414	0.26125592530902414	0
0.7139149777558083	694322	0.6172916809507774	0.6244167493499206	0.4132587338177374	20198	0.3231411855280683	0.3231411855280683	0
0.856772120612951	934396	0.5807842271060727	0.5920231545994351	0.4002281824261594	25104	0.24062227031365038	0.24062227031365038	0
0.759268413247652	1018018	0.5430319237447319	0.5497049367490466	0.4251849535969397	22554	0.24990871364902	0.24990871364902	0
0.8582550667325753	1507712	0.587810880043857	0.5922625069106506	0.4311427071781934	25972	0.2211177526953453	0.2211177526953453	0
0.7240484429065743	956550	0.5028925258806889	0.5144498511444854	0.4258759273462635	21036	0.2018083726424944	0.2018083726424944	0
0.8222936233316857	2430842	0.6101837127807542	0.6143621183636515	0.4452660070006153	24196	0.18196118503237438	0.18196118503237438	0
0.7590212555610479	1205780	0.6578277571566061	0.6599579575790568	0.4419029940030313	22262	0.36794961971169693	0.36794961971169693	0
0.8266188828472565	1694476	0.5292590766662859	0.536911791541799	0.4477492856229826	24924	0.15836748718243301	0.15836748718243301	0
0.8310677212061295	1005282	0.6156591596348063	0.6275095234527365	0.3947593644621549	22682	0.23774151386048034	0.23774151386048034	0
0.7242956005931784	1846516	0.6467506476470981	0.6504875862752846	0.4305829629340896	21506	0.2266680730237516	0.2266680730237516	0
0.7737271379139892	862484	0.4633031253160935	0.4746780152923755	0.4075296650714854	22492	0.20095128200507295	0.20095128200507295	0
0.8344043499752842	1886328	0.6667944443787613	0.6718586218823467	0.4282029689556342	24712	0.23374761206318087	0.23374761206318087	0
0.809935739001483	2615058	0.6046324217727421	0.6078080092476524	0.4525276843269273	24016	0.2312012438955283	0.2312012438955283	0
0.8356401384083045	1636898	0.6177764728128738	0.6205205210575114	0.43844017572901617	24496	0.25310858312836393	0.25310858312836393	0
0.8644340088976767	1529514	0.6154820042497179	0.6197457545269204	0.41839878043092593	25238	0.25594514796683315	0.25594514796683315	0
0.8497281265447355	1168004	0.5964717586091483	0.6050670126198967	0.397172642391943	24492	0.2371912602118187	0.2371912602118187	0
0.8709836875926842	1509548	0.5987693795105454	0.6044410403005265	0.4184046978873592	25946	0.23000163294264164	0.23000163294264164	0
0.7140385565991103	2599972	0.6283158132632554	0.6301860331930013	0.46047000707300706	21628	0.21399551335361133	0.21399551335361133	0
0.7366534849233811	956928	0.5905460340891098	0.596348124566621	0.4166856905731274	20756	0.28318801145937983	0.28318801145937983	0
0.7320810677212062	1854402	0.669643249528753	0.6721419338583265	0.4211412850543894	21406	0.23280142656847866	0.23280142656847866	0
0.8416955017301038	1313500	0.6096365701947385	0.6129342233326338	0.4180782423738674	23858	0.25966402571226277	0.25966402571226277	0
0.8645575877409788	1676784	0.6462901824532151	0.6517729926759211	0.4251589202695099	24794	0.23282960386090737	0.23282960386090737	0
0.8415719228868017	1575120	0.612914296744464	0.6211555701222643	0.42276085882721276	24296	0.2133910818060498	0.2133910818060498	0
0.7738507167572911	1584930	0.6396671637049937	0.6409538248236802	0.44093695573370356	22380	0.28721131078271206	0.28721131078271206	0
0.8762975778546713	1360510	0.5937825292105604	0.6040625380169027	0.4240561652989204	25402	0.24367676928198723	0.24367676928198723	0
0.8126544735541276	825834	0.605137521767045	0.6159804624949852	0.3954472079740312	23364	0.3104243176175345	0.3104243176175345	0
0.754325259515571	2324776	0.6390297665432497	0.6435998186777905	0.4314906678438745	22920	0.23271537405272857	0.23271537405272857	0
0.819080573405833	788422	0.5776576381916687	0.5820722171061267	0.4147846266207715	23738	0.3122371202147497	0.3122371202147497	0
0.7345526445872467	699584	0.5525952033281695	0.5622295841806801	0.4088538009229863	21472	0.3045497988774226	0.3045497988774226	0
0.7738507167572911	3311796	0.6268488996285898	0.6320174853587405	0.43097891920800685	23050	0.172704546837546	0.172704546837546	0
0.796465645081562	1708502	0.6802878113829598	0.6857394767067987	0.4241372714002149	23510	0.29113023767027324	0.29113023767027324	0
0.796465645081562	684580	0.5450989059849783	0.5552433160165143	0.3857641008977475	22364	0.24555748613263206	0.24555748613263206	0
0.8450321304992585	1668392	0.6362947994003593	0.6432138976880919	0.4309846902942433	23682	0.23321822711053206	0.23321822711053206	0
0.8492338111715274	1203262	0.5835640327267978	0.589730149161875	0.4245890860113481	25022	0.28822150847925804	0.28822150847925804	0
0.7632229362333168	1253166	0.5954440756299826	0.6005398524745961	0.421247573816213	22478	0.2661829706013944	0.2661829706013944	0
0.8570192782995552	1056880	0.6134691988882645	0.6236161028983574	0.38332072177591964	24070	0.2418534313933353	0.2418534313933353	0
0.7089718240237272	752936	0.5197554463699535	0.5267052453205169	0.41900827481952385	20354	0.30163965508562723	0.30163965508562723	0
0.8536826495304004	1252248	0.6280216971111218	0.6316792928445991	0.4229913517035169	25066	0.2824648147879754	0.2824648147879754	0
0.856772120612951	1466018	0.5646713658346875	0.567934097913779	0.43807541592350957	25722	0.27794228405388605	0.27794228405388605	0
0.7261492832427088	2027468	0.641931766772705	0.6403340098240297	0.42520533300784774	21122	0.2415772322983385	0.2415772322983385	0
0.8643104300543747	1949242	0.6559357501889859	0.6573248926616305	0.442110636612217	25644	0.26676202288258505	0.26676202288258505	0
0.8115422639644093	1111060	0.6319358403650447	0.6384395173160359	0.419929562209948	23836	0.3124363396018332	0.3124363396018332	0
0.6958724666337124	664322	0.5392580854989389	0.548215963090801	0.40807909760393546	19752	0.32869005330185047	0.32869005330185047	0
0.7167572911517548	2897648	0.6935951899741893	0.6950017266816109	0.44003878066187446	21294	0.21326005910285373	0.21326005910285373	0
0.8073405832921404	1376912	0.6190962121006992	0.6233488733872486	0.4286012471448335	23594	0.24001539369967684	0.24001539369967684	0
0.8446613939693525	1443656	0.5735966850578234	0.5808484055535291	0.4416428216131138	25474	0.2262049943987453	0.2262049943987453	0
0.7518536826495303	1486776	0.6398421500725283	0.6438053030584766	0.439756947375395	22008	0.23333968661814886	0.23333968661814886	0
0.7677953534354919	1274206	0.6184057060176515	0.6234871762336214	0.4141388836855911	22190	0.22752820851834746	0.22752820851834746	0
0.7512357884330203	907886	0.6168901863014513	0.6266280689052821	0.40052603102771367	21260	0.2707591169247725	0.2707591169247725	0
0.8643104300543747	843770	0.5839065479945268	0.5922596414708019	0.4053581240226822	24374	0.26346896603862574	0.26346896603862574	0
0.8094414236282749	1024144	0.559264066919059	0.5659144680231142	0.41294129490556525	23042	0.2667832001558753	0.2667832001558753	0
0.8222936233316857	2311288	0.7141096736897944	0.7154924396402912	0.43505335991978433	24098	0.24382737315349115	0.24382737315349115	0
0.7681660899653979	2636878	0.5403329815221248	0.5440008494752748	0.4532999733614313	22906	0.17568105845467097	0.17568105845467097	0
0.8132723677706377	2363878	0.5881892719315024	0.5964867954938874	0.4243094764658972	24680	0.1890597786694974	0.1890597786694974	0
0.6460701927829955	1962204	0.6301173469734379	0.6333117949393291	0.438592106581728	19452	0.26938401956009644	0.26938401956009644	0
0.861220958971824	1343958	0.6045003763802662	0.6134206820921564	0.3986520912289168	24526	0.2329970098754808	0.2329970098754808	0
0.82377656945131	1385940	0.5771636669992174	0.5841337998724091	0.423468153073207	24378	0.2322395741212808	0.2322395741212808	0
0.8341571922886801	2037424	0.6543545899109602	0.6557893116591323	0.441095427094041	25124	0.21215021032101009	0.21215021032101009	0
0.7436974789915967	860432	0.5938284472052717	0.6046519921025838	0.4050666778198959	20356	0.2976786371821674	0.2976786371821674	0
0.8416955017301038	2339070	0.6439942342198507	0.6475100728773071	0.4425226222534652	25296	0.2500833720502607	0.2500833720502607	0
0.7436974789915967	1601664	0.6041325831714962	0.6120688238697619	0.4336885807399458	22534	0.22386953790288802	0.22386953790288802	0
0.713297083539298	1311170	0.6090638698692944	0.6157136408739695	0.4255522837200765	20582	0.29660143918815857	0.29660143918815857	0
0.7340583292140386	1597116	0.5700364384667015	0.5715528824748856	0.4591078331926857	22168	0.24239649241342998	0.24239649241342998	0
0.7587740978744439	929938	0.5904299399189665	0.5968264834256323	0.41585769266876077	22234	0.2932260388845866	0.2932260388845866	0
0.8135195254572417	1536432	0.6543240085240372	0.6561601950620064	0.4325441546125001	23050	0.2930254561938242	0.2930254561938242	0
0.8461443400889768	1137352	0.542774558285328	0.5513494579430178	0.4205552221702688	24374	0.2627481424879925	0.2627481424879925	0
0.8192041522491349	2277802	0.6387528017830015	0.6432727087211688	0.456523021325886	24388	0.20056544599557055	0.20056544599557055	0
0.7889273356401384	1076794	0.5538163546680477	0.5600556113146564	0.4227084450491772	23050	0.257595921605535	0.257595921605535	0
0.7744686109738013	2506544	0.6609448588282351	0.665130618857757	0.44604543116465	23274	0.2175718831973398	0.2175718831973398	0
0.8040039545229857	780372	0.5602868485512175	0.5652345749771294	0.413307192817371	23076	0.28635273666102806	0.28635273666102806	0
0.7764458724666337	1348004	0.6430062051347074	0.646866569844059	0.44212411433218546	23040	0.31289981802223005	0.31289981802223005	0
0.796465645081562	1309652	0.6031759484448809	0.6068041778298748	0.40372628653411735	22342	0.23452747120274176	0.23452747120274176	0
0.8853188334157193	1352754	0.6104834191699244	0.6183342451835963	0.40916299441412646	25068	0.22038429217602992	0.22038429217602992	0
0.856772120612951	1337368	0.5531655822523148	0.5584539834978192	0.41433547749118294	25036	0.18977491487184536	0.18977491487184536	0
0.759268413247652	1400678	0.550623855218395	0.5548283678623095	0.43389119309496643	22924	0.2008482581567219	0.2008482581567219	0
0.8042511122095897	1646018	0.5934176589375805	0.5960162438502142	0.4137147017346015	23804	0.19244460769595437	0.19244460769595437	0
0.8164854176964904	2050202	0.6751694737183661	0.6762151902166514	0.43345715863967693	24462	0.2179436819982764	0.2179436819982764	0
0.8551655956500247	1379900	0.5904123827117976	0.5976764583313203	0.4414319116260494	25420	0.22027125646773382	0.22027125646773382	0
0.7889273356401384	886854	0.5151504128166589	0.5213923680737081	0.4151710114032727	22792	0.22407311155882514	0.22407311155882514	0
0.8420662382600099	757016	0.5458323815102578	0.5583705492171971	0.39186326466636917	23966	0.2789527597138259	0.2789527597138259	0
0.7632229362333168	941162	0.48472696289548023	0.4906672174998381	0.41402888889112016	22112	0.23226944412750938	0.23226944412750938	0
0.7194760257043994	2091710	0.5488043428685667	0.5502270133958523	0.4543132301850847	21620	0.17654566713235775	0.17654566713235775	0
0.8718487394957983	1148676	0.5752569852788679	0.5818911579720737	0.4222901817066295	25250	0.26401890003069156	0.26401890003069156	0
0.8597380128521996	806380	0.5017139654096758	0.5100966461010259	0.41343112159433565	25048	0.22122361472699226	0.22122361472699226	0
0.8120365793376174	1016914	0.6543633914370287	0.6564694661666048	0.4219348628470608	23778	0.3064897880869107	0.3064897880869107	0
0.7514829461196243	1569382	0.6319843265633059	0.6329108998105129	0.43518109471403194	21992	0.27921786761844825	0.27921786761844825	0
0.759268413247652	983524	0.6229243139425639	0.6286390607335525	0.4105594781542974	21382	0.2629392050857863	0.2629392050857863	0
0.8262481463173504	1502058	0.5753178782885117	0.5825856909672325	0.436183319910667	24154	0.23053629072086732	0.23053629072086732	0
0.8344043499752842	1028156	0.5453498609502734	0.553715107433119	0.3953311158321417	24288	0.1926450783866198	0.1926450783866198	0
0.7831191300049432	1007024	0.6051985736853092	0.6135288916412729	0.4202333513463143	22824	0.3055668326796319	0.3055668326796319	0
0.8271131982204647	3300916	0.649332432469626	0.6505152285307892	0.44803441555793255	25592	0.196216477100936	0.196216477100936	0
0.9029906080079091	2044666	0.5760390176067952	0.5807867021045485	0.4151140321643923	25912	0.22111472624074588	0.22111472624074588	0
0.819327731092437	2372530	0.6336419775966732	0.6402760146215151	0.43245507592505167	24206	0.2532851885650533	0.2532851885650533	0
0.856772120612951	2718876	0.6711393788172387	0.6732750822441068	0.43312376015232296	25830	0.23434182702022352	0.23434182702022352	0
0.847132970835393	1321020	0.6063560671135295	0.6098130985655286	0.42297765039500285	24610	0.20105959225723172	0.20105959225723172	0
0.8512110726643598	860312	0.5175834623053649	0.5288710635850336	0.4063475464156378	24638	0.27997801589459226	0.27997801589459226	0
0.8043746910528917	774316	0.575078742059819	0.5857494060124174	0.41208171351742356	22654	0.3064347589101975	0.3064347589101975	0
0.8035096391497776	1117320	0.5415863468826166	0.5481106522187308	0.43163541145179796	23556	0.26727267955514533	0.26727267955514533	0
0.7933761739990114	658132	0.6541781554707288	0.6611869341950732	0.40509268990035574	22708	0.36599778590068843	0.36599778590068843	0
0.7575383094414236	1331166	0.6361115728481218	0.6415504084567151	0.42874256162243546	21944	0.27575958726903954	0.27575958726903954	0
0.8550420168067226	2146716	0.5142317470189917	0.5244921272975657	0.4211000758078262	24886	0.16055433778414382	0.16055433778414382	0
0.8861838853188334	1342044	0.5525081273879276	0.5611022405801005	0.4098018820285074	25568	0.21584348074810036	0.21584348074810036	0
0.8402125556104795	1143666	0.5663282654923135	0.576969011913569	0.40646446124380836	23428	0.229811470425166	0.229811470425166	0
0.856772120612951	1471982	0.6296960141532332	0.6355571718796406	0.4234878377734879	25296	0.26056419494145927	0.26056419494145927	0
0.819080573405833	1090298	0.5705333546855805	0.5765955612149878	0.4153072454849725	23912	0.2522515485213828	0.2522515485213828	0
0.7632229362333168	1434680	0.6158427696683196	0.6215315568610529	0.4377816028539259	21960	0.26653559258293846	0.26653559258293846	0
0.7436974789915967	2618208	0.6702025534499008	0.67191924497212	0.4579565311730156	22544	0.21549557739932276	0.21549557739932276	0
0.8666584280771132	999724	0.5667939474184668	0.5756770458363679	0.4013183976524881	24168	0.22987456090134026	0.22987456090134026	0
0.8341571922886801	1726582	0.6505988469687802	0.6554102861448793	0.43731057002812435	25054	0.23083250533850333	0.23083250533850333	0
0.8140138408304498	800034	0.5485274213351772	0.5551972305992813	0.3998203355781957	24368	0.27009060795356316	0.27009060795356316	0
0.8109243697478992	1677138	0.6051182307170725	0.6072115596714006	0.4403362748540658	23642	0.21113144004918893	0.21113144004918893	0
0.8492338111715274	1111998	0.598301820510495	0.6070943514923829	0.4038575081198515	25464	0.23016567408225966	0.23016567408225966	0
0.7740978744438952	972126	0.522555590451641	0.5276063354181385	0.41178690652678535	22600	0.24049410603038887	0.24049410603038887	0
0.8492338111715274	3359714	0.6230050175185385	0.625454257293356	0.44895275945189367	25234	0.20294292965397945	0.20294292965397945	0
0.8369995056846268	2174842	0.5489385160701573	0.5548879273034951	0.43876950282086463	25438	0.19317308242611161	0.19317308242611161	0
0.8368759268413247	2890730	0.6257185218447044	0.6285726459785893	0.44613656459855044	25196	0.14361208151524243	0.14361208151524243	0
0.8643104300543747	1338282	0.618206965571399	0.6215072822927207	0.42028079051257405	24436	0.283938561537229	0.283938561537229	0
0.9139891250617894	902860	0.5730463882096971	0.5811036619530736	0.40315523223464395	26448	0.2743644660028151	0.2743644660028151	0
0.8127780523974295	1296188	0.6148253714501697	0.6207253519679617	0.4291944815993509	24372	0.2396424413856757	0.2396424413856757	0
0.7281265447355413	1164650	0.5746629495982888	0.5784446133722345	0.42618625575500063	21008	0.26367991853805356	0.26367991853805356	0
0.8733316856154226	1674552	0.6441783013846512	0.6496200839158851	0.4367499912868215	26174	0.240726575009619	0.240726575009619	0
0.7691547207118141	2315964	0.6694539224922565	0.671044972377746	0.4478876192003202	22890	0.25712787640027035	0.25712787640027035	0
0.6914236282748394	1483258	0.6373054968798115	0.638500244751561	0.43415648846981264	19874	0.30154108586936146	0.30154108586936146	0
0.8117894216510133	1278384	0.5464046765035585	0.5526086937413627	0.42691680786115405	23850	0.2339358707081113	0.2339358707081113	0
0.8205635195254573	1102676	0.5885658946516114	0.5944508290396765	0.42431709003658175	24328	0.2367170589873034	0.2367170589873034	0
0.7843549184379635	1936412	0.6460764123116343	0.6498261955171946	0.4270507665155851	22664	0.22279204077780598	0.22279204077780598	0
0.7665595650024716	2254858	0.5845272023369058	0.5874326890900174	0.4439466556230449	22180	0.19957332142349826	0.19957332142349826	0
0.8040039545229857	769652	0.513422508627499	0.5222937351496332	0.4083824332215349	23092	0.2858937893076929	0.2858937893076929	0
0.7611220958971824	687504	0.5668014556141602	0.5758805748309449	0.39634609181715397	21714	0.26454540579412084	0.26454540579412084	0
0.819080573405833	1136166	0.5984874160151539	0.6103947473702018	0.4232823953484998	23944	0.2853940655389175	0.2853940655389175	0
0.8342807711319822	2109344	0.5971821597549637	0.6012125231881823	0.42538234111047774	24400	0.22419406024794644	0.22419406024794644	0
0.7755808205635195	1339338	0.63456130167511	0.6369892661346117	0.41735476014376954	22804	0.26735089149018976	0.26735089149018976	0
0.8033860603064755	1277768	0.5957727224741458	0.5985075041570133	0.43297875493005683	23040	0.2847969376727776	0.2847969376727776	0
0.8310677212061295	1946678	0.6135654326353014	0.6180865419900136	0.43775605405478113	24848	0.25443164250862577	0.25443164250862577	0
0.8040039545229857	781050	0.41696355292840764	0.4258582665949891	0.4133877101069671	23572	0.17789968914641774	0.17789968914641774	0
0.7572911517548195	980900	0.5848776808176809	0.5948613823130825	0.4179821048851658	21404	0.24594826302279235	0.24594826302279235	0
0.7525951557093425	1958794	0.6300866645725453	0.6349485243112025	0.44849535650173383	21994	0.24831830781575362	0.24831830781575362	0
0.8131487889273357	1258960	0.5746484679615986	0.5848023071530282	0.4248583209901687	22992	0.19311934688066903	0.19311934688066903	0
0.7630993573900149	1449490	0.7279224414059056	0.728143949721074	0.42925872007335525	21768	0.4019120208323274	0.4019120208323274	0
0.8200692041522492	2662884	0.6933085021929736	0.6973624206052037	0.42218621192686623	23658	0.20554250002301247	0.20554250002301247	0
0.736159169550173	657136	0.49855730208823185	0.5049530873341109	0.4132874572363461	20532	0.29799750937341646	0.29799750937341646	0
0.7278793870489373	948778	0.6006178313630739	0.6049374978455155	0.4036882782626357	21362	0.21970085680666163	0.21970085680666163	0
0.7590212555610479	1325142	0.6442270121622553	0.6480997373582226	0.43050647108120804	22626	0.30646032074072926	0.30646032074072926	0
0.7674246169055858	1369338	0.6587928721923276	0.6646726009818643	0.4343297326579256	22586	0.2735476277632564	0.2735476277632564	0
0.8358872960949085	2365912	0.6439694689938907	0.6474452885197347	0.4332812787381383	24232	0.21724835268138507	0.21724835268138507	0
0.7542016806722689	1017750	0.6021015235226793	0.6066796747463183	0.42102153232987205	21698	0.3138544648737312	0.3138544648737312	0
0.8492338111715274	1323110	0.5653685615830006	0.5743961841708342	0.4178276833229256	25170	0.21731556768095936	0.21731556768095936	0
0.8206870983687593	1624536	0.636498992966795	0.6406460859725029	0.41465860078683875	23470	0.20670711323525712	0.20670711323525712	0
0.6589223924864063	942952	0.5824485019986844	0.5889299164039377	0.430787412867733	19874	0.2561063993131402	0.2561063993131402	0
0.7540781018289668	2012238	0.6586380100509918	0.661592713300008	0.4390025252432274	22306	0.266923011698115	0.266923011698115	0
0.851581809194266	1338374	0.5487937609136673	0.5567153252357578	0.41747161787157916	25382	0.19783911261044018	0.19783911261044018	0
0.7194760257043994	710998	0.5892731219718571	0.5952426775135912	0.40784701499470627	20674	0.2967128233123798	0.2967128233123798	0
0.759268413247652	1536518	0.6256792205295779	0.6300576516966078	0.41910396031175895	21868	0.24637123898462096	0.24637123898462096	0
0.819080573405833	2394688	0.647821069563714	0.6523721189531642	0.4358856828980729	23878	0.21584438948524412	0.21584438948524412	0
0.7806475531389027	1060412	0.6320861369572319	0.639089497680837	0.410412346297711	22730	0.23770544004549968	0.23770544004549968	0
0.7308452792881859	1346194	0.5427945789652823	0.5483834575459491	0.42002505851475863	21576	0.19539285502114703	0.19539285502114703	0
0.7770637666831438	1255716	0.557697833265402	0.5644025762371517	0.4166963986243765	22268	0.21320974782499716	0.21320974782499716	0
0.7632229362333168	2227370	0.7204330096795969	0.7202467846722067	0.43154662999953075	22410	0.2872112661544072	0.2872112661544072	0
0.7676717745921898	1319838	0.6206237143855887	0.6262012350179473	0.41374047805300473	22482	0.22847178640364416	0.22847178640364416	0
0.7414730598121602	772440	0.5757045239385666	0.5824218930108386	0.40805300553411433	21274	0.29153057438029695	0.29153057438029695	0
0.8266188828472565	701822	0.5435065956934615	0.551762014361633	0.4045324262200863	23474	0.28437527171963606	0.28437527171963606	0
0.698961937716263	1299960	0.541910806482803	0.5455041935324534	0.43812727491896086	20630	0.2622911845733603	0.2622911845733603	0
0.8507167572911518	2354884	0.6652471992284793	0.6680362002706817	0.44317015594430953	24728	0.25952047534603784	0.25952047534603784	0
0.7084775086505191	1637464	0.6493168202808953	0.6510641592039054	0.45461194191263593	21564	0.3264254352498554	0.3264254352498554	0
0.7668067226890756	1457614	0.6405940418768657	0.6446061285688607	0.43430764195338806	22444	0.22555072412197485	0.22555072412197485	0
0.7743450321304992	1237284	0.5811971512466518	0.5902157992854747	0.402850216201422	22210	0.20615451816908148	0.20615451816908148	0
0.7984429065743944	1925922	0.5962322820356852	0.5967566239382759	0.45660667949234784	23754	0.21445316476601842	0.21445316476601842	0
0.8115422639644093	1048604	0.5747020753024423	0.5834738780588402	0.41104442357072224	23394	0.28147743984374646	0.28147743984374646	0
0.8492338111715274	1745794	0.5807625984027752	0.5850238917006002	0.4416642511840077	24386	0.22314111066313858	0.22314111066313858	0
0.7905338606030647	1290602	0.61214714903607	0.6178674088706794	0.4404363601172783	23390	0.24947166001900212	0.24947166001900212	0
0.7330696984676224	1372294	0.6005652119641488	0.6033057096416689	0.451681244074555	22502	0.27400899389254185	0.27400899389254185	0
0.7666831438457736	2272112	0.6087979750500842	0.6104805161860308	0.43960637584588613	23288	0.221387302550446	0.221387302550446	0
0.7813890261987148	807880	0.5095021760398337	0.5170594133124563	0.40272695671127684	21896	0.24433456465273803	0.24433456465273803	0
0.7802768166089965	1389610	0.6345384588697413	0.6384066254687156	0.43748966028479136	23294	0.2859857964374467	0.2859857964374467	0
0.828225407810183	2009330	0.602427130044961	0.6063874505275402	0.44010587771878806	24698	0.20379832513074994	0.20379832513074994	0
0.8431784478497282	1343312	0.5545624520993743	0.5619672355198411	0.4234219924679921	24032	0.2245629864667441	0.2245629864667441	0
0.8479980227385071	930558	0.5757567335960457	0.5830681371659433	0.398363980316151	23992	0.24581979414131863	0.24581979414131863	0
0.7301038062283737	1060384	0.5845219111211942	0.5901104485922076	0.4184241487687546	21052	0.26953454828851325	0.26953454828851325	0
0.7291151754819575	1086408	0.5813067915265143	0.5900889806389668	0.43077518933186404	21736	0.277339822592955	0.277339822592955	0
0.8341571922886801	1364154	0.5771236807906331	0.584196620378295	0.41004451000745235	24056	0.2115380250858833	0.2115380250858833	0
0.8130252100840336	1052716	0.563492167731715	0.5743513698827153	0.41351179070844796	23416	0.28057249647352744	0.28057249647352744	0
0.7779288185862581	1668176	0.6201701536591376	0.6230458547600315	0.44965780305448483	23688	0.2739131025483997	0.2739131025483997	0
0.8068462679189323	1022914	0.5620210538985481	0.5705258274663921	0.3977885407487938	23040	0.26089029200033026	0.26089029200033026	0
0.740608007909046	1249716	0.5607339274041448	0.5671331055658978	0.4342718828050074	21594	0.2557960936990402	0.2557960936990402	0
0.7282501235788432	1361936	0.5621284904414108	0.5644628093940527	0.44048222858589775	21768	0.25289216439534434	0.25289216439534434	0
0.8643104300543747	1736600	0.6548537436482051	0.6580106947606604	0.4225054105925614	25376	0.21964346051592323	0.21964346051592323	0
0.8360108749382106	1316806	0.558874813775758	0.5641461946707024	0.4225922402874513	24010	0.2102778998480289	0.2102778998480289	0
0.8386060306475531	2369656	0.6439202708978893	0.6482787717542016	0.4447460453950906	25632	0.18982990905333344	0.18982990905333344	0
0.8416955017301038	1408202	0.6173013967553006	0.6283324378466083	0.4165658011748488	24418	0.21662221476362428	0.21662221476362428	0
0.7813890261987148	1042260	0.6214512372041446	0.6276749396692637	0.4279503658235655	22452	0.3239064683155815	0.3239064683155815	0
0.8048690064260998	2499158	0.6232452254483848	0.627427893217776	0.4510074221822516	24008	0.20354003202673074	0.20354003202673074	0
0.7344290657439446	1055646	0.5435950047352095	0.5490814083630432	0.43048535680019123	21586	0.2835330095193069	0.2835330095193069	0
0.6984676223430548	1476290	0.5703996207335248	0.5729343277697191	0.4292228354391023	20444	0.24506424966176366	0.24506424966176366	0
0.8718487394957983	1037924	0.5611681610136795	0.5709913174879004	0.4089491696124347	25162	0.2802968572764048	0.2802968572764048	0
0.8283489866534849	1240508	0.570636277593082	0.5766347589726141	0.41174242810093803	25066	0.19952918928261595	0.19952918928261595	0
0.8038803756796836	2365986	0.6368991769884144	0.6425981489600233	0.4430507365533569	23732	0.22581275588900915	0.22581275588900915	0
0.879387048937222	1176002	0.509158768680971	0.5180597665658995	0.42041070060344604	25226	0.2198739870175622	0.2198739870175622	0
0.8074641621354424	987616	0.5104896735557237	0.5213840798601027	0.41028811195748754	23070	0.21622617065012464	0.21622617065012464	0
0.8416955017301038	1377576	0.6436004405904804	0.6480053995725205	0.41299456238683413	24870	0.2640256169971506	0.2640256169971506	0
0.8529411764705882	814218	0.49690734513842144	0.5056338676438505	0.4002595496708612	24140	0.23705402816167553	0.23705402816167553	0
0.7782995551161641	1099546	0.5765765677520388	0.5863832996007322	0.4199899166177241	22454	0.2910985139355534	0.2910985139355534	0
0.8184626791893228	2293370	0.6265260048877036	0.6288328260301419	0.43580330672672196	23754	0.22335087062764872	0.22335087062764872	0
0.8043746910528917	1216664	0.5921954341575374	0.5982343368881131	0.40340018609122236	22574	0.21799547634098068	0.21799547634098068	0
0.749876421156698	710464	0.5475477118313617	0.5543727328110053	0.41746609480739355	22024	0.29193447652514537	0.29193447652514537	0
0.8065991102323282	1054558	0.6268510846691862	0.6317394615049331	0.41179209758489393	23084	0.3139540938907443	0.3139540938907443	0
0.8344043499752842	1170760	0.6165328190914419	0.6235196492759233	0.42272118470056325	24220	0.27684938045734503	0.27684938045734503	0
0.7435739001482946	1235092	0.6489030638266758	0.6511925871251424	0.4236316933866766	21716	0.26682716931554684	0.26682716931554684	0
0.745180425111221	958682	0.628068632837217	0.633769138565666	0.4108885674831965	21334	0.2786565722873396	0.2786565722873396	0
0.7757043994068216	1305902	0.5120531918015924	0.5202200516836093	0.4244023938421329	22196	0.24438554955652514	0.24438554955652514	0
0.8440434997528423	1003822	0.5861169014364438	0.5920161258861866	0.4172876756745621	24574	0.25712604085922236	0.25712604085922236	0
0.7663124073158676	1900264	0.6734667998198747	0.6750100113792904	0.45537894699414466	22472	0.348324350795463	0.348324350795463	0
0.8492338111715274	1343926	0.5927297327979383	0.6004670912288952	0.4250352200311569	25624	0.267561511449651	0.267561511449651	0
0.8419426594167079	1060212	0.5501248521959078	0.559063802399234	0.40436342931380725	24720	0.25282624228416667	0.25282624228416667	0
0.7602570439940682	811476	0.5647883683716755	0.5773225544611743	0.41652813747281514	21846	0.27009447293596783	0.27009447293596783	0
0.7889273356401384	2315962	0.6517927588172967	0.6554963232350546	0.4214368575113585	22984	0.22204958863599147	0.22204958863599147	0
0.65731586752348	1269882	0.6416265208215703	0.6441559078038327	0.441370310109533	19416	0.2825081342268588	0.2825081342268588	0
0.8080820563519525	1303790	0.4653754740208995	0.4740663418182966	0.4404008452514434	23260	0.1936882527278442	0.1936882527278442	0
0.8274839347503707	1371906	0.5820833440030261	0.5898801457169155	0.42540454533692085	24482	0.23235674282131888	0.23235674282131888	0
0.8497281265447355	1135704	0.5407150744140063	0.5492838569736403	0.4081087246896697	24924	0.22741703153278345	0.22741703153278345	0
0.8492338111715274	1082328	0.5984580949275836	0.6053866774809816	0.4020123135903111	24542	0.22753556019303314	0.22753556019303314	0
0.8461443400889768	1156176	0.6225665580848284	0.6306742366607602	0.4098862608321905	24230	0.2548355573353693	0.2548355573353693	0
0.8310677212061295	2348510	0.683530246398652	0.6868174197184252	0.43265342714760896	23638	0.2522078893008564	0.2522078893008564	0
0.8042511122095897	1289284	0.4707036832794451	0.4843758549212221	0.4119321889290308	22690	0.16544485818425056	0.16544485818425056	0
0.8418190805734058	857320	0.5853875542072715	0.5981062260452313	0.3991864589601966	23708	0.29038618421700263	0.29038618421700263	0
0.7318339100346021	1527222	0.5801211243341265	0.5870608660892322	0.4131490911691771	21184	0.19790975859461526	0.19790975859461526	0
0.8603559070687099	1181964	0.5267268731526605	0.5344739799583608	0.4269274644950966	25414	0.19529846574553592	0.19529846574553592	0
0.7738507167572911	1254108	0.5455818930723894	0.5546533863259488	0.41387868497972796	21784	0.17620096055580578	0.17620096055580578	0
0.8219228868017795	1421364	0.5931014510663509	0.6000300909534474	0.43386359018009074	24244	0.24262282809360877	0.24262282809360877	0
0.731586752347998	959262	0.5895369904182699	0.5932635761103308	0.43135235782723397	20658	0.309289646186829	0.309289646186829	0
0.8341571922886801	822680	0.5767429304930879	0.5859365654901697	0.4134559625741691	24104	0.25989010786068484	0.25989010786068484	0
0.736159169550173	898862	0.609352972756005	0.6150893986420726	0.4278410359357852	21434	0.34139498123546136	0.34139498123546136	0
0.8115422639644093	1105834	0.589614202366906	0.5933778565032569	0.43774842945996495	24340	0.27112334952254163	0.27112334952254163	0
0.81463173504696	1258700	0.5740346171513099	0.5831382502381749	0.4292520740972901	24032	0.24066559445518418	0.24066559445518418	0
0.7813890261987148	1433450	0.6299257723145449	0.6341023436055884	0.4383705213760489	23092	0.2618564906365714	0.2618564906365714	0
