Utilization	Connections(A2A)	Lvl1TraffRatio(A2A)	Lvl1TraffRatioNoIndirect(A2A)	RatioIndirect(A2A)	Connections(AR)	Lvl1TraffRatio(AR)	Lvl1TraffRatioNoIndirect(AR)	RatioIndirect(AR)
0.9107760751359367	5066080	0.6478156777838299	0.6475726351102412	0.4617141216137272	28918	0.13445247781483313	0.13445247781483313	0
0.9206623826000988	2654010	0.5814305692901115	0.5825001927711123	0.4547522356563511	29358	0.1356445542034014	0.1356445542034014	0
0.847132970835393	2719772	0.6222696980110053	0.6231401639016092	0.4575677299826022	26736	0.1460275369783892	0.1460275369783892	0
0.8321799307958477	3544700	0.6543264017087338	0.65412632751481	0.46400779815097914	26152	0.15326090416464552	0.15326090416464552	0
0.9419179436480475	2534848	0.528909903155277	0.530413699592203	0.44930138907440575	29668	0.13951967931483783	0.13951967931483783	0
0.8783984181908058	1844796	0.5801769022304362	0.5811816380101543	0.44791772401422575	27804	0.17253347117754128	0.17253347117754128	0
0.9115175481957489	2181950	0.5453519370641378	0.5466824607796251	0.44582721589766816	28792	0.1369971371071473	0.1369971371071473	0
0.9233811171527434	2712410	0.5319024495786022	0.532796715448627	0.44981357515863024	29468	0.13737504923764024	0.13737504923764024	0
0.9032377656945131	2396282	0.5373889209878576	0.5397517108954168	0.44667446196793364	28248	0.14047766537780845	0.14047766537780845	0
0.8876668314384577	2876932	0.582259225341821	0.583352658968675	0.45507522354483165	28028	0.14841683735037114	0.14841683735037114	0
0.8305734058329214	3180058	0.590787780929633	0.591541290960967	0.4660294762223928	26244	0.17506868126340988	0.17506868126340988	0
0.9141127039050915	2887718	0.5678633545782276	0.5689340840492697	0.457930383523264	29196	0.14451419866278878	0.14451419866278878	0
0.8130252100840336	3644002	0.6414088881961683	0.6417179644511181	0.4659514883372562	25778	0.16111776260294178	0.16111776260294178	0
0.9143598615916955	3198772	0.5904028475898756	0.591024575826066	0.45544716211378194	28862	0.14812068785105156	0.14812068785105156	0
0.8924864063272367	2934200	0.5969339356598423	0.5975489076784769	0.4616570425577124	28330	0.14686644956643943	0.14686644956643943	0
0.8037567968363816	3560056	0.599877727071138	0.6020073058041449	0.46586847388723	25346	0.1432359109035168	0.1432359109035168	0
0.89817103311913	2168462	0.49572131617846504	0.499382030357376	0.4488347862541704	28588	0.12861959309458312	0.12861959309458312	0
0.8526940187839842	3028514	0.5868458996328811	0.5876538076797077	0.462345325364639	26906	0.142392114032945	0.142392114032945	0
0.856772120612951	3168738	0.6148266076730746	0.6154853365381555	0.45505773919058434	27024	0.15880658148922006	0.15880658148922006	0
0.9181908057340583	2525170	0.5454596279494256	0.5470857316413897	0.4542030177822047	29310	0.17306127871528246	0.17306127871528246	0
0.8956994562530894	3455802	0.6199738691813849	0.6202900076034746	0.4581433195273638	28286	0.15141356865242558	0.15141356865242558	0
0.8617152743450321	2487512	0.5732625017311528	0.5736787182008978	0.454992412726466	26750	0.17033260908095516	0.17033260908095516	0
0.8061047948591201	3253910	0.594609815297236	0.5971877362866793	0.4718731726095535	25206	0.15795431391335804	0.15795431391335804	0
0.9141127039050915	3111302	0.567666862476874	0.5708584503691613	0.45682761039108577	28904	0.14055303362172486	0.14055303362172486	0
0.8482451804251112	1759846	0.47045442309879193	0.47507770697893537	0.4415360242442437	26262	0.13839232605735527	0.13839232605735527	0
0.9317844784972813	3310032	0.6357571234267182	0.6362671793663567	0.45317054506468746	29734	0.16087456400804537	0.16087456400804537	0
0.921774592189817	4583180	0.6305012713301353	0.6312478181965848	0.46537297665877847	29344	0.16024888700070988	0.16024888700070988	0
0.8514582303509639	3271702	0.6173683155968009	0.6165224027320968	0.46689452352439176	26964	0.16117639326977892	0.16117639326977892	0
0.8955758774097875	2704364	0.5858547891134734	0.5872688568900065	0.45914580895932694	28316	0.18406599635417217	0.18406599635417217	0
0.9206623826000988	3166554	0.6343704850482045	0.6338100996912638	0.450175673363367	28986	0.1732911531781055	0.1732911531781055	0
0.9279535343549185	3772412	0.5918819212956848	0.5912948648653112	0.4509907467278324	29186	0.13568558008927495	0.13568558008927495	0
0.8442906574394464	1878582	0.5448369785478081	0.545177209618901	0.4525619211186569	26668	0.17648908182703768	0.17648908182703768	0
0.8912506178942166	4559478	0.6500735819546123	0.6503670021847366	0.46502842213142187	28478	0.14398520133318257	0.14398520133318257	0
0.9011369253583786	2861474	0.6469840879539948	0.6470460400811006	0.4566848663019625	28606	0.17450446489964713	0.17450446489964713	0
0.8910034602076125	2800882	0.5374862490811055	0.5412273970934601	0.4557577104633214	28382	0.13285170368403262	0.13285170368403262	0
0.893722194760257	2628370	0.5866774981297201	0.586985027055163	0.453408840750134	28654	0.15224390729971074	0.15224390729971074	0
0.8944636678200693	5783656	0.6791330571433245	0.6798987498023411	0.4735527641888489	28496	0.13873344952123237	0.13873344952123237	0
0.8902619871478002	3662348	0.6076549918815711	0.6087611454458112	0.4668599416072186	28542	0.1320388014311996	0.1320388014311996	0
0.9151013346515077	3511220	0.5873023863155816	0.5879988128787368	0.45749494001122587	29026	0.14013927848302488	0.14013927848302488	0
0.8692535837864558	2574664	0.5616723968767183	0.5625833054486707	0.4527463507255603	27564	0.14243587554082496	0.14243587554082496	0
0.861097380128522	2824886	0.5807400658360926	0.5813018475871554	0.461100614273029	27320	0.17484364055602955	0.17484364055602955	0
0.9052150271873455	3489866	0.6194944866285728	0.6203360939871315	0.4536376479821618	28392	0.1641803020994502	0.1641803020994502	0
0.9086752347998023	3779628	0.6104972796643603	0.6110316147359734	0.46772109083512065	28794	0.15651829273585446	0.15651829273585446	0
0.9200444883835888	3017752	0.5533267770429767	0.5543442799198101	0.45300741183939525	29044	0.12650394343207383	0.12650394343207383	0
0.9052150271873455	2467308	0.6082037933813538	0.6091675493813024	0.45607254660620766	28732	0.1735545019189907	0.1735545019189907	0
0.8404597132970836	4231922	0.6459198495281724	0.6462409545248587	0.4734895702157555	26888	0.13030771894419124	0.13030771894419124	0
0.8886554621848739	3122930	0.5456104202043196	0.5483497667601588	0.45920749926858906	27944	0.1396880581048309	0.1396880581048309	0
0.9023727137913989	2390778	0.611484658920942	0.6117031185992355	0.4532721010468108	28512	0.1669882346665652	0.1669882346665652	0
0.9270884824518042	5038772	0.646595816829345	0.6460492904981413	0.463064629669657	29454	0.13397892199393005	0.13397892199393005	0
0.9238754325259515	2926646	0.6269525947774485	0.6275487565440143	0.44548179310790254	29088	0.14977209084205517	0.14977209084205517	0
0.8284725654967869	3696122	0.6261969286347974	0.6264242506341198	0.4721026193892894	26096	0.11636011246663591	0.11636011246663591	0
0.9053386060306475	2716770	0.5732845009316152	0.5744131712357627	0.4511096390069383	28674	0.1489603841747377	0.1489603841747377	0
0.9127533366287691	2666514	0.5929901376366605	0.5934727712380589	0.45114894372247644	28702	0.1528248085025688	0.1528248085025688	0
0.8943400889767672	3859030	0.5979760514174083	0.5980866992094229	0.46291865749050604	28194	0.13715328814471134	0.13715328814471134	0
0.9327731092436975	3808768	0.7012039502263973	0.7011082999675282	0.4676247336179353	29656	0.19756765194017797	0.19756765194017797	0
0.9197973306969847	4413066	0.6361050124573138	0.6358272588427806	0.457922619485113	28850	0.15908477865616175	0.15908477865616175	0
0.870365793376174	2042916	0.49695405413902366	0.5014001998340751	0.4512561053213926	27470	0.15415304991323828	0.15415304991323828	0
0.9270884824518042	2405636	0.5353415847205597	0.5365766604763743	0.4442018926449829	28998	0.15114992355889223	0.15114992355889223	0
0.9147305981216016	3459096	0.6266146463579463	0.6271974343988982	0.4671721255894084	29198	0.16114996591538142	0.16114996591538142	0
0.884083044982699	2576298	0.573172247235423	0.574833978711073	0.4528426016046813	27758	0.1445489767990155	0.1445489767990155	0
0.8371230845279288	3746052	0.6776839845381479	0.6777476751100893	0.47319158220781926	26442	0.17843480826856625	0.17843480826856625	0
0.9267177459218982	2304318	0.5422711412260256	0.5430503385387024	0.4500543669192228	29368	0.15289191913093342	0.15289191913093342	0
0.8786455758774098	3457610	0.5861729792041553	0.5872523782311058	0.46808025944051934	27882	0.12820701675307375	0.12820701675307375	0
0.9191794364804745	3115412	0.5692289536982608	0.5697361280619418	0.4503516684173185	29134	0.14332220683073799	0.14332220683073799	0
0.8488630746416214	2830036	0.5861707958042489	0.58725571040099	0.4631929880125951	26940	0.14803308904643023	0.14803308904643023	0
0.9588482451804251	5282178	0.6894210754851682	0.6887312036717536	0.46205338778023974	30148	0.14757593225224905	0.14757593225224905	0
0.9426594167078596	4030980	0.6337633567633785	0.6345348244774612	0.45288548801843964	29934	0.15472393903819862	0.15472393903819862	0
0.9207859614434009	2650004	0.6030455726428852	0.6044014582894119	0.4530671589802213	29170	0.18328086865202356	0.18328086865202356	0
0.8775333662876915	3763658	0.612220611338521	0.6126920601534505	0.4616093383415547	28058	0.14036144368376105	0.14036144368376105	0
0.8872960949085517	2128584	0.5351119932090669	0.5387938655327574	0.4497155489863258	28010	0.1427318350111665	0.1427318350111665	0
0.8814878892733564	2551224	0.47494860138808725	0.4787813297381118	0.4612807507011581	27956	0.12141475847914389	0.12141475847914389	0
0.8072170044488384	3737690	0.6323834512753733	0.6322849087055961	0.46787018479176057	25552	0.12739854329784675	0.12739854329784675	0
0.8938457736035591	2988292	0.6094159234609573	0.6113753113165716	0.45188146383673494	28506	0.13028032025403077	0.13028032025403077	0
0.9112703905091448	2707386	0.5702294120951682	0.5715059912653809	0.4571468766721942	29072	0.13583264146054128	0.13583264146054128	0
0.9162135442412259	2998976	0.5386539945223597	0.5394351778114076	0.44843206557950466	28632	0.14413908926893645	0.14413908926893645	0
0.930672268907563	3430120	0.6592564409969833	0.6596680008432827	0.46337872801879726	29198	0.18801787871185627	0.18801787871185627	0
0.8918685121107266	3169164	0.6179527460902366	0.6189004445460559	0.45824338021450545	28248	0.14145122093743415	0.14145122093743415	0
0.8961937716262975	3890478	0.6416896040063865	0.6416124793792573	0.4565605929063538	28436	0.15709305477861196	0.15709305477861196	0
0.944760257043994	2384850	0.5895433279938305	0.5909036677076543	0.4417369605573976	29626	0.1604375052081997	0.1604375052081997	0
0.8995304003954523	3587982	0.641118684284045	0.6413157504232213	0.45812268777680987	28684	0.15116792641421936	0.15116792641421936	0
0.8488630746416214	2155756	0.5781707527491077	0.5786176636282995	0.44746311445199666	26694	0.18642115582935878	0.18642115582935878	0
0.879634206623826	3038406	0.5506801317434434	0.5519136466081037	0.46267722161054564	27914	0.13669073265179607	0.13669073265179607	0
0.9065743944636678	2398878	0.6150304217832927	0.6161914485049235	0.45397391626302525	28784	0.18940018838800968	0.18940018838800968	0
0.7974542758279782	4316098	0.592518203919928	0.5936902441294389	0.4735022123680757	25404	0.11022832442634208	0.11022832442634208	0
0.8860603064755314	2610370	0.5601118429595204	0.5625743862512835	0.4595402681018337	27906	0.1685589960145082	0.1685589960145082	0
0.8801285219970341	2693580	0.6050669490826404	0.6070206538608021	0.4579542828475995	27954	0.2046609871829798	0.2046609871829798	0
0.8652990608007909	3149918	0.589517926314126	0.5908621702263573	0.4587375667492393	27232	0.132038327448487	0.132038327448487	0
0.8419426594167079	3608286	0.6502332960022397	0.6504079173817857	0.4614340405155824	26484	0.19398086505037668	0.19398086505037668	0
0.8499752842313396	2115220	0.5186571196074269	0.5229728622721179	0.4566763592986387	27024	0.1700885975619939	0.1700885975619939	0
0.9321552150271873	4180110	0.6654675716681336	0.6648986092348327	0.4641991670411534	29668	0.1684778792553099	0.1684778792553099	0
0.8787691547207118	2946514	0.6162307146855383	0.61624328300445	0.4571848091014354	28012	0.16265421856953113	0.16265421856953113	0
0.9095402867029164	2911628	0.5210985060570933	0.5237578452648455	0.4581930263853648	29040	0.14259753877629874	0.14259753877629874	0
0.893722194760257	2893104	0.6234658720106078	0.6239302166779928	0.45599777867407093	28344	0.16471898752206376	0.16471898752206376	0
0.912259021255561	3618086	0.6592713606150141	0.658943641065794	0.45446454830255867	28602	0.15927817520811144	0.15927817520811144	0
0.815002471576866	4649040	0.6240707703764168	0.6244215615377275	0.4760979271574664	25954	0.11924687084223284	0.11924687084223284	0
0.9314137419673751	4051174	0.6765325221070783	0.6759951102444162	0.46113815663022173	29452	0.16537656563924874	0.16537656563924874	0
0.8847009391992091	2223096	0.5114983382849798	0.5134837419589292	0.4505227000560897	27962	0.1694496281357414	0.1694496281357414	0
0.907563025210084	2917768	0.5354719381790441	0.5368830642495314	0.46054798214857334	28836	0.1335595372515921	0.1335595372515921	0
0.9274592189817104	3653710	0.6199956198047173	0.6210897892474332	0.46421059289449373	29550	0.15127028846093074	0.15127028846093074	0
0.9062036579337618	3045382	0.617310388056535	0.6175881544518652	0.4540923918519501	28394	0.1822981872626888	0.1822981872626888	0
0.9420415224913494	2977418	0.6011565309280548	0.6029965380312046	0.4469519274675476	29806	0.14048361439372645	0.14048361439372645	0
0.935121107266436	2328998	0.5369432334351134	0.5397558549777927	0.450524024408512	29788	0.1680778197056714	0.1680778197056714	0
0.9377162629757786	3596418	0.6419812225962184	0.6422950879854056	0.45560102625161525	29796	0.15720556946191777	0.15720556946191777	0
0.8766683143845774	3305920	0.5862713405468241	0.5872951795710389	0.4693531829309869	27776	0.16709211204127117	0.16709211204127117	0
0.9141127039050915	2528894	0.5055029936384233	0.5089162597995304	0.44627334328562734	29030	0.14094771235785217	0.14094771235785217	0
0.9272120612951062	2687032	0.5340425865910671	0.5374481397181666	0.456465811310681	29240	0.15628796814573812	0.15628796814573812	0
0.8850716757291152	2850722	0.593235471258125	0.5938134332860249	0.45178818064562876	27802	0.138530949812162	0.138530949812162	0
0.8821057834898666	3610686	0.6036809770671999	0.6037471914500888	0.4592314401057928	27900	0.14661482565621137	0.14661482565621137	0
0.9232575383094415	3890144	0.6010261067842834	0.6038735348041401	0.46330450658687033	29168	0.1604910565776633	0.1604910565776633	0
0.9246169055857637	3638592	0.6192499445648136	0.6194747296852009	0.45249923558357885	29224	0.1556244381044162	0.1556244381044162	0
0.874938210578349	3655818	0.6032330291947628	0.6033017836438842	0.45835905642413083	27398	0.13258294108547233	0.13258294108547233	0
0.8847009391992091	2855894	0.6296220676712612	0.6296368527275833	0.45782570166308306	28122	0.18086581483826317	0.18086581483826317	0
0.8698714780029659	3082408	0.5503078221321165	0.5528859665139393	0.4576820752858293	27514	0.12960135352867333	0.12960135352867333	0
0.9016312407315867	2391878	0.5732999400411901	0.5765509010351285	0.440569335852369	28314	0.14613704417629586	0.14613704417629586	0
0.9044735541275334	3322970	0.621186220568835	0.6212360472425894	0.46197668230304484	28494	0.13914090532065063	0.13914090532065063	0
0.9388284725654967	3437932	0.6259613153209678	0.6262403722695459	0.44724258610314016	29688	0.14522092901686032	0.14522092901686032	0
0.8866782006920415	2682874	0.5495430427174116	0.5526132495323851	0.4564585176359237	28110	0.12196226444259424	0.12196226444259424	0
0.8666584280771132	2656726	0.5607051980365914	0.5611753287107754	0.4600643612630948	27608	0.1643854393110477	0.1643854393110477	0
0.9091695501730104	2686788	0.5475518120252111	0.5484620614919101	0.45393251025728837	28548	0.15918564923160847	0.15918564923160847	0
0.8774097874443896	3360400	0.6651759575515078	0.6651609362958251	0.4619944506769372	27566	0.19457374783137307	0.19457374783137307	0
0.8274839347503707	2877132	0.5962142490724837	0.5988971472254118	0.463010995527803	26258	0.18513801633832547	0.18513801633832547	0
0.888779041028176	2826470	0.631957051106721	0.6323265527475562	0.46104153212610705	28278	0.1747819410910397	0.1747819410910397	0
0.8928571428571429	2395286	0.5382531105662441	0.5416757458521715	0.4470160569369293	28292	0.16835837633119474	0.16835837633119474	0
0.9086752347998023	3242510	0.5977781178553483	0.5981428953504886	0.4589496896955246	28836	0.14641326409227048	0.14641326409227048	0
0.8956994562530894	3432966	0.6108603777482348	0.6109930453317489	0.45959846650509184	28412	0.14504055622722503	0.14504055622722503	0
0.8764211566979733	2099534	0.6102793972794136	0.6105319298862678	0.4468253205398924	27654	0.1761903177499946	0.1761903177499946	0
0.8996539792387543	3971918	0.6699309881327654	0.6699268527858829	0.46163020561465506	28464	0.16388704802303708	0.16388704802303708	0
0.9377162629757786	3086024	0.5387924615903013	0.5417231144991861	0.4507259089152547	29520	0.11984623721099318	0.11984623721099318	0
0.9099110232328226	2317902	0.5690798556464263	0.5698248645706893	0.44954807559306803	28986	0.15504713912749837	0.15504713912749837	0
0.875061789421651	2647102	0.5597158262462486	0.5607225503236212	0.4616060617990226	27686	0.1408221023532114	0.1408221023532114	0
0.7698961937716263	3801316	0.6058338339887935	0.6064049248627574	0.47401245628867333	24230	0.12233081530978925	0.12233081530978925	0
0.9209095402867029	3023004	0.6049863709337344	0.6045045636827922	0.4494554256971814	29054	0.14812149453782747	0.14812149453782747	0
0.8809935739001483	3253138	0.6123592483775595	0.61227588578108	0.46150793174180377	27934	0.16426997190771117	0.16426997190771117	0
0.8886554621848739	4138752	0.7227133627016867	0.7221672780155609	0.46573730257008145	28420	0.19463323479315164	0.19463323479315164	0
0.9090459713297083	3768330	0.6006234466850903	0.600582336923834	0.4583784842304965	28830	0.1591386257087168	0.1591386257087168	0
0.9123826000988631	3206062	0.58243950636973	0.5818459003435273	0.4457043274477255	28950	0.14701634043539316	0.14701634043539316	0
0.9243697478991597	2820902	0.5537158382042967	0.5576805121064413	0.4471774850850103	28882	0.14420180787021916	0.14420180787021916	0
0.9105289174493327	3417234	0.5481929669291375	0.5504820139886978	0.45729634116357	28796	0.14039745098556825	0.14039745098556825	0
0.893722194760257	4255198	0.5997444409677436	0.5997010500769985	0.4717095625295909	28172	0.14563098713771536	0.14563098713771536	0
0.9230103806228374	3189248	0.6203968212260145	0.6207237530578762	0.44882292096226584	29060	0.14480315492931928	0.14480315492931928	0
0.9345032130499259	2509080	0.5947918710217418	0.5985996083611959	0.4485423403459356	29418	0.16279333733462567	0.16279333733462567	0
0.9283242708848245	2156658	0.49081191920268896	0.4943902708805295	0.44005996814753146	29012	0.13386631848586747	0.13386631848586747	0
0.921156697973307	3211384	0.5923169117710981	0.5922303306979175	0.45606883448611674	29156	0.14953762992590783	0.14953762992590783	0
0.934997528423134	3529648	0.5974450464383528	0.5977863011564263	0.44978919730632944	29498	0.15114312282327516	0.15114312282327516	0
0.8444142362827484	3306880	0.6033148241149712	0.6044248047047217	0.46447972262316983	26732	0.15345420607716956	0.15345420607716956	0
0.8971824023727137	3888546	0.5925389158434765	0.5923422307828246	0.46430682158882286	28568	0.13976205797760538	0.13976205797760538	0
0.921156697973307	2874068	0.629662252674657	0.6296553430123112	0.4537698566568935	29386	0.15490759313220692	0.15490759313220692	0
0.879510627780524	2766070	0.6575490388936346	0.657776231317413	0.45862156939022203	27966	0.19518064158427942	0.19518064158427942	0
0.9288185862580326	2576982	0.5339533164597089	0.5371640872613167	0.4449963435046312	29222	0.14966018574184484	0.14966018574184484	0
0.9311665842807711	5468352	0.6810784055537843	0.6811991716066198	0.46687043292004526	29254	0.1465827885539292	0.1465827885539292	0
0.912135442412259	2745912	0.6344214274762076	0.6338008641135197	0.453480965899147	28300	0.17966847897464774	0.17966847897464774	0
0.9248640632723678	2897990	0.5952712398028643	0.5965025957303396	0.4591038210063385	29084	0.17330617184861438	0.17330617184861438	0
0.9368512110726643	3432684	0.6080971198053369	0.6086214355353132	0.4510829107179762	29430	0.15570319169848681	0.15570319169848681	0
0.8578843302026693	3154436	0.6373481343658373	0.6375048806651121	0.4639964093859992	27364	0.14845428397752783	0.14845428397752783	0
0.8845773603559071	3122038	0.578291859533465	0.5800466889166199	0.46674211455399744	28160	0.15066299349140863	0.15066299349140863	0
0.9251112209589718	2982174	0.5763582315880164	0.5769042562808665	0.4521856777354216	29488	0.1444028544295127	0.1444028544295127	0
0.9200444883835888	3890964	0.6096390319222228	0.6096509420484069	0.45873562459946976	28784	0.13975933555510017	0.13975933555510017	0
0.9495798319327731	2587908	0.5052204153513316	0.5065752823801928	0.4449869014283421	30218	0.13944486701366485	0.13944486701366485	0
0.8000494315373208	2733410	0.5397493939146606	0.5403482967505773	0.46495277120953243	25470	0.1310213458049631	0.1310213458049631	0
0.8791398912506179	2928416	0.606779835575039	0.6079563796031383	0.46011393830937597	27944	0.17113188959810385	0.17113188959810385	0
0.8918685121107266	2634388	0.5710036712390575	0.5717265020727663	0.4590170140393411	28130	0.1664881128346381	0.1664881128346381	0
0.9545229856648542	4561698	0.6846228385433138	0.6838968500218532	0.4566928244891468	30130	0.14530674758054737	0.14530674758054737	0
0.9094167078596145	2304010	0.4736792018088785	0.48023010309633013	0.4535882157702931	28522	0.1539824083889474	0.1539824083889474	0
0.7862086010874938	3002808	0.6088180239144411	0.6088816244466044	0.46423537332901194	24900	0.1577073713560669	0.1577073713560669	0
0.893722194760257	2920086	0.585071623697281	0.58712379636873	0.4575017667732879	28350	0.15856007167720748	0.15856007167720748	0
0.8394710825506673	2591008	0.6056423006133876	0.6070888368379892	0.4631390096651617	26648	0.21920555225500157	0.21920555225500157	0
0.8628274839347504	3731736	0.595116536819437	0.5958083148403287	0.4639943326763712	27434	0.1432677258971064	0.1432677258971064	0
0.8875432525951557	3137264	0.573824166750797	0.5750700923029175	0.46513800297136815	27944	0.16034617005686527	0.16034617005686527	0
0.9147305981216016	3138604	0.6332077089290773	0.633255599768137	0.4458172325155468	28530	0.16229875193886137	0.16229875193886137	0
0.9280771131982205	2592406	0.503831475524434	0.5072329909492385	0.44648392797963615	29342	0.12964642290431475	0.12964642290431475	0
0.930919426594167	2688212	0.5747771938110998	0.5766923988160054	0.45493309240416796	29556	0.15213028030595424	0.15213028030595424	0
0.897676717745922	2861176	0.601736406815422	0.6027591483459062	0.4543956094130377	28454	0.1641363151534407	0.1641363151534407	0
0.879634206623826	2286658	0.5486434034691662	0.550666889497253	0.4543277274380411	27926	0.17914060491212558	0.17914060491212558	0
0.8362580326248146	4207746	0.5937455312843383	0.5939404005351758	0.4708994111566389	26620	0.1147941128522314	0.1147941128522314	0
0.9417943648047454	2078148	0.5380787851701301	0.5387094567193648	0.43488767088118324	29724	0.1627688006438377	0.1627688006438377	0
0.9168314384577361	2795174	0.5328789726262858	0.534527275253843	0.4544775768313533	28850	0.15310433288521433	0.15310433288521433	0
0.8304498269896194	3785880	0.6160230552273965	0.6161832084994386	0.46603635088997103	26274	0.15170801216393928	0.15170801216393928	0
0.9090459713297083	4414424	0.6493982154937664	0.6493087514180488	0.4607927536095134	28708	0.16708269366673345	0.16708269366673345	0
0.9138655462184874	3053578	0.5611813624362815	0.56290723111796	0.4513940166761981	28970	0.1439955895707365	0.1439955895707365	0
0.9062036579337618	2598454	0.5845703811110686	0.5853729776259032	0.4590356942903197	28914	0.1634687877263776	0.1634687877263776	0
0.9200444883835888	2465026	0.5079701117637888	0.5108276721217843	0.4558541632640107	29280	0.12045769559899246	0.12045769559899246	0
0.9268413247652002	2557888	0.4913110894149883	0.4939625823541309	0.4495591318555093	29206	0.1314787420585712	0.1314787420585712	0
0.8329214038556599	2898338	0.5436854978765125	0.5448362385134992	0.4613759259850643	26412	0.1287495059028264	0.1287495059028264	0
0.8735788433020267	2747360	0.6104438687447405	0.6125184203305735	0.4561927804349169	27456	0.17392029911603832	0.17392029911603832	0
0.8918685121107266	4445804	0.6275372998892935	0.6286857601479131	0.4696700331627861	28618	0.13346174565792876	0.13346174565792876	0
0.8865546218487395	2923644	0.6002122765005068	0.5999220136132586	0.4548687476575625	28096	0.17754187260382706	0.17754187260382706	0
0.8597380128521996	2205020	0.5935108677818002	0.594517735287959	0.45213511721387234	27164	0.17279215376388782	0.17279215376388782	0
0.8720958971824024	2714482	0.6253760669408265	0.6255929414935956	0.45823299625073766	27630	0.1784747327181615	0.1784747327181615	0
0.8891497775580821	3272614	0.6173708232221758	0.6185489266944508	0.457529515026934	27940	0.17200506336207502	0.17200506336207502	0
0.9011369253583786	2841370	0.6057768735642419	0.6065885618235239	0.45432024616392264	28674	0.14654975895218872	0.14654975895218872	0
0.9033613445378151	3228246	0.5728222328728383	0.5746988679994175	0.4585472805908252	28784	0.14315835105074906	0.14315835105074906	0
0.883835887296095	2234242	0.5676698881400358	0.5695596724882994	0.45276789737175127	28152	0.1633542048072437	0.1633542048072437	0
0.8565249629263469	3813596	0.6430068885817863	0.6430047244647407	0.46710057210823624	26984	0.16919274204215937	0.16919274204215937	0
0.8781512605042017	3335020	0.6086251911672045	0.6099919236747845	0.45890366080944744	27730	0.13133339366120614	0.13133339366120614	0
0.8449085516559565	3669874	0.6251139115646516	0.6255874143606711	0.4655236040270592	26554	0.1777687748591481	0.1777687748591481	0
0.9133712308452793	2755838	0.5225653502596561	0.5233069257494626	0.4476951626610646	28838	0.14408291757915945	0.14408291757915945	0
0.883835887296095	3628834	0.6366925188984193	0.6369613966574312	0.46363392218933225	28176	0.14800565104176802	0.14800565104176802	0
0.8110479485912012	2291110	0.6019417077385275	0.6023995715677323	0.4578976408908117	25536	0.194257318285638	0.194257318285638	0
0.8751853682649531	2216618	0.4922135180780649	0.49485357873184604	0.4457582847077268	27640	0.15568701652632466	0.15568701652632466	0
0.8832179930795848	2823774	0.57777417773579	0.5798314623984266	0.4508383284781628	27786	0.17414233252460554	0.17414233252460554	0
0.8859367276322294	4759868	0.6177833134348656	0.6181459443405892	0.46663654549191036	28328	0.11627450954646688	0.11627450954646688	0
0.9127533366287691	3188990	0.6192483109099584	0.6206713341087343	0.45836989251743265	28932	0.16027074570278077	0.16027074570278077	0
0.9357390014829461	1917350	0.5294984597200066	0.5302268281098185	0.43358143609260164	29260	0.15944998989334555	0.15944998989334555	0
0.9299307958477508	2490844	0.5215089464929166	0.5238530397067204	0.4527480874977319	29694	0.14649968656836504	0.14649968656836504	0
0.9060800790904597	2420814	0.5915563139349432	0.5939401371455969	0.4485936178986664	28466	0.17964416239730285	0.17964416239730285	0
0.8886554621848739	3314700	0.623157597482522	0.6231284475190468	0.4634719818390887	28120	0.15074850970072082	0.15074850970072082	0
0.8901384083044983	1907250	0.5720792634343498	0.5755465484950137	0.44219939115149204	27976	0.16602372014948405	0.16602372014948405	0
0.9206623826000988	3689586	0.6106617188423665	0.6115974119954387	0.45985888293688676	29366	0.13162815118778107	0.13162815118778107	0
0.8693771626297577	3013890	0.5982685285938738	0.5994518220035766	0.45968403740528124	27578	0.14733831410784853	0.14733831410784853	0
0.9144834404349975	2318046	0.5169970962065242	0.5179571404251836	0.4347010338995609	28662	0.1557578140743299	0.1557578140743299	0
0.8848245180425112	2693140	0.6107699882878873	0.6130197057589556	0.46074492281514384	28044	0.17738555194741132	0.17738555194741132	0
0.8849480968858131	2280402	0.5617049777255103	0.564327303180906	0.45277261231942273	28236	0.18211078980311113	0.18211078980311113	0
0.911888284725655	2786454	0.5450632080758054	0.5456284454948124	0.4533216528110961	28880	0.1409602295744243	0.1409602295744243	0
0.9125061789421651	3186048	0.5885024100385756	0.5889685498811423	0.4576243200122014	28984	0.15204047037387372	0.15204047037387372	0
0.9298072170044488	2147636	0.5470814059489526	0.5489484913803311	0.4509108808117767	29496	0.17924903784263227	0.17924903784263227	0
0.8728373702422145	3953248	0.5890784696776713	0.5889188177945924	0.46470609062273566	27750	0.13794739771446762	0.13794739771446762	0
0.9036085022244191	4271212	0.6285071933607108	0.6290970194061941	0.466487628341031	28540	0.14464147788228146	0.14464147788228146	0
0.9157192288680178	3415748	0.5964128469728318	0.5978148710361845	0.46081622826487934	29076	0.15914265833736604	0.15914265833736604	0
0.9018783984181908	2537100	0.5941571551196899	0.5958431443116231	0.4533381218704899	28464	0.1677314827692524	0.1677314827692524	0
0.8783984181908058	3037980	0.5185961265543743	0.519134076988943	0.46495233031467653	27888	0.13411890983071778	0.13411890983071778	0
0.875308947108255	3293516	0.5544682011945093	0.5569347593667135	0.4615394503378247	27734	0.1253984644479671	0.1253984644479671	0
0.8357637172516066	2728870	0.5701439771927489	0.5720003011590821	0.457642665813391	26332	0.1552754908485773	0.1552754908485773	0
0.9095402867029164	2141496	0.5717398504540544	0.5723806642145846	0.44793443321948806	29022	0.15943896303786526	0.15943896303786526	0
0.9340088976767178	3455724	0.5924598590510347	0.5930232770157887	0.4502165503422703	29532	0.14306734088742618	0.14306734088742618	0
0.9162135442412259	3404840	0.5911052306515252	0.591776792925225	0.4526430097211414	29346	0.12995075007967305	0.12995075007967305	0
0.8911270390509145	3367636	0.5512693085507652	0.5532065187834162	0.46615390424684783	28222	0.13393778852419572	0.13393778852419572	0
0.9206623826000988	3583296	0.6303386539342785	0.6301823076251715	0.46272106107952543	29200	0.15867228901489086	0.15867228901489086	0
0.8664112703905091	2592876	0.5556292186321289	0.5577627046773447	0.45774324611732436	26948	0.15013297292167302	0.15013297292167302	0
0.9485912011863569	2946872	0.6038694454251982	0.6036066705303701	0.44852779684379823	30120	0.16210363602390757	0.16210363602390757	0
0.9181908057340583	2986382	0.632435815059236	0.6322894532325675	0.4577356605086534	28960	0.17168875038730658	0.17168875038730658	0
0.8709836875926842	2621012	0.5551038014644346	0.5562068663275871	0.4620511083584091	27386	0.15619363949866555	0.15619363949866555	0
0.9172021749876421	2534024	0.5918166097388332	0.591749324956775	0.4484074133423695	28734	0.16205250925565698	0.16205250925565698	0
0.8830944142362828	2038654	0.547499845264071	0.5513104613910812	0.4477874232408892	27828	0.16958634085957866	0.16958634085957866	0
0.8624567474048443	3661670	0.6729006745075878	0.6724847559676372	0.4594668735325496	27542	0.18440819965071717	0.18440819965071717	0
0.9143598615916955	3024772	0.618130503760033	0.6180228366610095	0.4562668735592717	28976	0.17615819568633784	0.17615819568633784	0
0.9346267918932278	3343778	0.5702448488547297	0.569888696350693	0.4581430680913307	29794	0.13637483888459295	0.13637483888459295	0
0.8788927335640139	4282508	0.6689427551221904	0.6685956522790812	0.4645434884861152	27840	0.14618527215713437	0.14618527215713437	0
0.8722194760257044	4010736	0.641281344620504	0.6411799244790425	0.4720215782014771	27698	0.14140059333339164	0.14140059333339164	0
0.8848245180425112	4047144	0.6525402573699234	0.6529493258668483	0.46163093144072387	27956	0.1624397989858624	0.1624397989858624	0
0.9096638655462185	3766814	0.6686014382126754	0.6686999173813605	0.466378616174818	28738	0.1590453596782471	0.1590453596782471	0
0.8388531883341572	4147980	0.6370217684654388	0.6373802445987045	0.4691132141994396	26872	0.119551089305375	0.119551089305375	0
0.89817103311913	2910272	0.5765483716179998	0.5769996855509397	0.46301130113226985	28438	0.1404346182398744	0.1404346182398744	0
0.9117647058823529	2030382	0.4979171953097798	0.5011674804454267	0.443512166671604	28858	0.16922554177679258	0.16922554177679258	0
0.930548690064261	3023442	0.6108267300026619	0.611328250485913	0.4520664231210396	29034	0.18871404777821568	0.18871404777821568	0
0.8213049925852693	2363802	0.5667177811892289	0.56803272649766	0.4590267100101919	26082	0.1744299664367006	0.1744299664367006	0
0.930425111220959	4278578	0.6317600385146932	0.6316662291764951	0.4661987239209782	29726	0.14870306494017185	0.14870306494017185	0
0.8996539792387543	3607312	0.604727285393266	0.6056464284301593	0.4593990788423546	28658	0.14600848647707518	0.14600848647707518	0
0.9364804745427583	3916286	0.633580677232903	0.6333459447404981	0.45417979044804163	29532	0.14444468473842073	0.14444468473842073	0
0.9199209095402867	3516902	0.5827196202362593	0.5840978650980975	0.46101474984526186	29050	0.14474238658829572	0.14474238658829572	0
0.9134948096885813	3317282	0.5845261058633605	0.5850855897897238	0.45498345757671044	29018	0.14130687403452682	0.14130687403452682	0
0.9337617399901137	3025010	0.5744631001003404	0.5756202129786493	0.46121619419710663	29894	0.1492697532875428	0.1492697532875428	0
0.9102817597627286	3027916	0.5240142504215194	0.5281283235804051	0.4507433683447928	28370	0.14252698393447585	0.14252698393447585	0
0.9169550173010381	2903800	0.5786348282445323	0.5807257217147362	0.4530540246897965	29088	0.1540570015382142	0.1540570015382142	0
0.9146070192782996	2576330	0.5587036988670487	0.5590737472480548	0.4533332200239955	28974	0.1423811763507052	0.1423811763507052	0
0.8928571428571429	3326338	0.5519772786713001	0.5532509639305648	0.46510025489320755	28512	0.14948042546164664	0.14948042546164664	0
0.911888284725655	2715226	0.5389333610735465	0.5414086774451167	0.4497989283401504	28944	0.13030191861071602	0.13030191861071602	0
0.8992832427088482	2728880	0.4808334486349406	0.4830752513295223	0.45217541269093625	28646	0.11848493714317952	0.11848493714317952	0
0.842807711319822	2699222	0.6002820981755506	0.6018863027125702	0.4619224217127338	26584	0.17275017347454225	0.17275017347454225	0
0.9285714285714286	2679442	0.5393291442220961	0.5415827236115744	0.45100218053917535	29114	0.14474017119812102	0.14474017119812102	0
0.9157192288680178	2673328	0.5640889934706727	0.5651057041885436	0.44261660595722785	29006	0.12134153104760997	0.12134153104760997	0
0.865546218487395	2462796	0.5067800398331521	0.5112979004743508	0.45166291342265374	27108	0.1352341595346778	0.1352341595346778	0
0.870365793376174	4535286	0.6913774450105133	0.6913333827966534	0.46897902653121876	27444	0.1640480566521448	0.1640480566521448	0
0.8804992585269402	2711270	0.6292599463727612	0.6296415997111926	0.4491323194040033	27284	0.15980682205661276	0.15980682205661276	0
0.8544241225902125	4107642	0.6189142993887146	0.6198121255325386	0.46322564826373175	27252	0.13679579757353025	0.13679579757353025	0
0.9148541769649036	2062320	0.5668423273491828	0.5670292525252996	0.44900047506827373	28718	0.17311112078536187	0.17311112078536187	0
0.846885813148789	1978018	0.5232383992464186	0.5261178902202245	0.45317099715831305	26930	0.17554817492992492	0.17554817492992492	0
0.875308947108255	2419050	0.5859290439422389	0.5853669477655273	0.45548530821418365	27360	0.1588765933917081	0.1588765933917081	0
0.8908798813643104	3394944	0.6515564431442394	0.6525261250154587	0.4608081433392149	27972	0.18610531347619078	0.18610531347619078	0
0.912135442412259	1897152	0.5479779275799618	0.5499219172690606	0.43968194804362287	28532	0.16558871152008087	0.16558871152008087	0
0.8153732081067722	2591800	0.5594070229621299	0.561670501576767	0.46061657014425733	25584	0.16374139150408543	0.16374139150408543	0
0.9115175481957489	3461542	0.6408790297108445	0.6410151088479489	0.4570988484038642	28754	0.15151331199847812	0.15151331199847812	0
0.9112703905091448	4325282	0.5945498452402426	0.5955292216965374	0.4658221973453473	29064	0.12886582010796446	0.12886582010796446	0
0.926099851705388	3149866	0.6497715438548095	0.6503618347237942	0.45270967093303255	29484	0.1623889944195652	0.1623889944195652	0
0.8573900148294612	2433884	0.6335459100082209	0.6335601335175539	0.4555472299274384	26890	0.17873094456672364	0.17873094456672364	0
0.8586258032624815	3458186	0.6428009004748898	0.642926499256065	0.47004629549989935	27176	0.16957864114122181	0.16957864114122181	0
0.9466139396935245	3100398	0.657055319199337	0.6580347482482477	0.4521773016340411	29882	0.1718444960842239	0.1718444960842239	0
0.930919426594167	3027792	0.5926853181743617	0.5940168777645581	0.44554767866046924	29356	0.13118977518996486	0.13118977518996486	0
0.8850716757291152	2664056	0.6262428358569415	0.6262750039104672	0.4593873042267782	28174	0.16397240885631795	0.16397240885631795	0
0.9226396440929313	3413806	0.6220881367441085	0.6215573369537849	0.4572345874645442	29312	0.1495429800868217	0.1495429800868217	0
0.8734552644587247	2973012	0.5648703445488326	0.5657411197058645	0.4575318069217731	27470	0.1565811039698043	0.1565811039698043	0
0.8708601087493821	2273564	0.5150226685561393	0.5160067575311063	0.4390212055712625	26932	0.1528564191336545	0.1528564191336545	0
0.9070687098368759	4090878	0.6025629191857741	0.6028132978177351	0.46369573663620733	28438	0.13274540805322552	0.13274540805322552	0
0.9319080573405834	3858864	0.6457133963039576	0.6455177276111722	0.460244385781966	29554	0.14090496067958616	0.14090496067958616	0
0.8921156697973307	3128002	0.632854051906656	0.6324027751414599	0.459747372332925	28274	0.1714118968008577	0.1714118968008577	0
0.9180672268907563	3174498	0.6378801841204592	0.6377563800092392	0.4588538856953914	28994	0.16574509457302514	0.16574509457302514	0
0.8975531389026199	2253740	0.5276124149203331	0.5291665740957207	0.44671057681776394	28172	0.16529912808763908	0.16529912808763908	0
0.9162135442412259	2990358	0.6359482707414724	0.6371687190103151	0.4515194913485094	28934	0.1522533957292999	0.1522533957292999	0
0.9146070192782996	4427974	0.6567094600966098	0.6566328156797876	0.45635096222565585	29008	0.14327551714129946	0.14327551714129946	0
0.9022491349480969	3170750	0.5597211634143182	0.5604332053251063	0.4560447831139818	28444	0.15516914718923774	0.15516914718923774	0
0.9144834404349975	3604030	0.6057479933552734	0.6064059653041388	0.4540073627667192	28942	0.14617045729018815	0.14617045729018815	0
0.8699950568462679	3092090	0.6360523518133758	0.6358202927723259	0.4641951270219382	27234	0.18266190815226246	0.18266190815226246	0
0.860726643598616	5294770	0.6585913084072291	0.6585202127797322	0.4730894626277531	27010	0.13079240108231846	0.13079240108231846	0
0.893598615916955	3300750	0.5883197288216194	0.5886648364655344	0.4550217233229799	28068	0.14392401050709253	0.14392401050709253	0
0.8016559565002471	2948058	0.5896941391717877	0.5909718774722376	0.46106236833975633	25174	0.1179113152196834	0.1179113152196834	0
0.9066979733069699	2228996	0.567182703209629	0.5681912043423054	0.4500384545877847	28822	0.1648535681336907	0.1648535681336907	0
0.856648541769649	1925112	0.6331037427656654	0.633658664530561	0.4585621036962362	26986	0.21852135174990636	0.21852135174990636	0
0.9274592189817104	2231132	0.5000932319767645	0.5036394827882372	0.45061913613803767	29076	0.15595845026925023	0.15595845026925023	0
0.8583786455758774	3544502	0.651229236316284	0.6513610900760162	0.468596541637564	27188	0.17934972332057583	0.17934972332057583	0
0.8716015818091942	2765358	0.5841633866478627	0.5836111395307696	0.4569326737450307	27630	0.16790158891844953	0.16790158891844953	0
0.8388531883341572	2791960	0.5973852369341129	0.5979159458358911	0.4636641247872612	26474	0.16510225221914004	0.16510225221914004	0
0.8994068215521502	3435560	0.6311710588579137	0.6320738748295017	0.4632537724216677	28750	0.15049751204711861	0.15049751204711861	0
0.9085516559565002	4051844	0.5990987016105651	0.5994659042826542	0.4638226083522526	28924	0.1416975245180441	0.1416975245180441	0
0.8648047454275828	2855982	0.5461897736649067	0.5479346910799381	0.45852431830469786	27442	0.1357322973588433	0.1357322973588433	0
0.8651754819574888	2903598	0.5659610297013781	0.5661142277025905	0.4626833301600217	27364	0.12496130262727136	0.12496130262727136	0
0.9137419673751854	3626646	0.6119899089816535	0.6122210005393993	0.4590998409192167	28736	0.15726971937068937	0.15726971937068937	0
0.9284478497281266	3306556	0.6213358101685219	0.6229309846077821	0.4589381662713647	29476	0.16879148806258745	0.16879148806258745	0
0.9278299555116164	3786020	0.5642784470140406	0.5673139136647565	0.4612199437221336	29448	0.14493061676851582	0.14493061676851582	0
0.8898912506178942	4302152	0.6760466587925684	0.6758517537659111	0.4606063584010929	28346	0.1858214325243216	0.1858214325243216	0
0.8665348492338112	2650644	0.6142343746349814	0.6139830569674064	0.45078182679488	27584	0.1785001223278605	0.1785001223278605	0
0.8540533860603065	3448530	0.6161436442466454	0.6163831902048077	0.46546930796602637	27232	0.1699299760042655	0.1699299760042655	0
0.9413000494315373	2548856	0.6147867369767908	0.6149614428453841	0.44565898834718376	30052	0.15920875814736626	0.15920875814736626	0
0.8780276816608996	4086382	0.6345830177333751	0.6350712885331847	0.4712543005097282	28026	0.13952341688661624	0.13952341688661624	0
0.8847009391992091	3124380	0.5962803966260025	0.5961684868928246	0.45964907712248876	28094	0.15876732789270362	0.15876732789270362	0
0.8538062283737025	1987112	0.530809252673782	0.5357377247030161	0.4503168952739986	26958	0.15591303961037714	0.15591303961037714	0
0.8601087493821058	2333116	0.5160353400447962	0.5178444135258274	0.45449129449883596	27340	0.11383683036642038	0.11383683036642038	0
0.9029906080079091	2621466	0.5542280808018134	0.556666522979041	0.45034767887149024	28576	0.163039420270465	0.163039420270465	0
0.9127533366287691	3934990	0.5964043832688731	0.599608055168509	0.4641961970793796	28792	0.14082838638488684	0.14082838638488684	0
0.8764211566979733	3684880	0.5833197457220914	0.5835798732464145	0.4629727575990524	27818	0.11071924002214618	0.11071924002214618	0
0.8717251606524963	2923428	0.5971097116544964	0.597955003203804	0.4587557598840785	27822	0.16093386577116411	0.16093386577116411	0
0.8956994562530894	1708988	0.5054986775339055	0.5089337807131739	0.4440789699457446	28274	0.16445016321643927	0.16445016321643927	0
0.8646811665842807	3205600	0.6213640912852306	0.6231383265830077	0.46459663208056917	27222	0.16010970155657936	0.16010970155657936	0
0.9374691052891745	3859208	0.6022497403145829	0.6072370837194033	0.4596120295508799	29654	0.17009331545006157	0.17009331545006157	0
0.8576371725160652	2936562	0.6453782991155087	0.6452166620586238	0.4570285412604322	26942	0.1837015388035573	0.1837015388035573	0
0.907563025210084	3666018	0.5788119630463691	0.5807560130829245	0.46586618336352864	28996	0.13018168406268837	0.13018168406268837	0
0.8877904102817598	2765166	0.6100995873803414	0.6102495787678441	0.4606640605127907	27982	0.15487590209279015	0.15487590209279015	0
0.907563025210084	3586810	0.6212298812897848	0.6211922609015651	0.4610204729481313	28748	0.14248659341186462	0.14248659341186462	0
0.9169550173010381	2635916	0.5519605128049784	0.5539166283781268	0.45679699321310197	28672	0.1472935327011612	0.1472935327011612	0
0.9095402867029164	4892974	0.6550482466953815	0.6549282610656139	0.4625439010549924	28866	0.1330122293751099	0.1330122293751099	0
0.8912506178942166	3571936	0.6008636202792713	0.6003110524553984	0.46506947456429876	28514	0.17455347389059747	0.17455347389059747	0
0.8973059812160158	3564872	0.6102148195499277	0.6107562524822435	0.45169799224057017	28026	0.16883017948959642	0.16883017948959642	0
0.8680177953534355	3401604	0.603638564014485	0.6035945578653621	0.4589744819379118	27542	0.14728298661387465	0.14728298661387465	0
0.8950815620365793	3518230	0.6304429694777999	0.6301282778551388	0.46224174106119187	28446	0.16519378571901452	0.16519378571901452	0
0.9419179436480475	3927234	0.641774703214263	0.6414765111771261	0.45552081817937234	29908	0.13796895800000927	0.13796895800000927	0
0.921280276816609	2918096	0.6333531740866921	0.6341536169016893	0.4574229973806829	29424	0.17702129133629294	0.17702129133629294	0
0.9068215521502718	2957020	0.5394941248575739	0.541032990393743	0.4528221999681162	28752	0.12451856589856443	0.12451856589856443	0
0.9207859614434009	2543906	0.6243201307851202	0.6253865782260253	0.4535209933921902	29112	0.19362837044444955	0.19362837044444955	0
0.9197973306969847	4740806	0.7184105890829247	0.7183784656550186	0.46847561965341317	29266	0.17808377607380824	0.17808377607380824	0
0.8724666337123085	3375358	0.6366576829857322	0.6379856742742317	0.46562929351233856	27674	0.16127568058432107	0.16127568058432107	0
0.8869253583786456	2933834	0.5718596141770932	0.5724738253603845	0.45430903429254604	28338	0.13273859454435447	0.13273859454435447	0
0.9290657439446367	3481824	0.582544800183051	0.5831698016567854	0.46077715231725036	29484	0.1336900910096643	0.1336900910096643	0
0.8772862086010875	2274460	0.5474728904007725	0.5487009132996995	0.4579889617236186	27672	0.15860472652700078	0.15860472652700078	0
0.9089223924864063	3162566	0.6052875227315923	0.6061578866188467	0.45706135355153704	28622	0.16069777282005274	0.16069777282005274	0
0.8733316856154226	2464074	0.5262465597489132	0.5281185458958644	0.4592854553634366	27862	0.1572223911030761	0.1572223911030761	0
0.870242214532872	2918984	0.6033793143811228	0.6037338748112007	0.4611156869413546	27930	0.1361807596845768	0.1361807596845768	0
0.879510627780524	2665738	0.6354555730476853	0.6356895183722179	0.4560488508497031	27610	0.15243197131133937	0.15243197131133937	0
0.9003954522985664	5261042	0.6921739995487094	0.6918998643266826	0.4702552071072741	28464	0.16226530807346853	0.16226530807346853	0
0.8961937716262975	2992874	0.5725528996682597	0.5730641873378642	0.45766665459884187	28382	0.13699795285483	0.13699795285483	0
0.8929807217004448	3520932	0.6248700730792731	0.6252148879847975	0.45997057187822404	28258	0.1427628871119261	0.1427628871119261	0
0.8940929312901631	2399674	0.5888970724481016	0.5908661453302178	0.44712003514385246	28316	0.1756866946904695	0.1756866946904695	0
0.8944636678200693	3463688	0.6354130199054571	0.6364489097613593	0.45561671471008774	28068	0.16139983647339728	0.16139983647339728	0
0.8853188334157193	2835644	0.601621851535317	0.6025188929789997	0.46033290009942324	28020	0.15477852739184586	0.15477852739184586	0
0.884083044982699	2628820	0.589757742640214	0.5903590443210037	0.462421605514934	27958	0.1724255037000406	0.1724255037000406	0
0.9200444883835888	3407082	0.5962881881440751	0.5975808934698456	0.45177042666641953	29168	0.15867103579506578	0.15867103579506578	0
0.8954522985664854	3023284	0.5785630698164459	0.5795624687094693	0.4604795380969895	28182	0.15313995843021636	0.15313995843021636	0
0.8687592684132477	2517820	0.5342537261929874	0.5356575930324706	0.4593295308431999	27402	0.14995039574195518	0.14995039574195518	0
0.925729115175482	3511636	0.6210280108101764	0.6207363111032428	0.45728175540351773	29454	0.1569369111703042	0.1569369111703042	0
0.8581314878892734	3551614	0.5962786780842128	0.5967252068883545	0.46150084804739655	27182	0.12762228005096526	0.12762228005096526	0
0.8814878892733564	2365232	0.5965967043820212	0.5969840291300031	0.44957833461347413	27640	0.19389840320214743	0.19389840320214743	0
0.9069451309935739	2908538	0.5604072933231329	0.5618342558023324	0.4610090676775434	28834	0.1554618086506662	0.1554618086506662	0
0.8987889273356402	3498870	0.5981582030525654	0.599525906664509	0.46160949167592374	28574	0.15946708567877674	0.15946708567877674	0
0.9116411270390509	2929370	0.5199493836749925	0.5217833284747285	0.45254038999382845	28688	0.15809402447596346	0.15809402447596346	0
0.8929807217004448	3675002	0.6346407547883995	0.6348181481813856	0.46400836742029333	28250	0.13632317243502048	0.13632317243502048	0
0.8900148294611963	3347856	0.595458472621133	0.596337279331764	0.46225572352572225	28256	0.1550895289566239	0.1550895289566239	0
0.893351458230351	2477002	0.5367121040337866	0.538253591609546	0.4514633759640852	28456	0.12967339641379924	0.12967339641379924	0
0.9243697478991597	4029842	0.6285675783075081	0.6292135903836152	0.4642690529073479	29470	0.13899328395806004	0.13899328395806004	0
0.8923628274839348	3178832	0.5845909206056553	0.585694243453726	0.4561281873094631	28042	0.11970720878628215	0.11970720878628215	0
0.8859367276322294	1636656	0.49470968239910906	0.49611501896180354	0.4339402746130184	27706	0.14457179131853024	0.14457179131853024	0
0.8849480968858131	3381834	0.6073491834084387	0.607618424542775	0.4608768868925854	28186	0.1360897725385494	0.1360897725385494	0
0.9553880375679684	2560986	0.5880397031911774	0.5911259277291196	0.4399211506264821	30030	0.16693258110165868	0.16693258110165868	0
0.8525704399406822	2223974	0.6732908292993387	0.6731143119452917	0.4556030634920472	26756	0.25473563284270057	0.25473563284270057	0
0.9199209095402867	3856814	0.6298415224875997	0.630334290414544	0.46701871721343147	29246	0.1515913466597484	0.1515913466597484	0
0.8263717251606525	1890090	0.5514958860354751	0.5545962391435021	0.44814440137715056	25832	0.16916790073666435	0.16916790073666435	0
0.8672763222936233	3095446	0.5344533089394014	0.5366807981565906	0.4645254591291375	27574	0.16431829763674868	0.16431829763674868	0
0.9037320810677212	2518054	0.5978153135163643	0.5994575481624377	0.4501601168160492	28568	0.1790654085980101	0.1790654085980101	0
0.8956994562530894	2423092	0.592194221588842	0.5938166654893293	0.4552438036805006	28476	0.1845213251843432	0.1845213251843432	0
0.9194265941670786	3888086	0.6400546130519598	0.6402295395715425	0.46222469704638375	29196	0.14079021716376658	0.14079021716376658	0
0.8601087493821058	2833524	0.621888383701239	0.6235449778992967	0.4670932466230742	27404	0.17039242373129393	0.17039242373129393	0
0.9064508156203658	2672868	0.5809531514503747	0.5823879387037191	0.4547755159774644	28850	0.16273744057450365	0.16273744057450365	0
0.8859367276322294	3709456	0.5975739267136978	0.5994580872042784	0.4713522923643736	28042	0.14084476263489157	0.14084476263489157	0
0.9111468116658428	3399098	0.6540102290258427	0.6542713061748378	0.46223791608603765	28870	0.1835599046471941	0.1835599046471941	0
0.8990360850222442	3668010	0.6138855953391957	0.6138826016451904	0.4546623801788751	28618	0.14024528430497682	0.14024528430497682	0
0.8845773603559071	2589826	0.4676667218442842	0.4675406790519723	0.4494093012967344	27880	0.11226817320888637	0.11226817320888637	0
0.8926099851705388	3874890	0.5692312117478827	0.5696206188860498	0.4508860433035267	28422	0.11436277081514107	0.11436277081514107	0
0.8975531389026199	2924324	0.6095635870075843	0.6099678128812942	0.4558102016060059	28324	0.16652770936119154	0.16652770936119154	0
0.8979238754325259	3503160	0.5538369853796162	0.5546194125100524	0.46056177022314215	28576	0.13033937235879944	0.13033937235879944	0
0.9594661393969353	3011146	0.6278671758183738	0.6292924502459706	0.45940952039296395	30118	0.20171650064138638	0.20171650064138638	0
0.9143598615916955	2963968	0.6049390085160152	0.604784537031685	0.45130334543740297	28766	0.13524368197876688	0.13524368197876688	0
0.7969599604547701	2587332	0.5429253670320685	0.5454185156053227	0.4594138677066331	25168	0.12998838542846866	0.12998838542846866	0
0.9411764705882353	2480150	0.5742697479060798	0.5754836684972363	0.450392033615919	29896	0.15697566716616856	0.15697566716616856	0
0.9505684626791894	4876206	0.6946990936753991	0.6951576487874216	0.4641383055578392	30184	0.18196883520664556	0.18196883520664556	0
0.9032377656945131	2122290	0.579789816218361	0.5822774505710105	0.4497800683235726	28550	0.17863518351783847	0.17863518351783847	0
0.9095402867029164	1948908	0.4983900080175158	0.5004495303301107	0.4420672480681444	28706	0.1340438160390058	0.1340438160390058	0
0.9158428077113199	3889602	0.6343848367461046	0.6343430916640215	0.44623389891722165	28756	0.14895099766992198	0.14895099766992198	0
0.8690064260998517	3017632	0.593442751959522	0.5955699484335304	0.4608665852220451	27322	0.14921234582714277	0.14921234582714277	0
0.9149777558082056	3199816	0.6075846573734913	0.6072788935438365	0.4567564224580058	28880	0.16903093495233854	0.16903093495233854	0
0.9092931290163124	3355532	0.6431316477175166	0.6438106367936605	0.45729532843469856	28804	0.15586505463347536	0.15586505463347536	0
0.8392239248640633	3485250	0.5653580302076562	0.5665971267005884	0.4686275673474391	26628	0.12597129660396306	0.12597129660396306	0
0.9059565002471577	3008848	0.5855748975142898	0.5859698649578956	0.4416189078246007	28232	0.1557391682177327	0.1557391682177327	0
0.9111468116658428	3487118	0.6278592498257239	0.6281793597640344	0.458953209785111	29024	0.1427813469095736	0.1427813469095736	0
0.9215274345032131	3575782	0.6327415373823929	0.6329633491941912	0.462150217806721	29316	0.15968621043448894	0.15968621043448894	0
0.8734552644587247	3990688	0.6740159239022253	0.6742311821669459	0.47099256852063953	27710	0.15693175349709887	0.15693175349709887	0
0.9225160652496293	2839120	0.5727436567954346	0.5738975453478413	0.4564810348040998	29148	0.1483485259697604	0.1483485259697604	0
0.8861838853188334	3123158	0.5932244964471248	0.5938224730401015	0.4587124732289509	28254	0.12968090239990823	0.12968090239990823	0
0.916707859614434	4229240	0.6499243116894958	0.6497597030801918	0.4585518964999138	28802	0.1503331869122114	0.1503331869122114	0
0.8106772120612951	4144770	0.6246327450455111	0.6247055184790236	0.4712354882854746	25828	0.1483509331860037	0.1483509331860037	0
0.8864310430054375	2837022	0.4994356091474226	0.5025940355744898	0.45340961905092336	27880	0.13355604031638463	0.13355604031638463	0
0.9158428077113199	2544548	0.5890796185598074	0.5891279601716145	0.4563482332366254	28974	0.14860151873715277	0.14860151873715277	0
0.8992832427088482	3239840	0.5834569525435287	0.5837397527740664	0.45414600390492604	28392	0.14243306935045225	0.14243306935045225	0
0.9159663865546218	5340984	0.6561750591162475	0.6563258062980943	0.4679991901808005	29188	0.14486388220642857	0.14486388220642857	0
0.90731586752348	3355360	0.6106884752238425	0.6104787387623922	0.4598389909236507	28736	0.14955491690118855	0.14955491690118855	0
0.8524468610973801	2494592	0.6040254822929255	0.6048368449053686	0.45795372307604937	27218	0.19112584973551391	0.19112584973551391	0
0.8235294117647058	3358114	0.5991953128548736	0.5989271108744657	0.4576232219382543	26178	0.12153986577334859	0.12153986577334859	0
0.8865546218487395	2564756	0.5735666367986597	0.5752992741201591	0.45756876735332286	27736	0.15979690710813832	0.15979690710813832	0
0.8926099851705388	2191294	0.5746966519603033	0.5766573522235445	0.44349609208113466	28112	0.17627136966667037	0.17627136966667037	0
0.9141127039050915	2260632	0.6182396663864552	0.620085840339549	0.453963003680331	28684	0.19085276139226492	0.19085276139226492	0
0.9130004943153732	2370054	0.5746113873720312	0.5763307164278106	0.4466838605146632	28938	0.17694378673691924	0.17694378673691924	0
0.9484676223430548	3022740	0.6225426123574578	0.6222452839691299	0.45024041458547964	30044	0.1728610610862651	0.1728610610862651	0
0.9324023727137913	3542326	0.634696724332623	0.6349580962880755	0.4605506692049977	29680	0.15105076007798715	0.15105076007798715	0
0.8974295600593178	2551930	0.467930467769654	0.4714219285009021	0.45555780031650145	28542	0.11887175246432215	0.11887175246432215	0
0.8921156697973307	3190748	0.5945703803933772	0.5955424484600361	0.45840438736566086	28430	0.15215738470460882	0.15215738470460882	0
0.8916213544241226	3097466	0.6175656736761987	0.6181758508012777	0.4625926881416956	28260	0.14940783805829652	0.14940783805829652	0
0.9168314384577361	1785484	0.5396202852942992	0.5417933956769914	0.4360124580488591	29108	0.15805560598736337	0.15805560598736337	0
0.856277805239743	3120804	0.6490892774449912	0.6484294639247817	0.45685045534056085	27166	0.18140628686339236	0.18140628686339236	0
0.8677706376668315	3004200	0.6256115529740287	0.6274361992978879	0.4552741454217548	27296	0.15806978472000932	0.15806978472000932	0
0.8786455758774098	4141680	0.6310446434510331	0.6311133059552262	0.46199070375682855	27974	0.14641265431176903	0.14641265431176903	0
0.9038556599110232	3140484	0.5829730001023988	0.5823611720160574	0.45613565759365166	28650	0.14856044636327123	0.14856044636327123	0
0.8541769649036085	4021302	0.5982751995494119	0.5981905218412692	0.4695225531829144	27126	0.13126450031273332	0.13126450031273332	0
0.912135442412259	2392114	0.5375233061608409	0.5429496474928441	0.4479004188471738	28722	0.15233114070341178	0.15233114070341178	0
0.8954522985664854	2826580	0.5850642028536445	0.5865521265055559	0.45902688162653454	28096	0.15172688258904762	0.15172688258904762	0
0.9181908057340583	2663334	0.5668493680712389	0.568624539452142	0.4513303755672267	28924	0.15899289235855998	0.15899289235855998	0
0.8738260009886307	1626328	0.4666788440819847	0.47377596709000463	0.4463319172803278	27506	0.15438139167588313	0.15438139167588313	0
0.9148541769649036	3088862	0.5936479504174303	0.5951259234149772	0.4502038427193967	28994	0.14328887740841648	0.14328887740841648	0
0.8917449332674247	3070408	0.5829608352400514	0.5848872335610682	0.46199741922542703	28140	0.1772289747212126	0.1772289747212126	0
0.9018783984181908	3301730	0.6062843805395511	0.606705356166375	0.45752976366991877	28716	0.14276365323427812	0.14276365323427812	0
0.9152249134948097	4701730	0.6564317753544237	0.6566829924336336	0.46745189030082007	28988	0.14509671643663377	0.14509671643663377	0
0.897676717745922	2705908	0.6062398240128704	0.606754260044137	0.46134716179947954	28524	0.19443104590689855	0.19443104590689855	0
0.8865546218487395	3681906	0.6091886134961432	0.6106074103502265	0.46862080799304834	28326	0.14834669852259547	0.14834669852259547	0
0.8779041028175977	3708804	0.626335120933976	0.6263660369029892	0.46695057735894946	27938	0.14182833768331507	0.14182833768331507	0
0.9101581809194266	2926156	0.6371565728532854	0.6369577233266768	0.45703336298430824	29038	0.15233581544081523	0.15233581544081523	0
0.9277063766683143	3779924	0.6129356387294838	0.6132674574194584	0.45916949662272183	29480	0.13649006161881214	0.13649006161881214	0
0.8953287197231834	2969790	0.5947717933192777	0.5960709996181671	0.4499033968450357	27968	0.14645957582867997	0.14645957582867997	0
0.8777805239742956	3131334	0.5938706494281417	0.5956020808586154	0.4619163829491524	27956	0.13083409603689808	0.13083409603689808	0
0.9272120612951062	5670002	0.6542874157694302	0.6540385446692873	0.4623230741118605	29234	0.1436732893302546	0.1436732893302546	0
0.8509639149777558	3361682	0.6066850099923479	0.607550212358651	0.4660575580160578	27116	0.14372797963608092	0.14372797963608092	0
0.8813643104300544	3156800	0.5580884118700706	0.5590754588826267	0.4626409459017642	28030	0.12835484878157039	0.12835484878157039	0
0.870612951062778	3795240	0.6413479990912552	0.6411448749304987	0.46434626913214744	27488	0.19271110909267597	0.19271110909267597	0
0.9079337617399901	4700280	0.670829497593382	0.6709774224106516	0.47074302616066777	29048	0.1688564153338419	0.1688564153338419	0
0.8833415719228868	2980950	0.5861493580450222	0.5865719432356701	0.4603418941512212	28076	0.1351493782340942	0.1351493782340942	0
0.8586258032624815	5159884	0.6571417361290993	0.6573085954188017	0.4771667350343744	27294	0.13810640564504897	0.13810640564504897	0
0.9173257538309442	2742154	0.5554052489344629	0.5565374188272348	0.45161373704406244	28840	0.14971836481903214	0.14971836481903214	0
0.8720958971824024	2496220	0.5258115475335158	0.5281774740977536	0.4537846160540007	27728	0.13722137753967903	0.13722137753967903	0
0.9024962926347009	4215232	0.6279980412319298	0.6286010228703173	0.4682800985747602	28800	0.15957163444018913	0.15957163444018913	0
0.8963173504695996	3304974	0.6038174732909652	0.6056679397615433	0.45726378341020313	28232	0.16544225865950582	0.16544225865950582	0
0.9097874443895205	3395880	0.6138753593810612	0.6144222689663182	0.4601725978696492	29046	0.16402511768100067	0.16402511768100067	0
0.8908798813643104	2752830	0.6168369840148167	0.6159585691892768	0.4587679068771699	28078	0.175943818230171	0.175943818230171	0
0.8253830944142363	2241256	0.5759052359535825	0.5786490832122171	0.453260822275166	25932	0.17045143146940286	0.17045143146940286	0
0.9362333168561542	3380166	0.6494625804385669	0.6498549680817249	0.44594775983760687	29570	0.1810467871249316	0.1810467871249316	0
0.8361344537815126	3083070	0.6081234113375394	0.6088373789910958	0.4587559714029739	26256	0.154383630614229	0.154383630614229	0
0.930425111220959	2833032	0.527391912138023	0.5303484376921407	0.4559313276056112	29684	0.1349740587741548	0.1349740587741548	0
0.921033119130005	2824854	0.5266082216556801	0.5281458380446157	0.4560305330927024	29222	0.13417165006924647	0.13417165006924647	0
0.870242214532872	2400832	0.5983056495284267	0.5988361409642265	0.458655668720612	27346	0.17085992984462836	0.17085992984462836	0
0.912259021255561	2602304	0.6471727031552322	0.6475688012956269	0.4486750916312731	28660	0.20206498696154082	0.20206498696154082	0
0.8662876915472071	2848642	0.6407750310781877	0.6412858698663023	0.4686884607212379	27284	0.17131388177457274	0.17131388177457274	0
0.8830944142362828	3180788	0.5941235554570504	0.5947408509424112	0.4550326302467717	27620	0.14877889103696737	0.14877889103696737	0
0.9422886801779535	2607858	0.6277306292824049	0.6291751616167798	0.44799845291912216	29950	0.19451728951518074	0.19451728951518074	0
0.9427829955511616	4505980	0.6461422717258949	0.6458824137731484	0.4522428372404286	29626	0.14889284875117206	0.14889284875117206	0
0.842560553633218	2590968	0.6170130835952273	0.6171200006426916	0.4624273237171211	26730	0.18335304077458917	0.18335304077458917	0
0.9314137419673751	2136308	0.48374872806383284	0.4857199470546478	0.44186758110621155	29354	0.14748168433774433	0.14748168433774433	0
0.8858131487889274	2262534	0.6187859925352455	0.618622730354928	0.45062758330625674	28078	0.1714426572458757	0.1714426572458757	0
0.8733316856154226	3695570	0.6391912395099438	0.6390171132992531	0.4589930160100472	27460	0.14854140560004436	0.14854140560004436	0
0.9274592189817104	3435246	0.6051812363105317	0.6075116492113712	0.45866200466124	29392	0.1562263124214216	0.1562263124214216	0
0.861468116658428	3095478	0.6570438332529509	0.6571912181387672	0.471014826514252	27464	0.18060981592151246	0.18060981592151246	0
0.7719970341077608	3218596	0.581967056348995	0.5850150565564691	0.4734439954235454	24420	0.15190371005198292	0.15190371005198292	0
0.9251112209589718	3717326	0.608745184466405	0.6095360506141555	0.4609248426565637	29452	0.1485639398643572	0.1485639398643572	0
0.8509639149777558	2558146	0.6303287593640948	0.6304713199365648	0.4588155628127655	27008	0.1886352752826315	0.1886352752826315	0
0.8304498269896194	2855904	0.6428724960597161	0.6428357334205387	0.4597244463774184	26098	0.18131387761410236	0.18131387761410236	0
0.8775333662876915	1916286	0.5183925477075215	0.5252051023318918	0.45383816564576757	27908	0.1574709662868894	0.1574709662868894	0
0.9307958477508651	3431664	0.5976265357075973	0.5988687596599163	0.45008502637898035	29332	0.1492685001807326	0.1492685001807326	0
0.8987889273356402	2598512	0.5396169448310831	0.5405664399131609	0.4483310660365826	28314	0.16455406299642622	0.16455406299642622	0
0.8886554621848739	3018318	0.5962772274359753	0.5963349661671152	0.4568400427934969	28000	0.15243320902333488	0.15243320902333488	0
0.9090459713297083	2478172	0.5731420562861582	0.5747487189857517	0.45270141182069934	28910	0.15790150321525162	0.15790150321525162	0
0.9248640632723678	3697628	0.6419146859889953	0.6419143278933345	0.46174746110553877	29082	0.17022599857400977	0.17022599857400977	0
0.9191794364804745	2830252	0.586870471562485	0.5880852093097776	0.4481855605858304	29366	0.13905623820781676	0.13905623820781676	0
0.9143598615916955	3000826	0.6012031123102075	0.6025246994734382	0.4576162017034067	29058	0.14177284951249539	0.14177284951249539	0
0.9141127039050915	2379670	0.483876017710154	0.48770093185172575	0.4468345229538238	28902	0.13712913832826434	0.13712913832826434	0
0.8746910528917449	4399130	0.6724304545598363	0.6729380184898502	0.4686875481445946	27936	0.14956084526446073	0.14956084526446073	0
0.8819822046465645	2084322	0.5155288656019893	0.5174387085870785	0.44820509223209126	27594	0.13128727599524348	0.13128727599524348	0
0.9379634206623826	4447800	0.6988638149429321	0.6983187638046102	0.4602623827890168	29820	0.15849352474119144	0.15849352474119144	0
0.8900148294611963	3896106	0.6239770492774047	0.6240818341272776	0.4649607425844467	28324	0.13165933884601874	0.13165933884601874	0
0.8580079090459714	2056538	0.5811197772933487	0.5813781886975361	0.4518089260107736	27276	0.15224320948296258	0.15224320948296258	0
0.907439446366782	2786136	0.5916160518755723	0.5927892899857142	0.45781479288130517	28676	0.1497796225929629	0.1497796225929629	0
0.9181908057340583	2745932	0.5317211719567799	0.5337614297265696	0.45002267745908525	28784	0.127369198650695	0.127369198650695	0
0.8400889767671774	3106440	0.5879668788401732	0.5889238032918841	0.458337063912925	26340	0.15181787079346165	0.15181787079346165	0
0.8389767671774593	3013830	0.5556503729971135	0.5572883219206145	0.45929091780920056	26738	0.13513068386497643	0.13513068386497643	0
0.9013840830449827	2516036	0.5939173918701646	0.5942352717925113	0.44605218578430267	28418	0.14829273545111007	0.14829273545111007	0
0.8478744438952052	3611172	0.6154342567363064	0.615795392054029	0.4650056868889758	26942	0.15814215167777565	0.15814215167777565	0
0.9185615422639644	2952416	0.6228644711298407	0.6239733773999844	0.4459501987537633	28630	0.13726611920098322	0.13726611920098322	0
0.8891497775580821	2151672	0.5097776669385157	0.5120349405710585	0.4501902474588662	27938	0.1613735745407665	0.1613735745407665	0
0.8765447355412753	2699028	0.5490028119346145	0.5495737352955606	0.453503022306029	27852	0.1162049418415202	0.1162049418415202	0
0.8738260009886307	2772052	0.5928898315152095	0.5942234910863866	0.4522976991053483	27432	0.14831574994489888	0.14831574994489888	0
0.9099110232328226	2771100	0.5466008519766669	0.549094541161863	0.45430770823007155	29048	0.14076740028901927	0.14076740028901927	0
0.8164854176964904	4059566	0.6313243721745624	0.6317470856360762	0.47009602844437876	25656	0.128099084947323	0.128099084947323	0
0.8430548690064261	3707466	0.6111103614711508	0.6114705977381755	0.4676719408598548	26948	0.14268999124035112	0.14268999124035112	0
0.9256055363321799	2523598	0.5768784241503586	0.5779529355235916	0.4475613560641891	29278	0.17782006156254024	0.17782006156254024	0
0.9130004943153732	2580496	0.5708181886082638	0.5731634366293136	0.4538451817013267	28774	0.1705050190174716	0.1705050190174716	0
0.9242461690558577	3422946	0.6020767312165942	0.6026857652012902	0.45611000467660046	29532	0.12518717981291777	0.12518717981291777	0
0.9130004943153732	2567428	0.5910372333103832	0.592032545159379	0.44987049485986746	28742	0.16294868936067317	0.16294868936067317	0
0.8692535837864558	3443940	0.6305162517208914	0.6310855603993075	0.46605790606458913	27750	0.1443246563718262	0.1443246563718262	0
0.907563025210084	4833114	0.6714488592595629	0.6721875152632886	0.45628712136576094	28370	0.15129125801798152	0.15129125801798152	0
0.9471082550667326	5116340	0.6917644165588989	0.6915553514425871	0.4618196398963041	29848	0.1546989315616489	0.1546989315616489	0
0.8032624814631735	3227390	0.6123764188065653	0.6124105391002618	0.46473728977063394	25564	0.12074420851323032	0.12074420851323032	0
0.9081809194265942	2557324	0.6578050921251092	0.6570930764617523	0.456059535787196	28886	0.19179608972062287	0.19179608972062287	0
0.8436727632229363	2605398	0.599370614360035	0.5991957934445337	0.45437772615918104	26518	0.16580286895488358	0.16580286895488358	0
0.9413000494315373	3961900	0.6330998192509155	0.6327504245772297	0.45598110197712444	29564	0.1490926670022061	0.1490926670022061	0
0.9285714285714286	2749428	0.6181306623157579	0.6187492590247048	0.4535787001290688	29442	0.16412932514773762	0.16412932514773762	0
0.8538062283737025	3420278	0.5861368002906477	0.5885434872515233	0.465154272083802	26532	0.14393288202161156	0.14393288202161156	0
0.9023727137913989	2858696	0.44471875698547275	0.45168816158723696	0.4547878989522606	28436	0.12036719649804623	0.12036719649804623	0
0.879634206623826	2986294	0.5062795942402243	0.5083062964276893	0.45688812803382856	28184	0.12796447538131028	0.12796447538131028	0
0.9092931290163124	1936542	0.5362796689845218	0.5385463187721037	0.45276705142022794	28884	0.17872842749642445	0.17872842749642445	0
0.9047207118141374	2722968	0.6628131372474851	0.6627693933484166	0.4568370595786462	28690	0.1822783575679671	0.1822783575679671	0
0.9155956500247158	1687654	0.5200167796441172	0.5239329551700678	0.4350001129454342	28854	0.13990336834043246	0.13990336834043246	0
0.8306969846762234	2231398	0.5780652733347401	0.5785067131559684	0.4554574029515668	25996	0.15352810898949115	0.15352810898949115	0
0.9359861591695502	2799884	0.5609861752721287	0.5620312015142354	0.4516333533439975	29168	0.1449833567446016	0.1449833567446016	0
0.9476025704399407	3515650	0.5870622037077815	0.5877312837670848	0.46658195233982136	30226	0.14157008974123833	0.14157008974123833	0
0.838358872960949	3059322	0.6237907595790148	0.6247329466430782	0.46260092969924255	26616	0.16105191008667227	0.16105191008667227	0
0.8557834898665349	2827396	0.6078593902160816	0.6070260107030493	0.45192525383565113	26946	0.17737660751360992	0.17737660751360992	0
0.8881611468116658	2726746	0.6157998019873464	0.6179328483418762	0.4611951408165627	28062	0.1785262629380259	0.1785262629380259	0
0.8730845279288186	2150674	0.5956010300967972	0.5968231990778942	0.45146713263504656	27694	0.19333313087790113	0.19333313087790113	0
0.9062036579337618	3260918	0.6023941770181815	0.6048062311768662	0.4570439184694273	28788	0.1534492812238556	0.1534492812238556	0
0.8950815620365793	3065312	0.6806332547119438	0.6802194952011776	0.45824542933497847	28526	0.18149630115966556	0.18149630115966556	0
0.9083044982698962	2807058	0.5779390402974015	0.5793654456518821	0.4563402606679998	28870	0.13687876056739406	0.13687876056739406	0
0.921156697973307	2931966	0.5983009251075083	0.598721024644087	0.44877558165412185	29014	0.14223114643481485	0.14223114643481485	0
0.9310430054374691	2569970	0.620798243508634	0.6213683552492351	0.44599368425037916	29518	0.14737545405288685	0.14737545405288685	0
0.9374691052891745	3535776	0.6230533408479925	0.6238595148665892	0.45250184654457604	29486	0.15915359905315657	0.15915359905315657	0
0.925729115175482	3881572	0.6057215713034261	0.6061045154281043	0.46371356216489995	29480	0.1605429888389919	0.1605429888389919	0
0.8732081067721206	2894872	0.5607660246948011	0.5623801194664082	0.4585750385143635	27982	0.13645703351675545	0.13645703351675545	0
0.8022738507167573	3239132	0.6465305828264217	0.6463730395143806	0.4683797101632961	25406	0.16894673383995273	0.16894673383995273	0
0.9172021749876421	3071358	0.5955105878040442	0.5955338907708921	0.46138042726552775	29180	0.1724405381110544	0.1724405381110544	0
0.9089223924864063	3192544	0.5378436847400259	0.5408487229182007	0.4662331857336169	28558	0.15753346788144362	0.15753346788144362	0
0.9112703905091448	4512348	0.6412547516748284	0.6411405409212357	0.457929750069129	28934	0.13004227203484833	0.13004227203484833	0
0.9462432031636184	2796004	0.6178104716599729	0.6179402764613172	0.4462828370372877	29936	0.1496628134449768	0.1496628134449768	0
0.9154720711814137	3066146	0.5723052463732633	0.5732411532854026	0.46029063225537487	28950	0.13213177294524253	0.13213177294524253	0
0.8969352446861097	3982420	0.6409809013993161	0.6421426877504984	0.46525786820621234	28538	0.1596063488814433	0.1596063488814433	0
0.8737024221453287	2914430	0.6261407580462458	0.6262194456275983	0.4581261019206652	27552	0.15937946192184924	0.15937946192184924	0
0.9274592189817104	3252308	0.5470954575108885	0.5494571336530923	0.45257796829545205	29222	0.14766542690604845	0.14766542690604845	0
0.9186851211072664	3980312	0.6642957557338964	0.6644273287831592	0.46602414103830364	29106	0.17348864123953722	0.17348864123953722	0
0.8992832427088482	3100116	0.6181017445541647	0.6207928440212579	0.45194991518134797	28520	0.1801565532516188	0.1801565532516188	0
0.8948344043499753	2698238	0.5292071228962106	0.5313206032590433	0.4537151335126896	28374	0.15022342759287982	0.15022342759287982	0
0.9387048937221948	2658362	0.54754729047747	0.5508511919204417	0.4500881175897948	29814	0.13613053610261444	0.13613053610261444	0
0.926099851705388	3411640	0.6217884670004018	0.6236560027390302	0.4534099629497947	29574	0.14911517272309488	0.14911517272309488	0
0.879387048937222	3524782	0.5917767720790537	0.5929233904382958	0.46617754260001565	27902	0.13643255370901516	0.13643255370901516	0
0.8589965397923875	3933680	0.6461886721729944	0.6472133519254099	0.4682828750424947	27186	0.17118736247037472	0.17118736247037472	0
0.9494562530894711	2161434	0.5021054980882239	0.5034973725918603	0.43794390298549296	30040	0.13329891366717264	0.13329891366717264	0
0.9059565002471577	4008472	0.6346694054672308	0.634524066910933	0.46412364052656896	28748	0.1605470385968859	0.1605470385968859	0
0.9294364804745427	3576018	0.6423862023653468	0.6437333630086666	0.46291750721889785	29446	0.1817897528556319	0.1817897528556319	0
0.8535590706870984	3568146	0.6467521433273155	0.6460951755530665	0.4562273328450135	27060	0.16677480596836913	0.16677480596836913	0
0.9247404844290658	5101478	0.696524437219333	0.6963912633051047	0.45861747989510354	29644	0.14902520646038467	0.14902520646038467	0
0.9087988136431043	3045478	0.5853575488553423	0.5865125094149245	0.46072560272678703	28666	0.16079713653088634	0.16079713653088634	0
0.9196737518536826	3799120	0.635906977490628	0.6359579089143663	0.45983332396134147	28984	0.15498163134531354	0.15498163134531354	0
0.9190558576371726	3210686	0.5717564714595872	0.5729921864287426	0.45252732828070247	28990	0.14694980681955147	0.14694980681955147	0
0.9141127039050915	3412180	0.5814987508984882	0.5825083439592632	0.4650060341800812	29028	0.15948425786943857	0.15948425786943857	0
0.907439446366782	3230530	0.6223935966434166	0.6220011234154628	0.45269755567563147	28750	0.1401698363977027	0.1401698363977027	0
0.8834651507661888	2493348	0.5444374070124681	0.546257449865977	0.45447408224526	27872	0.1511824233297989	0.1511824233297989	0
0.874938210578349	2845582	0.5848547190210872	0.5852492415860909	0.46112657887454395	27570	0.1553012831425535	0.1553012831425535	0
0.8804992585269402	3197344	0.6075237912015918	0.6077845315439718	0.45984380154385746	27700	0.15729221149997974	0.15729221149997974	0
0.9216510133465151	3085134	0.5476844417781188	0.5490594142091813	0.4593392363136601	29064	0.16205822853548266	0.16205822853548266	0
0.8964409293129016	5423018	0.697050077896649	0.6971261139455182	0.46041451471257133	28258	0.15875513555173246	0.15875513555173246	0
0.8786455758774098	3600434	0.6251933645854882	0.6264743882294768	0.46304664464273665	27960	0.15747283623028027	0.15747283623028027	0
0.7993079584775087	3200294	0.6273592828886845	0.6295551170126713	0.46714620419021324	25332	0.15935942608412876	0.15935942608412876	0
0.9126297577854672	4465586	0.6511985672505428	0.6501388204351205	0.4566437385657149	28894	0.1403434077423634	0.1403434077423634	0
0.8321799307958477	2857602	0.6392922480288088	0.6397529439287086	0.4606539355956362	26258	0.18786778478150537	0.18786778478150537	0
0.8906327236777064	3078122	0.5788491355511982	0.5799035213052289	0.44745398155602945	27934	0.13451931081768398	0.13451931081768398	0
0.9095402867029164	2850060	0.6149039647016076	0.61662018486596	0.4566381797303607	28836	0.19565930238070658	0.19565930238070658	0
0.8589965397923875	3081648	0.6205992911274074	0.6216361509246172	0.45508557724757864	27354	0.16200342972917364	0.16200342972917364	0
0.8384824518042511	2497046	0.5250762110584	0.5257143816261151	0.4571034454082647	26618	0.12158669263450843	0.12158669263450843	0
0.8928571428571429	3533864	0.6286737469958928	0.6288358644702318	0.4624674908679908	28474	0.12732532525069631	0.12732532525069631	0
0.8521997034107761	4821408	0.6542837838255534	0.6542308809588501	0.473582148095328	27362	0.12980120230036116	0.12980120230036116	0
0.888779041028176	2315674	0.5437113951129406	0.5443495277824635	0.44533526519571204	28110	0.14807643176209637	0.14807643176209637	0
0.8890261987147801	4801620	0.7251517272637602	0.7249734785849774	0.464484488309265	28266	0.16990173596615685	0.16990173596615685	0
0.8819822046465645	2249168	0.5392209762493979	0.5401522090323685	0.4536979217693451	27966	0.1438546622127038	0.1438546622127038	0
0.9380869995056846	2682880	0.5595882050637594	0.5616443244286168	0.4417365188162683	29628	0.14404488269645258	0.14404488269645258	0
0.9013840830449827	2179874	0.5496675948254995	0.5515303761277964	0.44466832412506196	28438	0.15292120088597	0.15292120088597	0
0.8627039050914483	4120928	0.6369403904241316	0.6380375810759569	0.4671377657402846	27600	0.1566205210070512	0.1566205210070512	0
0.935615422639644	2735518	0.6040581749770667	0.6051538398261975	0.45561673471206765	29366	0.17904866650427473	0.17904866650427473	0
0.9225160652496293	2755742	0.5936947792428906	0.5937538660777022	0.45395886501465227	29178	0.14029667536884224	0.14029667536884224	0
0.9338853188334157	3003352	0.5791205764039804	0.5797540326683627	0.4551646300569365	29380	0.1542618957136794	0.1542618957136794	0
0.8790163124073158	2839680	0.5450657370484281	0.5456858641495238	0.45849594881885386	28010	0.14344392376890402	0.14344392376890402	0
0.8783984181908058	3394512	0.6363230252009401	0.6367565688078446	0.46744851598662596	27896	0.17541379829776924	0.17541379829776924	0
0.856648541769649	2040168	0.5751198614541136	0.5756313732380801	0.4566266682711862	26872	0.1633453246831356	0.1633453246831356	0
0.8987889273356402	2855876	0.5659916659577667	0.5681459903208458	0.4632080613394984	28540	0.170657765347037	0.170657765347037	0
0.9007661888284726	2384980	0.5789504350080565	0.5811534286815905	0.44950708215987173	28500	0.16363145112637892	0.16363145112637892	0
0.9106524962926347	3683994	0.6063653633667666	0.609727942755994	0.4565868289513461	28858	0.15365909533936123	0.15365909533936123	0
0.93536826495304	3280608	0.5829235325086656	0.584649037988496	0.45738638708050644	29366	0.160331961637276	0.160331961637276	0
0.9291893227879386	4023618	0.6194672963094708	0.6202009502931495	0.45971999916334766	28924	0.13503959848732147	0.13503959848732147	0
0.9015076618882847	2115708	0.540777230048375	0.5414435554788211	0.44728693782264983	28436	0.16461302601665792	0.16461302601665792	0
0.8767918932278794	3696918	0.6167046124854471	0.6172445336437135	0.4654147928190617	27822	0.13074226465894276	0.13074226465894276	0
0.8807464162135442	2805766	0.5597497205887659	0.562029838899112	0.4591925214112238	27992	0.15370086817511455	0.15370086817511455	0
0.9424122590212556	3782734	0.6584108141809643	0.6576015778011749	0.45924803728341734	29872	0.15675400115291868	0.15675400115291868	0
0.8743203163618388	3457190	0.6218752343180732	0.6216846540560387	0.45607665857784535	27396	0.15928613283188106	0.15928613283188106	0
0.8875432525951557	2626390	0.6222168464894721	0.6225929830399962	0.4594803231135784	28074	0.186705441711565	0.186705441711565	0
0.8576371725160652	2895642	0.6073416963923071	0.6078113378164548	0.4572481432009063	27158	0.15558550759610099	0.15558550759610099	0
0.8997775580820564	3425664	0.6211681983105842	0.6217004673206915	0.46537188794190715	28536	0.14020873134944045	0.14020873134944045	0
0.879757785467128	3203752	0.6449010505739553	0.645038361086871	0.4646888628538584	27968	0.17101073418183269	0.17101073418183269	0
0.9155956500247158	3752050	0.6119786802457898	0.6117132372745867	0.4452067614037265	28268	0.1344572104272063	0.1344572104272063	0
0.9193030153237766	4005808	0.6284311286203187	0.6286159817205915	0.4537960365285932	28932	0.16814313877214426	0.16814313877214426	0
0.9115175481957489	2859486	0.6167075816591183	0.6175309582308252	0.4577859480343045	28780	0.18283680139088931	0.18283680139088931	0
0.8335392980721701	2681562	0.5915878729572434	0.5927121287437743	0.45962630252362113	26582	0.14847788501229273	0.14847788501229273	0
0.9096638655462185	3353148	0.5962938229157174	0.5971377977441127	0.4477139839727134	28334	0.14310582233979655	0.14310582233979655	0
0.9164607019278299	2217256	0.5706891229195771	0.5728880691158665	0.4481341084253719	28932	0.16139524192222468	0.16139524192222468	0
0.9215274345032131	2970702	0.5560138177855993	0.5588394253711298	0.44388779958550123	29322	0.1400568251967632	0.1400568251967632	0
0.875308947108255	3758334	0.6606988937662401	0.6607646048607798	0.4644311476833373	27248	0.14191123721603371	0.14191123721603371	0
0.8999011369253583	2855936	0.5945662314214443	0.5948269107988357	0.4640260246185697	28630	0.16885261871348475	0.16885261871348475	0
0.8942165101334651	2543442	0.5769607602243617	0.578851249758348	0.4516115781085026	28238	0.19033462554425143	0.19033462554425143	0
0.9049678695007415	4270716	0.6550994844929731	0.6555577373133555	0.45961797875659655	28782	0.15300962803533266	0.15300962803533266	0
0.8956994562530894	3345796	0.6716480723698851	0.6735384571084081	0.4606486920881887	28452	0.19862684282993046	0.19862684282993046	0
0.9149777558082056	4630020	0.6295658856314594	0.629856658320926	0.45756711628467556	28806	0.13717817069531008	0.13717817069531008	0
0.9038556599110232	1905902	0.5192907516849158	0.5207670860239345	0.44809641982429244	28582	0.1590112435011469	0.1590112435011469	0
0.8462679189322788	3606448	0.6206060887305084	0.6219424874857119	0.47153505034481064	26518	0.17546061741839045	0.17546061741839045	0
0.8966880869995056	3034346	0.6201069971166757	0.6201675476973914	0.456946669478328	28230	0.17430022630052686	0.17430022630052686	0
0.8783984181908058	3042492	0.6012972279496355	0.6024440108416663	0.4600543897724208	27848	0.1402594797060622	0.1402594797060622	0
0.9452545724172021	3223698	0.6502883877501734	0.6505819755009369	0.449473163918229	29890	0.16445947021556448	0.16445947021556448	0
0.9314137419673751	3620370	0.6190464249780249	0.6183107715942634	0.4537689646645103	29328	0.14996164476164908	0.14996164476164908	0
0.8918685121107266	3559564	0.5634643826794519	0.5671204880765945	0.4583892686344681	28424	0.13089553534732698	0.13089553534732698	0
0.8999011369253583	2726948	0.5804985779534124	0.5810920612289843	0.44890721922139704	28404	0.1407047966025918	0.1407047966025918	0
0.8559070687098369	2104630	0.5827375967233263	0.5839663366756843	0.4556820115649254	26984	0.1993686587567205	0.1993686587567205	0
0.9115175481957489	2940110	0.5945137983106816	0.5947089442391896	0.4534423112631976	28954	0.13262895089876572	0.13262895089876572	0
0.9157192288680178	3790418	0.6081174752724907	0.6092653188259912	0.45987479719316227	29080	0.15371283037398242	0.15371283037398242	0
0.8730845279288186	2507568	0.5675134189900328	0.5681979237516205	0.45651804902611	27624	0.14677616505141616	0.14677616505141616	0
0.8727137913989125	3449564	0.5928404951532785	0.5932170211240078	0.45904772632001584	27622	0.13236851161345037	0.13236851161345037	0
0.8822293623331685	2634512	0.5714563849570261	0.5727128771800007	0.4484507981774093	28008	0.13394271936835625	0.13394271936835625	0
0.875308947108255	2793732	0.5615126986267477	0.5641384464379356	0.465131376417649	27796	0.16009980503877017	0.16009980503877017	0
0.9316608996539792	2533644	0.560254297272366	0.5605807447931583	0.45079244902539023	29452	0.14067665646299646	0.14067665646299646	0
0.8834651507661888	3182258	0.6296951129820646	0.6306524027301919	0.4579046334000481	28066	0.158445936323559	0.158445936323559	0
0.8987889273356402	3196778	0.6112416193298316	0.6140282212895368	0.46409104685141384	28134	0.16413356491121228	0.16413356491121228	0
0.8921156697973307	4660380	0.6766513912063733	0.676837672476867	0.46794041627160005	28272	0.1354935709833794	0.1354935709833794	0
0.8989125061789421	2844788	0.5165135925844682	0.5187934934942554	0.4600001371904186	28642	0.15497636377915247	0.15497636377915247	0
0.8578843302026693	2391450	0.5749504193686712	0.5768999221621397	0.4525150745323753	27062	0.18154541974901708	0.18154541974901708	0
0.9194265941670786	3179070	0.5320780325177629	0.5349880841852274	0.4598196012333416	29156	0.1286351534471451	0.1286351534471451	0
0.8072170044488384	2284720	0.5961913286799744	0.5975486487613814	0.45347650761694197	25454	0.1723446948938324	0.1723446948938324	0
0.9264705882352942	3789092	0.6322409410552693	0.6324815350206922	0.4552495328828618	29284	0.17685039242047673	0.17685039242047673	0
0.884206623826001	4702100	0.6901670574067277	0.6904022182216485	0.47162816671725966	28144	0.1751077344492948	0.1751077344492948	0
0.9126297577854672	3668224	0.5923957082860699	0.5921609591935341	0.45987862953782127	29028	0.13960631445947944	0.13960631445947944	0
0.9033613445378151	2986508	0.5896673144439435	0.5908152744421695	0.4594658243977708	28702	0.14954288724657092	0.14954288724657092	0
0.8440434997528423	3690800	0.5893010356060643	0.591085339001591	0.469128835540742	26708	0.11151475436556868	0.11151475436556868	0
0.9126297577854672	2832982	0.5196896059318817	0.5196346870427883	0.460462073211235	28650	0.12647879148798546	0.12647879148798546	0
0.9087988136431043	4125806	0.6587299045572009	0.6575817276273745	0.4610134262541548	28734	0.1759153167988424	0.1759153167988424	0
0.9594661393969353	5086790	0.6811635484047027	0.6811411474814822	0.4659057643580991	30456	0.17307924073986677	0.17307924073986677	0
0.8201927829955511	3014004	0.6266019911267988	0.6269905317609087	0.46378414177520483	26110	0.13854711925254398	0.13854711925254398	0
0.8987889273356402	2126522	0.5420421052605112	0.5441980499451552	0.4520652583283676	28538	0.14587821249536367	0.14587821249536367	0
0.8481216015818092	3596126	0.6287640916087293	0.628823866039236	0.4689000202032963	26776	0.18074610274014888	0.18074610274014888	0
0.9265941670785961	3357544	0.6196448758961587	0.6204543178446796	0.4530835132946611	29434	0.16629336196936165	0.16629336196936165	0
0.9173257538309442	3261652	0.6450091546909945	0.644511360446942	0.45399958867334783	29116	0.16467577351633575	0.16467577351633575	0
0.9560059317844785	3037914	0.6031074378437068	0.6032313786434681	0.4440004185289424	29906	0.1436460157379719	0.1436460157379719	0
0.8872960949085517	2417144	0.591259382099029	0.5915521261152471	0.45436029842663594	28066	0.15921443521603082	0.15921443521603082	0
0.8855659911023233	2955146	0.5626862087067577	0.5640072114252961	0.457902930879684	28080	0.12892102430280855	0.12892102430280855	0
0.9170785961443401	2341752	0.5310442859874641	0.533406991438112	0.44674918617085857	28868	0.14242102701398254	0.14242102701398254	0
0.8859367276322294	2298766	0.5497550217709285	0.5524996061289069	0.46029373173429455	28090	0.14757152718957992	0.14757152718957992	0
0.9501977261492832	2848746	0.5615669491151632	0.5638052395031494	0.4472517474555098	30016	0.15451123699214905	0.15451123699214905	0
0.9191794364804745	3367148	0.5887596039276757	0.589725803344434	0.45108781040733187	28822	0.15768187090338168	0.15768187090338168	0
0.8352694018783984	3002248	0.632502196812772	0.6323709658651336	0.46172121220201867	26478	0.17278103618368953	0.17278103618368953	0
0.9471082550667326	4000922	0.6492702334786117	0.6496636723264052	0.4578807555816464	30168	0.17697512799098303	0.17697512799098303	0
0.9299307958477508	4683410	0.65431941831608	0.6546285455870761	0.4660535522616945	29400	0.1489184025369394	0.1489184025369394	0
0.9316608996539792	2597848	0.5965950104731604	0.5972489483992803	0.44797613107091533	29498	0.1596637865794859	0.1596637865794859	0
0.9393227879387049	4296084	0.6343332929584465	0.6347277867232111	0.45883278802968097	29736	0.1439982015768221	0.1439982015768221	0
0.9382105783489867	2068178	0.5241859182115014	0.5256718072593398	0.44287334261975886	29680	0.1647246335634902	0.1647246335634902	0
0.9183143845773604	5501570	0.6940039319781105	0.6942477909982981	0.46512483442958535	29346	0.138215255167123	0.138215255167123	0
0.8645575877409788	2659226	0.5181513671860299	0.5247968450146694	0.46072851935955295	27418	0.15777719649771743	0.15777719649771743	0
0.897676717745922	2614014	0.6179511657858854	0.618423179131009	0.4413221879482823	28108	0.14922501252345066	0.14922501252345066	0
0.8952051408798813	2316342	0.5615015991673249	0.5637072831174007	0.444417299124418	28288	0.17321624271294164	0.17321624271294164	0
0.8907563025210083	2772174	0.5897512122797912	0.5917308665172271	0.45673543290571345	28350	0.18467242868471678	0.18467242868471678	0
0.8919920909540286	2866950	0.6180492755229801	0.6196339036268969	0.4529492717434005	28262	0.16682508784158034	0.16682508784158034	0
0.9338853188334157	2585994	0.5196357546856601	0.521796350458262	0.4531889486332045	29680	0.15310822157717047	0.15310822157717047	0
0.898047454275828	3861794	0.6272376051113092	0.6263457560666864	0.46319554897305726	28420	0.1525591992321251	0.1525591992321251	0
0.9183143845773604	2661002	0.522512428180211	0.5247986391345416	0.44888600699989073	29058	0.14279491195685576	0.14279491195685576	0
0.860726643598616	3119216	0.5998621971404318	0.6002598857006718	0.4620868431476899	27188	0.15285782275240348	0.15285782275240348	0
0.8803756796836382	3060200	0.6088443879723875	0.6085079852504752	0.45824202365079736	27718	0.16559122009445704	0.16559122009445704	0
0.939693524468611	2329250	0.5317753975165213	0.5313303678058581	0.4453525946265943	29618	0.16010186683226016	0.16010186683226016	0
0.9003954522985664	2698004	0.5713764134873524	0.5725931009962054	0.44978570682246616	28560	0.1270764256874906	0.1270764256874906	0
0.8738260009886307	2209570	0.5403515609449182	0.5422487673683652	0.45584373450870214	27792	0.1839951112975892	0.1839951112975892	0
0.8770390509144834	3221330	0.613131599598873	0.613240657028805	0.4642098585783598	27720	0.16129758656434517	0.16129758656434517	0
0.8881611468116658	2420134	0.48836190895337245	0.4896934554729548	0.4467771462358278	28052	0.13598316819489606	0.13598316819489606	0
0.9050914483440435	3637066	0.6219401953094076	0.6226133025428283	0.4621378310917052	28896	0.14775481600864512	0.14775481600864512	0
0.9215274345032131	4330338	0.6602919731622776	0.6605169764243443	0.4626345200538111	29040	0.15484186504482478	0.15484186504482478	0
0.9178200692041523	3149798	0.6333836891420181	0.633954777583995	0.45986238242250055	29140	0.16344411680196577	0.16344411680196577	0
0.8325506673257539	2308782	0.5197644165089359	0.5229076814121263	0.46065443683655927	26644	0.16939813024125125	0.16939813024125125	0
0.9462432031636184	3026340	0.5797417033872191	0.5819216422508271	0.4574831695313724	29686	0.1743848428940106	0.1743848428940106	0
0.911888284725655	2714672	0.5847623537913308	0.5855054906798066	0.4523903487375102	28680	0.14352844612548438	0.14352844612548438	0
0.9068215521502718	3221456	0.6157079917601038	0.6160731885608678	0.46168282778295405	28788	0.15710137342570185	0.15710137342570185	0
0.9283242708848245	3269326	0.6209969642957062	0.6211863311437577	0.45462737317438123	29500	0.1480245367708984	0.1480245367708984	0
0.9100346020761245	2602014	0.5485652680249553	0.5515185235083043	0.45481258965246824	28960	0.13818534446029654	0.13818534446029654	0
0.8722194760257044	3426300	0.6389316598419071	0.6387590050036481	0.46530068035814615	27568	0.169457599455292	0.169457599455292	0
0.8804992585269402	3830856	0.6416677310691176	0.6418950832135227	0.46124700413962977	28018	0.13682729122892104	0.13682729122892104	0
0.8870489372219477	2657764	0.5836518959200003	0.5848048236000725	0.4612800657796723	27990	0.15804386120694594	0.15804386120694594	0
0.874938210578349	2577310	0.5247775060039811	0.5274556053675736	0.46213694734371513	27666	0.14612198157583983	0.14612198157583983	0
0.8666584280771132	2157552	0.5944209820620381	0.5955109003440167	0.4506778203704218	27504	0.1895081065630515	0.1895081065630515	0
0.8986653484923381	2897968	0.5796529046998434	0.5796066568078423	0.4624477797120516	28360	0.15053605451583543	0.15053605451583543	0
0.9388284725654967	2930076	0.5853893580513766	0.5874004304295753	0.45373393861384587	29444	0.14700278418138982	0.14700278418138982	0
0.921774592189817	2900832	0.617461678465138	0.6184435596464827	0.45613211805785475	29012	0.16946123323965426	0.16946123323965426	0
0.9050914483440435	2923840	0.5213476582605338	0.5225900208209838	0.4596539189678209	28852	0.11352401853375642	0.11352401853375642	0
0.8938457736035591	4333718	0.6453738846099956	0.645311549996162	0.47000937130528064	28508	0.16937470585926725	0.16937470585926725	0
0.8570192782995552	2262774	0.5490763472621268	0.5511107257383773	0.4502572857121954	26838	0.12937097012411167	0.12937097012411167	0
0.8309441423628274	2491050	0.5304473860064484	0.5318701254675657	0.46200607458779325	26402	0.19324610865512923	0.19324610865512923	0
0.9127533366287691	2905712	0.606940709701056	0.607293939639753	0.4596334741498018	28752	0.18817138971431754	0.18817138971431754	0
0.9175729115175482	2796798	0.5504495468237538	0.5527586478451701	0.45131993555831595	28914	0.1416375832552139	0.1416375832552139	0
0.8804992585269402	3111934	0.6209561271499265	0.6216861649613307	0.4652807903812384	27880	0.15702076070030038	0.15702076070030038	0
0.8956994562530894	2510438	0.5529333420646073	0.556546667890936	0.45037732885489423	28006	0.14800977562376566	0.14800977562376566	0
0.9130004943153732	3653414	0.5783028308955602	0.579213234300536	0.4597210177767412	29036	0.12330499076877043	0.12330499076877043	0
0.9032377656945131	2603978	0.6300868397880747	0.6299648174169903	0.45355717615979024	28604	0.18503942842069396	0.18503942842069396	0
0.9058329214038556	3197316	0.535017764573472	0.5394342043711601	0.4543173719621499	28444	0.11128625313464947	0.11128625313464947	0
0.8599851705388037	2255102	0.5143426477869082	0.5167207344757073	0.4520536795208936	27106	0.15538063489080042	0.15538063489080042	0
0.9095402867029164	5462884	0.700840754632522	0.7007730915958842	0.465843504915091	28882	0.16025937633829837	0.16025937633829837	0
0.8900148294611963	2595364	0.4626623997792993	0.47066129704330195	0.4510865088186567	27642	0.13489297608771125	0.13489297608771125	0
0.8737024221453287	1790150	0.5167156350896792	0.520761439377181	0.45093472953163194	27566	0.2012359485757446	0.2012359485757446	0
0.8402125556104795	3050442	0.6297910682540214	0.6302422628009489	0.46821285523859285	27044	0.146207021249248	0.146207021249248	0
0.9205388037567969	3733022	0.6496111300364114	0.6504578888636273	0.4633587906971504	29166	0.1424164129782713	0.1424164129782713	0
0.9136183885318834	4335848	0.659148287768507	0.6591260486844778	0.4634809875611539	28896	0.1408870646262524	0.1408870646262524	0
0.8433020266930301	2354782	0.5637894267860902	0.5664865186191711	0.457778756969613	26684	0.16517469645043384	0.16517469645043384	0
0.8896440929312902	2187432	0.5786397521233809	0.5804345537495038	0.45344948207801394	28174	0.17248205752215773	0.17248205752215773	0
0.856030647553139	2316722	0.5915334989895873	0.5920480882945828	0.4519942046130032	27136	0.16398229709382084	0.16398229709382084	0
0.8685121107266436	2136214	0.5150576650381521	0.5178497991216929	0.44937962576082424	27274	0.12839163018583782	0.12839163018583782	0
0.925481957488878	4289394	0.7060231106236617	0.7060778546056183	0.45548445572413937	29196	0.19087043919393545	0.19087043919393545	0
0.9202916460701928	2653396	0.5200979096946565	0.5240613357911389	0.45652304285248047	29230	0.1367741341011586	0.1367741341011586	0
0.8648047454275828	3440202	0.6203274452026505	0.6205202026349658	0.46290181829481974	27266	0.15495614428427826	0.15495614428427826	0
0.9106524962926347	2960576	0.6137568009899582	0.6139330476580287	0.452316628889839	29104	0.15035600294571158	0.15035600294571158	0
0.9191794364804745	2572180	0.5382754114960441	0.5414858779378511	0.4492158274007732	29020	0.14233309569547092	0.14233309569547092	0
0.8578843302026693	3851738	0.6500107646604296	0.6498242255591972	0.4653293527983502	27326	0.15352286220786623	0.15352286220786623	0
0.884330202669303	3067802	0.5858033672946064	0.5878689404735961	0.45838330096484997	27764	0.1692410251775622	0.1692410251775622	0
0.9039792387543253	2733038	0.550916982737019	0.5516974798626093	0.45415769375804776	28324	0.13485091071880098	0.13485091071880098	0
0.9048442906574394	3397846	0.5668162705733771	0.567749416655098	0.4574162657569114	28698	0.13237865952501368	0.13237865952501368	0
0.9373455264458724	3458354	0.6034141844216364	0.6044353177160099	0.46112668707914795	29904	0.14315051603517073	0.14315051603517073	0
0.7781759762728621	1549584	0.5256833202800577	0.5271271682482765	0.4516660905782388	24504	0.20228782437047474	0.20228782437047474	0
0.9137419673751854	2830764	0.5991847899137681	0.6010179956973504	0.4549389507044632	28678	0.15840309485804507	0.15840309485804507	0
0.9348739495798319	3255768	0.5563504411345294	0.5572481693310581	0.4564592394170739	29598	0.11539132955934726	0.11539132955934726	0
0.8277310924369747	3699854	0.6050983458632432	0.6053862964116564	0.46964352217065203	26374	0.1267043846125888	0.1267043846125888	0
0.8922392486406328	2223180	0.5331868089533536	0.5329684618389091	0.44332483829123476	27962	0.14534565205304992	0.14534565205304992	0
0.8813643104300544	2997400	0.6066921320362485	0.6075408056475945	0.46315054976849407	27938	0.15562174840509269	0.15562174840509269	0
0.9345032130499259	3681626	0.6279713359988555	0.6293987335922989	0.45377928234545073	29626	0.1586769688293623	0.1586769688293623	0
0.9125061789421651	2703620	0.5977287909049221	0.5985696309298268	0.4467198001574461	28852	0.15557931059260352	0.15557931059260352	0
0.9647800296589224	2905200	0.5947827799355877	0.5958459084082197	0.4533661120444619	30516	0.17347042954764127	0.17347042954764127	0
0.8942165101334651	2291720	0.5308327271198655	0.5309033315358516	0.44867730016937646	28070	0.149402044958596	0.149402044958596	0
0.9058329214038556	3163914	0.5699583101516957	0.569920263172283	0.4498743756440014	28686	0.14905916512794726	0.14905916512794726	0
0.8902619871478002	3623524	0.6422499043702173	0.6427044276066148	0.4609229813903554	27956	0.1646918896431757	0.1646918896431757	0
0.9097874443895205	5231372	0.665704394543457	0.666385522095291	0.4656755427938728	29106	0.13867087488270577	0.13867087488270577	0
0.8430548690064261	3515912	0.5935809894772224	0.5939446663192159	0.47066253317394596	26786	0.13240110539821123	0.13240110539821123	0
0.9058329214038556	3250288	0.5887744261106976	0.5897890604883332	0.4556276109065294	28674	0.12065546490149448	0.12065546490149448	0
0.8535590706870984	2127786	0.5558974378909866	0.5568909380028656	0.4527068976934156	26802	0.16021131028158636	0.16021131028158636	0
0.9128769154720712	3036348	0.6136540399127418	0.6141114230411061	0.46225269996124935	28920	0.1522761080810837	0.1522761080810837	0
0.8400889767671774	3223028	0.6036511018338838	0.6039386393890761	0.468262034128256	26698	0.15064026216991835	0.15064026216991835	0
0.8907563025210083	3159248	0.623483287771753	0.6235862701752791	0.44555422343470236	28380	0.15820199668685608	0.15820199668685608	0
0.796465645081562	5079746	0.6632228139544186	0.6635092121795293	0.47448338773618187	25522	0.12934038659305933	0.12934038659305933	0
0.8879139891250618	3398010	0.6356619865302063	0.6376754452936247	0.46234917398532493	27934	0.1632709978735617	0.1632709978735617	0
0.8628274839347504	4148240	0.6320773841313211	0.6327637494601204	0.4646363201842112	27446	0.13645795350650727	0.13645795350650727	0
0.9427829955511616	3203934	0.6211252444464436	0.6211631330210375	0.4566228397524146	29376	0.1696547906445218	0.1696547906445218	0
0.9194265941670786	3701164	0.6223944094897099	0.622337371632527	0.4595040948312756	29256	0.1635963818573001	0.1635963818573001	0
0.8824765200197726	4072118	0.6491527537562618	0.6489547264488034	0.46668286072128956	28044	0.14439616681768366	0.14439616681768366	0
0.8158675234799803	3219530	0.5430508971145057	0.5470813627520065	0.4680507481051231	25738	0.16678629302017456	0.16678629302017456	0
0.8253830944142363	4793116	0.6290234357792347	0.6295254924506024	0.47734631293773666	26164	0.17952268070987956	0.17952268070987956	0
0.8953287197231834	3748170	0.5963754540382272	0.5961140608132879	0.46362970325751934	28480	0.1372944241751015	0.1372944241751015	0
0.8995304003954523	3226574	0.62527837147251	0.6248795913153408	0.45637876729054616	28782	0.14350457008928205	0.14350457008928205	0
0.9189322787938705	3486454	0.596397929390006	0.5964228217387246	0.4563507804812325	29258	0.1379181667281214	0.1379181667281214	0
0.8770390509144834	2918792	0.5082480136265523	0.5115951345311828	0.46594329094884196	27850	0.13910988684030887	0.13910988684030887	0
0.94451309935739	2698840	0.5937468535342305	0.5950294992812463	0.44550028568286953	29714	0.15830282731759918	0.15830282731759918	0
0.8755561047948591	2087400	0.5989140573329998	0.599685295909767	0.4479004383030966	27894	0.1733239291775778	0.1733239291775778	0
0.9241225902125556	2570138	0.5290070094706653	0.5325021383606448	0.4439283776787832	29306	0.1405752036568918	0.1405752036568918	0
0.9049678695007415	4461302	0.659439207605358	0.6590320308601212	0.4630050845531059	28736	0.14324944246274143	0.14324944246274143	0
0.893598615916955	3140042	0.595999187373531	0.596517424492576	0.46158343655429457	28380	0.1390078546530097	0.1390078546530097	0
0.9239990113692536	3787650	0.6218478830900518	0.6212831305292831	0.45612092991588044	28918	0.1265383006342461	0.1265383006342461	0
0.847256549678695	3281342	0.6357212072317214	0.637872718726462	0.4655657911868556	26438	0.15653020438562132	0.15653020438562132	0
0.9227632229362334	2710832	0.5848376457495784	0.5860614424599809	0.45550377974102085	29268	0.15167236972745182	0.15167236972745182	0
0.9185615422639644	2648734	0.5481129254706657	0.5508160124428237	0.4507059611237669	28706	0.16125672285875167	0.16125672285875167	0
0.8772862086010875	2594418	0.616761369025322	0.6193070117620804	0.4526695981054538	27796	0.15390817656681297	0.15390817656681297	0
0.9345032130499259	2772084	0.567709292614509	0.5679509218448623	0.4455313941045962	29534	0.17123411080742235	0.17123411080742235	0
0.9252347998022739	2959632	0.6505167041606892	0.6510418744783483	0.44975391078581356	29360	0.17885336970577514	0.17885336970577514	0
0.9160899653979239	3331596	0.6234284935520683	0.6229411143413183	0.4496054735365009	28736	0.15381240193879295	0.15381240193879295	0
0.9184379634206624	3218350	0.5143221081385264	0.5177687359667579	0.464482770323081	29230	0.17398755360485565	0.17398755360485565	0
0.9278299555116164	3923524	0.6268738145646909	0.6273018128843779	0.4550497715412824	29612	0.1491766559463862	0.1491766559463862	0
0.875061789421651	3543946	0.6057067992009288	0.6060338002506179	0.46818763667932983	27602	0.14774921676366617	0.14774921676366617	0
0.8895205140879882	3412552	0.5432489874749997	0.5447461768512459	0.45652930879957326	28418	0.11085589999981636	0.11085589999981636	0
0.8541769649036085	2465456	0.5230722292317066	0.5252355282597577	0.45603047462063534	26996	0.18635524342028564	0.18635524342028564	0
0.9209095402867029	2374038	0.5474810289176228	0.5502129891476849	0.4505617862773212	29210	0.16322750042488324	0.16322750042488324	0
0.9123826000988631	3123472	0.6126220526098155	0.6134061409866545	0.4592547468214032	29068	0.1456789022270074	0.1456789022270074	0
0.8535590706870984	3749038	0.6436838122080497	0.6444201072099859	0.46575570701908203	26964	0.1517441464868403	0.1517441464868403	0
0.8870489372219477	3495346	0.5940479286983733	0.5942043482247855	0.4656790814009823	28192	0.14518809689339082	0.14518809689339082	0
0.916584280771132	2922390	0.5779171335922807	0.5807327286251383	0.44894158055324684	29036	0.13630706025559702	0.13630706025559702	0
0.8918685121107266	3291180	0.6119863054796427	0.6129288148719362	0.45538480047990954	28160	0.1560676209341647	0.1560676209341647	0
0.8872960949085517	2138406	0.5226302455024813	0.5237158235680474	0.45267068357629864	28132	0.16141535234992907	0.16141535234992907	0
0.860726643598616	2920734	0.5979026256190597	0.5983504591381416	0.4611015033643975	27262	0.13924700875500548	0.13924700875500548	0
0.851952545724172	2279536	0.5035961000762013	0.5065098272787538	0.4563832585487994	27062	0.14284074364274824	0.14284074364274824	0
0.9307958477508651	2191296	0.5524542608156152	0.5542104632037336	0.4464088159504223	29248	0.1660257018005818	0.1660257018005818	0
0.8780276816608996	2611588	0.5408674333716567	0.5420124485319676	0.45515625031296764	27880	0.15377543014071762	0.15377543014071762	0
0.9231339594661394	3326478	0.618050934435856	0.618596079424682	0.45828326164387784	28974	0.16338795390210062	0.16338795390210062	0
0.898294611962432	2904958	0.5847774941419402	0.5850457656225823	0.4558724422527274	28474	0.15147137441704106	0.15147137441704106	0
0.8135195254572417	2441972	0.6052185366566952	0.6055998643750455	0.4579928344475625	25338	0.18438818110962188	0.18438818110962188	0
0.907563025210084	2660112	0.5500973827200552	0.5510258138442574	0.4596165929261857	28940	0.16662662625264382	0.16662662625264382	0
0.8545477014335146	2582226	0.6122480968002558	0.6135938068373469	0.45745727601567965	26862	0.15498333460754185	0.15498333460754185	0
0.934997528423134	3023954	0.5442859497394185	0.5483692299777173	0.44689677862006344	29456	0.15163996044995548	0.15163996044995548	0
0.9107760751359367	3243376	0.6277554975097259	0.6275799257905215	0.44876870445290273	28550	0.17184152938179198	0.17184152938179198	0
0.8767918932278794	3006396	0.6005575495731545	0.6015428260357499	0.45387877948228234	27636	0.1800132352549674	0.1800132352549674	0
0.9042263964409293	2919356	0.5346470357381142	0.5355514381903458	0.45712896244315265	28914	0.11503817440903212	0.11503817440903212	0
0.8973059812160158	2561404	0.5282251155256904	0.5312928353663893	0.4495471852523869	28312	0.13107313622849573	0.13107313622849573	0
0.8851952545724172	2912706	0.5785267498131274	0.5787269335828004	0.45982334034361755	28134	0.18409190355768437	0.18409190355768437	0
0.9080573405832921	2205784	0.5461123190526596	0.5462822652059373	0.44055129806798093	28484	0.13710956686094644	0.13710956686094644	0
0.8640632723677706	2792438	0.5923902612428168	0.5935531978557288	0.4611051333095097	27442	0.1610017069037067	0.1610017069037067	0
0.9094167078596145	2817532	0.560268671827664	0.5641322919758327	0.4550864552055886	28874	0.13362431342897335	0.13362431342897335	0
0.9495798319327731	3253134	0.601615272657305	0.6029102368434279	0.46130931481851145	30068	0.14644557342193226	0.14644557342193226	0
0.9184379634206624	2684306	0.5665344410198605	0.5681653346445444	0.4503426359282893	28790	0.16183823480774442	0.16183823480774442	0
0.9063272367770637	3258314	0.6044559744575462	0.6054174059145702	0.4593856873658215	28654	0.15316338710280433	0.15316338710280433	0
0.8331685615422639	3799378	0.5972030502848936	0.5971956483011194	0.46719266856188146	26684	0.12444287205996625	0.12444287205996625	0
0.925852694018784	3254422	0.6074301505301841	0.607940475070127	0.4577184631228946	29402	0.1672158245119314	0.1672158245119314	0
0.8923628274839348	3666268	0.596404557584055	0.5969351308835108	0.46251084936043524	28342	0.15560405729850788	0.15560405729850788	0
0.9115175481957489	2625706	0.5991239411194517	0.5992497587030569	0.44281743555718894	28538	0.1882529597688817	0.1882529597688817	0
0.8491102323282254	2333324	0.5869606040114318	0.5868000482553877	0.4476913591667033	26476	0.15905477410593788	0.15905477410593788	0
0.8707365299060801	2217100	0.5483853654479809	0.5494988049833641	0.44922167409690034	27432	0.17616873283825848	0.17616873283825848	0
0.7728620860108749	3214966	0.5374851743904471	0.5405475230464886	0.46839363912601906	24292	0.14589905280577878	0.14589905280577878	0
0.7994315373208107	2903608	0.5987348170457732	0.6003197932155243	0.46496736282206114	25034	0.16141744625177232	0.16141744625177232	0
0.893351458230351	4150938	0.6792300334299982	0.6790185227398777	0.46494996893125334	28546	0.16195765443281449	0.16195765443281449	0
0.8650519031141868	3491648	0.6236501464523684	0.6235369797501128	0.46217711200608286	27340	0.14980414384503674	0.14980414384503674	0
0.9361097380128522	3876562	0.5729619035784496	0.5742832619861653	0.4533517148971082	29498	0.12511070573829364	0.12511070573829364	0
0.8419426594167079	3108968	0.6122349133624784	0.6128637902247791	0.4558983422698814	26418	0.13973088942857526	0.13973088942857526	0
0.8918685121107266	3127674	0.6075062272595926	0.607120475104062	0.4541344701152518	27946	0.14078471908836696	0.14078471908836696	0
0.9127533366287691	2541114	0.515356592322158	0.5161965072178015	0.45577706372907656	28984	0.14066500592410755	0.14066500592410755	0
0.939817103311913	2795538	0.6294955925961488	0.6296602662942138	0.45510462095275067	29756	0.17397483851909887	0.17397483851909887	0
0.897676717745922	2335466	0.6008386392424373	0.6035801477908597	0.4539913574609909	28550	0.2038770518747469	0.2038770518747469	0
0.9388284725654967	2663574	0.5352273458790106	0.5364399585829381	0.4506337950029853	29820	0.141019174478769	0.141019174478769	0
0.8090706870983688	4578584	0.6486689714384927	0.6487314865007625	0.4746952467996004	25804	0.1313085751039145	0.1313085751039145	0
0.9043499752842313	6273136	0.7159982093022034	0.7157012443276648	0.47071471307485874	28802	0.13637767035140752	0.13637767035140752	0
0.8547948591201187	2577272	0.6213511029982235	0.6225350964551316	0.45669817583171196	27082	0.1807246830636002	0.1807246830636002	0
0.7701433514582303	2418602	0.6627130787672454	0.662568106657015	0.46329009703605806	24246	0.18556848750129715	0.18556848750129715	0
0.9105289174493327	2926446	0.5479595594109332	0.5493923330615076	0.4604956459439718	28924	0.15390450868915626	0.15390450868915626	0
0.9358625803262481	3138980	0.6481978421034144	0.6483010867968376	0.45708319331521324	29422	0.17360252906582876	0.17360252906582876	0
0.897676717745922	3233316	0.6084944056001751	0.6088234547603032	0.45996763910552557	28470	0.1423296911392629	0.1423296911392629	0
0.9116411270390509	2512408	0.5335837677734687	0.5371470278372382	0.4590663600971297	28834	0.16645596608015525	0.16645596608015525	0
0.898294611962432	3100686	0.6165421790477972	0.6183346069296013	0.4568707215638474	28462	0.1667291206284011	0.1667291206284011	0
0.9127533366287691	2936096	0.5846077218596734	0.5857818797453627	0.45231470136012114	28554	0.136498481129004	0.136498481129004	0
0.8780276816608996	2510860	0.5899986903581779	0.5928542364878318	0.4508323634024383	27320	0.16911059458889902	0.16911059458889902	0
0.884083044982699	2670412	0.5969183662989522	0.5987742738069182	0.459050536495585	28216	0.16799329448883607	0.16799329448883607	0
0.8759268413247652	2502110	0.6078273928458074	0.6099559347536693	0.45841181526826386	27894	0.16524775545616632	0.16524775545616632	0
0.893969352446861	6190694	0.6637428139353684	0.6645025576173335	0.4737117557420402	28240	0.1541561961145159	0.1541561961145159	0
0.8734552644587247	3347710	0.637900818179043	0.6380118191910715	0.45957300080653063	27316	0.16911369443707072	0.16911369443707072	0
0.8671527434503213	3794696	0.5516280031108188	0.5531995278132571	0.471441205457339	27504	0.1345933828025196	0.1345933828025196	0
0.9142362827483934	2255988	0.5507360097095129	0.550688664324728	0.44515859107244476	29032	0.1678475401665657	0.1678475401665657	0
0.9227632229362334	4169810	0.6177129461716491	0.6180881794609596	0.4612800540038117	29552	0.16058622243315152	0.16058622243315152	0
0.9104053386060307	4161662	0.6493020306013563	0.6499255386945626	0.46075626464771363	28614	0.173199713038217	0.173199713038217	0
0.8456500247157687	3831204	0.6419864382809473	0.6422697822186075	0.4707497149620555	26830	0.1586185598532648	0.1586185598532648	0
0.9033613445378151	3972788	0.6006092316087742	0.6005458540926085	0.4691820217663225	28878	0.1256358083304743	0.1256358083304743	0
0.8833415719228868	2891846	0.525311585461841	0.5280951076550294	0.46499069420623346	27836	0.14408013995547495	0.14408013995547495	0
0.8688828472565497	4056024	0.5858867767703383	0.5858087430944191	0.46621161263947236	27678	0.10736852187701422	0.10736852187701422	0
0.9097874443895205	2288622	0.5713642632704587	0.5735071949826455	0.4519197352476876	28908	0.15656482446543862	0.15656482446543862	0
0.9162135442412259	2230548	0.55143119322621	0.5532012382499969	0.4501415331861239	28806	0.15962967918836327	0.15962967918836327	0
0.9003954522985664	3088774	0.6438524250163441	0.6445857620994135	0.45605929100722475	28536	0.18030110999836366	0.18030110999836366	0
0.8714780029658922	2215324	0.5983743029928105	0.598844591846183	0.45129741653709105	27670	0.1810295391965795	0.1810295391965795	0
0.9003954522985664	2528650	0.5348596521147776	0.5351410444932424	0.4505694536008129	28552	0.16217863911814254	0.16217863911814254	0
0.9087988136431043	3095788	0.5837663198282831	0.5845088992404842	0.45266969376491767	28794	0.14592236597471994	0.14592236597471994	0
0.8928571428571429	3573498	0.6347501176656866	0.6352843111758265	0.464943331328506	28246	0.15079524748987877	0.15079524748987877	0
0.8765447355412753	3519920	0.6645386488435575	0.664534968595352	0.4608715667411541	27846	0.16245770704215676	0.16245770704215676	0
0.8518289668808701	3250008	0.5973403470307763	0.5985270458402525	0.45884315565126865	27034	0.17396683508199517	0.17396683508199517	0
0.8765447355412753	3260082	0.5958289248968427	0.5966976169453336	0.46540632850268343	27920	0.13818998278834288	0.13818998278834288	0
0.8696243203163618	1995582	0.6061634421291476	0.6072248048762048	0.4514235102928814	27418	0.1879365508245279	0.1879365508245279	0
0.8631982204646564	2488934	0.5714730842231404	0.5726785147721593	0.45963455590779395	27436	0.1590982054216576	0.1590982054216576	0
0.9283242708848245	3754398	0.6034395714995496	0.6052148983592643	0.46520141090128186	29180	0.15639186641016642	0.15639186641016642	0
0.888779041028176	2430742	0.5505740141996099	0.5540458101444735	0.4547387071848976	28196	0.15129342843021054	0.15129342843021054	0
0.9066979733069699	2621788	0.5520059603777039	0.5549126422630707	0.4450974522204554	28694	0.13368101301910573	0.13368101301910573	0
0.8895205140879882	1934874	0.5071399374586955	0.5086025377468173	0.44686641730992105	28134	0.15170701632768077	0.15170701632768077	0
0.8744438952051409	4933978	0.6746998263745888	0.6753031983501677	0.4701510126283785	27858	0.1545739788037594	0.1545739788037594	0
0.9202916460701928	2369364	0.4957106609823347	0.4964604310809344	0.44927183814302213	29458	0.13220902226980327	0.13220902226980327	0
0.8785219970341077	2795656	0.599369770308371	0.6015405880816226	0.4624524538719312	27816	0.1868525246521132	0.1868525246521132	0
0.9123826000988631	4632716	0.6670114317031498	0.6670729836123567	0.46401802630824046	28722	0.14624683043487893	0.14624683043487893	0
0.9002718734552645	3092972	0.6005963947772547	0.601654133633874	0.4585162342419871	28694	0.13589228977182735	0.13589228977182735	0
0.8868017795353436	2636070	0.5816579510688973	0.5815611582288595	0.44828150803907296	27686	0.1668130837581984	0.1668130837581984	0
0.8577607513593672	2744098	0.5895221347894901	0.5907840317982451	0.4567185623029721	27000	0.1375595115132494	0.1375595115132494	0
0.8319327731092436	2723164	0.5712338644886994	0.5725545185957341	0.46251879550635694	26178	0.1505455629075365	0.1505455629075365	0
0.8646811665842807	2564140	0.6130728698501197	0.612414901607919	0.45411103737284364	27496	0.15277254058846554	0.15277254058846554	0
0.9324023727137913	2582466	0.618650742397177	0.6205766842090018	0.4523370596415002	29596	0.1660842470896214	0.1660842470896214	0
0.8635689569945626	2482298	0.6109717879735281	0.6110584914779684	0.4554402809690366	27314	0.1493654598144311	0.1493654598144311	0
0.8782748393475037	2477352	0.6175550764521881	0.6179352820963248	0.4534840340778936	27882	0.14969831817816118	0.14969831817816118	0
0.9511863568956994	2841046	0.5666923022302168	0.5669812975487567	0.45456435732251305	30200	0.14009851699761963	0.14009851699761963	0
0.8826000988630747	3211108	0.5990223999314431	0.5983914161238385	0.4598006860301249	27988	0.15775843960028832	0.15775843960028832	0
0.9081809194265942	3141522	0.5847200866571148	0.5859128126522251	0.46176498023288287	28960	0.16003253828924816	0.16003253828924816	0
0.7718734552644587	3915926	0.6171631052275653	0.6172612298436116	0.47442946449297363	24656	0.12808611794930128	0.12808611794930128	0
0.9092931290163124	3212878	0.625704034864193	0.625631443155826	0.45725476439511864	28868	0.19786648464188475	0.19786648464188475	0
0.8745674740484429	3455934	0.5720524742977672	0.5718868327999443	0.46334135754085465	27484	0.1509500014483998	0.1509500014483998	0
0.9180672268907563	2974516	0.5314867155451354	0.533243148150668	0.45434425027786046	29068	0.1334679063818668	0.1334679063818668	0
0.9390756302521008	4135632	0.6223118910891078	0.6222117679989149	0.4609319592839225	29536	0.13663935492928148	0.13663935492928148	0
0.9058329214038556	4099710	0.6163519021085041	0.616961074134245	0.46513132278988967	28348	0.15274814135332224	0.15274814135332224	0
0.9409293129016313	5246290	0.7031306329280392	0.7031442654911092	0.4592369609484653	29796	0.16109188031409585	0.16109188031409585	0
0.9312901631240732	3206150	0.5777427643865521	0.5792250361818223	0.46144013329871253	29382	0.1515459825380251	0.1515459825380251	0
0.8960701927829955	2617456	0.531302910666907	0.5330112000340608	0.46166468577824554	28246	0.1452708697293943	0.1452708697293943	0
0.8645575877409788	3085976	0.6666398810144971	0.6670871748602888	0.46115904618638015	27280	0.17625184719460762	0.17625184719460762	0
0.8944636678200693	2974926	0.6149862212989049	0.6149417073282744	0.46192544021039855	28280	0.17461301479355387	0.17461301479355387	0
0.8556599110232328	2542580	0.5106534657735226	0.5134708474516267	0.4622544832952972	26990	0.17163539138678588	0.17163539138678588	0
0.8761739990113693	1994064	0.5786468867309057	0.5799517648341578	0.44530441727829156	27630	0.1720741581845525	0.1720741581845525	0
0.8436727632229363	4565474	0.69752123573226	0.6966356803675625	0.4657499248623023	26692	0.17517206933996332	0.17517206933996332	0
0.8990360850222442	3233552	0.5687897591725668	0.5706002583763465	0.4635271589812249	28618	0.1616531922774345	0.1616531922774345	0
0.9053386060306475	3456080	0.5972526644207409	0.5976492157110401	0.45627135008510233	28782	0.14100600046523673	0.14100600046523673	0
0.8321799307958477	2474492	0.5798042688182258	0.5807102814033471	0.46222598391344333	26474	0.15136883692296876	0.15136883692296876	0
0.888902619871478	3320574	0.6215541765075144	0.6208057154835853	0.45461560846203874	28036	0.1722024186397194	0.1722024186397194	0
0.9374691052891745	2730402	0.5606131251264784	0.5613063824151633	0.4588706812106742	30018	0.1538337288790187	0.1538337288790187	0
0.8949579831932774	3460896	0.6206648403185435	0.620143357391189	0.45159003910531764	28154	0.14417439460026815	0.14417439460026815	0
0.9138655462184874	2716070	0.5803348125562372	0.5819321073358446	0.45404457599110337	28672	0.15000237861405427	0.15000237861405427	0
0.8555363321799307	2944456	0.6254092931606929	0.625347727686545	0.4618681677190864	27228	0.16153319327044574	0.16153319327044574	0
0.8739495798319328	2970460	0.5948859514876211	0.5958063296421011	0.4623652897839648	27702	0.13749378084174094	0.13749378084174094	0
0.9202916460701928	4841018	0.6600790022181618	0.6609925557241689	0.4607435749507672	29048	0.1781254505048947	0.1781254505048947	0
0.9299307958477508	3291668	0.5174235999345096	0.5192290053172914	0.45723118665795387	29682	0.11980721939800752	0.11980721939800752	0
0.8678942165101334	2570930	0.5371422916858816	0.5375209729432046	0.4595163146028883	27358	0.16806085869368736	0.16806085869368736	0
0.9424122590212556	4089972	0.633792692193973	0.6330920126137503	0.4597430127696129	29952	0.14242230545502685	0.14242230545502685	0
0.8713544241225902	3323048	0.6158511041864342	0.6159576504752965	0.4592892365060545	27788	0.16519980560882555	0.16519980560882555	0
0.8445378151260504	1784682	0.5378280511073535	0.5396440294254493	0.4471968106614595	26604	0.16440654077406178	0.16440654077406178	0
0.8058576371725161	3276612	0.569334268868121	0.5707661073762388	0.4667412747168789	25466	0.15102643205795763	0.15102643205795763	0
0.9044735541275334	2783900	0.5741288774592961	0.5762046360471622	0.4479184916752736	28578	0.14146000763146624	0.14146000763146624	0
0.9184379634206624	3958560	0.644232509690896	0.6441969214796258	0.4596073640572081	29288	0.15178079508054218	0.15178079508054218	0
0.9369747899159664	2923678	0.5142674050932299	0.5154882983721448	0.44912851208681465	29754	0.12716472855598215	0.12716472855598215	0
0.9011369253583786	3524552	0.6584488461645459	0.6587117454319059	0.45512481407088234	28128	0.16449947108281435	0.16449947108281435	0
0.8479980227385071	2629036	0.5872678251027397	0.5892250576869623	0.465313910014537	26788	0.1698886606589768	0.1698886606589768	0
0.9282006920415224	4467610	0.6695724570339295	0.6694915679188783	0.46608506353803075	29664	0.1573562223282121	0.1573562223282121	0
0.8568956994562531	2527474	0.5707782098775814	0.5720006440051241	0.4568283499610386	27192	0.11790578922478935	0.11790578922478935	0
0.9090459713297083	2745714	0.6295441966135312	0.628695456773977	0.4435302403963904	28726	0.18849152287731685	0.18849152287731685	0
0.8719723183391004	3953890	0.5971679499767771	0.5979099727913025	0.4643962797096168	27782	0.11559254419329662	0.11559254419329662	0
0.8758032624814631	3585268	0.6359542435195382	0.6360753404798272	0.46824884453754967	27522	0.15325609338503823	0.15325609338503823	0
0.9076866040533861	1822044	0.5592232962016647	0.5598771230972285	0.4403986237367319	28660	0.1860653849188525	0.1860653849188525	0
0.9184379634206624	3118142	0.5565107182509329	0.5591691270394487	0.45647941893969635	29110	0.12936689686276925	0.12936689686276925	0
0.7705140879881365	3174808	0.6341855863739604	0.6345929021460851	0.4599332132160095	24298	0.17193693502973192	0.17193693502973192	0
0.8156203657933762	2052714	0.5022537953745867	0.5056680398327712	0.4543950949798959	25496	0.13848581241393312	0.13848581241393312	0
0.9218981710331191	2741314	0.5923268611852833	0.592938027666749	0.45535992479380605	29154	0.14628037759063375	0.14628037759063375	0
0.9246169055857637	2930262	0.5315029545450436	0.5335641849119263	0.450933862382592	29328	0.13747400588792127	0.13747400588792127	0
0.8963173504695996	4371468	0.6333961232934744	0.6339074465676118	0.4576547768211472	28566	0.12376869877001269	0.12376869877001269	0
0.8274839347503707	1985140	0.5132283395095941	0.5152928635777787	0.45296704612428834	26188	0.1446825583211355	0.1446825583211355	0
0.897676717745922	2452110	0.5560373998909532	0.5572443328040814	0.4540439236903974	28492	0.15609377678888245	0.15609377678888245	0
0.8954522985664854	2771272	0.615157338292231	0.6152613034632609	0.4530814376128703	28248	0.13829270851292252	0.13829270851292252	0
0.8445378151260504	2432802	0.5744606707654896	0.57564029537288	0.44714536919694714	26484	0.1483622791516135	0.1483622791516135	0
0.8990360850222442	3715118	0.6467398254695021	0.6471082867569278	0.4640909695630815	28584	0.15863509888058128	0.15863509888058128	0
0.842436974789916	2869300	0.6503083428957396	0.6501574257944963	0.4572435814325393	26514	0.18458706167634967	0.18458706167634967	0
0.8969352446861097	1738540	0.540480315621558	0.5423554041024603	0.4457263953066733	28694	0.16630617790695149	0.16630617790695149	0
0.8994068215521502	2589190	0.635622067461789	0.6357808041018415	0.460987083364216	28464	0.1790536092058973	0.1790536092058973	0
0.9090459713297083	2689622	0.6217383759559189	0.6219351832520301	0.45445297265815743	29074	0.1652666713821304	0.1652666713821304	0
0.8923628274839348	3431958	0.6537483566322	0.6550497280800942	0.46242973810672855	28268	0.17096713027083157	0.17096713027083157	0
0.8369995056846268	2610186	0.6084182167587272	0.6090128546344454	0.46263632948882333	26328	0.16493739597989326	0.16493739597989326	0
0.8963173504695996	2644698	0.6215356751481921	0.6223814385538148	0.4546599154351643	28320	0.18504783291197277	0.18504783291197277	0
0.8602323282254078	2873658	0.6061225682362986	0.607604047103576	0.46421950388765226	27298	0.18758023332464172	0.18758023332464172	0
0.9209095402867029	2269896	0.5281486891715824	0.5294483440183518	0.44578477408065914	29156	0.140711311132633	0.140711311132633	0
0.9083044982698962	3396700	0.6072583486642913	0.6082041929266998	0.4607689745970454	28824	0.1461121739308979	0.1461121739308979	0
0.8893969352446861	2794982	0.6140280929611909	0.6141787964495126	0.4510449086158981	27916	0.15998403947278447	0.15998403947278447	0
0.8975531389026199	1871440	0.48623655028910884	0.49281734164897656	0.44001088634780877	28236	0.12281427889253678	0.12281427889253678	0
0.8171033119130005	2847542	0.6311035077600812	0.630648186387501	0.46086890730103725	25670	0.16934177421394722	0.16934177421394722	0
0.884083044982699	2264984	0.5715131356889445	0.5719476640966268	0.45303129213998455	28122	0.15309893018521617	0.15309893018521617	0
0.8278546712802768	2156708	0.509674238638267	0.5136333601326194	0.4592758303052659	25952	0.17803886793117193	0.17803886793117193	0
0.9000247157686604	2642132	0.6010600769082916	0.6027599963746281	0.45077120340467475	28698	0.15919210854045743	0.15919210854045743	0
0.8675234799802274	4135480	0.6003165313458746	0.6005423775585957	0.4703129217924982	27738	0.13892227875512045	0.13892227875512045	0
0.9003954522985664	3640138	0.6224292602192164	0.6226306444964255	0.45879996586418	28438	0.15321344828207092	0.15321344828207092	0
0.9164607019278299	4301480	0.5999530656779516	0.5996599267879092	0.4663422862529431	29272	0.13044829779840453	0.13044829779840453	0
0.8970588235294118	2895740	0.603466756290835	0.6034138074385108	0.4572502890942383	28386	0.1493009463010241	0.1493009463010241	0
0.8388531883341572	2250730	0.5963240530618809	0.5979681941483352	0.4563199164730815	26438	0.17197998163736247	0.17197998163736247	0
0.8330449826989619	3146610	0.5904980571865112	0.5921667728867688	0.462983328467212	26178	0.15817746312732636	0.15817746312732636	0
0.9117647058823529	3022602	0.5650568685725683	0.5683297372289208	0.4520982374611711	28978	0.12072950820215526	0.12072950820215526	0
0.9168314384577361	2042090	0.5403077602991672	0.5433196850302814	0.44936790310007874	29212	0.14752349858974342	0.14752349858974342	0
0.8818586258032625	4398144	0.6816852633076541	0.6814223954183435	0.46913041941757117	27820	0.15121693625001265	0.15121693625001265	0
0.9048442906574394	4064424	0.6291077642369428	0.630173858612456	0.4641782449631299	28650	0.15750151485251046	0.15750151485251046	0
0.8975531389026199	4596132	0.6652136144696766	0.6654116664156587	0.4703012598428953	28554	0.1420015393989467	0.1420015393989467	0
0.912259021255561	3466052	0.5887503478159231	0.590439517088728	0.4601816785596115	28944	0.13859404216966295	0.13859404216966295	0
0.8729609490855166	3308544	0.6507058708091406	0.6508530104681475	0.4627811005742324	27486	0.18088640623188476	0.18088640623188476	0
0.8596144340088977	2881336	0.59326904840443	0.592825417042709	0.4453843707099579	27018	0.15348043994720462	0.15348043994720462	0
0.9008897676717746	4916442	0.6652631845042806	0.6656136781178305	0.46805371297694726	28614	0.138566258785891	0.138566258785891	0
0.9226396440929313	1672106	0.5579242988569831	0.5597109503671881	0.43890495792376005	29368	0.14889229390190065	0.14889229390190065	0
0.8996539792387543	2443146	0.61420328935962	0.6143141961474864	0.45550409497526206	28204	0.17697514887739074	0.17697514887739074	0
0.8503460207612457	3615714	0.592265436319222	0.5925956371545436	0.4685789420995534	27094	0.12025055736226493	0.12025055736226493	0
0.8785219970341077	3892614	0.6772538786921011	0.6768339318829323	0.46308562756289967	27470	0.15665678805189728	0.15665678805189728	0
0.8802521008403361	3524158	0.6001233659513945	0.6019207379185492	0.46319495485258305	27944	0.14519254829781494	0.14519254829781494	0
0.8725902125556104	3601622	0.6314305161969912	0.631413620363131	0.458830120036222	27546	0.13624648134823056	0.13624648134823056	0
0.7995551161641127	2906888	0.5399247192116243	0.5408261614741375	0.46444857584488486	25200	0.12370115190222292	0.12370115190222292	0
0.8923628274839348	3916202	0.6255873749311132	0.6254856840872722	0.45924971098269735	28318	0.1556261916972929	0.1556261916972929	0
0.8978002965892239	2218126	0.558187332189378	0.5587028984243418	0.4559571715437676	28590	0.16711983364682823	0.16711983364682823	0
0.8822293623331685	3251990	0.572987539518366	0.5732727858178261	0.4545095508903789	27800	0.11604103502578932	0.11604103502578932	0
0.9174493326742461	3176740	0.6227804532193713	0.622869110906244	0.4501935436185233	28840	0.1794925241838815	0.1794925241838815	0
0.8882847256549679	4700426	0.6595520301528279	0.6597065866652488	0.4676656015015302	28236	0.14766397812804108	0.14766397812804108	0
0.9227632229362334	2551926	0.617320998590218	0.618408463671288	0.4546259187029636	29032	0.17346639303897304	0.17346639303897304	0
0.9000247157686604	2427210	0.5748259290805463	0.5764196796142006	0.45612794142379715	28546	0.16469836754485484	0.16469836754485484	0
0.9026198714780029	4674120	0.6704378884684054	0.6706764535593921	0.46872833096754923	28526	0.15429663361314186	0.15429663361314186	0
0.9039792387543253	3716794	0.6633057649737166	0.6637899344590179	0.46844509336984824	28630	0.1609504256517904	0.1609504256517904	0
0.9104053386060307	2115672	0.5099722747803613	0.5135808550699442	0.44503325608271393	28502	0.1733039304900986	0.1733039304900986	0
0.9249876421156698	2547634	0.5543967735881433	0.5557593278162195	0.4467494465035669	28778	0.15700910550594013	0.15700910550594013	0
0.8986653484923381	5049674	0.6955950066882269	0.6956777678660884	0.4688470219235726	28510	0.16500431644229926	0.16500431644229926	0
0.9125061789421651	3844750	0.6721883218037115	0.6724008638311992	0.4588760514129763	28914	0.15461353938652814	0.15461353938652814	0
0.9015076618882847	3605194	0.594126647565423	0.5945531480937709	0.4598142986885539	28458	0.14201014752846894	0.14201014752846894	0
0.9390756302521008	3880144	0.656390135307246	0.6564362800674625	0.4650003779965528	29630	0.14896774975024124	0.14896774975024124	0
0.9105289174493327	2469796	0.5413199253240274	0.5425102757206633	0.4437340964430075	28790	0.12074318935081052	0.12074318935081052	0
0.9108996539792388	3510104	0.5795499469700823	0.5805588021977589	0.46704488755193707	29028	0.14216736218040196	0.14216736218040196	0
0.9191794364804745	2027724	0.53741089355451	0.5394175838990697	0.44531170298817385	28956	0.15882131465865507	0.15882131465865507	0
0.9050914483440435	2407946	0.5248036888089767	0.5272389720997698	0.45283548402441437	28448	0.13176100674724736	0.13176100674724736	0
0.907439446366782	3625304	0.6079157150945979	0.607880525961807	0.46222316084927745	29064	0.148432761518187	0.148432761518187	0
0.921280276816609	2708678	0.5456561272998477	0.5472409489361048	0.45267479236388347	29152	0.13243383988926608	0.13243383988926608	0
0.9243697478991597	4177746	0.6272325552649008	0.628380583295801	0.459483774584955	29476	0.14229555507577588	0.14229555507577588	0
0.9338853188334157	2662156	0.5063259642887876	0.5083691724801812	0.449354010916867	29564	0.1528217830391779	0.1528217830391779	0
0.8173504695996046	2695994	0.54011707205706	0.5412349627360538	0.46291770057171816	25754	0.16214477256307272	0.16214477256307272	0
0.8978002965892239	2397164	0.5428106722335656	0.5449464299442909	0.4461884742420797	28302	0.14888026460518472	0.14888026460518472	0
0.8882847256549679	2987044	0.5771570687631823	0.5774122600881153	0.4613240893724719	28032	0.14942552502754855	0.14942552502754855	0
0.861468116658428	2581492	0.5776727903735527	0.5778812557980829	0.4519479321626049	27152	0.14961038120591488	0.14961038120591488	0
0.8545477014335146	3835370	0.6109204946061136	0.6112760137829013	0.46656301727752175	27092	0.15946573872118106	0.15946573872118106	0
0.8860603064755314	4206384	0.6019458304516502	0.6017200688591694	0.4678233379267966	28148	0.12357662251750622	0.12357662251750622	0
0.9085516559565002	4412334	0.6218607003655722	0.6224651402226412	0.47043725110539963	28844	0.14233744769412754	0.14233744769412754	0
0.8699950568462679	3705756	0.6189416371527533	0.6193807682484148	0.4653255383462038	27844	0.14761647630217348	0.14761647630217348	0
0.9303015323776569	2549808	0.6000076044208447	0.6002676868481848	0.4432433904529332	29092	0.17394487967233882	0.17394487967233882	0
