Utilization	Connections(A2A)	Lvl1TraffRatio(A2A)	Lvl1TraffRatioNoIndirect(A2A)	RatioIndirect(A2A)	Connections(AR)	Lvl1TraffRatio(AR)	Lvl1TraffRatioNoIndirect(AR)	RatioIndirect(AR)
0.8763427734375	2483346	0.4872976053021936	0.487688387596149	0.47082915665327674	28200	0.1631929952630193	0.1631929952630193	0
0.9349365234375	4095836	0.4671047872095942	0.4676503235851713	0.46937070748609827	30164	0.10064838604571791	0.10064838604571791	0
0.9300537109375	3652954	0.5295626655445578	0.5296262002936719	0.4767240807359961	30208	0.1281339714407727	0.1281339714407727	0
0.8560791015625	1903204	0.44229906741593766	0.4426666263025783	0.46796442333849075	27746	0.13821630912031566	0.13821630912031566	0
0.8914794921875	3225922	0.3251972617799635	0.32638395937479475	0.46976467556123863	28888	0.11319647492135661	0.11319647492135661	0
0.9141845703125	3375074	0.47699731127802475	0.47680887810892475	0.47246823346256966	29642	0.1550411024885875	0.1550411024885875	0
0.9388427734375	4045484	0.4914160294497129	0.49203318158169945	0.47534640139219037	30436	0.11315693112104136	0.11315693112104136	0
0.80419921875	3583720	0.46286049228117504	0.46341557868152267	0.4423913573264398	25896	0.10001761175004241	0.10001761175004241	0
0.8896484375	3127442	0.48924884582339884	0.4889487095179557	0.46664614722380443	28636	0.1305067591746997	0.1305067591746997	0
0.8616943359375	3410152	0.43853329436302135	0.4389415663463681	0.45737054704366037	27722	0.0943686989293135	0.0943686989293135	0
0.9024658203125	4074560	0.5418189041479178	0.5414306089719243	0.4783904536603721	29316	0.12989787866023947	0.12989787866023947	0
0.9293212890625	2866910	0.49049234313155815	0.4903720814687316	0.4688522483958442	29780	0.15218998909010467	0.15218998909010467	0
0.941162109375	2426328	0.4597251828659057	0.46047594672509806	0.47130398423869996	30520	0.14824734614116294	0.14824734614116294	0
0.898193359375	2845096	0.5240052604236618	0.5230521679444206	0.4626028648389536	29216	0.135120325475655	0.135120325475655	0
0.8846435546875	2744172	0.4812323231843707	0.48190167583651217	0.4701304165223183	28582	0.1210602383548147	0.1210602383548147	0
0.944580078125	2417990	0.4240944339247912	0.42407069678108233	0.4638892028551125	30486	0.12899085446045888	0.12899085446045888	0
0.9034423828125	3519590	0.511698804460691	0.5118205310022783	0.4732732654047233	29078	0.14326568262527126	0.14326568262527126	0
0.9049072265625	2400430	0.49970056252193035	0.4995849505281449	0.46901274419978184	29122	0.16714092215802334	0.16714092215802334	0
0.8759765625	3848532	0.44906721981354664	0.4493865943405447	0.45337211676478884	28040	0.10997593243973498	0.10997593243973498	0
0.9156494140625	1962158	0.3975080284701602	0.39802243191430936	0.4631820972373489	29528	0.15847836983253133	0.15847836983253133	0
0.83837890625	2848774	0.4365375602846422	0.4366654814374571	0.474632475973566	27244	0.1351628631833285	0.1351628631833285	0
0.912353515625	3507360	0.4430934887999716	0.4426020359332841	0.46064520524211233	29368	0.09013419106040664	0.09013419106040664	0
0.8968505859375	4949282	0.49588864008431693	0.4948938099713762	0.47488179405639647	28958	0.08895387133353179	0.08895387133353179	0
0.9117431640625	3275738	0.48182263456281577	0.48196201360828267	0.47151133826387004	29606	0.12464477333699044	0.12464477333699044	0
0.890380859375	3895562	0.5540988598389128	0.5546475025780498	0.4742675331766446	28646	0.13674956873454916	0.13674956873454916	0
0.932861328125	3462464	0.4551564307872058	0.45539957282863935	0.4751073232851238	30208	0.1296120270423292	0.1296120270423292	0
0.911865234375	3809726	0.5044118252412192	0.5044130067383451	0.4717254018320201	29222	0.11534510947461167	0.11534510947461167	0
0.886962890625	3047128	0.5471901525374513	0.5467684493435205	0.47542413872932904	28694	0.15847720678063865	0.15847720678063865	0
0.9112548828125	3015056	0.5366491973345494	0.5370051634475126	0.4728219573582715	29396	0.1419654245980492	0.1419654245980492	0
0.825927734375	3449682	0.4359154974509875	0.43663201571707205	0.4762226450241746	26846	0.10213196278296614	0.10213196278296614	0
0.9462890625	2845768	0.5123122033692072	0.5117259401368642	0.4740440220879623	30556	0.1514116545461548	0.1514116545461548	0
0.9244384765625	3228646	0.5265477691062536	0.5273445425752863	0.47193119903703756	29634	0.15119653844998207	0.15119653844998207	0
0.9266357421875	5526804	0.5648281601603499	0.5644575180491779	0.4673787915509373	29960	0.11667390715541837	0.11667390715541837	0
0.8924560546875	2649116	0.4959819556243059	0.496234725037624	0.47446276247471003	28934	0.14091210284351618	0.14091210284351618	0
0.8238525390625	6841182	0.5713659561693263	0.5710812076687956	0.4822159898100033	26600	0.10477925805931813	0.10477925805931813	0
0.7757568359375	2664052	0.481210031953333	0.48098178513074213	0.47070086582216125	24986	0.11221079884492469	0.11221079884492469	0
0.90283203125	1889404	0.3867586743525495	0.3890855486077322	0.46646544551999	29178	0.16076990939499525	0.16076990939499525	0
0.916748046875	3552924	0.5286102015765672	0.5285718348445612	0.4769399075678835	29634	0.1124780044390914	0.1124780044390914	0
0.893798828125	3246346	0.4800988453714398	0.48170401187881445	0.4715705001254478	28930	0.11992796473926083	0.11992796473926083	0
0.8636474609375	3091166	0.5294636127528584	0.5291890459715713	0.4725489745767219	28070	0.15187866307178546	0.15187866307178546	0
0.9072265625	1863940	0.3594424539572294	0.36068257829775036	0.46712452954199507	29172	0.1454758859574726	0.1454758859574726	0
0.89794921875	2573918	0.4583891690538529	0.4576468228058224	0.4725532640237932	28988	0.16352239325341195	0.16352239325341195	0
0.9268798828125	2849952	0.5029786788638801	0.5025291942330542	0.47145111241387966	29750	0.16603658801846996	0.16603658801846996	0
0.888916015625	3872408	0.497739009842677	0.4978826863262102	0.47782308535625767	28856	0.13832767814904678	0.13832767814904678	0
0.8841552734375	2978412	0.5049531537614812	0.5054418789057992	0.4766319480586876	28596	0.1315173661136452	0.1315173661136452	0
0.9080810546875	4073604	0.5442606946183544	0.5438802408371891	0.4782893281009209	29350	0.13236838124430655	0.13236838124430655	0
0.880859375	2220208	0.4541379329105362	0.45352706854439356	0.471664814000812	28276	0.1325816037320244	0.1325816037320244	0
0.8878173828125	3803128	0.5001266057095094	0.5000923505887978	0.47798312423362216	28882	0.11005946855388248	0.11005946855388248	0
0.8814697265625	1990998	0.4175960749358603	0.41916783058610213	0.4702601336121364	28374	0.12864661105053762	0.12864661105053762	0
0.8284912109375	3264128	0.5036623520510453	0.5032898476239442	0.47606498117590884	26922	0.10968511906182009	0.10968511906182009	0
0.9351806640625	2555350	0.520867554617145	0.5206054117913474	0.46173106400629754	30146	0.16226252627645327	0.16226252627645327	0
0.92431640625	2825680	0.42209207452054903	0.4230213075906247	0.472870605235868	30038	0.10949580873906685	0.10949580873906685	0
0.7623291015625	2999832	0.49386332657357274	0.49361055060802816	0.4754860021868224	24620	0.13015324118091307	0.13015324118091307	0
0.8839111328125	2823006	0.47794565339487377	0.4784495340730084	0.4664617833524192	28646	0.14708417028753332	0.14708417028753332	0
0.89208984375	3483532	0.5218964462579375	0.5208762499534889	0.4734604327134177	28846	0.12725941010103423	0.12725941010103423	0
0.855712890625	2322198	0.45380335082500367	0.4535443587721614	0.46839057666085165	27642	0.1405585797157403	0.1405585797157403	0
0.892578125	3474720	0.46008934545564234	0.45916440207464554	0.4725027093862518	29026	0.12165052959112642	0.12165052959112642	0
0.90283203125	3358364	0.45997141172706263	0.4594347314780866	0.4722983358866628	29304	0.11271534318178444	0.11271534318178444	0
0.9168701171875	3034056	0.5008777608848088	0.5009324035147393	0.4728337864836105	29500	0.12543670684124905	0.12543670684124905	0
0.8648681640625	2176668	0.45665758758827163	0.45741884642667063	0.4636292379537346	27832	0.13872757695176635	0.13872757695176635	0
0.926513671875	3623316	0.4907139403042116	0.4913756941911482	0.47339174639230003	30106	0.12142113528240517	0.12142113528240517	0
0.9248046875	2694874	0.4597068315832147	0.46063476210992954	0.47031194437370255	29774	0.15511816250864016	0.15511816250864016	0
0.8599853515625	2790078	0.43620776505480036	0.4358483191267412	0.4708692803657077	27772	0.12477943576649507	0.12477943576649507	0
0.9188232421875	3672288	0.511626888414677	0.511586621596806	0.4771642707984381	29820	0.12251736552645444	0.12251736552645444	0
0.8173828125	2318928	0.44542188124037224	0.44516750687433965	0.4736598615243181	26336	0.16326794015062815	0.16326794015062815	0
0.8897705078125	2365090	0.47089025618841623	0.47156425895553133	0.46849882718366587	28898	0.1473068376504057	0.1473068376504057	0
0.91748046875	2897252	0.4918012567334082	0.49160473677445404	0.47178516339844045	29596	0.13080559825826157	0.13080559825826157	0
0.8541259765625	2182054	0.406485070675682	0.4088209187811423	0.4687143885377933	27648	0.1357520508538265	0.1357520508538265	0
0.933837890625	4705902	0.48218527189137467	0.481832762787425	0.4758446321934858	30278	0.12705638832517885	0.12705638832517885	0
0.863037109375	3804870	0.5308137623324048	0.5307528898824975	0.4768282589191151	27918	0.11003774157310947	0.11003774157310947	0
0.885009765625	4473894	0.5247252925741628	0.5250237627867446	0.47324846849789864	28390	0.11983542456944458	0.11983542456944458	0
0.900390625	2401384	0.47975253498556186	0.47945427947338043	0.47174552483892235	29064	0.14991359020359143	0.14991359020359143	0
0.8486328125	3683436	0.41120561790522264	0.41154488276766504	0.47491227725375723	27404	0.11217020915405869	0.11217020915405869	0
0.8892822265625	1721282	0.4478488627457753	0.4482982890271814	0.4653037730743756	28674	0.1729404818043794	0.1729404818043794	0
0.897216796875	3119074	0.5724192036222927	0.5727090670836406	0.4706898609663382	28802	0.14578859701323707	0.14578859701323707	0
0.8992919921875	2579968	0.4726597864110181	0.47260783312536336	0.47175095688785923	29172	0.1447163881277621	0.1447163881277621	0
0.9554443359375	3699050	0.4870118760189473	0.486411833575027	0.4743258869041032	30898	0.12358057147434737	0.12358057147434737	0
0.8995361328125	3723366	0.5088891543299049	0.508400386211692	0.4639864841030923	29058	0.13101746143765444	0.13101746143765444	0
0.805908203125	5016142	0.5532121553365185	0.5529525224349562	0.4786433453157863	25986	0.10917397792792805	0.10917397792792805	0
0.922119140625	3725898	0.4196174584766208	0.4200260861568636	0.4754266583683375	29986	0.10478191285642934	0.10478191285642934	0
0.7806396484375	2696394	0.5585256368264914	0.5577918367329066	0.47433302955811896	25304	0.10487929405112778	0.10487929405112778	0
0.8970947265625	3168406	0.5144517721963137	0.513985747484796	0.4732235845700657	29096	0.13478767743397582	0.13478767743397582	0
0.9537353515625	3939832	0.5029079723425306	0.5030334146206441	0.4768396873776533	30780	0.14586909679001905	0.14586909679001905	0
0.895751953125	2748766	0.4913468730319713	0.4911130924863063	0.46805108792002065	28908	0.15341818229661777	0.15341818229661777	0
0.8785400390625	3027782	0.4778081044513292	0.4778824942000319	0.47327663602175307	28472	0.14558599512425677	0.14558599512425677	0
0.9588623046875	2701460	0.536455918630515	0.53558377219194	0.4702241802718256	31082	0.15974887088665138	0.15974887088665138	0
0.897216796875	4651632	0.5401943945465567	0.5406126010077023	0.47338957637298357	28864	0.10661031382689262	0.10661031382689262	0
0.8326416015625	3000952	0.4825130556482737	0.48324708016432827	0.46771206705897933	26808	0.12051726856708993	0.12051726856708993	0
0.8778076171875	3125148	0.5096627342202026	0.5089503794668808	0.4728989272968745	28530	0.1637305646157076	0.1637305646157076	0
0.8759765625	3951712	0.4569653704914756	0.45689293392747143	0.4746761483097073	28212	0.12164744420200306	0.12164744420200306	0
0.83251953125	2458724	0.48931072182545515	0.4889115178592151	0.4675061854287312	26882	0.1425589497511224	0.1425589497511224	0
0.88818359375	2904962	0.41000637125460093	0.41083385477173556	0.47057773611892434	28736	0.11584620159049873	0.11584620159049873	0
0.88525390625	3111978	0.4688629333668805	0.4684524274111499	0.46760107126392386	28586	0.12236335620711673	0.12236335620711673	0
0.887939453125	2457952	0.404576881744282	0.4052220162155242	0.4680609892756098	28700	0.14497498684352406	0.14497498684352406	0
0.8984375	2226656	0.45518738128758246	0.45536970869855686	0.46915128051415017	28912	0.14434902339456993	0.14434902339456993	0
0.901611328125	3254500	0.5272820224678912	0.5273384385957753	0.47337903298439254	29208	0.14029676706458513	0.14029676706458513	0
0.9189453125	2928442	0.4228696278646	0.4245974668352963	0.46963763710880996	29822	0.12198350701253129	0.12198350701253129	0
0.931396484375	3304512	0.5520187410153686	0.5516264073509916	0.47368813682030114	29970	0.1371439987123339	0.1371439987123339	0
0.8109130859375	3223114	0.43478494618552554	0.4348280163645839	0.4764912292817877	26184	0.1285464074109199	0.1285464074109199	0
0.9066162109375	3048036	0.523620622031468	0.5241641191384468	0.473452134223367	29308	0.13905640046956314	0.13905640046956314	0
0.83154296875	2831816	0.5233046767144007	0.5227890777971349	0.47568458861014035	26940	0.12078881673069447	0.12078881673069447	0
0.8575439453125	3947512	0.5196380647073837	0.519422080763912	0.4701815247403933	27742	0.14020596153220174	0.14020596153220174	0
0.9046630859375	5391408	0.5361984007578151	0.5365132072562557	0.47697164450552193	29176	0.11363191339254232	0.11363191339254232	0
0.8978271484375	2837766	0.5268860723882721	0.5266351099733039	0.4732744698621734	28988	0.13432999057275377	0.13432999057275377	0
0.8223876953125	2465578	0.5474132195866	0.5464456079135664	0.4746897261387916	26682	0.1753532249127665	0.1753532249127665	0
0.9361572265625	3404972	0.42947750630077874	0.4302932521568607	0.4631649074452964	29990	0.10486308470439505	0.10486308470439505	0
0.751220703125	2452942	0.4464014239972985	0.44624722647238174	0.4717417136233435	24226	0.1201184830168454	0.1201184830168454	0
0.88671875	2404090	0.43735628049954894	0.4375985104179238	0.4544879243106818	28418	0.15582815471584785	0.15582815471584785	0
0.91015625	3626406	0.49721548568975477	0.4973935180090347	0.47448216579961605	29478	0.13657992532873794	0.13657992532873794	0
0.929443359375	3031534	0.35613292468341284	0.35673886877636485	0.47316133650120623	30178	0.10953408557612	0.10953408557612	0
0.865234375	2526456	0.44088844170460967	0.44173059294399386	0.4674009982232801	27840	0.1282502165189439	0.1282502165189439	0
0.9334716796875	1964374	0.4184550760043131	0.41886470621682825	0.467106798615518	30022	0.15582348184310876	0.15582348184310876	0
0.93505859375	3428682	0.457855634298689	0.45890971769049377	0.472330094243029	30406	0.13449373552571173	0.13449373552571173	0
0.892333984375	4219754	0.4988701792221894	0.4985905749374157	0.476173519663764	28790	0.10039623787474333	0.10039623787474333	0
0.8751220703125	3894040	0.4327809574031025	0.43244282562617326	0.45562350092754866	28082	0.10781115585205013	0.10781115585205013	0
0.9052734375	4088380	0.578073119203796	0.5781767688931682	0.4700165207039655	29298	0.1632915289232077	0.1632915289232077	0
0.9027099609375	2442240	0.43494717730059934	0.43536089467405376	0.4717925158378901	28818	0.12739324977014865	0.12739324977014865	0
0.9091796875	2623324	0.4484455116222053	0.44839329054215016	0.4583962383804432	29466	0.11939571511562931	0.11939571511562931	0
0.833984375	3298394	0.4674919271693021	0.4676256471575099	0.4755989645494136	27000	0.12115532091436375	0.12115532091436375	0
0.833740234375	2282620	0.3619428251055193	0.3616062043813493	0.4717536192426987	26936	0.13642600338124877	0.13642600338124877	0
0.9315185546875	3499950	0.481570678891273	0.48135419799311946	0.4777988519348127	30192	0.12368259082142317	0.12368259082142317	0
0.9322509765625	3274176	0.4565357491769632	0.45619310171965294	0.47506747197211285	30286	0.13543826592384817	0.13543826592384817	0
0.8985595703125	3770262	0.4775221223810928	0.4772276935013671	0.47651785266944163	29182	0.14264567127263306	0.14264567127263306	0
0.87109375	2558912	0.49183994862971386	0.4926495107726286	0.4681921911514511	28160	0.14958298068942388	0.14958298068942388	0
0.9259033203125	3377326	0.4926932612147014	0.49236689211419676	0.46183735946055715	29822	0.11424348798563992	0.11424348798563992	0
0.921142578125	3107352	0.4424953909589073	0.44460189642024456	0.46866630855027097	29810	0.13623996881164138	0.13623996881164138	0
0.8817138671875	2918802	0.39066920688830686	0.39114362093960936	0.4687760908560917	28502	0.12713224902975448	0.12713224902975448	0
0.891845703125	3510546	0.44867209116146795	0.4495830296208345	0.46736767744776236	28958	0.1161116693873858	0.1161116693873858	0
0.9161376953125	2605746	0.3077579917887856	0.30798823587707	0.4677219621616622	29636	0.1000780814664322	0.1000780814664322	0
0.90673828125	2336806	0.515047219532753	0.5150087510985067	0.4726653323197707	29230	0.15805431635909023	0.15805431635909023	0
0.9158935546875	3713660	0.5496421994037224	0.5498211484560017	0.4722188948156789	29592	0.15429812018800126	0.15429812018800126	0
0.919921875	3115970	0.457247708812319	0.4578520041944411	0.47009655590447613	29440	0.1262040429407826	0.1262040429407826	0
0.8692626953125	2945376	0.5042761056106885	0.5047856345182503	0.47270841150718096	27894	0.1289118960978222	0.1289118960978222	0
0.857421875	3308608	0.3908497622958121	0.3912906277936427	0.4715738289254719	27804	0.11209129582798755	0.11209129582798755	0
0.8331298828125	2997190	0.49239677666638987	0.4921192970132407	0.46645642052194874	26932	0.1140386280445992	0.1140386280445992	0
0.9349365234375	3369766	0.526466613353609	0.5263118395724319	0.47581694608864256	30342	0.1464931573348964	0.1464931573348964	0
0.8433837890625	2177786	0.4843075254066109	0.4841807820540598	0.47278695376980034	27370	0.15403067615242244	0.15403067615242244	0
0.91455078125	2054956	0.4326940082061738	0.4324679706393206	0.4694186316767361	29546	0.13585281638726424	0.13585281638726424	0
0.8621826171875	2864316	0.4592761806977708	0.45907652192965126	0.4658462077387488	27998	0.13668507225200296	0.13668507225200296	0
0.8846435546875	2122146	0.4310471228250312	0.4318097644336498	0.45812136031724826	28332	0.145041579015269	0.145041579015269	0
0.9456787109375	3485506	0.48062917843928127	0.48083178316128405	0.4760705947803577	30772	0.11603069133369749	0.11603069133369749	0
0.8935546875	3729456	0.48719378168804606	0.4873744244772818	0.4744262734476936	28908	0.12483496386003451	0.12483496386003451	0
0.906494140625	2304408	0.45936191521278236	0.4601109339136639	0.46352735634160397	29346	0.13734975571320104	0.13734975571320104	0
0.9000244140625	3734358	0.49904496351247674	0.4991940314113588	0.4694564168869689	28990	0.13449823839732236	0.13449823839732236	0
0.875	2383826	0.39789681449201053	0.399671612950588	0.4709076180768275	28234	0.1335641868167707	0.1335641868167707	0
0.9139404296875	4333348	0.4776311327441681	0.47677413715834205	0.4721550681560586	29686	0.11853662037635808	0.11853662037635808	0
0.9185791015625	3419730	0.4676354982361159	0.4676092758115591	0.47382132257021453	29578	0.1314795840874285	0.1314795840874285	0
0.9619140625	3049158	0.543401846317861	0.5429683325046989	0.4743055961872414	31306	0.15336453493709673	0.15336453493709673	0
0.933349609375	2235150	0.5317827421237192	0.5322539131481728	0.46492783813343896	29844	0.17732966754116997	0.17732966754116997	0
0.9156494140625	3507398	0.4531137178351341	0.4536002543645368	0.46962589007224126	29646	0.12291695587359085	0.12291695587359085	0
0.875	2810426	0.508309232632627	0.5089840887241825	0.4713132303900149	28274	0.1536099486195638	0.1536099486195638	0
0.90283203125	4195468	0.4695436120945948	0.4697225230181536	0.47582381424743386	29194	0.13799703397539406	0.13799703397539406	0
0.8896484375	2123644	0.42915900705468507	0.42919974468108407	0.46845612838229994	28870	0.14464927371869188	0.14464927371869188	0
0.91455078125	2663696	0.5374661572648999	0.5380157329499077	0.4721440052577728	29422	0.18396349199050263	0.18396349199050263	0
0.8408203125	3940272	0.5647103595049764	0.5641946263592986	0.47296902249913875	27236	0.16378972785298682	0.16378972785298682	0
0.8350830078125	2366024	0.4123913258513712	0.4118821108093516	0.46940826734059365	27004	0.11130141068825979	0.11130141068825979	0
0.8499755859375	2924572	0.44123608093276384	0.4413739575869983	0.46629355948038725	27238	0.11798972186089464	0.11798972186089464	0
0.8936767578125	2605422	0.5554683727361525	0.5554458791945379	0.4703607458499522	28848	0.15883689151489236	0.15883689151489236	0
0.9246826171875	2627574	0.4977340594192914	0.4980209791367103	0.4659694377335955	29982	0.1543210314345031	0.1543210314345031	0
0.911376953125	2671554	0.43269122583049846	0.4341271977123602	0.4708499724891902	29204	0.14810066672900007	0.14810066672900007	0
0.8865966796875	3255538	0.4293896596102791	0.42939390659270676	0.4748938224460582	28588	0.10730510081399881	0.10730510081399881	0
0.921142578125	3313112	0.5013961581488006	0.5016198232932123	0.4658858444713119	29600	0.13425029492291024	0.13425029492291024	0
0.9400634765625	2882616	0.5279814280614132	0.528312275955371	0.47179580230083334	30406	0.1226280601327797	0.1226280601327797	0
0.8668212890625	2071100	0.4869777450835713	0.4863589824503769	0.470185188628649	27924	0.17452710387447215	0.17452710387447215	0
0.904541015625	3051998	0.4924852217015707	0.4928605323605388	0.4751448771630708	29232	0.16694036963262862	0.16694036963262862	0
0.8997802734375	2869572	0.46736127062312743	0.4670188195334312	0.46559198666624835	28754	0.1308207407223532	0.1308207407223532	0
0.9573974609375	3663210	0.48343805826627845	0.483515654209742	0.4722758474325173	31066	0.12948881290842348	0.12948881290842348	0
0.8709716796875	3703116	0.4862685751364891	0.4873278521342781	0.47054422761472975	28158	0.13745060097845382	0.13745060097845382	0
0.9110107421875	2525610	0.5053312801718021	0.5054039759973019	0.47125692583194906	29466	0.13716269645879864	0.13716269645879864	0
0.861328125	2323546	0.4363833126316136	0.4365918846747736	0.4721817359036253	27992	0.14077446106801406	0.14077446106801406	0
0.838623046875	3177528	0.5204590198298625	0.519910918411402	0.4760320566760663	26974	0.11332413665797741	0.11332413665797741	0
0.922607421875	2648750	0.43015376462247973	0.43166586092628684	0.46769590537122946	29968	0.15527605335582872	0.15527605335582872	0
0.9249267578125	3012982	0.4709209011140041	0.47042756193302077	0.47157387703409465	29710	0.1327100176307748	0.1327100176307748	0
0.947509765625	5844838	0.47533154695633745	0.4753802384259606	0.47837059457351055	30834	0.10194056136119396	0.10194056136119396	0
0.92724609375	3986468	0.5047724412972542	0.5047574921570793	0.47644208563295715	30206	0.13743650652132852	0.13743650652132852	0
0.8538818359375	3845186	0.5345125496808628	0.5342811570473379	0.4740374484164927	27632	0.12482780128558833	0.12482780128558833	0
0.97119140625	3127126	0.4823222076328233	0.48327178571671386	0.47024481450868844	31212	0.1257788838817752	0.1257788838817752	0
0.8646240234375	4314150	0.47731290276534105	0.47687810050722845	0.47718792259693726	28080	0.12626859970367862	0.12626859970367862	0
0.917236328125	5957474	0.5606712126578923	0.5612800514514426	0.47743579564064836	29672	0.12870366006854303	0.12870366006854303	0
0.937744140625	4300812	0.5614768391478727	0.5612333590858185	0.46317101498428365	30136	0.12229662340010589	0.12229662340010589	0
0.8970947265625	2700616	0.430800003778899	0.43178284390173954	0.4680311447035417	28956	0.11712570407038275	0.11712570407038275	0
0.8385009765625	2607618	0.4719557438982374	0.47138462716488966	0.4726831218356473	27048	0.14428188357724053	0.14428188357724053	0
0.84326171875	3368896	0.5573854096954619	0.5565144713417332	0.4731289282130457	27214	0.15011422232249613	0.15011422232249613	0
0.8907470703125	4051786	0.4873085074075918	0.48741876415078217	0.4654295606457532	28670	0.11452115460108382	0.11452115460108382	0
0.9207763671875	2762478	0.4430382501733248	0.4434249619996755	0.46999170972831417	29580	0.1190305993778709	0.1190305993778709	0
0.9002685546875	3074172	0.47933052001608095	0.4793126516537413	0.46759227576878754	28834	0.15696450306440596	0.15696450306440596	0
0.947998046875	3796680	0.44236073362436135	0.44228977896131116	0.4754720878955696	30534	0.13586652185303466	0.13586652185303466	0
0.9400634765625	3350312	0.4278215330194673	0.42822730845438156	0.47218836633067024	30430	0.11570684894940753	0.11570684894940753	0
0.92236328125	3471870	0.39944098329750927	0.39962871912289216	0.4732578678017918	29888	0.1067881589193726	0.1067881589193726	0
0.8626708984375	2545312	0.46522040533993353	0.4662137450100296	0.4715030230367688	27792	0.13160803401985413	0.13160803401985413	0
0.91748046875	2626634	0.48904863822615324	0.48911588908934256	0.4691035551374409	29458	0.15635421265159524	0.15635421265159524	0
0.8336181640625	2246084	0.4165293173864469	0.4164262622759773	0.469586035562618	26568	0.12002716625055927	0.12002716625055927	0
0.947998046875	3275836	0.5220351273247953	0.522322792104942	0.4650959580685936	30672	0.1271490901409027	0.1271490901409027	0
0.89208984375	3473620	0.4698690183159664	0.4702123933909584	0.4745214396650029	28960	0.12010975705481197	0.12010975705481197	0
0.8956298828125	2981604	0.4634846829543984	0.4645048366394333	0.467334000835173	29034	0.11798078891700602	0.11798078891700602	0
0.8228759765625	3202744	0.532560250536316	0.5321131036417605	0.4689855760269033	26572	0.13008544956214987	0.13008544956214987	0
0.8841552734375	3491544	0.4779791251071915	0.477675293199367	0.47750186833238173	28470	0.11117009662041227	0.11117009662041227	0
0.724609375	2281200	0.5173044176796066	0.5175453836138998	0.47255560722004314	23418	0.14525938466329083	0.14525938466329083	0
0.8861083984375	4587264	0.5069271816428391	0.5067265405284229	0.47749131318243293	28672	0.12973461336320427	0.12973461336320427	0
0.884765625	3297552	0.469451442652824	0.469546235867472	0.469252630948874	28590	0.12112429542881499	0.12112429542881499	0
0.8853759765625	4024938	0.5732875299203745	0.5724422318871494	0.46831878147072187	28640	0.1403983842962023	0.1403983842962023	0
0.8717041015625	3850148	0.5107171294743308	0.5101153543710558	0.4729965936994569	28176	0.1219613296348388	0.1219613296348388	0
0.92236328125	3775216	0.509923324093197	0.5106139209052873	0.47226710222586504	29512	0.13768585770345934	0.13768585770345934	0
0.90478515625	3847302	0.4513021515201316	0.45175553387531964	0.47563781075352213	29312	0.11237965778355063	0.11237965778355063	0
0.9473876953125	3983540	0.4986340801661449	0.49766888689392164	0.4733406530921998	30426	0.14356641911884305	0.14356641911884305	0
0.8902587890625	2377696	0.44053448916187765	0.44132755564122683	0.47123348078045013	28606	0.10982892392865777	0.10982892392865777	0
0.932861328125	3539336	0.5303917433937905	0.5294667000801406	0.4727527062863332	30176	0.14432718728928554	0.14432718728928554	0
0.9114990234375	2524662	0.45961698771571036	0.46048106112055076	0.4727927413501079	29596	0.14398110425992164	0.14398110425992164	0
0.904296875	2079638	0.4481093959492813	0.4486459111801533	0.4614917278409481	28904	0.14717745239394348	0.14717745239394348	0
0.9149169921875	2453698	0.521672015804285	0.5203037210229878	0.47234624534423136	29458	0.1486451269355655	0.1486451269355655	0
0.9119873046875	4254186	0.4986931084492114	0.4992738506006502	0.46762019911231173	29258	0.10666116089914528	0.10666116089914528	0
0.87646484375	2757932	0.4710429068813407	0.4713018901634027	0.4707323350175608	28208	0.16258691690360969	0.16258691690360969	0
0.7880859375	2817414	0.41966000286817134	0.4195752902964846	0.4748243997533889	25600	0.12778903858123106	0.12778903858123106	0
0.918212890625	2631326	0.46662048350157653	0.46727117882118235	0.4644126755387124	29740	0.1453623037888572	0.1453623037888572	0
0.87109375	3006420	0.4520220508732195	0.45218264551447795	0.47260318962040854	28162	0.10758177673650661	0.10758177673650661	0
0.8953857421875	2487108	0.49561089032799893	0.4956932404809693	0.46071836502143965	28756	0.18721403248622515	0.18721403248622515	0
0.8740234375	2603450	0.4910382652599297	0.4914744938371743	0.4719295316393686	28294	0.14207009834495757	0.14207009834495757	0
0.8935546875	2785976	0.530912340015261	0.5312630813172815	0.47060774235939723	28870	0.1450544578158959	0.1450544578158959	0
0.870849609375	2209412	0.42728984501299005	0.42808544977543034	0.46415390910049936	28020	0.13172426229102518	0.13172426229102518	0
0.8870849609375	4186000	0.5242557841792063	0.5247161982176631	0.47178010521495933	28836	0.14450836278714713	0.14450836278714713	0
0.910400390625	3330714	0.46813071758358177	0.4675287116094619	0.472846624359521	29380	0.12886927395887063	0.12886927395887063	0
0.807861328125	2345440	0.42727280915983185	0.42819342458291515	0.4697597090362767	26110	0.12039452127406726	0.12039452127406726	0
0.92431640625	3209962	0.4873932506232015	0.48656717318023907	0.4726123121629555	29744	0.14055660071679646	0.14055660071679646	0
0.89501953125	4803244	0.4904369598777658	0.4900229425833615	0.478792230821228	28896	0.10317102276800551	0.10317102276800551	0
0.912109375	2736148	0.30774312460417	0.3081190040367466	0.4705861566159875	29546	0.1091831932167616	0.1091831932167616	0
0.894775390625	2050752	0.44275585729735284	0.443206183897019	0.46900040277960797	28856	0.17311122695121597	0.17311122695121597	0
0.875244140625	3467614	0.5365530231075285	0.5355156853107017	0.47842171605403877	28254	0.13024702023583343	0.13024702023583343	0
0.8603515625	4001734	0.4812257912385372	0.48096259095273924	0.47477180912868366	27658	0.1294554192840613	0.1294554192840613	0
0.925048828125	2680926	0.4680210039015477	0.4680240946563652	0.45372517296959863	29842	0.13807701508844852	0.13807701508844852	0
0.9283447265625	4478920	0.44055773845933827	0.44149231372689174	0.4699163171425935	29964	0.13258615873822022	0.13258615873822022	0
0.8699951171875	2582768	0.45188673479647806	0.4512370154318435	0.47355247924193455	28170	0.15630037242578024	0.15630037242578024	0
0.9288330078125	2752654	0.48196033611826694	0.4823609758566679	0.46038814739839223	29748	0.12232459195344937	0.12232459195344937	0
0.9033203125	4338408	0.5072022249334138	0.507207988128475	0.47578697771371975	29378	0.12995945499878955	0.12995945499878955	0
0.895263671875	3107974	0.5600846562244576	0.5589222278760243	0.474773396559021	28868	0.1525261603979257	0.1525261603979257	0
0.8927001953125	4153786	0.4500881907613588	0.4497720247321176	0.4775757929568413	28882	0.10573563295990118	0.10573563295990118	0
0.89208984375	2342434	0.4555287250167304	0.4559042422140163	0.46945659691472447	28760	0.15329966673941228	0.15329966673941228	0
0.9102783203125	2023282	0.37571202575252777	0.3776474575302256	0.46572379407740333	29354	0.12597273794370717	0.12597273794370717	0
0.8931884765625	3189316	0.4880191367847017	0.4883607678400023	0.4765237014142345	28986	0.13423747723652926	0.13423747723652926	0
0.90283203125	2562484	0.5105963571698889	0.5105843563205653	0.47358120998515574	29280	0.13566576431490668	0.13566576431490668	0
0.93701171875	3093058	0.4223983419372393	0.42119235602635746	0.47353014053959536	30296	0.12555518469838306	0.12555518469838306	0
0.943359375	2811812	0.48976238363156993	0.4898394144679945	0.47337393280435575	30502	0.14771709881530995	0.14771709881530995	0
0.9130859375	3119730	0.4539044955742106	0.454539197510883	0.47410890050330456	29620	0.14027655856584473	0.14027655856584473	0
0.8944091796875	3317612	0.516767577978702	0.5172460422255952	0.47350245740607355	28980	0.15120933002941617	0.15120933002941617	0
0.9169921875	2883696	0.4768606380289724	0.47736389985791594	0.472814443039999	29880	0.1336803247044754	0.1336803247044754	0
0.851806640625	2223388	0.48307769225600855	0.48258748416222413	0.4703945564470657	27594	0.14697031360654877	0.14697031360654877	0
0.8128662109375	3814494	0.5195557630424286	0.5190586389883622	0.4749805170899882	26094	0.11521070478656298	0.11521070478656298	0
0.897705078125	2862384	0.5239129880552736	0.5252203791224463	0.472193529885723	29016	0.14980354014410116	0.14980354014410116	0
0.88232421875	2204784	0.40558810044648963	0.40737864219977576	0.4686047827570252	28662	0.13834682674581825	0.13834682674581825	0
0.8287353515625	2470934	0.44707842134541176	0.4474703198925394	0.4748695330007573	26862	0.1383473425770904	0.1383473425770904	0
0.8751220703125	3657638	0.5013859426330248	0.5019336553763357	0.47512173365963145	28258	0.15041041738948915	0.15041041738948915	0
0.8575439453125	3312320	0.46682898554968383	0.4656180983483588	0.46926814796530053	27676	0.125771961048527	0.125771961048527	0
0.8349609375	2390380	0.4257731753519362	0.4254976186885397	0.473408496638976	26970	0.1257451618806145	0.1257451618806145	0
0.8958740234375	2109292	0.4772468427544059	0.47899010670348635	0.4524105016922542	28780	0.1447718182983524	0.1447718182983524	0
0.931884765625	4934612	0.5431310252754104	0.5430484251700766	0.4785309779212963	30280	0.12771962798346476	0.12771962798346476	0
0.9359130859375	2620296	0.4658385061985617	0.4670957279656087	0.47052095586068804	30254	0.14204013509688904	0.14204013509688904	0
0.868896484375	4154610	0.4776041876351694	0.47760111208831124	0.4751374834420692	27918	0.10623737140508878	0.10623737140508878	0
0.9638671875	4120448	0.39353419764669906	0.394060131647514	0.47632498927523576	31220	0.07542803248466305	0.07542803248466305	0
0.9302978515625	2901050	0.39383925763370903	0.3938367711020893	0.47149182768713405	29990	0.13100427164865192	0.13100427164865192	0
0.8616943359375	2167304	0.5119668145237205	0.5118501667009104	0.47216604512214594	27940	0.15278440102715277	0.15278440102715277	0
0.889892578125	3578002	0.4492434158792488	0.4500379392976854	0.4764459198593018	28684	0.11916886495451663	0.11916886495451663	0
0.9473876953125	2748488	0.4617581852167274	0.46214853433002384	0.46771370103786897	30730	0.13966224324757776	0.13966224324757776	0
0.9334716796875	2516666	0.46008231812264627	0.4609119134121397	0.47115884416182063	30006	0.15047334122264225	0.15047334122264225	0
0.8468017578125	2204790	0.4852992625378419	0.4851045495397184	0.46965718562817577	27414	0.16265386648441993	0.16265386648441993	0
0.81982421875	2609594	0.42486490115682246	0.4259343650028879	0.4738132727254382	26512	0.11239255525047892	0.11239255525047892	0
0.8751220703125	2791174	0.5355822469696709	0.536382457545799	0.47073070161894565	28256	0.17338903401937997	0.17338903401937997	0
0.924560546875	3886252	0.4802591104858473	0.48026665455257667	0.4772834294425228	29958	0.11579508592537963	0.11579508592537963	0
0.9019775390625	2327924	0.44645282207097076	0.4477564802822849	0.46303324233338783	28898	0.1456695934000082	0.1456695934000082	0
0.93408203125	4805626	0.5895795122902491	0.5897749098573514	0.47613946491526987	30348	0.13063307661203097	0.13063307661203097	0
0.881103515625	3404996	0.41720514504685396	0.4183108606283194	0.4618011223688934	28200	0.12283690255959658	0.12283690255959658	0
0.9036865234375	1982154	0.3783901283245865	0.378000167934811	0.46677666958136815	29172	0.14271083261908626	0.14271083261908626	0
0.8243408203125	2791228	0.49176995755838204	0.49204524106036707	0.46689657574224513	26710	0.158501096613513	0.158501096613513	0
0.8599853515625	2092038	0.44981701955533576	0.44917898659754724	0.46134128996486984	27484	0.15614555331565866	0.15614555331565866	0
0.9034423828125	2475202	0.46265701113282276	0.4634576781605686	0.45902268265464824	29100	0.15284972679964953	0.15284972679964953	0
0.9539794921875	4758636	0.5168638194384334	0.5166393652738972	0.47571640042377533	30632	0.11892654448814437	0.11892654448814437	0
0.8909912109375	2625870	0.36657580091408043	0.36657729743765755	0.47286859763717465	28830	0.13385270225534432	0.13385270225534432	0
0.84033203125	3325504	0.4170380880359019	0.4170630240902294	0.43828904928448825	26954	0.10375747393030428	0.10375747393030428	0
0.89892578125	2426610	0.44584348541840796	0.4457697940305731	0.46371149633979725	29074	0.15900988197336693	0.15900988197336693	0
0.8349609375	2140906	0.49617233878717965	0.49626409742446037	0.46612078771258036	26534	0.18666604946076792	0.18666604946076792	0
0.915771484375	2461706	0.32402343572967235	0.32420427320208417	0.4703950149401445	29482	0.10866783407734613	0.10866783407734613	0
0.9056396484375	2260516	0.477459726684506	0.4781178427934089	0.46540461751266915	29248	0.15998100872184517	0.15998100872184517	0
0.914794921875	2615418	0.2909863023723932	0.2910378757637866	0.4657619125770796	29658	0.10439542160765515	0.10439542160765515	0
0.9105224609375	4052024	0.553603796497769	0.5530071439925506	0.47709257985339576	29492	0.14547198618743654	0.14547198618743654	0
0.8731689453125	1885642	0.4294866980521217	0.4294502374970905	0.4661445725853906	28260	0.1430300104847739	0.1430300104847739	0
0.8721923828125	1927468	0.3828765111314823	0.38478287257194793	0.4674071875895105	27990	0.17838897935471554	0.17838897935471554	0
0.8992919921875	3758998	0.5403238602148192	0.5403713647797426	0.47551105324401655	29264	0.11333873416777702	0.11333873416777702	0
0.9378662109375	3225036	0.4323521447267606	0.4321971304139209	0.46823488635482985	30128	0.11067054619167128	0.11067054619167128	0
0.919677734375	3244884	0.46421431393010143	0.46325947694703135	0.472727237108347	29690	0.14965021066168363	0.14965021066168363	0
0.9112548828125	3406462	0.5408669831425693	0.539663872705592	0.4738729356906133	29244	0.1420783522750274	0.1420783522750274	0
0.8636474609375	1846910	0.42299564018291025	0.42425271081844906	0.461110042584669	27726	0.16432119382926785	0.16432119382926785	0
0.9532470703125	2747850	0.5143785447198889	0.5148455978420429	0.46965352334326677	30858	0.1526478882256695	0.1526478882256695	0
0.83837890625	2750408	0.41828520448926204	0.4180648411959232	0.47246587191979744	27348	0.11681796753818914	0.11681796753818914	0
0.89501953125	2219444	0.504920912922064	0.5052382261162595	0.4645348173451944	28918	0.14793956771140185	0.14793956771140185	0
0.81640625	3196304	0.4604423066072734	0.460263017207388	0.4780361015066392	26402	0.10544402923014257	0.10544402923014257	0
0.9014892578125	2727644	0.4569534298173861	0.45616321477933247	0.45944166426557054	29008	0.12889022674136527	0.12889022674136527	0
0.881591796875	2929612	0.49962704312847867	0.4994340690475121	0.4770186389887406	28580	0.1351797690686762	0.1351797690686762	0
0.931396484375	4061738	0.44356764555976785	0.4433625239992356	0.4675938750406881	30124	0.1069745961917223	0.1069745961917223	0
0.8607177734375	2140492	0.4448672768694759	0.4455519699592427	0.4658826192939238	27816	0.16097113483062378	0.16097113483062378	0
0.904541015625	2915232	0.48270035590466986	0.4837322653130785	0.47365963280250467	29262	0.1404893777972179	0.1404893777972179	0
0.9364013671875	5326118	0.4847102719894845	0.484631246983019	0.4806560208675423	30518	0.10358735345257318	0.10358735345257318	0
0.8839111328125	4289006	0.53540561455647	0.5357768745283066	0.4764743518298164	28552	0.14640755157336985	0.14640755157336985	0
0.9049072265625	3308460	0.45248340875294296	0.4530935586969256	0.47138247141719297	29280	0.120960294828039	0.120960294828039	0
0.927001953125	6757270	0.49836280514747017	0.49812702454324437	0.4768823398127415	30028	0.10241606492147519	0.10241606492147519	0
0.92919921875	3656630	0.4957170976674368	0.4961670447529993	0.4695696265872458	30042	0.12253772890977636	0.12253772890977636	0
0.9188232421875	2639934	0.3826536015122846	0.3836349357476229	0.4685194021315921	29488	0.12260863114826998	0.12260863114826998	0
0.855224609375	2426800	0.5248721334056051	0.5244478918586672	0.47121171837775244	27732	0.17859456109455885	0.17859456109455885	0
0.9002685546875	2971054	0.46675633864457605	0.4665561530373692	0.4708958789318958	29008	0.115894233470615	0.115894233470615	0
0.89453125	2380176	0.4461185080058055	0.44728560306039006	0.465989242983412	29046	0.1343130417981875	0.1343130417981875	0
0.8587646484375	2730916	0.2609371582059366	0.2626973454565387	0.4703286854340208	27868	0.10679375017641986	0.10679375017641986	0
0.8953857421875	2776266	0.45862771983849787	0.4593577821034553	0.4684949412406319	28868	0.14343052432362433	0.14343052432362433	0
0.929443359375	3552110	0.5188481978849945	0.5178524431629495	0.4730816134366261	30010	0.13931334664844722	0.13931334664844722	0
0.888916015625	2827566	0.48203681734699444	0.4820000091080639	0.4729603682991989	28836	0.1271018448506795	0.1271018448506795	0
0.904052734375	2550318	0.4961783832873919	0.4959707806247309	0.4690585823709404	29052	0.1399676842355749	0.1399676842355749	0
0.919677734375	4359492	0.5060705069565171	0.5050189044382856	0.4781627667777464	29770	0.10676446708395637	0.10676446708395637	0
0.882568359375	2655108	0.4670829300457903	0.4680954279220737	0.4716989177055781	28644	0.1383072784317253	0.1383072784317253	0
0.8919677734375	2483610	0.47496732554216803	0.4750211711422923	0.4659707371700866	28764	0.15289627394977254	0.15289627394977254	0
0.887939453125	3010142	0.5152649180937477	0.515786554382777	0.4694212617858034	28820	0.13831957835818595	0.13831957835818595	0
0.857177734375	2343368	0.4807972790581973	0.4800939867278449	0.47263365824270404	27860	0.14223760082801426	0.14223760082801426	0
0.9503173828125	4032816	0.5024075649174938	0.5022388067788754	0.4730974030460719	30932	0.10837603868837209	0.10837603868837209	0
0.887939453125	2447602	0.4937060229295005	0.4943311730058822	0.470231163277802	28780	0.1530398783013859	0.1530398783013859	0
0.8958740234375	3136128	0.4758513268753371	0.47595737188924647	0.4751401482106316	29052	0.11572650335548684	0.11572650335548684	0
0.944091796875	3167824	0.48083685875358323	0.4810309530704104	0.4708083673165388	30656	0.13150001148065357	0.13150001148065357	0
0.858642578125	2669038	0.4992598158500497	0.4990486877021907	0.4705487496977352	27724	0.1669230462340631	0.1669230462340631	0
0.937255859375	3980192	0.4723744480965106	0.47323610968822577	0.4722242654007927	30410	0.12555428312660757	0.12555428312660757	0
0.930908203125	2689396	0.4050490372455428	0.4060608611169117	0.4727350770939718	30138	0.12642734297378377	0.12642734297378377	0
0.9310302734375	2912186	0.4529452646014596	0.4538755627778812	0.46904676690527475	30002	0.1428207616941584	0.1428207616941584	0
0.8956298828125	3208536	0.5445085299033371	0.5445266684737237	0.47239376966296537	29044	0.1407582959472173	0.1407582959472173	0
0.926025390625	3694454	0.5207592747490946	0.5209572757666157	0.47036993178136344	29996	0.12946107680825258	0.12946107680825258	0
0.9344482421875	2673210	0.4816693702888397	0.4829826548633085	0.4699885063773453	30014	0.13730071413609973	0.13730071413609973	0
0.918701171875	3727766	0.4721497172740538	0.4732216461090612	0.474336852257778	29724	0.12029921816631996	0.12029921816631996	0
0.92919921875	3465734	0.5091102232451122	0.5091967118255311	0.4710877853753161	30264	0.12534173025944587	0.12534173025944587	0
0.915771484375	3948738	0.43057069497044825	0.43105696791226	0.4696218792977979	29826	0.111835710122407	0.111835710122407	0
0.8909912109375	2410004	0.4771655011035134	0.47665087032447667	0.4714671198988652	28732	0.15136847471295675	0.15136847471295675	0
0.8951416015625	4404894	0.5227939951026965	0.5223459475025576	0.4776457727254723	28918	0.11235804818455981	0.11235804818455981	0
0.9395751953125	2430124	0.48101151143099924	0.48100183630354665	0.46708014519186114	30442	0.1436246079734023	0.1436246079734023	0
0.8740234375	2562252	0.46594932122561006	0.4661717833070125	0.46278817603266154	28302	0.11279311214552833	0.11279311214552833	0
0.8251953125	3350940	0.43279689472799987	0.43354920031628663	0.47013595816330217	26700	0.11002918335040894	0.11002918335040894	0
0.907470703125	2291514	0.3723992909871448	0.3742483207497836	0.4678393324516416	29200	0.11987264235946114	0.11987264235946114	0
0.882080078125	2477200	0.49028895573838854	0.49106317085132134	0.4717764540199811	28568	0.15274198985739204	0.15274198985739204	0
0.9027099609375	3719050	0.4413162182279852	0.4414813775079447	0.47409558219723347	28950	0.15728652198140633	0.15728652198140633	0
0.9093017578125	3898446	0.4835536314613995	0.48262473518778776	0.4574499392887342	29394	0.12877146224114625	0.12877146224114625	0
0.909423828125	4142242	0.5372532689593226	0.536842657490835	0.4737048515195333	29346	0.14078050820441576	0.14078050820441576	0
0.8963623046875	3193328	0.5442710969039166	0.543190922514229	0.4712443599350787	29112	0.1475795378989969	0.1475795378989969	0
0.8861083984375	2812530	0.4138238935279046	0.4136175638137814	0.47032440437202605	28802	0.11840461069554374	0.11840461069554374	0
0.868408203125	2653054	0.4972133864222415	0.4984979410048023	0.470042975164342	27902	0.17829487149433199	0.17829487149433199	0
0.9208984375	3205820	0.4777670794993338	0.47752197287602144	0.47019230469207396	29700	0.12678491557818206	0.12678491557818206	0
0.9111328125	4957168	0.503443043570517	0.5031489410668681	0.466437962098631	29426	0.11512098562308563	0.11512098562308563	0
0.896240234375	3198122	0.4959578860584646	0.49589401830925617	0.4722046605895531	29038	0.14882874674875707	0.14882874674875707	0
0.8436279296875	2126644	0.47449705210461485	0.47435037891506493	0.45391153684408175	27096	0.14010173295400463	0.14010173295400463	0
0.924072265625	2101000	0.3913031479171281	0.39192991178813624	0.46753788552246106	30012	0.13801085180168524	0.13801085180168524	0
0.8759765625	3088308	0.49754351869316954	0.4972167205557491	0.4660735764043487	28380	0.12701893984515308	0.12701893984515308	0
0.8167724609375	3090814	0.4049204415499365	0.4049127887592501	0.47359316692575554	26486	0.14093844529991584	0.14093844529991584	0
0.879150390625	3391116	0.5365402903764042	0.5365321519381954	0.47594140202488117	28452	0.13968412371095304	0.13968412371095304	0
0.96533203125	2946976	0.3748508355720615	0.3750818496706337	0.4660853288525581	31290	0.11919634936233713	0.11919634936233713	0
0.965576171875	3318422	0.4130797089124088	0.4137841371832309	0.474826627657569	31066	0.11926470146226226	0.11926470146226226	0
0.8935546875	2106280	0.3991825121336013	0.3998240803652611	0.47033303913819696	28670	0.1259569013531691	0.1259569013531691	0
0.924072265625	3459332	0.532662715102709	0.5329051850287531	0.474974022498053	29892	0.15873630322509022	0.15873630322509022	0
0.87890625	4344878	0.5448981571583846	0.5440321993241947	0.47406587307581577	28530	0.12606737165886497	0.12606737165886497	0
0.8961181640625	2394212	0.4248262032134638	0.4265621921937346	0.46932347136263375	28944	0.13044579154789937	0.13044579154789937	0
0.82861328125	3729594	0.5461828734950096	0.546328565226558	0.44227781740943567	26554	0.12299547645501745	0.12299547645501745	0
0.8546142578125	2851186	0.5132437980150955	0.5130707487463455	0.45869734467194073	27606	0.1315278242162041	0.1315278242162041	0
0.8055419921875	3091204	0.47655909469226887	0.47710814878264557	0.4724680831347022	26058	0.14298744904022545	0.14298744904022545	0
0.88037109375	4500106	0.49376401217869503	0.49312151763865847	0.4778463751833211	28406	0.12171357515747815	0.12171357515747815	0
0.90966796875	2660144	0.46879588556946516	0.47020038967233796	0.4689711951376983	29456	0.11862762012659674	0.11862762012659674	0
0.8848876953125	2200248	0.46911951649760114	0.4695259648132535	0.4595149869888025	28536	0.1510150818934018	0.1510150818934018	0
0.8701171875	1959448	0.49324637214573785	0.4933139018852302	0.4689183911543984	28234	0.1405920146912691	0.1405920146912691	0
0.8841552734375	3687414	0.5465440790757129	0.546592429497563	0.47690817300657296	28520	0.13912188028177655	0.13912188028177655	0
0.939208984375	3816676	0.5253711503594924	0.5260256233187739	0.4697016345548138	30402	0.12986743205191154	0.12986743205191154	0
0.90380859375	2595224	0.4842980717524467	0.48406077795728075	0.47004155723361346	29040	0.14579754560796873	0.14579754560796873	0
0.8792724609375	2973044	0.49222052312178194	0.49188078087450277	0.4711152354439094	28522	0.12673457398299498	0.12673457398299498	0
0.8226318359375	3228840	0.47461770241767737	0.4745378387572166	0.47433189659775254	26710	0.1640470792406866	0.1640470792406866	0
0.887451171875	3100882	0.44543083100811715	0.44587758800154026	0.47011365625344886	28696	0.1124696953644246	0.1124696953644246	0
0.924072265625	2770638	0.4827362764169177	0.48337567050379304	0.46144810039488154	29540	0.14594874987722764	0.14594874987722764	0
0.8773193359375	2812576	0.5489016575060739	0.5485972453291043	0.46747711920808627	28288	0.13694882494266195	0.13694882494266195	0
0.968017578125	5901112	0.45122009905831906	0.45166408685869947	0.4807941135146656	31252	0.0903507687072535	0.0903507687072535	0
0.8721923828125	2687236	0.45554953694090283	0.45496344679295436	0.476254075014415	28236	0.1325474683072558	0.1325474683072558	0
0.8492431640625	3404450	0.47735216340080777	0.47672989540796734	0.47817829097127174	27510	0.11598735601230321	0.11598735601230321	0
0.87109375	2536216	0.49405436081582293	0.49388706464331045	0.46974240708544146	28116	0.1488054941437854	0.1488054941437854	0
0.8602294921875	2961040	0.5238449644235285	0.5238498332950464	0.4731520909087467	27650	0.13829938725107258	0.13829938725107258	0
0.8450927734375	2363534	0.4759478792403058	0.4744568412446919	0.468220402413428	27170	0.15456722977229229	0.15456722977229229	0
0.8720703125	4930420	0.5706838205397644	0.5703042508603527	0.4715528734006728	28272	0.10560924451039165	0.10560924451039165	0
0.9378662109375	3701602	0.49759944001679907	0.4979304902610749	0.47442272030541294	30494	0.15597854431603822	0.15597854431603822	0
0.8055419921875	1756592	0.5027249167913462	0.5032814458132248	0.4675123058854355	25816	0.16039552480286765	0.16039552480286765	0
0.909912109375	2966554	0.4162575075071437	0.4171477128516366	0.4541375990372345	29396	0.10761079207755109	0.10761079207755109	0
0.8468017578125	3280518	0.5018587205737338	0.5012388328833075	0.46664427995580654	27314	0.14227276449148532	0.14227276449148532	0
0.9237060546875	5396526	0.509089172136263	0.5090002214225252	0.4668878442463858	29972	0.11382654796754886	0.11382654796754886	0
0.8072509765625	1873324	0.45894507881364555	0.4591765641546683	0.47056540356486515	25846	0.16147552723666259	0.16147552723666259	0
0.889404296875	3222646	0.44413807979808523	0.44352016507514463	0.47191651114357985	28760	0.1463522346570252	0.1463522346570252	0
0.9012451171875	4664698	0.490662550796283	0.49016517990609465	0.4629955456962105	28868	0.11585178252918375	0.11585178252918375	0
0.947998046875	3674682	0.46570233759772517	0.46627522911875247	0.473729718449828	30462	0.12264886084831246	0.12264886084831246	0
0.87060546875	2776076	0.3834368071690953	0.38353318233622596	0.4752654321452392	28166	0.11700283955674062	0.11700283955674062	0
0.90185546875	4085732	0.46239926711633594	0.4626259531300734	0.47140906472288835	29120	0.11678663248741046	0.11678663248741046	0
0.89990234375	2184430	0.38476715936935185	0.3856874797401175	0.466445814970102	29044	0.15600874814682267	0.15600874814682267	0
0.9315185546875	2939632	0.4319949093557631	0.43159475778911577	0.4717576542648701	29990	0.10559221388530939	0.10559221388530939	0
0.8555908203125	3003476	0.47742370026670095	0.477371931980142	0.4739612082104531	27506	0.13522440432648966	0.13522440432648966	0
0.8719482421875	2665198	0.531753504944987	0.5320697783355136	0.47130145573803556	27942	0.17191630516864717	0.17191630516864717	0
0.914306640625	2711798	0.4579886095882597	0.4596736012739186	0.47048663645012545	29596	0.13650854564046017	0.13650854564046017	0
0.9169921875	2577766	0.4791176338833705	0.4790899767626699	0.46742284027296743	29532	0.14646292717193246	0.14646292717193246	0
0.841064453125	2534110	0.4282800895354508	0.4275229486638405	0.4721404274062683	27188	0.11686502118224673	0.11686502118224673	0
0.8648681640625	2585962	0.4921457462539791	0.4926514838978129	0.4685955131862178	27830	0.1361104508814637	0.1361104508814637	0
0.884033203125	4007794	0.43933334931118284	0.43974527933607144	0.47784413381269086	28504	0.10990043715178101	0.10990043715178101	0
0.9193115234375	2010784	0.4211951407540526	0.42140197320747447	0.46598167290294906	29622	0.15761903843980393	0.15761903843980393	0
0.892333984375	2204898	0.4620281457124833	0.46154931814427597	0.4646609435590526	29036	0.14516324444333936	0.14516324444333936	0
0.9151611328125	3728460	0.5178902878168388	0.5169761762491546	0.47211762401478846	29558	0.12179585160351435	0.12179585160351435	0
0.9010009765625	4764354	0.5161899048815214	0.5157048358912172	0.47653153872049514	29228	0.1071349481040253	0.1071349481040253	0
0.9141845703125	5521186	0.5078150996284166	0.5081240387918403	0.4788503058909141	29388	0.10887185193515064	0.10887185193515064	0
0.9052734375	2978552	0.5395534306420103	0.5390635824311045	0.47496676246642816	29340	0.14914946020240247	0.14914946020240247	0
0.9158935546875	2983102	0.42105369976755774	0.4219735492603462	0.47027918332786217	29668	0.13404615848778983	0.13404615848778983	0
0.8857421875	2480012	0.437415140904931	0.4380354577385317	0.47218530601214165	28614	0.11467865068440408	0.11467865068440408	0
0.8812255859375	2005124	0.4446521896518627	0.4456219080186103	0.4676018336255709	28354	0.16969196340619075	0.16969196340619075	0
0.911376953125	1983388	0.47056518663218827	0.4710743259662764	0.4648968665095137	29556	0.1674090111033175	0.1674090111033175	0
0.866455078125	2950878	0.49631862964880363	0.49593315133719296	0.4649899107873598	27780	0.1299286686106361	0.1299286686106361	0
0.9322509765625	6000468	0.5947921595231355	0.5946104971954477	0.48035662810450047	30164	0.12055042113157292	0.12055042113157292	0
0.9293212890625	3290202	0.5211533387566594	0.5210526676409296	0.4744362013879722	30146	0.1408616105523988	0.1408616105523988	0
0.873046875	2768458	0.36270632403365205	0.36380340703481956	0.4619868866365165	28120	0.09216515233455508	0.09216515233455508	0
0.8494873046875	2274144	0.4288413145959045	0.42998879833678116	0.47186973593267084	27558	0.15972598062856494	0.15972598062856494	0
0.9259033203125	3049766	0.438824715820931	0.44012492407822085	0.4727092813374412	29770	0.14019456231268773	0.14019456231268773	0
0.91650390625	6184284	0.540473135875743	0.5399672539946495	0.48153847654030785	29640	0.1115104639947117	0.1115104639947117	0
0.8809814453125	2637018	0.47279082595995076	0.4734678194067643	0.46942970728679184	28376	0.13536000177113763	0.13536000177113763	0
0.9193115234375	4309708	0.5059264844972932	0.5060864778015204	0.4754584773375639	29624	0.1095616583410336	0.1095616583410336	0
0.8974609375	2912042	0.36269151874625116	0.36295515829062214	0.4689392797972909	28960	0.12436896026877071	0.12436896026877071	0
0.9150390625	2428294	0.5310850684169095	0.5306856136389589	0.46779180430200923	29666	0.1507920998499084	0.1507920998499084	0
0.9410400390625	2952936	0.4274479468385095	0.42848830777247987	0.47234546962234986	30330	0.12909691200567736	0.12909691200567736	0
0.9459228515625	3558488	0.5590523514293988	0.5590250068510488	0.47194231226619837	30726	0.15877803233221888	0.15877803233221888	0
0.9058837890625	3669790	0.5103415702306698	0.510069175387319	0.4554524278082897	29166	0.11673401027862289	0.11673401027862289	0
0.833740234375	2856998	0.5037862860571839	0.5035072730827198	0.4533616519181423	26898	0.1283996536019397	0.1283996536019397	0
0.922119140625	3489690	0.48680193139550104	0.48725460468994203	0.4716349667740798	29824	0.14084008667116063	0.14084008667116063	0
0.8524169921875	2041376	0.4253111602329613	0.4250916829303144	0.4720216462904723	27620	0.1568636679939427	0.1568636679939427	0
0.8583984375	2267842	0.4082627688933787	0.40875337411147705	0.46797122660374585	27628	0.12144257011784793	0.12144257011784793	0
0.8707275390625	2013572	0.3580380313147477	0.3597846006057401	0.465844094149134	28016	0.11347557072440896	0.11347557072440896	0
0.9066162109375	2735068	0.4588084655050888	0.45812277071782215	0.46929672243347653	29186	0.15400849748732012	0.15400849748732012	0
0.910400390625	3009602	0.4860272992430701	0.4867963018749741	0.4728781390857096	29400	0.15787523092189024	0.15787523092189024	0
0.8663330078125	2388156	0.5666257805311232	0.5665968839778076	0.471830810450782	28220	0.14118030915017285	0.14118030915017285	0
0.927001953125	2979874	0.5356724425269114	0.536432224928567	0.4742786557805558	29916	0.15634380683425234	0.15634380683425234	0
0.936279296875	3317082	0.46640654891280375	0.46764036918201635	0.47159121661894216	30344	0.12436533486996149	0.12436533486996149	0
0.91650390625	3425160	0.5384444501975042	0.5382581130085367	0.4693115553945562	29386	0.13458624416747453	0.13458624416747453	0
0.9295654296875	5188984	0.5276833980976355	0.5277973438542515	0.47482233207030405	30170	0.10745534795423688	0.10745534795423688	0
0.9146728515625	2558760	0.3999249163426399	0.40041027934708895	0.46499753352736833	29510	0.1269284084606209	0.1269284084606209	0
0.9195556640625	4044788	0.48199215112970767	0.4819070454353331	0.4786880477102345	29860	0.11292754995183363	0.11292754995183363	0
0.90869140625	3345998	0.4975393645108246	0.49712001037837	0.4761024709990642	29450	0.14929551761611892	0.14929551761611892	0
0.9376220703125	4153984	0.5390425426152259	0.5382845869741801	0.4776022405773575	30320	0.1224753096811721	0.1224753096811721	0
0.8955078125	2966456	0.46845076325785134	0.46986321082146737	0.4644966929092893	28718	0.14600343500971277	0.14600343500971277	0
0.8387451171875	2599424	0.44617137297658144	0.4465720059568116	0.46348045185243913	27122	0.15212533644370907	0.15212533644370907	0
0.90234375	2341518	0.4402413585449221	0.4405709588543129	0.47258736896321235	29164	0.1363932827882179	0.1363932827882179	0
0.8521728515625	3683288	0.4796574034857724	0.4796793863317896	0.47336164345680726	27514	0.1366658417966727	0.1366658417966727	0
0.8714599609375	3891136	0.46839195287940805	0.4683344955072753	0.4783951821115339	28134	0.1057826911765596	0.1057826911765596	0
0.8505859375	2599204	0.5427135596455007	0.5423729558187412	0.47338755150260187	27508	0.15596282332093225	0.15596282332093225	0
0.8824462890625	2141368	0.4811017424437831	0.48222914534236744	0.46327406589179326	28520	0.17284256563028788	0.17284256563028788	0
0.9046630859375	2794498	0.44884134338858495	0.44854897736662197	0.464651688615451	28926	0.1579301534810643	0.1579301534810643	0
0.955810546875	3966606	0.5059692175060488	0.505524556933466	0.4774021361547946	30978	0.14382308642279049	0.14382308642279049	0
0.9287109375	3005092	0.3987165946834723	0.39958934093745735	0.47268359592821213	29882	0.10773672291612725	0.10773672291612725	0
0.751220703125	1971434	0.4801451023731784	0.4807472148469043	0.47043488973289066	24228	0.1427525147124604	0.1427525147124604	0
0.9288330078125	4004824	0.5459943288770684	0.5456388648432762	0.4722275783641849	30030	0.13638185635406488	0.13638185635406488	0
0.919921875	3554590	0.4085993258054381	0.4083781390394588	0.4632364758901682	29704	0.1114574854844726	0.1114574854844726	0
0.87548828125	3507228	0.45841354180325555	0.45807507815692533	0.4767552264626216	28176	0.12060904541450666	0.12060904541450666	0
0.9171142578125	4790568	0.41833828094855585	0.4189494272568592	0.47546037425670223	29574	0.09752779688062045	0.09752779688062045	0
0.960693359375	3574178	0.4845663446463999	0.4837830658560666	0.47512047883483716	31050	0.1381572335558858	0.1381572335558858	0
0.91650390625	2731820	0.3863720730130488	0.3868415372876477	0.45653136284308177	29388	0.11815782591645334	0.11815782591645334	0
0.9371337890625	3691624	0.4765945568767804	0.4772503118540932	0.4715283154115702	30084	0.12472893007547808	0.12472893007547808	0
0.832763671875	2315272	0.3829915919183822	0.384548614978565	0.45094016982336216	26818	0.11979746604444269	0.11979746604444269	0
0.9007568359375	3270506	0.5303355455265493	0.5309736069241254	0.47283935549725253	29162	0.1357925251580918	0.1357925251580918	0
0.9638671875	4280120	0.5538684088535945	0.5534430843513848	0.47730857018493994	31244	0.10363617007878917	0.10363617007878917	0
0.9111328125	4508744	0.48448424426373576	0.4843846312876517	0.46041160099594763	29412	0.10593367088778156	0.10593367088778156	0
0.8779296875	2903984	0.458574243873632	0.4581643223046883	0.47390107020315425	28338	0.14219914096733258	0.14219914096733258	0
0.873779296875	2624310	0.45030913931677524	0.45218965539698525	0.4709935807586532	28088	0.1314293953903747	0.1314293953903747	0
0.8856201171875	3048150	0.4120592980926104	0.41285928879718453	0.4639169330373545	28250	0.12576971302287154	0.12576971302287154	0
0.9215087890625	4227140	0.529672904243501	0.52997505317302	0.46530277741623544	29784	0.1365274395408211	0.1365274395408211	0
0.845703125	2700402	0.5357264863370316	0.5362004015444766	0.47303803744515344	27398	0.15116178334471184	0.15116178334471184	0
0.8621826171875	2111752	0.5124460191208867	0.5119934285556553	0.470163971511842	27894	0.17320855994537573	0.17320855994537573	0
0.89599609375	2719640	0.4149230360973089	0.4160582642855799	0.4705472539636955	28858	0.15079262363031798	0.15079262363031798	0
0.900390625	3608284	0.48641781485872865	0.4864401462500944	0.47615546735211756	29222	0.10459709377122332	0.10459709377122332	0
0.8623046875	3542114	0.42609004620707563	0.42682160468105795	0.4766687964326512	27924	0.1071494246342667	0.1071494246342667	0
0.922119140625	2413522	0.4179222960715436	0.419255070560179	0.4613455146795795	29630	0.16079863350911658	0.16079863350911658	0
0.87451171875	3183534	0.3731345472522167	0.37425725948771155	0.4722670470696866	28094	0.10225734128361769	0.10225734128361769	0
0.8392333984375	3657292	0.47862416464911944	0.4783818408760432	0.45637534750685876	26890	0.12038117227266372	0.12038117227266372	0
0.9039306640625	3225902	0.4484396322900923	0.44833440271049113	0.4725427149153516	29312	0.14008627197183668	0.14008627197183668	0
0.8212890625	2662342	0.4973282581570813	0.49679568715790673	0.47070547462433376	26172	0.16223669689221304	0.16223669689221304	0
0.9481201171875	4066426	0.4774808768657643	0.47772792513851203	0.4768506036089397	30620	0.11599560225546908	0.11599560225546908	0
0.931640625	2954852	0.46141195139354113	0.4616441897539749	0.4648719637275775	29942	0.1317134409463441	0.1317134409463441	0
0.886474609375	2565608	0.4314255267119329	0.43140443029725334	0.4728965375309436	28856	0.10427349352756715	0.10427349352756715	0
0.888671875	2978262	0.5491660042430374	0.5490228939338134	0.46823998029672426	28740	0.17544087372207295	0.17544087372207295	0
0.921630859375	3865420	0.5099149928915077	0.5103887039206481	0.4671242390271389	29984	0.1358246811685032	0.1358246811685032	0
0.853515625	1771250	0.4631191096256722	0.4629838948609973	0.4631621455983344	27650	0.1236931836115524	0.1236931836115524	0
0.8712158203125	2674084	0.4568016972750116	0.45721294165294907	0.4741158349191557	28202	0.12114865744435212	0.12114865744435212	0
0.9241943359375	2472074	0.4758395984063181	0.47546577254287387	0.46961821400177534	29880	0.15928071812887457	0.15928071812887457	0
0.9239501953125	4046326	0.4965069900206265	0.4960603927614679	0.4769319454686684	29906	0.11404169914227856	0.11404169914227856	0
0.9232177734375	2324452	0.44555551706154023	0.4456523933278298	0.46640136955215356	29738	0.14575930370210602	0.14575930370210602	0
0.92138671875	3587324	0.4360407119584593	0.43599901677754244	0.4718928780647662	29790	0.11402226004330092	0.11402226004330092	0
0.7962646484375	2378090	0.4168788800267876	0.41761212163442707	0.45455458103091445	25766	0.1117798577402503	0.1117798577402503	0
0.928466796875	2779328	0.49013843452406247	0.4900125539419107	0.4730003270006559	30124	0.1305509158374112	0.1305509158374112	0
0.8837890625	1874564	0.46323620101014223	0.46230592675948884	0.45362090532899985	28426	0.1579873496331595	0.1579873496331595	0
0.9019775390625	3488904	0.49513711177158437	0.4955612258266115	0.4712747473792051	29066	0.11285673340910889	0.11285673340910889	0
0.8551025390625	2329220	0.3557468418726242	0.3566064391332737	0.46925098712583607	27704	0.12317654575165841	0.12317654575165841	0
0.9266357421875	3793904	0.46166699510777987	0.4615358798044422	0.4730809753324472	30114	0.10754449277735469	0.10754449277735469	0
0.8509521484375	2635380	0.5006134750052877	0.5013268089231001	0.47083305722846774	27244	0.15262852560503493	0.15262852560503493	0
0.9393310546875	2973974	0.5582781381450058	0.5582509771975052	0.4660087847878504	30338	0.15305849201542418	0.15305849201542418	0
0.92431640625	4131180	0.5093112193305182	0.5110235067590406	0.4720897032661942	29838	0.13674953292498723	0.13674953292498723	0
0.9334716796875	3801282	0.5158013624508043	0.5152570748774986	0.4742762188244834	30264	0.11209629091196997	0.11209629091196997	0
0.921875	2887086	0.4423789701724093	0.4429861616919455	0.47181751527620047	29762	0.12776954853507494	0.12776954853507494	0
0.8900146484375	3728950	0.4754355461136386	0.4756723025296938	0.4739518527993418	28880	0.11594724655268744	0.11594724655268744	0
0.8575439453125	1992858	0.4226693376978614	0.42391587119855895	0.4682327571074017	27834	0.13853203580306436	0.13853203580306436	0
0.92626953125	2580860	0.4418635743746668	0.4422727814836394	0.46818314875251194	30000	0.13292895639766408	0.13292895639766408	0
0.9051513671875	3276128	0.4769743856562219	0.47749382914205313	0.46824024684997484	29478	0.12152873667824005	0.12152873667824005	0
0.8668212890625	2493672	0.46684270053355686	0.46672708481262104	0.4711596299109116	27966	0.13100196723728386	0.13100196723728386	0
0.9276123046875	3311724	0.5289104312845615	0.5287464467830518	0.4714289803184748	30046	0.13470371971795628	0.13470371971795628	0
0.8974609375	3422484	0.5616316329920307	0.5616732142771284	0.46803448195923875	28910	0.14991678569497832	0.14991678569497832	0
0.91796875	2172346	0.4514160524824857	0.4519911390672906	0.47094522175977144	29698	0.14090910196172526	0.14090910196172526	0
0.9063720703125	4571488	0.5528706792763948	0.5528016028395653	0.47924565559275895	29256	0.12091975116004301	0.12091975116004301	0
0.833251953125	2839280	0.47166763233370906	0.4715238309265349	0.4564242024072054	26820	0.14088800162409038	0.14088800162409038	0
0.908935546875	3266868	0.497013678355104	0.49728551062862253	0.4691427781138194	29428	0.16114455412752368	0.16114455412752368	0
0.8895263671875	2882200	0.49982150337538195	0.4990248289571743	0.47451402765249834	28578	0.13592433366746348	0.13592433366746348	0
0.9266357421875	4396454	0.4422040061239694	0.44265140349670745	0.4694000173838376	29678	0.10100155220977335	0.10100155220977335	0
0.712890625	2264850	0.3445864692448429	0.34555645744282293	0.4752886494934561	22886	0.0969513609617637	0.0969513609617637	0
0.9251708984375	3100008	0.4751234141978892	0.47456040100580704	0.4695336097838854	29814	0.13084738870522705	0.13084738870522705	0
0.9107666015625	3164040	0.4761504991852479	0.4765006734738198	0.4726256205395602	29320	0.11781193267673117	0.11781193267673117	0
0.874755859375	2607776	0.41442506034630305	0.41584114523707366	0.4707807902296961	28254	0.12940661672337314	0.12940661672337314	0
0.8970947265625	3431334	0.44253200430052125	0.4425846248543401	0.4682589576527288	28832	0.11852222570786745	0.11852222570786745	0
0.931396484375	2960772	0.48901124167208887	0.48918178077977315	0.46869185670981645	30154	0.12304731120998279	0.12304731120998279	0
0.92138671875	3381436	0.4757135345607479	0.47515252127458946	0.4700072799226444	29690	0.12519205945718753	0.12519205945718753	0
0.9176025390625	1962736	0.4064101568553713	0.40776974879920713	0.4579473182227067	29600	0.15068702648533666	0.15068702648533666	0
0.9171142578125	2773748	0.4255278392571584	0.42553848599622485	0.4715302388164529	29710	0.1161530881707974	0.1161530881707974	0
0.8502197265625	3471544	0.4929594894961462	0.4937069603459144	0.47049418945550875	27344	0.12715722249912717	0.12715722249912717	0
0.87744140625	3233676	0.38719371723028245	0.38719834272922155	0.47445674607560867	28218	0.12899288239507786	0.12899288239507786	0
0.902587890625	3365984	0.5302228046340897	0.5303479942315364	0.47154844780905986	29154	0.14418090436448042	0.14418090436448042	0
0.8646240234375	2880874	0.5725658261805575	0.5718226315395827	0.47243093867860236	28204	0.17632252414811722	0.17632252414811722	0
0.8214111328125	3222612	0.4632443872409017	0.46399959109362027	0.47666686700914546	26422	0.1381616871989296	0.1381616871989296	0
0.9412841796875	2589410	0.3514670851246522	0.3513367939645071	0.4724203149296149	30380	0.11981144322403937	0.11981144322403937	0
0.889404296875	2595316	0.42494977459535016	0.42518868917842934	0.4705408113562623	28788	0.12839627851890792	0.12839627851890792	0
0.88916015625	4196924	0.5726893237527858	0.5722377216010123	0.4749909096587534	28572	0.12112339543709949	0.12112339543709949	0
0.9169921875	5004710	0.5546142614747885	0.553828869076043	0.4802575257477939	29852	0.13365397037141022	0.13365397037141022	0
0.8916015625	2412154	0.42720930969688736	0.42797685456342777	0.4694525922786197	28786	0.15523892223801952	0.15523892223801952	0
0.9549560546875	3712578	0.4965267740595851	0.49651953157791523	0.4738369721625768	30936	0.12016560201554725	0.12016560201554725	0
0.9207763671875	3489626	0.402190572453826	0.40314445799213083	0.47477708805059066	29760	0.11613221627654434	0.11613221627654434	0
0.924072265625	3345782	0.5186237917500979	0.5170196864598557	0.4695651731660178	29874	0.14213512899678954	0.14213512899678954	0
0.8944091796875	2862410	0.5179879855736166	0.5178763365000734	0.47101084034222235	28938	0.1386401170634137	0.1386401170634137	0
0.93505859375	3384376	0.49819155110037583	0.4986977907151815	0.4749527615686091	30088	0.13251634796755826	0.13251634796755826	0
0.9351806640625	4580152	0.5337018968685986	0.5333261017605176	0.4763102981489997	30144	0.1291592473992556	0.1291592473992556	0
0.9013671875	2850478	0.49216513359980096	0.49243944529709377	0.474132848066755	29234	0.12769968366266193	0.12769968366266193	0
0.919921875	4368140	0.47513438090373566	0.47534547125681464	0.47388255902166715	29564	0.11674117926587779	0.11674117926587779	0
0.9459228515625	2648514	0.47981302055896546	0.48017252438494934	0.47015502046527574	30554	0.15427658777583805	0.15427658777583805	0
0.833984375	1935514	0.515022069794909	0.5149318886978339	0.46964745868484425	26962	0.17520609853511113	0.17520609853511113	0
0.8551025390625	2774838	0.4775990305179476	0.47682690153134427	0.4736056602265663	27794	0.15889993980738884	0.15889993980738884	0
0.9337158203125	4723974	0.5369619175860824	0.5364506269365675	0.4761671445180411	30302	0.13775338514177335	0.13775338514177335	0
0.9285888671875	4076434	0.47524025687566956	0.4748668518509694	0.47404239278957067	30060	0.11345555252772459	0.11345555252772459	0
0.8919677734375	2490094	0.42801316895027325	0.42806908405826943	0.4670858687205289	28866	0.12749670306667005	0.12749670306667005	0
0.887451171875	3158610	0.46878559215982457	0.46862438662259326	0.4746024851529416	28532	0.11632489938165974	0.11632489938165974	0
0.9024658203125	3417038	0.492620071897	0.49177172673863295	0.46901087035576494	29182	0.12421916051356728	0.12421916051356728	0
0.9139404296875	2333802	0.46012223169463545	0.4608163725264551	0.469932363703717	29236	0.15211001985974137	0.15211001985974137	0
0.8953857421875	3625474	0.5513265347272902	0.5515491606864613	0.4763375447773531	28752	0.1172008719986531	0.1172008719986531	0
0.94775390625	3490464	0.5312848165346337	0.5307901601853026	0.47065435799531485	30678	0.13813112988578377	0.13813112988578377	0
0.904296875	2508382	0.4954093446413566	0.4954415198651578	0.47192573761640655	29328	0.15116674758003087	0.15116674758003087	0
0.914306640625	2492334	0.4629344645530395	0.46348411196102407	0.4642833474524312	29438	0.15094822886474782	0.15094822886474782	0
0.823974609375	2879330	0.41457995181879465	0.4151982805914189	0.4752428354059169	26676	0.11430410499083994	0.11430410499083994	0
0.902587890625	3023974	0.45530982017877925	0.4561980138071737	0.47448120474260413	29196	0.14478791949672792	0.14478791949672792	0
0.8955078125	2377872	0.4567963717722687	0.45743766243865114	0.4678399301744522	28952	0.13665620450751073	0.13665620450751073	0
0.9501953125	3299506	0.49559028201199845	0.49506690253733393	0.4741782021859286	30604	0.13210761066261115	0.13210761066261115	0
0.908935546875	2544916	0.4824637944722659	0.4830101627514456	0.464335663064447	29188	0.15020580038646644	0.15020580038646644	0
0.94091796875	2754644	0.3957999395235052	0.39670938586652116	0.4698992818482006	30348	0.12232279820635295	0.12232279820635295	0
0.8616943359375	2341428	0.4905787689493142	0.4905671171866525	0.4747191842850804	28002	0.16149326386771654	0.16149326386771654	0
0.8563232421875	2455120	0.4673691996283911	0.46706137618592564	0.47130793245188846	27654	0.13703711301171106	0.13703711301171106	0
0.918701171875	3679298	0.49188089382331435	0.49175776876717353	0.47109456432821384	29874	0.12824105168883818	0.12824105168883818	0
0.919677734375	5664838	0.5793934120229104	0.5790645837778702	0.46644022926115786	29594	0.10787828156397723	0.10787828156397723	0
0.919677734375	4096006	0.5629360044611461	0.5632481846706769	0.47718156147630614	29968	0.1295520077653956	0.1295520077653956	0
0.9083251953125	3113800	0.4518791435342482	0.45273294104857653	0.4693370254394711	29162	0.11819693971226104	0.11819693971226104	0
0.88916015625	5193950	0.5328247326599769	0.5328431566368519	0.47982875869842356	28818	0.1228812258099457	0.1228812258099457	0
0.9132080078125	3722874	0.5666600757116468	0.565913332116473	0.47097740408123717	29578	0.15684594591399006	0.15684594591399006	0
0.8734130859375	4085926	0.5208312826313369	0.520538868717834	0.47919762367219504	28296	0.13348116522375636	0.13348116522375636	0
0.857666015625	2672294	0.4221675174757302	0.42412990712578685	0.45613647419108716	27528	0.12605978437078608	0.12605978437078608	0
0.953857421875	2888030	0.4548081521066944	0.4545891124712534	0.47238515200763853	30824	0.14480712723348402	0.14480712723348402	0
0.8538818359375	2103878	0.40867505957243005	0.4097629081281564	0.4622238018717702	27536	0.11587693018821592	0.11587693018821592	0
0.8870849609375	2923606	0.45085079631097685	0.4504345118881377	0.46994863169555007	28516	0.11919902593902454	0.11919902593902454	0
0.89453125	3474406	0.5133054948836134	0.5138757665219242	0.4701438679738945	29042	0.11939149427025873	0.11939149427025873	0
0.85888671875	2641028	0.47324365523785805	0.473417004209562	0.4715609754000903	27622	0.12109128645569191	0.12109128645569191	0
0.904541015625	3023754	0.44049989708972753	0.4415008535456013	0.4708703779112066	29100	0.1307640020068623	0.1307640020068623	0
0.930419921875	2921522	0.47219272405381507	0.4724589020495377	0.4719190663444101	29976	0.13661344375182288	0.13661344375182288	0
0.8323974609375	2739564	0.4893815203882437	0.4904861873266035	0.4712292708613706	26802	0.1311675058048326	0.1311675058048326	0
0.941650390625	4556504	0.49445442905652	0.4939705925117523	0.47849512482360895	30442	0.1391498123626023	0.1391498123626023	0
0.868896484375	3607048	0.3552479633561045	0.3553633569584305	0.47616292231729157	28218	0.09403772132817073	0.09403772132817073	0
0.8458251953125	3085124	0.44379925674576076	0.44430260842358565	0.4749471966681969	27206	0.112696810758646	0.112696810758646	0
0.9033203125	2959556	0.3333457270126509	0.3337563690843885	0.4735599997474976	29162	0.1082791650886099	0.1082791650886099	0
0.927001953125	7297816	0.49464848648858295	0.4941166106519744	0.48304814477348207	30212	0.0894058240329143	0.0894058240329143	0
0.9368896484375	3563560	0.46653256408554117	0.46699134834850237	0.47700943375530797	30362	0.11225627688702017	0.11225627688702017	0
0.906494140625	2049410	0.5129036783425069	0.5128879816194599	0.469908372586185	29346	0.17797900654401425	0.17797900654401425	0
0.9248046875	2601072	0.45933738610562486	0.4586102900453228	0.4682420204928765	29860	0.15066086278761254	0.15066086278761254	0
0.8358154296875	2374986	0.3627483946970485	0.3623603609570563	0.4712388200692119	27212	0.12641536229183228	0.12641536229183228	0
0.8887939453125	3751528	0.5319129753298852	0.5314229853247178	0.46895306230745554	28694	0.1398045669936406	0.1398045669936406	0
0.9124755859375	3413224	0.4975325967368141	0.49820082731940524	0.4707154463607821	29624	0.12247167031721194	0.12247167031721194	0
0.8519287109375	2818058	0.5170063234003625	0.516491958507238	0.470430113834213	27344	0.16571147943267214	0.16571147943267214	0
0.866943359375	3565186	0.5452840349016178	0.5450179488345058	0.4691326474692585	28040	0.15933233442736086	0.15933233442736086	0
0.65234375	2131758	0.3568498182849831	0.3570459205000418	0.4768849645067644	21108	0.10725994438033498	0.10725994438033498	0
0.9542236328125	3245810	0.4698182111922243	0.4701449256285121	0.47035230070136086	30954	0.1454197545335044	0.1454197545335044	0
0.845458984375	1967734	0.3557103112329998	0.35732022020251186	0.45462930961633236	26944	0.13131401841103876	0.13131401841103876	0
0.9678955078125	2963510	0.3883156162512769	0.3890461627268502	0.4700276438263958	31252	0.1167289572146256	0.1167289572146256	0
0.873291015625	2454392	0.4597728093157583	0.4606742661719984	0.47081843436265736	27942	0.14209487279717828	0.14209487279717828	0
0.8822021484375	3762480	0.48609298783603766	0.4871715276311355	0.47336447492844785	28498	0.1417440931275136	0.1417440931275136	0
0.9007568359375	2390440	0.4665092812047357	0.4662890555488279	0.4700791198945904	29184	0.15174827702236196	0.15174827702236196	0
0.8995361328125	2984592	0.5442699326681771	0.5442108547678546	0.4702629049710358	29210	0.152927991985602	0.152927991985602	0
0.93212890625	3296354	0.4452310159930639	0.4458814414266766	0.4734990183157774	29994	0.13428349977020707	0.13428349977020707	0
0.9222412109375	2482466	0.48595234374761614	0.4861258985145846	0.47142135004020264	29992	0.14816460202965934	0.14816460202965934	0
0.890625	4422920	0.5095458811837731	0.5091267166168544	0.4740294348829613	28844	0.11470045851081312	0.11470045851081312	0
0.91796875	3471976	0.44621883874172347	0.44752361211745634	0.4751537008774587	29646	0.10818037468807497	0.10818037468807497	0
0.7740478515625	2886946	0.4425036007985119	0.44234670638514945	0.4772328943010394	25118	0.13454818017852546	0.13454818017852546	0
0.913330078125	2950628	0.43495003594150305	0.43592401068339987	0.4744989433578512	29632	0.10378252856314674	0.10378252856314674	0
0.9276123046875	3596580	0.45673247647458853	0.456648158927162	0.4749094741398257	30020	0.10029005787574634	0.10029005787574634	0
0.9267578125	4144030	0.4945731032877076	0.49437014176862387	0.46875689620263333	29934	0.12095953845204895	0.12095953845204895	0
0.9093017578125	3509420	0.486959476638462	0.48679617592116925	0.4656822339662754	29290	0.11880897501675895	0.11880897501675895	0
0.9219970703125	3295404	0.43917194394629266	0.4388076121884523	0.4706321003708412	29726	0.11283420710012983	0.11283420710012983	0
0.8907470703125	2195622	0.3590555464277256	0.3600608685248306	0.4712466632228684	28900	0.13586519420559076	0.13586519420559076	0
0.6988525390625	1956208	0.4107388191366843	0.4117287632727646	0.47568013535781906	22528	0.14143997156330423	0.14143997156330423	0
0.909912109375	2379002	0.4595648474311977	0.4596202390397373	0.4730338100587052	29466	0.14081123305045648	0.14081123305045648	0
0.9002685546875	3130930	0.5373782243052982	0.536482672408446	0.4758596053126554	29262	0.12840182086516858	0.12840182086516858	0
0.8807373046875	3519298	0.48862748085005664	0.48887734096544544	0.47667362913734673	28464	0.12115845899353188	0.12115845899353188	0
0.861083984375	2594186	0.4529256749262846	0.4535222048007155	0.469871027538529	27638	0.14387664203771716	0.14387664203771716	0
0.9290771484375	4768934	0.47099079792429627	0.4701916337120957	0.4750458926033611	30084	0.10381050536239528	0.10381050536239528	0
0.8623046875	2032812	0.46669409070020224	0.4677396802473821	0.4625924364984837	27756	0.15238207575337306	0.15238207575337306	0
0.9222412109375	3405622	0.47396357477579426	0.47385218361755327	0.4728863143485431	29936	0.11511442299012525	0.11511442299012525	0
0.92529296875	2742044	0.46978772331505736	0.4691400782025917	0.4665117024445224	29948	0.13903274710794747	0.13903274710794747	0
0.825439453125	1934088	0.49084190276431316	0.49159440693790435	0.4686080297122041	26606	0.14804259997088523	0.14804259997088523	0
0.911865234375	3279836	0.48277224291904314	0.48240890285685406	0.47409781967011794	29472	0.10955178990850752	0.10955178990850752	0
0.9283447265625	3380852	0.3987162607407608	0.397004868243346	0.4735426698067311	30138	0.11013257919899395	0.11013257919899395	0
0.924072265625	3712166	0.4923884214844614	0.4929652020242925	0.47358043857201304	29992	0.13960276667128016	0.13960276667128016	0
0.939697265625	3439160	0.47216776841248415	0.4719693115299593	0.47035734886137925	30388	0.12149990561270707	0.12149990561270707	0
0.8887939453125	2392774	0.3939999832124139	0.394984661171982	0.47084144419178836	28844	0.12379306801053797	0.12379306801053797	0
0.9202880859375	2820438	0.49112464432463504	0.4912336861007143	0.46375627558924953	29676	0.14437779226510447	0.14437779226510447	0
0.9072265625	2902766	0.5464403453174115	0.5461316244668707	0.47165102141163456	29316	0.13623576130260992	0.13623576130260992	0
0.8223876953125	3198656	0.5313184284579289	0.5318279006761942	0.47482036799779787	26562	0.12508224568125423	0.12508224568125423	0
0.9178466796875	3651888	0.5117328297239156	0.5112561249428722	0.4769080808639936	29902	0.13595387458657404	0.13595387458657404	0
0.8541259765625	2733650	0.443617885729162	0.44436321490055036	0.4706374757613628	27742	0.12563086257148787	0.12563086257148787	0
0.78662109375	3926760	0.5086325542745602	0.50843427409741	0.4770706927078265	25558	0.13543879800081468	0.13543879800081468	0
0.8826904296875	2810704	0.39768272444330544	0.39853232860018334	0.46767365855916226	28520	0.11552320140914361	0.11552320140914361	0
0.8375244140625	2849784	0.4971328497707849	0.49820189121383435	0.45683642811173536	26976	0.13085458805992317	0.13085458805992317	0
0.8973388671875	4128168	0.49601948325403017	0.49607523122410396	0.47826873737706915	29186	0.11430142446690937	0.11430142446690937	0
0.874267578125	3041668	0.5158146552658683	0.5157096682468173	0.47169871126366925	28280	0.11785348743720564	0.11785348743720564	0
0.909912109375	2283372	0.4581753328017113	0.4572849824866505	0.467819290519168	29186	0.1493820460949379	0.1493820460949379	0
0.953125	3693248	0.45746742333064566	0.45731521484544285	0.47469063289900454	30820	0.0994317526548922	0.0994317526548922	0
0.8974609375	2502356	0.4697082052482097	0.46992844659428684	0.45554444962268464	29072	0.1472302393061378	0.1472302393061378	0
0.861328125	4465104	0.504402964535979	0.5044937831404015	0.47877556511030167	27908	0.12865664146612993	0.12865664146612993	0
0.8636474609375	2280546	0.3897903977070383	0.3893574388910735	0.46986275148442447	27742	0.14323684762709582	0.14323684762709582	0
0.85498046875	3162940	0.5137515494310975	0.5125610718392918	0.47693621984461504	27724	0.11730738095661092	0.11730738095661092	0
0.8636474609375	2839630	0.43176061530240445	0.4313752199536874	0.4718931883214117	27778	0.1207714972973954	0.1207714972973954	0
0.928955078125	2966382	0.45870241832447317	0.4587321391895958	0.4631862635031476	29890	0.1220636697200501	0.1220636697200501	0
0.91748046875	3113030	0.49415901793565636	0.4937174602688281	0.47299732547164813	29720	0.15279645603189604	0.15279645603189604	0
0.8526611328125	4002770	0.4146909487959645	0.4143791117956544	0.47706377999972127	27518	0.09447026237739771	0.09447026237739771	0
0.8746337890625	3137302	0.556543004687127	0.5562677325344106	0.47245828065321954	28290	0.14730944318123115	0.14730944318123115	0
0.934326171875	5432918	0.5428541508257994	0.5428665912151668	0.47890009518856697	30090	0.13185559115897277	0.13185559115897277	0
0.881591796875	3300438	0.5166795737161628	0.516811055373129	0.4727444829239758	28606	0.11057890031985546	0.11057890031985546	0
0.880615234375	2413378	0.46992003218940287	0.47045369795400155	0.46832146519284984	28592	0.14772482423501443	0.14772482423501443	0
0.9288330078125	3070980	0.44203014983214417	0.44213548570004924	0.46428317170784106	29870	0.11493702182936821	0.11493702182936821	0
0.904052734375	3453402	0.4245833477873389	0.4235924325217899	0.475617879730085	29294	0.11179583701628719	0.11179583701628719	0
0.9166259765625	3515800	0.5438803225383854	0.5435376581598225	0.47417411548924876	29500	0.1420993919275276	0.1420993919275276	0
0.8956298828125	4871246	0.5588766365081466	0.5585814195409303	0.47688231349817006	29078	0.1313241045856757	0.1313241045856757	0
0.8704833984375	1790750	0.4057678714011346	0.40628427179944104	0.4593599631443488	28020	0.14754585183444632	0.14754585183444632	0
0.9007568359375	3094622	0.4825873296719155	0.48348471788700204	0.472965755390579	28794	0.1321395672062971	0.1321395672062971	0
0.9305419921875	2748738	0.38672742633514007	0.38685514084754313	0.46546875359580664	30230	0.11590762957744473	0.11590762957744473	0
0.87060546875	1866672	0.45995741897229125	0.46225841085391556	0.4650001225296861	28022	0.1518736964812076	0.1518736964812076	0
0.92724609375	2985250	0.4666530223025361	0.46741988189008565	0.46160024816691086	29980	0.12897297565145135	0.12897297565145135	0
0.9193115234375	2502528	0.48860163704819454	0.4894160139812889	0.46734521213667884	29780	0.17202581112408	0.17202581112408	0
0.880126953125	2346960	0.4478819086558223	0.44787550289311095	0.46695442133792864	28366	0.13542047301956311	0.13542047301956311	0
0.93701171875	3085832	0.39685854407697513	0.3977334215817449	0.4646023651764339	30202	0.12554757029809085	0.12554757029809085	0
0.923583984375	3940226	0.4242304147768096	0.4250763807040527	0.4752326676976486	29532	0.11929554648612456	0.11929554648612456	0
0.9580078125	3199330	0.4395555330483277	0.4409990701100765	0.4699284385156773	31138	0.14632398870330768	0.14632398870330768	0
0.930908203125	3790636	0.45398593451710534	0.4548389181764039	0.47115113775439327	30162	0.11211087046777324	0.11211087046777324	0
0.874267578125	2883410	0.45534656609122365	0.45517112879182653	0.4578418642247	28216	0.13486521376428	0.13486521376428	0
0.953125	2870162	0.4822739426911868	0.4829467273004644	0.47175471185926293	30802	0.12909712485175714	0.12909712485175714	0
0.930419921875	2756626	0.40994496556152216	0.4114201735032336	0.47056334561292784	30066	0.12400412159060074	0.12400412159060074	0
0.9073486328125	2949234	0.5112028212417133	0.5105757406918319	0.4736747751689228	29266	0.13161529790505253	0.13161529790505253	0
0.8670654296875	2905796	0.5629391650204695	0.5626691052495305	0.47437386764797146	28074	0.15016311547682357	0.15016311547682357	0
0.873046875	2502784	0.5077758987803099	0.5072289016732747	0.47149453840034034	28234	0.1534764817373743	0.1534764817373743	0
0.8470458984375	4531258	0.5231871759210466	0.5225420735289615	0.4786409652472461	27450	0.11342489435033686	0.11342489435033686	0
0.9251708984375	2465134	0.4409714442392627	0.44182167319930093	0.4654687383076655	29756	0.13979574002670067	0.13979574002670067	0
0.9478759765625	4040834	0.5642791160642028	0.5639552219878347	0.4760834484712381	30696	0.14926123520014614	0.14926123520014614	0
0.87939453125	3452800	0.48148547119200485	0.4819918082616889	0.4687007409006591	28334	0.1401699251010449	0.1401699251010449	0
0.9097900390625	2360106	0.4960767967964443	0.4963080001585787	0.471261252863523	29318	0.15715468911298583	0.15715468911298583	0
0.8541259765625	2261076	0.4221951249173231	0.42249706713101526	0.4723302654569627	27684	0.14279090634512084	0.14279090634512084	0
0.9293212890625	2406916	0.4380818992286078	0.43924728478322544	0.46475392951433586	29950	0.14683583168272582	0.14683583168272582	0
0.8865966796875	4137796	0.5512314507214545	0.5515693172181896	0.4742423330908516	28284	0.13253408104189718	0.13253408104189718	0
0.8509521484375	3054780	0.4801923483296963	0.4806044099835744	0.470295075613087	27252	0.13420897032681894	0.13420897032681894	0
0.902587890625	3368268	0.5540403642746975	0.5540350103909061	0.4750284188237151	29294	0.1200600910347901	0.1200600910347901	0
0.938720703125	4277308	0.49993972927541913	0.5004809188399825	0.47645357027443036	30144	0.14051919881527716	0.14051919881527716	0
0.8516845703125	2245368	0.4954863616756365	0.495372818738006	0.47010953707371633	27452	0.1505776964366173	0.1505776964366173	0
0.8802490234375	4553036	0.5424557442852157	0.5427690455442901	0.47508227338466685	28386	0.1147967401833266	0.1147967401833266	0
0.8907470703125	2774202	0.4630981918183222	0.4630094183486031	0.4734791417219026	28874	0.12213197640542293	0.12213197640542293	0
0.9005126953125	3723054	0.509545491168181	0.510104618027227	0.475188574431908	28946	0.13318684352423096	0.13318684352423096	0
0.7818603515625	2381814	0.39783581482185976	0.3980096403190562	0.4690441043966635	25252	0.1136479245245131	0.1136479245245131	0
0.8790283203125	2762362	0.3999015765295461	0.3995170471045484	0.46964052769208414	28220	0.11288178260425065	0.11288178260425065	0
0.8924560546875	3083982	0.3830820994821531	0.3849037971307782	0.4727616819671335	28734	0.10684524285208064	0.10684524285208064	0
0.8931884765625	3697132	0.5030828536875483	0.5022314092176655	0.47463701407305886	28708	0.13550829418513605	0.13550829418513605	0
0.8994140625	2691394	0.4281988534286881	0.4289362875440725	0.47230081128824636	28988	0.12416449904456663	0.12416449904456663	0
0.9010009765625	2990406	0.469904285377009	0.47093076068654743	0.4717424880978265	28900	0.1344429113781382	0.1344429113781382	0
0.8668212890625	3147786	0.5314496065357149	0.5312766207091405	0.472337820378336	28218	0.11886359463298368	0.11886359463298368	0
0.8157958984375	2360896	0.4623454513884599	0.4612633469982404	0.4585696576673481	26286	0.14810652973678118	0.14810652973678118	0
0.911376953125	2303916	0.38434367465494934	0.38531811222126006	0.4665587443353405	29322	0.1412533283977779	0.1412533283977779	0
0.9132080078125	2447228	0.44435236733741007	0.4450074953509036	0.4688012327274966	29372	0.14606153839116268	0.14606153839116268	0
0.854248046875	3034670	0.43085507730758654	0.4308404051085351	0.4771319979398155	27492	0.1474630453815544	0.1474630453815544	0
0.912841796875	3417916	0.5110630911921618	0.5105397030381339	0.47190916959731516	29456	0.11217076271191455	0.11217076271191455	0
0.8863525390625	2798104	0.5035540922728344	0.5036086251306974	0.47246455807243654	28812	0.15247686253871487	0.15247686253871487	0
0.9345703125	2842408	0.4691633183864899	0.46961156470854165	0.4702252928274719	30252	0.14252066267873223	0.14252066267873223	0
0.90869140625	4809438	0.5664817583745311	0.565560713931998	0.47816418220652696	29452	0.12968361264624312	0.12968361264624312	0
0.8968505859375	2415650	0.4045459955533446	0.40471168592885814	0.4703121801033434	29080	0.13630980389235756	0.13630980389235756	0
0.920654296875	3270526	0.425314072999673	0.4256181595879962	0.4738802240816795	29594	0.12329794729216252	0.12329794729216252	0
0.88037109375	2674420	0.5255546061208286	0.5252869851761127	0.4733999179013679	28526	0.13319866391998655	0.13319866391998655	0
0.9442138671875	5172248	0.5315738856142934	0.5315730765743678	0.47661474458613956	30480	0.09452755785097593	0.09452755785097593	0
0.945068359375	2359918	0.3702917797714309	0.3717744297315361	0.4629707566899968	30364	0.1357842792041987	0.1357842792041987	0
0.7794189453125	2159680	0.45792308114541913	0.4586625324113946	0.46505289924965704	24808	0.12472282104204725	0.12472282104204725	0
0.8734130859375	2508422	0.5040592510742775	0.504525236304444	0.4678071511183337	28316	0.1501143201474981	0.1501143201474981	0
0.8843994140625	3595352	0.5238213249171011	0.5250670298743725	0.4712840032208796	28470	0.13614155759053312	0.13614155759053312	0
0.9510498046875	3190688	0.5647901445345707	0.5647350092826208	0.4722615569803821	30916	0.1430256514970493	0.1430256514970493	0
0.7459716796875	3328546	0.520781066168699	0.5199694802286615	0.4786799239585533	23928	0.13029731293054844	0.13029731293054844	0
0.802001953125	1828848	0.41064175083787036	0.4101711475116356	0.46816444992193246	25892	0.11941545562106474	0.11941545562106474	0
0.897216796875	3358002	0.4841203881846757	0.4846262274785367	0.47810450988474434	29070	0.14905220427817492	0.14905220427817492	0
0.87939453125	2681864	0.5276257220882518	0.5279588039157228	0.47310620346722515	28506	0.14155009852220232	0.14155009852220232	0
0.8193359375	2843134	0.5537393538388345	0.5530906912694208	0.4744098308650544	26464	0.1341107480474301	0.1341107480474301	0
0.892578125	3863738	0.46721691311078767	0.4675792207728265	0.4731367534299246	28764	0.11487389580879705	0.11487389580879705	0
0.9239501953125	3524876	0.4608508869770785	0.4617109910457884	0.4716596993379248	29908	0.12462505430847547	0.12462505430847547	0
0.9156494140625	2700776	0.448096931723918	0.4474338066588386	0.4726175041353878	29674	0.10736068361288291	0.10736068361288291	0
0.8302001953125	3211934	0.4349572500103118	0.4350923898941497	0.4450684352431799	26688	0.1307869558345617	0.1307869558345617	0
0.7767333984375	3012770	0.523533757391737	0.5233694097766093	0.4773010131622302	25036	0.13780081320596207	0.13780081320596207	0
0.9522705078125	3627322	0.48363730821899115	0.48339027337016693	0.47025983053160053	30716	0.13245959402674146	0.13245959402674146	0
0.8974609375	2672134	0.4165017812043778	0.4170408603135782	0.47262623875542215	28770	0.13243733852106557	0.13243733852106557	0
0.8385009765625	2142002	0.4270650865420111	0.4265200688966551	0.4694320374003551	27034	0.1412869700017502	0.1412869700017502	0
0.896240234375	2641456	0.43800091688540044	0.43830892144842576	0.4736138822309875	28894	0.13824594583517114	0.13824594583517114	0
0.9339599609375	2648982	0.42668087300489216	0.4265463200102031	0.46898199353030234	30220	0.12009068782624298	0.12009068782624298	0
0.9217529296875	4227310	0.5435163255483971	0.5439072989416596	0.4757138003268111	29666	0.11932279576628672	0.11932279576628672	0
0.88720703125	1581958	0.29441372696469875	0.2958015677313451	0.45664101720833833	28516	0.11932806799117228	0.11932806799117228	0
0.8585205078125	2221950	0.40946963632019956	0.40943674483560416	0.4692943497341475	27912	0.1316843615851426	0.1316843615851426	0
0.8922119140625	3188986	0.43848258031940907	0.4387337382432545	0.4756109738010421	28870	0.1377438046581719	0.1377438046581719	0
0.8712158203125	3263718	0.5901425510644616	0.5895399511783482	0.4752703002192233	28036	0.15509923755183577	0.15509923755183577	0
0.9298095703125	3697474	0.571180149794969	0.5707925025423579	0.47289929156392857	30052	0.151805606951613	0.151805606951613	0
0.8409423828125	3991072	0.5523351022431711	0.5516789772753121	0.4661893372550443	26908	0.15249386960641811	0.15249386960641811	0
0.9002685546875	2464726	0.5207091174944491	0.5205041424482247	0.47183128223528276	29148	0.1554014062101173	0.1554014062101173	0
0.8890380859375	2577754	0.5303430525419546	0.5304849541354298	0.47132322889202133	28732	0.1834992774118398	0.1834992774118398	0
0.8399658203125	3620864	0.5264173922740044	0.5259407936748292	0.47551041404374267	27098	0.12078031255281314	0.12078031255281314	0
0.855224609375	2863526	0.4467535054278933	0.4469523450289435	0.473090448617496	27772	0.1364856504164694	0.1364856504164694	0
0.878173828125	2358660	0.4527611516316991	0.4530474747047322	0.4699057610543152	28422	0.13524369967991362	0.13524369967991362	0
0.9195556640625	3746956	0.5177849358269664	0.5173069547829915	0.46459783030677143	29766	0.14410317548130133	0.14410317548130133	0
0.9134521484375	2695936	0.490992799560477	0.4911104680886218	0.4685458747905049	29428	0.14978044689180178	0.14978044689180178	0
0.9100341796875	3547776	0.45572437369342284	0.45651944144219736	0.47181182311998215	29392	0.12070535030115541	0.12070535030115541	0
0.9013671875	3650268	0.5538932682068213	0.5533420730235953	0.47565344793741754	29318	0.13916665990583485	0.13916665990583485	0
0.9378662109375	4195366	0.43301691872081044	0.43335601496084714	0.46998744398762393	30192	0.11367147644860871	0.11367147644860871	0
0.8668212890625	3089906	0.4837240077586651	0.4836859913936129	0.45868714852037723	27942	0.1430654226863515	0.1430654226863515	0
0.897216796875	2914048	0.4407196730531453	0.44117291787485763	0.4750674617383854	29018	0.12295795400271935	0.12295795400271935	0
0.83154296875	2591878	0.40239655231356947	0.402111125392804	0.47212542899799687	26510	0.13541935900150606	0.13541935900150606	0
0.8843994140625	3651544	0.4660805337998523	0.4662709291497853	0.4659908190094684	28584	0.10811751223029187	0.10811751223029187	0
0.8662109375	2990498	0.42382921023711306	0.42382505034320284	0.47241085041997466	27842	0.11145060009502379	0.11145060009502379	0
0.8658447265625	2865368	0.4665659817665437	0.4654534150369431	0.4700383488244459	27992	0.1520096346397207	0.1520096346397207	0
0.9217529296875	2610920	0.45915761275185574	0.4593293399499241	0.4648141734360192	29864	0.15448340726210016	0.15448340726210016	0
0.906005859375	2989738	0.5111804009837188	0.5109186225127388	0.47169457548577914	29364	0.16092659867199566	0.16092659867199566	0
0.84521484375	2864344	0.4497032809262563	0.4489961243468936	0.47403295778921284	27274	0.12394318011722488	0.12394318011722488	0
0.9197998046875	3270692	0.5203431220500522	0.5204896558978803	0.47378307102865586	29726	0.1485477583316505	0.1485477583316505	0
0.9173583984375	2990708	0.4009212287011672	0.40086821861186456	0.46628307875678504	29582	0.11856725296237262	0.11856725296237262	0
0.893310546875	2482986	0.4690559192338646	0.470518297158163	0.47058890931816527	28764	0.17324826136908997	0.17324826136908997	0
0.8939208984375	2367122	0.35534968747912116	0.35604624028080134	0.4730621620539419	28754	0.10061409669838083	0.10061409669838083	0
0.85546875	4692754	0.5237173078608657	0.5238296951090363	0.47874060488211895	27512	0.11712656948087384	0.11712656948087384	0
0.8975830078125	3474502	0.5316624289568704	0.5314812047517907	0.47271198890013344	28910	0.1171777778411484	0.1171777778411484	0
0.8756103515625	2690096	0.43487815005699737	0.4347931717412206	0.47354316004280733	28342	0.134742234254175	0.134742234254175	0
0.8917236328125	3265030	0.4998088310816469	0.49931425531999446	0.4716731577460722	28894	0.11730605438882985	0.11730605438882985	0
0.9019775390625	2086556	0.495129660376257	0.4960828411186587	0.4680127648989456	29096	0.1677598615126549	0.1677598615126549	0
0.873046875	2270168	0.3789848827195408	0.38018251677570825	0.46819307761168516	28220	0.12815977772752463	0.12815977772752463	0
0.8885498046875	1967658	0.46746623885742516	0.46728319505194565	0.4658363811780346	28758	0.16143577072204632	0.16143577072204632	0
0.9066162109375	2407550	0.406665784236214	0.4081310496863145	0.46059101963884386	29288	0.13123099721955642	0.13123099721955642	0
0.906982421875	3185896	0.468582420587439	0.4677913211535429	0.4671793928176318	29234	0.12098386165059272	0.12098386165059272	0
0.8916015625	2377946	0.3486053416564721	0.34975939842082754	0.46846133942685664	28900	0.13000895195182585	0.13000895195182585	0
0.901611328125	1954542	0.4128581842040134	0.4130216535228925	0.46743981752191277	29194	0.13422162867305865	0.13422162867305865	0
0.8895263671875	3763034	0.3933024927442894	0.3935688539542917	0.47662324064663425	28836	0.11548879616187074	0.11548879616187074	0
0.860107421875	3120498	0.4633990466688504	0.4630536859460239	0.47209763615251665	27526	0.15554139766277114	0.15554139766277114	0
0.949462890625	3167592	0.5900697323422495	0.5897860301400538	0.4735788504587933	30702	0.15213055035584455	0.15213055035584455	0
0.877685546875	1813502	0.4981880117192425	0.49888618990820316	0.45781928606408856	28218	0.18623802920569807	0.18623802920569807	0
0.9481201171875	3296828	0.48013061850002475	0.4800144381154232	0.47279495905635555	30716	0.11239158905146662	0.11239158905146662	0
0.87548828125	3371742	0.5181220724047851	0.5185455308804606	0.474440938210639	28192	0.12097489547349459	0.12097489547349459	0
0.862548828125	2562290	0.46486134413600766	0.46386703107013205	0.4594786827736779	27632	0.14495481088570555	0.14495481088570555	0
0.937255859375	2539618	0.47680290492844596	0.47807884909623066	0.4702310526991966	30228	0.15679720289157761	0.15679720289157761	0
0.868896484375	2889336	0.44021519078761756	0.4410815792730776	0.4712018279748415	28080	0.15770920258868595	0.15770920258868595	0
0.935302734375	2430248	0.4940199208792441	0.49523996069955106	0.4704122138563304	30090	0.15076964646201685	0.15076964646201685	0
0.87939453125	2927736	0.4310537750589761	0.4319609494251983	0.47035973217623434	28586	0.11386978946707361	0.11386978946707361	0
0.89794921875	2171682	0.4565538757718295	0.45635299708315286	0.44508194623756786	28820	0.153123559125837	0.153123559125837	0
0.930419921875	2799598	0.41683602849104195	0.4176195157255602	0.47284722873631674	29968	0.10485862455709331	0.10485862455709331	0
0.9044189453125	1965566	0.4613197082547085	0.46291126769030616	0.4687563317055011	29338	0.14763824849406051	0.14763824849406051	0
0.939697265625	5894640	0.4870955425154151	0.48646580487297536	0.4753814899319761	30410	0.11132072411555827	0.11132072411555827	0
0.919677734375	2299880	0.45948716962329267	0.4589314609098812	0.4665906707019349	29778	0.1409482583389503	0.1409482583389503	0
0.7484130859375	3194736	0.49093403269606095	0.49041409599986996	0.4803143713142229	24188	0.12994384920040156	0.12994384920040156	0
0.74755859375	1608244	0.35835711897263883	0.35974152805504883	0.4617080264379625	23946	0.15093408110468576	0.15093408110468576	0
0.8819580078125	2433152	0.4236078281446312	0.42580569518891814	0.4660892572455035	28626	0.12842944937759454	0.12842944937759454	0
0.937255859375	2762322	0.42415017608236605	0.42531434951614017	0.4699962897188512	30228	0.12635801407168015	0.12635801407168015	0
0.8798828125	2727508	0.4998113185436215	0.5000109231425983	0.47077314387435604	28558	0.15772469848200152	0.15772469848200152	0
0.9251708984375	3761976	0.4693977928821355	0.46919537836931857	0.47411795082320435	29510	0.11812651385178584	0.11812651385178584	0
0.9027099609375	3597042	0.5803503315254747	0.5800307823599264	0.47658632253825356	29236	0.13844623522293287	0.13844623522293287	0
0.92041015625	3230706	0.5082245308245664	0.5084717777389632	0.4682624533390129	29534	0.13981970793830442	0.13981970793830442	0
0.880859375	2958926	0.5261378065623948	0.5265628133402552	0.46836885870783024	28388	0.18039325719301605	0.18039325719301605	0
0.9259033203125	2933294	0.5051033092728536	0.506506048048723	0.4693905401166228	29816	0.152392888838108	0.152392888838108	0
0.8953857421875	2624588	0.4199350279904898	0.420419378217195	0.4637892925717321	28822	0.13475990183726422	0.13475990183726422	0
0.9185791015625	2642578	0.38377668689481576	0.383800608475695	0.4727061939109947	29762	0.12653538495159392	0.12653538495159392	0
0.873291015625	3401876	0.4967293589503999	0.4960332269419127	0.4735268403384852	28374	0.12042713934616489	0.12042713934616489	0
0.890625	2347282	0.36339166554462327	0.36403475048400336	0.46374931913844025	28806	0.13964590560888238	0.13964590560888238	0
0.86376953125	3243786	0.5347532066351139	0.5346002735235146	0.4743651446645312	27722	0.13439977661939895	0.13439977661939895	0
0.9022216796875	3627390	0.5007351117581863	0.5007568202593864	0.47608441024678955	29170	0.1271327719681852	0.1271327719681852	0
0.898193359375	3618198	0.5472861866126792	0.5466249858440645	0.4776804956652814	29168	0.12735202570917595	0.12735202570917595	0
0.93994140625	3904564	0.46961304760742695	0.46990425785833545	0.4754320997803929	30322	0.12458796261741623	0.12458796261741623	0
0.870849609375	4286788	0.49988494741304673	0.4995471974467762	0.47870266737948614	28094	0.121204708209592	0.121204708209592	0
0.8936767578125	4539592	0.5644532367763219	0.5643211350555526	0.4727482940960504	29028	0.12568532610640096	0.12568532610640096	0
0.8681640625	4537216	0.4958683682888787	0.4946068746675967	0.4789207283365402	27980	0.13303485706810178	0.13303485706810178	0
0.916748046875	3989556	0.5415324346833726	0.5414691388834041	0.4704612337167844	29664	0.15320395555762012	0.15320395555762012	0
0.89404296875	3755902	0.49331889971256637	0.49318370401264655	0.47239218724006454	28900	0.13721257606395035	0.13721257606395035	0
0.8935546875	3468286	0.4408992169135911	0.4416143725470237	0.4624120743336	28924	0.11718942903036743	0.11718942903036743	0
0.913818359375	4425748	0.508844030223825	0.5092185340641097	0.47614212502357295	29424	0.13570818855485958	0.13570818855485958	0
0.8927001953125	4115648	0.5145012056279566	0.5146704488706879	0.47694916302503126	28800	0.13060508725293365	0.13060508725293365	0
0.8765869140625	2348278	0.4165953377815619	0.41692792101310516	0.46773978046233466	28244	0.11622209885499994	0.11622209885499994	0
0.9407958984375	2679466	0.3876678385847461	0.3898571268041728	0.46629821854350245	30424	0.13187937438870387	0.13187937438870387	0
0.853515625	3084090	0.4493704154371432	0.4488910028413316	0.47416822175100387	27612	0.1245766883077448	0.1245766883077448	0
0.904052734375	3758836	0.43731035162768056	0.4383617293229369	0.4577036967837971	29214	0.10410248530127847	0.10410248530127847	0
0.821044921875	1771934	0.5033138387637714	0.5044939942081951	0.46510425592483423	26224	0.15831679579659738	0.15831679579659738	0
0.917236328125	2738242	0.39303107903732704	0.3935920585626893	0.46978928113961516	29628	0.12502931202655465	0.12502931202655465	0
0.91748046875	2147650	0.4175879442580052	0.4183241364265394	0.4609216811458264	29750	0.13695229210203821	0.13695229210203821	0
0.8765869140625	3741782	0.46419488138533677	0.46470828430334615	0.46459808592581225	28234	0.12964628479031334	0.12964628479031334	0
0.9034423828125	2323834	0.5011932418176842	0.5015071990737869	0.4683423703459079	29074	0.1507870668697901	0.1507870668697901	0
0.9261474609375	4546576	0.5192089752489247	0.5188650436082383	0.476789469383178	30010	0.10799715880724471	0.10799715880724471	0
0.9222412109375	2581768	0.4864302356237791	0.486720392258089	0.46221132656289443	29690	0.15652119399713024	0.15652119399713024	0
0.916259765625	2968348	0.37673640930371904	0.37674448770133845	0.46621594598201677	29640	0.11110622262221533	0.11110622262221533	0
0.9267578125	2164000	0.36422495597324867	0.36458077991856214	0.46508630159328707	29696	0.13892797160412307	0.13892797160412307	0
0.869873046875	3500206	0.47116748018960886	0.4700787839691638	0.471576698093156	28094	0.1438456206622204	0.1438456206622204	0
0.929931640625	3224070	0.4962086668234344	0.4955497218499143	0.4724243683356433	30066	0.13582192149071673	0.13582192149071673	0
0.9112548828125	3454288	0.41446295405572814	0.41478764309904964	0.47391835750827843	29456	0.11466165696195631	0.11466165696195631	0
0.888916015625	3878716	0.5685686365394603	0.568356616668247	0.47805271593555076	28782	0.13028151798952667	0.13028151798952667	0
0.91650390625	3004156	0.46766800986738377	0.4691840049699015	0.46864963865399495	29502	0.12141925163441909	0.12141925163441909	0
0.908203125	3566568	0.5354491101034479	0.5354483360100976	0.4735776142862993	29274	0.12485342330870002	0.12485342330870002	0
0.8831787109375	2866546	0.4577885220880844	0.45800778758704414	0.46331735680844927	28162	0.15423875600077555	0.15423875600077555	0
0.894775390625	3274750	0.44509045536793246	0.4460662935520119	0.47408848920103003	28870	0.12985039278033003	0.12985039278033003	0
0.919677734375	3442912	0.5074094553265731	0.5078602382088774	0.47477054364124416	29796	0.13308147094196796	0.13308147094196796	0
0.8814697265625	3145954	0.4589173506656234	0.4588927847185569	0.4711019180607416	28598	0.11783030383624749	0.11783030383624749	0
0.9029541015625	3024736	0.5269623278800192	0.5270492754363939	0.4717869248429513	29350	0.15694083730625555	0.15694083730625555	0
0.90478515625	2559176	0.437166344125	0.4371140704281258	0.470957966000567	29244	0.12345386683138489	0.12345386683138489	0
0.942138671875	3406396	0.5080932478349419	0.5090315747774355	0.47091828559978516	30400	0.13805472721415105	0.13805472721415105	0
0.8389892578125	3085304	0.4507562414820249	0.450878810390895	0.47333534889446804	27206	0.14098821241644338	0.14098821241644338	0
0.923583984375	3259320	0.45878919370720445	0.4590300864852852	0.4641564294727894	29726	0.12009529495634258	0.12009529495634258	0
0.947265625	2224944	0.5018405999800069	0.5008966050640405	0.46582473961632287	30394	0.18640614557191307	0.18640614557191307	0
0.908935546875	3925086	0.5087404716205114	0.508320674956142	0.47756619335817074	29424	0.1373679026770341	0.1373679026770341	0
0.9244384765625	3730262	0.5208935019130522	0.5209905881801826	0.47414233183386845	29928	0.1243743355107228	0.1243743355107228	0
0.859375	3072376	0.4584563892773417	0.4579106702057058	0.46910538614074015	27622	0.1128446282777603	0.1128446282777603	0
0.9241943359375	3243430	0.44077435561853257	0.4407056460628731	0.47641741083707995	29834	0.11612494595420243	0.11612494595420243	0
0.88427734375	2283098	0.5123459230811183	0.5128588255091472	0.4689783328692449	28640	0.14773945174336808	0.14773945174336808	0
0.9478759765625	3167678	0.4665331221449789	0.46689523428465024	0.472911930419851	30678	0.13373549902518242	0.13373549902518242	0
0.8944091796875	2327284	0.3907524639278352	0.3917116558496125	0.46198754863030866	28856	0.11705234187132917	0.11705234187132917	0
0.9365234375	5464324	0.5160506299809444	0.5152000636446922	0.47712063983537933	30322	0.10298506009304963	0.10298506009304963	0
0.902099609375	2097574	0.4134903653739286	0.4143123344647513	0.4609651787922484	29132	0.12314321697088944	0.12314321697088944	0
0.8597412109375	2007590	0.5055389058361645	0.5057781506789097	0.4706958747923742	27806	0.1670492314466158	0.1670492314466158	0
0.9085693359375	3725984	0.5130755521595612	0.5131336566644168	0.4760563750655038	29382	0.12913036564575495	0.12913036564575495	0
0.92431640625	3632552	0.5022582539517427	0.5019189676903649	0.47237030260987756	29690	0.12939311578978696	0.12939311578978696	0
0.86962890625	3125994	0.5119244085540093	0.5124300824218638	0.4703358485756397	28264	0.13858055656939167	0.13858055656939167	0
0.900634765625	3709582	0.5123141286376429	0.5120361381571555	0.47598622574531574	29082	0.1366860125484265	0.1366860125484265	0
0.9658203125	3133968	0.5084480676816788	0.5080816496345956	0.47430668600332226	31312	0.14037251287727046	0.14037251287727046	0
0.88330078125	2813266	0.46227923933836346	0.4639920770195773	0.4697141713345267	28594	0.14593641283421038	0.14593641283421038	0
0.8858642578125	3455638	0.3895493727243813	0.3893700465121972	0.46235930193628305	28722	0.08710446273977945	0.08710446273977945	0
0.8453369140625	2188204	0.5026332757512396	0.5026546419802579	0.4648188318365957	27026	0.15608878469513163	0.15608878469513163	0
0.871826171875	3245288	0.45952191868565634	0.45962807275411627	0.4747241665398967	28046	0.14300805508308556	0.14300805508308556	0
0.8861083984375	3597484	0.4505776311678218	0.45069043757289085	0.46486261911799337	28574	0.10209442410546515	0.10209442410546515	0
0.89990234375	4443122	0.5656927604398078	0.5651043390308313	0.4785921348239363	28868	0.11990074114891942	0.11990074114891942	0
0.8837890625	3082148	0.4333401810570802	0.43285836223992935	0.47163521124476193	28654	0.12471313454559424	0.12471313454559424	0
0.940673828125	3558642	0.4684624965272348	0.46917969871645987	0.4761063072783746	30444	0.13616296086611984	0.13616296086611984	0
0.90576171875	2699598	0.4620439549512936	0.46255283449751294	0.46896732651776757	29288	0.13555736714159364	0.13555736714159364	0
0.9241943359375	3553146	0.5328658426754949	0.5326404963056974	0.47609595734310517	30030	0.13237640398297798	0.13237640398297798	0
0.9215087890625	2515588	0.3708367214044717	0.37196469404264837	0.46244678522873967	29820	0.12376903290749852	0.12376903290749852	0
0.907958984375	2915674	0.3854648904501459	0.3862380613503076	0.46840921053477363	29132	0.10987493058286978	0.10987493058286978	0
0.90087890625	3073544	0.4084113197332913	0.4092002727833281	0.47316554567805263	29206	0.11717017803085177	0.11717017803085177	0
0.844970703125	2288682	0.4288515074352226	0.4297920528031938	0.46924459811022484	27296	0.14762518546838338	0.14762518546838338	0
0.9378662109375	2378194	0.45924874801644355	0.45914371765842965	0.46740977432691366	30322	0.1700168400626055	0.1700168400626055	0
0.7950439453125	2156476	0.41784972432050277	0.4191088537406494	0.4690064874578698	25548	0.13029229180867455	0.13029229180867455	0
0.9075927734375	2981024	0.5453229382674155	0.5447450719881557	0.4738687292677018	29250	0.14393789609589722	0.14393789609589722	0
0.9224853515625	2903130	0.4222654828403793	0.4224663812768212	0.471880047398233	29806	0.11203398575300651	0.11203398575300651	0
0.9095458984375	2219992	0.4698121128690158	0.46983709767876675	0.46666787931451315	29250	0.15759133715749077	0.15759133715749077	0
0.9112548828125	2398096	0.3173956933194211	0.3200017113743157	0.45429379074802617	29282	0.11901130560914246	0.11901130560914246	0
0.8680419921875	2324212	0.40149545227934685	0.4023368351023959	0.46899865831250226	27964	0.1702575340268855	0.1702575340268855	0
0.872802734375	2954404	0.3719738695303387	0.3725658467313449	0.4687831811573299	28036	0.10550787586959122	0.10550787586959122	0
0.931884765625	2817354	0.4992664494380555	0.4985624786521155	0.47319097329334	30110	0.15514087674328136	0.15514087674328136	0
0.935302734375	3477282	0.5011927297800948	0.5021657492799912	0.47262206989985106	30170	0.14082697830954918	0.14082697830954918	0
0.8873291015625	2623448	0.5359865224615251	0.5360209587420849	0.472555561762438	28774	0.15105019474682038	0.15105019474682038	0
0.9395751953125	3355388	0.45898055446643643	0.4588558514913715	0.4745417344577659	30498	0.1377087816070913	0.1377087816070913	0
0.864501953125	2790854	0.46448157481944247	0.46396606520630845	0.47552973792509046	28088	0.11424176895344655	0.11424176895344655	0
0.8602294921875	2919926	0.39550764955917117	0.3957786526418415	0.47281463753189756	27942	0.10980002335550594	0.10980002335550594	0
0.94287109375	2987832	0.5056317223853638	0.5051052028628721	0.47081623344501566	30496	0.13478827011345418	0.13478827011345418	0
0.8172607421875	3194720	0.47148441503009897	0.4712745855319278	0.4711166048175665	26410	0.10827712548072077	0.10827712548072077	0
0.87744140625	3013806	0.40662182105241124	0.4064658163678941	0.4742282256144393	28444	0.11388914356669372	0.11388914356669372	0
0.8973388671875	2013624	0.39518219989923864	0.39609101593995155	0.4675008648094076	28768	0.14150826903726935	0.14150826903726935	0
0.8709716796875	2533026	0.4625579159819075	0.4631476255478406	0.4706171588662551	28096	0.13211822910400942	0.13211822910400942	0
0.9075927734375	2954972	0.4631645238611531	0.46417351226433845	0.4513674734971309	29166	0.13607102085276349	0.13607102085276349	0
0.9339599609375	1772924	0.44834011390844103	0.44968452371148526	0.46626582443021825	30222	0.1476848419265447	0.1476848419265447	0
0.888671875	3848120	0.4571046171551249	0.45692865862226645	0.47509996180671626	28590	0.10368802116308395	0.10368802116308395	0
0.8004150390625	2390664	0.46165673079137814	0.46096772923509616	0.47131954765229517	25736	0.13212571304378976	0.13212571304378976	0
0.852294921875	3791536	0.494749756759392	0.4950901394876323	0.47650780167513024	27718	0.1312344866027095	0.1312344866027095	0
0.846435546875	1737516	0.42834889311164465	0.4284436773228219	0.4651844174893321	27254	0.1554056237858858	0.1554056237858858	0
0.908203125	3573714	0.48797808551940464	0.4878187522387385	0.4737815927007924	29312	0.1270848503607184	0.1270848503607184	0
0.9083251953125	2860236	0.43026954582786187	0.43085999693133276	0.47232832976046435	29430	0.12646882245932523	0.12646882245932523	0
0.88037109375	3135540	0.5413403716135856	0.5409546775679599	0.47333393727891254	28436	0.13919245081925768	0.13919245081925768	0
0.874755859375	4265440	0.5442148011127026	0.5431722594718241	0.4795901337056168	28154	0.1197935475421933	0.1197935475421933	0
0.7972412109375	2936764	0.5388420887050395	0.5384139583702198	0.47486212435861436	25748	0.1672840177583322	0.1672840177583322	0
0.88720703125	2324928	0.5219899248914686	0.5214892933961747	0.4720345283117137	28606	0.15705826669386508	0.15705826669386508	0
0.855712890625	2723018	0.4150664335510709	0.41474962162290674	0.46995980999223863	27622	0.12213428954447451	0.12213428954447451	0
0.905029296875	2780956	0.42312294890224383	0.4238076654903915	0.46887732317495506	29376	0.13046751085034483	0.13046751085034483	0
0.9166259765625	3176852	0.4931206748454411	0.49236966912344365	0.4696494356675049	29698	0.13121991840507108	0.13121991840507108	0
0.916015625	2782212	0.42882354234061354	0.42926510070652824	0.47405336030112105	29630	0.13568053191088644	0.13568053191088644	0
0.9202880859375	2116310	0.3495866584677651	0.3520893934072227	0.4693363584761405	29876	0.13655237087835784	0.13655237087835784	0
0.8707275390625	2720482	0.5171422243803995	0.5162507409211733	0.4693850358731891	28336	0.13073804889578525	0.13073804889578525	0
0.8214111328125	4355398	0.5420635161836707	0.54197882211167	0.4787284267076238	26292	0.13446520560498015	0.13446520560498015	0
0.92919921875	2739440	0.518946756859073	0.5184070194128239	0.47279936096425296	30134	0.14517808877232302	0.14517808877232302	0
0.918212890625	3829678	0.49690554706029594	0.49736231901044065	0.46989617344402873	29816	0.11869186011977893	0.11869186011977893	0
0.8924560546875	3483454	0.5122960236771658	0.5124557614395582	0.47745716735236843	28860	0.12842043865942296	0.12842043865942296	0
0.8701171875	3180360	0.523204648112768	0.5231828507897524	0.4764754095650055	28286	0.14050938764262869	0.14050938764262869	0
0.8868408203125	3666114	0.4601144473449111	0.4604871600317038	0.4748549047601584	28556	0.12211669408974878	0.12211669408974878	0
0.925537109375	5168770	0.4894378201574851	0.48942882346259825	0.47311110844071874	29958	0.10838361077078186	0.10838361077078186	0
0.861083984375	2301090	0.4279158347695493	0.4279878819915519	0.44165278000331337	27660	0.12483641887823561	0.12483641887823561	0
0.9320068359375	2882240	0.5033096886630737	0.5033347839624279	0.4731530237401214	30192	0.1467095164716382	0.1467095164716382	0
0.849853515625	3411850	0.46275629156438614	0.46314253389667875	0.4708741245507097	27464	0.12264032582106955	0.12264032582106955	0
0.8890380859375	2310548	0.4006305630118527	0.4006731666156765	0.4612017059009001	28824	0.14413801665722875	0.14413801665722875	0
0.8526611328125	4230978	0.5456165562686257	0.5461569641887601	0.4768762582450423	27596	0.12164808912356408	0.12164808912356408	0
0.8572998046875	2293948	0.4491724140558846	0.45022896628387815	0.47175168754721525	27688	0.14682813178110635	0.14682813178110635	0
0.9132080078125	4304944	0.4571870682386639	0.4565701091035632	0.47983383398214613	29524	0.12963696982148573	0.12963696982148573	0
0.9090576171875	2954172	0.4467529911214512	0.44635760311916756	0.473325598691718	29322	0.13073966707332363	0.13073966707332363	0
0.925537109375	4275146	0.5433865941301065	0.543296727023892	0.47717154036851633	30032	0.14206782906869145	0.14206782906869145	0
0.9384765625	2466136	0.446849941866758	0.44870849779913446	0.4683482349101404	30348	0.13756070919811414	0.13756070919811414	0
0.905029296875	2988036	0.45981713024869375	0.45968353820252683	0.4739244460125121	29164	0.12332337313337992	0.12332337313337992	0
0.8875732421875	3146378	0.429458736391344	0.42913000809938834	0.46419530205692877	28518	0.1243151518047665	0.1243151518047665	0
0.8953857421875	2977158	0.4943287471030311	0.49516890413167153	0.47499645945145863	29148	0.16809986403925037	0.16809986403925037	0
0.906982421875	1970792	0.4035149170902203	0.4045952746975519	0.4681636162821785	29454	0.13818037515973833	0.13818037515973833	0
0.909912109375	1907258	0.37367280914346085	0.3770466543008117	0.46474277494485156	29118	0.1448286474566922	0.1448286474566922	0
0.930419921875	3601826	0.5234863147207091	0.5232091751522644	0.4736402264240584	30078	0.14795864998074712	0.14795864998074712	0
0.914794921875	3080044	0.4448418247420621	0.44525759753161265	0.4742214449382722	29422	0.14229678581241742	0.14229678581241742	0
0.897705078125	2684682	0.46423612226703487	0.4645475569074618	0.46596897030250556	28976	0.14144622540448984	0.14144622540448984	0
0.9166259765625	4360404	0.516810847722035	0.516427112807229	0.4723381637385012	29544	0.11852429769458227	0.11852429769458227	0
0.8101806640625	1781778	0.459649460632148	0.4594435692302725	0.4691582893919537	26046	0.1858367463276642	0.1858367463276642	0
0.8089599609375	4052560	0.5962297119941876	0.5965751220959152	0.4770681401894716	26038	0.1433660652918707	0.1433660652918707	0
0.940673828125	4387216	0.48266479947308943	0.48283531719029354	0.46960064384179784	30242	0.10183323969987634	0.10183323969987634	0
0.94189453125	2690476	0.46044991892967185	0.46047389366086705	0.4702361787780041	30390	0.14408405751155198	0.14408405751155198	0
0.8858642578125	2804320	0.4531125576303961	0.45372713900736056	0.4694685310345152	28538	0.14008845462008077	0.14008845462008077	0
0.8814697265625	2266286	0.48430988005446657	0.4850680440528819	0.4708807568168047	28430	0.14676675525165744	0.14676675525165744	0
0.9066162109375	2881632	0.5082834502184134	0.5085116934088246	0.47200579344201105	29380	0.1381470424760893	0.1381470424760893	0
0.849365234375	1853158	0.4039606858499338	0.40501108698835164	0.46313743637004917	27336	0.1289997186584512	0.1289997186584512	0
0.900146484375	2024302	0.449234994748388	0.4493109285148671	0.45905107322112126	28880	0.12767077612014333	0.12767077612014333	0
0.857666015625	2003422	0.500725752415682	0.5015443865607859	0.4652531001888504	27652	0.1395499915043046	0.1395499915043046	0
0.8717041015625	2417924	0.4740336796986369	0.47403937641799104	0.468206273639803	28100	0.15797848448332194	0.15797848448332194	0
0.8614501953125	2891494	0.4749088573796146	0.4747226320641286	0.4717018141779566	27692	0.1630606417919838	0.1630606417919838	0
0.928955078125	3491024	0.4304536341746286	0.42972198263598105	0.47706072853992776	30052	0.10586762672186349	0.10586762672186349	0
0.948974609375	5546960	0.5597250601745373	0.5587791736166898	0.4774589489067109	30774	0.11205305052009375	0.11205305052009375	0
0.8956298828125	1842060	0.4557871535175006	0.4562187742499107	0.4667899571980465	28898	0.1651591033433768	0.1651591033433768	0
0.8935546875	1855562	0.4120539559124932	0.41208850734049346	0.4677263451398599	28860	0.15534973422619594	0.15534973422619594	0
0.9014892578125	3323298	0.49184563381403756	0.4911957449123571	0.4733820384029604	29290	0.12587765633972656	0.12587765633972656	0
0.9176025390625	4110574	0.5733316756752623	0.5733959734161391	0.4771502042983566	29732	0.12408489841211817	0.12408489841211817	0
0.8448486328125	2160180	0.46939220251104175	0.4701029265901371	0.46981638377133955	27266	0.12859368925255737	0.12859368925255737	0
0.8883056640625	3256242	0.42793080153213575	0.42912988372808863	0.47215585892413	28478	0.13511049849132936	0.13511049849132936	0
0.899169921875	3241072	0.46244994044572113	0.46187552059359444	0.4750550136495048	29086	0.1105868630830112	0.1105868630830112	0
0.9102783203125	2202488	0.3921953998637362	0.39259055208790655	0.4666159383599165	29310	0.12741096837089907	0.12741096837089907	0
0.897705078125	3640274	0.5518419320293811	0.5510996193498141	0.47549344188376835	28936	0.14014889610448816	0.14014889610448816	0
0.80615234375	3020188	0.5186877347336766	0.5180986568274427	0.47144923729493304	25968	0.12481564433883531	0.12481564433883531	0
0.916259765625	2870564	0.370452067872376	0.3700915973634658	0.4697895164981563	29728	0.12554150040092818	0.12554150040092818	0
0.8536376953125	2998266	0.49306174462062474	0.49335252716247613	0.4675528625039853	27434	0.14323847522935593	0.14323847522935593	0
0.8876953125	2397606	0.44657606823884627	0.447021966617474	0.4679357949321629	28702	0.12768823058076126	0.12768823058076126	0
0.8521728515625	1928674	0.38261355679445264	0.38388024186758773	0.47037697668323286	27652	0.1419953403313182	0.1419953403313182	0
0.8968505859375	2429824	0.49912127319258937	0.49874923868114035	0.46817117217302434	29050	0.17584419602749213	0.17584419602749213	0
0.8936767578125	2995874	0.46461941671458584	0.4650326742856174	0.47251089724272083	28982	0.09778495573520318	0.09778495573520318	0
0.8521728515625	5247256	0.6016816079518797	0.6006897849508942	0.48160777087007767	27626	0.1197136576273123	0.1197136576273123	0
0.8980712890625	2977820	0.3938601617174085	0.3942972771494177	0.4742995695648619	28798	0.10972166858559908	0.10972166858559908	0
0.894287109375	2697888	0.5303383054789034	0.5307784452543749	0.47212889089877824	28732	0.15173440493715043	0.15173440493715043	0
0.91748046875	3280858	0.4254971281335916	0.4250188971943978	0.47540219728341104	29892	0.13300518616123144	0.13300518616123144	0
0.919921875	2298204	0.48008952808028194	0.4805834486562284	0.46900298903630344	29804	0.15551573222847906	0.15551573222847906	0
0.91845703125	2968638	0.47049175624801415	0.4718091615533786	0.472966198297857	29574	0.12995126883914848	0.12995126883914848	0
0.8916015625	2692414	0.43809766907740083	0.438164386851334	0.4717943978144536	28870	0.14849451991314305	0.14849451991314305	0
0.8662109375	2084170	0.4200738378952283	0.422126402688799	0.46889810690522654	27948	0.18468725429888008	0.18468725429888008	0
0.9327392578125	3347970	0.4465822965640344	0.44581744050695854	0.4727524586479272	30194	0.1036797767479767	0.1036797767479767	0
0.923828125	2415576	0.48399108790262996	0.48324410199304557	0.4697322746618989	29856	0.16945606298184954	0.16945606298184954	0
0.931396484375	2768362	0.45211203456745525	0.4526324837830358	0.46911482474115757	29992	0.12128898571177671	0.12128898571177671	0
0.8809814453125	2691014	0.5134525624211449	0.5131484622368413	0.45364571938072223	28088	0.1429179038633691	0.1429179038633691	0
0.890380859375	3173170	0.4734279727428414	0.4729976847843966	0.4734716043196896	28612	0.13518082134514398	0.13518082134514398	0
0.9161376953125	3282036	0.4411241603477636	0.4414808134967558	0.47357800327037863	29732	0.1326403710014384	0.1326403710014384	0
0.8992919921875	3821680	0.5355412506561297	0.5352021040910859	0.4762386831835588	29072	0.1240308801525764	0.1240308801525764	0
0.884521484375	2679316	0.49099730078423054	0.4919707858444044	0.46986740329703885	28436	0.15581256780476455	0.15581256780476455	0
0.917724609375	3899694	0.45983605448314663	0.4593164850141099	0.47539012906898237	29604	0.11348463787640019	0.11348463787640019	0
0.88818359375	2279772	0.4931234359248229	0.4936991931635755	0.4689504730429148	28768	0.1397938448894864	0.1397938448894864	0
0.9124755859375	3710466	0.42841831603951364	0.42771897435385525	0.4720784789111802	29628	0.11692369138713073	0.11692369138713073	0
0.866455078125	2299130	0.5146371173594608	0.5142797432959099	0.47083600611929116	27914	0.15175629703852306	0.15175629703852306	0
0.932861328125	3402698	0.4316546268025774	0.43156038107002365	0.46536075633171375	30060	0.11630947731781686	0.11630947731781686	0
0.906982421875	2907304	0.43887539254938096	0.4394895619399208	0.4728493447127857	29424	0.13165532663551174	0.13165532663551174	0
0.8270263671875	3925660	0.45438580864091405	0.45547678756134835	0.4724881411751078	26646	0.1289056542347591	0.1289056542347591	0
0.927978515625	3417044	0.4858632794943361	0.4857683953473842	0.4651643473585185	30016	0.13988159292649813	0.13988159292649813	0
0.8092041015625	2305876	0.43245155629920556	0.43236500680596185	0.47457202003191196	25932	0.13721277264875661	0.13721277264875661	0
0.94140625	3903306	0.5495374888492233	0.5491419790973271	0.4705455126433846	30350	0.15006387664415602	0.15006387664415602	0
0.833740234375	3731378	0.518300369409309	0.5183641157511513	0.4714566838070054	27068	0.12981982009662404	0.12981982009662404	0
0.89111328125	2969390	0.46395251316860403	0.46387990550471375	0.4707318852730635	28854	0.14290658669274814	0.14290658669274814	0
0.8880615234375	3143330	0.4913300424791118	0.49163479747734956	0.47483416736920653	28628	0.13775149820006058	0.13775149820006058	0
0.932373046875	2759336	0.4942419613823929	0.49443368871399834	0.4699095754488078	30048	0.13525960586654126	0.13525960586654126	0
0.8656005859375	5779834	0.56043037703404	0.56037808250604	0.4734016421208578	28024	0.13368933702454916	0.13368933702454916	0
0.930908203125	3027386	0.47294201080890264	0.47348657458606036	0.4724811119564086	30256	0.14007615944930765	0.14007615944930765	0
0.951171875	3084226	0.5125160918701515	0.5120360685222919	0.4722505660814971	30746	0.1387065305321745	0.1387065305321745	0
0.893310546875	2756200	0.46511049150586553	0.46615214679737965	0.467132727659046	29014	0.1353151082304224	0.1353151082304224	0
0.8970947265625	2207542	0.4094732206866151	0.41043213475107526	0.46732100868334614	29048	0.14929665827152763	0.14929665827152763	0
0.8944091796875	3487746	0.5140697876223743	0.5130685760203765	0.4744372411015059	28996	0.13865614741943041	0.13865614741943041	0
0.8275146484375	2796816	0.46378626959022445	0.46335625672081715	0.4757163882005486	26888	0.13931366967805017	0.13931366967805017	0
0.9327392578125	2776972	0.5024146144286046	0.5028615012265996	0.471166504682989	30154	0.1450796814332482	0.1450796814332482	0
0.884521484375	2301524	0.40230967304304693	0.4035820822544693	0.47121174114181724	28440	0.14530743362440168	0.14530743362440168	0
0.90771484375	4366912	0.44931787970493436	0.44936794965506005	0.4764228889081461	29378	0.1355382623365051	0.1355382623365051	0
0.8974609375	2930928	0.46764358835038905	0.4680948797177214	0.46579412310012497	28998	0.1330034414185348	0.1330034414185348	0
0.9095458984375	2494612	0.40815935197973086	0.4090012927167062	0.4667584710584543	29292	0.13942511830560636	0.13942511830560636	0
0.8341064453125	2309180	0.492868228831097	0.4933793655141421	0.4668364657442729	27032	0.13909548222401444	0.13909548222401444	0
0.8756103515625	3497294	0.5515827058091728	0.5507356181318964	0.47523266220973737	28384	0.13969882714157528	0.13969882714157528	0
0.945556640625	1942416	0.41106361825438736	0.41160591085449066	0.4637825972051188	30574	0.15640015872113386	0.15640015872113386	0
