Utilization	Connections(A2A)	Lvl1TraffRatio(A2A)	Lvl1TraffRatioNoIndirect(A2A)	RatioIndirect(A2A)	Connections(AR)	Lvl1TraffRatio(AR)	Lvl1TraffRatioNoIndirect(AR)	RatioIndirect(AR)
1.0	211398	0.23374587409507117	0.23765309737131868	0.407824839914158	7736	0.0928494608833047	0.0928494608833047	0
1.0	272010	0.24298169714376502	0.2558087903091888	0.4320176442043551	7982	0.0747009536173527	0.0747009536173527	0
1.0	228764	0.1638636217443839	0.16797531674538277	0.4021860098234602	7836	0.05890239586978565	0.05890239586978565	0
0.98876953125	273300	0.15430894853605517	0.16298331524327372	0.4315699628821661	7622	0.052887926376293824	0.052887926376293824	0
1.0	350498	0.1973544476457131	0.1973782407793134	0.43192789483548905	7866	0.06632120332333669	0.06632120332333669	0
0.9912109375	218052	0.14948904680179204	0.16193748556932677	0.4119649336438402	7698	0.07501331218997993	0.07501331218997993	0
1.0	171514	0.0751103041611106	0.0795587797761333	0.39779720830773413	7794	0.06394119692660341	0.06394119692660341	0
1.0	154122	0.14819839249818215	0.15704121816916358	0.38301384198615374	7642	0.08433646914216716	0.08433646914216716	0
1.0	144144	0.18884865119247835	0.19991405083489674	0.3763328920591033	7752	0.06375592656360579	0.06375592656360579	0
0.994140625	118730	0.21573537271402773	0.2305691407261476	0.39269856570726785	7820	0.08264624771331043	0.08264624771331043	0
1.0	222242	0.11049495141375104	0.11650575845332123	0.3895147258231986	7534	0.05709461483692213	0.05709461483692213	0
1.0	164914	0.12479669116523062	0.1413999560391902	0.38456875024920384	7778	0.07928918687432104	0.07928918687432104	0
1.0	400484	0.04182297113287088	0.04542084591063371	0.42203916079904635	7666	0.029734999895633295	0.029734999895633295	0
1.0	363564	0.23569022555832836	0.24374324142271547	0.4230586763331337	7746	0.09131572986309569	0.09131572986309569	0
1.0	183002	0.18911334789105166	0.19741126579869891	0.4093060540672593	7644	0.06265265910970427	0.06265265910970427	0
1.0	252834	0.18624529802084702	0.1909760372902754	0.40768024652593216	7818	0.06249107854030156	0.06249107854030156	0
1.0	236738	0.19354308903300332	0.2034047436436879	0.4112519018432013	7600	0.10105047427106931	0.10105047427106931	0
1.0	175740	0.23382821579636096	0.2510532510552236	0.4007855916642146	7802	0.08383678203564	0.08383678203564	0
1.0	234920	0.20617364210688027	0.2150825156783937	0.4072985305444326	7592	0.06262083663966604	0.06262083663966604	0
0.98193359375	175940	0.2342292539806051	0.2470330069625468	0.3977619155405263	7590	0.08663888492923817	0.08663888492923817	0
1.0	164046	0.11856352428621432	0.12367839817435225	0.3971506193996838	7758	0.06663280542206079	0.06663280542206079	0
1.0	136438	0.1280517800483744	0.13752110778041254	0.39015724466000906	7728	0.06628066644141291	0.06628066644141291	0
0.98486328125	281274	0.2528395007433049	0.2608337766079647	0.42490863878670265	7522	0.08829606931325294	0.08829606931325294	0
0.98681640625	165588	0.1931946025659342	0.20300896480188457	0.4013538670354669	7544	0.07750675622788038	0.07750675622788038	0
0.9921875	163582	0.043236075539622554	0.04669427001010667	0.3917544830336545	7674	0.03887637003734677	0.03887637003734677	0
0.99609375	214050	0.10542142407398258	0.11462900206641036	0.40835946146316376	7608	0.07702583701767735	0.07702583701767735	0
0.998046875	151102	0.18171170191610306	0.19180749923299312	0.39788216936571663	7760	0.06174128046501453	0.06174128046501453	0
0.96630859375	185258	0.21798203694270601	0.23147773590216764	0.39273261086864086	7418	0.09228966978245468	0.09228966978245468	0
0.994140625	232530	0.06738768357331865	0.07221021294438579	0.418726369267661	7820	0.04624292168287038	0.04624292168287038	0
1.0	151868	0.20643460366613395	0.2166461546540538	0.39226886702393204	7612	0.07979259276137018	0.07979259276137018	0
1.0	294790	0.16269352282298824	0.17017349375968052	0.4374579701257022	7658	0.07187653235488214	0.07187653235488214	0
1.0	152702	0.239887317194419	0.24751270400003575	0.4048656058972759	7750	0.08193584333064954	0.08193584333064954	0
0.998046875	194814	0.24565996054322864	0.25691926430655604	0.39282023373837877	7612	0.0885794162122867	0.0885794162122867	0
1.0	292780	0.20761601128329363	0.21553631639307833	0.41227489583803284	7720	0.077173674154976	0.077173674154976	0
0.998046875	180924	0.0726785102452844	0.07525238017568989	0.39812931289178516	7786	0.051680478189818635	0.051680478189818635	0
1.0	278756	0.21219160036357965	0.21579222462875097	0.41118219405086354	7700	0.06517100902496428	0.06517100902496428	0
1.0	233774	0.17745093600490816	0.18685375279075345	0.4043199976714189	7802	0.06203018556083918	0.06203018556083918	0
0.998046875	166188	0.18149310527995338	0.18696297314890534	0.38897436098393284	7662	0.06354664670117456	0.06354664670117456	0
1.0	140260	0.09841137186564357	0.10505769354402276	0.38921810018483205	7800	0.05401145413847443	0.05401145413847443	0
1.0	178708	0.24534819621656695	0.257747915146923	0.4052242180295596	7678	0.08834272249595962	0.08834272249595962	0
1.0	178830	0.24452970789105416	0.26296460513307335	0.40298373899155054	7748	0.08682922664788123	0.08682922664788123	0
1.0	219660	0.20502612702298084	0.21084280096926575	0.400082718859276	7772	0.05847985671625263	0.05847985671625263	0
1.0	179170	0.0920307682115465	0.09560621425724294	0.40433158309646083	7734	0.04450511880664877	0.04450511880664877	0
1.0	237120	0.08576064390470534	0.09641588632626358	0.40232019470890895	7654	0.06371332673955121	0.06371332673955121	0
1.0	131838	0.17209573083389124	0.17678971775002178	0.37384247805532994	7470	0.08150186567189546	0.08150186567189546	0
1.0	285842	0.23361162315901815	0.24124385779065063	0.4021909469227815	7512	0.06812616910639813	0.06812616910639813	0
1.0	168802	0.16127210759799904	0.17171339482942813	0.40485428698498455	7856	0.07000374707830263	0.07000374707830263	0
1.0	228552	0.22463208957979833	0.23173529662908812	0.41130937331113526	7910	0.05186064858491557	0.05186064858491557	0
1.0	254448	0.17712716013154847	0.18496627661563064	0.41729740236776935	7774	0.06810807952152385	0.06810807952152385	0
0.99560546875	173700	0.0805774038318187	0.09211182701813977	0.4014050044956039	7730	0.060613895117420685	0.060613895117420685	0
0.99365234375	149280	0.1137660303325888	0.11773539698579463	0.3839249217278709	7546	0.051690827972278634	0.051690827972278634	0
0.998046875	227070	0.15931568838123528	0.16927923688992302	0.4090631222604906	7704	0.0666302391633433	0.0666302391633433	0
1.0	227776	0.07795053114316203	0.08100188095511512	0.4016118355103111	7646	0.052678756611480984	0.052678756611480984	0
0.998046875	231214	0.22699987351564432	0.2357943002094905	0.40686728152354856	7724	0.08696629089094593	0.08696629089094593	0
1.0	159620	0.011874889258207158	0.014049481079794356	0.3867748050607071	7540	0.03302935934896083	0.03302935934896083	0
1.0	266976	0.2969333268833166	0.3087417290799756	0.4165128421695703	7756	0.07955056398840751	0.07955056398840751	0
1.0	160084	0.11287634250699866	0.12431886873619555	0.3971020148997113	7698	0.08931350592204977	0.08931350592204977	0
1.0	162990	0.2453363002420285	0.25848374587133705	0.39552976738446016	7776	0.0842043615271206	0.0842043615271206	0
1.0	207454	0.29183753132224116	0.2979967392875925	0.4074430557481123	7668	0.10052043795629906	0.10052043795629906	0
1.0	141228	0.23310945762555546	0.24420726947713256	0.37885425223206065	7528	0.09318930651301026	0.09318930651301026	0
1.0	210988	0.3576745052809747	0.36431958330622227	0.40174545492824104	7630	0.09267816778276959	0.09267816778276959	0
1.0	254104	0.23190510796164282	0.23764388014310292	0.4150302476348527	7772	0.05547201386697634	0.05547201386697634	0
1.0	245812	0.27582144087883576	0.2850513732559734	0.4038398117689273	7574	0.08005719809441127	0.08005719809441127	0
1.0	256876	0.35811603861709085	0.3682285196728504	0.41396716274942663	7688	0.1071663867401304	0.1071663867401304	0
0.98388671875	242718	0.2309298730088156	0.2371858781472943	0.4151298949442825	7718	0.09724817024840247	0.09724817024840247	0
1.0	227384	0.06053702171811272	0.06458694955710553	0.41596572792344233	7712	0.06725947311026684	0.06725947311026684	0
1.0	168916	0.23334861433359944	0.24577356825158417	0.3984987413940986	7666	0.09582199423226684	0.09582199423226684	0
1.0	180558	0.145166213071569	0.1498531933498159	0.4062933957620272	7756	0.0909430187173698	0.0909430187173698	0
1.0	134056	0.14840293741304153	0.1552858095679444	0.39232858918735203	7648	0.07628607116287722	0.07628607116287722	0
1.0	195430	0.1815237349473013	0.19181647122775608	0.3977894313720555	7730	0.07749650918035922	0.07749650918035922	0
0.99560546875	238680	0.3022458018338061	0.3156758043778289	0.4262149168443024	7814	0.09207108914361996	0.09207108914361996	0
1.0	174206	0.18924561087351005	0.1961687293971144	0.40471986250045533	7816	0.10843216805398145	0.10843216805398145	0
1.0	152410	0.18311602731943766	0.1949289894659729	0.39207546548371397	7800	0.08376757787290588	0.08376757787290588	0
0.99560546875	180542	0.07740679496266228	0.08550281994762089	0.4075075595500767	7630	0.06840702652967173	0.06840702652967173	0
1.0	321242	0.24177801510798155	0.2555712091373209	0.41699606906392295	7638	0.09577568831933063	0.09577568831933063	0
0.99560546875	234058	0.20656775226579668	0.21086046520983595	0.42411910284767096	7880	0.050906738020119094	0.050906738020119094	0
1.0	256300	0.14025350925457233	0.14904687041420342	0.4046979777480039	7670	0.07154719703065868	0.07154719703065868	0
1.0	268682	0.1919135490212415	0.20112941675310111	0.40251030097124674	7758	0.07023507050010012	0.07023507050010012	0
0.962890625	279914	0.1795713770042044	0.18921539102991644	0.4301159014609943	7400	0.06215878935066506	0.06215878935066506	0
1.0	190160	0.31688442663730765	0.32338523030059246	0.416313517112409	7804	0.08722185875975161	0.08722185875975161	0
0.9873046875	193182	0.20088451434624371	0.21211893324226816	0.4046149200970686	7708	0.04648631385460371	0.04648631385460371	0
1.0	219050	0.17926386248322218	0.18515903390414243	0.4074816485833103	7796	0.0847901350683335	0.0847901350683335	0
1.0	160420	0.16295828828231668	0.17713549523349795	0.3937206842897236	7722	0.08517071526539376	0.08517071526539376	0
1.0	184962	0.16786385723219777	0.17362563454421523	0.3964381059184335	7684	0.05609514105076712	0.05609514105076712	0
1.0	207064	0.2948207009594395	0.30553106232633476	0.4148062810855544	7950	0.08589612743139217	0.08589612743139217	0
0.9697265625	190364	0.24150743783949816	0.25165173481663317	0.4116036237050467	7528	0.07613608274113849	0.07613608274113849	0
1.0	126320	0.20674703649560816	0.22034173128730142	0.3812354204660886	7544	0.08958896881611901	0.08958896881611901	0
1.0	148572	0.2403081574402204	0.25419109667010364	0.39311165279948385	7668	0.0984024674415931	0.0984024674415931	0
1.0	197886	0.13969208946943043	0.1483694588468377	0.4070392844225978	7804	0.04523380748636515	0.04523380748636515	0
1.0	140970	0.11299552553223507	0.123502222894987	0.38344255809373246	7590	0.045868012146303795	0.045868012146303795	0
1.0	227596	0.05512702901573012	0.05965576571475969	0.42757585231876144	7816	0.03747092838027272	0.03747092838027272	0
1.0	179390	0.2165378631720788	0.22852539219711002	0.3892223789111617	7760	0.051057538761410184	0.051057538761410184	0
1.0	171236	0.21334716915049584	0.22619124918495956	0.41601460466056955	7846	0.10332377034776767	0.10332377034776767	0
1.0	202976	0.12451431089684167	0.1370927978361088	0.3874042067175008	7554	0.07884745682648617	0.07884745682648617	0
1.0	121294	0.11092339982808164	0.12221271432891732	0.3763161154488797	7594	0.08961173646437443	0.08961173646437443	0
1.0	184960	0.011207202681189457	0.012127354335007409	0.3846239089696421	7558	0.020122197874727858	0.020122197874727858	0
1.0	248764	0.22463551644769758	0.2368372038458336	0.4112791534418833	7702	0.07328953493416308	0.07328953493416308	0
0.994140625	177254	0.185209606592851	0.19641740951791625	0.3881545348783047	7630	0.07196153205070928	0.07196153205070928	0
0.97900390625	237582	0.12599038453256833	0.13197530007227343	0.40905066419079117	7602	0.05906099462105016	0.05906099462105016	0
1.0	251154	0.22133344138103328	0.22788693029631313	0.4010387906734764	7678	0.07509015673354036	0.07509015673354036	0
1.0	212030	0.19307870512325342	0.2010062021224272	0.4178436901768758	7672	0.05885712043577943	0.05885712043577943	0
0.96142578125	176564	0.24837150201071895	0.25889456574315906	0.41191584220797434	7408	0.08197602611895599	0.08197602611895599	0
1.0	195994	0.1007788586796925	0.10219455222594234	0.39830460010431556	7708	0.0443254931256717	0.0443254931256717	0
1.0	189710	0.07148554809908765	0.0781720713599681	0.3947392925800413	7656	0.05469867190478453	0.05469867190478453	0
1.0	180066	0.19009873779641787	0.19539677944488493	0.3908678022059469	7574	0.07451105788108683	0.07451105788108683	0
0.998046875	210406	0.10396754715546551	0.11070535475004885	0.39040447712005766	7574	0.07312040312685464	0.07312040312685464	0
0.98681640625	191308	0.17016905231371396	0.17688384481589223	0.38251308887987107	7490	0.07883244181133961	0.07883244181133961	0
1.0	194416	0.19302787551242204	0.20136004893257697	0.40593623257553785	7688	0.0781005427992368	0.0781005427992368	0
1.0	199550	0.2660102153490966	0.27626737046578453	0.40926375746849414	7798	0.08869186303947571	0.08869186303947571	0
1.0	205512	0.15005143434554508	0.1596047740391672	0.4161269156273557	7896	0.07136688889200904	0.07136688889200904	0
1.0	252092	0.10350808732175575	0.1106783150444016	0.4186159077690019	7858	0.06092772626773307	0.06092772626773307	0
0.990234375	195464	0.2911962543365621	0.30447033135934676	0.4031558222355613	7690	0.08079048005442269	0.08079048005442269	0
1.0	165370	0.07211327633016992	0.07768668497280128	0.39770291339412817	7696	0.05965751859265668	0.05965751859265668	0
0.998046875	173858	0.18824308227878	0.1975952588826524	0.38540097849970617	7620	0.07138199977108317	0.07138199977108317	0
0.99609375	127724	0.12915065762727054	0.13862940788606407	0.3900605555058392	7742	0.07545441417310608	0.07545441417310608	0
1.0	184302	0.1754978584541621	0.18736333170770908	0.40834764251756006	7758	0.08526976870976673	0.08526976870976673	0
1.0	98740	0.18266007983929472	0.19614553065015883	0.36161251893611457	7486	0.08621634661780364	0.08621634661780364	0
1.0	168510	0.16700020397579501	0.17811165161765807	0.3755267154466144	7568	0.08981464547527765	0.08981464547527765	0
0.982421875	230346	0.24266524818687238	0.25602789996651376	0.40832260964674455	7694	0.08014920610461802	0.08014920610461802	0
0.9921875	267280	0.1074442260120056	0.11054408145483692	0.4070800136052806	7606	0.037631229776119726	0.037631229776119726	0
0.9912109375	160594	0.19325666283884735	0.1983703124362433	0.38927962262577137	7598	0.10122356859328763	0.10122356859328763	0
1.0	129970	0.13721869953534288	0.14429321127406278	0.3919528446836731	7886	0.07073416077345261	0.07073416077345261	0
1.0	165230	0.16966196390672933	0.18151244025173335	0.3834804733155894	7640	0.07265364577943473	0.07265364577943473	0
1.0	188320	0.13813830890389925	0.15131028176869218	0.3874289745128059	7496	0.07509157407904905	0.07509157407904905	0
1.0	179998	0.14306724844578972	0.15112404355624792	0.3987973099133814	7744	0.06945364544580464	0.06945364544580464	0
1.0	216940	0.11969984502887007	0.1289985139529007	0.4012307428110203	7634	0.04911768156972389	0.04911768156972389	0
1.0	160580	0.13374060379988562	0.1382201910845423	0.4016274870396559	7804	0.10074966654683358	0.10074966654683358	0
0.9921875	178512	0.27305435168345626	0.2799387207105598	0.4070816399957104	7866	0.09009428197643603	0.09009428197643603	0
1.0	290086	0.14272617399611645	0.15065735241733252	0.4110744516235585	7678	0.06689419556490953	0.06689419556490953	0
1.0	177926	0.2870700969047497	0.29620766476623694	0.408417697760548	7706	0.10827987287679705	0.10827987287679705	0
1.0	250960	0.10263093757471284	0.11008749978449144	0.3993585276764316	7716	0.05242125486495314	0.05242125486495314	0
1.0	202612	0.2667678968313024	0.2711751593092683	0.40022617673022	7776	0.07747234755204022	0.07747234755204022	0
1.0	207330	0.2482906905803895	0.254899736101626	0.4115944748586011	7862	0.06180340695042177	0.06180340695042177	0
0.990234375	171378	0.15867429559597915	0.17220728447741512	0.392604798610527	7620	0.06646067209355462	0.06646067209355462	0
1.0	209954	0.3275848938384774	0.3328637118412603	0.39573554267461436	7580	0.08367876514177922	0.08367876514177922	0
1.0	167244	0.16005599991628786	0.17131404134416475	0.40796511213423114	7674	0.08780664596395432	0.08780664596395432	0
0.99560546875	167332	0.20762694742486554	0.2175557168664549	0.3929136328732106	7686	0.08950465286702462	0.08950465286702462	0
1.0	228546	0.18879203916927093	0.19869980606752427	0.3964533644098644	7600	0.0798862647203696	0.0798862647203696	0
1.0	260082	0.18034477931019705	0.1889492024161679	0.41541463115418087	7750	0.07754013925385614	0.07754013925385614	0
1.0	227862	0.18724844189963993	0.20183285698793804	0.40801992792413116	7784	0.08385973870924902	0.08385973870924902	0
1.0	240718	0.14958262752890325	0.15643181111206705	0.4252512606765084	7712	0.08899098760192638	0.08899098760192638	0
1.0	216964	0.18096598660103716	0.1889345109343558	0.4220020187503896	7832	0.07979129798277051	0.07979129798277051	0
1.0	256122	0.14362562986743435	0.1507086485227084	0.3999879990154209	7752	0.07344153110483312	0.07344153110483312	0
0.98681640625	229280	0.15789266924733578	0.16652154400067753	0.39908998837353993	7584	0.058105574195200724	0.058105574195200724	0
1.0	155506	0.22796834454759218	0.241420279217412	0.4064802135991443	7730	0.09286833494424974	0.09286833494424974	0
1.0	216082	0.29737185320722037	0.30340210745148555	0.405941756602555	7724	0.08482002253252204	0.08482002253252204	0
0.99560546875	207022	0.17625319885667662	0.1816485180155195	0.4011039892025227	7770	0.05928351789452157	0.05928351789452157	0
1.0	219386	0.18541851910325335	0.19804651145505683	0.4176458332400986	7676	0.07164031234018167	0.07164031234018167	0
1.0	209270	0.1825660533745511	0.18891065136022064	0.42762955269569797	7960	0.08531649829519306	0.08531649829519306	0
1.0	190732	0.23907354586158114	0.2496882313613627	0.40496443094505813	7738	0.08740405542810506	0.08740405542810506	0
1.0	192288	0.24653941700829157	0.2515684066216956	0.39772054017043357	7708	0.06712820189513072	0.06712820189513072	0
1.0	227030	0.24746496014816685	0.2530289466358036	0.4181895099319644	7890	0.07395483354075302	0.07395483354075302	0
1.0	171176	0.08624628478069435	0.09197388289337352	0.38565141362355515	7714	0.07004049290346573	0.07004049290346573	0
1.0	181576	0.05482260639545706	0.06477376443265481	0.394997653884602	7648	0.041934074818073534	0.041934074818073534	0
0.9912109375	329528	0.1705813937665281	0.17295307162386997	0.4257591828342713	7812	0.060201332568338095	0.060201332568338095	0
0.9912109375	149824	0.16553165967906097	0.17946404233914295	0.39593427004487275	7642	0.0695634408649939	0.0695634408649939	0
1.0	299236	0.2098076448675142	0.2189671260964301	0.42205869227371884	7888	0.09019648952448213	0.09019648952448213	0
1.0	168146	0.16208051930485734	0.1663455984564771	0.40156024366536697	7756	0.07090974637563417	0.07090974637563417	0
1.0	159980	0.12143187424827023	0.1288800484797448	0.3823493671388552	7532	0.08114192319427779	0.08114192319427779	0
0.990234375	186068	0.10032804468689221	0.10778046696966266	0.4101455970348952	7882	0.0713793107190175	0.0713793107190175	0
1.0	194688	0.16254661479907812	0.1720224580621802	0.40583655061714724	7780	0.059380251906592456	0.059380251906592456	0
1.0	168972	0.2069977185002287	0.22178183572076896	0.4029305195625763	7844	0.0864209410413386	0.0864209410413386	0
0.97265625	122996	0.17146691619932322	0.1814221726634043	0.3850556725219498	7326	0.12600689500580683	0.12600689500580683	0
1.0	160894	0.0642576051342357	0.06786217335021302	0.3767364683386949	7654	0.04748455050986658	0.04748455050986658	0
0.9951171875	227326	0.16623092338449313	0.17780417002172075	0.400902534778945	7650	0.06752767760849178	0.06752767760849178	0
1.0	272414	0.10169258202890663	0.11077420090358152	0.4090826386997331	7642	0.08737169579270905	0.08737169579270905	0
1.0	177868	0.15233929615101038	0.16200645001139577	0.3993159596082256	7642	0.0727489956078097	0.0727489956078097	0
1.0	129388	0.19123575772416118	0.2002307181988064	0.39195600326418106	7832	0.09871399512534304	0.09871399512534304	0
0.9951171875	242210	0.13540881529777704	0.1406033911938894	0.42145570594486403	7980	0.08402146741259914	0.08402146741259914	0
1.0	170974	0.11209811730862665	0.120963519960494	0.40679372240016004	7782	0.043355210175191526	0.043355210175191526	0
1.0	192336	0.23289166616724688	0.2438807979797259	0.40320591247240806	7758	0.07273381278510063	0.07273381278510063	0
1.0	215386	0.23204924922268522	0.24169488507625045	0.4103933097354784	7816	0.09349447731496385	0.09349447731496385	0
1.0	161400	0.21986094542772058	0.23084803731274425	0.3935033594231767	7658	0.09133515102096217	0.09133515102096217	0
1.0	197442	0.07175408533686126	0.08126394574229232	0.39827540987797677	7734	0.08777526851718806	0.08777526851718806	0
1.0	156520	0.14446023009483885	0.1522130743209871	0.3750102981577314	7456	0.06996310708522581	0.06996310708522581	0
0.99609375	250506	0.1966283151970161	0.21062678582648517	0.40080176042322363	7580	0.0777954809370152	0.0777954809370152	0
1.0	233644	0.10838781064439126	0.11400252801234823	0.42111429270781325	7884	0.0763351727550092	0.0763351727550092	0
0.994140625	225732	0.18131904479946728	0.19210803353567066	0.41382365302444607	7672	0.0573471562510986	0.0573471562510986	0
1.0	205970	0.2612267567698662	0.2714579383971111	0.3933400978051252	7646	0.08108739011479829	0.08108739011479829	0
1.0	243010	0.16523584133569696	0.1715502174595607	0.4084165429208617	7850	0.06368576640531141	0.06368576640531141	0
1.0	223174	0.23624322356452027	0.24639260953640238	0.40613902106417404	7726	0.09096611451033725	0.09096611451033725	0
1.0	221644	0.05944760933362007	0.06451762615098158	0.3953197452821711	7706	0.06504232342831366	0.06504232342831366	0
1.0	208202	0.16865832871883749	0.18731308261271215	0.40547403289883244	7674	0.07586310095503196	0.07586310095503196	0
1.0	143408	0.11678092614041098	0.12861553931937078	0.37085770032829696	7554	0.06626708866641541	0.06626708866641541	0
1.0	249410	0.19480195302447234	0.19820985712508143	0.39475168831427654	7592	0.07838110740097164	0.07838110740097164	0
1.0	186498	0.19174372167835702	0.2010864397496945	0.41244233117648976	7884	0.06781432665420271	0.06781432665420271	0
1.0	174784	0.2256889407606075	0.24006716117784274	0.40634138992253943	7692	0.09898870457278555	0.09898870457278555	0
0.98876953125	154000	0.1509736658873441	0.1619778262466616	0.39888249198079206	7788	0.0842937700932732	0.0842937700932732	0
1.0	103824	0.09942610282162188	0.11174009163878293	0.3605097426606066	7492	0.06324488171735922	0.06324488171735922	0
1.0	151708	0.06652826743565982	0.06902581052862254	0.38123387925332347	7636	0.03146725325331154	0.03146725325331154	0
0.99560546875	173628	0.19723371521803454	0.2104935073587751	0.40638122743229826	7756	0.07193792868133976	0.07193792868133976	0
1.0	190176	0.1404434503224188	0.14331457347145807	0.3938181006839135	7628	0.08346104337098531	0.08346104337098531	0
1.0	213352	0.2220985191686649	0.23129395430647418	0.40301276903827454	7722	0.0728746596670124	0.0728746596670124	0
1.0	164898	0.14980169337053967	0.159212463202191	0.3912112721835624	7710	0.09879809489095245	0.09879809489095245	0
0.982421875	170034	0.13331805762881455	0.13586149257122832	0.39775360003677673	7530	0.0931004144846426	0.0931004144846426	0
1.0	285704	0.16032005858073933	0.16696395926525667	0.423746781212516	7682	0.053576403005331966	0.053576403005331966	0
1.0	200650	0.1899537379601612	0.20431021469088434	0.40023878027600096	7676	0.08527464247867471	0.08527464247867471	0
1.0	186834	0.27542640079189323	0.2813025954843015	0.39871265125624206	7656	0.08679487570405371	0.08679487570405371	0
1.0	281858	0.17941110427649076	0.19073219027251254	0.4069971204463052	7696	0.0775462751757305	0.0775462751757305	0
1.0	145422	0.17900307330995166	0.1945795574020245	0.3775490347886978	7532	0.08836951939527427	0.08836951939527427	0
0.99560546875	257088	0.1409362909622136	0.14823016757204377	0.4356794049603774	7842	0.06519524837954817	0.06519524837954817	0
0.97900390625	260282	0.09010706776025368	0.0962338201326306	0.42148195158409263	7658	0.0615305387495804	0.0615305387495804	0
0.9921875	278352	0.24096954549492575	0.2488182557729892	0.41506132483419117	7572	0.08994817189950235	0.08994817189950235	0
1.0	185674	0.21015433501263137	0.21852185182038966	0.41691893109497236	7886	0.06488584889941579	0.06488584889941579	0
0.9951171875	134956	0.2633366819293265	0.28021038768337786	0.37809753717719724	7488	0.10194988244360344	0.10194988244360344	0
0.998046875	153818	0.06804267137545492	0.07213538187934697	0.37089405292304706	7546	0.03244931838197419	0.03244931838197419	0
1.0	138420	0.04944002459110417	0.05485807427932459	0.37681094306914426	7714	0.03648895224962701	0.03648895224962701	0
1.0	187934	0.09233397477982937	0.0984404693461746	0.40542957834551707	7840	0.05898199961258584	0.05898199961258584	0
1.0	187546	0.2081888882033596	0.21836950271284591	0.39052579612476374	7782	0.06304489873275787	0.06304489873275787	0
1.0	260798	0.27137892946958414	0.2801512131373546	0.4241006786409918	7834	0.060271507012105596	0.060271507012105596	0
1.0	151906	0.08718537592379752	0.09251546271160521	0.40803435333828036	7904	0.042926618921205875	0.042926618921205875	0
1.0	224414	0.25447155032935126	0.2718726472950227	0.4222472571684574	7878	0.08088639977921805	0.08088639977921805	0
1.0	138784	0.11969162720552377	0.13182136860350396	0.37987466788376123	7670	0.07493641986202697	0.07493641986202697	0
0.9794921875	291432	0.28531677774496234	0.2924514794568399	0.43843034802773034	7616	0.05521260827535307	0.05521260827535307	0
1.0	154870	0.08494622450640864	0.08882249447718202	0.39431126860126264	7696	0.06273391237075396	0.06273391237075396	0
0.9892578125	181304	0.20550683288870222	0.21397140121550337	0.4210067296285258	7868	0.08251328620046199	0.08251328620046199	0
1.0	199334	0.07147714090265748	0.07491091309716968	0.3950091273408032	7670	0.0856635771516541	0.0856635771516541	0
0.98681640625	194310	0.16608922837390305	0.18572994001611687	0.4134756935628783	7744	0.08891294358902542	0.08891294358902542	0
1.0	205096	0.08537663850713681	0.09087433109302996	0.3969420467690441	7662	0.05325835770321151	0.05325835770321151	0
1.0	360186	0.160957051029557	0.16998112774998092	0.4166507498173109	7606	0.05582766919257389	0.05582766919257389	0
1.0	256652	0.0634045505198081	0.06686020580552318	0.3976645705310468	7600	0.028460768290882867	0.028460768290882867	0
0.9912109375	153952	0.1702996441959926	0.1825414223243486	0.4018894481625463	7728	0.10012732562552472	0.10012732562552472	0
1.0	227106	0.12456685932440892	0.1269755626278952	0.4141251960940074	7782	0.046935471083077426	0.046935471083077426	0
1.0	194002	0.21325409672760326	0.2211908410714206	0.4053733459412691	7836	0.11490939221314772	0.11490939221314772	0
1.0	197238	0.26487223693918593	0.276026616744732	0.41025450562893956	7826	0.0898304065922575	0.0898304065922575	0
0.9892578125	287934	0.06411359534041723	0.06671764314964482	0.4117062206584459	7680	0.04821116603121022	0.04821116603121022	0
1.0	176102	0.2295380060422299	0.242495343149611	0.4055325587280076	7732	0.09017200818703956	0.09017200818703956	0
1.0	173150	0.18798692900622216	0.20271869191698472	0.40530341630235345	7770	0.0746816037765582	0.0746816037765582	0
1.0	173142	0.12304520939994003	0.13138260084812253	0.38834727532946617	7598	0.06893345968730351	0.06893345968730351	0
0.998046875	204800	0.13798752264776518	0.14836486624029604	0.41172016367584124	7746	0.07697579044235046	0.07697579044235046	0
1.0	228886	0.287176133667774	0.2974635859300409	0.4112183319022468	7710	0.07863522771887789	0.07863522771887789	0
1.0	200076	0.17463310570609852	0.18448414481599612	0.40706229934953914	7804	0.0759955344601124	0.0759955344601124	0
1.0	175904	0.20472034776678122	0.21264738814851047	0.3861900974859056	7496	0.09353780223388292	0.09353780223388292	0
1.0	180610	0.16335230838445197	0.16914523253657104	0.3902167168069219	7626	0.056611779344734624	0.056611779344734624	0
1.0	226142	0.1670934387661357	0.17937460171515596	0.40428783747666963	7552	0.08915278558552889	0.08915278558552889	0
1.0	271180	0.2647264069681553	0.27569018402222567	0.43417052865708694	7650	0.07932161430790073	0.07932161430790073	0
0.96142578125	177990	0.1688078109554253	0.18351257291423453	0.41045800032499025	7710	0.08186666922118287	0.08186666922118287	0
1.0	256194	0.17886417409218902	0.18204217045241886	0.4040227342861998	7788	0.0628499345211917	0.0628499345211917	0
1.0	156658	0.15430912730026702	0.16350274278605062	0.3830964500752759	7484	0.0660090696883168	0.0660090696883168	0
1.0	189792	0.1415983838168374	0.15102326336744365	0.40138988951249815	7850	0.06530523842823728	0.06530523842823728	0
1.0	211662	0.22098134259051858	0.22544756692623052	0.3969740109544518	7668	0.0595805709299542	0.0595805709299542	0
1.0	205314	0.20653701654064544	0.21494984611051565	0.41050558531181786	7866	0.059645380203466436	0.059645380203466436	0
0.998046875	246322	0.15292662039589933	0.16385870054135168	0.4209934054467004	7770	0.08425959511881644	0.08425959511881644	0
1.0	362408	0.19104526435768285	0.20274218682978098	0.444088538255027	7668	0.08092707552656916	0.08092707552656916	0
1.0	213858	0.0553372465485724	0.058657486361208815	0.3936646230604485	7770	0.06706923607660412	0.06706923607660412	0
1.0	144560	0.21600188448236593	0.23153111910788848	0.3846105683798436	7764	0.08379038936136285	0.08379038936136285	0
1.0	161068	0.24534167715824573	0.2577013672593306	0.385793074149598	7662	0.07627390193078734	0.07627390193078734	0
1.0	144262	0.11317572399735042	0.11971243298136447	0.38148099603331254	7540	0.0712932873156518	0.0712932873156518	0
1.0	170646	0.11162778477805031	0.12161483863525643	0.39373743858929205	7594	0.05259984983797591	0.05259984983797591	0
1.0	180064	0.17419947924336307	0.18100703862796155	0.3850124518776192	7522	0.08152230727635448	0.08152230727635448	0
1.0	186132	0.0651597737362255	0.07541593998961839	0.39547375214077807	7634	0.060463082283646656	0.060463082283646656	0
1.0	164574	0.22973102633331374	0.2364061273106142	0.3941500442007188	7762	0.07791972203416006	0.07791972203416006	0
1.0	271372	0.14613744558823957	0.1554246272975402	0.40294851555143324	7562	0.06744123167624767	0.06744123167624767	0
1.0	244576	0.24714975710298379	0.2621445170861935	0.4245870555715576	7850	0.08385989254240163	0.08385989254240163	0
1.0	139398	0.1322005725646785	0.1425188497612543	0.39383215741279165	7794	0.0652965790949424	0.0652965790949424	0
1.0	174886	0.11809367107925145	0.1272571525756984	0.3925788440374634	7572	0.08062903231762403	0.08062903231762403	0
1.0	194960	0.11505278586566164	0.1206385485565748	0.3923819016439747	7592	0.08427149916998998	0.08427149916998998	0
1.0	203832	0.1582526989529549	0.16546633124365026	0.39296171447173883	7704	0.06992975516115263	0.06992975516115263	0
1.0	316142	0.24405825557484778	0.24707493511735112	0.42587845523869833	7840	0.05835994129037449	0.05835994129037449	0
1.0	181030	0.20695554751298145	0.21797020467929915	0.3872463116012454	7532	0.09554423325073755	0.09554423325073755	0
1.0	244512	0.27973104040011854	0.29437602538659824	0.3976101289071848	7554	0.05897938912815381	0.05897938912815381	0
1.0	170300	0.06779307528392488	0.06888832683290651	0.37668059698317186	7474	0.024331545285647817	0.024331545285647817	0
1.0	211530	0.0677155617933298	0.0766378991377751	0.41153739796487726	7764	0.04950851886049765	0.04950851886049765	0
1.0	197828	0.13343633570605912	0.14375965681760053	0.400987063397398	7708	0.10167871916733849	0.10167871916733849	0
1.0	245148	0.19327657212147303	0.19997468704791727	0.4175110118983696	7842	0.0725787624478246	0.0725787624478246	0
1.0	155766	0.2216952520961278	0.22631302307557738	0.39595750449888906	7726	0.07462302451328448	0.07462302451328448	0
1.0	192742	0.18399901087730644	0.19148988938692402	0.39752083731741883	7714	0.07328211364249079	0.07328211364249079	0
1.0	268378	0.1475181780082125	0.1495104540861626	0.40309727216940033	7670	0.029904870233534026	0.029904870233534026	0
1.0	143270	0.19490968678754275	0.20137561857161024	0.38747005013779745	7698	0.05849093516310254	0.05849093516310254	0
1.0	145004	0.19460517167111863	0.20419948680819164	0.4034558498776562	7830	0.10170700607948101	0.10170700607948101	0
1.0	151856	0.060567516565648606	0.06999297841608959	0.3858891600971781	7564	0.07698735217057186	0.07698735217057186	0
1.0	230958	0.13625695038926885	0.13918349924031756	0.4077997457538467	7756	0.06990583834659705	0.06990583834659705	0
1.0	156168	0.1347806387832626	0.13975601013284156	0.3931588388018474	7774	0.07017761790155155	0.07017761790155155	0
1.0	156146	0.20218419822062128	0.20758101041182697	0.39657939188961255	7808	0.08955862187362748	0.08955862187362748	0
0.99560546875	149760	0.10367752592585221	0.10752070105555424	0.39097405245691946	7568	0.07226501525707116	0.07226501525707116	0
0.998046875	212422	0.24317882492199677	0.2530440304263452	0.3987986036321795	7674	0.0874645844225903	0.0874645844225903	0
0.994140625	210676	0.11445746387797041	0.12815021793895212	0.41329218601446177	7700	0.07337744620331162	0.07337744620331162	0
1.0	175912	0.19077169409262262	0.19937298011282117	0.40060811332508733	7736	0.06971854734508226	0.06971854734508226	0
1.0	191248	0.2422767697307062	0.25127931446026164	0.4000489451053148	7744	0.08549517660893237	0.08549517660893237	0
1.0	174972	0.16820283761613125	0.17828706004751865	0.406705064754751	7714	0.0872677146965047	0.0872677146965047	0
1.0	259826	0.09522292740913894	0.10288299012944908	0.4132622038706137	7664	0.060694045706979886	0.060694045706979886	0
1.0	240214	0.15965091146074076	0.174714240014701	0.39863623788753083	7522	0.09806926786780039	0.09806926786780039	0
1.0	212118	0.17827252899826831	0.18919200317647947	0.3922813569345082	7568	0.08127592062865492	0.08127592062865492	0
1.0	176996	0.15897437212789986	0.16445235543868564	0.39597937670873024	7624	0.0858650233525036	0.0858650233525036	0
0.990234375	209630	0.25691613449450923	0.2689605473778295	0.4043816731916508	7660	0.056956129763417324	0.056956129763417324	0
1.0	243798	0.31617303352508286	0.3216673826625123	0.4089766218728464	7690	0.0886220608366824	0.0886220608366824	0
1.0	155426	0.1509185538266189	0.1613614107227079	0.38463965206574263	7678	0.08190161725410508	0.08190161725410508	0
0.97900390625	275688	0.1954342634974285	0.20411123465109388	0.43586511212112294	7804	0.07953564582555592	0.07953564582555592	0
1.0	202828	0.14462061598332562	0.14986144881432834	0.3739118187244157	7388	0.053122945051443576	0.053122945051443576	0
1.0	197984	0.08389811280721379	0.09195001810204746	0.4171437606023642	7814	0.06766902556867382	0.06766902556867382	0
1.0	222966	0.285244634439519	0.292130808919339	0.40534726993991566	7630	0.08124030104763774	0.08124030104763774	0
0.9912109375	229478	0.13200107951124632	0.13912412494479248	0.4178938018385017	7582	0.08356627186316436	0.08356627186316436	0
0.99755859375	223562	0.1613021259803786	0.17071961329346466	0.42017108711001167	7744	0.060702404715257494	0.060702404715257494	0
1.0	212920	0.2124206117083739	0.22188281890406358	0.40254885235405635	7660	0.09222659141690752	0.09222659141690752	0
1.0	151974	0.09196562933780035	0.09954593242125429	0.4025397479376036	7784	0.06707457789401379	0.06707457789401379	0
1.0	167436	0.16826191945603072	0.17628306641231545	0.4048832613721387	7690	0.09213669623982344	0.09213669623982344	0
1.0	232728	0.2064311187934285	0.21305123502404136	0.4021246720143566	7704	0.06887629477270521	0.06887629477270521	0
1.0	128306	0.23141253946597232	0.24339721465111033	0.3774870037345115	7548	0.10481512767945347	0.10481512767945347	0
1.0	149180	0.18413196528264286	0.19083860974023362	0.38680067363839105	7632	0.08557987811395532	0.08557987811395532	0
1.0	149306	0.09475033603316584	0.10051838343742614	0.38556860947757426	7810	0.04495090428327463	0.04495090428327463	0
1.0	194860	0.21721249577362037	0.23234978656020508	0.39549261760891175	7648	0.08328069987680439	0.08328069987680439	0
1.0	210148	0.18530476322659079	0.19240202789148245	0.4115301079575042	7850	0.07626126858049065	0.07626126858049065	0
0.998046875	183568	0.12451783888745321	0.13431431487929943	0.41488560573221234	7838	0.07486537447834528	0.07486537447834528	0
1.0	227504	0.19931830083998497	0.20884232731930874	0.40387859636468465	7694	0.07366843620979614	0.07366843620979614	0
1.0	206812	0.08673616934204278	0.09305348911363709	0.40695331707032684	7866	0.06493188846723182	0.06493188846723182	0
0.99609375	143344	0.17470048512098194	0.18478404156372566	0.3962377327884021	7716	0.10120799771960849	0.10120799771960849	0
0.998046875	206322	0.16618610114273835	0.17641185152601868	0.41060358871066843	7734	0.08417633832348434	0.08417633832348434	0
1.0	180980	0.21094122394559622	0.23110342599619477	0.41254208066008163	7750	0.08214824601763017	0.08214824601763017	0
0.98876953125	220304	0.2836465790687515	0.29241123081805565	0.4122269883374952	7652	0.08701119465536986	0.08701119465536986	0
0.9921875	146598	0.14335944538920328	0.15278343853770704	0.3952494755028781	7716	0.08512956104791018	0.08512956104791018	0
1.0	158032	0.1464911871316422	0.15624757719229648	0.3860583445209069	7786	0.06927859232382391	0.06927859232382391	0
1.0	262246	0.052888114787846136	0.05607000263128662	0.4185827669086514	7822	0.048957142765525354	0.048957142765525354	0
1.0	151790	0.21403792330009772	0.2295951334866686	0.3879334192052258	7654	0.09552578577971914	0.09552578577971914	0
0.99560546875	213978	0.14652714720785778	0.15621280643501956	0.41183961012416664	7690	0.10212407196888029	0.10212407196888029	0
0.998046875	171154	0.16597359737665085	0.17244501158608033	0.41733672185530507	7806	0.08318068981229934	0.08318068981229934	0
0.9990234375	189216	0.2735137049210565	0.28996244863320314	0.4130453914646641	7918	0.09253132091164212	0.09253132091164212	0
1.0	189646	0.2710900670630046	0.2796729505489682	0.4055666577495735	7926	0.08678493676914738	0.08678493676914738	0
1.0	159984	0.23643324898368148	0.24598524019140075	0.386830509470037	7752	0.0703251407677797	0.0703251407677797	0
0.994140625	174580	0.1779233002188486	0.18893624826212357	0.3928822266329978	7686	0.0767024566640154	0.0767024566640154	0
1.0	325572	0.09094098813639671	0.09964783828268717	0.41346535665449763	7790	0.08284545600137976	0.08284545600137976	0
1.0	173052	0.18990434024955133	0.2028761829416812	0.38267645584297955	7554	0.08463928835702512	0.08463928835702512	0
1.0	258542	0.3116588000704721	0.3197300972591072	0.41051675749282596	7704	0.07719873306460273	0.07719873306460273	0
0.994140625	176874	0.2799248699082525	0.29120625251517634	0.4115348451018012	7860	0.08259927461420555	0.08259927461420555	0
0.97802734375	188252	0.17794936178989984	0.19123329931545957	0.40418419852512155	7372	0.07900189177304368	0.07900189177304368	0
1.0	270828	0.1611798500661394	0.1679146173358968	0.40334284952279525	7742	0.05785035399361448	0.05785035399361448	0
1.0	218802	0.10111976093036242	0.10890822196158298	0.40323016176201093	7780	0.07283037604030602	0.07283037604030602	0
1.0	149490	0.021374190667482303	0.024837461056194724	0.394852081280755	7804	0.023390194186062065	0.023390194186062065	0
1.0	184894	0.18020772630694507	0.18720726168600454	0.3998768312222365	7820	0.05804124342020761	0.05804124342020761	0
1.0	215464	0.18270998358548218	0.1891287455639493	0.4170929791124689	7736	0.06879633773021207	0.06879633773021207	0
1.0	165158	0.13925375585512192	0.14660656841611355	0.40172353694772783	7754	0.06775901389086361	0.06775901389086361	0
1.0	235018	0.11249950439406037	0.11427286942822296	0.4044467960304748	7680	0.07928104607991393	0.07928104607991393	0
1.0	149816	0.26548339428535345	0.27947199954646723	0.3837858323008751	7596	0.0745075583963705	0.0745075583963705	0
0.9990234375	222290	0.15817650833168917	0.17098828047366668	0.3962926978038168	7652	0.07554045967043888	0.07554045967043888	0
1.0	248564	0.15128520820862393	0.1561550031283351	0.39838796865256415	7532	0.04951519389162408	0.04951519389162408	0
1.0	177464	0.17811827589239573	0.1897206681799226	0.3956544700002493	7738	0.08750626097264644	0.08750626097264644	0
1.0	222928	0.18098603737696545	0.18496677330852182	0.4187016003483348	7812	0.059018106909443424	0.059018106909443424	0
1.0	217714	0.19143089946717012	0.19851311332261223	0.4181664145036918	7788	0.08478877669449088	0.08478877669449088	0
1.0	325776	0.28963813359428014	0.2958696075766127	0.428384298734128	7718	0.06780977134640206	0.06780977134640206	0
1.0	154704	0.1346804202576428	0.13770222760481574	0.39401361843833166	7654	0.0564262484850015	0.0564262484850015	0
0.98779296875	174846	0.1458815027361881	0.15550740909591526	0.4002855694789143	7776	0.06953530593277116	0.06953530593277116	0
0.99560546875	326816	0.1527539775518307	0.16110929686696865	0.41745248353625347	7738	0.05828478822984244	0.05828478822984244	0
1.0	148030	0.28123576079706614	0.28847556171598876	0.3967442709526996	7660	0.07861744496844032	0.07861744496844032	0
1.0	153204	0.18002504486878718	0.18670330806766533	0.39267848802275296	7682	0.08615910525394263	0.08615910525394263	0
1.0	270774	0.19551206405891422	0.20656934622274514	0.41138130128710015	7776	0.07186875173361851	0.07186875173361851	0
0.998046875	177844	0.09433157823154856	0.09728865269154544	0.3944123329085509	7768	0.04965613741046603	0.04965613741046603	0
1.0	155926	0.05541770534735883	0.061109215487256216	0.374580450527152	7506	0.05349116601018054	0.05349116601018054	0
1.0	233656	0.3020263330476109	0.3144257969609511	0.4028126050346173	7650	0.07813141536114979	0.07813141536114979	0
1.0	247808	0.056244058232814434	0.0569376648546691	0.39883873851825663	7652	0.04012336792015545	0.04012336792015545	0
0.994140625	166788	0.2745229484642097	0.2878818897602844	0.39495216964838703	7636	0.09145257308575422	0.09145257308575422	0
1.0	223808	0.08587290283890953	0.09145951350913381	0.41957893744611874	7766	0.09164384299739595	0.09164384299739595	0
0.994140625	160400	0.2103472289368656	0.22433667707376478	0.39800679867913863	7754	0.0829794430394575	0.0829794430394575	0
1.0	347936	0.12361341329412565	0.13336766725000776	0.4344739516996487	7700	0.05849861306745942	0.05849861306745942	0
1.0	175148	0.17914333785630504	0.19055346764526726	0.4026559146170385	7766	0.07986552420876471	0.07986552420876471	0
1.0	203776	0.09501343743868862	0.10063134307108715	0.39733192187443755	7610	0.07577156332679201	0.07577156332679201	0
1.0	165054	0.21493132707518478	0.22340419108440734	0.41139279953162955	7772	0.09874730889654906	0.09874730889654906	0
1.0	187690	0.03535308660169788	0.03684408032391773	0.39143656165824653	7580	0.03587099700001635	0.03587099700001635	0
1.0	157016	0.14622805863546665	0.14983211090077703	0.3964441799802834	7662	0.08143692318097616	0.08143692318097616	0
1.0	187794	0.2856717724421111	0.3005573365474425	0.40471636549041784	7784	0.10091019776670837	0.10091019776670837	0
0.982421875	150152	0.21193370782093876	0.22499058631488023	0.3974648832493897	7550	0.10012373265949905	0.10012373265949905	0
0.97607421875	124568	0.09648657220742991	0.09965744673211303	0.3761335695539549	7426	0.05552765028403567	0.05552765028403567	0
0.994140625	182394	0.0746512733811469	0.08331966796907068	0.3952391688539203	7636	0.08400229278285234	0.08400229278285234	0
1.0	227396	0.22921352533475578	0.23380228198516964	0.4000825313969705	7728	0.05836794097330256	0.05836794097330256	0
1.0	209050	0.12993891954561834	0.14026474934070957	0.4063056902656968	7696	0.08359657388991253	0.08359657388991253	0
1.0	156468	0.08102198500031516	0.09107469511514964	0.3841687679185574	7690	0.065968268844791	0.065968268844791	0
0.98779296875	159932	0.21954112921179877	0.23192930811710633	0.3933709883014837	7522	0.09387913290154205	0.09387913290154205	0
0.99560546875	283834	0.24779747421508422	0.25797847277946073	0.42572976320214684	7714	0.07484947686750146	0.07484947686750146	0
1.0	219162	0.16172463751944496	0.1691021036010037	0.4204010257823876	7770	0.0556830740606231	0.0556830740606231	0
1.0	196542	0.074274658648786	0.08407946034903653	0.4056536511613928	7846	0.04787670577166167	0.04787670577166167	0
0.9775390625	219078	0.07680852169901532	0.08129682436778761	0.4152265568264684	7658	0.055036214031252216	0.055036214031252216	0
1.0	154040	0.21135159803850226	0.22299296277949143	0.4033868951730058	7696	0.0899773284841414	0.0899773284841414	0
0.99267578125	175494	0.22458944559131003	0.232731985606095	0.38300552811752325	7412	0.09150669152095872	0.09150669152095872	0
1.0	216158	0.11056276620800472	0.11904088599033902	0.41168956636554127	7762	0.08458907789381659	0.08458907789381659	0
1.0	131682	0.11174389386815817	0.1176646099183742	0.3925795988403304	7744	0.09175503456730547	0.09175503456730547	0
1.0	209474	0.11699593496324265	0.12648881702923134	0.41040579129809807	7798	0.06731526713000169	0.06731526713000169	0
1.0	149090	0.19322188488125064	0.19875797053549588	0.3891241500206313	7572	0.09040689120050897	0.09040689120050897	0
1.0	164898	0.18489808826398763	0.1954655309707202	0.39985408992806576	7762	0.06991459698967868	0.06991459698967868	0
1.0	189094	0.22104250462672853	0.22869454945835846	0.41125201404617995	7872	0.08320681502443186	0.08320681502443186	0
1.0	209266	0.13605003952943323	0.14777691055803155	0.4149890993600072	7834	0.0685354829396838	0.0685354829396838	0
0.9921875	234584	0.1587436922785818	0.17327643630615489	0.41183169939533654	7684	0.09130678925348767	0.09130678925348767	0
0.9765625	234610	0.08187670233869412	0.08623692004456916	0.41891594033808777	7734	0.053581639382450016	0.053581639382450016	0
1.0	220440	0.21847145355978367	0.2266551505567365	0.41459141670075494	7764	0.07394673493140351	0.07394673493140351	0
0.986328125	157830	0.10912209833900605	0.11425143341284759	0.4088796124260625	7720	0.06810119621466088	0.06810119621466088	0
1.0	150432	0.01543410128184953	0.018350335100620455	0.38356979744825886	7658	0.025383872634537827	0.025383872634537827	0
1.0	287280	0.0995135569776456	0.10683219134081767	0.42964773255737465	7828	0.06497837081643935	0.06497837081643935	0
1.0	172938	0.11986101517876487	0.12682247149799936	0.38763848719381483	7814	0.06764606949822062	0.06764606949822062	0
1.0	196636	0.07972494244898365	0.08936076843739635	0.4208924131685769	7926	0.06177380188397631	0.06177380188397631	0
0.99609375	187314	0.19671324121479147	0.20412640007330374	0.39202559898211803	7620	0.08343870365175823	0.08343870365175823	0
1.0	144376	0.06601405339997753	0.07557672171839294	0.3797571247067934	7674	0.0716204232695525	0.0716204232695525	0
1.0	232754	0.040145543677055535	0.0436116701637195	0.398238708106853	7576	0.02217639275792883	0.02217639275792883	0
1.0	257390	0.1476568619083704	0.15147004405529474	0.4121178557073264	7784	0.07178836240606157	0.07178836240606157	0
0.99609375	166884	0.14997961198963697	0.16638705449646002	0.39285475754781435	7736	0.08241232006088027	0.08241232006088027	0
1.0	255728	0.20823684880354287	0.21727380783117045	0.41069865034881525	7670	0.08277061164326288	0.08277061164326288	0
1.0	293556	0.3181364298216081	0.3326395921281572	0.4299293056469608	7648	0.09933633260515518	0.09933633260515518	0
1.0	150524	0.19753363095273796	0.21352110043749994	0.3826203353983632	7684	0.056150393037684425	0.056150393037684425	0
1.0	217520	0.06264336039380107	0.07018579557952857	0.40751130393660556	7732	0.05520958309983649	0.05520958309983649	0
1.0	225922	0.14492564567294014	0.15138146557698262	0.42367715282084	8020	0.053335592617393866	0.053335592617393866	0
0.99560546875	304492	0.02155224092325227	0.021955850624084925	0.4159157950446768	7742	0.03379355892437915	0.03379355892437915	0
1.0	172190	0.27788467221035734	0.2901069962002335	0.4108039300280066	7758	0.10394384463552017	0.10394384463552017	0
1.0	235632	0.09858671346355748	0.1037163293257983	0.4055425734214264	7736	0.07493207043677842	0.07493207043677842	0
1.0	190510	0.11842690287011781	0.1280743022475297	0.40660991369461813	7874	0.06800695348745837	0.06800695348745837	0
0.9951171875	227176	0.21185523578463208	0.21908129795949285	0.41312215593771323	7810	0.09033819359650856	0.09033819359650856	0
1.0	236924	0.13922286670959017	0.15193575647823074	0.4182673258774325	7858	0.07444474210627436	0.07444474210627436	0
0.99560546875	172984	0.32586814225926614	0.3343821684064898	0.40867224450451095	7804	0.10088534217314969	0.10088534217314969	0
1.0	242282	0.11103876078451747	0.11412916471003333	0.40990672912004955	7902	0.06801496034840424	0.06801496034840424	0
0.99853515625	249714	0.2958508946953836	0.29769249105331713	0.42066399278430544	7842	0.07782828925027538	0.07782828925027538	0
1.0	210148	0.21716601114057069	0.22616254622330034	0.40376277493076546	7818	0.06802232841138134	0.06802232841138134	0
1.0	158880	0.1866194368067464	0.19541719601402935	0.3958899988804651	7674	0.05891595141431307	0.05891595141431307	0
1.0	179996	0.17862392859215362	0.19126695875588126	0.4001281952067027	7716	0.08036702582452133	0.08036702582452133	0
1.0	238564	0.22757127235095048	0.23447479912213753	0.40198005792613006	7786	0.05192722046921076	0.05192722046921076	0
1.0	164640	0.14490534522071905	0.15379927428260268	0.38307627205597333	7634	0.07236619441661561	0.07236619441661561	0
1.0	238108	0.044947960066257814	0.05291626793163865	0.3988196393372189	7706	0.047311381227926094	0.047311381227926094	0
1.0	172786	0.17686271071551854	0.18636930917418626	0.39387445832996076	7678	0.08065460515038843	0.08065460515038843	0
1.0	148172	0.2523769998843757	0.2646627857250757	0.37136140589749145	7438	0.08488759533934123	0.08488759533934123	0
0.99560546875	170298	0.11403958429610567	0.12336412792665538	0.3947148419279402	7718	0.07552068536640102	0.07552068536640102	0
0.994140625	316656	0.16762249510202884	0.17211934387825736	0.425458402367648	7870	0.04218602686177154	0.04218602686177154	0
1.0	215462	0.09815131916976341	0.10305610657800149	0.39842024293049044	7716	0.05244191625667237	0.05244191625667237	0
1.0	157614	0.19647249512739215	0.21291926093400135	0.38997445626566346	7794	0.08270161401649195	0.08270161401649195	0
0.9990234375	168508	0.1298924317708169	0.13611360360353078	0.38902842344066024	7594	0.07086372796037789	0.07086372796037789	0
1.0	240728	0.24682563425938434	0.25556688605803735	0.4100305399652952	7790	0.10647708269005482	0.10647708269005482	0
0.9853515625	168040	0.17344031277795371	0.1891313135182319	0.4089868001213777	7656	0.08885916730109916	0.08885916730109916	0
0.9912109375	208108	0.2249189891271826	0.2356635736505958	0.40848357710101185	7728	0.08485072365233594	0.08485072365233594	0
1.0	178790	0.07231253311310751	0.07508139305776126	0.3990452878755301	7968	0.03236865248853292	0.03236865248853292	0
1.0	157988	0.08030382502208179	0.08897038333735045	0.3819161864927485	7628	0.060022949796813156	0.060022949796813156	0
1.0	246576	0.18806243428673264	0.20234321459363352	0.41409025842151004	7798	0.08936507740875133	0.08936507740875133	0
0.9951171875	231544	0.06178119686086381	0.06240677492629752	0.3948315527346298	7594	0.06160764555000075	0.06160764555000075	0
1.0	194736	0.23519488452609086	0.24598499443147248	0.4141685398139828	7790	0.08152746314049246	0.08152746314049246	0
0.99609375	236964	0.10927995281647064	0.11590026541506102	0.39572564105435654	7758	0.07100889198070803	0.07100889198070803	0
1.0	167456	0.17723989682719618	0.18183084283241227	0.3798180789456043	7582	0.06487084335474433	0.06487084335474433	0
0.9990234375	164246	0.1829592569182507	0.19204047578785446	0.3886889022164464	7658	0.06073205582598959	0.06073205582598959	0
1.0	173304	0.11345003898440205	0.12175694311781239	0.4139355893329924	7876	0.05668074024043593	0.05668074024043593	0
0.99560546875	192624	0.23736774277440922	0.24707736436018807	0.39564706031245184	7516	0.08105270820982978	0.08105270820982978	0
0.998046875	143682	0.1599648907184555	0.17123736718725624	0.3941353489897099	7698	0.09184712127605098	0.09184712127605098	0
1.0	254758	0.28014466353589895	0.28720682089676164	0.4215999549265539	7830	0.07300485747241484	0.07300485747241484	0
1.0	187710	0.166692289536315	0.17322277666992963	0.3968292937500916	7784	0.07792901508190038	0.07792901508190038	0
1.0	144190	0.22023835620351395	0.22558163674151155	0.4094518479352031	7824	0.07754815698902728	0.07754815698902728	0
1.0	197980	0.21192990542800394	0.22077947267105846	0.3972456894963688	7688	0.061278916879519946	0.061278916879519946	0
1.0	179786	0.18558958073695414	0.19162800775125222	0.4078740934754996	7652	0.0794507171821194	0.0794507171821194	0
1.0	163448	0.1252630677787029	0.13101526874587074	0.40654051911534156	7884	0.0872259187385382	0.0872259187385382	0
1.0	209150	0.2616698254257729	0.2712212533526149	0.389671404337857	7646	0.0786483615658551	0.0786483615658551	0
1.0	184624	0.052029527535764036	0.05870506782412652	0.40130851533201084	7832	0.04310544125892654	0.04310544125892654	0
1.0	182394	0.1780641738427418	0.18764793008217445	0.39532513593291413	7784	0.07480057338710547	0.07480057338710547	0
0.98486328125	193186	0.1956154377820496	0.2060293484855532	0.40190966751250773	7542	0.07484340338393736	0.07484340338393736	0
1.0	171282	0.1322443816258766	0.14269719216519605	0.403654966946939	7780	0.08428769856577571	0.08428769856577571	0
0.9912109375	214236	0.08741803066916023	0.09513755629281669	0.39736607032101695	7602	0.06283563007935332	0.06283563007935332	0
1.0	144018	0.17612351728922754	0.1899110641051556	0.3943552419649574	7740	0.09475440335745042	0.09475440335745042	0
1.0	297114	0.3329504997885482	0.34517470457955435	0.4314503614481211	7724	0.09258451390492438	0.09258451390492438	0
1.0	185848	0.18335748667965746	0.1952604961763135	0.38698909627495626	7666	0.07793614990323702	0.07793614990323702	0
1.0	177478	0.19367253059012526	0.2075478396463502	0.39525764506395894	7654	0.09582716600191571	0.09582716600191571	0
1.0	266900	0.22352831957624333	0.23279211773620517	0.41394390344312715	7728	0.07443574462475387	0.07443574462475387	0
1.0	149788	0.22793006369240576	0.24232495481129407	0.3989677047040674	7810	0.0877527074642049	0.0877527074642049	0
1.0	261548	0.13296584839048023	0.13740294335206646	0.4136692084218933	7826	0.06628826336546748	0.06628826336546748	0
0.99560546875	151876	0.11292789535663993	0.12270678103489852	0.38750060571634354	7530	0.07683718106965313	0.07683718106965313	0
1.0	146544	0.17912093889436068	0.19092994286413678	0.392974742895275	7776	0.08034531903321201	0.08034531903321201	0
0.986328125	151374	0.2159948830706983	0.226362271361216	0.39400345384788465	7616	0.09042928479573895	0.09042928479573895	0
1.0	249086	0.21196966017451976	0.22183900733092715	0.41104614278131263	7718	0.08216155350451741	0.08216155350451741	0
1.0	166012	0.09860583515894265	0.10890029124464935	0.3943975409342711	7656	0.06774515991589977	0.06774515991589977	0
1.0	261298	0.22593805985582693	0.2328431952580488	0.40991390650638837	7824	0.06771131813886108	0.06771131813886108	0
1.0	101348	0.2240601354287113	0.23520660270572855	0.3605194786166915	7612	0.07975634295082805	0.07975634295082805	0
0.98291015625	255868	0.2620923908227376	0.27666813620081815	0.41739781280901117	7588	0.06135229017742481	0.06135229017742481	0
1.0	179480	0.06227955885624378	0.0662215346876176	0.38728830798381386	7646	0.03123427343916433	0.03123427343916433	0
1.0	146928	0.2251974765343909	0.23274798294259808	0.40456125356861006	7802	0.08227143477459879	0.08227143477459879	0
1.0	160640	0.15222565433106214	0.16013208591202255	0.3974462687587606	7690	0.0854758029221785	0.0854758029221785	0
1.0	257884	0.24049583967055807	0.2557444775718187	0.42944699944042725	7770	0.060868464953745295	0.060868464953745295	0
1.0	263912	0.06151350340531982	0.06549264187987641	0.43231262670964754	7938	0.07113576731242291	0.07113576731242291	0
1.0	193748	0.316566029604325	0.3303792377021903	0.4024640002321809	7738	0.0707724751659406	0.0707724751659406	0
1.0	203808	0.07974593733875537	0.08596735318234125	0.39604567496648185	7702	0.06527309919657419	0.06527309919657419	0
0.9921875	218262	0.15543852995301513	0.16484131871659363	0.4145514786200084	7780	0.06942710667476483	0.06942710667476483	0
1.0	282408	0.06418171815450358	0.06804570221811963	0.42091412987709004	7846	0.05567114838991329	0.05567114838991329	0
1.0	181746	0.2562633719085291	0.2674279630857566	0.40140293655853565	7788	0.07575292302667676	0.07575292302667676	0
1.0	167982	0.08337695057730088	0.09087619548165904	0.3815376405838579	7616	0.0489621649738554	0.0489621649738554	0
1.0	187644	0.1847591003067084	0.1877011626746022	0.38190693834645667	7658	0.055610579002268186	0.055610579002268186	0
0.998046875	257104	0.15453844747762727	0.16402854656141622	0.426555544349263	7960	0.05260636024967892	0.05260636024967892	0
1.0	160310	0.23364964654241233	0.242136809205122	0.4150911677243984	7850	0.09815305063716044	0.09815305063716044	0
1.0	127822	0.19076754486906705	0.2065618945988475	0.39398999737119184	7684	0.07840327152373353	0.07840327152373353	0
0.99560546875	279290	0.2338392406820595	0.2453234428717442	0.42259957531014186	7574	0.06989697757650057	0.06989697757650057	0
1.0	131964	0.17494211646029445	0.1894760353244972	0.3905711277030106	7682	0.07783979676070374	0.07783979676070374	0
1.0	151452	0.22825008669950445	0.24133123540330917	0.391455524401229	7792	0.0849971416956202	0.0849971416956202	0
1.0	137002	0.15075569138531233	0.16355568866719192	0.38886921232327554	7740	0.07475081738214953	0.07475081738214953	0
0.99365234375	202738	0.14334860808823796	0.15565076940069286	0.4041515966280862	7768	0.04815313854616982	0.04815313854616982	0
1.0	193838	0.1650951760350109	0.17076673795170605	0.3965261950322913	7504	0.07028552308792826	0.07028552308792826	0
1.0	159890	0.09232854894406903	0.09584025134516554	0.41007898148637484	7880	0.04250894318975786	0.04250894318975786	0
1.0	153416	0.11111532028424888	0.1190858812017434	0.38409857934573993	7714	0.03604630252279208	0.03604630252279208	0
1.0	262602	0.23266764042556923	0.24643276874021497	0.40847518917495557	7636	0.08574077040033104	0.08574077040033104	0
1.0	244112	0.2660518333595164	0.27105364437606533	0.41198867372719833	7794	0.07096166370892885	0.07096166370892885	0
1.0	153910	0.11228878556643686	0.11851412781417722	0.4043346613067742	7806	0.054269813436307525	0.054269813436307525	0
0.97802734375	225630	0.19961659786707753	0.2089802682252058	0.39158179773509877	7464	0.09086416598001008	0.09086416598001008	0
1.0	309058	0.10482057822327566	0.10816889270436912	0.4190805499418812	7810	0.04616569137978943	0.04616569137978943	0
0.99267578125	258708	0.30919428867027804	0.31530613416226305	0.43074110809880684	7792	0.07816870810896281	0.07816870810896281	0
0.98828125	214734	0.1994636544902535	0.2089513093911797	0.39455440577119777	7564	0.0691077313889458	0.0691077313889458	0
1.0	186022	0.30093611271254955	0.3101840692154279	0.403337509126189	7746	0.08605135073055734	0.08605135073055734	0
1.0	193766	0.08693502663755505	0.09805900386738745	0.3799233340575079	7520	0.06676447986368732	0.06676447986368732	0
0.99609375	139480	0.26455053205395784	0.2742764603393714	0.3723948189767143	7444	0.07927285426020196	0.07927285426020196	0
0.99560546875	247578	0.1705591952529349	0.17864752580014212	0.41633395417239627	7676	0.08559121284686226	0.08559121284686226	0
1.0	163108	0.17251346416442304	0.18489161082530162	0.38170124331902694	7610	0.06983649798449643	0.06983649798449643	0
0.998046875	162380	0.08935619093360062	0.09430286211981646	0.39400999297765876	7766	0.04146257971064363	0.04146257971064363	0
1.0	204920	0.25415777321955707	0.26107817340016715	0.40380688309300067	7738	0.0804120936042026	0.0804120936042026	0
1.0	108940	0.04210745941140388	0.04708727940714262	0.36408135286778026	7562	0.039399176996799054	0.039399176996799054	0
1.0	179460	0.14492704972737722	0.1585107682818895	0.3969597950861998	7746	0.07268057627177751	0.07268057627177751	0
1.0	120946	0.16145391150135407	0.17177950156437116	0.38280536717162456	7838	0.06421276588360403	0.06421276588360403	0
1.0	254290	0.27670133625271703	0.2817903543821799	0.4167047786333971	7814	0.07290477386655113	0.07290477386655113	0
0.998046875	223220	0.3009630022455224	0.3108545213676538	0.4124934141252365	7818	0.0896925589885687	0.0896925589885687	0
1.0	238372	0.2060034141532699	0.21693910251034565	0.4096440962712769	7730	0.050541748649860954	0.050541748649860954	0
1.0	317528	0.3046310514721532	0.3127731840408608	0.43021367954391626	7760	0.07105047760658391	0.07105047760658391	0
1.0	195506	0.1990899425617996	0.21159771981943315	0.3923294035365772	7540	0.08070677994828768	0.08070677994828768	0
0.998046875	276994	0.1103590459823251	0.11441990353672114	0.4116373303822623	7738	0.04665392156731684	0.04665392156731684	0
0.994140625	136724	0.10104375775797003	0.10693619035502547	0.3929832160333364	7694	0.06825510563081555	0.06825510563081555	0
1.0	140772	0.05104234365133956	0.055060421423089166	0.38486133507915743	7674	0.03597340458967021	0.03597340458967021	0
1.0	242726	0.10151004037988902	0.10906721353562372	0.4126778953218249	7656	0.07294756185313479	0.07294756185313479	0
0.998046875	190474	0.1454832468414129	0.15527636364046987	0.40294052591074153	7734	0.06045915987380939	0.06045915987380939	0
1.0	257838	0.28811064494412947	0.2988135528388447	0.43185259371696666	7866	0.07762426359790979	0.07762426359790979	0
1.0	242060	0.3051183075545486	0.32199882285865045	0.4232513377337023	7868	0.0812649622514301	0.0812649622514301	0
0.99609375	166990	0.22239235108700922	0.22636627879379667	0.4066147305089029	7732	0.0861970086079005	0.0861970086079005	0
1.0	253686	0.21188051631214608	0.22374482293608447	0.40983188008923976	7768	0.08561479109584791	0.08561479109584791	0
1.0	217752	0.27562050349882844	0.28222366058733245	0.4150182026140217	7836	0.09042303616188943	0.09042303616188943	0
1.0	252936	0.30338960053009034	0.31221014098633165	0.4114792880177354	7588	0.09100332783792868	0.09100332783792868	0
1.0	167010	0.13024433387657852	0.13922861735907924	0.3943175511073788	7796	0.067759586158306	0.067759586158306	0
1.0	291576	0.22703093433684282	0.23593072214936933	0.41095208859546645	7704	0.07451909743791896	0.07451909743791896	0
1.0	297622	0.2426057770129917	0.2574665380974944	0.42098193278254903	7812	0.08565479344606511	0.08565479344606511	0
0.99072265625	145088	0.1290873137242583	0.13465161199412753	0.38520775989461903	7398	0.05669486448733687	0.05669486448733687	0
1.0	143350	0.18195396067686043	0.19749785823402483	0.38547263695845735	7766	0.08238222995756482	0.08238222995756482	0
1.0	217528	0.19107859865222737	0.20301426293261687	0.41018997960983244	7762	0.05939881863834213	0.05939881863834213	0
1.0	224266	0.14521398671066074	0.15065274500119322	0.3947973365204797	7794	0.06191059916263421	0.06191059916263421	0
1.0	194824	0.29641970596228967	0.3043423239040994	0.40888083342003395	7802	0.08818588243944708	0.08818588243944708	0
0.9912109375	210660	0.17970417498766367	0.19139505516104607	0.4111061457831096	7792	0.05298715417920356	0.05298715417920356	0
0.9912109375	225088	0.07725556385324	0.08119740244800647	0.4147027755398771	7708	0.0646163019202985	0.0646163019202985	0
1.0	248326	0.16739932271831284	0.1721788339453486	0.38849260528036633	7590	0.06856774896262038	0.06856774896262038	0
1.0	185332	0.16659097695686712	0.1731080689728459	0.38452521858781696	7526	0.07699335966419218	0.07699335966419218	0
1.0	166118	0.173856759169428	0.18515868065157645	0.40702755018275294	7860	0.07299428899715378	0.07299428899715378	0
1.0	219488	0.13097635759135987	0.14193573281020638	0.41909339786304045	7898	0.07076334267038699	0.07076334267038699	0
1.0	258996	0.1496166535271224	0.156782160648263	0.3991089902281546	7666	0.10799611132494909	0.10799611132494909	0
0.998046875	229510	0.2648913117369389	0.27383226696741986	0.4177437554277083	7756	0.08363314507350661	0.08363314507350661	0
1.0	193768	0.13460828754063886	0.1429153379210249	0.40708937769992853	7760	0.07584356820428848	0.07584356820428848	0
1.0	158248	0.16080983757374895	0.17194576367420802	0.3922818924640005	7630	0.0784910388182708	0.0784910388182708	0
0.98681640625	272496	0.21832131732833698	0.23049393331032908	0.42625685703148725	7768	0.07616626906824893	0.07616626906824893	0
1.0	207328	0.10490193510986173	0.11529453741880327	0.39827423740438106	7738	0.05112778610778684	0.05112778610778684	0
1.0	246726	0.202201284966942	0.2085629927948239	0.3904984485452154	7520	0.08377393424472412	0.08377393424472412	0
0.9951171875	194540	0.08544634503083745	0.09172015596039752	0.408288772610588	7760	0.08657962152995612	0.08657962152995612	0
0.98974609375	288166	0.116942486720707	0.12037255499846619	0.40479234289433963	7682	0.051276236289088506	0.051276236289088506	0
1.0	224868	0.25382346153376034	0.26422742923475157	0.404127668007777	7832	0.08397869310201418	0.08397869310201418	0
1.0	197308	0.2992038258568738	0.30825300095860314	0.403466988271715	7704	0.08890216631665085	0.08890216631665085	0
1.0	151404	0.22351008087947166	0.23324890306688542	0.3968328350676292	7894	0.07329447225250288	0.07329447225250288	0
1.0	222736	0.27480463377731496	0.28870428041308543	0.40631083581793703	7768	0.08879446448382569	0.08879446448382569	0
1.0	175940	0.08709669020100332	0.09381675067748237	0.38479652114602564	7626	0.08216353329981692	0.08216353329981692	0
0.98583984375	276662	0.15319586076722871	0.15909710124464577	0.41439874647915537	7560	0.07061022173894958	0.07061022173894958	0
1.0	191794	0.2530469072332891	0.26124120719669097	0.3941762334544366	7612	0.09084389281219943	0.09084389281219943	0
1.0	196632	0.16860750795681134	0.17379253058234237	0.4016120035055574	7722	0.043083599321959654	0.043083599321959654	0
1.0	185758	0.10978458179592133	0.11986765614406632	0.3932183748352731	7724	0.05287310745706416	0.05287310745706416	0
1.0	160948	0.20077001165685895	0.21509235153744768	0.402336573658255	7786	0.07887440256212172	0.07887440256212172	0
1.0	132154	0.10985069083493539	0.11800727513273275	0.38307965620274703	7536	0.08397408704058809	0.08397408704058809	0
1.0	180134	0.017589098719624253	0.021159478749404548	0.397146274853097	7636	0.019509376127805282	0.019509376127805282	0
1.0	202544	0.08408430107111048	0.09148674819113853	0.3960590985624013	7750	0.04909998677468338	0.04909998677468338	0
0.9912109375	258876	0.23579539220660287	0.24518087548828524	0.4130196031118527	7736	0.0889158746916422	0.0889158746916422	0
1.0	212778	0.06738924653206824	0.07377536863680995	0.4029486189807327	7732	0.05992716976877133	0.05992716976877133	0
0.9912109375	251434	0.24400143140479372	0.2567779830325125	0.42656233545444916	7922	0.07460155570646615	0.07460155570646615	0
1.0	209480	0.27884264772933576	0.2861513268727403	0.40545601074084403	7810	0.10128935721400131	0.10128935721400131	0
1.0	198550	0.08274763075381178	0.09384792884736935	0.3968773117924536	7774	0.05121312614385188	0.05121312614385188	0
1.0	208412	0.08299918763306875	0.08862475874236551	0.39836487712596735	7680	0.0561148801490627	0.0561148801490627	0
1.0	187298	0.0326408039413363	0.03846867655702477	0.41167887748363263	7846	0.04908700256564837	0.04908700256564837	0
1.0	150546	0.08656952597340342	0.09387472378260522	0.3811609819143336	7586	0.05212513868257462	0.05212513868257462	0
0.99609375	193852	0.20980941815488752	0.2164681427332255	0.40993401738055096	7758	0.07508822365101252	0.07508822365101252	0
1.0	278304	0.33353854640000674	0.35218776896878684	0.4289691450047191	7976	0.06955072469865042	0.06955072469865042	0
1.0	255204	0.1519747216249461	0.15506093893992157	0.40424157568145497	7668	0.049369807877998086	0.049369807877998086	0
1.0	261974	0.1769970641967072	0.18279995521775352	0.40668167726772514	7760	0.061564307651209696	0.061564307651209696	0
1.0	226200	0.18599382971649972	0.19051074510572505	0.4052237328514226	7656	0.05513795509541878	0.05513795509541878	0
1.0	262354	0.28425191282517415	0.28876896032927013	0.4149994882363033	7772	0.0889406519454965	0.0889406519454965	0
1.0	249148	0.054022144473695986	0.05938146929001527	0.4099933139282619	7774	0.0666240507632759	0.0666240507632759	0
1.0	180164	0.11522144973864404	0.12141871101700355	0.3883783171684478	7664	0.0846854936920861	0.0846854936920861	0
1.0	192522	0.24362455364102623	0.25277073599495264	0.3904498011377166	7578	0.08419292223045752	0.08419292223045752	0
0.9921875	233096	0.25120487132137814	0.2668814303124695	0.41041605710235673	7698	0.09358978051699672	0.09358978051699672	0
0.990234375	193056	0.19740252883786424	0.20534491893225565	0.40184905641536767	7640	0.0997901449321633	0.0997901449321633	0
1.0	187740	0.2991525420517474	0.31246460657270725	0.4054360411624843	7822	0.09516834514258934	0.09516834514258934	0
0.9990234375	185382	0.14251402826398069	0.1523168048254737	0.39155046896069945	7648	0.06936153630133617	0.06936153630133617	0
1.0	133660	0.17624903690442092	0.1866200650614955	0.3903142242698853	7746	0.08010294190863533	0.08010294190863533	0
1.0	143386	0.12072574695207534	0.1257370200626478	0.376387292992588	7520	0.06123908529858611	0.06123908529858611	0
1.0	203612	0.27094085650930105	0.28018666427806344	0.4126323810639732	7838	0.08202746819028729	0.08202746819028729	0
1.0	187918	0.03827016929224103	0.04412121783220635	0.39436365585785355	7764	0.054489916631032635	0.054489916631032635	0
0.95654296875	130520	0.09185097571090593	0.09630300996799532	0.3980509694041147	7356	0.09221942354724012	0.09221942354724012	0
1.0	173814	0.1609776522563299	0.17535346043051106	0.39866413157311614	7726	0.10453311704518921	0.10453311704518921	0
1.0	184540	0.15535462044031062	0.1637182885431767	0.3945703650616151	7658	0.07190004037385346	0.07190004037385346	0
0.99560546875	203836	0.11998376528157317	0.13318371912622368	0.40945127314836466	7700	0.07794127834213385	0.07794127834213385	0
1.0	313938	0.39990580265795106	0.4131958037611473	0.42070103391623287	7830	0.07729110140205617	0.07729110140205617	0
1.0	207742	0.21530363367204994	0.2306747276694617	0.4257050201996089	7894	0.07136888711515167	0.07136888711515167	0
0.998046875	146064	0.16284630684089862	0.176894017227029	0.4021188018833352	7842	0.07644643581808759	0.07644643581808759	0
1.0	253446	0.22980667728821222	0.23756197341956367	0.424260000608263	7968	0.07173049348845462	0.07173049348845462	0
1.0	189222	0.18299561560302763	0.19297246219103098	0.41304690582174136	7742	0.0817175196957472	0.0817175196957472	0
1.0	150668	0.18746551811449635	0.19792549113128677	0.38544605719865865	7644	0.08492660312284248	0.08492660312284248	0
1.0	182710	0.24156899128501308	0.2531455335650735	0.4034896223524398	7872	0.09393090587236791	0.09393090587236791	0
1.0	268916	0.19068152470097358	0.20313691196531664	0.4210246352109995	7814	0.08307826415544646	0.08307826415544646	0
1.0	172464	0.12572494145095015	0.13407236485767154	0.39532972391119753	7702	0.06372889688435092	0.06372889688435092	0
1.0	175850	0.1291013639696983	0.13467491806651855	0.395112116136819	7678	0.04866547258341645	0.04866547258341645	0
0.9970703125	251916	0.19919782008439882	0.2067600454759072	0.41060463017879917	7860	0.04741624119681365	0.04741624119681365	0
1.0	178134	0.17034392014623448	0.17642354407505456	0.3969786797238644	7652	0.07349024100022972	0.07349024100022972	0
0.98681640625	236490	0.19699214837020346	0.21501765311204094	0.42563625517825704	7754	0.07974884394978428	0.07974884394978428	0
1.0	212892	0.21380092714458843	0.22401189567853694	0.39673041271475057	7706	0.08224655294227325	0.08224655294227325	0
1.0	357890	0.22842853672659125	0.23663685482091365	0.4423823636817911	7852	0.08175758114822665	0.08175758114822665	0
1.0	245320	0.19198335750406914	0.19750245268449795	0.4067327391275494	7610	0.08685385447553443	0.08685385447553443	0
0.99560546875	192544	0.2674484128480118	0.2778943319903824	0.39580518375142565	7666	0.08983194493994957	0.08983194493994957	0
1.0	211300	0.1382375837174282	0.1431163609004541	0.40817894911627134	7748	0.08923994496906147	0.08923994496906147	0
1.0	207250	0.1490858078160506	0.15748012872201644	0.39849949566573556	7792	0.08544358612833491	0.08544358612833491	0
1.0	184730	0.16421208852962102	0.17583026423797674	0.4001631529251002	7698	0.09462445437657932	0.09462445437657932	0
0.99560546875	237098	0.23486167507050115	0.24914028348118492	0.42428008991623506	7840	0.07446211105350962	0.07446211105350962	0
1.0	127790	0.12796062617789666	0.13590256543141094	0.3937868689674226	7818	0.08527093578893537	0.08527093578893537	0
1.0	249248	0.07671261781579362	0.08531881494727567	0.4100248588005	7756	0.04703946104154626	0.04703946104154626	0
1.0	311350	0.1323530210210683	0.13773472208975152	0.4115727984937115	7614	0.06315800750943101	0.06315800750943101	0
1.0	232142	0.1239973240337209	0.1334085422573528	0.40975369909397813	7640	0.07268389522743224	0.07268389522743224	0
1.0	190450	0.16947387494926897	0.172901728886008	0.40172370786967576	7786	0.07230055369007105	0.07230055369007105	0
1.0	184118	0.2637064402882771	0.2716789419267829	0.3893655793134594	7638	0.06805871145539583	0.06805871145539583	0
0.984375	195670	0.3012440004513365	0.3170976832758403	0.4063810478531349	7640	0.0944765655588233	0.0944765655588233	0
1.0	152586	0.21087680240452258	0.22058272829292497	0.388474608115452	7590	0.07972856555588663	0.07972856555588663	0
1.0	237950	0.1770717995396212	0.18526268983504696	0.41820352406356737	7838	0.07939322439025512	0.07939322439025512	0
0.98828125	164028	0.1538594639930432	0.1649821178881763	0.3856324583620943	7456	0.08535352964159662	0.08535352964159662	0
0.9912109375	274376	0.18475431709537798	0.1941836773782759	0.41686275750785845	7724	0.06250037067222104	0.06250037067222104	0
1.0	227620	0.12321582342032256	0.1297229505021261	0.421348345213759	7880	0.047021713339835715	0.047021713339835715	0
0.9912109375	181504	0.22803521867675652	0.23776318939018598	0.39954547708759097	7622	0.08052610241993904	0.08052610241993904	0
0.994140625	232230	0.16113505404537182	0.168857608517116	0.4117173511549505	7756	0.07951825651949235	0.07951825651949235	0
1.0	290140	0.17049567991786183	0.1763015324328881	0.41385343641467864	7682	0.044801098976433355	0.044801098976433355	0
1.0	201856	0.1896960440480907	0.1949396759605065	0.40875530715359737	7808	0.07798401722849634	0.07798401722849634	0
1.0	226652	0.268542347558123	0.27589028810584304	0.40784016542140167	7670	0.0796389277656244	0.0796389277656244	0
0.99560546875	152764	0.12753013979153627	0.13313348267908803	0.39456494305495043	7670	0.061763861261211986	0.061763861261211986	0
1.0	233438	0.03295282035888862	0.036037411496248103	0.4037797802299478	7714	0.03542826133005489	0.03542826133005489	0
0.99609375	132942	0.1452071324054994	0.15479380644185378	0.3777724665086215	7508	0.0687460293288021	0.0687460293288021	0
0.990234375	189922	0.17012539269723573	0.17705560347819196	0.4010158664222098	7738	0.06821389851348497	0.06821389851348497	0
1.0	160532	0.09411687236353336	0.0998040026264351	0.3917014689660525	7642	0.09853030551797134	0.09853030551797134	0
1.0	127284	0.07753608675473377	0.08524891173255673	0.3884328300486027	7748	0.060838558424081535	0.060838558424081535	0
1.0	270474	0.23044828770490405	0.2403835729020288	0.420478335789015	7768	0.06731383679801828	0.06731383679801828	0
1.0	225512	0.10723376906181172	0.11791856056707105	0.40334433164384165	7616	0.06893016702523821	0.06893016702523821	0
0.9912109375	224006	0.13684027852279243	0.14773124837630092	0.4130615779312184	7846	0.07661234248271165	0.07661234248271165	0
1.0	134794	0.22672814874179648	0.24868268081341255	0.3971133528734159	7810	0.08599874074384038	0.08599874074384038	0
0.99560546875	235844	0.29061566824970403	0.3056325849500641	0.40723156381318476	7702	0.07856980241918354	0.07856980241918354	0
0.9990234375	177878	0.19452049555095782	0.21201472580263783	0.4151824162836814	7826	0.08051334396165111	0.08051334396165111	0
1.0	142430	0.14630105104717173	0.156675194705443	0.3791365577310049	7576	0.06580640400813023	0.06580640400813023	0
1.0	171226	0.11755780362601834	0.12105239098240994	0.3953708342899185	7768	0.040577171189415895	0.040577171189415895	0
1.0	170894	0.14336633215882583	0.148531878663807	0.39403324443207727	7738	0.07848878848372323	0.07848878848372323	0
1.0	243264	0.28214404194856746	0.2929336684494538	0.4109698739170758	7730	0.06086208400254908	0.06086208400254908	0
1.0	156432	0.16432342501659541	0.17688982088170788	0.37917068663936826	7508	0.08518101842964583	0.08518101842964583	0
1.0	217720	0.07642574680243369	0.08344526884108187	0.4139128394743832	7806	0.05259853765704694	0.05259853765704694	0
1.0	277046	0.06037053522120174	0.06437838754174464	0.4164080689616229	7778	0.05334412170171315	0.05334412170171315	0
1.0	327308	0.2576823829221717	0.26752720717411976	0.41976199297757916	7838	0.0792926060073529	0.0792926060073529	0
1.0	250496	0.23352830053765566	0.24115559279428714	0.42085881264200625	7826	0.08005855901689135	0.08005855901689135	0
1.0	214678	0.1658344493924413	0.17062543956078777	0.3955368436506996	7610	0.06349890155209094	0.06349890155209094	0
1.0	187044	0.14078159972406876	0.14828892138672706	0.397820169287544	7730	0.06818940966280403	0.06818940966280403	0
1.0	164644	0.1844631526778575	0.19265038126957476	0.3886358594783476	7736	0.05706852143419509	0.05706852143419509	0
1.0	223544	0.15340572533851762	0.1613939153703558	0.4055163145402436	7714	0.062195951725265236	0.062195951725265236	0
0.96044921875	142180	0.11242178489696711	0.12030320194680094	0.3871008030714691	7364	0.0750758295089678	0.0750758295089678	0
1.0	160436	0.1378973487677225	0.14639905746577267	0.4018097911490464	7844	0.05370789637702999	0.05370789637702999	0
0.9912109375	242550	0.2106537045471774	0.21490504832197307	0.41187852341419134	7816	0.06536041428783068	0.06536041428783068	0
1.0	386496	0.043704858042999756	0.04747235926190062	0.4121306012217248	7634	0.04575003840583942	0.04575003840583942	0
0.99560546875	241042	0.2856718291890937	0.29190117333022614	0.40665120274538386	7608	0.07214017926351632	0.07214017926351632	0
1.0	225426	0.32396421989644075	0.33317626041661375	0.4120968892056564	7772	0.08529686683859998	0.08529686683859998	0
1.0	178324	0.13766001816690862	0.148422888888733	0.403757342481425	7714	0.07972766623725008	0.07972766623725008	0
1.0	203540	0.18066549377120125	0.18819993180377176	0.41079062797287064	7754	0.06776103552399404	0.06776103552399404	0
0.99560546875	228828	0.2286220646173543	0.24204272002709212	0.41704495874402764	7824	0.09039461517030316	0.09039461517030316	0
0.99560546875	189362	0.17751177986488484	0.18841245800372589	0.40567215452388633	7592	0.08289343079028723	0.08289343079028723	0
1.0	146552	0.13787930985448632	0.14802055475656822	0.3995114032775265	7830	0.08523370766188816	0.08523370766188816	0
1.0	209718	0.19050303374035843	0.1954794262621163	0.38735701058451827	7678	0.0692481239243873	0.0692481239243873	0
0.99853515625	168212	0.19045553945169255	0.19865196436798913	0.40161622029983596	7652	0.0857408959616356	0.0857408959616356	0
1.0	238130	0.26100039306886513	0.2654043928798772	0.41934538431147944	7786	0.07460877916771963	0.07460877916771963	0
0.9912109375	155612	0.10634953483124383	0.10994555453483021	0.40359722088690825	7692	0.04047838159725004	0.04047838159725004	0
1.0	154202	0.21666088376097178	0.2285570597092879	0.39920715036256044	7602	0.07947996612125093	0.07947996612125093	0
1.0	203116	0.22745987265875287	0.2409889060614639	0.4219488013572754	7846	0.060274630281326395	0.060274630281326395	0
1.0	206648	0.16067127764781947	0.17011849202302223	0.40934952688441895	7790	0.042288093429425466	0.042288093429425466	0
0.99560546875	139756	0.15629275684106367	0.16741804546648129	0.39467052152561966	7754	0.06985091478295612	0.06985091478295612	0
1.0	249736	0.23563024338418154	0.24224483336371197	0.4117865435670263	7862	0.05945517042303138	0.05945517042303138	0
1.0	342948	0.21770931546453248	0.23273215423043297	0.4427626077525269	7740	0.07098071805370174	0.07098071805370174	0
1.0	144546	0.20034771725024492	0.20979393662575185	0.39230896057606796	7770	0.08126428662174168	0.08126428662174168	0
1.0	188788	0.22783894732591636	0.23324941931024099	0.4007049094936082	7872	0.07104087302419729	0.07104087302419729	0
1.0	267076	0.14429925341002192	0.15036966868657847	0.42083344529109706	7754	0.053323892510537325	0.053323892510537325	0
0.998046875	169574	0.27089075640083965	0.2859177891867324	0.4103403155141949	7824	0.08826097496381864	0.08826097496381864	0
0.998046875	219840	0.13367445051294355	0.1405982863023694	0.396269574541738	7764	0.059044599174273044	0.059044599174273044	0
1.0	171116	0.1523738115375775	0.1620697925807421	0.4021539716969303	7764	0.08741521033860644	0.08741521033860644	0
1.0	188220	0.2529362796202378	0.26189325146678594	0.4044271703130269	7904	0.052349088036448575	0.052349088036448575	0
1.0	217442	0.20154080896560245	0.21556985141602142	0.40975085076441303	7868	0.07583000643407171	0.07583000643407171	0
1.0	226808	0.16297281200324512	0.16812164377074212	0.39433916912626205	7630	0.08393169129882325	0.08393169129882325	0
1.0	204550	0.1627385746927569	0.16960813265125227	0.4140488483136717	7900	0.06394753299320727	0.06394753299320727	0
0.9892578125	344214	0.12322993347676009	0.12812583072571174	0.41912630459947225	7606	0.07477902976578885	0.07477902976578885	0
1.0	223788	0.257917555714829	0.26424310666121714	0.40467909708974	7672	0.09601949658537369	0.09601949658537369	0
0.998046875	128340	0.21802959171199554	0.23033376564361124	0.38768036631036457	7726	0.10079288862841042	0.10079288862841042	0
1.0	142060	0.11229850714523824	0.12259634831439496	0.38680432132847814	7760	0.06951733724682738	0.06951733724682738	0
0.8916015625	142878	0.10979452665673156	0.12042838628840379	0.39797382423688776	6956	0.054305951878670426	0.054305951878670426	0
0.998046875	113676	0.15973687070006756	0.17033075434666348	0.3724250501879238	7656	0.0624958733892339	0.0624958733892339	0
1.0	175142	0.253684454275762	0.2733685232743327	0.4101628459061602	7818	0.07514611229637161	0.07514611229637161	0
1.0	136202	0.13987537457137683	0.14770761396676213	0.39818864958812533	7850	0.07986270441748664	0.07986270441748664	0
0.994140625	163012	0.12811822387752295	0.1346702094164024	0.405942058818115	7728	0.06465537436405493	0.06465537436405493	0
1.0	188086	0.22998140313117404	0.23772312951440536	0.4049999005891581	7774	0.09257767939604522	0.09257767939604522	0
0.99658203125	152546	0.0018301074629777792	0.0026136761524263507	0.38260211085824675	7764	0.013860887096774193	0.013860887096774193	0
1.0	244554	0.29503441461115376	0.2988331002776161	0.4084386871996056	7688	0.09454146423909607	0.09454146423909607	0
1.0	233484	0.11763011507863086	0.12857984525811375	0.40298106182539484	7688	0.06055885823388016	0.06055885823388016	0
0.9912109375	177638	0.1746022760409689	0.18199731350775405	0.41960213552972764	7866	0.07875472315958934	0.07875472315958934	0
1.0	230084	0.05533268430572878	0.057400118929387955	0.40545601522727964	7716	0.04407152341204222	0.04407152341204222	0
1.0	171688	0.1827448737687447	0.19428178116510167	0.39939586779438613	7722	0.03555151204631445	0.03555151204631445	0
0.998046875	184628	0.14061069107150106	0.14791943235521746	0.402507352549795	7706	0.08155226930648107	0.08155226930648107	0
1.0	178182	0.194864448114851	0.2093007312042353	0.39878817986501347	7770	0.06297488633378107	0.06297488633378107	0
0.9873046875	171938	0.1265540948957278	0.1347738827227262	0.39102160383006285	7514	0.08176928216507741	0.08176928216507741	0
1.0	201688	0.2125206721055191	0.2277338709268901	0.39999044399603706	7826	0.0845189040286307	0.0845189040286307	0
1.0	148708	0.05277980295365605	0.05708945640962984	0.3787277580623303	7560	0.04775183355911037	0.04775183355911037	0
1.0	118148	0.08088615875737822	0.08700868639368708	0.3677949495442237	7598	0.05211091230845303	0.05211091230845303	0
0.9970703125	253062	0.29322163191233064	0.3007585096672566	0.4172804492080686	7746	0.0758803123340305	0.0758803123340305	0
1.0	240270	0.1418581557268549	0.14410226491827535	0.40124999637400843	7670	0.05842478995196314	0.05842478995196314	0
0.9912109375	370068	0.06777816285807645	0.07325839042803911	0.433970893488192	7894	0.05053992823468576	0.05053992823468576	0
1.0	164092	0.20850255779755228	0.2176037668678258	0.408118340331201	7774	0.06865789871782316	0.06865789871782316	0
1.0	282102	0.22210360161908058	0.22830357514055188	0.4233320801665541	7878	0.082332153503448	0.082332153503448	0
1.0	151850	0.1412700488790029	0.14834833531603348	0.3845586340165996	7632	0.06994661857690174	0.06994661857690174	0
1.0	189984	0.10455540759029686	0.11840449790341225	0.39262671912606933	7518	0.07062849365760657	0.07062849365760657	0
1.0	203514	0.15389084726231314	0.1565683191404186	0.38716121831785394	7590	0.06335791277543497	0.06335791277543497	0
1.0	216522	0.1492785778020774	0.15892774114741287	0.421383374986598	7900	0.08104633353789126	0.08104633353789126	0
1.0	252086	0.17952194510582944	0.18706298488116405	0.39378893606995075	7622	0.07145105871437495	0.07145105871437495	0
1.0	203558	0.1251571445759277	0.13085030785073656	0.38922773587985754	7752	0.052747854942116014	0.052747854942116014	0
0.98779296875	175838	0.1886202710933594	0.20078124348417437	0.39561969389670754	7692	0.09650328101631657	0.09650328101631657	0
1.0	379748	0.07338937703317548	0.07903307113465427	0.42849200192853726	7680	0.0669540693943634	0.0669540693943634	0
1.0	175678	0.190373786808263	0.1988641045496148	0.40542884317318445	7806	0.09286418709162762	0.09286418709162762	0
0.9921875	219442	0.21886770068608882	0.22243296639875895	0.4127673304215445	7732	0.07341678834707449	0.07341678834707449	0
1.0	339398	0.28121959397389956	0.2922664125411835	0.4232863448649808	7824	0.0489069562382292	0.0489069562382292	0
0.99609375	177278	0.2121433999029033	0.2204681846051269	0.39741618950342295	7660	0.06814407193068199	0.06814407193068199	0
0.998046875	223384	0.15541436295251465	0.16365626619806187	0.4156491174251519	7750	0.08291619034595663	0.08291619034595663	0
1.0	238652	0.11764167329182708	0.1259408267897599	0.4262633193769598	7796	0.06626648922741826	0.06626648922741826	0
1.0	177504	0.12617503211965353	0.1320237638382417	0.398927139091312	7840	0.028360990418460595	0.028360990418460595	0
1.0	197190	0.07431936364903917	0.08239606843495119	0.39276830401962554	7534	0.0601777872629026	0.0601777872629026	0
1.0	231682	0.1317866235401377	0.14214186463468745	0.415101205067572	7766	0.06720070165139563	0.06720070165139563	0
1.0	173272	0.16598716390807802	0.171212000486121	0.39794511793433623	7698	0.07566039286997564	0.07566039286997564	0
1.0	141822	0.1480144518159684	0.16205056215252248	0.38728226988050113	7708	0.09094618973018032	0.09094618973018032	0
1.0	240992	0.0622612886861919	0.06717740163323453	0.4095260985882072	7658	0.05478652084759791	0.05478652084759791	0
1.0	278302	0.03679310175020128	0.03850998964994798	0.4106414384184749	7750	0.040095426416844306	0.040095426416844306	0
1.0	178532	0.08817865567201262	0.09288018198502693	0.38799502538998915	7678	0.06381435598582873	0.06381435598582873	0
0.9921875	144278	0.05453328357448827	0.05997896484013425	0.3845363838764985	7620	0.03956879227114055	0.03956879227114055	0
1.0	138822	0.09027462805464681	0.10429397354884888	0.39191091092404123	7666	0.06462289812023655	0.06462289812023655	0
0.99560546875	168524	0.18319757862558278	0.19501951480818358	0.3942311664368443	7814	0.07071850170120685	0.07071850170120685	0
1.0	174586	0.1247844521442362	0.13124401991061543	0.39913904484909657	7808	0.051194961962446536	0.051194961962446536	0
1.0	157830	0.13167403941278863	0.1380890261902037	0.38708174494508546	7796	0.052686964250925374	0.052686964250925374	0
0.99365234375	192412	0.25494471858485684	0.26633907664757506	0.4045015652224507	7696	0.0900527641105461	0.0900527641105461	0
1.0	194522	0.2401065677316325	0.2537847096103704	0.4135614143368845	7776	0.09289534247808522	0.09289534247808522	0
1.0	177618	0.20202603160120733	0.2103414577406599	0.40273350758169896	7856	0.06872658837593552	0.06872658837593552	0
0.9912109375	158210	0.15101593755500134	0.1660762256168622	0.3849668679872921	7710	0.06587175105010137	0.06587175105010137	0
1.0	127674	0.15013519387709848	0.1574612628345799	0.37600563463342745	7724	0.07524347088730515	0.07524347088730515	0
0.994140625	139942	0.09062199601455297	0.09484272415557662	0.3835768863049179	7650	0.046002910867303654	0.046002910867303654	0
0.99560546875	280974	0.11977712354375722	0.13108457650372948	0.41216823567875466	7670	0.08207912530161895	0.08207912530161895	0
1.0	167800	0.056692326954235414	0.0614276548092694	0.4071406389706134	7790	0.03200921821365084	0.03200921821365084	0
1.0	124986	0.12757096118634423	0.13768635018523484	0.375543290208109	7638	0.08082856230416292	0.08082856230416292	0
1.0	212294	0.02648543934118744	0.028139734710103434	0.39653675720834675	7616	0.036838701970064634	0.036838701970064634	0
0.9912109375	195612	0.11632358568930877	0.12239920390052113	0.3855364622134318	7554	0.06593992840879251	0.06593992840879251	0
0.986328125	282460	0.1229003548897886	0.13288933330254968	0.4139194413087311	7686	0.08816560505587114	0.08816560505587114	0
1.0	260776	0.27573623338680403	0.2828667142937344	0.42333537394980353	7670	0.09166163910502526	0.09166163910502526	0
1.0	246450	0.03150410422340806	0.03454378118856118	0.422001853356247	7902	0.030569812205686088	0.030569812205686088	0
0.986328125	235262	0.16104243987233344	0.16795778111056164	0.41182231829582405	7800	0.05780495554833972	0.05780495554833972	0
0.99560546875	250048	0.15505906467798666	0.15690149047449886	0.4091561294403922	7726	0.05277411945876162	0.05277411945876162	0
1.0	215184	0.14991098304013467	0.16307081372236643	0.422667084075945	7850	0.08060606952292956	0.08060606952292956	0
1.0	216072	0.24256841840704624	0.25333955531433283	0.42362091833427784	7818	0.07351295446749456	0.07351295446749456	0
0.994140625	221650	0.15287939797328304	0.1551523973411277	0.41299021780353873	7666	0.061429015307756955	0.061429015307756955	0
1.0	269310	0.28355621548396504	0.29350723157370084	0.4270556254176638	7912	0.08700343827243616	0.08700343827243616	0
1.0	199476	0.08377740835174853	0.08875603550352718	0.413683853692282	7824	0.07329333559696298	0.07329333559696298	0
1.0	151744	0.20014141513452294	0.2105848123474112	0.39929703833327923	7776	0.0910312696419367	0.0910312696419367	0
1.0	204902	0.15529428030266093	0.1586347956244941	0.4178422269899733	7804	0.07774715476495248	0.07774715476495248	0
0.982421875	167974	0.14892281956740172	0.1572263152458011	0.4027784038046914	7702	0.055578942820769625	0.055578942820769625	0
1.0	184586	0.14199424559744575	0.1471777037081322	0.4108888884619258	7816	0.059718349927388205	0.059718349927388205	0
1.0	320316	0.32229304580291546	0.32747567110115733	0.4357668450535898	7958	0.08345296563649379	0.08345296563649379	0
1.0	150408	0.15953846349400003	0.16520185189078368	0.37830390461363944	7406	0.097134474415026	0.097134474415026	0
1.0	283356	0.2631174702450535	0.26994321554163236	0.42123973577278057	7666	0.08876686627501501	0.08876686627501501	0
1.0	188324	0.1128061019436933	0.1185277646668613	0.40130290567902543	7708	0.06351284685943435	0.06351284685943435	0
1.0	188888	0.21503939973515981	0.22352019476340224	0.4053846128998951	7806	0.08284273409665023	0.08284273409665023	0
1.0	152864	0.12433713857120973	0.13285453744087258	0.408817709337117	7830	0.09159270543363612	0.09159270543363612	0
0.994140625	222740	0.2394563027181109	0.25152090811875316	0.40430381472156957	7578	0.08211541956115595	0.08211541956115595	0
1.0	255584	0.23747728810131966	0.24640390511102583	0.4188887404342963	7824	0.06483234809995936	0.06483234809995936	0
0.99609375	204916	0.10523294275866558	0.10662235417530419	0.40263771653012403	7602	0.06726726104478618	0.06726726104478618	0
0.96875	229120	0.08882427364805014	0.09344492585502728	0.42541618925026853	7430	0.039961664815578404	0.039961664815578404	0
1.0	250820	0.19915435468705014	0.20615145006948896	0.4068636379820773	7744	0.06565884742872916	0.06565884742872916	0
0.994140625	200928	0.2230278913691542	0.23417290319827783	0.39948632683039437	7660	0.08144124574093967	0.08144124574093967	0
0.998046875	150960	0.08791797168285106	0.09720938822404918	0.40494187044396884	7882	0.07316502046360054	0.07316502046360054	0
1.0	202936	0.23871713480890344	0.2498458329250397	0.39146868927322315	7636	0.1035531702440433	0.1035531702440433	0
1.0	179254	0.27614053443767267	0.288039425407115	0.3959166319649022	7558	0.08995866119259825	0.08995866119259825	0
0.9921875	171088	0.2531277147035824	0.2595725572081407	0.3930148678554724	7638	0.08143073365771314	0.08143073365771314	0
0.994140625	146302	0.06085556443572293	0.06772678872400505	0.39059709689851263	7724	0.07316028965273051	0.07316028965273051	0
1.0	193012	0.2805087315899373	0.292227543934834	0.39970383762176903	7672	0.08176778900962882	0.08176778900962882	0
1.0	195014	0.3680657393140495	0.37429309185740217	0.40016974106679326	7716	0.08289513838943419	0.08289513838943419	0
1.0	153446	0.13677853497402248	0.1431641668374534	0.3900285905463572	7456	0.07888583324102928	0.07888583324102928	0
1.0	191944	0.14805078287040666	0.15730231204287015	0.3968675391752731	7736	0.06844548360885729	0.06844548360885729	0
1.0	216120	0.21943292663839117	0.23192498443030068	0.4015742535215576	7628	0.08371780999807223	0.08371780999807223	0
1.0	120162	0.11353645620989125	0.12475658456123116	0.3712871841703165	7624	0.07228596760245208	0.07228596760245208	0
0.99560546875	218462	0.24157988967826283	0.24958526607877934	0.41405657903654447	7754	0.07457911559223437	0.07457911559223437	0
1.0	201380	0.1047928913782363	0.11345251301230835	0.395978424093604	7662	0.07161923608499818	0.07161923608499818	0
1.0	243830	0.11593642312421197	0.11806426599538082	0.4050322380937918	7742	0.04970645130806635	0.04970645130806635	0
1.0	127916	0.19673655569872853	0.2124243828920835	0.3777757345269095	7704	0.06709552938582808	0.06709552938582808	0
1.0	210898	0.08470183696678266	0.09015596513425346	0.40911508124801	7814	0.05980597725084262	0.05980597725084262	0
1.0	184520	0.13766644471424933	0.14275497293118736	0.40022945416433947	7684	0.09705018782489566	0.09705018782489566	0
0.99560546875	124030	0.22429365540683904	0.24287838011429402	0.3889944676097827	7668	0.08740864916664352	0.08740864916664352	0
0.99609375	201474	0.1333910377138665	0.14159890829196312	0.4094737937439396	7792	0.06392141551829726	0.06392141551829726	0
1.0	218040	0.17998327852821525	0.1946804666306924	0.4049396213031223	7704	0.07386751000072447	0.07386751000072447	0
1.0	157126	0.09540246277800041	0.1041282391720992	0.3951316614898213	7756	0.06373156397499752	0.06373156397499752	0
1.0	175234	0.3106069178515962	0.31749378268194595	0.3938796984619735	7588	0.11225617729273525	0.11225617729273525	0
1.0	164894	0.20004900175260265	0.21349084862172357	0.3945867301095855	7642	0.08336634358067575	0.08336634358067575	0
1.0	380204	0.28961580666174547	0.2974418576636915	0.43375728227061733	7860	0.08668438713114597	0.08668438713114597	0
1.0	193872	0.235795826305583	0.24274502700454795	0.40423293049904857	7758	0.04342470856066287	0.04342470856066287	0
1.0	240680	0.21154350905512273	0.22071315416596354	0.4127750518363506	7798	0.07116230043909066	0.07116230043909066	0
1.0	204462	0.15425510482897972	0.15795899604697408	0.412396492100957	7782	0.07745409753776708	0.07745409753776708	0
1.0	225526	0.22401298372880973	0.2401102057156552	0.41223473992147436	7766	0.08241309709761858	0.08241309709761858	0
1.0	186032	0.2505332707524467	0.25866550429811785	0.3838627553529291	7588	0.061233400438982656	0.061233400438982656	0
1.0	250538	0.07705386328238496	0.08193160127860812	0.40131184272269443	7792	0.08807480005445004	0.08807480005445004	0
1.0	213394	0.19718062193880417	0.20346522194405775	0.40129965571852927	7740	0.07382732511229283	0.07382732511229283	0
1.0	156728	0.2414538473604824	0.24824421192890295	0.3974535654309334	7738	0.08532556527780019	0.08532556527780019	0
0.99560546875	195268	0.3659988803844691	0.3765347379190776	0.40631005281973526	7852	0.08413629676530762	0.08413629676530762	0
1.0	147512	0.2196163120733464	0.23821650059847974	0.3700893823848956	7440	0.07955489471577226	0.07955489471577226	0
1.0	152286	0.15378125445395835	0.16665237398787558	0.38751235004771273	7664	0.1035376366036658	0.1035376366036658	0
1.0	270420	0.16062652855529186	0.1690676267001341	0.41924467414725863	7786	0.07697327965755801	0.07697327965755801	0
1.0	264284	0.24235808007749463	0.2510916547053344	0.3933691835768136	7630	0.06697281336072466	0.06697281336072466	0
1.0	198830	0.2565940928625738	0.267924879251153	0.40196070602597905	7682	0.08966987080990718	0.08966987080990718	0
1.0	191546	0.13291585477835907	0.14311951629031755	0.4061550307974699	7884	0.0732728383919155	0.0732728383919155	0
1.0	247340	0.13829662941853485	0.14463967987842935	0.40500158440138384	7652	0.06815404578497893	0.06815404578497893	0
0.9921875	242708	0.16099645814553518	0.1679806744400963	0.4052943595708424	7630	0.07307309012572805	0.07307309012572805	0
1.0	225470	0.08093679761218489	0.09109988901416932	0.39334044708151567	7668	0.05559525589422655	0.05559525589422655	0
1.0	190806	0.272629208480084	0.28601562828770377	0.3916732141660615	7596	0.04558281478916175	0.04558281478916175	0
0.9990234375	173148	0.13415124234436052	0.14120793011663335	0.3895754180011087	7692	0.0517307381470719	0.0517307381470719	0
0.990234375	220300	0.2731225961949191	0.2865146932486076	0.41302451712762905	7622	0.07386578960524884	0.07386578960524884	0
1.0	246958	0.13105485450580012	0.13703719749098403	0.4066554294902753	7652	0.05815789642116629	0.05815789642116629	0
0.98828125	181098	0.2277774441042246	0.24085809815972453	0.39861730759567515	7634	0.07810455665570953	0.07810455665570953	0
1.0	193776	0.27845650668195465	0.2912525253452519	0.3921496304860157	7648	0.06591509141191537	0.06591509141191537	0
0.986328125	193864	0.3158150524463534	0.320717661029492	0.41429658038121914	7708	0.08947217089004017	0.08947217089004017	0
1.0	231668	0.1896185428584379	0.1938206819116394	0.4140263093585981	7712	0.03901932555906264	0.03901932555906264	0
1.0	242510	0.04477256440765575	0.04742722835057352	0.3952940456417589	7558	0.04961395670744357	0.04961395670744357	0
1.0	343510	0.21082651501826657	0.22460734281065217	0.43406671874011266	7908	0.09605774009100464	0.09605774009100464	0
1.0	201272	0.21362655597274444	0.23527166375296818	0.4101678801932902	7734	0.08862806699069468	0.08862806699069468	0
0.99169921875	170430	0.07553234862834542	0.07873799592300086	0.38701388978726753	7746	0.05034649705412811	0.05034649705412811	0
1.0	279606	0.33724637397353474	0.3547131383717121	0.4182735157504562	7710	0.09231003199368265	0.09231003199368265	0
1.0	165196	0.05708269405646832	0.06310591351466698	0.39281472015638835	7686	0.05207078311247542	0.05207078311247542	0
0.9990234375	136606	0.17425760571944968	0.18267179554197502	0.3751896796495731	7702	0.06281598753183547	0.06281598753183547	0
0.994140625	184514	0.06360006817610916	0.06926097757799338	0.4037214553174873	7682	0.05565158993090125	0.05565158993090125	0
1.0	214152	0.27919601693471524	0.2853616327206807	0.40910783622892827	7702	0.07995044297422246	0.07995044297422246	0
1.0	153114	0.17860001861278726	0.18618745987219598	0.39356436487111984	7674	0.08895142120537082	0.08895142120537082	0
1.0	201566	0.019393694182902467	0.021384548297936633	0.3989457706404116	7784	0.02866021405364386	0.02866021405364386	0
1.0	246940	0.10862869764060436	0.1159509450840644	0.4099302766703148	7796	0.048442055821547814	0.048442055821547814	0
1.0	211420	0.11004616109549174	0.11522367777932109	0.4231453711222617	7878	0.06163799108522328	0.06163799108522328	0
1.0	216048	0.08539106790481793	0.09313217250827373	0.39853684594456	7736	0.0731039713183885	0.0731039713183885	0
1.0	156524	0.18498881396209177	0.19524166657553915	0.38658496715962903	7670	0.0570575779454087	0.0570575779454087	0
0.97802734375	185852	0.1599269479889941	0.1645221693125034	0.4102882566045492	7640	0.0858397937607943	0.0858397937607943	0
0.9931640625	224996	0.23655819733451686	0.24515070640680653	0.40779900720722595	7626	0.08752101604385829	0.08752101604385829	0
1.0	196726	0.3403024537463618	0.34699393854687877	0.4004220749859833	7648	0.09178583727486768	0.09178583727486768	0
1.0	328552	0.17788197039252293	0.18237984090498616	0.42929835122562104	7696	0.05070222164906648	0.05070222164906648	0
1.0	246806	0.1544124265556009	0.16713229375719307	0.4287988802393603	7848	0.0783048912574745	0.0783048912574745	0
1.0	245976	0.10214806236423073	0.11092558833717073	0.40915230982860123	7834	0.06229810542653734	0.06229810542653734	0
0.994140625	184854	0.10785062173858646	0.11548774515855839	0.40419076428248163	7842	0.0600587189275508	0.0600587189275508	0
1.0	245636	0.08483084430289509	0.0957317108208591	0.4115075609997829	7788	0.053089581187597115	0.053089581187597115	0
1.0	267418	0.09496443018609904	0.10451271875050142	0.4101413612497938	7702	0.06108107821912075	0.06108107821912075	0
0.9697265625	219192	0.14697403220728636	0.16252300330313973	0.42927042607893645	7622	0.06851444330171938	0.06851444330171938	0
1.0	256294	0.1022278370512305	0.11077370186696268	0.4094612347757211	7864	0.08085983323410523	0.08085983323410523	0
1.0	248926	0.0566655082139324	0.058788523057456195	0.4117485406280792	7754	0.026043133483755542	0.026043133483755542	0
0.98828125	183014	0.06472000284742233	0.07105473270818097	0.40646414702710626	7666	0.07646877938746632	0.07646877938746632	0
1.0	303376	0.2237277977206822	0.231310660242048	0.4143603675979109	7694	0.06402734171240441	0.06402734171240441	0
1.0	132152	0.28220465967661057	0.2986357380756112	0.39319784032877864	7776	0.1172173275028356	0.1172173275028356	0
1.0	232256	0.19715162549854776	0.20775754103830718	0.40296031762746015	7686	0.0837751275959342	0.0837751275959342	0
1.0	252894	0.18199867184941637	0.18754152600549293	0.4102996235227818	7736	0.05553577462217457	0.05553577462217457	0
1.0	169694	0.16108466603196214	0.17428371804384246	0.41085262706433995	7894	0.0737970851140308	0.0737970851140308	0
1.0	225302	0.14395324976481522	0.15089986929811156	0.4168463208741911	7858	0.06940673533031899	0.06940673533031899	0
0.99609375	172696	0.09714182693974968	0.1022361614047568	0.39916692705751666	7652	0.06071166514051751	0.06071166514051751	0
0.99609375	142656	0.22214098523390174	0.23641807054153974	0.3963451311064794	7738	0.08523177165490871	0.08523177165490871	0
1.0	223806	0.19054126799467277	0.20083928047144625	0.39838751804562417	7660	0.06834593229833176	0.06834593229833176	0
1.0	172788	0.06433236246320892	0.07356421620839798	0.3781190147586569	7408	0.05601052126427992	0.05601052126427992	0
1.0	268804	0.1873039600880673	0.1941091885910961	0.41427594133457757	7762	0.07254810086245347	0.07254810086245347	0
1.0	158614	0.2088327285091244	0.22211205842103643	0.3896980934417153	7636	0.06846144210659229	0.06846144210659229	0
0.98681640625	145384	0.10480834099556376	0.11512913423470268	0.39105403237810293	7626	0.06521213543540155	0.06521213543540155	0
0.9453125	293030	0.24702804137762052	0.2537838126521862	0.43811274763720925	7194	0.06796997509344456	0.06796997509344456	0
1.0	156932	0.16360629876644947	0.1697456670630183	0.39998267186615233	7740	0.06523388580900708	0.06523388580900708	0
1.0	196206	0.13675890839909247	0.13825622816151859	0.4044780892506299	7714	0.03662763157608858	0.03662763157608858	0
1.0	206042	0.17634930676533617	0.18257129527752788	0.40741300990083906	7774	0.06396939757038642	0.06396939757038642	0
0.998046875	208002	0.07119394747427814	0.07740420310861959	0.41183617504680187	7734	0.06551036858647852	0.06551036858647852	0
1.0	264556	0.37954112256237227	0.3890166992697131	0.4261520305791324	7798	0.07411857920679032	0.07411857920679032	0
0.9912109375	283420	0.20029438865798663	0.20300071324541108	0.4273012460218155	7776	0.05279355639642523	0.05279355639642523	0
1.0	173970	0.09513706782423657	0.09916518568195816	0.3805515134914974	7590	0.04918508255792739	0.04918508255792739	0
1.0	115742	0.17596478182634046	0.186607782852375	0.37452066287694036	7748	0.08724624119565233	0.08724624119565233	0
1.0	211066	0.20542179298636806	0.21900444513103134	0.4181679965457929	7922	0.07294091139699015	0.07294091139699015	0
1.0	167288	0.2548236329750476	0.2629470782111666	0.4035555974250762	7756	0.10084120850978909	0.10084120850978909	0
0.99365234375	195438	0.12241123942595707	0.12672046654237248	0.4055856871899919	7852	0.04751661576136123	0.04751661576136123	0
1.0	265132	0.10318049670029604	0.1084541476215145	0.3965346548083804	7596	0.04824990228733458	0.04824990228733458	0
1.0	254346	0.2674507141281351	0.2771801288755947	0.4124783119651774	7820	0.07877741734038621	0.07877741734038621	0
1.0	139956	0.18667060598120042	0.1941654743810246	0.3737729629082808	7652	0.06548390089562438	0.06548390089562438	0
0.99609375	154204	0.09322785661557842	0.10263750422907991	0.40958766281449605	7692	0.060797531568227516	0.060797531568227516	0
1.0	196418	0.16734310798876095	0.1790370359950177	0.40708074581489134	7738	0.08614411566010928	0.08614411566010928	0
1.0	212548	0.09837979439941613	0.107420784777575	0.4171541771583745	7876	0.07049658502149656	0.07049658502149656	0
1.0	160924	0.2254743401070282	0.23377450463765853	0.397563009068802	7606	0.0768254413249805	0.0768254413249805	0
0.99609375	182282	0.21025200632574442	0.2276962348276612	0.4029560571681303	7830	0.09847113173502497	0.09847113173502497	0
1.0	184158	0.12059561864773079	0.12603471774055575	0.3982017429355858	7666	0.03989112412434671	0.03989112412434671	0
1.0	190408	0.14867386276141917	0.16365949910045824	0.40235583478726605	7710	0.06520577471163302	0.06520577471163302	0
1.0	181002	0.18370958664881054	0.19730298611460476	0.41245820908079583	7892	0.07542147045311247	0.07542147045311247	0
1.0	195326	0.10590877312054224	0.11214421161863086	0.4087561016394045	7780	0.04600324438514612	0.04600324438514612	0
1.0	224710	0.22894345478015724	0.23953907604886981	0.42209738081893616	7844	0.0813168290385243	0.0813168290385243	0
0.99609375	188626	0.33445641357321215	0.3423580639891293	0.40343374035478435	7750	0.08756040214707404	0.08756040214707404	0
0.9951171875	240368	0.23102469603639392	0.24105839177752067	0.4226074047240336	7856	0.08571243548951997	0.08571243548951997	0
1.0	257360	0.10613646802438531	0.11217879648836496	0.4068024539257447	7826	0.06775037986810968	0.06775037986810968	0
1.0	285604	0.23204605736621406	0.24811169262113897	0.42425250040207413	7772	0.0816313516117311	0.0816313516117311	0
1.0	198580	0.06061113292587734	0.06714491903469813	0.4053806988099727	7788	0.06616225943475272	0.06616225943475272	0
1.0	160026	0.18226719388471457	0.19052919114065886	0.38266347999767386	7546	0.07585610625549496	0.07585610625549496	0
0.99072265625	227964	0.11658436885222598	0.12285351305387271	0.41802123235750793	7918	0.0632796400398	0.0632796400398	0
1.0	322544	0.1873379141232719	0.19891696273226978	0.40719546823469194	7644	0.07631551681005747	0.07631551681005747	0
1.0	162582	0.24667598063280138	0.2608506694973359	0.3986161858987905	7666	0.09826469216668055	0.09826469216668055	0
0.978515625	213876	0.2242189758654616	0.2331835263296183	0.4149660986975676	7634	0.09082818763456915	0.09082818763456915	0
0.9833984375	183492	0.09809070217513896	0.1067539250442916	0.39823104379025004	7526	0.07321100182785034	0.07321100182785034	0
1.0	279964	0.20579576739432506	0.21393465119314797	0.41064934362697514	7694	0.0828250017587757	0.0828250017587757	0
1.0	226612	0.1464767779624638	0.15130476184747593	0.4057682606423701	7704	0.06128955360110697	0.06128955360110697	0
1.0	211474	0.1260681636079949	0.13721694571813736	0.4032372127527908	7724	0.08952355770187391	0.08952355770187391	0
1.0	215388	0.33014394268996516	0.3405327170748028	0.3944868393346747	7696	0.08184425581821629	0.08184425581821629	0
1.0	157450	0.16483015944813956	0.17101708324208342	0.39294094734703816	7628	0.07236768182809127	0.07236768182809127	0
1.0	258968	0.10956596636221537	0.11783325147859844	0.4202792782311346	7858	0.0638621262261414	0.0638621262261414	0
1.0	191940	0.187321367566984	0.19730434931536145	0.38736191865384284	7660	0.08138718316625385	0.08138718316625385	0
1.0	242474	0.09477397468516652	0.099471947026498	0.3936864649584637	7620	0.07960359002622984	0.07960359002622984	0
1.0	184900	0.2472362377890073	0.2652887706556525	0.40019026306722316	7722	0.09995661337346047	0.09995661337346047	0
1.0	301874	0.20007625754385838	0.21153867750766556	0.4344947620465336	7722	0.08008146380249725	0.08008146380249725	0
0.99560546875	246416	0.13510063378609374	0.14382203281556075	0.4263618102951066	7798	0.06620018816251333	0.06620018816251333	0
1.0	208164	0.17915534947216621	0.18920131632830042	0.41217189364094936	7802	0.10341746670841319	0.10341746670841319	0
1.0	300932	0.30338517495463413	0.31412424891178126	0.41111166391759074	7672	0.05349198017368457	0.05349198017368457	0
1.0	167536	0.1089985948167901	0.11928256964600216	0.38611960755217195	7648	0.07890358873616443	0.07890358873616443	0
0.99609375	222250	0.24674876210394803	0.2555534652804081	0.4065197428252383	7786	0.10399583278025946	0.10399583278025946	0
1.0	155494	0.16428408062478977	0.17455660364319292	0.39411968066693737	7684	0.07988642819656053	0.07988642819656053	0
1.0	182154	0.1628777160957175	0.17513646047359444	0.396810215771409	7656	0.09086836512000308	0.09086836512000308	0
1.0	308698	0.14877468585967077	0.14918274101794501	0.41002939079049333	7582	0.07678598551773838	0.07678598551773838	0
0.990234375	165614	0.11675345905972326	0.12103835013089914	0.3714299207899689	7298	0.058065890087784906	0.058065890087784906	0
1.0	200694	0.1960833022022322	0.20532400740908024	0.3973009899214628	7588	0.09961073388364677	0.09961073388364677	0
1.0	131112	0.17899721272862976	0.19260825507957074	0.3832046704997046	7692	0.09625183531876004	0.09625183531876004	0
0.99560546875	188468	0.2766661801140999	0.2884061163027035	0.3874520184214001	7632	0.09152615155595317	0.09152615155595317	0
1.0	272184	0.12761969534949094	0.13285177903816234	0.40743383916540044	7682	0.07553968281935008	0.07553968281935008	0
0.9912109375	139732	0.15650286414910067	0.16611887136258627	0.4068310712315919	7800	0.08909188824328973	0.08909188824328973	0
1.0	186488	0.12051164106021894	0.1312482301050191	0.41021268709521713	7864	0.07742478945829571	0.07742478945829571	0
1.0	152446	0.15967344970050676	0.17393048231982616	0.3738249590475567	7640	0.06921874208649602	0.06921874208649602	0
0.9912109375	139516	0.3232386316950608	0.34032832726018697	0.3893579184471898	7532	0.08752152732712262	0.08752152732712262	0
0.9853515625	244050	0.20396279412651475	0.2117528793642451	0.41913732818251304	7688	0.07806387425098511	0.07806387425098511	0
1.0	262826	0.08027607432644134	0.08410708036281705	0.4246579345002095	7914	0.056494285311546245	0.056494285311546245	0
1.0	240138	0.13550761444501896	0.13926240290113454	0.4163353229415241	7768	0.04305198310091699	0.04305198310091699	0
1.0	191472	0.2903808044156475	0.29908260998793207	0.3990738170413805	7766	0.07471226433735251	0.07471226433735251	0
1.0	221084	0.26770709595020686	0.2789155634753683	0.41708211359770253	7852	0.08668676847289708	0.08668676847289708	0
1.0	180358	0.09530454959729327	0.10398647875411883	0.3830573091483947	7580	0.06883344734466251	0.06883344734466251	0
1.0	188564	0.22454425066110806	0.2386117650594113	0.3963176178554077	7730	0.07524528981693872	0.07524528981693872	0
1.0	221594	0.2343317823896307	0.24249994380513465	0.4139896428037128	7838	0.10350048857392502	0.10350048857392502	0
0.9990234375	270912	0.15875383443801455	0.16265033600769452	0.42166400046523905	7724	0.04883692039374889	0.04883692039374889	0
0.98583984375	329898	0.21088423472598455	0.2234377438710795	0.4525608545634025	7596	0.08104588663687441	0.08104588663687441	0
1.0	159056	0.1399428690107226	0.14638859648962627	0.40049315741704183	7832	0.065607918867395	0.065607918867395	0
1.0	232082	0.11713969541190615	0.12762397939543485	0.42001621104808234	7872	0.06905898958112215	0.06905898958112215	0
1.0	152332	0.1577874629017908	0.16596635446433763	0.39170124535411216	7734	0.07594466439841405	0.07594466439841405	0
0.994140625	120070	0.20915720052771747	0.22389394921669586	0.38477924280610715	7518	0.09760562297425264	0.09760562297425264	0
1.0	162472	0.22251777391807104	0.23457207041917116	0.38512376597928255	7604	0.0761408627858832	0.0761408627858832	0
1.0	109864	0.11737223452224817	0.12967688043428097	0.3667824497961501	7468	0.07018768761183994	0.07018768761183994	0
1.0	123080	0.295087124611741	0.3077082669495655	0.37149359246241254	7550	0.09836249002552169	0.09836249002552169	0
1.0	209548	0.21969932975326126	0.23137474941466082	0.4177507257818167	7790	0.08795699872677658	0.08795699872677658	0
0.98828125	198054	0.11886627823876411	0.12304897560312571	0.4138996658887503	7650	0.08805947194761204	0.08805947194761204	0
1.0	194944	0.05251931425179354	0.055696675072524335	0.4022756654073018	7744	0.04507666772743138	0.04507666772743138	0
0.9873046875	196066	0.2675943400622268	0.279866657330746	0.4051449140651376	7736	0.0659768768974969	0.0659768768974969	0
1.0	263940	0.31252613916004357	0.3229412031262784	0.4180010902210723	7926	0.047483931208820135	0.047483931208820135	0
1.0	214566	0.140471806783779	0.1439747073091037	0.3915679233025158	7670	0.05586409465274791	0.05586409465274791	0
1.0	193448	0.07675992599211519	0.08384355163893908	0.3922340279407021	7616	0.028277550535883243	0.028277550535883243	0
1.0	201878	0.25593876616251626	0.2666723392797074	0.42236637333314025	7958	0.09320184852486295	0.09320184852486295	0
1.0	147622	0.10595719469614268	0.11847475615536421	0.3814171846482635	7648	0.06258764930976023	0.06258764930976023	0
0.99609375	157006	0.07578621736748595	0.08268964337043078	0.3985321832458168	7796	0.051262137524365536	0.051262137524365536	0
1.0	210082	0.15039308611191188	0.15682941832041836	0.41556977853337873	7904	0.06027548700189975	0.06027548700189975	0
1.0	185058	0.18909016266050113	0.20151606260179505	0.4057655287737449	7750	0.07814278382646686	0.07814278382646686	0
1.0	205020	0.10893783036801262	0.11808425991203982	0.4024204570304452	7778	0.05997051479765495	0.05997051479765495	0
0.99609375	179336	0.12526104786057607	0.13533880636087361	0.3989618979781638	7654	0.07019857527906581	0.07019857527906581	0
1.0	196152	0.25672564682437005	0.26639354716308555	0.41444764175658505	7876	0.08926381862209672	0.08926381862209672	0
1.0	182000	0.1712212008209139	0.18031716438707457	0.3980198104792774	7754	0.05810574312918912	0.05810574312918912	0
0.994140625	128956	0.07295586886172431	0.07802911456754913	0.3627956898621192	7456	0.060152392302254526	0.060152392302254526	0
1.0	207370	0.20030400432211562	0.21067476498682597	0.4115677911405933	7754	0.08622050414522398	0.08622050414522398	0
0.99853515625	136704	0.1398929403024282	0.15547574675596496	0.3845809720323945	7688	0.09369935461584258	0.09369935461584258	0
0.9912109375	199232	0.1253302463865523	0.13457415217793112	0.39966786491391043	7614	0.07977065343763316	0.07977065343763316	0
1.0	201460	0.1528468925942602	0.16676191111717947	0.40689400031041706	7702	0.08532962661723235	0.08532962661723235	0
1.0	126546	0.12301692496693578	0.13090901882969888	0.3501344910691336	7348	0.07186177188163462	0.07186177188163462	0
1.0	205486	0.08395515012239978	0.09138487429155062	0.4038841441293874	7726	0.06502376703763375	0.06502376703763375	0
1.0	212766	0.2211460928612216	0.23465053756851675	0.40682464766519666	7730	0.10243710402359171	0.10243710402359171	0
1.0	148914	0.21393994299757602	0.22276032136215462	0.3909348530858214	7620	0.09553392084062368	0.09553392084062368	0
0.97509765625	198386	0.10949397657018144	0.1164958198109656	0.4121342835352124	7514	0.08304430866515565	0.08304430866515565	0
0.994140625	181180	0.15146277779629175	0.1657436597150826	0.3885071581907935	7552	0.08712105173695793	0.08712105173695793	0
1.0	132924	0.13977359807435036	0.14831629020305243	0.3849948874365694	7714	0.08179952223339619	0.08179952223339619	0
0.9921875	146708	0.14407043055792793	0.1582252671432322	0.39712957597433657	7696	0.06885385345744476	0.06885385345744476	0
1.0	213584	0.04563415429768272	0.04878201622387493	0.41003199175148236	7826	0.036130421273770696	0.036130421273770696	0
0.9912109375	337428	0.08797734961967707	0.09801620033812812	0.4102495160980528	7646	0.060395533408780566	0.060395533408780566	0
0.9912109375	189364	0.12803513837383387	0.13842265020361447	0.3996676355637216	7746	0.0668156087685548	0.0668156087685548	0
1.0	200822	0.1405034728219845	0.1514554157810761	0.4128268826936583	7840	0.08466608797009975	0.08466608797009975	0
0.99560546875	203026	0.15502563155696591	0.1595578436470192	0.39899446626343854	7622	0.06683700529073155	0.06683700529073155	0
1.0	162224	0.21592873558527995	0.22522872307988406	0.39575343112088435	7724	0.07817562359149978	0.07817562359149978	0
0.994140625	172090	0.13824360122802634	0.14550091124629974	0.3927045789125995	7674	0.07184823636157306	0.07184823636157306	0
0.99609375	185476	0.028650300478891708	0.0325087805549385	0.38558437822062763	7478	0.049406687462558586	0.049406687462558586	0
1.0	210382	0.2475280502960589	0.2590028270863266	0.3973008432290979	7690	0.08948909223364392	0.08948909223364392	0
1.0	203520	0.12641369463205054	0.1343854668732475	0.4087787078352705	7774	0.06330783673358997	0.06330783673358997	0
0.9912109375	199436	0.17331613722959543	0.18446399074805372	0.40806901817169416	7696	0.0765986945015493	0.0765986945015493	0
1.0	157334	0.15542382121253998	0.16367453979140578	0.3907961992648274	7668	0.06813580711279761	0.06813580711279761	0
1.0	293800	0.19916612153958727	0.21110614152329685	0.4258670288410329	7926	0.06835919073708678	0.06835919073708678	0
1.0	178386	0.15708705627468547	0.17149240642336372	0.3983154891320921	7748	0.07382339314963048	0.07382339314963048	0
0.98095703125	148490	0.11684879261483214	0.12711727419028312	0.38285281054420756	7548	0.04947846119663848	0.04947846119663848	0
1.0	190506	0.23184692201778692	0.2414331656011864	0.3944769047893219	7734	0.0714266650504043	0.0714266650504043	0
1.0	170106	0.0529885059123622	0.05725069219054655	0.3816816892023327	7606	0.05826021503199361	0.05826021503199361	0
1.0	292102	0.26271018206780306	0.27048912874511905	0.41452981911423703	7672	0.08464666327734112	0.08464666327734112	0
1.0	419922	0.017105676163183026	0.02118225214058666	0.4216699569214984	7766	0.05039706952946364	0.05039706952946364	0
1.0	188038	0.21277509103403888	0.22885858291269098	0.40098889669350707	7676	0.06680157977231477	0.06680157977231477	0
1.0	171434	0.20490748544710702	0.21743739887046587	0.3863980657438539	7564	0.0723070302088553	0.0723070302088553	0
1.0	200904	0.18333213763047226	0.19167763873065505	0.3993872473209326	7726	0.06647313655848477	0.06647313655848477	0
1.0	228906	0.13100495378183308	0.13517316399505544	0.4071113483827659	7852	0.06821435626023457	0.06821435626023457	0
1.0	198016	0.16122446507700625	0.17521587506309397	0.4053983316993571	7702	0.06403045338036564	0.06403045338036564	0
1.0	181680	0.0900403825304916	0.09098426757026809	0.39836141538083014	7786	0.05874220158537161	0.05874220158537161	0
0.9912109375	222790	0.16731652629382734	0.17352871812857257	0.4185742207128708	7762	0.07296191407438624	0.07296191407438624	0
0.994140625	157822	0.17228108049148605	0.17988477645633216	0.39415012581742803	7682	0.08305690556872009	0.08305690556872009	0
1.0	346984	0.1901456043253381	0.19587679884494627	0.42175355123409614	7772	0.061866208347745866	0.061866208347745866	0
0.99560546875	206890	0.09630577007527982	0.10686569624593378	0.4077471076707388	7764	0.06904745608122093	0.06904745608122093	0
0.994140625	159544	0.17790281740430025	0.1911206623212309	0.4182123773866888	7818	0.07866083432622395	0.07866083432622395	0
1.0	178190	0.2876626268424879	0.30137020459281	0.39092190459467907	7750	0.07923837258045827	0.07923837258045827	0
1.0	197142	0.3086933077362961	0.3166450932086253	0.39355105550082675	7666	0.08251766207587649	0.08251766207587649	0
1.0	177742	0.08999119782663764	0.10072467677914791	0.38814432262042353	7750	0.05018292095668743	0.05018292095668743	0
0.98828125	246204	0.24818818450997984	0.25731123304194337	0.4267860151805892	7892	0.06784780451115954	0.06784780451115954	0
0.998046875	212254	0.30387160496062526	0.3191808838671065	0.40520529770704167	7792	0.06184335469092805	0.06184335469092805	0
