Utilization	Connections(A2A)	Lvl1TraffRatio(A2A)	Lvl1TraffRatioNoIndirect(A2A)	RatioIndirect(A2A)	Connections(AR)	Lvl1TraffRatio(AR)	Lvl1TraffRatioNoIndirect(AR)	RatioIndirect(AR)
0.8949889462048637	2972016	0.5402878942200005	0.540501897053564	0.4658682508782877	28534	0.19134210541474414	0.19134210541474414	0
0.9232375337754851	3306324	0.6266978064795345	0.6275400145460174	0.4658717881223116	29302	0.1825165847946926	0.1825165847946926	0
0.9480471628592484	2227504	0.5620072461713058	0.5620748761249547	0.45073342977112757	29956	0.19967253696561985	0.19967253696561985	0
0.9421518054532056	3434706	0.5594329405341235	0.5603801816396751	0.4675251685660413	29898	0.18744399800367276	0.18744399800367276	0
0.897322525178089	2962726	0.6088024502731914	0.6094509680522303	0.4668078745334765	28712	0.19338168266394104	0.19338168266394104	0
0.9179562760992386	4209886	0.5880687077661106	0.5900656265904073	0.4594979104716032	29194	0.17901171801148155	0.17901171801148155	0
0.9363792679931221	4055164	0.6296266608530264	0.6300302617535305	0.47183893753139117	29908	0.199297655696996	0.199297655696996	0
0.9388356669123066	3996066	0.6127752315019268	0.6134741476777877	0.47426682137899095	30048	0.1868192721596205	0.1868192721596205	0
0.9288872512896095	3254472	0.5487351012152629	0.5494567201614644	0.46803462419054137	29620	0.20481038378156421	0.20481038378156421	0
0.8956030459346598	4880648	0.6947152572714926	0.6951331032614548	0.4741423255982486	28256	0.18957183272035608	0.18957183272035608	0
0.9250798329648735	3742162	0.6089615350571986	0.6096383425812065	0.46549003917588755	29282	0.18571701400297277	0.18571701400297277	0
0.90506018177352	3496622	0.543523762826747	0.5445851151302855	0.46917600103649254	28718	0.1667766358813085	0.1667766358813085	0
0.9021125030704986	2890922	0.6046081673165002	0.6047853759110938	0.4675536328059607	28784	0.18310873623658072	0.18310873623658072	0
0.8823384917710636	3056716	0.5184408212857649	0.5205242174682835	0.46789628845588155	28262	0.14890538407228826	0.14890538407228826	0
0.8462294276590518	2644502	0.6215095449826895	0.621609783533744	0.47130324086475883	27058	0.20752987461297326	0.20752987461297326	0
0.8619503807418325	2875088	0.5470390395627042	0.5486587418338457	0.4667784359712201	27182	0.19632654122999382	0.19632654122999382	0
0.9054286416113977	3908256	0.5201430888472323	0.5202023591554166	0.4766333813614401	29052	0.16843031340372414	0.16843031340372414	0
0.9295013510194056	2487992	0.5738781994179786	0.5751090405510288	0.46596850350784863	29764	0.19844302991320284	0.19844302991320284	0
0.931343650208794	2827588	0.47640876424950834	0.47776279484374023	0.4657348207965799	29772	0.18370552294190726	0.18370552294190726	0
0.9767870302137067	3248188	0.5806074196176545	0.5825871826145091	0.4576157250560064	30706	0.18523068917025712	0.18523068917025712	0
0.9057971014492754	1742242	0.5736314412938837	0.5756866990880886	0.4550247615941576	28722	0.22738840859766207	0.22738840859766207	0
0.9518545811839842	3446424	0.5816289849416065	0.5830197479060397	0.46954800212429904	30182	0.18937936222698115	0.18937936222698115	0
0.9054286416113977	3091444	0.5779907917126819	0.5784638840811425	0.4669682670457454	28816	0.17866545903604406	0.17866545903604406	0
0.9096045197740112	3786018	0.634119919189623	0.6345908359576883	0.46438179133619767	28624	0.17398126720685972	0.17398126720685972	0
0.7909604519774012	1931430	0.5546150887898723	0.5554250154031161	0.4630877625512175	25236	0.24230455745590437	0.24230455745590437	0
0.9242200933431589	2796940	0.6066706326374619	0.608034799308467	0.45333353540057564	29342	0.1861021453301538	0.1861021453301538	0
0.933063129452223	2665416	0.5715815759114748	0.5731953391798551	0.46785799857103366	30000	0.18537118893981422	0.18537118893981422	0
0.9000245639891918	3357400	0.5564818414321752	0.5567103053683395	0.4715298849194994	28666	0.16865209249503454	0.16865209249503454	0
0.9304839105870794	3961102	0.6282995807763653	0.6304254763091447	0.4609021209396691	29280	0.18808999788699907	0.18808999788699907	0
0.9234831736674036	3895156	0.6148996268262507	0.6143012458719351	0.47204083688985415	29512	0.18234479099295808	0.18234479099295808	0
0.9107098992876443	2951076	0.6148982508837894	0.6150200015761191	0.4641703394057244	28974	0.19309272624748344	0.19309272624748344	0
0.8721444362564481	2850706	0.6054558018998634	0.6064916913010711	0.4681890673194163	27892	0.1807966645020441	0.1807966645020441	0
0.9238516335052812	2541728	0.5783794148974104	0.578788420280278	0.4622843999915855	29654	0.17702221249692143	0.17702221249692143	0
0.8922869073937607	3511068	0.5867403303415701	0.5876871756082099	0.46281565333498503	28022	0.1794769775275634	0.1794769775275634	0
0.89240972733972	2513390	0.5405913337144393	0.5408675340399767	0.4633241531050321	28446	0.16712885987775253	0.16712885987775253	0
0.9669614345369688	2742158	0.5657600448468512	0.5674278228422167	0.4577479517928347	30876	0.1745759899152779	0.1745759899152779	0
0.9331859493981822	2945264	0.5076534712592357	0.5111661837122872	0.462843513093802	29682	0.17375152887548462	0.17375152887548462	0
0.9123065585851142	2333558	0.5426691274220462	0.5440174170821784	0.46222319535001716	29178	0.18688066562414976	0.18688066562414976	0
0.883075411446819	2588368	0.5633927897616221	0.5648431072412131	0.46920795724698655	27996	0.20619635744952622	0.20619635744952622	0
0.8784082535003684	2198552	0.5765368804369947	0.5771834913873418	0.4565380418903408	27856	0.19099798434247175	0.19099798434247175	0
0.8933922869073938	4197312	0.6893193482719869	0.6894751860830474	0.4699155931870281	28580	0.18466804200526102	0.18466804200526102	0
0.8845492507983297	3647628	0.611646558398533	0.612341736211193	0.4606710772712022	28078	0.2174656149845868	0.2174656149845868	0
0.9331859493981822	3237158	0.6042371591331087	0.6051010114757859	0.4674008989712622	29654	0.18069429634919731	0.18069429634919731	0
0.8788995332842053	2383748	0.5912820231416159	0.5920201655072782	0.46806530494339915	27836	0.20925337343317818	0.20925337343317818	0
0.9356423483173667	2982754	0.5993327775039972	0.5998251114563514	0.46250932333922296	29996	0.19613728621024518	0.19613728621024518	0
0.9145173176123802	3053764	0.553229444250804	0.5535969505057186	0.4680254609473615	28944	0.19702220571319481	0.19702220571319481	0
0.9384672070744289	3811548	0.6450969835414454	0.64610319787387	0.4667078476969931	29880	0.2083662865772471	0.2083662865772471	0
0.8647752394988946	2333964	0.5121030138076524	0.5128471421937342	0.4630025326689782	27580	0.18195262946598864	0.18195262946598864	0
0.7542372881355932	2940500	0.5744319729979206	0.5751682093683413	0.4736052819906101	24090	0.17752215908906108	0.17752215908906108	0
0.844632768361582	3123600	0.5817943176921976	0.5823182765227327	0.46786551523671505	26898	0.19301099830564394	0.19301099830564394	0
0.945099484156227	2168708	0.5962736253862339	0.5972027902680298	0.4531543641221643	29972	0.21039024751038773	0.21039024751038773	0
0.9019896831245394	2220632	0.5553385562788333	0.555937766801401	0.4629449939212869	28838	0.20219917049900946	0.20219917049900946	0
0.9439941046425939	3194124	0.566235002275426	0.5679036229416461	0.4663406787830857	29940	0.18551717022216688	0.18551717022216688	0
0.834193072955048	3648894	0.6394684084218217	0.6396207324416293	0.47144991624590205	26206	0.181609915791204	0.181609915791204	0
0.9073937607467453	6239040	0.620898049194661	0.620872875303038	0.4730996731483715	28930	0.1681415311869421	0.1681415311869421	0
0.9303610906411202	2456724	0.5340675611453359	0.5346041771299647	0.46198593608969424	29544	0.19297009012201108	0.19297009012201108	0
0.9378531073446328	2962954	0.6169103139785571	0.6171908983496038	0.4664602920483563	29856	0.20420726111568197	0.20420726111568197	0
0.9162367968558094	2596304	0.5809835304326695	0.5822793993686474	0.46438665344495633	29140	0.21199708973376677	0.21199708973376677	0
0.8731269958241219	2565862	0.6128553452362611	0.6131553309502941	0.46754954329706155	27782	0.20460363503408463	0.20460363503408463	0
0.9225006140997298	2151726	0.5803179427264601	0.5813158353634833	0.46225101058857465	29516	0.2240897719154972	0.2240897719154972	0
0.8804961925816752	1893794	0.49522006155548676	0.4978543183016957	0.4586150394285556	27848	0.20404929764957305	0.20404929764957305	0
0.8948661262589045	2140092	0.5390617115081323	0.5406666564555753	0.46037087997559983	28322	0.20165156311809448	0.20165156311809448	0
0.7757307786784574	1691756	0.4895776822692938	0.4917691095456345	0.4648771898247712	24856	0.2376531850096778	0.2376531850096778	0
0.9399410464259396	2444844	0.5729517303113976	0.5741572765796613	0.4638203431943062	29826	0.18182462790056308	0.18182462790056308	0
0.8490542864161139	3786606	0.5456181312348151	0.5491865219702953	0.46963336973169095	27214	0.16625852124025906	0.16625852124025906	0
0.877057234094817	3075408	0.5733117719076586	0.5735448316299662	0.4735445079180709	28042	0.20117814079368915	0.20117814079368915	0
0.8997789240972733	2938552	0.5600841477573276	0.5614230768203518	0.4673599482485023	28690	0.1900080413648498	0.1900080413648498	0
0.921518054532056	4092650	0.6340665225730863	0.6341005926130715	0.47447842484137587	29508	0.17957034210701647	0.17957034210701647	0
0.8115942028985508	1913516	0.5565506509154058	0.5569982899803053	0.464660410458263	25726	0.21415196915342394	0.21415196915342394	0
0.852370424957013	2709374	0.5645159861535121	0.5640851103649647	0.47064123613824965	26894	0.17900078564238997	0.17900078564238997	0
0.9400638663718988	2504178	0.49992140072464236	0.5007671892274924	0.45821227627203714	29818	0.1888212398187963	0.1888212398187963	0
0.8882338491771063	3263356	0.6124535652155336	0.6123356186829138	0.47117274441144286	28380	0.20424582753675624	0.20424582753675624	0
0.8660034389584869	2955922	0.5745750020461208	0.5755117130757179	0.46536064651949566	27756	0.18140715097038096	0.18140715097038096	0
0.883075411446819	4260038	0.6272528573487476	0.6274901522411306	0.4729952623470412	27800	0.1830938233993942	0.1830938233993942	0
0.8371407516580693	2899190	0.5298401142848492	0.530533157740516	0.46564229869583795	26498	0.18510748546228703	0.18510748546228703	0
0.9118152788012773	2144958	0.5452743131054478	0.546616243895942	0.4585237994767577	28786	0.19201305640535574	0.19201305640535574	0
0.874846475067551	2140874	0.5211924032308967	0.5232356919554811	0.46572047252713267	27964	0.19203932328166393	0.19203932328166393	0
0.9201670351265046	6993054	0.6887598661124947	0.6889884510744584	0.4755427623478165	29432	0.1732570593519043	0.1732570593519043	0
0.9183247359371162	4005510	0.6250925309695632	0.625340057255907	0.4699747999747823	29446	0.2151065625349562	0.2151065625349562	0
0.911078359125522	3545852	0.6477027903600531	0.6481445926479142	0.4680371827946248	29222	0.1841262691700748	0.1841262691700748	0
0.8497912060918693	4335130	0.6239713368186827	0.6239321966445092	0.4689020289318795	26866	0.18516240629685551	0.18516240629685551	0
0.9114468189633996	2591344	0.5957982316727447	0.5968679602001767	0.463344257898324	29060	0.21081797867403243	0.21081797867403243	0
0.8650208793908131	2940098	0.5842185009122868	0.5857078383335158	0.4640739835756707	27358	0.18568908543222884	0.18568908543222884	0
0.9249570130189143	3676066	0.628610240830702	0.6284582892876037	0.4638244226623882	29166	0.17509127253343335	0.17509127253343335	0
0.9012527634487841	2504166	0.5866393035679711	0.5882420056818861	0.45750467957010216	28532	0.19548295336057878	0.19548295336057878	0
0.9195529353967085	3814110	0.6447576961367417	0.6454763917361153	0.45719998825448077	29078	0.2114359025674557	0.2114359025674557	0
0.9197985752886269	2845078	0.5563219622428069	0.5572241463324742	0.4657934679867663	29428	0.16640072761205996	0.16640072761205996	0
0.9239744534512405	3323360	0.5995128631161705	0.6004657795483784	0.4657648716356751	29364	0.18083708920831984	0.18083708920831984	0
0.9103414394497666	2548174	0.5687192797129058	0.5710154457970492	0.4598640125854243	28698	0.1605288552799127	0.1605288552799127	0
0.9384672070744289	2746534	0.5255699762176865	0.5282594254643708	0.4655773382724888	29670	0.17426016260779265	0.17426016260779265	0
0.923728813559322	2235000	0.5413787220790917	0.5435978614871648	0.46187037209840437	29600	0.19405099626096978	0.19405099626096978	0
0.8857774502579219	2376750	0.5912740433876901	0.5928984557421085	0.4636282387173449	28198	0.18754779073745606	0.18754779073745606	0
0.9129206583149103	2613284	0.5565607729519851	0.5580589956264859	0.4674442148001619	29144	0.17414460385952005	0.17414460385952005	0
0.9131662982068288	4959692	0.5902412178072415	0.5914397953380547	0.46892843099682674	29106	0.17077658780970173	0.17077658780970173	0
0.8765659543109801	3491540	0.6618799415000984	0.6614263164268538	0.4714701626555892	27902	0.190676672385329	0.190676672385329	0
0.8199459592237779	4478584	0.5876089576876143	0.5883669545585154	0.47422330853980926	26174	0.16421622450398812	0.16421622450398812	0
0.864406779661017	2074420	0.5236840884373298	0.5240627579598394	0.46264724931890816	27194	0.22465837525184762	0.22465837525184762	0
0.9016212232866617	2399758	0.5734876116235338	0.574341535100533	0.4634968539279698	28492	0.18308281902728285	0.18308281902728285	0
0.9556619995087202	2787580	0.5025872304405296	0.5037218447203771	0.4693054248415069	30428	0.15894689800610523	0.15894689800610523	0
0.9608204372390076	3216146	0.5945486033977697	0.5948679421672658	0.46389867167576976	30532	0.19816318407180633	0.19816318407180633	0
0.9314664701547531	3708900	0.5829421126775955	0.5838182335664197	0.46835420728637384	29420	0.1797611501856222	0.1797611501856222	0
0.9232375337754851	2898248	0.5877682028172464	0.5899802110377929	0.4653400166331842	29638	0.18787949306279358	0.18787949306279358	0
0.9274134119380988	2611972	0.5842499558290937	0.5839279195905982	0.46208919067765986	29816	0.16715540799355003	0.16715540799355003	0
0.9394497666421027	2500236	0.6140629746304443	0.6150581608149055	0.4580477393680083	30170	0.1858304714322743	0.1858304714322743	0
0.9114468189633996	2584346	0.57867524590284	0.5797668966130787	0.4628685342655139	28744	0.18099026048467406	0.18099026048467406	0
0.8442643085237043	2853584	0.5784553639939112	0.5804975296787213	0.4588441035455874	26840	0.18615369463972609	0.18615369463972609	0
0.8621960206337509	3079042	0.6085234671259303	0.6088654993865016	0.47215767298785233	27682	0.18338227217702105	0.18338227217702105	0
0.8959715057725375	3413292	0.572732043209734	0.5735128866567135	0.4703856898181466	28728	0.164006529869445	0.164006529869445	0
0.9560304593465979	3784440	0.5980312444274075	0.5985099089295219	0.46804399121285317	30714	0.1883793932522786	0.1883793932522786	0
0.7500614099729797	2705536	0.5733698302512822	0.573913413725953	0.4746244279230656	23932	0.18324398795419206	0.18324398795419206	0
0.8801277327437976	3702532	0.6056569027964879	0.6060097026838444	0.46952482752289376	27998	0.20177236640714077	0.20177236640714077	0
0.8793908130680422	2122454	0.6183665346235235	0.6181995664700497	0.455104830099363	27804	0.22161801267610307	0.22161801267610307	0
0.8948661262589045	3131374	0.559533842607509	0.5598423143662713	0.46950568545974747	28678	0.18542003760094528	0.18542003760094528	0
0.9377302873986736	2674036	0.5683775989591064	0.5694128639692795	0.4632024954930949	29926	0.18760410111115397	0.18760410111115397	0
0.8995332842053549	4417628	0.6731065481695603	0.6725286597006676	0.46784901636913107	28866	0.19081420906875154	0.19081420906875154	0
0.9303610906411202	2828282	0.5619654592766595	0.5643184537443254	0.4612496863289579	29574	0.17139926826085014	0.17139926826085014	0
0.8786538933922869	2403088	0.596170906203494	0.5959257897346436	0.46682041057753576	28030	0.22740325923750312	0.22740325923750312	0
0.9064112011790715	4228370	0.6078515345736432	0.6079074803276155	0.469947700708433	28968	0.15676554816113694	0.15676554816113694	0
0.8634242200933432	3166852	0.5663249880460602	0.5672467169183287	0.4702362752333012	27078	0.16605768602769275	0.16605768602769275	0
0.9266764922623434	2716146	0.5615151959557712	0.5627014771843966	0.4633503100052963	29328	0.2042905750913637	0.2042905750913637	0
0.9084991402603783	2996908	0.5788275859337536	0.5793262958502422	0.46322473236275113	29002	0.1931599096890161	0.1931599096890161	0
0.8857774502579219	3739084	0.6380523265616292	0.6374319372590976	0.47050463409515714	28142	0.19786745067670497	0.19786745067670497	0
0.9191844755588308	2692800	0.5235127004453664	0.525347112433841	0.46663351507917555	29572	0.17744118598725742	0.17744118598725742	0
0.8831982313927782	2536380	0.6167144315458669	0.6166057240617727	0.4643436105948026	27820	0.2004094776056601	0.2004094776056601	0
0.9093588798820929	2252394	0.5737186558520051	0.5772570271001144	0.4616062114541062	28644	0.184545944306465	0.184545944306465	0
0.877057234094817	2305318	0.47093415392055005	0.4729035213055373	0.46378602992824	28056	0.16786049696676372	0.16786049696676372	0
0.9114468189633996	2271322	0.5861260993108466	0.5871728274937423	0.4616319793286184	28956	0.18944037645739756	0.18944037645739756	0
0.9185703758290347	3135662	0.5442104639948445	0.546158544023048	0.46641720740914017	29210	0.16652433137149372	0.16652433137149372	0
0.9458364038319823	3224286	0.5738722423048422	0.5744747109533132	0.4682866401259999	30100	0.1820121434974308	0.1820121434974308	0
0.8332105133873742	3112216	0.5868602734273068	0.5870260291320196	0.4696069486260965	26616	0.17621459758617883	0.17621459758617883	0
0.8788995332842053	2464992	0.5487171307150202	0.5492296880537696	0.46276663281986147	27832	0.18464404999257766	0.18464404999257766	0
0.9210267747482191	2452760	0.5928038001760998	0.5931597651987802	0.46397374211487213	29180	0.22944940631159627	0.22944940631159627	0
0.7854335544092361	1868026	0.5582777508470077	0.5597245822999221	0.4590698279934961	24968	0.19677345510607347	0.19677345510607347	0
0.9272905919921395	4344608	0.6379265387571623	0.6377090225073474	0.46972823662737967	29580	0.16687498847602808	0.16687498847602808	0
0.827683615819209	3292136	0.6230725238454506	0.623353242248964	0.4700728082828434	26216	0.1713409890795324	0.1713409890795324	0
0.939081306804225	3142378	0.5824119853056585	0.5845133660703975	0.4585102630769251	30112	0.17739934533678114	0.17739934533678114	0
0.9416605256693688	2236222	0.547575793661676	0.54908416232652	0.45866742057834603	29704	0.20486400351405176	0.20486400351405176	0
0.9102186195038074	2879942	0.5611393676336579	0.5618364032423789	0.4669274076948156	28902	0.17665017349070045	0.17665017349070045	0
0.7855563743551953	2335110	0.5598956996163008	0.5617730244054033	0.4711417962080208	24948	0.19967069847620875	0.19967069847620875	0
0.879267993122083	3940346	0.6442141873942333	0.6442051021839262	0.4704927852235962	28320	0.15707504903886926	0.15707504903886926	0
0.9014984033407025	3255090	0.6303300323947104	0.6303348094516238	0.4675306542077089	29016	0.18455923715709732	0.18455923715709732	0
0.7746253991648244	3317442	0.6493561390016626	0.6494345398601037	0.47600059220865343	24732	0.20742147417579068	0.20742147417579068	0
0.8741095553917957	3037524	0.5816015919489242	0.5823017838462633	0.46772767310604885	27616	0.17379778930888634	0.17379778930888634	0
0.8188405797101449	2235990	0.4967828652860395	0.4978969874927219	0.4702794455256016	26254	0.164252555154933	0.164252555154933	0
0.9371161876688774	2645450	0.5890756493271395	0.5895798129071862	0.45110137113394955	29774	0.20232804607720337	0.20232804607720337	0
0.8754605747973471	3011456	0.5978684740357247	0.598328630206439	0.4688482269113953	27712	0.18924578840601758	0.18924578840601758	0
0.859493981822648	2720726	0.5689170849456638	0.570794158079354	0.46399109619664697	27434	0.1862278881976612	0.1862278881976612	0
0.8687054777695897	2704174	0.555769675638985	0.5559859257150471	0.4701737697073664	27624	0.21189746921645988	0.21189746921645988	0
0.9486612625890445	2781166	0.5926192036377331	0.5929016946882688	0.46668155756383684	30590	0.16452737135100778	0.16452737135100778	0
0.8698108572832228	1973806	0.5647807609647846	0.5644495419255929	0.46232533526900915	27788	0.20483739168940227	0.20483739168940227	0
0.9086219602063375	2515840	0.4977371408556855	0.500583961056799	0.4634578394970568	28648	0.16475356717847475	0.16475356717847475	0
0.9328174895603046	2429344	0.5709378996495927	0.5715297254043648	0.45727364914166563	29840	0.21229865371226178	0.21229865371226178	0
0.87816261360845	2849472	0.6050621045042438	0.6052716725037128	0.4614058374232169	27688	0.19209236853920783	0.19209236853920783	0
0.8700564971751412	2287880	0.5757500811267561	0.5785668853007815	0.4601044130167518	27364	0.19615063714285932	0.19615063714285932	0
0.9281503316138541	4116146	0.5539966691792182	0.5538309499890343	0.47053081223423754	29684	0.17211902750083116	0.17211902750083116	0
0.9124293785310734	4460390	0.6274801681517983	0.6279832872721949	0.46210252461413875	28966	0.17955300961589504	0.17955300961589504	0
0.8785310734463276	2143896	0.5609159346120443	0.5612411137857083	0.4663225656252528	28002	0.20963915571637126	0.20963915571637126	0
0.9259395725865881	3278028	0.5566268618171512	0.5566567511005325	0.4667939709454229	29626	0.1716255059323278	0.1716255059323278	0
0.9448538442643085	2228262	0.5505279410019016	0.5514468690869955	0.4565007657794084	29932	0.20331986464172866	0.20331986464172866	0
0.8505281257676247	2694680	0.5370595848331667	0.5384517522557324	0.4678663595204808	27088	0.17589682741283655	0.17589682741283655	0
0.9487840825350037	5407238	0.5817157394084999	0.582939996068326	0.47334024744178604	30308	0.15580890882256027	0.15580890882256027	0
0.9267993122083026	3122252	0.5786006752549756	0.5810045117286278	0.4622804091055333	29584	0.16835940203522412	0.16835940203522412	0
0.9007614836649471	2813952	0.510377750510769	0.5113583643992005	0.4708611959131495	28918	0.1546545239144759	0.1546545239144759	0
0.9239744534512405	3451976	0.6262866586672862	0.6258138335348098	0.467581258413516	29140	0.1958411694992798	0.1958411694992798	0
0.8849177106362073	3418434	0.6205902459478306	0.62070162617713	0.4643744472403252	28156	0.2011754783078814	0.2011754783078814	0
0.8414394497666421	2188730	0.47128168194805276	0.4746349343762688	0.46210939719246436	26670	0.14890468614129376	0.14890468614129376	0
0.8381233112257431	3007936	0.5590635378195371	0.5593915117404806	0.47515212584856853	26584	0.1840326178055202	0.1840326178055202	0
0.915499877180054	2241932	0.5416316270579488	0.5425433133012153	0.4604805039536277	28952	0.19248981153239123	0.19248981153239123	0
0.874846475067551	2386980	0.6318295388158212	0.6311861574244678	0.45970275033112357	27852	0.21999635023829509	0.21999635023829509	0
0.8329648734954557	2529068	0.562036464715829	0.5635842265474001	0.46640023219568777	26384	0.18799560803529095	0.18799560803529095	0
0.9038319823139278	2275584	0.5977113270533306	0.5977360730898442	0.46943354874078613	29008	0.20885962473962325	0.20885962473962325	0
0.8214197985752887	3024454	0.656126216709349	0.656381973465566	0.46892140694418855	26130	0.20898008312778518	0.20898008312778518	0
0.9325718496683861	2575828	0.6272912263402641	0.6273454050137247	0.4616146973946141	29854	0.20937758874463128	0.20937758874463128	0
0.9269221321542619	2325462	0.5519233295245428	0.5536512521232271	0.45822384525076826	29596	0.19830936509921968	0.19830936509921968	0
0.8467207074428887	2748836	0.4889356891969889	0.4923193637394579	0.4648504579589696	26770	0.1645128609734274	0.1645128609734274	0
0.8954802259887006	2066312	0.5446531282158248	0.5445337043223273	0.4664130738120715	28600	0.2348833556156624	0.2348833556156624	0
0.8535986244166053	3353212	0.6072579111600912	0.6082460453921249	0.45850125820435245	27310	0.20216412608700504	0.20216412608700504	0
0.8570375829034635	2304690	0.5649431770879365	0.5661546591778206	0.46140592258497176	27158	0.17765917001779774	0.17765917001779774	0
0.9393269466961435	3487816	0.6101490912290545	0.6108077894246102	0.4637791490922425	29744	0.1800334827566387	0.1800334827566387	0
0.9384672070744289	3565622	0.5498503433661361	0.5508803265393974	0.4688075894230252	30034	0.18583410745227238	0.18583410745227238	0
0.7259887005649718	2602760	0.5831310757145998	0.5833368976503621	0.4741516642372923	23176	0.18886623979487704	0.18886623979487704	0
0.9691721935642348	3493396	0.6234567167188733	0.6232312772231143	0.4629604197042867	30570	0.18245764685097218	0.18245764685097218	0
0.8851633505281258	2065530	0.5159988409315381	0.5177200928746152	0.4507148642727916	27934	0.2035737442317966	0.2035737442317966	0
0.8937607467452714	2626186	0.5049958879664695	0.5062711158662566	0.4670182781628403	28370	0.19416463396996156	0.19416463396996156	0
0.8831982313927782	3389656	0.6265281811270534	0.6260577412885774	0.46104520172840674	27796	0.1746647020777465	0.1746647020777465	0
0.8947433063129452	2925554	0.5914716264548968	0.5925733337682553	0.4608566602450332	28192	0.2035736808214211	0.2035736808214211	0
0.8968312453942521	2789578	0.5828318602901505	0.5835514794511397	0.4612139264347784	28336	0.201633230403885	0.201633230403885	0
0.936870547776959	3666054	0.6110370275039896	0.611562358978602	0.4641361071787249	29740	0.17593989373680594	0.17593989373680594	0
0.9131662982068288	3008020	0.5566373784740932	0.557657776032139	0.4594724931302347	28806	0.17688483373175282	0.17688483373175282	0
0.9134119380987472	3240730	0.5871581831393087	0.5884111293726605	0.4670882569193593	29362	0.18112464991067476	0.18112464991067476	0
0.9629083763203145	2619018	0.5598262119316791	0.561507123449277	0.4614632794293958	30780	0.18851101379551707	0.18851101379551707	0
0.9040776222058462	3530738	0.5694124989745222	0.5695541494511179	0.4684144718452489	28958	0.17370943432117272	0.17370943432117272	0
0.864406779661017	4111922	0.6782046565971824	0.6770940840993697	0.4611074263978346	27630	0.21141184778086775	0.21141184778086775	0
0.8018914271677721	3544080	0.5912633127364125	0.5906092636804154	0.4735055248711921	25708	0.19433880929887049	0.19433880929887049	0
0.8753377548513879	2297930	0.5381745725148691	0.5391038657847352	0.4682281567306932	28044	0.21732585326178114	0.21732585326178114	0
0.8940063866371899	3121052	0.5684570635972738	0.5693681250371999	0.45932180417894314	28464	0.20230016865034336	0.20230016865034336	0
0.8836895111766151	3919900	0.6018979899584499	0.6033578011825099	0.46913844085521883	28264	0.18443562428732554	0.18443562428732554	0
0.8964627855563744	3429990	0.5712547664091294	0.5718888489971241	0.4699657018293654	28454	0.18142006440605044	0.18142006440605044	0
0.9199213952345862	3358198	0.5679387832426271	0.5672813259051525	0.46812851957315244	29394	0.17288043077568885	0.17288043077568885	0
0.8785310734463276	3171300	0.6069192305285959	0.6073305608337158	0.46586079261798763	27816	0.19515709743112067	0.19515709743112067	0
0.9317121100466715	4255114	0.5888032782800697	0.5922073987231214	0.4622046013801068	29918	0.1712524302188159	0.1712524302188159	0
0.9476787030213707	3548226	0.5890914210194007	0.5894362442237335	0.4673082622386063	30312	0.20850254703907267	0.20850254703907267	0
0.9136575779906657	4312786	0.6220299066446942	0.6225513480481828	0.46996006838861604	28824	0.1667141650690419	0.1667141650690419	0
0.9153770572340948	2649322	0.5644340743029524	0.5666664034450954	0.46383061171293843	29278	0.1647152910169365	0.1647152910169365	0
0.8987963645295995	1962202	0.49331806655441784	0.4948644796754575	0.46399798321548436	28476	0.17811699288021318	0.17811699288021318	0
0.8951117661508229	3579832	0.5876710712759557	0.5887268266411295	0.4678933869166515	28584	0.17615571417672196	0.17615571417672196	0
0.968189633996561	2341966	0.5375328533277733	0.5396487903761112	0.45412109530910016	30656	0.1956629255835404	0.1956629255835404	0
0.8882338491771063	3119282	0.5789001713395073	0.5793640018485555	0.4723595021365434	28162	0.16906732796813284	0.16906732796813284	0
0.8741095553917957	2848032	0.5848511210904924	0.5846197995447527	0.47146054973468293	27804	0.1973647337630379	0.1973647337630379	0
0.9023581429624171	2111660	0.51530314592089	0.5170533524242724	0.46341162571767697	28910	0.20170616732235977	0.20170616732235977	0
0.8964627855563744	3302538	0.5387227485326702	0.5393181696236371	0.46997504719081196	28758	0.17654626364149462	0.17654626364149462	0
0.923728813559322	3304056	0.5981253022920221	0.600247595405512	0.4695638621422083	29540	0.16791899561814885	0.16791899561814885	0
0.8871284696634734	2247776	0.5765684730838506	0.5772755914421518	0.4623483130184676	28034	0.2081033537381438	0.2081033537381438	0
0.8774256939326947	2058614	0.5485414905903602	0.5487874196505577	0.4676077099344876	28026	0.24272670075683192	0.24272670075683192	0
0.8941292065831491	2267448	0.5485355701042843	0.5492563576955674	0.46157591228718514	28332	0.2096093030183385	0.2096093030183385	0
0.835298452468681	2375890	0.5682379699082485	0.5684356688010579	0.4689837456040769	26398	0.19794771533748198	0.19794771533748198	0
0.8226479980348809	1908932	0.548762584227061	0.5486422314361068	0.4641272766941702	26090	0.1872493070290844	0.1872493070290844	0
0.9457135838860231	2690494	0.5666601704505665	0.5692422426942214	0.4565300076845545	29448	0.19508779779736377	0.19508779779736377	0
0.9120609186931958	3092214	0.5953516406026309	0.5965819881121011	0.46606077369397164	29060	0.19612135568615222	0.19612135568615222	0
0.8454925079832964	4352978	0.6185932081472622	0.619266178232799	0.4762663538590876	26762	0.1792148129092033	0.1792148129092033	0
0.8642839597150578	2330458	0.5645114440181852	0.5663261459288005	0.46523148303107803	27264	0.19015819011500337	0.19015819011500337	0
0.8453696880373373	2625680	0.5791577454585385	0.5802811257480055	0.46550255197838414	26830	0.18873423028324773	0.18873423028324773	0
0.9135347580447064	2079836	0.5272678657550093	0.52815794884837	0.45288664168426224	29176	0.18168257623725295	0.18168257623725295	0
0.9267993122083026	3320588	0.5317278311442165	0.532008475675463	0.4701463980236716	29272	0.18604171613801176	0.18604171613801176	0
0.9362564480471629	4056728	0.611385393363925	0.6121450628177256	0.4704225712789711	29714	0.18562742741048444	0.18562742741048444	0
0.9245885531810366	1972908	0.49912812222374275	0.5012346372115953	0.45875480557360304	29428	0.18844626947565382	0.18844626947565382	0
0.8278064357651682	3460616	0.6341758011243556	0.6343105860850441	0.4676547097030823	26590	0.20581399596996305	0.20581399596996305	0
0.772783099975436	3149078	0.5624757775333006	0.5626421889260684	0.4716083366723319	24570	0.16410884113136834	0.16410884113136834	0
0.83701793171211	3559110	0.6128857163263949	0.6140808588831681	0.46929224465530256	26808	0.21913204534184683	0.21913204534184683	0
0.8870056497175142	3337182	0.6077061835658191	0.6082108414796031	0.4624086344035321	28146	0.19616598712405905	0.19616598712405905	0
0.951117661508229	2873878	0.5753202427862174	0.5762833286676821	0.46752098980316553	30148	0.16412345042107118	0.16412345042107118	0
0.9145173176123802	2159748	0.4303064144066784	0.43332209890602796	0.4599788795186724	28920	0.17621403602925875	0.17621403602925875	0
0.8454925079832964	4137532	0.5353671858786218	0.5353678976947155	0.4784279185086185	27078	0.1660138212972296	0.1660138212972296	0
0.8479489069024809	3637696	0.6426976894163231	0.641803025028967	0.4707318932521602	26852	0.2124817807016464	0.2124817807016464	0
0.8890935887988209	3208280	0.5943992267068402	0.5948983163907243	0.46968575098605764	28120	0.1996935077377681	0.1996935077377681	0
0.8615819209039548	4504396	0.6139709084349634	0.613554770498408	0.4715024467572404	27546	0.18857069265210416	0.18857069265210416	0
0.9008843036109064	3241728	0.6156488060621483	0.6157573356125517	0.46252697024186556	28502	0.19165784614024498	0.19165784614024498	0
0.9141488577745026	2496108	0.5854238715003889	0.5858390828674113	0.463415197133135	28780	0.21663569999598897	0.21663569999598897	0
0.9178334561532793	3331370	0.6048989694441825	0.6059901188445379	0.46255829685025796	29498	0.2022420422924429	0.2022420422924429	0
0.9446082043723901	3766972	0.5294800197311134	0.5308057909807382	0.4704389234657789	30190	0.16251092629196964	0.16251092629196964	0
0.8620732006877917	3539684	0.6501205651659508	0.6496501433747036	0.4728978077619889	27576	0.17896902417129293	0.17896902417129293	0
0.8851633505281258	3288254	0.6408749464271882	0.6414103818615831	0.46345842299184853	28014	0.2042545559421777	0.2042545559421777	0
0.8860230901498404	3554736	0.5781040241230454	0.5788079177339416	0.46902543286901915	28292	0.20648767078742003	0.20648767078742003	0
0.903954802259887	3709284	0.6241992559909674	0.6239657837570061	0.4700360671457688	28874	0.18294294291888424	0.18294294291888424	0
0.9333087693441415	2574370	0.5751699838007879	0.5761279641426152	0.46488516586331424	29726	0.1949621830951309	0.1949621830951309	0
0.9017440432326209	2209648	0.5354853144301949	0.5363491431693971	0.45787329152787964	28920	0.1956444211532423	0.1956444211532423	0
0.8518791451731761	1748310	0.5897216918520728	0.5909305382889158	0.46097462828270364	27140	0.24604771929830005	0.24604771929830005	0
0.7722918201915991	3384402	0.5549857027025455	0.5557802418962086	0.4731970288972724	24802	0.159522477389078	0.159522477389078	0
0.9142716777204618	2137608	0.45902780451528025	0.46148333131990776	0.457912809065465	29156	0.19310471688599581	0.19310471688599581	0
0.8726357160402849	2726100	0.6268105172432561	0.6275380988472886	0.4675509442589361	27860	0.20774751833300917	0.20774751833300917	0
0.9115696389093588	2861560	0.6142872266588489	0.6145406823074336	0.4687539714472446	29012	0.18022281724128922	0.18022281724128922	0
0.8987963645295995	2863420	0.545307742821752	0.5462957258015039	0.45355516479759544	28540	0.1849559944321556	0.1849559944321556	0
0.9035863424220093	2108610	0.5221986707419409	0.5244099415299447	0.4623029446093237	28912	0.17793385226079947	0.17793385226079947	0
0.8922869073937607	2424384	0.570396362524281	0.5707609536013302	0.4649007857408098	28536	0.19789028215811608	0.19789028215811608	0
0.8544583640383199	2977520	0.5812167190807707	0.5805326384793564	0.46713228588509126	27142	0.1923975398995834	0.1923975398995834	0
0.9362564480471629	3223034	0.5079864633154458	0.5081244604570602	0.4704594969674727	29910	0.17880557815852605	0.17880557815852605	0
0.8330876934414149	2295394	0.61453205628039	0.6145051345007083	0.4652105055734213	26440	0.23550249861389974	0.23550249861389974	0
0.9092360599361337	3214784	0.6307255906203058	0.6311001423146816	0.46031698757287104	28786	0.17849980046008793	0.17849980046008793	0
0.8674772783099975	2422358	0.6025391204357592	0.6028785925356633	0.4624329041831303	27204	0.20372440590043792	0.20372440590043792	0
0.8954802259887006	2925342	0.48781430477467347	0.4882990010439771	0.4706984702712564	28558	0.1755588138849866	0.1755588138849866	0
0.8834438712846966	2458432	0.5543911298273024	0.5558307913939095	0.4686099562605848	28264	0.18483063286633353	0.18483063286633353	0
0.9140260378285434	3824124	0.5794530442603213	0.5805258393426074	0.4701095136887193	29332	0.1687187318678355	0.1687187318678355	0
0.9344141488577745	3911450	0.5940380470001743	0.5952128696629356	0.46717702887192253	29852	0.1965886303970499	0.1965886303970499	0
0.9329403095062638	3952694	0.6556400561252591	0.6555296484938843	0.466465113540159	29766	0.18722694885568214	0.18722694885568214	0
0.962171456644559	2661110	0.5427621402827183	0.5447506663092799	0.4581692958284031	30326	0.17742716909182923	0.17742716909182923	0
0.9312208302628346	3470820	0.6370496603320243	0.6371985464511881	0.46879310025057713	29850	0.2024787662124169	0.2024787662124169	0
0.9317121100466715	2590778	0.5822280710217183	0.5830699127296429	0.4540962254985921	29420	0.20040213359995354	0.20040213359995354	0
0.898427904691722	2866594	0.6008749412016916	0.6025490487774667	0.4633695983995764	28516	0.19010518029477483	0.19010518029477483	0
0.9056742815033161	3473270	0.617467143419298	0.6179339886954144	0.47178937866884857	28914	0.16849179350438284	0.16849179350438284	0
0.9029722426922132	3180822	0.5548032516892569	0.555624872502414	0.4622684871907614	28448	0.18507811858042247	0.18507811858042247	0
0.8784082535003684	3188912	0.5432774583189567	0.5439584025937808	0.47045866269381476	27950	0.18178829582882802	0.18178829582882802	0
0.8545811839842791	2425682	0.6146530200520391	0.6146787538537481	0.4696047267529014	27418	0.21298300006543544	0.21298300006543544	0
0.9409236059936134	2970746	0.5910829940220151	0.5910589336294624	0.4680946564037996	30242	0.21606513050682488	0.21606513050682488	0
0.8701793171211005	2235862	0.5569231836176307	0.557875277348647	0.4625583773122171	27708	0.20764394148030543	0.20764394148030543	0
0.9320805698845492	2243522	0.5589211392907917	0.5595230336215936	0.46055327902163046	29654	0.17649173832253026	0.17649173832253026	0
0.914394497666421	3829730	0.6059648396820382	0.6066376206846298	0.46184497376425626	29418	0.19148997121914713	0.19148997121914713	0
0.9362564480471629	3133692	0.5935730399830583	0.5957347258609208	0.45263167367895846	29302	0.18437110452854455	0.18437110452854455	0
0.7975927290591992	3076118	0.5696010518697038	0.5699600611509625	0.47570063238664634	25384	0.19357194608239214	0.19357194608239214	0
0.9115696389093588	2146292	0.5860235204654313	0.5872480681752152	0.46871072310742884	29164	0.22185365290245906	0.22185365290245906	0
0.9291328911815279	4880804	0.7005473702052504	0.7008983189413588	0.4639564260143418	29432	0.1876764992981058	0.1876764992981058	0
0.8614591009579956	3025726	0.5574521275320158	0.5587027550722224	0.46740797947099	27386	0.15237287414460968	0.15237287414460968	0
0.9478015229673299	3603026	0.6056971043316572	0.6071234604258041	0.4597861177367913	30472	0.1909966834112383	0.1909966834112383	0
0.926430852370425	2789848	0.5764421984562488	0.5776939566166545	0.4580262766785881	29668	0.1927996020744974	0.1927996020744974	0
0.8871284696634734	4252628	0.6690240925888381	0.6690060513907313	0.46797118757139544	27948	0.21786378648389434	0.21786378648389434	0
0.7905919921395235	2387426	0.5909776044718857	0.5911206077344838	0.46715255876411116	25160	0.2138969611082575	0.2138969611082575	0
0.9189388356669124	2264362	0.5454094075640953	0.5481344897150359	0.4596246879097569	29302	0.18142932510214807	0.18142932510214807	0
0.9287644313436502	3560774	0.5796270966929662	0.5794405522305807	0.46394074308551475	29530	0.1795609039743107	0.1795609039743107	0
0.8851633505281258	3789954	0.6308836724790011	0.6314548720253461	0.4687862568099846	28206	0.2039481105357238	0.2039481105357238	0
0.8838123311225743	2477280	0.5696611065678091	0.5714291903915644	0.4667869475721769	28376	0.19613216309139966	0.19613216309139966	0
0.8901989683124539	2130552	0.6185669078524874	0.6193395523847348	0.4599485320739661	28248	0.22398476323423963	0.22398476323423963	0
0.90506018177352	3828794	0.6006710054260513	0.6001551306251184	0.47239945596140004	28928	0.17671274709111015	0.17671274709111015	0
0.8900761483664947	3359592	0.6058252165173834	0.605331314982153	0.46619723354106957	28320	0.22848055595497305	0.22848055595497305	0
0.9395725865880619	3464926	0.5747150776713075	0.5754563929187811	0.46447907599478805	29864	0.17646969473946136	0.17646969473946136	0
0.887988209285188	3684338	0.5901847548197588	0.5900310253829494	0.4765508473491343	28514	0.19666285373465095	0.19666285373465095	0
0.852370424957013	2898758	0.5582736110357961	0.5590602537989066	0.4710705462936162	27286	0.1816741710786497	0.1816741710786497	0
0.8590027020388111	3517292	0.5905750906307071	0.5908641853866662	0.4708561392012807	27398	0.18018618270642636	0.18018618270642636	0
0.9302382706951609	4675634	0.6437502742460336	0.6436880405708739	0.4678989799075513	29580	0.18870385946722415	0.18870385946722415	0
0.8489314664701547	1964206	0.5540010513253651	0.5557375012663665	0.46131390693810653	26898	0.19373942454820212	0.19373942454820212	0
0.8581429624170965	2806202	0.5858978899264764	0.5856793046945354	0.46511996052777776	27416	0.173460354753302	0.173460354753302	0
0.9115696389093588	2541538	0.5571143282518226	0.5589676579271259	0.4673747933946295	29060	0.17729803115172404	0.17729803115172404	0
0.9302382706951609	3617160	0.5706759894596227	0.571683681472778	0.46074681590257677	29634	0.17661449056443632	0.17661449056443632	0
0.934168508965856	4388040	0.6174708262900896	0.6185503576700844	0.47390807463921725	29952	0.18724470574090324	0.18724470574090324	0
0.9431343650208794	3574742	0.5833315420459179	0.583431323674115	0.4663421066609903	29998	0.18838109255927715	0.18838109255927715	0
0.9347826086956522	3040532	0.5511625113282751	0.552555222148346	0.470847872606907	29724	0.16345530209992495	0.16345530209992495	0
0.8994104642593957	3853410	0.6015753161103145	0.6017395701419271	0.46789367459461423	28646	0.18500000873959146	0.18500000873959146	0
0.8726357160402849	2065012	0.5716401627416422	0.5736707072271954	0.4650607201235355	27984	0.2352396490535973	0.2352396490535973	0
0.8911815278801277	2819404	0.5836402279324494	0.5840467280458905	0.4685450985159281	28506	0.184932825446559	0.184932825446559	0
0.8350528125767624	2764714	0.6319027313017539	0.6324666287834342	0.4584475656803506	26360	0.21846130825677812	0.21846130825677812	0
0.8755833947433063	2472436	0.5384678424858287	0.5410049868181742	0.46365537173771904	27980	0.18067973176577726	0.18067973176577726	0
0.889707688528617	2770634	0.5676721838068312	0.5687800150674945	0.4587968877219484	27938	0.1732651436655439	0.1732651436655439	0
0.8722672562024073	2590688	0.5806181263881306	0.5798537313409969	0.46711037805051964	27808	0.18931468451534475	0.18931468451534475	0
0.9216408744780152	3296092	0.5968033927222848	0.5966002207264555	0.465623911680711	29150	0.18587452619339362	0.18587452619339362	0
0.6691230655858511	2364896	0.4882073893604995	0.48882948000092946	0.4753732273496272	21428	0.20050824830465722	0.20050824830465722	0
0.7651682633259641	1784942	0.46976417348168015	0.4724663645584095	0.4643940697855336	24222	0.19699813579889255	0.19699813579889255	0
0.9114468189633996	2557168	0.5612981953651873	0.5639886148072659	0.46073445801572066	28956	0.19567019016016854	0.19567019016016854	0
0.9152542372881356	3639918	0.5798174347115933	0.5801053224399695	0.47241009560890657	29226	0.19658890861139	0.19658890861139	0
0.8795136330140014	3663270	0.5791232997391224	0.5803306292567613	0.465990625449036	28100	0.17962458570381168	0.17962458570381168	0
0.9060427413411938	4350192	0.595453141059601	0.5973122720425686	0.474082018232902	28838	0.18267138564252564	0.18267138564252564	0
0.8978138049619258	3218634	0.5708570071227514	0.5711522142542355	0.46378074647893763	28492	0.18147919425795234	0.18147919425795234	0
0.9035863424220093	2770182	0.658038288800984	0.6580527455520856	0.4679283531842055	28438	0.19705688259412701	0.19705688259412701	0
0.9066568410709899	2795970	0.5715401472847761	0.5721804296182621	0.4682849547094749	28862	0.20185687075458428	0.20185687075458428	0
0.9411692458855319	3694550	0.6217746864679848	0.6223923138458493	0.4628896525420492	30126	0.18806051700503904	0.18806051700503904	0
0.9326946696143453	2342384	0.4963328466305212	0.4988754905804758	0.46550230395406716	29638	0.19066292445201105	0.19066292445201105	0
0.9352738884794891	2290608	0.5361701549775547	0.5370500351216038	0.46463139929668745	29870	0.21378126043596243	0.21378126043596243	0
0.9544338000491279	2156230	0.5932959597060321	0.5947213525242572	0.45405059050672664	29866	0.20180442410342067	0.20180442410342067	0
0.8949889462048637	3631324	0.5790609117734654	0.5802131968834088	0.4710536291052299	28648	0.17495957785869612	0.17495957785869612	0
0.8454925079832964	3816612	0.6512048215584811	0.6504581946604934	0.47464757600866947	27012	0.217529818588731	0.217529818588731	0
0.8678457381478752	2858308	0.5981526304131407	0.598997310377329	0.4615879820005862	27172	0.20510687279543502	0.20510687279543502	0
0.8932694669614345	2151682	0.5420736548718726	0.5428344572710561	0.45945623553042636	28532	0.22395479365835702	0.22395479365835702	0
0.8447555883075412	2052894	0.5526887303662361	0.5535052739296068	0.4602676489764348	26858	0.19936813029109954	0.19936813029109954	0
0.8723900761483665	2674408	0.5035560343223707	0.503891457736214	0.4692803225105962	27774	0.1957040856290212	0.1957040856290212	0
0.9175878162613609	2255796	0.5642449088123083	0.564006326930372	0.46980698649185243	29462	0.21268642179120237	0.21268642179120237	0
0.8667403586342421	3228678	0.6400174072263569	0.6402491792733586	0.4696382132324111	27880	0.1826110631747714	0.1826110631747714	0
0.9320805698845492	3855572	0.5670222130508048	0.56831143925609	0.46748605030424456	29670	0.1804387206604592	0.1804387206604592	0
0.9016212232866617	1977736	0.580174264588449	0.5810706076748126	0.4628392971017093	28470	0.18208280239763766	0.18208280239763766	0
0.8442643085237043	2195162	0.5065082750174619	0.508398148258059	0.46644036799049265	26910	0.19310396873025146	0.19310396873025146	0
0.9310980103168754	2400890	0.5313080232314762	0.5335811623103769	0.4592160199861155	29646	0.19743574440962663	0.19743574440962663	0
0.8679685580938344	1823390	0.4967452428833292	0.4992228961960208	0.4635971104344298	27840	0.20420933799256338	0.20420933799256338	0
0.9172193564234832	2751834	0.5449628554446212	0.5452560874266179	0.4666741199125384	29106	0.19644893851880704	0.19644893851880704	0
0.9173421763694424	2407738	0.5935446849797502	0.5950170267185908	0.4517574995393374	28980	0.20426338297221688	0.20426338297221688	0
0.8987963645295995	3298030	0.571810140989643	0.5720444543933162	0.4732644497350332	28866	0.16765448174032485	0.16765448174032485	0
0.9259395725865881	2976384	0.4614218263421219	0.46262309769458715	0.46727918939341384	29698	0.18223944976013493	0.18223944976013493	0
0.8953574060427414	2412376	0.5641203425030069	0.5653773608272732	0.4658127833829659	28562	0.20284013687099858	0.20284013687099858	0
0.8499140260378285	3772660	0.6188001079365312	0.6185808908076478	0.47406141600260104	27252	0.17471458357667657	0.17471458357667657	0
0.8645295996069762	3516666	0.5042497355562297	0.5048940460432932	0.4701676594491111	27308	0.16266259845604392	0.16266259845604392	0
0.9362564480471629	2702600	0.6009526901862314	0.602253123324696	0.4623472825106878	29828	0.1832633982992337	0.1832633982992337	0
0.8822156718251044	3275160	0.5731826485277646	0.5726897957309667	0.4716282614007989	28198	0.2092743350386612	0.2092743350386612	0
0.8877425693932695	2305452	0.581145572887526	0.5835060512130789	0.4553536474624453	27758	0.2268785904913423	0.2268785904913423	0
0.9150085973962172	5135712	0.6546472871314201	0.6548433864786644	0.47709696135428703	29360	0.18139681737929877	0.18139681737929877	0
0.8942520265291083	2189144	0.5224088116083266	0.5245845653904769	0.46175250036888066	28446	0.16735301386906445	0.16735301386906445	0
0.894620486366986	2089444	0.5476211636103298	0.5498758862120641	0.45894782814313956	28732	0.18161492098631382	0.18161492098631382	0
0.9096045197740112	3275204	0.5320286526211354	0.533250634256106	0.469299281709971	28980	0.1748605933853068	0.1748605933853068	0
0.9067796610169492	3700854	0.5667744321657369	0.5683128322287836	0.4652189286729591	28930	0.1596104290291299	0.1596104290291299	0
0.9044460820437239	3964352	0.596879600635923	0.5972733967191176	0.46590083220187456	28698	0.1631504366231879	0.1631504366231879	0
0.9125521984770326	3100740	0.5838305402947117	0.5847512871835435	0.46515575267225495	28964	0.1688066897813609	0.1688066897813609	0
0.9469417833456153	2721396	0.5806028314194293	0.5805664517667283	0.46761274030912897	30262	0.19952203206632377	0.19952203206632377	0
0.9427659051830017	2693940	0.5073931730442068	0.50948732518669	0.46362728580154405	30106	0.17281777697155276	0.17281777697155276	0
0.873741095553918	2028238	0.5374122285392726	0.5390901914098872	0.4615870731629968	27896	0.23902490689393563	0.23902490689393563	0
0.8978138049619258	3203470	0.603979992940021	0.6034989990145331	0.4702636273812683	28328	0.190565079750592	0.190565079750592	0
0.8913043478260869	3125612	0.544462628678124	0.5482402622869175	0.4669545574789176	28374	0.1667302522307195	0.1667302522307195	0
0.9269221321542619	2473710	0.5799795654097933	0.5806463265773588	0.4551844026499356	29366	0.2022219930199709	0.2022219930199709	0
0.9323262097764677	2826338	0.5986569342040345	0.5996728524181708	0.4617414863144797	29492	0.19132789282094498	0.19132789282094498	0
0.9287644313436502	4454188	0.6120727589365603	0.6126193885996828	0.4668248411730445	29782	0.17341236659604242	0.17341236659604242	0
0.957749938590027	3009546	0.5358601560651214	0.5376818594347815	0.463939361921212	30694	0.19529226769545668	0.19529226769545668	0
0.9382215671825105	2751016	0.5812277864879271	0.5817591122249184	0.46300841788173236	29880	0.1815560923086146	0.1815560923086146	0
0.9137803979366249	3039502	0.6055659536302777	0.60568745884225	0.46778075788820267	29168	0.20264795758514317	0.20264795758514317	0
0.9352738884794891	3197236	0.5757572751462797	0.5758479098474867	0.46090355285365797	29612	0.19048623612151816	0.19048623612151816	0
0.9460820437239008	4135314	0.6122003809103499	0.6120863536234663	0.47011775998294575	30300	0.1956248122315227	0.1956248122315227	0
0.918201915991157	3703536	0.5674767391942789	0.5685173010348953	0.4653673298254039	29108	0.18350709820150501	0.18350709820150501	0
0.9038319823139278	3051928	0.5965303155258206	0.5972160337170577	0.4692646394920006	28680	0.16750903839921236	0.16750903839921236	0
0.9299926308032425	3097368	0.549250064372301	0.550900877997495	0.4616479655855277	29740	0.14163529722488052	0.14163529722488052	0
0.9355195283714075	3051208	0.5813869402298919	0.5816996210594573	0.46435308112683643	29818	0.20200113604225836	0.20200113604225836	0
0.8356669123065585	2754160	0.5985491447032978	0.599448577384182	0.4688754569646079	26856	0.19153456040792008	0.19153456040792008	0
0.9080078604765414	1538756	0.5000283193927352	0.5026481944248965	0.4566568435361594	28676	0.20162555454964867	0.20162555454964867	0
0.8434045689019897	3248498	0.5476628758339652	0.5489196550954063	0.47022520527563577	27054	0.1718659310816031	0.1718659310816031	0
0.7363055760255466	2632022	0.5959466857330018	0.5968180106436082	0.47102457145323684	23108	0.2085073552846606	0.2085073552846606	0
0.942397445345124	3062730	0.5973187523313822	0.597032758095578	0.4671358632866314	29928	0.22507367583085738	0.22507367583085738	0
0.9399410464259396	2366026	0.5330267186813328	0.5340801321314551	0.46127551356789587	29996	0.19301424390504382	0.19301424390504382	0
0.8999017440432326	3074874	0.6168658652650064	0.6173234565771677	0.4690551531743788	28692	0.17973313366130964	0.17973313366130964	0
0.9281503316138541	2851166	0.5472790068725283	0.5468300567291494	0.47234360124824293	29834	0.18982309134935738	0.18982309134935738	0
0.9302382706951609	2281892	0.5103655159079016	0.5121912217402499	0.45532445044832975	29578	0.1902381972212691	0.1902381972212691	0
0.8953574060427414	3242390	0.5965421831895182	0.597535113920154	0.466946267222045	28664	0.1705646765187356	0.1705646765187356	0
0.8893392286907393	2733244	0.5501847878782468	0.552455583062333	0.4662741596606015	28348	0.21059797208577546	0.21059797208577546	0
0.907762220584623	2595546	0.5900832851008183	0.5909947114921311	0.4591807289143987	28638	0.19519560133415767	0.19519560133415767	0
0.9441169245885532	2733640	0.40537207986385076	0.40911509201605734	0.4596049790392917	30008	0.14228191305007887	0.14228191305007887	0
0.9118152788012773	2764608	0.629694685205181	0.6291642766839406	0.4665441297182504	29018	0.21231333068391145	0.21231333068391145	0
0.87816261360845	3249660	0.6090181526130786	0.6087441370809464	0.4649497394074289	27766	0.22248586772772683	0.22248586772772683	0
0.8987963645295995	3046016	0.6362722059399251	0.6365659746408318	0.46242400284426766	28498	0.2028179231528694	0.2028179231528694	0
0.9353967084254483	2947542	0.6158708266690274	0.6152366142675388	0.4653757001146354	29784	0.19258051114589844	0.19258051114589844	0
0.9049373618275608	2246626	0.5324511401119566	0.5325524569908195	0.4677020821017485	29068	0.19852122968586164	0.19852122968586164	0
0.9320805698845492	2252690	0.5082122401590315	0.5098697302681803	0.456612819688363	29758	0.19254618838081605	0.19254618838081605	0
0.9307295504789977	2158004	0.5799763716924742	0.5805042836049448	0.46407226352537007	29732	0.20211429114330523	0.20211429114330523	0
0.9196757553426677	3392496	0.593417497518861	0.5933392474009108	0.4709747402072106	29392	0.18448153111352747	0.18448153111352747	0
0.9062883812331123	4153432	0.5906304755189902	0.5903675629349382	0.4742307295714929	29036	0.15796814362953107	0.15796814362953107	0
0.8420535494964382	2339740	0.5806052301038812	0.5818757413446546	0.46680350606589954	26820	0.20703574681221074	0.20703574681221074	0
0.8800049127978383	3376908	0.5656695788257113	0.5662875870571836	0.47229512545198066	28002	0.17379693107985503	0.17379693107985503	0
0.8843036109064112	2239780	0.5325050092091658	0.5346129321671319	0.45941467859036317	28242	0.17556341253087504	0.17556341253087504	0
0.9220093343158929	3130668	0.5828776916067813	0.5830361939915759	0.46619772569457746	29250	0.1729670496496556	0.1729670496496556	0
0.8695652173913043	3157680	0.6044208153987067	0.6047534212484024	0.46926289620906547	27858	0.18331867307504443	0.18331867307504443	0
0.9247113731269958	3794042	0.6272168929239096	0.6274773696817014	0.4623245313098098	29306	0.19739511519896982	0.19739511519896982	0
0.8795136330140014	1789406	0.5334926826067976	0.5367724663105332	0.45268524803787796	28142	0.2145734893022122	0.2145734893022122	0
0.8599852616064849	2931356	0.5802896640067879	0.582886735954702	0.4683888048192384	27166	0.15077351252812862	0.15077351252812862	0
0.9404323262097765	2211756	0.5100262976686503	0.5108083149685843	0.46225286951533096	29722	0.17488623959265226	0.17488623959265226	0
0.9356423483173667	3632784	0.5842811227619605	0.5841407875614957	0.4698876383854098	29900	0.17542023076115618	0.17542023076115618	0
0.8671088184721198	2064652	0.5394052325044859	0.5395727681507775	0.4630229926361931	27428	0.2291745896194677	0.2291745896194677	0
0.8905674281503316	3254704	0.5933508483636938	0.5948422162206478	0.4676195107623649	28472	0.17137152684041498	0.17137152684041498	0
0.907762220584623	3039510	0.6211327336589364	0.620102088868997	0.46460067564352436	29044	0.2075487765269299	0.2075487765269299	0
0.8278064357651682	2519480	0.5466655264814206	0.5470705027179978	0.46162454313589985	25902	0.20880188217138054	0.20880188217138054	0
0.9000245639891918	2547146	0.5391326083696163	0.5402374706118828	0.46693323247136975	28830	0.1729428379994384	0.1729428379994384	0
0.8671088184721198	3316062	0.5504249112498656	0.550961371828793	0.4684157473358909	27638	0.18179499883496275	0.18179499883496275	0
0.9422746253991648	3012074	0.5969194676391161	0.5977996036405118	0.4564906651140017	29760	0.18714405662367126	0.18714405662367126	0
0.8776713338246132	2406782	0.5888702941929853	0.5913480550695175	0.45915999878977704	27998	0.21511771022889073	0.21511771022889073	0
0.9288872512896095	1953838	0.48129271517477373	0.4826339814315604	0.4573416895977574	29516	0.18612511052715078	0.18612511052715078	0
0.9175878162613609	2791922	0.5820506850558786	0.5828105733376421	0.4680791978906227	29286	0.20089842253079515	0.20089842253079515	0
0.9044460820437239	2918660	0.5526513809219177	0.5536137708030324	0.46771569283167486	28516	0.17110879037060187	0.17110879037060187	0
0.8691967575534267	2462880	0.5851546035859704	0.5850973227824271	0.464060132052718	27616	0.19572954269455292	0.19572954269455292	0
0.9076394006386637	2499028	0.5589603272991803	0.5591875872061779	0.4685768701127629	29056	0.19404718084012662	0.19404718084012662	0
0.847457627118644	2437110	0.5542590610025153	0.5541799784142517	0.46691282160191533	26998	0.17862735499258653	0.17862735499258653	0
0.8373863915499877	1976184	0.4519835345480485	0.4533507480375314	0.4671491071896791	26656	0.17574876980643336	0.17574876980643336	0
0.9190616556128716	2923420	0.5817842826300229	0.5818158878037846	0.46169720556779964	28692	0.15874314721138846	0.15874314721138846	0
0.9546794399410464	3224130	0.6176371743286172	0.6181386765074696	0.4661703727367446	30288	0.19919008452806622	0.19919008452806622	0
0.8922869073937607	4183158	0.6139078440416167	0.614757909522815	0.46537549245573834	28460	0.18636240442938448	0.18636240442938448	0
0.9315892901007123	2246664	0.5130656382467557	0.5141981803015534	0.4637678312169257	29910	0.19310594790724356	0.19310594790724356	0
0.9227462539916482	2290702	0.5848354560641723	0.5855432088975528	0.4591181385033878	29376	0.22070971460711117	0.22070971460711117	0
0.9280275116678949	4937676	0.6524763574598301	0.6528794197745503	0.47532253985268075	29704	0.18624084570160684	0.18624084570160684	0
0.8866371898796365	2424498	0.4994104110247142	0.5030119724652312	0.4615715965363884	28118	0.1935153494005862	0.1935153494005862	0
0.9322033898305084	2981092	0.5640426072962149	0.5634526271045276	0.4653243248518732	29712	0.17209641069525208	0.17209641069525208	0
0.9277818717759764	3752290	0.6580238829935158	0.6579871861591439	0.4703495579121458	29844	0.18685639356086095	0.18685639356086095	0
0.8900761483664947	2901014	0.5646952146358438	0.5653671895031261	0.46346760930465264	28118	0.17937065997112137	0.17937065997112137	0
0.9089904200442152	2120950	0.5408794698882586	0.5435186938640614	0.4572209558461618	28692	0.2229971986723093	0.2229971986723093	0
0.9336772291820191	2592110	0.5512096247621033	0.551460690852548	0.4540814562527629	29506	0.194910513424807	0.194910513424807	0
0.875951854581184	3680174	0.5374641557090976	0.539497125612954	0.4751496930052412	28078	0.14188703919408646	0.14188703919408646	0
0.9679439941046426	3885900	0.5721817637731096	0.5735024313829781	0.467189316413055	30760	0.16952399105045804	0.16952399105045804	0
0.855072463768116	2494228	0.5317927527466616	0.5316571045541117	0.467472463063872	27114	0.1808074997921577	0.1808074997921577	0
0.8963399656104152	3457252	0.6272757606399861	0.6275152365161389	0.4630613922464127	28410	0.18842419052370382	0.18842419052370382	0
0.9304839105870794	2999836	0.5418510615408701	0.5442500375010096	0.4668496076942385	29650	0.18347350621060043	0.18347350621060043	0
0.9578727585359863	1889844	0.5573875254164377	0.5602403780898556	0.4479133914318329	30546	0.18523682871762007	0.18523682871762007	0
0.8828297715549005	3235044	0.6318541050076871	0.6323570191554497	0.47088804345018115	28170	0.1865873878878114	0.1865873878878114	0
0.9033407025300909	2684420	0.5826346957176831	0.5831604264215807	0.4673151495181474	28672	0.18903200984420365	0.18903200984420365	0
0.8899533284205355	3479516	0.5915289966286035	0.5915934071900841	0.4667142665074954	28130	0.2026568440847373	0.2026568440847373	0
0.9501351019405552	3660648	0.5467717098154167	0.5486877382613766	0.46576712414732624	30324	0.1717657934898176	0.1717657934898176	0
0.915991156963891	3678862	0.6097247219194853	0.6101422695118449	0.47102710898460254	29356	0.19342662034935917	0.19342662034935917	0
0.8075411446818963	2969056	0.6377097185229879	0.6389973812817226	0.46783206293438795	25858	0.1962150122619906	0.1962150122619906	0
0.8478260869565217	4018392	0.5965275967513002	0.595999298680913	0.4741891892953307	27020	0.1524393015626618	0.1524393015626618	0
0.9345369688037337	3996332	0.628473406194565	0.6286901452935661	0.47497496908967096	29832	0.20718606177605492	0.20718606177605492	0
0.9137803979366249	2041986	0.4910161218906954	0.4930585284292259	0.46253925866490914	29264	0.17364658147662912	0.17364658147662912	0
0.9202898550724637	3198262	0.6553935426397582	0.6555736831686713	0.4641360940043246	29558	0.21079124566630802	0.21079124566630802	0
0.9552935396708425	3057416	0.5466173719070947	0.5472882719296323	0.4671834114940552	30334	0.18485469905783156	0.18485469905783156	0
0.8377548513878654	2639918	0.6182960083321094	0.6190004164562645	0.46661997597686705	26684	0.2166132481714803	0.2166132481714803	0
0.8927781871775976	2979568	0.6106663065795362	0.6118781905441625	0.46561209685264265	28358	0.2134531237804612	0.2134531237804612	0
0.8225251780889217	2750250	0.5526186828197712	0.554444476877851	0.46803377680798713	26310	0.21227766135772963	0.21227766135772963	0
0.850159665929747	3086102	0.5789778431629887	0.5787260502865487	0.468379740856354	26904	0.19312139092839078	0.19312139092839078	0
0.9202898550724637	4199240	0.6093432633795258	0.6098698677967754	0.47089353530438793	29598	0.20939726966427333	0.20939726966427333	0
0.8006632277081798	2355446	0.5330628925171661	0.5344390287083859	0.46764178330418527	25454	0.21495367542573796	0.21495367542573796	0
0.7993122083026283	1616190	0.5042778437336749	0.5055434059784917	0.4629308399437088	25558	0.2280796827248949	0.2280796827248949	0
0.93195774993859	4936084	0.5974196181843651	0.5975166173552754	0.47565050368471956	29896	0.16813254336446162	0.16813254336446162	0
0.8746008351756325	2372002	0.5723569735534348	0.5732156931258767	0.46372798397320314	27758	0.20289994243645126	0.20289994243645126	0
0.8694423974453451	3874034	0.6218468205721864	0.6221172482046592	0.47086809969988574	27904	0.1839023721143309	0.1839023721143309	0
0.8893392286907393	3238908	0.6135103446469296	0.6135557476386594	0.4694298609672063	28158	0.20751016804995984	0.20751016804995984	0
0.7769589781380496	1972022	0.5804881968038095	0.5810557240179755	0.4622873967224783	24640	0.19260786194723603	0.19260786194723603	0
0.8931466470154753	2665702	0.5333606719299786	0.534723731264506	0.4642977293317198	28380	0.19227903942327865	0.19227903942327865	0
0.8586342422009334	3112332	0.6337687622766967	0.634076617197664	0.4684219850926154	27292	0.18288127604151647	0.18288127604151647	0
0.928641611397691	2567628	0.5609643938201178	0.5617096341927689	0.46508702119715606	29718	0.18385240406175118	0.18385240406175118	0
0.8506509457135839	3236886	0.5595511674901178	0.5616821793564807	0.46734426560517095	27088	0.1646157254612795	0.1646157254612795	0
0.9107098992876443	3925866	0.5999578744820091	0.5993299725038962	0.4728522056539977	29038	0.16805520659428375	0.16805520659428375	0
0.751412429378531	2979392	0.6105198146735767	0.6105933503041223	0.47262058606440327	23952	0.17315478545475557	0.17315478545475557	0
0.9351510685335298	3017318	0.5946803755305616	0.5944818282324967	0.4545130949002232	29644	0.19556397227439304	0.19556397227439304	0
0.9003930238270695	2829644	0.5393393004424626	0.5412994311303343	0.4606004157558408	28436	0.17509548360310845	0.17509548360310845	0
0.9568901989683125	2561526	0.5525655443286615	0.5551059474638473	0.45734863041531537	29916	0.21270074696081676	0.21270074696081676	0
0.9107098992876443	3022628	0.5483583824833997	0.5508762389163046	0.46326470762987976	28856	0.1713623662985263	0.1713623662985263	0
0.9625399164824368	3749316	0.5920823056394913	0.5932951642362178	0.46258161113518853	30402	0.1853025101367836	0.1853025101367836	0
0.9301154507492017	3095472	0.6025935495383871	0.6045750919008218	0.4695883664541667	29624	0.188226548377871	0.188226548377871	0
0.9220093343158929	2415466	0.6119888416623721	0.612445814111293	0.4621635074926067	29070	0.2009250202983021	0.2009250202983021	0
0.9006386637189879	2613230	0.5121639836342602	0.5145491818281348	0.46591451854067184	28804	0.17084660082187994	0.17084660082187994	0
0.9097273397199706	2750692	0.5217930650310899	0.5227063266226664	0.4660531544075705	29120	0.18947678248615465	0.18947678248615465	0
0.9369933677229182	4816424	0.6672968284458506	0.667406524892618	0.4709311482210159	29698	0.1932186662456622	0.1932186662456622	0
0.9125521984770326	2333986	0.5789676175542543	0.5804552320537433	0.45914956343400276	29182	0.2086372328115771	0.2086372328115771	0
0.8968312453942521	3198736	0.6118130127687488	0.612617652474137	0.46784794852406714	28702	0.17823607810272704	0.17823607810272704	0
0.8422991893883567	3473052	0.6103120259403755	0.6111075326771065	0.4718303574538047	26964	0.20132189122185484	0.20132189122185484	0
0.8765659543109801	4293176	0.6468124955860742	0.646912155452602	0.47078439481095785	27750	0.188015767475988	0.188015767475988	0
0.9021125030704986	2644366	0.5900343194258021	0.5899266140616509	0.4685750158153208	28752	0.19201600030467478	0.19201600030467478	0
0.9223777941537705	4290512	0.5639485243990779	0.5644410193971304	0.4662027762020655	29442	0.17917932595057917	0.17917932595057917	0
0.9161139769098502	4308016	0.6352776255700702	0.6364482813047149	0.46137590683550783	28786	0.18215545471194106	0.18215545471194106	0
0.9131662982068288	2778874	0.504537387029198	0.5048928245200937	0.46488496048727845	28748	0.18452143129949763	0.18452143129949763	0
0.8671088184721198	1921430	0.6160354591312976	0.6163363508698866	0.4539314728273925	27332	0.20947775965457696	0.20947775965457696	0
0.9142716777204618	4038666	0.602624018169772	0.6026951446207642	0.47435970267879596	29144	0.1746974013872388	0.1746974013872388	0
0.9195529353967085	2806836	0.5928793308111252	0.5927689714386208	0.46251816628909376	29404	0.19432519721849614	0.19432519721849614	0
0.9449766642102677	3936058	0.5732512770867406	0.5734880925464092	0.47058561640112423	30278	0.17070305231992342	0.17070305231992342	0
0.9449766642102677	2977406	0.5426091919357519	0.5436936887671421	0.46599981956362274	29986	0.1888092340240806	0.1888092340240806	0
0.8415622697126013	3031558	0.6068116629505492	0.6061265674904667	0.45600454384447203	26518	0.2687520125963108	0.2687520125963108	0
0.9600835175632523	3810294	0.5814332915621369	0.582296523260673	0.4615430663073871	30504	0.17894630943642875	0.17894630943642875	0
0.9398182264799804	3797892	0.6019960294280821	0.6027048509005096	0.4646949808581206	29978	0.18286677934273962	0.18286677934273962	0
0.8985507246376812	2310862	0.5698100321983224	0.5698959479211537	0.4591930564492166	28392	0.2116712501434215	0.2116712501434215	0
0.9345369688037337	2936712	0.631323013715472	0.6318571958850729	0.4642038433815729	29696	0.18550225492455938	0.18550225492455938	0
0.8548268238761975	2966038	0.6335227841446561	0.6334502563954757	0.46244877627888875	27358	0.20652710782579517	0.20652710782579517	0
0.9485384426430853	2579758	0.4770892112535578	0.47896679236527867	0.4614199583370917	30352	0.17669075764314857	0.17669075764314857	0
0.8753377548513879	3832202	0.6281350358230952	0.6281797650221597	0.47185304043719983	27894	0.1908614216593635	0.1908614216593635	0
0.879267993122083	2696798	0.5533566852470202	0.5549501037040748	0.4708481974758116	28130	0.1613597237574814	0.1613597237574814	0
0.9411692458855319	2654954	0.5891614471620068	0.5900175513713778	0.46043174832885847	29880	0.2025240461051918	0.2025240461051918	0
0.897322525178089	2744134	0.5391943223306003	0.5404859526422808	0.4667318520165861	28318	0.1763867254722634	0.1763867254722634	0
0.9169737165315648	2462698	0.5546159463882746	0.5551326073772697	0.4569073528778585	29314	0.20024456117095568	0.20024456117095568	0
0.8248587570621468	2607264	0.4966915272289831	0.4985026551466143	0.467554707086737	26118	0.19099104627932498	0.19099104627932498	0
0.8198231392778187	3344786	0.6374707354124615	0.6378940557142471	0.473506505701112	25972	0.1927308632134935	0.1927308632134935	0
0.9380987472365512	2728386	0.5789189593186254	0.5799062211275995	0.46103776998757523	29896	0.18643185315912683	0.18643185315912683	0
0.9129206583149103	3724922	0.6087817579472721	0.6104890036170192	0.46965318516306076	29212	0.1815006070712006	0.1815006070712006	0
0.9179562760992386	2144870	0.5644383739171602	0.566096286682266	0.45683844594622475	28902	0.20059852372010845	0.20059852372010845	0
0.8921640874478015	3581720	0.603205887170715	0.6032759049947574	0.4679518122498048	28716	0.14474936501634067	0.14474936501634067	0
0.8962171456644559	3852188	0.6544090535424362	0.6547658795799628	0.46099940038362414	28158	0.19721859863804334	0.19721859863804334	0
0.8949889462048637	3215218	0.6473051498693455	0.6472709411492749	0.46761524700983964	28752	0.23773207898284923	0.23773207898284923	0
0.8714075165806927	4659786	0.6147807587133598	0.6160333703736115	0.4696202788942813	27904	0.174828670303371	0.174828670303371	0
0.9236059936133628	2544182	0.5914413698074011	0.5923731542604074	0.4569748225281674	29526	0.19598913227483958	0.19598913227483958	0
0.9269221321542619	2443960	0.5422035396295445	0.5451169740848628	0.4615057526766586	29580	0.21056751363638404	0.21056751363638404	0
0.8976909850159666	2397330	0.5803841317067839	0.5819234800617802	0.4646044549247053	28494	0.2025453251371604	0.2025453251371604	0
0.9064112011790715	2704392	0.59428820165676	0.5949760633309741	0.46742234616873596	28996	0.1986346533370743	0.1986346533370743	0
0.857897322525178	1831486	0.5154683562836925	0.5174367501873117	0.45793143608183645	26890	0.24831117060248717	0.24831117060248717	0
0.9119380987472365	3460504	0.6133562150086883	0.6147064775958472	0.4696743029652914	29170	0.1667323818670671	0.1667323818670671	0
0.9135347580447064	2722610	0.5630583105808264	0.5650354274196928	0.4617696039384118	28566	0.20506253777534655	0.20506253777534655	0
0.9267993122083026	3648180	0.6193568962797072	0.6189769183305868	0.4673058603971006	29428	0.19535631405753237	0.19535631405753237	0
0.9444853844264308	3584990	0.6206897758028175	0.6226761317554368	0.46486665941121624	30214	0.17412907007155395	0.17412907007155395	0
0.9338000491279784	3361322	0.5761936708304164	0.5769143513337435	0.47128555212868645	30032	0.1733545649036892	0.1733545649036892	0
0.8222795381970032	3467428	0.5826814277124563	0.5833995320568611	0.47163549557327555	26344	0.19877410820038785	0.19877410820038785	0
0.902849422746254	2509044	0.5036523364129802	0.5051062222191341	0.467253088858264	29016	0.19148149752746213	0.19148149752746213	0
0.894620486366986	2493638	0.574203761907854	0.5750818844339766	0.4651639797146722	28442	0.20393163641517556	0.20393163641517556	0
0.9082535003684599	3568698	0.5914135073092274	0.5923288527046419	0.4709625766582073	28858	0.17310377819297285	0.17310377819297285	0
0.9084991402603783	3079738	0.617312662066461	0.6169545659290433	0.46152088795808255	28658	0.18676965513184293	0.18676965513184293	0
0.805207565708671	2421150	0.5003503501859207	0.5016696680211042	0.4668690499331926	25848	0.1943114849324046	0.1943114849324046	0
0.935765168263326	4152932	0.5623676693437768	0.5635529500194744	0.4642179619134057	29710	0.16496897746866382	0.16496897746866382	0
0.8846720707442889	2904526	0.5098580204252539	0.5113939004773397	0.4676816357686104	27960	0.1878342615225178	0.1878342615225178	0
0.9285187914517318	3386064	0.5586768907340992	0.5604302461753058	0.45493711426165806	29324	0.15945708808671585	0.15945708808671585	0
0.8716531564726111	2252780	0.5468519000531967	0.5483114412973262	0.4654230786536098	27640	0.18834197609409073	0.18834197609409073	0
0.9126750184229919	3996988	0.6268414574124707	0.6265945223753303	0.4660379289232841	29046	0.179607031883835	0.179607031883835	0
0.899042004421518	1832520	0.4450585881556924	0.44856869619615575	0.4591956641212844	28116	0.18648338048234292	0.18648338048234292	0
0.8849177106362073	2817420	0.5205920705947028	0.5211420422313872	0.4691013980195448	28292	0.17876741728921378	0.17876741728921378	0
0.9184475558830754	3058532	0.5759277567294637	0.5769081349107099	0.46799940275746366	29494	0.18808797997024418	0.18808797997024418	0
0.9702775730778679	1990404	0.529087710637544	0.5305952298733667	0.4579471547024956	31052	0.19260346699830563	0.19260346699830563	0
0.9252026529108327	2212840	0.54087977510128	0.5408612927810071	0.45858768275340206	29522	0.2069717983735587	0.2069717983735587	0
0.8822156718251044	2614746	0.5562921546930301	0.5574488957185286	0.4612530927855727	27944	0.18777340822216745	0.18777340822216745	0
0.8936379267993122	3351578	0.6196668995986708	0.6200382467084488	0.46147621568556363	28264	0.18332861793082064	0.18332861793082064	0
0.9080078604765414	4400028	0.6524007373844968	0.6529760994377177	0.4719867368525606	28754	0.16689595316749525	0.16689595316749525	0
0.915499877180054	3327170	0.6024006027808636	0.6038080124897245	0.46885500969379573	29276	0.21087617835177233	0.21087617835177233	0
0.9209039548022598	3667650	0.613159209928681	0.6130225920714313	0.46302632715973485	29138	0.1794099810800561	0.1794099810800561	0
0.9018668631785802	3288142	0.5689953111984951	0.5699976298186248	0.4688659298418181	28762	0.18897894392205858	0.18897894392205858	0
0.8942520265291083	2711450	0.5426574006831335	0.5430177430038606	0.4606708356556473	28322	0.183995739650306	0.183995739650306	0
0.9157455170719725	2139720	0.5939199208057733	0.5944435021188904	0.4621469339210935	29180	0.2229302377974829	0.2229302377974829	0
0.9010071235568656	2140554	0.4817610300238187	0.48459140874647805	0.4657006336967893	28640	0.20687551605191598	0.20687551605191598	0
0.8593711618766888	4398742	0.5667938065726125	0.5677018527705808	0.47764127258124356	27470	0.17118241184841412	0.17118241184841412	0
0.8788995332842053	5080802	0.5947078708684378	0.594125180384596	0.46956739618743076	27934	0.17697355048506766	0.17697355048506766	0
0.83701793171211	3026792	0.5966144316989014	0.5973909583882321	0.4729748954539022	26732	0.1793557839521668	0.1793557839521668	0
0.9161139769098502	2707556	0.5178624623620895	0.5187632124030676	0.4486968276883126	29034	0.16569725918752232	0.16569725918752232	0
0.7232866617538689	3080728	0.5651895768786869	0.5654631264296784	0.47725644731617867	23242	0.15984921485146344	0.15984921485146344	0
0.883075411446819	2051512	0.5872649023695126	0.587673931727606	0.4587320684390939	28086	0.2363445715823146	0.2363445715823146	0
0.9024809629083763	2563058	0.5789971719407704	0.5789656526682968	0.45313568092495965	28430	0.19707857016101604	0.19707857016101604	0
0.9086219602063375	2711464	0.5899510372638684	0.5903509041428273	0.46051304491720907	28576	0.20453970394330923	0.20453970394330923	0
0.9290100712355687	3372950	0.6007278387242226	0.6009708841384028	0.46459575350361426	29772	0.17829416701372583	0.17829416701372583	0
0.912183738639155	2744810	0.5646721783641067	0.56708416891477	0.4613875389984177	28754	0.18585642372009925	0.18585642372009925	0
0.8182264799803488	3219468	0.6083828118349216	0.6095266543137571	0.4684909906007017	25738	0.21610399423170623	0.21610399423170623	0
0.9118152788012773	3551516	0.6360760089108449	0.6359818385840572	0.47125616684494825	28962	0.19420869862278214	0.19420869862278214	0
0.8892164087447801	3237706	0.5918782035016078	0.5932842135610207	0.46090432297802214	28170	0.19584272036882547	0.19584272036882547	0
0.9250798329648735	3229160	0.6241039345796559	0.623708339582924	0.469347469335157	29530	0.2103898991253028	0.2103898991253028	0
0.9051830017194793	3225128	0.5862958813437417	0.5873647525498683	0.46562782676425135	28730	0.21733293751087493	0.21733293751087493	0
0.9010071235568656	1718706	0.5309312875390975	0.5323288286399696	0.4589990371644577	28576	0.21858718516319486	0.21858718516319486	0
0.8936379267993122	2597880	0.5267873161730984	0.5274462878604533	0.4697764589111651	28720	0.19409538342110796	0.19409538342110796	0
0.8613362810120364	3901892	0.6300292558094066	0.6307091942108388	0.4742674848813205	27444	0.16448158763260812	0.16448158763260812	0
0.9062883812331123	3421132	0.6149670544872149	0.6147942594041503	0.47059717662020906	29112	0.19364956982242879	0.19364956982242879	0
0.9034635224760501	2452460	0.5349341700906104	0.5385240529330191	0.4476509007822634	28412	0.17470732756928428	0.17470732756928428	0
0.9099729796118889	3361916	0.5797165308247579	0.5803994256332986	0.472268744729843	29192	0.18648092890376308	0.18648092890376308	0
0.950012281994596	4837104	0.6318159553162624	0.6324665868371753	0.46562140318895534	29936	0.17188969150442338	0.17188969150442338	0
0.9141488577745026	3503000	0.5425740067910851	0.5431004800930852	0.46537253420310415	28774	0.20069482317509257	0.20069482317509257	0
0.9114468189633996	2329244	0.5409533465624675	0.542047693729726	0.46853354765376864	29122	0.20178714510983578	0.20178714510983578	0
0.8874969295013511	3217286	0.5938656027455629	0.5936910473431158	0.466025751312441	28010	0.17706217898913604	0.17706217898913604	0
0.945099484156227	2207200	0.5173075064402889	0.5218747409815452	0.4545329379075939	29630	0.19039994738696606	0.19039994738696606	0
0.8391058707934169	3563052	0.5721264155390223	0.573519028540203	0.4724140476440311	26812	0.2012982663694897	0.2012982663694897	0
0.8986735445836403	2915994	0.5774954441105076	0.5779526927120595	0.4686270305953035	28832	0.18566707358496828	0.18566707358496828	0
0.8857774502579219	4114906	0.5291181714285605	0.5301428967600539	0.47288276059622913	28260	0.1541653670189874	0.1541653670189874	0
0.9280275116678949	3012718	0.5705916816292174	0.5713017514164046	0.4650827440728343	29672	0.17092794581626405	0.17092794581626405	0
0.8563006632277081	3258622	0.5987813608766315	0.5990466979758278	0.4692609708367021	27498	0.1859209132499573	0.1859209132499573	0
0.8608450012281994	3107366	0.5850218742692486	0.5860007297717568	0.4723323700267306	27726	0.18518525232350802	0.18518525232350802	0
0.9258167526406288	2735618	0.5707841417131031	0.5720316003307391	0.4647178180058044	29758	0.18658165451303377	0.18658165451303377	0
0.8851633505281258	3385478	0.5904084751369559	0.5901578818904559	0.47387971852010474	28258	0.16958307114537055	0.16958307114537055	0
0.9329403095062638	3066292	0.5499442692117896	0.5511489874635026	0.4678072281876706	29618	0.18734725217698264	0.18734725217698264	0
0.9252026529108327	1870204	0.5689480181016381	0.5698680929075516	0.458665600059998	29576	0.21790081635781614	0.21790081635781614	0
0.9232375337754851	4633360	0.6056024707353765	0.6068388647316022	0.465608900741838	28866	0.18431885119493316	0.18431885119493316	0
0.8728813559322034	2807970	0.5828506325121742	0.5863477561646796	0.46144886163973786	27604	0.1921303870556199	0.1921303870556199	0
0.7751166789486612	2454178	0.5759361848451005	0.5765564821789892	0.4700683508780925	24602	0.18877103330676992	0.18877103330676992	0
0.8323507737656596	3389442	0.5850413969900389	0.5853686944054209	0.4736595013764988	26760	0.20551960227240415	0.20551960227240415	0
0.8874969295013511	2274744	0.5574706886163873	0.5594554340566864	0.4596321113561592	28388	0.21412556158491514	0.21412556158491514	0
0.9448538442643085	2784996	0.5611357292995792	0.5637968217024382	0.4609092676927244	29992	0.18623805782868416	0.18623805782868416	0
0.8884794890690249	2347886	0.5313751791661235	0.5329135006718827	0.46435828055841016	28388	0.2129899953355431	0.2129899953355431	0
0.9151314173421764	3230624	0.5414230376164147	0.5430928813162569	0.46433999023543215	28902	0.14614939448405215	0.14614939448405215	0
0.9168508965856055	2826790	0.5881007946636104	0.5893070450193274	0.4665228833614928	28958	0.17135997331450503	0.17135997331450503	0
0.8976909850159666	2848110	0.6109744889678358	0.6112694535820008	0.45969034699236694	28506	0.18922620946777083	0.18922620946777083	0
0.8582657823630557	2975954	0.5319644814868124	0.5326429854901288	0.4689925349017278	27192	0.18727226006356645	0.18727226006356645	0
0.7880127732743798	2037498	0.5203898001118293	0.5226055915426658	0.46562477307881217	25054	0.2030617424794552	0.2030617424794552	0
0.8915499877180054	1748812	0.48890919176544645	0.4922873854807177	0.460239292947265	28318	0.1766133253114253	0.1766133253114253	0
0.9008843036109064	1769576	0.5323565313895718	0.5338790462407852	0.4518201710530094	28210	0.1934404888309057	0.1934404888309057	0
0.8981822647998035	3539550	0.5997704529873679	0.6002534634376414	0.47243427124562243	28508	0.1767735148294937	0.1767735148294937	0
0.9146401375583395	2752830	0.5829612052668065	0.5838584723778595	0.45942520203789283	28936	0.20636678205304718	0.20636678205304718	0
0.8749692950135102	1946150	0.5312741763114043	0.5326213830944013	0.461020657043403	27458	0.1977670445362324	0.1977670445362324	0
0.9377302873986736	2678764	0.5756318890481195	0.5756570970364546	0.46616594868694977	30038	0.21651999944605396	0.21651999944605396	0
0.9464505035617784	3630170	0.5728918676609202	0.5745980881303528	0.46060665311273646	29952	0.15780267142763646	0.15780267142763646	0
0.9129206583149103	3007396	0.5815948611841449	0.582470108309981	0.46618398199490657	29164	0.19548121765250318	0.19548121765250318	0
0.8953574060427414	2845442	0.5751984960692289	0.577884099849245	0.46242374975494926	28348	0.19669841672334468	0.19669841672334468	0
0.915499877180054	2711052	0.5802519326824761	0.5797176420807618	0.4668747761369687	29300	0.21296191313490978	0.21296191313490978	0
0.9322033898305084	1875602	0.6157677430201686	0.6163329918040663	0.4626194174048152	29534	0.22235284884940665	0.22235284884940665	0
0.9293785310734464	2700130	0.4794250017443323	0.48158633460965006	0.4720987659496665	29818	0.17845727629586558	0.17845727629586558	0
0.9080078604765414	2942116	0.5912947005036314	0.5917977105794346	0.4589572371475452	28942	0.2057723030385583	0.2057723030385583	0
0.8833210513387374	2570084	0.5253794003315094	0.5254233826853041	0.4679377889584653	28088	0.1795315661299133	0.1795315661299133	0
0.9345369688037337	2553018	0.5645257264202055	0.5653027742253859	0.46075718511222313	29658	0.22491473012284321	0.22491473012284321	0
0.7824858757062148	1890814	0.49734666997457394	0.4981775056352169	0.462605259273455	24898	0.18284651243074904	0.18284651243074904	0
0.8209285187914517	2592856	0.5920627004082587	0.5924924873855463	0.46607352981327305	26028	0.19292611077737065	0.19292611077737065	0
0.8768115942028986	2873696	0.5891042324481988	0.5908673395493531	0.4626880586367832	27826	0.20644453687746891	0.20644453687746891	0
0.9314664701547531	3371578	0.5677974783425644	0.5679450823070477	0.4627521229889651	29648	0.21042383940219422	0.21042383940219422	0
0.9239744534512405	2290162	0.5299462237824519	0.5311236508944834	0.4555149692575568	29488	0.18534471030928448	0.18534471030928448	0
0.9033407025300909	5543400	0.6750280291509397	0.6753244798570348	0.47019967907742655	28512	0.183141244447196	0.183141244447196	0
0.8835666912306559	2605454	0.5414443121903676	0.542541594281119	0.4655315263712509	28276	0.17117102315320873	0.17117102315320873	0
0.9115696389093588	3499548	0.6126930685745859	0.6144701567091536	0.47096934033146026	28974	0.19599173893892632	0.19599173893892632	0
0.8532301645787276	1680628	0.5333302177526907	0.5351826315970832	0.4553672473575172	27322	0.2173975775252753	0.2173975775252753	0
0.9465733235077377	2298688	0.5169226190985005	0.5180993681685017	0.4649237550590273	30208	0.21448034660714643	0.21448034660714643	0
0.8244902972242693	4271608	0.5721597598449902	0.5725187464615963	0.47950458590986084	26214	0.15631308468455624	0.15631308468455624	0
0.8994104642593957	2497264	0.571603225101467	0.5727994032751469	0.45519137796711795	28294	0.19775515903017107	0.19775515903017107	0
0.9253254728567919	2217506	0.5741847189828496	0.5741995692724895	0.4592762190418198	29426	0.20963014608205707	0.20963014608205707	0
0.8813559322033898	3230302	0.5746012270652995	0.5754142816202035	0.4663252618059441	27858	0.1622739978163577	0.1622739978163577	0
0.9236059936133628	3814238	0.5699528611433673	0.570858429999516	0.47214080613822335	29584	0.14449075031303585	0.14449075031303585	0
0.90506018177352	2508150	0.559638046832008	0.5612081090023441	0.46337419403217156	28930	0.20497476664937922	0.20497476664937922	0
0.8991648243674772	2227188	0.5908312647905616	0.5916711328015857	0.4612984724025682	28696	0.22185693519119287	0.22185693519119287	0
0.9245885531810366	2913532	0.6462325410591871	0.6469162872303479	0.4686163396475716	29572	0.2242260914317058	0.2242260914317058	0
0.843036109064112	2523686	0.5702278633198027	0.5702964766216196	0.46906485442681417	26820	0.1916716591433204	0.1916716591433204	0
0.9135347580447064	5948850	0.657261469688479	0.6573366530597115	0.4710247677360582	29086	0.18436813387433135	0.18436813387433135	0
0.8855318103660035	3368138	0.6118903757527342	0.6121117421804979	0.466147644736357	28236	0.2196023694638911	0.2196023694638911	0
0.9196757553426677	3477226	0.6211933548201274	0.62142244597183	0.4702435208721479	29320	0.20064364652847874	0.20064364652847874	0
0.8925325472856792	3613332	0.6340789412774325	0.6340321205093415	0.46930499080729254	28546	0.19447818920279206	0.19447818920279206	0
0.8860230901498404	2721562	0.5478310696568676	0.5490429092673617	0.47045540156510496	28486	0.18230743546707184	0.18230743546707184	0
0.8108572832227954	2383202	0.5220702755909005	0.5221008224848723	0.4713825172256605	25914	0.1860289112163209	0.1860289112163209	0
0.9244657332350774	3365642	0.5585197595866146	0.5591918952274618	0.46472363272155687	29400	0.16072244850186168	0.16072244850186168	0
0.868214197985753	3019688	0.5762172002272109	0.5765443418532518	0.46734467826335097	27408	0.17967336682872517	0.17967336682872517	0
0.835912552198477	5297528	0.6649488194084909	0.6650382791097639	0.4794953449033648	26766	0.1866977422830368	0.1866977422830368	0
0.9272905919921395	4115414	0.6477604437364036	0.6482037057037674	0.47091083086426466	29650	0.1980884858381444	0.1980884858381444	0
0.8368951117661508	1790620	0.45951494727812814	0.4620077290207831	0.46102151622528303	26390	0.2015118833865205	0.2015118833865205	0
0.910587079341685	2676806	0.6148934473817907	0.6156645434012468	0.46623709788881196	28992	0.20996222655567073	0.20996222655567073	0
0.939081306804225	3268404	0.5971110754219326	0.5979995339531283	0.4550585897520401	29924	0.17453127346277453	0.17453127346277453	0
0.9324490297224269	4825324	0.6587782949843501	0.6583043596765125	0.4735982000603734	29876	0.16644190135386808	0.16644190135386808	0
0.9353967084254483	3192432	0.5796616068637669	0.5809427231005881	0.4687857795757606	29964	0.19671326607388384	0.19671326607388384	0
0.8701793171211005	2753882	0.6007452798460221	0.6006971638192872	0.4680424013067434	27502	0.19647277800507681	0.19647277800507681	0
0.8867600098255957	2224752	0.5610569570454762	0.5603006088234862	0.4512620942774499	27850	0.20732334179808298	0.20732334179808298	0
0.8717759764185704	2577462	0.6089020968383817	0.6092859931651692	0.47020544982499973	27822	0.21050336731389332	0.21050336731389332	0
0.8890935887988209	2980702	0.5968843968737035	0.5975800171873442	0.4659218033894878	28156	0.19510352924961327	0.19510352924961327	0
0.8687054777695897	2531020	0.5334201990234867	0.5346327251173809	0.4659734583610866	27586	0.2217654131736688	0.2217654131736688	0
0.8683370179317121	1969096	0.5198480842651173	0.5210027416610746	0.4623327289940775	27724	0.2065709101225521	0.2065709101225521	0
0.9135347580447064	2358248	0.5182783631973117	0.5201439141653351	0.4525418870449052	29082	0.16513957999196854	0.16513957999196854	0
0.8971997052321297	3046352	0.5567437996685493	0.5589019224042704	0.4700789726550289	28650	0.1736867470346435	0.1736867470346435	0
0.9400638663718988	5475612	0.64676206488201	0.6476724353846828	0.47590167194692296	30158	0.17313848802530432	0.17313848802530432	0
0.8944976664210268	2998450	0.5468564461476865	0.5470743514485404	0.47307781443701025	28826	0.18532346876004832	0.18532346876004832	0
0.8877425693932695	2126700	0.5487453430543839	0.549899994077844	0.46020037713007916	28184	0.19029519690119878	0.19029519690119878	0
0.8818472119872267	2105404	0.5490284525889961	0.5484086121786447	0.46087812429444	27776	0.20766400795195272	0.20766400795195272	0
0.9072709408007861	2868912	0.5862475282333138	0.5874313969996049	0.46306484472722614	29000	0.20451177719116895	0.20451177719116895	0
0.8913043478260869	3355382	0.5934469765369057	0.5939268105285637	0.4679034641147249	28370	0.15425861875073146	0.15425861875073146	0
0.884180790960452	1849790	0.5781387030643047	0.5783165451895377	0.45772841874723014	27904	0.2266934158564885	0.2266934158564885	0
0.9295013510194056	3283322	0.6271635822073178	0.6278129823699722	0.464568292139466	29878	0.18950892459030788	0.18950892459030788	0
0.9256939326946696	2422256	0.5687238488579199	0.5706020553625227	0.4630701940479534	29392	0.1831515362806491	0.1831515362806491	0
0.8411938098747236	2572770	0.5818720836975696	0.5827846333230159	0.4649460553206375	26492	0.19848036700270255	0.19848036700270255	0
0.8560550233357898	3235714	0.645768671102192	0.6459501669631443	0.4714943983772282	27334	0.20862505550485155	0.20862505550485155	0
0.8560550233357898	2490744	0.5641662881354699	0.5666408781175838	0.4612699962297535	27218	0.22035258821165582	0.22035258821165582	0
0.8777941537705723	2836278	0.5981230230926547	0.5988752152574426	0.4662554495258054	28182	0.17754091542099215	0.17754091542099215	0
0.9245885531810366	4561878	0.6093453031189776	0.6092829608188268	0.4704524649333415	29276	0.15859627338794588	0.15859627338794588	0
0.9076394006386637	2685100	0.5976287288476778	0.5973801229969571	0.46807059986965366	28752	0.2038113331526921	0.2038113331526921	0
0.8732498157700811	3025238	0.6276494349777307	0.6276347075506089	0.4648206691589604	27588	0.20708515589939483	0.20708515589939483	0
0.9178334561532793	3599074	0.6374153310826748	0.6375568764625631	0.4719765220213017	29048	0.17756657991321848	0.17756657991321848	0
0.8703021370670597	3954440	0.6323720360413768	0.6319205504279859	0.47400075832139515	27904	0.18766435267647397	0.18766435267647397	0
0.8275607958732498	2796828	0.6222545057167331	0.6225383436940498	0.46596473944195255	26322	0.18124657011288572	0.18124657011288572	0
0.8884794890690249	3095262	0.6018035056852128	0.6028988053222469	0.465768698601528	28356	0.21782401113066344	0.21782401113066344	0
0.929746990911324	3144696	0.5903924188425974	0.5910255587800997	0.46684805595668166	29664	0.19860425047959274	0.19860425047959274	0
0.791943011545075	2329168	0.5991419657339642	0.6009237315867714	0.4647980854359679	24906	0.20558062928041212	0.20558062928041212	0
0.8991648243674772	2703746	0.5903323861184867	0.5932658145502258	0.45280770720753755	28264	0.20858375461090573	0.20858375461090573	0
0.8829525915008597	2909354	0.5868579716593142	0.5867279776034499	0.468306532771523	28192	0.1934067714392906	0.1934067714392906	0
0.8602309014984033	2199044	0.585086526142598	0.5862223242083412	0.46393709436697067	27300	0.2022543343138499	0.2022543343138499	0
0.8443871284696635	3331836	0.5199719697332991	0.5207521831025103	0.46610098995701194	26804	0.1962683325009946	0.1962683325009946	0
0.8979366249078851	2897832	0.6655456830398154	0.6654029373128495	0.46067260652619774	28338	0.23414806559574922	0.23414806559574922	0
0.8590027020388111	2457256	0.6307556764155358	0.630444665309356	0.45719377684550705	27198	0.22325141268199886	0.22325141268199886	0
0.8113485630066323	2495736	0.6193818537973041	0.6201661675938859	0.46699137085735704	25788	0.20609251684926858	0.20609251684926858	0
0.9093588798820929	3591888	0.588171505072055	0.5890371751999852	0.45906866388581963	28856	0.20291766773978137	0.20291766773978137	0
0.9078850405305822	4152036	0.6670833644847954	0.6664521577848456	0.46433182615820584	29020	0.19770266517681215	0.19770266517681215	0
0.9008843036109064	3277346	0.5810423376212367	0.5810081013797226	0.4632948154027745	28540	0.16632433096231544	0.16632433096231544	0
0.9158683370179317	2580422	0.5900837457656046	0.5911057665362751	0.4636533355894383	29156	0.182026538343005	0.182026538343005	0
0.8925325472856792	3278024	0.5930454331766365	0.5927654876897452	0.4631991278506209	28380	0.17144754383819724	0.17144754383819724	0
0.9056742815033161	2026082	0.5394207761651256	0.5403640038751573	0.4539403867078076	28644	0.21078147779159165	0.21078147779159165	0
0.8435273888479489	3280008	0.6295329560120012	0.6293501234774963	0.46729794375435535	26854	0.20578332439784938	0.20578332439784938	0
0.8313682141979858	3681982	0.6086324839871555	0.6089574178975689	0.46977498883082586	26604	0.1726429971113408	0.1726429971113408	0
0.910587079341685	2780362	0.6080047656281296	0.6082475013030142	0.46511770055614393	28780	0.1969770935560755	0.1969770935560755	0
0.8538442643085237	2213062	0.6037405077073511	0.6036773203023236	0.4655950994018807	27172	0.20405165038133563	0.20405165038133563	0
0.909481699828052	2280310	0.5458811272499317	0.5461562042291918	0.4555612523381171	28884	0.20232252969754952	0.20232252969754952	0
0.8355440923605993	2103484	0.6065621736100152	0.6084062918479377	0.4633148490474977	26396	0.21385884641276778	0.21385884641276778	0
0.9029722426922132	2590396	0.5605078028929183	0.5623871626897411	0.4636861092205009	28878	0.20860970261984735	0.20860970261984735	0
0.9360108081552444	2586204	0.5816281929801401	0.5836637098650891	0.46060337466693385	29942	0.1921889741632765	0.1921889741632765	0
0.8400884303610907	2578772	0.5938605032258306	0.595095147437681	0.46474179792917886	26442	0.18051254551537932	0.18051254551537932	0
0.8258413166298206	2324006	0.5595199634898473	0.5602111206390393	0.46320075537304567	26210	0.17770372164533021	0.17770372164533021	0
0.8696880373372635	3779368	0.6297912357750077	0.6308655597188534	0.46373864599165215	27368	0.17305748308600213	0.17305748308600213	0
0.8916728076639646	3233604	0.5516036547872137	0.5538038718200918	0.4677988585706596	28512	0.16213897736567004	0.16213897736567004	0
0.8903217882584131	2984164	0.5444192263534077	0.5455273612538453	0.4691446634133894	28328	0.16742955701010684	0.16742955701010684	0
0.9017440432326209	3217910	0.6292870971719245	0.6288161184283635	0.468681359163412	28666	0.1900728510336203	0.1900728510336203	0
0.8316138540899042	2531056	0.5609496619871897	0.5620419771983906	0.46273917463142794	26430	0.19399620674545714	0.19399620674545714	0
0.9179562760992386	2972914	0.5371249710060051	0.5390490915377405	0.46261621863340435	29128	0.1733082566541216	0.1733082566541216	0
0.9012527634487841	1588376	0.559934610800286	0.563523432696251	0.45138403595841187	28586	0.2039618695933105	0.2039618695933105	0
0.8684598378776713	1900390	0.5596959167205259	0.5614297056795995	0.46338459702142193	27588	0.2292949044896053	0.2292949044896053	0
0.9529599606976173	2326322	0.5243162876914688	0.5270563960660045	0.4564308213589203	30276	0.1752003700490917	0.1752003700490917	0
0.871039056742815	4125432	0.5948616860530209	0.5966689800736025	0.4693678283810399	27584	0.18553536421664682	0.18553536421664682	0
0.9512404814541882	1782520	0.46302076556988986	0.467197872139548	0.44478880459954245	29896	0.1738574321900586	0.1738574321900586	0
0.8511422254974208	2569160	0.5233027755239011	0.5242434981422585	0.4646386453484743	27062	0.18726102710562423	0.18726102710562423	0
0.8933922869073938	3188624	0.599586568613217	0.6007032576354833	0.4685303080004199	28562	0.2137241706549555	0.2137241706549555	0
0.9163596168017686	2950670	0.5085519072545356	0.5097169300036727	0.463346014293994	28784	0.1608019251347026	0.1608019251347026	0
0.9346597887496929	4249902	0.5745643883685664	0.5759887558432392	0.4697196003148782	29858	0.15571622818423966	0.15571622818423966	0
0.9345369688037337	4248770	0.5660271488307509	0.5665601534758739	0.46807813768227297	29710	0.17239477985163706	0.17239477985163706	0
0.823262097764677	2847932	0.5495347621795927	0.5502654150933685	0.4711793460375649	26136	0.16474708285297404	0.16474708285297404	0
0.89081306804225	3985262	0.6363217746001291	0.6378133709501667	0.4675200159641583	28182	0.19503137827158865	0.19503137827158865	0
0.8979366249078851	2451218	0.593620005466324	0.5945437523338404	0.4603826859247824	28552	0.17820788317374014	0.17820788317374014	0
0.9385900270203881	3912650	0.6693891051652132	0.6691472525621412	0.46929457915195044	30046	0.17266878846035313	0.17266878846035313	0
0.8882338491771063	5646730	0.5827004801210423	0.5825455601037158	0.47545223979315904	28352	0.1483155787039192	0.1483155787039192	0
0.7641857037582903	2229344	0.6523519001647057	0.6515034376345586	0.466863916798469	24256	0.20299319863219256	0.20299319863219256	0
0.9512404814541882	2637748	0.5469234974825544	0.5481567152558072	0.4624220221836486	30362	0.18302931208208695	0.18302931208208695	0
0.9188160157209531	2873324	0.5874012953273912	0.5879997354963482	0.4665233267289444	29076	0.17915970913660237	0.17915970913660237	0
0.8849177106362073	3205784	0.5192743640067984	0.5202937515123244	0.4666418674534866	28140	0.17690948751611998	0.17690948751611998	0
0.9053058216654385	2272514	0.5648686621057376	0.5651030902939072	0.4563548389572296	28850	0.2073979921176766	0.2073979921176766	0
0.9356423483173667	2875690	0.606789238001887	0.6077589256848431	0.4590968165361729	29880	0.1757341430182218	0.1757341430182218	0
0.8831982313927782	2423982	0.6002009146558234	0.6007750813226316	0.458875779773849	27966	0.20405462262955154	0.20405462262955154	0
0.9107098992876443	2645494	0.6117844082049256	0.6109661738232242	0.4721526954038713	29008	0.19355909527393034	0.19355909527393034	0
0.9304839105870794	2327340	0.5803185296141951	0.5810226253987648	0.4622167767100617	29676	0.21969420822250374	0.21969420822250374	0
0.8843036109064112	3080686	0.5826901702353585	0.5830824823677069	0.46682006073746884	28236	0.1876612308377779	0.1876612308377779	0
0.908867600098256	3222134	0.6012569607881005	0.601311196954844	0.46849427944147154	29002	0.20210297791453372	0.20210297791453372	0
0.8427904691721936	2911274	0.5789100586762487	0.5810053416128835	0.4636000123401718	26480	0.15551554973174656	0.15551554973174656	0
0.8905674281503316	2444038	0.5799021036845001	0.5809119862681552	0.4627776504918178	28074	0.23046946326696402	0.23046946326696402	0
0.945099484156227	3159726	0.5607969073041623	0.5620729626796547	0.467060393209409	30146	0.18324126497611357	0.18324126497611357	0
0.9410464259395726	3388878	0.584377451423722	0.5845639443016276	0.4658861164828422	30120	0.18424808210704854	0.18424808210704854	0
0.8804961925816752	3922440	0.6372234701924978	0.6373297932296803	0.4667120915293834	28282	0.18693073330447332	0.18693073330447332	0
0.9362564480471629	3549070	0.6126402216069202	0.6136217502844415	0.461376491395064	29534	0.17208370910018236	0.17208370910018236	0
0.9643822156718251	2627260	0.6008002354042253	0.6020921155334076	0.46072969354830406	30708	0.1875049381119682	0.1875049381119682	0
0.8477032670105625	3275828	0.6147733319128551	0.6151278443641607	0.46467788991705744	26302	0.2097057079778302	0.2097057079778302	0
0.8636698599852616	2204318	0.5771568777973871	0.5787457843051833	0.4614172692251847	27312	0.20571814358710258	0.20571814358710258	0
0.8999017440432326	4148832	0.5590083178144725	0.5598532203725558	0.4728855636243874	28680	0.17714252431318753	0.17714252431318753	0
0.8967084254482928	3386328	0.6121857959877305	0.6130850721351709	0.4657854248971045	28428	0.18448575058876818	0.18448575058876818	0
0.8639154998771801	2347202	0.573178019366875	0.574705782338503	0.46120233986790676	27480	0.1977638807250324	0.1977638807250324	0
0.8569147629575042	1900056	0.5206778663886871	0.5216045862545194	0.4667029733469572	27326	0.22007927524488158	0.22007927524488158	0
0.9325718496683861	4058586	0.6395616872365112	0.6397816667562103	0.46316642636855704	29690	0.19012476716267393	0.19012476716267393	0
0.894620486366986	2688892	0.614242512735524	0.6139923218754838	0.4712749474753881	28342	0.1865620944888673	0.1865620944888673	0
0.8199459592237779	2652632	0.5839225271368803	0.5834951482142485	0.46902834920949665	25824	0.19021475778454375	0.19021475778454375	0
0.8422991893883567	3222926	0.583139995285597	0.5838563422952238	0.4695844667013696	26620	0.20569719033484601	0.20569719033484601	0
0.8554409236059937	3430182	0.5658716353098554	0.5667390356357529	0.47174786602632207	27124	0.18236219565569667	0.18236219565569667	0
0.9195529353967085	3941196	0.6327530567955669	0.6333566794328344	0.4653531852409161	29130	0.20628071292280567	0.20628071292280567	0
0.9172193564234832	3437002	0.5698395513828975	0.5717092095003308	0.46897413862705034	29158	0.1839817884820888	0.1839817884820888	0
0.9468189633996561	2834426	0.5495141429198639	0.5523213896779912	0.452971077694245	29604	0.18445377828331677	0.18445377828331677	0
0.897322525178089	2695946	0.5766376434213204	0.5798362210208076	0.462315629624096	28366	0.17223568633538322	0.17223568633538322	0
0.8877425693932695	2798244	0.6069471822372977	0.6078202388182118	0.46070946675575536	28378	0.2165824564968475	0.2165824564968475	0
0.8281748956030459	2728984	0.5950818011060462	0.5956290354995879	0.47260283795235725	26488	0.21311628463660362	0.21311628463660362	0
0.9161139769098502	3902438	0.6281060336619261	0.6285025139007142	0.4648587801778477	29276	0.1399605986769775	0.1399605986769775	0
0.8922869073937607	2764650	0.5188659854920356	0.5195798260963617	0.46562109395536894	28310	0.1992991859819445	0.1992991859819445	0
0.8679685580938344	3953466	0.649122763720878	0.6487271161169467	0.472239839399835	27838	0.19405569253430577	0.19405569253430577	0
0.8495455661999509	2597740	0.6123550253777904	0.6132640270209125	0.46213517505772	26790	0.20237167867109065	0.20237167867109065	0
0.9376074674527143	3421760	0.5925100477023938	0.5932289186574227	0.45947901889061143	29480	0.17280453898160872	0.17280453898160872	0
0.8940063866371899	2038338	0.5841557635421141	0.5845614502070898	0.4554111209826374	28480	0.20255399693514065	0.20255399693514065	0
0.8701793171211005	2300068	0.5652409585660204	0.5660334901587974	0.4649623294074469	27778	0.21780794415382976	0.21780794415382976	0
0.9350282485875706	3871198	0.5543825397122039	0.556030624719384	0.4683198638915844	29902	0.16414790626755196	0.16414790626755196	0
0.8806190125276345	3268466	0.5830090432017018	0.5846674447905648	0.4602264683791522	27816	0.20159458153995313	0.20159458153995313	0
0.8914271677720462	2032750	0.5512691542474014	0.5569306786810223	0.45716963266848315	28438	0.20835592997453597	0.20835592997453597	0
0.8477032670105625	2605588	0.605312183993384	0.6054164649825876	0.46858274042510834	26968	0.1908255371760177	0.1908255371760177	0
0.9387128469663474	3129540	0.5278712247833383	0.528497730499003	0.45897256875993425	29696	0.17664158614467698	0.17664158614467698	0
0.8920412675018423	3127188	0.5985799001150406	0.5993122255547176	0.45945670008090794	28164	0.20198388034807582	0.20198388034807582	0
0.8558093834438713	3949850	0.5882416539929076	0.5886559835711471	0.4740305439071392	27274	0.1844429812219005	0.1844429812219005	0
0.9463276836158192	2900190	0.5600600018005294	0.5619437508509263	0.45145398752755733	29828	0.17317460095140932	0.17317460095140932	0
0.8508965856055023	2574468	0.5423137420127625	0.5430294964479462	0.4654593648469317	27076	0.1772918849596439	0.1772918849596439	0
0.8614591009579956	3484490	0.5963212466309173	0.598264138111844	0.4664867418379665	27714	0.1928485846365732	0.1928485846365732	0
0.9485384426430853	2468298	0.6002280963808272	0.6001211272079098	0.4599754997971927	30066	0.19541915673514884	0.19541915673514884	0
0.8922869073937607	2740194	0.5786528818879121	0.5803896796498714	0.4638607820121711	28364	0.17281931334108144	0.17281931334108144	0
0.9118152788012773	3496110	0.5554337742212767	0.5569078752539289	0.4649326123261148	29222	0.18774228762551734	0.18774228762551734	0
0.9309751903709163	3027262	0.6244199774082458	0.6251747508156772	0.46558675888691026	29508	0.18982090460001966	0.18982090460001966	0
0.8797592729059199	3003610	0.5913833099939274	0.5932579263748166	0.4613342874556164	27990	0.20506317127788642	0.20506317127788642	0
0.9071481208548269	1620656	0.5711094081018215	0.5726810104575698	0.45141648589093014	28606	0.21220187988936567	0.21220187988936567	0
0.9317121100466715	3867442	0.5627822274341704	0.5640982651487053	0.4637213728549781	29598	0.17763402171065756	0.17763402171065756	0
0.941292065831491	2980798	0.587777938963429	0.5889848016115308	0.4599210784266859	29710	0.16418982210740857	0.16418982210740857	0
0.8765659543109801	1854586	0.5100945808975099	0.5141216104112334	0.460559963511515	27642	0.20881162894083616	0.20881162894083616	0
0.8543355440923606	3055988	0.5884842900957341	0.5882488315795954	0.46878355211052924	27126	0.1586662069499202	0.1586662069499202	0
0.9051830017194793	2536942	0.53625785253566	0.5369726918060936	0.4680807425638303	29042	0.184320951062908	0.184320951062908	0
0.8823384917710636	3132518	0.5715657888085971	0.572138918970479	0.47269427943491515	28054	0.19166140067826665	0.19166140067826665	0
0.8539670842544829	2411064	0.5477137138954935	0.5480057489725382	0.46830114878563855	27172	0.21983657155804034	0.21983657155804034	0
0.8693195774993859	4219600	0.6827972307947531	0.6827214132618084	0.47323195815516467	27656	0.17343178075418472	0.17343178075418472	0
0.9283959715057726	3233116	0.5934731230956806	0.5936100258356588	0.46286231629325997	29322	0.18318930076334963	0.18318930076334963	0
0.8996561041513141	3109654	0.5992785892381056	0.6005920915473817	0.46408489288796795	28624	0.1785835321386893	0.1785835321386893	0
0.8640383198231393	2290482	0.5250590670941443	0.5276686586614222	0.4647468351641215	27562	0.2049528396053347	0.2049528396053347	0
0.8614591009579956	3573226	0.6442597766687234	0.6432997461952606	0.4701281896602471	27518	0.2153263365206289	0.2153263365206289	0
0.9324490297224269	4581966	0.5482048335170203	0.549423173804302	0.4724193260923906	29744	0.15308786749850362	0.15308786749850362	0
0.9463276836158192	5888952	0.6301785562908169	0.6301801581331036	0.47000771385138546	30454	0.17285464410256232	0.17285464410256232	0
0.846352247605011	3061944	0.5794865301513256	0.5804996303919211	0.46952337093885693	27018	0.19961740027982136	0.19961740027982136	0
0.8975681650700074	3060934	0.6009398445386852	0.6016196826344198	0.4704279844714525	28678	0.169303723617942	0.169303723617942	0
0.9380987472365512	2714072	0.6148758118869645	0.6144642304351343	0.4664180023011839	30054	0.20607838341512105	0.20607838341512105	0
0.9516089412920659	2720042	0.5586999582292541	0.5595731612692919	0.45734054628631665	29708	0.19082666943502447	0.19082666943502447	0
0.8731269958241219	3499358	0.6386757578613603	0.6389840856595795	0.46768328654989655	27864	0.16891275959481766	0.16891275959481766	0
0.8215426185212479	1633662	0.5316836458018187	0.5324575505109933	0.4638030874461472	26234	0.23829460281691714	0.23829460281691714	0
0.950012281994596	3385656	0.5732993765672796	0.5736277424293061	0.46584400555547173	30362	0.18782585631559198	0.18782585631559198	0
0.9196757553426677	4457044	0.5986262114809249	0.6005091066710119	0.47091454716113873	29354	0.15173757605767704	0.15173757605767704	0
0.8997789240972733	2891510	0.5798679645358095	0.5807186275847173	0.4591942282513734	28730	0.19078982126197055	0.19078982126197055	0
0.8868828297715549	2698904	0.5862677821478105	0.5866422638156658	0.46902593921230307	28234	0.1979943615875679	0.1979943615875679	0
0.9269221321542619	3709600	0.6121797818597627	0.6124908219567069	0.4679124610425049	29818	0.16417790421501485	0.16417790421501485	0
0.893515106853353	2928496	0.5290014547859702	0.5303956108007991	0.46895506922627445	28458	0.19135011513931657	0.19135011513931657	0
0.8178580201424711	2574656	0.5613915166202686	0.5625038750850085	0.4663035321966278	26238	0.19813781282270085	0.19813781282270085	0
0.8510194055514615	1647322	0.5406694827769031	0.5423604711812214	0.46062880516577237	26894	0.20600955662449383	0.20600955662449383	0
0.8570375829034635	3466824	0.5905953652015427	0.5911928420350671	0.4694455223262182	27206	0.18018591013721016	0.18018591013721016	0
0.9410464259395726	2669392	0.5832938697963985	0.5853227569502475	0.4579079980844188	29940	0.20215574277869433	0.20215574277869433	0
0.8559322033898304	2291942	0.59945613073758	0.5991093944697318	0.4625404175017025	27198	0.2270087156590066	0.2270087156590066	0
0.9448538442643085	3032278	0.5256141748606219	0.5265571251224171	0.4654680372754019	29908	0.1591767464985139	0.1591767464985139	0
0.8332105133873742	2940552	0.5691669104180633	0.5709219904514921	0.46986831348745933	26568	0.2176930523424897	0.2176930523424897	0
0.8651436993367723	2385620	0.5636024735056068	0.5641459841766264	0.4675085475267607	27518	0.22423935101654824	0.22423935101654824	0
0.930852370424957	3116438	0.5742411560837396	0.5759448103588868	0.4583411914770874	29642	0.1859131427227432	0.1859131427227432	0
0.7593957258658806	1200454	0.5459964190585765	0.54534619241744	0.4604415770984547	23890	0.26069024716530376	0.26069024716530376	0
0.9166052566936871	3880216	0.6134737179742809	0.613917401929886	0.4698035188916841	29250	0.17941594814647863	0.17941594814647863	0
0.895725865880619	3028730	0.5853496733234154	0.5863023731079647	0.4660852818580538	28728	0.19260515253893581	0.19260515253893581	0
0.8580201424711373	2643788	0.568548667816036	0.5704107703647431	0.4612572642162594	27108	0.20623191315734876	0.20623191315734876	0
0.8867600098255957	3713818	0.508148131823449	0.5095826686646276	0.4751009257230039	28466	0.1517333163922304	0.1517333163922304	0
0.9011299435028248	2958256	0.5750542932795752	0.5753131853317687	0.46869036528639	28750	0.20828582905929313	0.20828582905929313	0
0.9195529353967085	3686642	0.5643649638965255	0.5651838801253207	0.47365362921449017	29328	0.16696307854214673	0.16696307854214673	0
0.9169737165315648	2580576	0.6043313909973576	0.6043948808934637	0.46331223254588666	29248	0.2152223706971819	0.2152223706971819	0
0.9045689019896831	3344220	0.5957542474252655	0.5971935135664614	0.4629514752101102	28932	0.19334573637744826	0.19334573637744826	0
0.926430852370425	2894114	0.57180525236337	0.5724102113309275	0.4628219725213525	29602	0.1886126215687017	0.1886126215687017	0
0.8978138049619258	2851434	0.6054495096041425	0.6053488953464033	0.47260856741894414	28688	0.1950382979717742	0.1950382979717742	0
0.9213952345860967	3584816	0.5777141059661535	0.5776192172932191	0.4712385746063444	29538	0.1540345706865517	0.1540345706865517	0
0.951117661508229	2670140	0.6063090879142643	0.608361753353229	0.4573381503699465	29714	0.19743834234193133	0.19743834234193133	0
0.9014984033407025	2903684	0.5291955173775195	0.5307943734285814	0.46579592461051195	28744	0.17096644114629309	0.17096644114629309	0
0.9543109801031687	4260826	0.5668611685326542	0.5677165099345433	0.4724279110869944	30486	0.17048549607652838	0.17048549607652838	0
0.9266764922623434	3251338	0.5970063015700152	0.597399366466784	0.46740214360019355	29336	0.2000229390367494	0.2000229390367494	0
0.9622942765905182	2846008	0.5209457023127391	0.5253125421197007	0.4616339773130705	30304	0.18208744008176259	0.18208744008176259	0
0.9186931957749939	3289196	0.5816209299589944	0.5829834200305005	0.4654447416998817	29150	0.18095406570330297	0.18095406570330297	0
0.9142716777204618	2322394	0.5544806865397339	0.5552580475426693	0.4659654089327108	29248	0.18321557121955398	0.18321557121955398	0
0.9356423483173667	2728512	0.5798411981445853	0.5821685605815142	0.45672065552279345	29778	0.1831625084091175	0.1831625084091175	0
0.8773028739867355	2574628	0.6328443116086494	0.6325586367486183	0.4649972741912714	27688	0.2107857495130713	0.2107857495130713	0
0.8473348071726848	3100328	0.5487514115815008	0.5491994238034168	0.4685705840543843	26982	0.20049076359499182	0.20049076359499182	0
0.911078359125522	3568762	0.6460786528803797	0.6465370595678477	0.4650779122810214	28960	0.22237443789482245	0.22237443789482245	0
0.9080078604765414	2536390	0.5729426139345745	0.5747595551653213	0.4612366420975535	29014	0.20281508992080646	0.20281508992080646	0
0.9103414394497666	3564792	0.5850211115798786	0.5857301205406953	0.46909076536227845	28644	0.16486583594303558	0.16486583594303558	0
0.907762220584623	2463092	0.5627808938304223	0.5629822906840237	0.46707705028231533	28878	0.19144196596240312	0.19144196596240312	0
0.8999017440432326	3315848	0.6361493049641955	0.6364303026296472	0.4642280125798295	28614	0.18627073614450837	0.18627073614450837	0
0.7962417096536477	4520704	0.5398744178326239	0.5409606765140359	0.47833077927539547	25474	0.1714350065316833	0.1714350065316833	0
0.8968312453942521	2182560	0.5614555300631914	0.562900965255991	0.463443226853183	28176	0.19652614078884564	0.19652614078884564	0
0.8975681650700074	2710880	0.5639917398325124	0.5651376727745759	0.47162201176632107	28724	0.16796920839130183	0.16796920839130183	0
0.8440186686317858	2284150	0.5295579614851109	0.5305327860172977	0.46702429845274823	26918	0.18660518262170975	0.18660518262170975	0
0.9200442151805454	3629022	0.6459824526048864	0.6456151703356345	0.4708371790578704	29338	0.17619662360185825	0.17619662360185825	0
0.921518054532056	2482216	0.4909280319083831	0.49331649584877524	0.4594450399749311	29402	0.1735226450924026	0.1735226450924026	0
0.9195529353967085	2954962	0.551914774447967	0.552219055375978	0.4660084635360387	29362	0.19744221018292385	0.19744221018292385	0
0.9243429132891181	2033964	0.5255760058632223	0.527169123931387	0.4606694261220239	29706	0.20074613712511288	0.20074613712511288	0
0.9358879882092852	2649892	0.597926426681772	0.5990184020866819	0.45854043796656163	29774	0.22259879948558958	0.22259879948558958	0
0.8786538933922869	3874332	0.4997535183945148	0.5017544127814587	0.4757313537001475	28082	0.18151692295364186	0.18151692295364186	0
0.7967329894374846	4591828	0.6277634121153118	0.6278571609292855	0.472030054460629	25250	0.21002003220564755	0.21002003220564755	0
0.8656349791206092	2973894	0.5698564636504223	0.5708235658561747	0.46671814988054255	27768	0.1932559900748916	0.1932559900748916	0
0.8565463031196267	2101130	0.57966647165401	0.5808113235182104	0.46029662113607334	27180	0.21182909263784813	0.21182909263784813	0
0.9135347580447064	3707968	0.5666380693301989	0.5665458099260872	0.469629565879508	29420	0.17335779302357976	0.17335779302357976	0
0.8669859985261607	3258544	0.562216113608374	0.5621354414659337	0.47256294915658187	27574	0.15477036421550153	0.15477036421550153	0
0.9240972733971997	3274804	0.5848089778557762	0.5854213131842159	0.4697073591650325	29648	0.19879645642329322	0.19879645642329322	0
0.8797592729059199	3462378	0.6195871456666949	0.6206910589798061	0.46442019538843793	28052	0.17408340476511489	0.17408340476511489	0
0.9073937607467453	3599746	0.6076139033649554	0.6081395952139396	0.46032624419582874	29006	0.1899334774719991	0.1899334774719991	0
0.8971997052321297	5477738	0.6325843509542678	0.6323595241101226	0.47398874203219576	28878	0.14273021638468528	0.14273021638468528	0
0.9277818717759764	2637058	0.5592498892616015	0.5610965271067638	0.4600166175299914	29572	0.19293076873460702	0.19293076873460702	0
0.9661016949152542	3668310	0.6245452562769825	0.6250046676851307	0.4691520751275355	31044	0.18294712072737065	0.18294712072737065	0
0.9167280766396463	2889252	0.6012000084017421	0.6016224385372707	0.46518628229532005	29272	0.18700547171200796	0.18700547171200796	0
0.8868828297715549	2463396	0.5096616110529827	0.5134696276983419	0.46171973731272314	28118	0.2098090750100696	0.2098090750100696	0
0.9156226971260133	2629988	0.5786834086236962	0.5791936712518871	0.4630021485216745	29172	0.1798351038082123	0.1798351038082123	0
0.8204372390076149	2713794	0.5698687186760122	0.5710499135370045	0.4696308128570448	26208	0.22127528986180856	0.22127528986180856	0
0.9051830017194793	3909434	0.5944408036696925	0.596049784523414	0.4687469968799112	28860	0.17760040684845194	0.17760040684845194	0
0.8714075165806927	3608916	0.6335180532443264	0.6336819554027819	0.4678712204818039	28014	0.1838178510398373	0.1838178510398373	0
0.9458364038319823	2875916	0.5303283793374368	0.5346844105490803	0.46394804635964215	30040	0.18756868598239695	0.18756868598239695	0
0.8811102923114714	2522634	0.626711084170094	0.626924748139439	0.46320262665999096	28114	0.2064485731051516	0.2064485731051516	0
0.9661016949152542	4730344	0.6373346344089978	0.6379893199443144	0.46498415209775384	30696	0.21122164019639222	0.21122164019639222	0
0.9285187914517318	2220686	0.5949702837191658	0.5973106532789207	0.4594212486230163	29532	0.19164591390823818	0.19164591390823818	0
0.9166052566936871	3541014	0.5947727515301772	0.5947549617134561	0.4687611756467476	29464	0.1801251216497932	0.1801251216497932	0
0.9551707197248833	3877818	0.588717514955867	0.5898761717123723	0.46935581998057857	30584	0.17213873073309746	0.17213873073309746	0
0.8948661262589045	2763804	0.5922881262056666	0.5924103349942148	0.4693562684018974	28580	0.18715707696678288	0.18715707696678288	0
0.8306312945222304	2758638	0.5922170074882146	0.5920652440933475	0.4646860510123189	26444	0.19372900729275658	0.19372900729275658	0
0.9310980103168754	2823938	0.4717138342551537	0.47586589534835305	0.4649600150880801	29668	0.16404303409471452	0.16404303409471452	0
0.8537214443625645	3073196	0.6165696763763137	0.6165463591754189	0.46556264745542913	27072	0.18703856845017772	0.18703856845017772	0
0.9107098992876443	2581694	0.5620747449562556	0.5633456464793013	0.4623509565654586	29126	0.19120733271969037	0.19120733271969037	0
0.8648980594448539	2511330	0.6075713752648911	0.6084997653396848	0.45953412124307375	27518	0.2162989638431437	0.2162989638431437	0
0.8765659543109801	2502182	0.6056589916577148	0.6055357937388196	0.46546949133785054	27776	0.2154735623272456	0.2154735623272456	0
0.9164824367477278	3312486	0.5737609718006202	0.574068924815425	0.4642628846368768	28886	0.17543901203654486	0.17543901203654486	0
0.898427904691722	3807972	0.6329928566933013	0.6331670195394207	0.46935150431011813	28556	0.15301445837885388	0.15301445837885388	0
0.9108327192336035	2306150	0.5214995998861711	0.5262795714288294	0.4655981611342785	28986	0.2008521148979	0.2008521148979	0
0.9075165806927045	2374928	0.5956439842641815	0.5949264949558191	0.4613006276033142	28726	0.1867990409423944	0.1867990409423944	0
0.9218865143699336	2681736	0.5751857365934733	0.5771245730752101	0.46037583445442526	29226	0.19619742352103106	0.19619742352103106	0
0.9189388356669124	2193714	0.5646600925127709	0.5646768965574331	0.46540117168282374	29080	0.22105488670077342	0.22105488670077342	0
0.9018668631785802	2039400	0.5829171677778868	0.5834873728075533	0.4595252794638107	28490	0.19777922886707067	0.19777922886707067	0
0.9030950626381724	2153410	0.5109413880295982	0.5115433518524105	0.457088798805622	28660	0.1841770565994565	0.1841770565994565	0
0.928641611397691	3092182	0.6055828305423929	0.6056532611477602	0.46891055775586893	29638	0.19378092909561526	0.19378092909561526	0
0.9503807418324736	3061550	0.553518357287857	0.5552547754196232	0.4571991361724312	30304	0.16399642808944437	0.16399642808944437	0
0.923728813559322	4396980	0.5875669089953515	0.5890945003583622	0.4694423754186339	29520	0.17884414754108802	0.17884414754108802	0
0.8949889462048637	2331158	0.4929094718286675	0.4961873114061354	0.4670163329673535	28726	0.1561056793747371	0.1561056793747371	0
0.885286170474085	2900132	0.5890534636467682	0.5888353051670006	0.4717385747382692	28624	0.1844260101754089	0.1844260101754089	0
0.8615819209039548	1948910	0.5282534862639016	0.5318945895864106	0.46305885392895935	27576	0.21430252110336032	0.21430252110336032	0
0.8543355440923606	3408818	0.5606112087067464	0.5623131867007711	0.46436412053629966	27082	0.19328001902414527	0.19328001902414527	0
0.8456153279292558	2991046	0.5843503220600643	0.5864351402398039	0.4692524758046746	26954	0.19202346761155353	0.19202346761155353	0
0.8399656104151314	2666254	0.6254669270734413	0.625124930316901	0.472102953878035	26748	0.20959987326383803	0.20959987326383803	0
0.9032178825841317	2869944	0.5485512311691385	0.5496787192261774	0.4686288535221353	28956	0.20506120943242243	0.20506120943242243	0
0.9309751903709163	2388572	0.555011022506931	0.5567985419893154	0.45791091457066274	29722	0.18054174982827328	0.18054174982827328	0
0.8295259150085974	2659658	0.5524705350514253	0.5541039385047142	0.46852660506546107	26294	0.19399449561077928	0.19399449561077928	0
0.9759272905919921	3049286	0.6148504302091067	0.615291239894856	0.45945801116840806	30890	0.19182277412137794	0.19182277412137794	0
0.9302382706951609	2798908	0.6074541263248717	0.6074411030448719	0.46472266158450726	29752	0.2138885206779827	0.2138885206779827	0
0.9367477278309998	2642898	0.4867211310693242	0.490631417171653	0.4583764947444115	29524	0.18066829803644724	0.18066829803644724	0
0.924834193072955	3028858	0.5733679989504202	0.5745030743066918	0.4601472238088722	29336	0.20142372016777751	0.20142372016777751	0
0.9560304593465979	2466338	0.5898602638164682	0.5906930405242714	0.46286226569730843	30340	0.18543729075133417	0.18543729075133417	0
0.898427904691722	3477112	0.5918856115444955	0.5915086738383811	0.4645188797061492	28266	0.19177848821368118	0.19177848821368118	0
0.9188160157209531	2933254	0.5715363304140256	0.5726348991524156	0.46916465688773057	29298	0.19532322922282797	0.19532322922282797	0
0.9194301154507492	2150230	0.5770467607082703	0.5786071751872169	0.4579171649755327	29290	0.19973603359700645	0.19973603359700645	0
0.9277818717759764	2552694	0.5951196605602026	0.5962846423589715	0.4595759903421676	29582	0.20791178991567516	0.20791178991567516	0
0.85126504544338	2277668	0.54992128739401	0.5510582734402455	0.4677658116624836	27252	0.20967807104316408	0.20967807104316408	0
0.8182264799803488	2781040	0.6387741937242687	0.6388455783687986	0.4730049467881625	26024	0.223260489518613	0.223260489518613	0
0.7816261360845002	2417696	0.5828372816637467	0.5849801187272358	0.4571360525885373	24602	0.19267806870413892	0.19267806870413892	0
0.9269221321542619	1972630	0.48612172954128546	0.4883787674236726	0.4642030500139566	29958	0.18828706839141038	0.18828706839141038	0
0.9125521984770326	4046118	0.6031714543154302	0.6038829187534466	0.4739321712826128	29138	0.174454462387042	0.174454462387042	0
0.9382215671825105	4899462	0.648297211129286	0.6487488962096243	0.46989570770994343	29874	0.1857220359056558	0.1857220359056558	0
0.8478260869565217	2409256	0.5700442451460696	0.5700730108303543	0.46612034731593077	27040	0.23261551910466968	0.23261551910466968	0
0.8436502087939082	2541476	0.5514061073309483	0.5518043256118614	0.46710017152334693	26882	0.18787645713070053	0.18787645713070053	0
0.9430115450749201	2836168	0.5711854607651135	0.5706496991417985	0.4687860861998519	30296	0.19934155518241004	0.19934155518241004	0
0.9507492016703513	2540272	0.533114693068823	0.5348142812928973	0.46097005237344363	30406	0.19555844670529696	0.19555844670529696	0
0.926430852370425	2418978	0.5984454383109662	0.5975049603232399	0.4596631727990846	29576	0.19591764340929685	0.19591764340929685	0
0.7830999754360108	2118064	0.5753756977257914	0.5772691188881931	0.46365247903097906	24640	0.177891854076901	0.177891854076901	0
0.8732498157700811	2660944	0.6253705115642306	0.6257018102932305	0.4628717732535564	27698	0.20332878777074803	0.20332878777074803	0
0.9277818717759764	3274392	0.5752521032744192	0.5756851117301748	0.4683669580211575	29602	0.18312360333782304	0.18312360333782304	0
0.9238516335052812	3131780	0.5963342298566122	0.5966598151857967	0.4590425849037449	29180	0.15233647055783753	0.15233647055783753	0
0.9317121100466715	4681244	0.5848994828432661	0.5850016765313645	0.4724880463837804	29782	0.16209716558462817	0.16209716558462817	0
0.8678457381478752	2888280	0.5818125231420095	0.5833577656286746	0.45918839399372136	27404	0.21854165994314487	0.21854165994314487	0
0.9163596168017686	2454260	0.5367580511212204	0.5382748897080789	0.4624033691146978	29136	0.21576891292548425	0.21576891292548425	0
0.8808646524195529	2659094	0.5388695218103245	0.5399982990676198	0.46608278412087084	28204	0.20890133659976287	0.20890133659976287	0
0.9201670351265046	2916048	0.5934467556017815	0.5929455030176516	0.4690077877260585	29462	0.23430975573351462	0.23430975573351462	0
0.9099729796118889	2780020	0.5786897296843344	0.5787312555739501	0.46669539797118403	29220	0.17855142486293596	0.17855142486293596	0
0.9576271186440678	2746856	0.5935716155610123	0.5944790644684005	0.4591028839961782	30410	0.2108288438567447	0.2108288438567447	0
0.8458609678211741	2651278	0.61238173864359	0.6122885013535214	0.47011292502058555	26630	0.18052233344349597	0.18052233344349597	0
0.8248587570621468	2484942	0.5790965702656682	0.5790502776871385	0.4689199118839769	26482	0.21516644633121154	0.21516644633121154	0
0.8614591009579956	2990132	0.5824339316696997	0.5834377466738255	0.46425903563483706	27364	0.1745303511005539	0.1745303511005539	0
0.956644559076394	2669712	0.5335900446381339	0.534642221554962	0.46134507894856047	30450	0.20303982484255065	0.20303982484255065	0
0.9044460820437239	2387778	0.6394092976739241	0.6396068592133022	0.45814713199974194	28822	0.18362295434081208	0.18362295434081208	0
0.8521247850650946	2589860	0.5023420853823365	0.504484291071584	0.46800234259977774	26964	0.18323883982906497	0.18323883982906497	0
0.8190862196020634	2676662	0.5727721213850702	0.5734676295419537	0.46413874031260866	25926	0.20535023228204566	0.20535023228204566	0
0.9112011790714812	2590512	0.6014301511826646	0.6017406469179439	0.4649492857318096	29030	0.21330561729235242	0.21330561729235242	0
0.8725128960943257	2986934	0.5548559827500562	0.5555468714468935	0.470229981039117	28060	0.19853548874010404	0.19853548874010404	0
0.8776713338246132	2830236	0.5389339648686489	0.5391260844881923	0.4648202274834821	28044	0.2028332298286315	0.2028332298286315	0
0.8676000982559567	3247912	0.5756926695081526	0.5757485969186656	0.47233636219191877	27384	0.16287673695797478	0.16287673695797478	0
0.902849422746254	1719924	0.5048838053014074	0.5069696120603896	0.4603697976891054	28630	0.19735234758919973	0.19735234758919973	0
0.9142716777204618	2607096	0.5265582128210778	0.5274788578682353	0.4664173901008137	29286	0.18782035547876086	0.18782035547876086	0
0.899042004421518	2231752	0.5220374206165798	0.5226326968479361	0.46322151050385246	28434	0.22776552079640708	0.22776552079640708	0
0.9288872512896095	3188510	0.6275220051470446	0.6273925679455136	0.46694866801564494	29560	0.20100395913934785	0.20100395913934785	0
0.9361336281012036	2641588	0.5853565007101972	0.5857503293425225	0.4568161257891254	29722	0.18218088020114367	0.18218088020114367	0
0.8816015720953083	4158648	0.5559285660674003	0.5574917807100247	0.4704244362677246	27910	0.16435826052864985	0.16435826052864985	0
0.9320805698845492	3171556	0.6147270805373221	0.6152638966531186	0.4637357989110462	29752	0.19902635727697457	0.19902635727697457	0
0.8866371898796365	3756064	0.5695193807552809	0.5705363302810612	0.4689450381564307	28096	0.14247339114978416	0.14247339114978416	0
0.9136575779906657	2895522	0.6031222682500339	0.6040114246452996	0.46788705597766816	29232	0.1855000601057136	0.1855000601057136	0
0.8715303365266519	2500468	0.5388100708132196	0.5397926976825391	0.47163729252851155	27912	0.1965554856336482	0.1965554856336482	0
0.9295013510194056	2336722	0.5283893674071996	0.5316698085128049	0.45453311234201094	29262	0.196661482293919	0.196661482293919	0
0.9400638663718988	3805822	0.5677553361068409	0.5680701165774825	0.4680482887073479	29830	0.16013608695071696	0.16013608695071696	0
0.9207811348563006	2106406	0.5107594956324183	0.5121881287058145	0.45473296807146907	29158	0.18780332640103517	0.18780332640103517	0
0.8614591009579956	2088156	0.5683728632515707	0.568495727034503	0.4642007046192753	27466	0.20903558396360677	0.20903558396360677	0
0.9554163596168017	4801896	0.6336596952092883	0.6331365971153651	0.4666845676977393	30552	0.21731073071410592	0.21731073071410592	0
0.8813559322033898	2204824	0.5629958346019971	0.5649038154292013	0.4580904329691071	27932	0.1984014576133399	0.1984014576133399	0
0.9099729796118889	3131346	0.6302870240734727	0.6299482248633478	0.46455005516737496	28666	0.18703524660629048	0.18703524660629048	0
0.9552935396708425	3466598	0.5873885252808474	0.5871991995666515	0.4631110899243048	30294	0.1953517945762074	0.1953517945762074	0
0.8888479489069024	3755960	0.6341764438108467	0.6351137939658239	0.4724266845954918	28074	0.17578423919950767	0.17578423919950767	0
0.8996561041513141	3722648	0.5571656413231901	0.5589643055183128	0.46365645917110804	28492	0.17942604077555044	0.17942604077555044	0
0.9065340211250307	1976794	0.549477489190677	0.5513196806257368	0.46046536736300187	28892	0.19865563252332788	0.19865563252332788	0
0.9299926308032425	3627494	0.6154202477202384	0.6168740996970512	0.4659921262120534	29370	0.20275991991451536	0.20275991991451536	0
0.7359371161876689	2036258	0.5032472784377825	0.5041898746278136	0.46936463210874213	23760	0.1740103976101256	0.1740103976101256	0
0.9115696389093588	3483630	0.5687288852020436	0.5692130907171529	0.4704181621754777	29152	0.18191655766039816	0.18191655766039816	0
0.9087447801522968	2737298	0.5646811397234361	0.5662688585333832	0.4626231910461472	29044	0.19813066953965444	0.19813066953965444	0
0.8947433063129452	2782912	0.5829316612135386	0.5840525002451872	0.4643910088126783	28568	0.17812248649973225	0.17812248649973225	0
0.9675755342667649	3113114	0.5824641238306391	0.5839220274524771	0.45650048859414455	30576	0.1941391019805937	0.1941391019805937	0
0.8932694669614345	1872522	0.5626160263820463	0.5626412330752449	0.4632035668094943	28684	0.23031408575837828	0.23031408575837828	0
0.8882338491771063	3579060	0.5877579593428773	0.5884744900262305	0.46572130515165205	28204	0.1616012106666171	0.1616012106666171	0
0.8609678211741587	2410556	0.610582832562762	0.6101655655506734	0.4604358462006644	27612	0.20466663921842654	0.20466663921842654	0
0.9274134119380988	3373480	0.6539995993448919	0.6543902815986878	0.4658057351088831	29454	0.20093391683842976	0.20093391683842976	0
0.9217636944239744	4132930	0.644303474752669	0.6460946206004864	0.4615728268401669	29252	0.1932271375249299	0.1932271375249299	0
0.911078359125522	2279206	0.550877222858449	0.5522804322936307	0.458775875502115	29074	0.21524547094694824	0.21524547094694824	0
0.9295013510194056	1983532	0.604754719148458	0.6058065189381222	0.45734845195884066	29344	0.2224880752998881	0.2224880752998881	0
0.9266764922623434	3894822	0.6514963447747811	0.6525841550754446	0.46217041603544634	29100	0.19365151216499787	0.19365151216499787	0
0.9184475558830754	2000776	0.561190160017626	0.5626267109613096	0.4542275396425289	28924	0.21716313871250892	0.21716313871250892	0
0.8943748464750676	3206154	0.6007969578596825	0.6019568131656308	0.4700694392395975	28584	0.1790041711915534	0.1790041711915534	0
0.914394497666421	2554052	0.5473873529259808	0.5478203768714044	0.46695907120763497	29060	0.1866663253334702	0.1866663253334702	0
0.8989191844755589	1999836	0.4764902798939039	0.47970780712922956	0.4537607148516372	27814	0.2162399056309866	0.2162399056309866	0
0.9059199213952346	3455802	0.599890634079061	0.6002889193328808	0.4677044602945924	29162	0.19001175833741502	0.19001175833741502	0
0.8916728076639646	2511870	0.5173280344033576	0.5183029954228439	0.4680832211385602	28270	0.2079700363234819	0.2079700363234819	0
0.8478260869565217	3361258	0.5725301763233094	0.5721519023302246	0.47476060531981257	27274	0.2013245998720484	0.2013245998720484	0
0.8676000982559567	2171192	0.5159750841566387	0.5169037204835696	0.4607456508617662	27714	0.19165420924232487	0.19165420924232487	0
0.8947433063129452	3669216	0.599657534105447	0.5993688429781099	0.4692602210013155	28230	0.1785477987023688	0.1785477987023688	0
0.8676000982559567	2915244	0.5522603457851846	0.5525331020040501	0.46526635916980313	27832	0.18572713736733937	0.18572713736733937	0
0.915499877180054	4170382	0.6268782780807282	0.6260741938803701	0.4658738294280445	29342	0.18238362508168923	0.18238362508168923	0
0.9401866863178581	2472648	0.5474191064404851	0.5491464165029301	0.45796958736364224	29848	0.19441075975209024	0.19441075975209024	0
0.9124293785310734	3184418	0.5316637202819484	0.5335315135021733	0.4666400143918195	28904	0.18103026905026143	0.18103026905026143	0
0.9139032178825841	2394866	0.5689388754164539	0.5682904613278881	0.46550452329963404	28942	0.216493199483661	0.216493199483661	0
0.9082535003684599	3999358	0.5896195913791976	0.590243804071542	0.468279419757119	28788	0.17518911993411054	0.17518911993411054	0
0.8996561041513141	3561136	0.6020844068584107	0.6022198362210313	0.46700064822866477	28650	0.16590029234634598	0.16590029234634598	0
0.8765659543109801	3263848	0.5418938513547694	0.5435107896717449	0.46835285414414557	27726	0.2023004785396486	0.2023004785396486	0
0.9057971014492754	2370904	0.5238280115808406	0.525371626761498	0.4642458183746019	29168	0.20607449471148456	0.20607449471148456	0
0.8689511176615082	2930500	0.5718538092341148	0.5731432003238495	0.467441856557617	27826	0.1943853157303922	0.1943853157303922	0
0.8346843527388847	3079854	0.5729798532669768	0.5733605447194099	0.47207283471469647	26550	0.1724014602610748	0.1724014602610748	0
0.8895848685826578	2550052	0.5849015048946715	0.5851122077762546	0.4592363751709138	28274	0.215698035351361	0.215698035351361	0
0.9524686809137803	4668848	0.6004179938876392	0.6003770550349478	0.4663867469424887	30492	0.16639275815993004	0.16639275815993004	0
0.9382215671825105	3231730	0.6049424465968732	0.6046621177603143	0.4667799530031776	29916	0.16030865013594384	0.16030865013594384	0
0.8639154998771801	2472672	0.5456563563139213	0.5471024846696314	0.4645242889429119	27222	0.19723599104481737	0.19723599104481737	0
0.8485630066322771	3198898	0.5072280782249218	0.5084358135363111	0.4725028542791067	27332	0.21457626669212937	0.21457626669212937	0
0.8599852616064849	4262996	0.6507048067741412	0.6504527323240797	0.4691045762237292	27450	0.18129924807363754	0.18129924807363754	0
0.9048145418816016	3139200	0.5355593628814704	0.5362101014906094	0.4697471346423325	28886	0.16759577304095954	0.16759577304095954	0
