Utilization	Connections(A2A)	Lvl1TraffRatio(A2A)	Lvl1TraffRatioNoIndirect(A2A)	RatioIndirect(A2A)	Connections(AR)	Lvl1TraffRatio(AR)	Lvl1TraffRatioNoIndirect(AR)	RatioIndirect(AR)
0.776611328125	1888140	0.4416908798874804	0.44840024649886945	0.41889887459083447	23384	0.08153179226213467	0.08153179226213467	0
0.910888671875	1277342	0.4541883498512677	0.4595144561630047	0.38915153403315567	27112	0.0894753912743853	0.0894753912743853	0
0.925537109375	2572042	0.5032427760741943	0.5076286509154135	0.4108337673537153	27956	0.10559802987945704	0.10559802987945704	0
0.8287353515625	1399848	0.42487082624395683	0.4347281608902536	0.40770100839442175	24776	0.08671521519674054	0.08671521519674054	0
0.9329833984375	1235262	0.4751149959293519	0.4858353705069165	0.38944083846079874	27714	0.0978739858578929	0.0978739858578929	0
0.9197998046875	1571390	0.5310621126700686	0.5398856127168158	0.39104194831746275	27972	0.09200185558128095	0.09200185558128095	0
0.8216552734375	4795472	0.5955150058988189	0.5963403782427693	0.434935588413214	25364	0.07823901456238362	0.07823901456238362	0
0.9478759765625	2311350	0.5262457048970837	0.5290951659309896	0.38574530273584634	27862	0.11342102541998585	0.11342102541998585	0
0.97314453125	1155972	0.4228757547956233	0.43219531842666775	0.36383468724319196	28058	0.08761960593812738	0.08761960593812738	0
0.961181640625	879008	0.39177946115287693	0.40433985303758374	0.3569081321626543	27572	0.0793566213248997	0.0793566213248997	0
0.8585205078125	1489886	0.4009204772853814	0.4100382534177151	0.40677799143045673	26012	0.08096860904990882	0.08096860904990882	0
0.895751953125	2281198	0.49905673828346697	0.5049347148400712	0.408543322165077	26768	0.08276813482948611	0.08276813482948611	0
0.8997802734375	2155310	0.5455815987245016	0.5497381625457481	0.41465348998802826	27026	0.0842966807029843	0.0842966807029843	0
0.8992919921875	790094	0.41399445594762274	0.4275542791676854	0.38295672850342277	26406	0.12640684723353313	0.12640684723353313	0
0.9180908203125	1277888	0.4359516221763711	0.44380843485654614	0.37031857928263157	26674	0.0816956535779244	0.0816956535779244	0
0.9493408203125	860200	0.421049078691028	0.4328307775841711	0.35826159520345163	27048	0.09065799575609167	0.09065799575609167	0
0.9129638671875	1436202	0.46839330479968516	0.47480951945257516	0.38417352030237	27120	0.09606804063445908	0.09606804063445908	0
0.8515625	1125164	0.4027093413651208	0.4147917739051637	0.3896368886718838	25128	0.09248898208487011	0.09248898208487011	0
0.9404296875	1217196	0.410599159768032	0.4183643943432127	0.37234951075657524	27734	0.07264945357284903	0.07264945357284903	0
0.8515625	804374	0.42497413086125063	0.43145982248707365	0.3724414849235191	25368	0.09340536109459203	0.09340536109459203	0
0.8717041015625	2251136	0.4422489249217821	0.44455832961945846	0.42687940915983164	26242	0.10277731690353327	0.10277731690353327	0
0.96533203125	1266158	0.4761304009466129	0.48732420866781306	0.37190945805946835	28520	0.10160799425291052	0.10160799425291052	0
0.8734130859375	2676402	0.44226762815355986	0.44461172105298913	0.424222999089785	26590	0.0971093880918688	0.0971093880918688	0
0.9329833984375	826424	0.4137935804585154	0.42603103503306494	0.3723743746686101	26968	0.10957823130441506	0.10957823130441506	0
0.9461669921875	1487404	0.5112843932504528	0.5223045747717023	0.38360841379827654	27776	0.0790842713134738	0.0790842713134738	0
0.8515625	1294026	0.494061673777139	0.5019618546481961	0.3579308496269506	23736	0.09523749268149923	0.09523749268149923	0
0.9327392578125	1455358	0.46719255275436605	0.47567473215176864	0.3806435788340952	28354	0.07318116582981284	0.07318116582981284	0
0.970947265625	1437714	0.513112020769788	0.5232569026845293	0.37036232012772197	27936	0.0932919700168246	0.0932919700168246	0
0.86376953125	2659384	0.5848827773611444	0.5885708297496461	0.41432829250659564	25642	0.10550400329870542	0.10550400329870542	0
0.9359130859375	1631746	0.5546832376047858	0.5602710974926064	0.38079815656575056	27466	0.10150748473100894	0.10150748473100894	0
0.90966796875	2784234	0.4820910650332048	0.4895755942887379	0.419451432575585	26904	0.08962272022405561	0.08962272022405561	0
0.8935546875	2068318	0.5448560275255577	0.5516753328139536	0.4073511480781244	27004	0.095514218132853	0.095514218132853	0
0.939208984375	1387556	0.5278875797585193	0.5353992923436033	0.37540231306749683	27644	0.10525790184136015	0.10525790184136015	0
0.836181640625	3196150	0.38309555171981735	0.3868245988177829	0.454110474576274	25998	0.08938872561746812	0.08938872561746812	0
0.8883056640625	1507642	0.5604405977724312	0.5629192955315824	0.390085486061953	26498	0.10004035631292103	0.10004035631292103	0
0.9285888671875	813174	0.40433042039528716	0.417438471622187	0.3660525023431081	26774	0.12064957334218845	0.12064957334218845	0
0.9329833984375	1255088	0.41979534965612597	0.42698684691510574	0.383445943542162	27384	0.10149151983967043	0.10149151983967043	0
0.84814453125	1366318	0.4578917127573321	0.46439832114967006	0.39436074386659464	25284	0.08144702086899884	0.08144702086899884	0
0.96044921875	1208400	0.49578793726875275	0.5027733069349754	0.36274315432682847	28412	0.10096944845993903	0.10096944845993903	0
0.8961181640625	1171018	0.4886014554618164	0.49526133940032185	0.3623442313479877	25914	0.09918073455540401	0.09918073455540401	0
0.9329833984375	1087972	0.48993172965109677	0.5042152664274218	0.35836042961860093	26212	0.09893139415333069	0.09893139415333069	0
0.9591064453125	1421982	0.4512723366093055	0.4576609900455985	0.37606752541426486	28246	0.09725480354047905	0.09725480354047905	0
0.9462890625	2510258	0.5237731329447983	0.529160427672643	0.4034359169363437	28082	0.09375662796087846	0.09375662796087846	0
0.8515625	1172530	0.4167425367259585	0.4286778510908808	0.3885021565791222	25214	0.12195597080001092	0.12195597080001092	0
0.895751953125	1757992	0.40848395222550954	0.41785573206676424	0.4132581034762599	26106	0.11110769347046044	0.11110769347046044	0
0.94482421875	2108242	0.5344974766865794	0.5380789272944572	0.3977028274564078	28312	0.08587330946311621	0.08587330946311621	0
0.8878173828125	1262118	0.4139094739365583	0.4253720085113935	0.39536661739318496	26564	0.06937545556559559	0.06937545556559559	0
0.9481201171875	2541504	0.5174045098155059	0.5241392024498416	0.4142012798344241	28342	0.10637579920128899	0.10637579920128899	0
0.9359130859375	2129002	0.5044545102303012	0.5101290623265848	0.4049613600432877	28528	0.08203305875517479	0.08203305875517479	0
0.9404296875	2972832	0.4563024439874909	0.4605518071711289	0.41934212304207713	29564	0.07967886269689595	0.07967886269689595	0
0.9072265625	1960794	0.5112241862406726	0.5154249379193304	0.40000995906701764	27632	0.08293253549290701	0.08293253549290701	0
0.928466796875	3176400	0.5376884254720852	0.5423974199110875	0.41483270559955443	28256	0.11041758815296776	0.11041758815296776	0
0.9462890625	1352058	0.46297628905667776	0.47132975268139726	0.38522292863479685	28194	0.08548215348804909	0.08548215348804909	0
0.931396484375	1198556	0.4628866288081806	0.47193672059803554	0.37911223404583644	27680	0.09005271303220337	0.09005271303220337	0
0.9080810546875	1466516	0.5316794335098257	0.5354392913607543	0.3851385985201678	26992	0.09028911432844139	0.09028911432844139	0
0.8138427734375	1444088	0.46112472833549495	0.46850526903482564	0.4053801726465485	24758	0.07875432596378583	0.07875432596378583	0
0.92578125	2472792	0.5421099996523462	0.5471742264044355	0.3982999257879167	26916	0.09453202997473609	0.09453202997473609	0
0.865966796875	1437094	0.4575989099818785	0.46785240818937196	0.38651661037620816	25272	0.08799194917856697	0.08799194917856697	0
0.9254150390625	1497092	0.4199690792681861	0.4293423248202502	0.3866969021587552	27040	0.08234495378796101	0.08234495378796101	0
0.8961181640625	2021756	0.4984802324582736	0.5011153655088546	0.3921681473806979	26594	0.07953418401564769	0.07953418401564769	0
0.8685302734375	2378946	0.5839106454583126	0.5863386199052267	0.4290721801264952	26130	0.1248446482665445	0.1248446482665445	0
0.9478759765625	2214426	0.5712970835584922	0.5753961257682229	0.39767825985167304	28398	0.09494065166814038	0.09494065166814038	0
0.9471435546875	1491918	0.5152623471269268	0.5205538853654206	0.36750571552535166	27342	0.10313020538739971	0.10313020538739971	0
0.9398193359375	1275872	0.4505333055751844	0.46255076879646423	0.38086869926793804	27958	0.0879285576091041	0.0879285576091041	0
0.836181640625	1184620	0.4599090697549814	0.4709612447859152	0.4057324014227897	24644	0.12695786150609475	0.12695786150609475	0
0.943359375	1118204	0.4592063265748836	0.47345008919611037	0.3673637646972631	27408	0.0814608562727133	0.0814608562727133	0
0.9501953125	1357304	0.5035132186308738	0.5085872886047476	0.3722326581928947	28712	0.07903242016400655	0.07903242016400655	0
0.955322265625	1952864	0.5315675851949656	0.5374839955625444	0.4177783146680494	29086	0.1027760722486284	0.1027760722486284	0
0.8525390625	2679290	0.5393102003966732	0.5441555378131392	0.4218026488292126	25334	0.12051521339959165	0.12051521339959165	0
0.954833984375	1262764	0.4456275632008519	0.45629112647717873	0.3765966331045621	27488	0.09612322204902131	0.09612322204902131	0
0.9478759765625	981746	0.4487368936794333	0.45874555398635913	0.3858293855471871	27538	0.12289462122048213	0.12289462122048213	0
0.8734130859375	2546372	0.38562262783452445	0.3894793579073965	0.4231406834999933	26770	0.0833120806219845	0.0833120806219845	0
0.89599609375	3490646	0.5002202107715829	0.5029569476379413	0.4086493281310615	26834	0.08864373924409086	0.08864373924409086	0
0.921630859375	1615624	0.5313746250893062	0.5418548078813458	0.39099517062315897	26700	0.0976697904670026	0.0976697904670026	0
0.925537109375	2456802	0.4545810199195854	0.46247176757733405	0.40723888437982453	27214	0.07132162913071856	0.07132162913071856	0
0.91943359375	2538310	0.43954059010365915	0.44552904662535825	0.42703003576830817	27530	0.11477125323899612	0.11477125323899612	0
0.9261474609375	2787410	0.5525579111135139	0.5579497026158867	0.41273245527648855	27358	0.10841125674436498	0.10841125674436498	0
0.8883056640625	1441086	0.454654410066654	0.4610141409862365	0.39680166437539316	26698	0.08298376230374273	0.08298376230374273	0
0.910888671875	1503880	0.4759002249423161	0.4837079901963693	0.4058520109454043	27736	0.08171755009826157	0.08171755009826157	0
0.9180908203125	965902	0.4216207661173812	0.43356045569921614	0.38250961221415447	26778	0.10881578283743869	0.10881578283743869	0
0.89599609375	1392680	0.5482243852855856	0.554100526952639	0.3737265510482828	26592	0.11056401418387839	0.11056401418387839	0
0.9432373046875	1472126	0.48077012950664244	0.4861009199727531	0.3742685274247639	27788	0.07461596988464402	0.07461596988464402	0
0.95654296875	1756940	0.5567789181839813	0.5628363380020253	0.3875889651113516	28534	0.10769084513721032	0.10769084513721032	0
0.9344482421875	1183938	0.47439546792093296	0.4821231793793164	0.36505290941682644	26804	0.08173909075571964	0.08173909075571964	0
0.8668212890625	956792	0.3934578748319643	0.4050581242590822	0.3869042572252244	25618	0.09448063294333597	0.09448063294333597	0
0.9627685546875	1280250	0.5154304371618009	0.5250864802703189	0.3764263980281277	28352	0.08793365105102387	0.08793365105102387	0
0.967529296875	1408554	0.5712484680089989	0.5748078426806887	0.35830464757939096	28068	0.10650369669296533	0.10650369669296533	0
0.85107421875	1094848	0.43139896073994016	0.4436661001451731	0.3982528272840622	25182	0.10798858205308803	0.10798858205308803	0
0.92578125	2481742	0.45770569302836006	0.4635346362344299	0.4027560486736768	26898	0.0829583047780758	0.0829583047780758	0
0.958251953125	1841776	0.5283490543682163	0.5383582638366133	0.395583239664129	28796	0.09049886715125888	0.09049886715125888	0
0.7989501953125	1185796	0.36726279220957553	0.37354662224398555	0.4057294103593534	23762	0.07558498224928978	0.07558498224928978	0
0.919921875	1986230	0.5378457583878561	0.5441013181893479	0.37807591848034444	26618	0.09486897643925368	0.09486897643925368	0
0.95263671875	1671750	0.5190807341521998	0.5222245738287433	0.37950136000022755	28562	0.08253293320982315	0.08253293320982315	0
0.8138427734375	1087622	0.37765393295273714	0.3872530355145812	0.3897458101291193	23334	0.07136029546581234	0.07136029546581234	0
0.9715576171875	1364688	0.5363220268784817	0.5454699831466233	0.34880298270678756	27304	0.10412453395692028	0.10412453395692028	0
0.91064453125	970450	0.3917118481242874	0.4056256033849533	0.38317503520539814	27070	0.065784858449755	0.065784858449755	0
0.8436279296875	3035512	0.5756462843067593	0.579528775117028	0.4306968270842218	25686	0.10291043761698217	0.10291043761698217	0
0.865966796875	1624578	0.4684895355691683	0.47256189858305947	0.38683666746327255	25834	0.0620797893137916	0.0620797893137916	0
0.9541015625	1550386	0.5100472381981763	0.519748161164568	0.38103973554881193	28352	0.0831470270384158	0.0831470270384158	0
0.952392578125	1553526	0.5322100765213446	0.5385901392481913	0.3929069118381385	28306	0.10028784495357379	0.10028784495357379	0
0.9385986328125	1212522	0.43528018243169825	0.4468924220741266	0.3622378756389446	26870	0.08640559055546819	0.08640559055546819	0
0.92578125	1277350	0.48472596356952136	0.49351231137947904	0.37710810865297834	27750	0.09875805162186213	0.09875805162186213	0
0.895751953125	1227892	0.4008712924458803	0.40898045758413243	0.3939584683284744	26438	0.089518960175006	0.089518960175006	0
0.9404296875	2680200	0.5077863751922289	0.5127990798553335	0.4185024532349099	28494	0.11334133362199861	0.11334133362199861	0
0.955322265625	1192482	0.47470716479312763	0.4792870054606218	0.38906127453632644	28650	0.11665657724097948	0.11665657724097948	0
0.8914794921875	1845234	0.4905062920997121	0.4966885840340884	0.41543237515219605	27170	0.09384902729014478	0.09384902729014478	0
0.89453125	1706908	0.5339246393266541	0.5385644558616819	0.4077065972963554	26648	0.0958892735169808	0.0958892735169808	0
0.7989501953125	874046	0.3729845283336839	0.3855567255460317	0.39226683730939077	23210	0.09515767572284278	0.09515767572284278	0
0.89599609375	1555190	0.48793287451743805	0.49691538796096496	0.40443964244485064	27406	0.07874810832070851	0.07874810832070851	0
0.951904296875	1548900	0.4935035867801219	0.5071522507775035	0.39709488923292485	29142	0.09988388781153323	0.09988388781153323	0
0.89599609375	862478	0.4506943721228775	0.4600308681763112	0.38187547953723994	26388	0.11894688169122358	0.11894688169122358	0
0.94677734375	2394352	0.45409615189234054	0.46317100250838966	0.4317083274589341	28398	0.10951781466652621	0.10951781466652621	0
0.934326171875	1394876	0.4816871791687339	0.4906104190123455	0.35776823245061856	26766	0.07213741987992617	0.07213741987992617	0
0.92578125	1608828	0.5064495040941979	0.5183167392441311	0.4001867914343899	27700	0.09595281888918061	0.09595281888918061	0
0.8909912109375	2619504	0.5207441584678961	0.5297044438121628	0.4196102997256566	26874	0.10868224046174556	0.10868224046174556	0
0.927001953125	1766442	0.4950603453562637	0.5047021013691949	0.37879155244698975	27342	0.07704340872106163	0.07704340872106163	0
0.9444580078125	1295088	0.516334334157601	0.5228111958662592	0.3835693029202954	28194	0.11279535247703858	0.11279535247703858	0
0.92578125	1634580	0.4355322524350664	0.44079462237724726	0.39681984504091655	28440	0.08340267063472202	0.08340267063472202	0
0.72412109375	1280382	0.36748972458609636	0.37718567824984	0.417782609843609	21448	0.060983177970944456	0.060983177970944456	0
0.9478759765625	1946472	0.4996402526828827	0.5047860728386981	0.40319419806833245	28204	0.09252755034595016	0.09252755034595016	0
0.92578125	1450716	0.5070814966849554	0.515880595140353	0.3724586404210272	27114	0.09724183095647898	0.09724183095647898	0
0.9354248046875	1208110	0.4438708073958801	0.4534377709700806	0.3795898670361084	26976	0.09759546327351117	0.09759546327351117	0
0.94384765625	1862782	0.5317083425550944	0.5356251532049378	0.39961937460885943	28520	0.10170854285829029	0.10170854285829029	0
0.9478759765625	1802676	0.5060537319914449	0.5121110421148537	0.38957612166255434	28718	0.09497584387912056	0.09497584387912056	0
0.955322265625	1702910	0.4918011473338779	0.5033813013993322	0.4086665336706334	28874	0.09759996360707784	0.09759996360707784	0
0.9046630859375	827292	0.3879539403270413	0.4000430715512397	0.3776305538895703	26064	0.09582575707417944	0.09582575707417944	0
0.9404296875	931624	0.43550691708273664	0.44552244675558333	0.3772156033917194	28020	0.10069000373317864	0.10069000373317864	0
0.8515625	1339406	0.4444097554185524	0.4530063043859551	0.40340838618908154	26442	0.0853584154313068	0.0853584154313068	0
0.836181640625	2368876	0.35280729901353514	0.36142089225606666	0.42363777393636615	24494	0.07857301849196821	0.07857301849196821	0
0.7989501953125	1031172	0.3629080705278697	0.37207149640191645	0.4116384407349852	23966	0.07814009415865551	0.07814009415865551	0
0.933837890625	1116102	0.4231189339734364	0.43556346861118517	0.3797134318944398	26602	0.09705343594931816	0.09705343594931816	0
0.9100341796875	2791490	0.5211774656499714	0.5243448483693639	0.4223611808048821	27988	0.09612125655131665	0.09612125655131665	0
0.9031982421875	2275804	0.4857837118531141	0.4896807922217851	0.4201086627926241	27490	0.10839319602937243	0.10839319602937243	0
0.865966796875	1124688	0.4980108255454962	0.5024904773672507	0.3904766680155804	25608	0.1306713851788651	0.1306713851788651	0
0.9534912109375	1020588	0.4234004145272026	0.4298870663628904	0.3646572026095785	27836	0.08866554205553846	0.08866554205553846	0
0.83740234375	2239838	0.46402629689622005	0.47029342495738474	0.4064728307452854	24572	0.09298985537245731	0.09298985537245731	0
0.85107421875	1140228	0.4025745815350494	0.41595746733364375	0.3960294231179908	24754	0.08714947390540545	0.08714947390540545	0
0.9404296875	2293490	0.5722882884814028	0.5796785715946992	0.3889289681792398	28116	0.11383088161984718	0.11383088161984718	0
0.895751953125	2215138	0.48708859598503446	0.4956377959614513	0.4045120983647759	26420	0.10286517379915888	0.10286517379915888	0
0.776611328125	919222	0.3395534404810725	0.35272868769710497	0.3925588502854478	21484	0.08254292563140025	0.08254292563140025	0
0.91064453125	2170434	0.4976165569560494	0.503002287348031	0.39836890408782816	27456	0.08767748456517908	0.08767748456517908	0
0.935791015625	1357722	0.5121550135477965	0.5210045435531271	0.36359038126005466	26760	0.10158156379520682	0.10158156379520682	0
0.8585205078125	964542	0.4135049487387851	0.42359799848496404	0.4057749993546757	25174	0.10584112278014483	0.10584112278014483	0
0.7840576171875	656768	0.3184682983440746	0.32733563285115436	0.40466479186703047	23348	0.08205020257934884	0.08205020257934884	0
0.9522705078125	2174658	0.543812665886576	0.5471555329258156	0.40693118732809475	28792	0.10431081836316868	0.10431081836316868	0
0.8515625	2390008	0.5001573941189638	0.5050045529331645	0.3918869904753512	25090	0.07807730698953674	0.07807730698953674	0
0.85498046875	2600546	0.5416815277921269	0.5443819338843635	0.4098948871093157	25648	0.09609451965148497	0.09609451965148497	0
0.8585205078125	1221576	0.37356509719122455	0.3873025705892988	0.39267184911389025	25084	0.07350941147313185	0.07350941147313185	0
0.910888671875	2182612	0.5697670136058488	0.5770473211524949	0.3883560520795947	26980	0.09393366627133933	0.09393366627133933	0
0.8585205078125	1722950	0.41116486118224643	0.41764507738997536	0.42278020144872824	26696	0.06635317550926347	0.06635317550926347	0
0.8138427734375	1005342	0.42370705121532787	0.43404176540614864	0.4013225371573466	23414	0.10857017390490682	0.10857017390490682	0
0.93603515625	1645118	0.509934905575303	0.5199743464454736	0.3823465172173577	27616	0.09957091488423603	0.09957091488423603	0
0.8662109375	1183684	0.42784872847078464	0.43576588759813023	0.38031939078386806	25744	0.09100745517331242	0.09100745517331242	0
0.9031982421875	2096542	0.49071586969709585	0.49650658291100164	0.4190031743929537	26992	0.10455917770549662	0.10455917770549662	0
0.89013671875	1832038	0.48188458424225544	0.4854638605240275	0.40483242792786434	26262	0.0865869020775244	0.0865869020775244	0
0.86474609375	1375122	0.46161830836776113	0.4673120140330087	0.40601188525106574	25690	0.11445143318708288	0.11445143318708288	0
0.8643798828125	1517186	0.5035407308627647	0.5082150262737833	0.39700895262622504	26198	0.09935991106578389	0.09935991106578389	0
0.8900146484375	4434700	0.5542120607317139	0.5565256291583577	0.4351240920896338	27118	0.09336483518423612	0.09336483518423612	0
0.942626953125	873958	0.43877568358797076	0.45396660707371356	0.36614923511482883	27752	0.0936857617464627	0.0936857617464627	0
0.8883056640625	1427834	0.4318109533145366	0.44157012329167383	0.398785698309221	26734	0.09470746562638478	0.09470746562638478	0
0.82177734375	1599006	0.4358062285708604	0.4449276555420225	0.42990116215368657	25422	0.0818559732386883	0.0818559732386883	0
0.9385986328125	1156348	0.434760344384373	0.44420075750329463	0.3768937929498351	27756	0.09979400944032485	0.09979400944032485	0
0.9364013671875	3438352	0.36192354219069894	0.3676803311456791	0.4322974515961712	27626	0.08435653291987917	0.08435653291987917	0
0.8883056640625	1832786	0.57844286602385	0.5846403075794063	0.40717417878406953	26366	0.1208271344493441	0.1208271344493441	0
0.955322265625	2662456	0.47980853085184516	0.4837752876745441	0.41269664442069964	28012	0.11668003308796675	0.11668003308796675	0
0.868408203125	1871108	0.47345197156533086	0.47708236709840973	0.4049628157097005	25532	0.08681956251315816	0.08681956251315816	0
0.776611328125	710208	0.3133074563948804	0.3239286147291983	0.40611931522639605	23270	0.08500517459606678	0.08500517459606678	0
0.92578125	1033880	0.426638527442109	0.4445783682260758	0.3742691436935126	26244	0.08333692387789271	0.08333692387789271	0
0.94921875	1168056	0.4402455642273854	0.45064167961683527	0.3713114730892324	27764	0.0968871887542672	0.0968871887542672	0
0.95849609375	846346	0.41797268831425116	0.4299417595222554	0.3595854107519188	26760	0.09198695813763948	0.09198695813763948	0
0.9329833984375	1189968	0.444688687925387	0.45511797590576303	0.3832157583959604	27682	0.09536299169619529	0.09536299169619529	0
0.925537109375	2319802	0.45253984157126487	0.46172894002542925	0.4110415040500415	28110	0.07349777717472082	0.07349777717472082	0
0.9329833984375	1284144	0.47293718684637703	0.4858747431694492	0.39020708355000405	26936	0.0986853890955033	0.0986853890955033	0
0.8212890625	1365868	0.4648339800190307	0.47177044603307433	0.41375416316506913	24362	0.1420267955839655	0.1420267955839655	0
0.9017333984375	1136054	0.4636773456666919	0.4788032819966	0.3602411083917896	25834	0.08756080351974198	0.08756080351974198	0
0.9576416015625	2161852	0.5293890661211672	0.5355083644794395	0.4045103748657503	28716	0.10178696141425968	0.10178696141425968	0
0.9180908203125	816406	0.4252720104076457	0.4384575070914543	0.36061099964511256	25668	0.09571651046856999	0.09571651046856999	0
0.8663330078125	1133258	0.47965488646794	0.488691060192803	0.3857550801061227	25854	0.10325817996714147	0.10325817996714147	0
0.9329833984375	918756	0.4406278379458089	0.4492160376721088	0.3563119654288232	26768	0.1061219760167425	0.1061219760167425	0
0.94482421875	1168562	0.4977440547140195	0.511333610230058	0.3740624349478559	27004	0.10673270287820265	0.10673270287820265	0
0.8876953125	2523440	0.5950914384192475	0.6005055244049841	0.3976788288901925	26548	0.09346952266835694	0.09346952266835694	0
0.91064453125	2476872	0.46614361542210414	0.4703496704271324	0.4117862774123388	27764	0.08308880519925128	0.08308880519925128	0
0.9404296875	1101568	0.4193809649253882	0.43033870201684304	0.39549022647990356	28386	0.09170483703994897	0.09170483703994897	0
0.955322265625	3128904	0.5614631259019881	0.562773921142643	0.42854676039888345	29810	0.09619029353507996	0.09619029353507996	0
0.8931884765625	3076554	0.5775041451746383	0.5806483665286405	0.4212859015026895	27198	0.08798307812772227	0.08798307812772227	0
0.9432373046875	894678	0.4441918596868573	0.4529897373635332	0.36289319307042156	27346	0.10483291477654534	0.10483291477654534	0
0.947998046875	1190108	0.4356298412390874	0.44421677772157625	0.3761803281723693	28104	0.0853361942304046	0.0853361942304046	0
0.9493408203125	1248808	0.4381109930178169	0.4513052505227195	0.3757326289137817	27822	0.0916448803953362	0.0916448803953362	0
0.8961181640625	1394846	0.4933955528807618	0.5016232777069544	0.38135756831243056	26352	0.10485795465369112	0.10485795465369112	0
0.9180908203125	1192364	0.4348267939798804	0.44492031860176096	0.4002861587072311	27606	0.08966196708051084	0.08966196708051084	0
0.9364013671875	1863806	0.4783373333536702	0.4826072806502865	0.40454873689090537	28780	0.09212482601576777	0.09212482601576777	0
0.89599609375	1405592	0.5690257365974573	0.5701549026725187	0.38843624801382687	26678	0.1067832483059815	0.1067832483059815	0
0.836181640625	2976734	0.4285751346649345	0.4342395828076964	0.43376332165940124	24866	0.09557616405194042	0.09557616405194042	0
0.912841796875	2442596	0.5328857315439995	0.5422548225065854	0.40209348573795056	26318	0.10016456346272339	0.10016456346272339	0
0.92578125	1424330	0.5101359303267471	0.5159215719379744	0.37630166725088515	26416	0.09728072826470446	0.09728072826470446	0
0.970458984375	1573804	0.48428666686010896	0.4906448036113121	0.3876857529502818	29030	0.09032601251686904	0.09032601251686904	0
0.914306640625	1548420	0.4778127140602551	0.48382796144993695	0.3911112803662266	27676	0.10504952985886606	0.10504952985886606	0
0.70654296875	724098	0.4265545097257805	0.4325046047973169	0.40363586489924347	20862	0.18641205891284515	0.18641205891284515	0
0.9744873046875	1508954	0.4784944686587784	0.48474141218789263	0.38104085724402265	28780	0.10096148196839987	0.10096148196839987	0
0.9329833984375	1797442	0.4919053910416043	0.4970209663094423	0.39850182315697524	28076	0.07906542990477249	0.07906542990477249	0
0.9368896484375	832710	0.4520567580982701	0.4667433621321872	0.37378847135131554	26724	0.11958258872777378	0.11958258872777378	0
0.8292236328125	2179786	0.3657392758658144	0.37247022768775767	0.4254372097409484	24286	0.07320994714194984	0.07320994714194984	0
0.8961181640625	1163794	0.4805068325566401	0.4929290689260409	0.38100132175342855	26348	0.09811806021914728	0.09811806021914728	0
0.94921875	3647006	0.5557604931358328	0.5608023759622013	0.4161720752169072	29022	0.07902195747377988	0.07902195747377988	0
0.895751953125	1209794	0.4504239451914524	0.4648634482157418	0.39911488631373687	26456	0.10540650339886326	0.10540650339886326	0
0.9190673828125	1164104	0.44481969564153684	0.45718898408078057	0.38796712293828833	26840	0.11376885780606359	0.11376885780606359	0
0.836181640625	1125970	0.40063939012908856	0.4114636331655697	0.3939517748228454	24324	0.09064619964067898	0.09064619964067898	0
0.9599609375	1113364	0.5090461487888913	0.5171248327519223	0.3683924309692668	27722	0.10063783855114472	0.10063783855114472	0
0.89990234375	865020	0.4374245373813728	0.44461190903767855	0.3653003644253123	25736	0.09013563883152355	0.09013563883152355	0
0.9573974609375	2843986	0.5408176368815122	0.5456525573392629	0.39709381966614443	28508	0.10919126351115284	0.10919126351115284	0
0.91064453125	2505480	0.5560636546132481	0.5620033638118085	0.40406007905843344	27650	0.0965958508659513	0.0965958508659513	0
0.92578125	2184696	0.5374735599356961	0.5416022747008814	0.39873106753807863	28154	0.08373006454887315	0.08373006454887315	0
0.9404296875	1201910	0.46036494007676015	0.47136558224418806	0.3735942528246627	27538	0.08621758001003693	0.08621758001003693	0
0.895751953125	1768040	0.486606152859256	0.4945072932190364	0.4129743768878882	26764	0.10654242758087741	0.10654242758087741	0
0.7393798828125	689766	0.38881408241374227	0.39662582707940786	0.41001326489495077	21840	0.1272521819492438	0.1272521819492438	0
0.9598388671875	1171152	0.4632133808198399	0.4779333218098432	0.3784616815189809	27926	0.11425507892989407	0.11425507892989407	0
0.92578125	1728456	0.5042651289924932	0.5106194214713007	0.40236736071329243	27022	0.10656064240040271	0.10656064240040271	0
0.925537109375	2046552	0.549818667722972	0.5581345819244281	0.40444367308117823	26850	0.10828521391193636	0.10828521391193636	0
0.92578125	720706	0.4519897948556986	0.4675904606509378	0.35296299477794846	26058	0.11299407516295949	0.11299407516295949	0
0.92578125	1472616	0.5073981011256897	0.5147440924304643	0.39086644365265305	28006	0.10447932908476125	0.10447932908476125	0
0.865966796875	1405080	0.5288586799410898	0.5363514306007968	0.40548726297575305	25966	0.12255636947459819	0.12255636947459819	0
0.881103515625	1853348	0.5144990429183279	0.5245021194950018	0.3988021054123927	25494	0.08005428275756953	0.08005428275756953	0
0.9404296875	1248118	0.491446477005166	0.5045600136299933	0.3872459675532563	28182	0.09470647997127879	0.09470647997127879	0
0.909423828125	3842196	0.5631494914329737	0.5684494216425624	0.43286189680323317	28186	0.08407439255709988	0.08407439255709988	0
0.8917236328125	2757676	0.5107647415525847	0.513815902962338	0.4186225806764061	26046	0.09004169774172167	0.09004169774172167	0
0.8914794921875	2767580	0.5986436257753162	0.6018901820260326	0.40779536182176096	26802	0.10073076728934778	0.10073076728934778	0
0.880859375	1289898	0.4204624417164134	0.4273240063079728	0.38839699210349904	26660	0.06927936204487267	0.06927936204487267	0
0.8883056640625	1248864	0.4525360133784649	0.4620992002972628	0.38675468958339315	26362	0.08374942408987703	0.08374942408987703	0
0.761474609375	2282950	0.4103821803365673	0.4180423769601422	0.4132621979238548	21898	0.08184702016076498	0.08184702016076498	0
0.925537109375	1894126	0.5372037828275985	0.5427116732337952	0.40660697244255434	27038	0.11338381554247752	0.11338381554247752	0
0.7855224609375	2507390	0.5439815494517917	0.5475537482140382	0.4197845113194214	23246	0.08564191177848897	0.08564191177848897	0
0.9483642578125	1625524	0.5041270721957312	0.5116882569386005	0.39560332214953836	28500	0.09201897788142317	0.09201897788142317	0
0.973876953125	1455752	0.49721434256820185	0.502881193462695	0.3833891864136602	28362	0.10478994226119719	0.10478994226119719	0
0.92578125	1427408	0.4862409775789594	0.4947953455155896	0.37860223861353975	27896	0.07949104308354026	0.07949104308354026	0
0.895751953125	1134908	0.4248791337310265	0.4348522126475029	0.3920181812623962	26112	0.09219463581827997	0.09219463581827997	0
0.97021484375	1488944	0.5031166695123858	0.513354557365716	0.37363319204389206	28130	0.09239289171190035	0.09239289171190035	0
0.9329833984375	3825786	0.5511174860982218	0.5576383108715677	0.43164734188110754	28504	0.09330448774788914	0.09330448774788914	0
0.923828125	1659242	0.4979507315745178	0.5027968556148354	0.38083156133605073	26414	0.08535989720726862	0.08535989720726862	0
0.870361328125	1501226	0.37617243871645895	0.3850322250260738	0.41120382940555	25980	0.07727055737968089	0.07727055737968089	0
0.925537109375	1411730	0.47250955996073873	0.4762612339693418	0.38256800189230483	26844	0.09937194961936506	0.09937194961936506	0
0.9508056640625	1535324	0.5394596296486579	0.544870517548415	0.37753010864381986	28330	0.08480764140564322	0.08480764140564322	0
0.8310546875	1900952	0.5274653737454944	0.5332768728986322	0.41058326365713205	24678	0.10767684185769515	0.10767684185769515	0
0.91357421875	1162756	0.41527452720590063	0.4282265994799976	0.38326553875652675	26702	0.08334846759890037	0.08334846759890037	0
0.957763671875	1100002	0.4693342696196907	0.4788131985818955	0.3577947726075737	27820	0.09880323061227986	0.09880323061227986	0
0.931640625	2860436	0.46779133762476827	0.47457213067983917	0.43106967736593077	28260	0.08552496186060649	0.08552496186060649	0
0.91064453125	919036	0.42952490991191666	0.43803660579582154	0.3686711536248988	26886	0.08441891768215899	0.08441891768215899	0
0.897216796875	1259652	0.47560957813467536	0.48342350624839975	0.3743793371638821	27228	0.07525062520945587	0.07525062520945587	0
0.8961181640625	1815374	0.5108303117513758	0.5133839307296083	0.3923484323931148	26792	0.08678855819312566	0.08678855819312566	0
0.8961181640625	2507756	0.5248387929084305	0.5280491133574529	0.41683896595099945	28120	0.0939483585540304	0.0939483585540304	0
0.9259033203125	1818678	0.5188760345598611	0.5266360727958864	0.40025099470077	28028	0.09356649670080057	0.09356649670080057	0
0.94482421875	1601774	0.5363236969429028	0.5443510631201985	0.3956439741816775	27786	0.1127206216659896	0.1127206216659896	0
0.927001953125	1350278	0.43728869921617086	0.4446333885923035	0.3909702151239984	28080	0.08446303175421026	0.08446303175421026	0
0.91064453125	874814	0.4321559819844725	0.4429381273673439	0.35807490974973505	25696	0.07824848284882392	0.07824848284882392	0
0.925537109375	1753376	0.5135317336061953	0.5192476062552209	0.40446194309327654	27924	0.10072099531735988	0.10072099531735988	0
0.9329833984375	2658132	0.5236316706779086	0.5273927434209091	0.40600521073932394	28010	0.09726800358618613	0.09726800358618613	0
0.8515625	2740718	0.5226469332018545	0.5273473501722039	0.4032877208573282	25982	0.08910137901224802	0.08910137901224802	0
0.92578125	1547028	0.46081861138192765	0.4704382977882864	0.38564512482166213	26972	0.08806006757668246	0.08806006757668246	0
0.8778076171875	2438824	0.48863402873316736	0.49532754726200756	0.4235935356213247	26326	0.0910710536270753	0.0910710536270753	0
0.92578125	1443792	0.5263962390576039	0.5314039125012596	0.37303857866008133	26898	0.10534630980429628	0.10534630980429628	0
0.9552001953125	1814308	0.5636222670138981	0.5699231396940533	0.3705479672172667	28142	0.08178238004969952	0.08178238004969952	0
0.9556884765625	1586426	0.47917483704357405	0.4841959944600363	0.38627298094677137	28820	0.08241964793940552	0.08241964793940552	0
0.8682861328125	1959558	0.5025948425914903	0.5055757848997865	0.41724320256430053	26460	0.09328122848523607	0.09328122848523607	0
0.9404296875	1559800	0.5141502014463235	0.5205968176307814	0.3848252219713871	28252	0.09630841219319425	0.09630841219319425	0
0.9329833984375	1080738	0.4438286035358741	0.4532309630422065	0.3634625975339867	26840	0.10024780379474542	0.10024780379474542	0
0.91064453125	1838840	0.47578328082309135	0.48164192615719476	0.3951289896890584	26660	0.08806791227676143	0.08806791227676143	0
0.9273681640625	2463210	0.48413825704558483	0.4923333524773957	0.4162185836834482	28370	0.10796818342348208	0.10796818342348208	0
0.895751953125	1425482	0.5027003526268558	0.5115239183770436	0.38171165390491635	26440	0.10094035846576138	0.10094035846576138	0
0.9385986328125	2436240	0.5852529887003184	0.5891271608944358	0.3870747719477454	27624	0.11058886666370477	0.11058886666370477	0
0.9478759765625	2607648	0.521637677307469	0.5272416910480641	0.4179035842169412	28626	0.10430968048679595	0.10430968048679595	0
0.9644775390625	2081214	0.5445636711204672	0.5487825134754464	0.39220684749142626	28598	0.08306179423443312	0.08306179423443312	0
0.8734130859375	1575200	0.4152982324794547	0.42929411907914167	0.42011283609408334	25658	0.08879226336080982	0.08879226336080982	0
0.9478759765625	1206642	0.4874805996336853	0.49471324659332816	0.3834844380613666	27562	0.12002427095044425	0.12002427095044425	0
0.8436279296875	1204788	0.4010024806469839	0.4100303142314187	0.40096801869702486	25794	0.07341208682828725	0.07341208682828725	0
0.9058837890625	1633250	0.512201668396106	0.522454521212268	0.36175214327831684	25618	0.07415423136510696	0.07415423136510696	0
0.9063720703125	2460640	0.5359726483031586	0.5395011013094705	0.39636812636413127	26832	0.08412197075266119	0.08412197075266119	0
0.776611328125	1293464	0.3809385625253919	0.3884761547023972	0.4187201746651084	23190	0.09595767496011086	0.09595767496011086	0
0.8863525390625	3342470	0.5334175859786423	0.5360932197204756	0.4253967032598676	26496	0.08766228486337009	0.08766228486337009	0
0.9171142578125	2614944	0.5088515061552389	0.5158865156834275	0.40842634171782904	27988	0.07141622930651402	0.07141622930651402	0
0.881591796875	1913978	0.49177468027951304	0.49505129743368254	0.39838604752164275	26534	0.08750063267250857	0.08750063267250857	0
0.946044921875	1789784	0.5018653383660187	0.5100668090006809	0.37427426716680695	27936	0.08534682364283329	0.08534682364283329	0
0.8494873046875	1990486	0.6008412786584998	0.6033719176394619	0.4057029655582561	25786	0.10263157496529095	0.10263157496529095	0
0.9163818359375	1120810	0.4726241888656499	0.4828923318547567	0.3681262485710512	26240	0.11095433807438958	0.11095433807438958	0
0.8515625	1034464	0.455003882642552	0.46366622476122354	0.37657584367969354	25590	0.1033622213648145	0.1033622213648145	0
0.931884765625	887278	0.3809762727775145	0.3936148253333303	0.3602341377628063	26780	0.08404890579928605	0.08404890579928605	0
0.8946533203125	1414468	0.45689186662621245	0.46568487893419624	0.3816145259081228	25484	0.0937345504209776	0.0937345504209776	0
0.880859375	2377848	0.5137657546935224	0.5207416555151151	0.41772667256876295	27492	0.0887978419750103	0.0887978419750103	0
0.746826171875	741862	0.3223369561827985	0.3376584979051007	0.4031889822058336	21652	0.0770022567451131	0.0770022567451131	0
0.7840576171875	2197568	0.39300662720892093	0.3984620603995874	0.4273168144926549	24030	0.0664439220489067	0.0664439220489067	0
0.865966796875	1107520	0.3938787615991463	0.40718487136451537	0.39101840046488334	25362	0.09113799227762076	0.09113799227762076	0
0.8489990234375	1030992	0.4162971994721565	0.4255393701193512	0.39172602641694404	25194	0.11155794596575681	0.11155794596575681	0
0.8585205078125	1201962	0.390853238537481	0.3972027091690766	0.39325804760571165	25602	0.06761428150790313	0.06761428150790313	0
0.92236328125	964880	0.3950679450613798	0.4122860825622002	0.3718720552349079	26058	0.09560659942948808	0.09560659942948808	0
0.92578125	1475034	0.437725843336987	0.449748643838982	0.3801201159654486	27520	0.09559614822365155	0.09559614822365155	0
0.9224853515625	1005698	0.41425494206705893	0.42430249141935544	0.38497071067020266	27836	0.09148642634670685	0.09148642634670685	0
0.8515625	1099332	0.4582662083123164	0.4676837162429255	0.35504210733730934	24510	0.10607327158147611	0.10607327158147611	0
0.9180908203125	2883506	0.5289536567795575	0.5312974585927054	0.4167443669976018	28000	0.09834816297246395	0.09834816297246395	0
0.9384765625	949316	0.39352025738682594	0.40959008739059777	0.3716965091805635	27000	0.0792558014132506	0.0792558014132506	0
0.9033203125	1792606	0.5589430707243589	0.5631477097722855	0.40775141190826164	27912	0.11482067231685487	0.11482067231685487	0
0.943603515625	784686	0.420274285661264	0.43817636131464016	0.34704708612757823	26472	0.08501172221392038	0.08501172221392038	0
0.9180908203125	1353654	0.4753908971732093	0.4817524827350916	0.4024701690811839	28058	0.10913103274208928	0.10913103274208928	0
0.955322265625	1228122	0.47994419902583535	0.48808099993505266	0.36215767017397976	28158	0.08374952406722141	0.08374952406722141	0
0.9478759765625	2044492	0.5211595830224427	0.5294002923786071	0.3877720816670857	28068	0.08990854728498382	0.08990854728498382	0
0.9478759765625	1369880	0.5285455697957081	0.5364472384349773	0.3872026985156772	27948	0.12565213054775806	0.12565213054775806	0
0.9085693359375	2759506	0.5178874845425353	0.5199401649773425	0.4006649449316935	26444	0.0844669474802323	0.0844669474802323	0
0.895751953125	1193254	0.4857167751704845	0.4925133472463299	0.38912516682204257	27106	0.11645495821999502	0.11645495821999502	0
0.89599609375	1681700	0.47539304380740816	0.4793508033178942	0.4071635579125612	26914	0.10936748738794216	0.10936748738794216	0
0.9263916015625	2276828	0.5106896185956701	0.5118012989149133	0.39978976847469777	27196	0.09305441067074226	0.09305441067074226	0
0.958251953125	1542986	0.4708568388697128	0.4757821348867018	0.3748628061360985	28176	0.09138245254230117	0.09138245254230117	0
0.89990234375	862600	0.4256149695917025	0.43701886890914327	0.36027148794005265	25718	0.08330086987612545	0.08330086987612545	0
0.9404296875	1190680	0.4689128653061951	0.4834336448886165	0.38314958412999434	27264	0.08842521505963119	0.08842521505963119	0
0.880859375	1282736	0.4836740245637596	0.4928708217498017	0.37920085788309965	25270	0.10449655934460779	0.10449655934460779	0
0.8675537109375	2810954	0.5435637795868923	0.5469652875031709	0.41938108341099345	26042	0.08061163829418766	0.08061163829418766	0
0.8311767578125	1737676	0.4096045666183814	0.41861960530514236	0.41537372887016216	24806	0.09721654747673401	0.09721654747673401	0
0.91064453125	902392	0.381557743782978	0.3967740719872371	0.3838837918710256	26390	0.08854275221438536	0.08854275221438536	0
0.92578125	1522140	0.4424917363262988	0.45168534540421795	0.37249222132736576	26836	0.06979283074980826	0.06979283074980826	0
0.8585205078125	1139954	0.4201251598431779	0.4335578653783709	0.39172019692629206	25104	0.0837113154967279	0.0837113154967279	0
0.8541259765625	1764272	0.5254387347744222	0.5359193181949661	0.3967512817407179	25002	0.08519273788150226	0.08519273788150226	0
0.95654296875	2122644	0.5778280860750764	0.584218979041636	0.3878698101216951	27898	0.09441441999557011	0.09441441999557011	0
0.9031982421875	2628398	0.5018551971816007	0.5069654880112453	0.40508100587304563	26298	0.08761321642615712	0.08761321642615712	0
0.9197998046875	1670286	0.4040734875938585	0.4147187599101521	0.4152765619870358	28116	0.07936651924051437	0.07936651924051437	0
0.960205078125	1457708	0.5496327592096839	0.5516544284579945	0.38494141044924746	28492	0.11881270620821423	0.11881270620821423	0
0.9234619140625	1755356	0.5284595235376929	0.5313383402498212	0.38580479760960057	26858	0.09360859043276347	0.09360859043276347	0
0.8287353515625	999302	0.44612499229249264	0.45312481409698263	0.3993055695891941	24936	0.10873920162476615	0.10873920162476615	0
0.806396484375	1335150	0.41574061411183716	0.4239342828403642	0.41071948625113713	23568	0.10210532082247475	0.10210532082247475	0
0.9478759765625	2074322	0.47534998517263266	0.4829710572674388	0.39000833479912883	27500	0.09237931191186048	0.09237931191186048	0
0.9627685546875	900118	0.43693395504504723	0.4446841325654565	0.35659547179888484	28328	0.09182303730569652	0.09182303730569652	0
0.9384765625	2351164	0.5795439938525293	0.5820748821042708	0.38318601132392693	27228	0.09630179873599788	0.09630179873599788	0
0.9180908203125	1918760	0.4582473680258405	0.4667045768172085	0.40713875688625395	27796	0.08122996856545618	0.08122996856545618	0
0.9180908203125	1684118	0.5259881825130884	0.5317514205247377	0.3857910156713034	26252	0.08087535051578358	0.08087535051578358	0
0.930908203125	1843730	0.521563894591684	0.5268761923937174	0.4085046161646379	27466	0.11182484341136344	0.11182484341136344	0
0.8585205078125	2483422	0.487765767106735	0.4965032714095818	0.4336404758070312	26154	0.11525999926394044	0.11525999926394044	0
0.91748046875	1833458	0.5269549655772399	0.5314682766610227	0.39109948103850006	26994	0.08370895670410138	0.08370895670410138	0
0.8138427734375	2116096	0.3578276677772017	0.36613037719155267	0.4275289051098416	23850	0.08404222336607216	0.08404222336607216	0
0.947998046875	1441648	0.5187652003589079	0.5245584209184107	0.38671274562277175	28148	0.11863845697317967	0.11863845697317967	0
0.880859375	1203886	0.45407673347569166	0.46001261731675763	0.3969649805913149	25650	0.08134637881394523	0.08134637881394523	0
0.93896484375	1453892	0.42907211116692573	0.4364181481721043	0.37981765817159746	27724	0.08859305673163557	0.08859305673163557	0
0.8436279296875	1487058	0.45628185003133187	0.4617581604530449	0.40118259185272837	24598	0.09957471252193274	0.09957471252193274	0
0.8585205078125	1416532	0.46778530596086126	0.4747609299304684	0.39343098114804725	25480	0.09033470000346472	0.09033470000346472	0
0.928466796875	2076544	0.5124807825271827	0.5153926874082512	0.4025628405995423	28646	0.08519653042542409	0.08519653042542409	0
0.910888671875	1649702	0.4868519453227229	0.4930969097598907	0.39058294257524345	26886	0.09719992808077473	0.09719992808077473	0
0.9373779296875	1233048	0.47672800503543794	0.4858982052140525	0.3878419438693204	28096	0.10773683186743231	0.10773683186743231	0
0.97021484375	887004	0.4349700113330512	0.4439485483552912	0.3602992405317878	28332	0.09331346157438859	0.09331346157438859	0
0.923828125	1240940	0.4624320628307809	0.4727251013730618	0.3675110598370252	26520	0.08425015162416759	0.08425015162416759	0
0.9034423828125	1007386	0.38695948782385653	0.4012685175535405	0.37869544659513804	26902	0.07393755675102863	0.07393755675102863	0
0.9239501953125	4155806	0.4714474453960293	0.47482130019568175	0.4456805488357041	28614	0.08280668901576632	0.08280668901576632	0
0.9031982421875	2603978	0.521937659672435	0.5270794110352296	0.4230786702620641	27594	0.10006108804851736	0.10006108804851736	0
0.9027099609375	1389458	0.4712693873159896	0.475577067032825	0.37714631050701514	26678	0.08498914764500874	0.08498914764500874	0
0.912109375	841066	0.4375858337993573	0.44369769266307824	0.37262423093160524	26620	0.1162110711186523	0.1162110711186523	0
0.8780517578125	2045174	0.5103113623813694	0.5171341116177267	0.401959028102116	26498	0.07369309835775062	0.07369309835775062	0
0.8138427734375	1649124	0.5140111931318764	0.5176787511224151	0.4324127410832172	24434	0.15493128267009582	0.15493128267009582	0
0.874755859375	1735360	0.5078583118540902	0.5141265814719255	0.3914139091556301	25662	0.10249782300310817	0.10249782300310817	0
0.9197998046875	1504872	0.5381414127623331	0.5479480045719204	0.3817493177365309	26926	0.10288113519254533	0.10288113519254533	0
0.9332275390625	1535134	0.47978389604652616	0.4880052711624392	0.393014590287659	28146	0.08758148537449778	0.08758148537449778	0
0.955322265625	1227190	0.47393964776077135	0.4851503311258126	0.37919028573707947	28346	0.09105407363366443	0.09105407363366443	0
0.9710693359375	1123962	0.4980936379549091	0.506013433900561	0.3766939126089793	28658	0.1085864606546781	0.1085864606546781	0
0.97021484375	1295588	0.49215841663802545	0.5017144155002146	0.38481085280830635	29024	0.10844287027860283	0.10844287027860283	0
0.911376953125	1121980	0.4275438084088612	0.439855289023412	0.3575630264593653	25658	0.0878488492889508	0.0878488492889508	0
0.917724609375	1115370	0.43549875618387457	0.44576113010352714	0.37620876301711054	26380	0.09615799440678045	0.09615799440678045	0
0.8212890625	889096	0.35489955272707063	0.370045482051302	0.39709616004947135	24442	0.08229964512085435	0.08229964512085435	0
0.9031982421875	2988216	0.5189059416863336	0.5228305249710111	0.41908150784762316	27332	0.09925970552228601	0.09925970552228601	0
0.9158935546875	2901710	0.4905481980079629	0.4934861301442066	0.41903274415984454	27646	0.08820172494312462	0.08820172494312462	0
0.880859375	1185490	0.42966583251749135	0.4411128846289342	0.3911991516809748	25690	0.08242423401188291	0.08242423401188291	0
0.947265625	1180492	0.44514945246795756	0.45048665400520216	0.3749766775205052	27628	0.09234880865876009	0.09234880865876009	0
0.9537353515625	1227510	0.4986684831293307	0.5059070041679482	0.38108023627538645	28060	0.10745211864090971	0.10745211864090971	0
0.958251953125	3045742	0.5124807576641187	0.5153033516574688	0.4223737497105747	29612	0.0949512615311217	0.0949512615311217	0
0.91943359375	2169828	0.5282274576007108	0.5318620431063698	0.4187405230717646	27994	0.10079744712264409	0.10079744712264409	0
0.909423828125	1439970	0.4048996389642301	0.414426027534204	0.4039833324419706	26640	0.09956835778989413	0.09956835778989413	0
0.925537109375	2446374	0.47499860302833746	0.4857283413754332	0.39222690134765764	27028	0.0726166048897684	0.0726166048897684	0
0.8883056640625	1475592	0.47549764961796587	0.4860322017660316	0.403732304406277	25562	0.10504148164498722	0.10504148164498722	0
0.8927001953125	2818734	0.4918778381852013	0.5003338770597507	0.42781061372488177	27300	0.08953585078240346	0.08953585078240346	0
0.8734130859375	1164914	0.4408447520392987	0.44389013374558983	0.38084906575032523	25774	0.10161130567295008	0.10161130567295008	0
0.881103515625	2398810	0.49597652104280693	0.49940351314861026	0.4100761791892918	25718	0.08758286965034051	0.08758286965034051	0
0.910888671875	766314	0.37927536141795964	0.3950727075411644	0.37255938823169615	26294	0.10097860335448851	0.10097860335448851	0
0.9329833984375	1239810	0.45195527405651054	0.46671559448450967	0.38464452310318237	27168	0.10654454771356026	0.10654454771356026	0
0.966064453125	2464052	0.42597993977731213	0.4316894383897904	0.4072416835489839	28540	0.09246748014779645	0.09246748014779645	0
0.8734130859375	1691414	0.45919883031781694	0.46972557095149364	0.4041153247458493	25568	0.09594686625138708	0.09594686625138708	0
0.865966796875	1083218	0.4696112820399187	0.4771793345522213	0.3713857548647417	25002	0.09499092105033181	0.09499092105033181	0
0.8883056640625	1530474	0.49687035203133006	0.5028679419624874	0.4044545480275925	27118	0.11616109270193224	0.11616109270193224	0
0.9478759765625	842658	0.43791331213888546	0.45104099535801095	0.35749842129490106	27798	0.09859021924818145	0.09859021924818145	0
0.9510498046875	2517798	0.5638432391859317	0.5673160503561921	0.39281780957367674	28722	0.08242918995576874	0.08242918995576874	0
0.8365478515625	1409108	0.4559359602700557	0.46256847533223194	0.3997331555632422	25172	0.08931191874593171	0.08931191874593171	0
0.958251953125	1396540	0.5395787921178555	0.5427952689751698	0.3881468256261446	28604	0.10895413579619967	0.10895413579619967	0
0.9478759765625	2296002	0.5512152633715054	0.555599278502788	0.39277113778567846	28700	0.0973621555223187	0.0973621555223187	0
0.912109375	2103562	0.5379542476292282	0.5416544292776421	0.4120610612105445	28102	0.08611140927419447	0.08611140927419447	0
0.9404296875	1502088	0.49987045119303936	0.50357963260672	0.3725350573939495	27116	0.09245323870531726	0.09245323870531726	0
0.9066162109375	2106456	0.5340742163690516	0.5372929703081895	0.41505892057514826	27364	0.11640833571698299	0.11640833571698299	0
0.959716796875	4174000	0.5385667914293886	0.5435228774573003	0.43197382493806225	29876	0.09037126925506055	0.09037126925506055	0
0.8515625	1728272	0.4943582984219283	0.5019771082227383	0.4082556843637566	25730	0.09321211737209989	0.09321211737209989	0
0.92578125	2409008	0.5549836263671621	0.5567351938970776	0.42089924215627345	28340	0.11533089185915786	0.11533089185915786	0
0.8587646484375	1507522	0.4756522519602507	0.48210851164060814	0.4021503646022398	26240	0.08086498788143366	0.08086498788143366	0
0.9183349609375	2438758	0.5238979200390184	0.5253428447856013	0.38561172690288587	26990	0.1040159069467038	0.1040159069467038	0
0.9180908203125	987736	0.3914669128124522	0.4025156187038439	0.3837851445720552	27076	0.08901665865898961	0.08901665865898961	0
0.956787109375	1141262	0.45558050125339117	0.46700735553505585	0.36303885804874914	27928	0.09079044799530846	0.09079044799530846	0
0.8515625	1454062	0.4974038692133953	0.50210266196011	0.40388540796800027	25032	0.10309333057612775	0.10309333057612775	0
0.9451904296875	3241282	0.5501888984418392	0.5535603519591082	0.4200434027836786	28964	0.07639934755041534	0.07639934755041534	0
0.776611328125	2206964	0.35562831244291493	0.36101435805219523	0.4317777297990424	24240	0.11193895642459245	0.11193895642459245	0
0.8662109375	1434084	0.48745358089973206	0.49525031113209006	0.41160324787626323	25646	0.10383384194790003	0.10383384194790003	0
0.9014892578125	2145540	0.534529820614986	0.5365301612532681	0.3861870723548224	26616	0.0827859429349365	0.0827859429349365	0
0.92578125	836368	0.4162151493823191	0.4316722557227715	0.37274182560630925	27362	0.10846499541951858	0.10846499541951858	0
0.9404296875	2114358	0.5305899201944043	0.5351309997496242	0.4063764128442018	28560	0.1072989971427738	0.1072989971427738	0
0.8372802734375	972362	0.4009266081625829	0.40601868968112664	0.3805886888786518	24832	0.09679408804516282	0.09679408804516282	0
0.949951171875	2166674	0.5415957226752649	0.5473408309119916	0.41072926706647644	28234	0.10592735333742818	0.10592735333742818	0
0.8515625	2252756	0.44904649980646877	0.45283831089062637	0.4099244181403232	25420	0.09532565673821448	0.09532565673821448	0
0.9329833984375	2511844	0.48774273178395094	0.4920194439774089	0.4037390982867423	27434	0.09304685103192421	0.09304685103192421	0
0.9180908203125	3119134	0.4869118252569249	0.4926054446607407	0.43757883769127753	28394	0.10447677557035946	0.10447677557035946	0
0.9127197265625	2352558	0.5292369048235209	0.532954518347389	0.4169217113588119	27070	0.10697908096072506	0.10697908096072506	0
0.9432373046875	1544504	0.5343767486926353	0.5387672609987318	0.3778436265869436	28120	0.105447336469419	0.105447336469419	0
0.964111328125	798148	0.43648663367906093	0.4473351401270557	0.35304992059805046	28254	0.09768372086806663	0.09768372086806663	0
0.912109375	1696854	0.5224021502913435	0.5301492515872793	0.40043931233357705	26224	0.11055131187083132	0.11055131187083132	0
0.89892578125	2035482	0.524633247101633	0.5303697402025934	0.4016606736439959	26948	0.08486346014549885	0.08486346014549885	0
0.8736572265625	1446194	0.4620838577314646	0.4705090503469244	0.3970759078007636	26272	0.0858846955716152	0.0858846955716152	0
0.836181640625	1377532	0.47931008276247655	0.48652838339889243	0.41052736058338013	25436	0.08658618892350885	0.08658618892350885	0
0.91357421875	1091630	0.4255092361052053	0.4360767351304065	0.3820197848699749	26250	0.09463195540943682	0.09463195540943682	0
0.9227294921875	1478458	0.5026353514567669	0.5089878626000254	0.39791840468222245	27424	0.10144128999740125	0.10144128999740125	0
0.9329833984375	838060	0.4210505849137147	0.43547807998317406	0.3593521932706036	26744	0.08568778723614358	0.08568778723614358	0
0.9329833984375	1392904	0.4884157355650128	0.49402760336316454	0.37198615499135484	26882	0.09088160022846604	0.09088160022846604	0
0.927978515625	1543358	0.5243525220486052	0.5306091267720485	0.38532579802440053	27876	0.07849082707209369	0.07849082707209369	0
0.8436279296875	2390138	0.3712784137501373	0.3794066301720216	0.42949788359766033	24768	0.07269444661512472	0.07269444661512472	0
0.89599609375	1256512	0.4530680496020385	0.46011728352476716	0.39156879208382783	26974	0.1051157365722012	0.1051157365722012	0
0.85107421875	1696100	0.513022965682501	0.5217165114025375	0.4190052031245019	26372	0.1147811689022347	0.1147811689022347	0
0.9404296875	1413776	0.4615196511364134	0.468201368752823	0.39889830659867864	28842	0.08443030691021763	0.08443030691021763	0
0.920654296875	1396760	0.5398168262710937	0.5507375377019676	0.37838206953552045	26558	0.10543949600756986	0.10543949600756986	0
0.9344482421875	1652640	0.4860945573371458	0.492225909466578	0.40324099029929	28386	0.09426995707149827	0.09426995707149827	0
0.9014892578125	1231742	0.38305070768936705	0.38952849944183626	0.380702278270304	26530	0.08110520511719231	0.08110520511719231	0
0.9014892578125	1356468	0.5326202184323571	0.5439764917083063	0.39548816666427117	26106	0.1255583492032161	0.1255583492032161	0
0.8961181640625	2108098	0.5196873950602847	0.5290939045902814	0.37010572947447323	25160	0.08994747271252397	0.08994747271252397	0
0.9398193359375	3537166	0.6090114985985665	0.6120905011373329	0.413469912051543	28172	0.10104331456030154	0.10104331456030154	0
0.9727783203125	1571698	0.5286836969134562	0.5342309627994858	0.38224108801807727	28674	0.09443005617771572	0.09443005617771572	0
0.9180908203125	1694118	0.5128185510562614	0.5162783964215375	0.396123312472988	27912	0.10401099020720306	0.10401099020720306	0
0.9700927734375	1210238	0.4814689698522221	0.49119993168509074	0.36435449501457	27156	0.09794216496523578	0.09794216496523578	0
0.91064453125	1676206	0.45122884941422375	0.4616616345271251	0.40792937741057295	27074	0.09688427514410176	0.09688427514410176	0
0.9329833984375	1455394	0.4740310442984323	0.4818003764597114	0.3767217903193391	26786	0.10696399667863878	0.10696399667863878	0
0.955322265625	1421894	0.5049899631429317	0.51129333115769	0.3574203280574471	26514	0.08904135045699717	0.08904135045699717	0
0.9046630859375	2923180	0.541166814494998	0.5436220696105979	0.40598264654318267	26770	0.08757713234259175	0.08757713234259175	0
0.959716796875	1219802	0.4364330890312506	0.451481395308517	0.3724720154793238	27536	0.0744958963102617	0.0744958963102617	0
0.9102783203125	1467534	0.4929439855267004	0.5013777797267548	0.39189528231869225	26808	0.09345998946927049	0.09345998946927049	0
0.8961181640625	1832624	0.5348400782360206	0.5415975285200711	0.386899069154726	26566	0.08686173645667926	0.08686173645667926	0
0.8883056640625	2181954	0.44065595148193676	0.4475301879961557	0.4038685077500462	26324	0.08832360992287862	0.08832360992287862	0
0.9625244140625	1885574	0.506070390767401	0.5127156366148448	0.3954021297116867	28378	0.09411615494563275	0.09411615494563275	0
0.955322265625	1828796	0.562242740577381	0.568921432906623	0.3798201156367782	27934	0.09207268331370605	0.09207268331370605	0
0.8515625	1350348	0.4509091968149386	0.45898819029158977	0.3754675111116295	26668	0.07903488314791447	0.07903488314791447	0
0.9180908203125	871106	0.40377935148443034	0.4184611416216024	0.37770189587719294	26476	0.1060099763953017	0.1060099763953017	0
0.9693603515625	1217654	0.4696059043282285	0.48098165876271387	0.375135113308841	27800	0.09438040636019364	0.09438040636019364	0
0.9315185546875	1667666	0.46538081222606703	0.4759445286544734	0.4049615210068192	28224	0.08330673674185536	0.08330673674185536	0
0.8883056640625	1172374	0.4189941497095675	0.43072819457164746	0.3819359415564938	25644	0.08960405997325195	0.08960405997325195	0
0.956787109375	1056124	0.4199797439614828	0.4336932044097195	0.39581077291532146	28498	0.10443896326527312	0.10443896326527312	0
0.91064453125	973818	0.39809681267609687	0.4106694467051448	0.37127622793471954	26216	0.08690196601603185	0.08690196601603185	0
0.8822021484375	1643692	0.49973981427649905	0.5050911798711795	0.3985455065272734	26542	0.1033476580032988	0.1033476580032988	0
0.8695068359375	1183848	0.5151415218127375	0.5211602550218536	0.39041545039129893	25880	0.10897021947733344	0.10897021947733344	0
0.9283447265625	812758	0.39044081451950324	0.40144281725741715	0.36752891673888183	26576	0.09782122345370192	0.09782122345370192	0
0.9329833984375	1206862	0.4187776642685744	0.42572858324675283	0.37891959054199736	28038	0.08081673404184812	0.08081673404184812	0
0.8748779296875	1120936	0.464678379458856	0.4709345818031159	0.3938988109306087	25704	0.10748004554001928	0.10748004554001928	0
0.9329833984375	1262136	0.4018447634893311	0.41288383630515324	0.3926382565617585	28040	0.07507249682028498	0.07507249682028498	0
0.9329833984375	1226660	0.45158473453512143	0.4622388630117959	0.395553678641722	27942	0.09155669198704498	0.09155669198704498	0
0.8792724609375	2105642	0.5387340294690081	0.5422268920481716	0.40585642431535623	26380	0.08355388423793042	0.08355388423793042	0
0.860107421875	2139568	0.4695994401150867	0.47341287285831646	0.4146234823015964	25894	0.09559027952211231	0.09559027952211231	0
0.9627685546875	1274534	0.5031323134987775	0.5160602015772963	0.37635270133712556	28532	0.09606980345780193	0.09606980345780193	0
0.9031982421875	1585470	0.5153179638388469	0.5210112725168157	0.40420407415693327	26982	0.1021188995302149	0.1021188995302149	0
0.9619140625	875010	0.4287350210918596	0.4406102212158199	0.367686433556504	28208	0.09537774455403476	0.09537774455403476	0
0.880859375	858412	0.3586964692941694	0.3714836076116788	0.37528349896975777	25888	0.07302906176292646	0.07302906176292646	0
0.9180908203125	2480778	0.47146257403402214	0.47537189628041254	0.4074882214250238	27854	0.09993408496280802	0.09993408496280802	0
0.92578125	1580922	0.5266590999920348	0.5373242196412155	0.4001919901897601	28230	0.0967268243915328	0.0967268243915328	0
0.9210205078125	4112418	0.5936930340455675	0.5944832969133468	0.4133822330278291	28336	0.07735322840855047	0.07735322840855047	0
0.8287353515625	2203230	0.4798339514737144	0.48537933942620154	0.43734882687874815	25796	0.08951203691410754	0.08951203691410754	0
0.97021484375	4466128	0.5314098732231237	0.533351291636753	0.42938457954260506	29590	0.08127926781723145	0.08127926781723145	0
0.9678955078125	2850206	0.5419548366552848	0.5460974014352398	0.41590168190642784	29298	0.08769132970150761	0.08769132970150761	0
0.8780517578125	1043212	0.4736652729713094	0.48072490225321163	0.3921785920645502	26746	0.11625155576534636	0.11625155576534636	0
0.9024658203125	874402	0.4392453839019115	0.4490198559149711	0.36216679513862077	25332	0.11120418747283341	0.11120418747283341	0
0.89599609375	1039616	0.4325929157703905	0.4403401747285533	0.36685085436413095	25136	0.09034491838912777	0.09034491838912777	0
0.8931884765625	1264722	0.4757733491922396	0.48421765225263	0.3797666409633695	26366	0.08062597481483309	0.08062597481483309	0
0.880859375	1010550	0.3936381968480768	0.4071803021272738	0.40450882973495056	26702	0.10794244881868824	0.10794244881868824	0
0.9404296875	2017128	0.5255299243838525	0.5305458486553781	0.3895209006819447	28046	0.10266966428925102	0.10266966428925102	0
0.8736572265625	1764424	0.4785415605737578	0.48432591743400283	0.39292282126081646	26194	0.07609437919034884	0.07609437919034884	0
0.94189453125	1500374	0.49642222650325735	0.504579681283931	0.3826182849838618	28196	0.09053936899513086	0.09053936899513086	0
0.962646484375	1257498	0.4872820042722074	0.49452086987046423	0.3880234471753537	28502	0.10661329077324334	0.10661329077324334	0
0.9295654296875	2488942	0.48753677446680266	0.49101560822106566	0.41158216889175286	27610	0.1045779870477518	0.1045779870477518	0
0.91064453125	1128870	0.4662718272430735	0.4774151734922776	0.37774730022772557	25916	0.08737532693193516	0.08737532693193516	0
0.913818359375	2279644	0.5728754632161711	0.5761419660539212	0.3808856879315843	26892	0.09701628255979124	0.09701628255979124	0
0.880859375	2782688	0.4289592631004064	0.4325928464668223	0.43768436722954424	26910	0.09968263959026256	0.09968263959026256	0
0.806396484375	1277338	0.45640116759517263	0.4665940717500423	0.40473357936762633	23498	0.09573561685566771	0.09573561685566771	0
0.9017333984375	799330	0.41552740876888655	0.422594580288233	0.3589089682463283	25342	0.08869681222935583	0.08869681222935583	0
0.9573974609375	1065550	0.4418249025121932	0.4534788667322535	0.38447286634453515	28892	0.09894377981546297	0.09894377981546297	0
0.899658203125	2234276	0.3483704200720364	0.35650783513256484	0.4020752215534951	26268	0.07716757195519967	0.07716757195519967	0
0.92578125	1451312	0.5347444670366882	0.5411447067913994	0.3723909498999145	27284	0.0833326905654503	0.0833326905654503	0
0.958251953125	2230212	0.4749292236514652	0.4829796603668575	0.4040083335504916	29306	0.10021225691891755	0.10021225691891755	0
0.9031982421875	1137186	0.4713503556760512	0.4793949246901088	0.3847260271295148	26694	0.102340760416244	0.102340760416244	0
0.9371337890625	797114	0.415470809211508	0.4327506430794607	0.3724288622893915	27164	0.11911345548292197	0.11911345548292197	0
0.8956298828125	2041494	0.5523671352762072	0.5575550505482707	0.39959941293016715	27480	0.08824301912350624	0.08824301912350624	0
0.9342041015625	856158	0.3994300653103358	0.4130008896728763	0.37181525821790856	26914	0.10613747610780007	0.10613747610780007	0
0.9183349609375	2417230	0.49661005756970833	0.5005843658248689	0.4057711101344441	27018	0.09048542973869551	0.09048542973869551	0
0.8287353515625	1573956	0.4354811713217254	0.44812903145553107	0.41127279136834893	24478	0.07916843508441497	0.07916843508441497	0
0.9222412109375	1490676	0.5266003921358245	0.5343561163134495	0.40859758967798937	28006	0.1411416439787369	0.1411416439787369	0
0.9617919921875	1290720	0.4392938146675868	0.4505813482920242	0.3832111802220544	27826	0.08879908814600712	0.08879908814600712	0
0.92578125	1679352	0.4894746693299718	0.49469197639959456	0.40318312210201657	28360	0.10946854173294207	0.10946854173294207	0
0.8212890625	755922	0.40800980458729735	0.41873187208045776	0.37776698025898686	23896	0.11110605638643344	0.11110605638643344	0
0.9647216796875	1102054	0.4475012302653101	0.45941829022566943	0.35481153825688444	27722	0.09141517507962056	0.09141517507962056	0
0.9610595703125	2599740	0.5597448576596367	0.5677471489463418	0.39908725506204856	29416	0.08571108210861052	0.08571108210861052	0
0.7691650390625	1199566	0.367678431256117	0.3749950372681459	0.41493172056165734	23076	0.08081531732032922	0.08081531732032922	0
0.806396484375	783450	0.31683787712107475	0.3304157418432698	0.3989868325511816	23944	0.09468540306304363	0.09468540306304363	0
0.9290771484375	1078198	0.4696439847270226	0.48054329661854117	0.3689928311412765	26390	0.11085503954984165	0.11085503954984165	0
0.93798828125	2066996	0.5542488447873698	0.5585634563879958	0.40144252571870337	27770	0.09863742287775888	0.09863742287775888	0
0.810791015625	904278	0.44232008270247875	0.447344906767181	0.40802917962233504	24402	0.11489116331019532	0.11489116331019532	0
0.9205322265625	1165216	0.48546298701671015	0.49282298575184796	0.3911745030922375	27098	0.12441394608056883	0.12441394608056883	0
0.927001953125	1251490	0.47858851792639534	0.48736802813596847	0.3717480652789822	27324	0.08803941775856831	0.08803941775856831	0
0.943359375	962746	0.43752193998671723	0.443668548838805	0.3460263637419825	27650	0.06590028025482128	0.06590028025482128	0
0.9049072265625	1112096	0.4225636995927882	0.4343779153125113	0.3814699112032782	25554	0.0951994215921816	0.0951994215921816	0
0.9404296875	890190	0.4722178185748063	0.481652112153202	0.3630250527412389	27394	0.11096955699323678	0.11096955699323678	0
0.8436279296875	2925404	0.4571145136991477	0.4621093744178259	0.44513259431036706	26492	0.08012969495214102	0.08012969495214102	0
0.8828125	2381040	0.5538815502423889	0.5591690129789025	0.39863011035212015	26454	0.07824198166738937	0.07824198166738937	0
0.9031982421875	1463222	0.4953272161871929	0.5019562584956181	0.38580649860700783	26438	0.10446833015204197	0.10446833015204197	0
0.8917236328125	1959764	0.4967318919994399	0.5029779728514293	0.4006347571941204	26648	0.08871086524561374	0.08871086524561374	0
0.9107666015625	2262328	0.5397512917908374	0.5452064524048411	0.3890282410833672	27452	0.07516263019349047	0.07516263019349047	0
0.836181640625	1774308	0.4986708778285805	0.507415028628208	0.41794044350971826	25578	0.08275280332038702	0.08275280332038702	0
0.889892578125	1106028	0.4588173616615119	0.4705687949332502	0.370099591027266	25184	0.09231578642874814	0.09231578642874814	0
0.880859375	2993838	0.5437586776835256	0.5477951035311809	0.4203853437352498	26254	0.11395514947417461	0.11395514947417461	0
0.8734130859375	1177420	0.4887357390739864	0.49711253552342116	0.38274933292704333	25506	0.11863608329816176	0.11863608329816176	0
0.9403076171875	1404700	0.4763898498729994	0.48314418751175703	0.3747612932153057	27632	0.09410511662487192	0.09410511662487192	0
0.880859375	1322202	0.45953732808408637	0.47060254706280924	0.377385155365837	26082	0.08446578632255543	0.08446578632255543	0
0.956787109375	1756936	0.5700371004714517	0.5778598596577708	0.37913911540198825	28102	0.11703174275513728	0.11703174275513728	0
0.9283447265625	1307078	0.474608058499232	0.48294627720571476	0.36981739472864056	26772	0.08954703270274472	0.08954703270274472	0
0.8817138671875	1638962	0.4265971038022751	0.43260110226467013	0.4015942289004286	27294	0.07917918877930134	0.07917918877930134	0
0.9031982421875	1492852	0.46391536338464306	0.47336427350370475	0.3901940304797679	26898	0.09093285828035073	0.09093285828035073	0
0.9493408203125	2667446	0.4251574007765817	0.43126501017102076	0.4120138681062715	28748	0.09662764877768155	0.09662764877768155	0
0.896484375	1770266	0.5036991496495196	0.5104660158593531	0.4028840478953049	27654	0.07403869708990203	0.07403869708990203	0
0.9404296875	2241854	0.4587415229894439	0.46742091781332523	0.4034013442168884	27480	0.09190109092529913	0.09190109092529913	0
0.925537109375	3121952	0.5273666735060157	0.5299293962337382	0.4268377945356079	28868	0.0954639918752519	0.0954639918752519	0
0.9522705078125	1068406	0.4417838109064769	0.4549699285228386	0.3865243674150287	28624	0.10583839487197712	0.10583839487197712	0
0.89599609375	925448	0.41540524424282116	0.4258468361619132	0.3745117748869844	25788	0.08911899340648721	0.08911899340648721	0
0.9210205078125	1516112	0.4724917689984484	0.47737538981905986	0.38597233393975555	26858	0.10556029573326188	0.10556029573326188	0
0.9398193359375	1186766	0.4557418536265318	0.4638763617262404	0.37636533706418723	27362	0.08745252822039336	0.08745252822039336	0
0.8822021484375	1983994	0.49327225650965995	0.49962990826001463	0.42015725976783563	26738	0.10227491389144049	0.10227491389144049	0
0.8515625	3034126	0.5246631451730611	0.5265481893559182	0.4216244991615848	25174	0.10607259107809008	0.10607259107809008	0
0.9478759765625	880882	0.43415883023939744	0.44605029847418987	0.3553063513949206	26744	0.09777493612370002	0.09777493612370002	0
0.8961181640625	1189066	0.4367063570073011	0.4507818159771379	0.36941422596053325	25860	0.09748486682332437	0.09748486682332437	0
0.929931640625	1461294	0.5127783391568992	0.5174858909303018	0.3894325009102156	28020	0.11657294761666086	0.11657294761666086	0
0.8734130859375	1684790	0.5260432103900966	0.533121124596627	0.38931258925173884	25458	0.09504775860024571	0.09504775860024571	0
0.9373779296875	2244324	0.553714915272933	0.5595040772325797	0.4190494022541518	29192	0.08989843812913044	0.08989843812913044	0
0.94091796875	1370130	0.44028659404253756	0.45348468630219435	0.40417598441671654	28526	0.08637961006493926	0.08637961006493926	0
0.880859375	1423974	0.4765997093103805	0.4859320902998261	0.3702153580376499	25316	0.07862318431120517	0.07862318431120517	0
0.8734130859375	2384972	0.4738371003682213	0.47790988224557224	0.413885316220952	25904	0.10148788594397752	0.10148788594397752	0
0.9404296875	1156728	0.46145070797085386	0.4725127011265056	0.38512843794669815	26786	0.10954317429318845	0.10954317429318845	0
0.9368896484375	1242834	0.3939100801219784	0.4039685239147273	0.3814125955211371	28034	0.08646881879845476	0.08646881879845476	0
0.9044189453125	2448630	0.5229000686489264	0.525061757018449	0.3926467379988801	27028	0.10755601022716497	0.10755601022716497	0
0.8929443359375	1448724	0.48202389796606093	0.4880311505360407	0.3959998263114721	25772	0.10263613056599812	0.10263613056599812	0
0.8436279296875	1353936	0.40887183141178646	0.4172944962590357	0.4147261049954432	24588	0.1401969600191151	0.1401969600191151	0
0.9031982421875	1210830	0.4711432313470725	0.4828008638920646	0.3702815281220045	25830	0.07617944888758924	0.07617944888758924	0
0.880859375	2186002	0.469993364050282	0.47415270454741293	0.41717613624366945	26092	0.08933840774450924	0.08933840774450924	0
0.925537109375	4117892	0.41395289715173283	0.41730632919037086	0.4409959090903919	28818	0.08103818402843434	0.08103818402843434	0
0.9552001953125	1240518	0.4610688478057487	0.4742533833639692	0.3757887883163815	27524	0.08806541081882234	0.08806541081882234	0
0.8734130859375	2391880	0.42113613014699003	0.4292136247900031	0.42804172717398603	26328	0.09156984450647733	0.09156984450647733	0
0.89599609375	2503154	0.4776822680521451	0.48305919721985563	0.4211121399561706	27582	0.10365266811438774	0.10365266811438774	0
0.895751953125	1498106	0.46307030300718166	0.47575730041171255	0.3986777618769548	26034	0.0958573557301962	0.0958573557301962	0
0.9031982421875	2465662	0.4260065567805862	0.43165751930741375	0.40619472809835716	26734	0.11282679429300435	0.11282679429300435	0
0.9404296875	1576092	0.4895988481180645	0.49901945288267496	0.3817854763350827	28340	0.08347982800061511	0.08347982800061511	0
0.9207763671875	2617014	0.5394424392627118	0.5453968454809132	0.37957465538157803	27650	0.0801199209091847	0.0801199209091847	0
0.92578125	1265842	0.4497723813899483	0.45879593466406937	0.3725899654523055	26414	0.08427586457622105	0.08427586457622105	0
0.9373779296875	862188	0.41964997454376357	0.43220566547951794	0.36954894492242957	26158	0.1054411943160945	0.1054411943160945	0
0.9537353515625	704088	0.3967888927583712	0.41504232027416155	0.34601423652071994	26276	0.09059324388715088	0.09059324388715088	0
0.7840576171875	712034	0.34437836339405753	0.35554066736825224	0.390961963974445	23046	0.08276796655412216	0.08276796655412216	0
0.937255859375	1331478	0.5068955893614776	0.5170012294867605	0.39546254035845935	28350	0.10918194217502987	0.10918194217502987	0
0.92578125	1568766	0.5039962869732361	0.5111621008289079	0.3925665974956476	27192	0.0948264712093218	0.0948264712093218	0
0.8734130859375	855102	0.43423563535587717	0.4474289383301311	0.39505697094010545	25800	0.11009051250178671	0.11009051250178671	0
0.9576416015625	2145012	0.5495214008925904	0.5530820000330307	0.4070312478827995	28458	0.09831596858983434	0.09831596858983434	0
0.8436279296875	841412	0.3659592220576091	0.3767752167529293	0.3880380041523597	24670	0.08250179207737583	0.08250179207737583	0
0.8287353515625	2337994	0.5250723484109135	0.5272524487209009	0.3974644368745725	24194	0.08539569884141225	0.08539569884141225	0
0.9312744140625	1585586	0.5147380830200793	0.5217419841919834	0.39335522965886766	27478	0.10932768813221529	0.10932768813221529	0
0.955322265625	1598136	0.5270981147897585	0.533542653233575	0.3837413294357981	28464	0.0840237790630556	0.0840237790630556	0
0.9493408203125	1307506	0.41176832174632333	0.42116122962508173	0.3871066844502886	28762	0.08571951085559826	0.08571951085559826	0
0.8961181640625	1234852	0.4843481988647118	0.4948670939073223	0.3808082615543984	25898	0.09561061270718174	0.09561061270718174	0
0.9493408203125	1854916	0.5131769650549731	0.5189548415352786	0.3965183859309203	28694	0.08838478153923168	0.08838478153923168	0
0.8707275390625	3982556	0.564445584193804	0.5660065828405044	0.4390044708131156	26666	0.0879267873911506	0.0879267873911506	0
0.9503173828125	1870516	0.5554422483311866	0.5594700204653568	0.39057986285951746	28602	0.09497638396860834	0.09497638396860834	0
0.910888671875	1531110	0.4289111855923269	0.4352161098076362	0.39240221723694796	26522	0.08737982954133332	0.08737982954133332	0
0.7840576171875	1001844	0.3929363273439976	0.4009881025170301	0.3921959879610492	22734	0.08322427277091236	0.08322427277091236	0
0.955322265625	1051508	0.48898761074233105	0.4974029324273008	0.3629785477304082	27544	0.0975051393031517	0.0975051393031517	0
0.9404296875	1173742	0.49305084400001614	0.5039772427112829	0.3757358190858473	27504	0.10497004485506456	0.10497004485506456	0
0.9161376953125	2855004	0.5374496319058101	0.540794784737236	0.416812239955975	27818	0.09759485509579648	0.09759485509579648	0
0.865966796875	748078	0.40350523823743484	0.41212150772475553	0.3766816508577823	24986	0.11135793780173425	0.11135793780173425	0
0.8614501953125	3066950	0.5793002557708992	0.582908461815941	0.431868955179032	26802	0.09259398628509606	0.09259398628509606	0
0.9039306640625	2395676	0.5862337418227782	0.596675787069844	0.3968422868627275	25656	0.09683280799628691	0.09683280799628691	0
0.916015625	1394378	0.5322526778985222	0.5350489632633004	0.38131970837201973	27654	0.08963000223274192	0.08963000223274192	0
0.8883056640625	3104384	0.5164400891660403	0.520727937494881	0.44466795774883033	27082	0.11508227364314554	0.11508227364314554	0
0.9449462890625	961902	0.4612374027526252	0.46730861396182605	0.3730179519312022	28536	0.09831257498566164	0.09831257498566164	0
0.73193359375	1192314	0.39850829872246707	0.4085856156862014	0.400694013966234	21328	0.08273013147520322	0.08273013147520322	0
0.7989501953125	672190	0.34273226796536366	0.35299629965287677	0.3867004414387922	23314	0.08225906959562486	0.08225906959562486	0
0.8436279296875	786022	0.3996518117363164	0.4114133823363066	0.39674588262288774	25556	0.11496833823648756	0.11496833823648756	0
0.958251953125	1842840	0.47443134143383925	0.48081559915626165	0.4101695850555724	29014	0.08964256282865567	0.08964256282865567	0
0.8961181640625	940722	0.3871734452525299	0.40181258557663524	0.37644898555406314	26538	0.09959285315708732	0.09959285315708732	0
0.8515625	2087084	0.505549143002939	0.5114801788732858	0.39159923337655744	26090	0.08875561934271559	0.08875561934271559	0
0.9432373046875	1207012	0.49481325545393035	0.5046041697798355	0.38822728329509265	27920	0.12091057142638972	0.12091057142638972	0
0.9329833984375	1534668	0.5054039157929936	0.5142605611321774	0.40049716610425096	27962	0.10724863310024015	0.10724863310024015	0
0.9261474609375	1133878	0.4477586940743376	0.45281430915869225	0.359562370622943	27508	0.08557026652043666	0.08557026652043666	0
0.9163818359375	1804412	0.5275220137404305	0.5326016472569394	0.4032327790257351	27492	0.09000858133971366	0.09000858133971366	0
0.9119873046875	1754512	0.5035627016258646	0.5082486106194314	0.40076764165365053	27406	0.09607779272168497	0.09607779272168497	0
0.89599609375	1915874	0.5545522433382336	0.5595827653115489	0.39576277372989305	26230	0.12241847565576802	0.12241847565576802	0
0.91064453125	1122812	0.39983991836361815	0.4161545002955356	0.3791288400351503	26272	0.10210690727277523	0.10210690727277523	0
0.9329833984375	2826544	0.366045785774413	0.3739005217051526	0.4173200137819257	27488	0.07025068681101776	0.07025068681101776	0
0.8753662109375	2052172	0.5094560143284389	0.5162205612590428	0.39509479514103546	26008	0.09404812299337277	0.09404812299337277	0
0.8763427734375	1370690	0.502676733960243	0.5099443854935338	0.37875397848838627	25948	0.09813696568137648	0.09813696568137648	0
0.9183349609375	1172612	0.48735291076738235	0.5000281755019372	0.3767375408336429	26204	0.09771069622017109	0.09771069622017109	0
0.82763671875	1979144	0.44042814840071026	0.4491101523052304	0.42236997762260403	24934	0.07892415366334767	0.07892415366334767	0
0.88330078125	985726	0.4166569546001178	0.4268129787346416	0.3902824375310021	26210	0.09634927632344707	0.09634927632344707	0
0.925537109375	1488014	0.4895654813026324	0.49653464333448794	0.40457695721130094	26892	0.12178387264834979	0.12178387264834979	0
0.8883056640625	1829370	0.49141632113238476	0.49755440221541153	0.4106046277405719	27136	0.0960572871571928	0.0960572871571928	0
0.895751953125	1111848	0.4394419968808511	0.4466430197694067	0.36793614647519607	26322	0.08505282959417565	0.08505282959417565	0
0.895751953125	2475710	0.525015099491018	0.528563691394803	0.4115206044671102	26330	0.10080217895560721	0.10080217895560721	0
0.9034423828125	1591264	0.46357621495742646	0.4734383724663904	0.3990282688352323	27344	0.09108306734710185	0.09108306734710185	0
0.919677734375	1127866	0.4381859539746238	0.4499859608130095	0.3649052251530723	26146	0.0963391667980295	0.0963391667980295	0
0.868896484375	1564946	0.5139974386490808	0.5209221048119149	0.4022883898019282	25830	0.12899479618526516	0.12899479618526516	0
0.9119873046875	1175518	0.42884340819625755	0.44068802363890014	0.3916176643740183	27454	0.08839730538816827	0.08839730538816827	0
0.84423828125	1368958	0.4663815425934386	0.47521775798085475	0.3726134952002919	24884	0.0843527089797765	0.0843527089797765	0
0.8714599609375	1447526	0.4363511551655148	0.4402977587319152	0.3967777598700071	25948	0.08682902269609051	0.08682902269609051	0
0.9478759765625	1932854	0.478626031607641	0.48687668787203847	0.3932818711067243	27922	0.08506314150158345	0.08506314150158345	0
0.865966796875	2152890	0.45033973553784645	0.4533307137765676	0.4073109936648538	25752	0.10639465574766815	0.10639465574766815	0
0.8885498046875	1479282	0.4467548172087556	0.45659241721340976	0.38983229313035667	26468	0.06796454879709722	0.06796454879709722	0
0.8955078125	848840	0.400030416037606	0.4137837150478592	0.37572787243915906	26240	0.10037241092838384	0.10037241092838384	0
0.9034423828125	1810998	0.5293216327012058	0.5339866436936362	0.414223287802749	27548	0.11263018962784953	0.11263018962784953	0
0.925537109375	2514538	0.5196309368044773	0.5266721761150001	0.4071620870205577	27520	0.08699013114832083	0.08699013114832083	0
0.9212646484375	1190796	0.44805196640506884	0.4617108877874568	0.3734148789827361	26694	0.10107183400336517	0.10107183400336517	0
0.91064453125	2229210	0.4171569012581409	0.42554239276313527	0.4148708638959658	27524	0.0769931557780001	0.0769931557780001	0
0.904296875	1506962	0.5291824553294432	0.5385460327188659	0.38648353648994666	26546	0.10228077070393564	0.10228077070393564	0
0.918212890625	1147952	0.4643772445352745	0.4703012552885139	0.3714757598240624	27084	0.08161095966016275	0.08161095966016275	0
0.94189453125	1522374	0.5239877580826985	0.5308564836521613	0.3878215844024884	28314	0.09400276930396367	0.09400276930396367	0
0.7840576171875	1076156	0.35914887103849885	0.37231778993402526	0.4231596924748038	23448	0.13742133191293165	0.13742133191293165	0
0.9356689453125	1729972	0.5178009595952033	0.5238252470209629	0.40095548180343005	27920	0.09881997153863586	0.09881997153863586	0
0.939697265625	1509944	0.4929302238792475	0.49945440319273526	0.3954519353816565	27544	0.12141458823313413	0.12141458823313413	0
0.92578125	1417210	0.4993619908508003	0.5093533104912201	0.37062199302869386	27552	0.08671432219098017	0.08671432219098017	0
0.9525146484375	1971998	0.4531999556526329	0.45998005049701374	0.39315659614730164	27964	0.0880879346861157	0.0880879346861157	0
0.905029296875	1679802	0.5484617051934226	0.5507853234064866	0.3951418989375091	26756	0.10088000218264974	0.10088000218264974	0
0.746826171875	1308604	0.40532660218443534	0.4152675139603015	0.41581950365622206	22078	0.09534931599118107	0.09534931599118107	0
0.8883056640625	1508538	0.4823863833207267	0.488112331685109	0.39547879729795915	26170	0.09378287625209743	0.09378287625209743	0
0.8212890625	2247806	0.3660938155579934	0.3719149379958842	0.43672751118460545	24858	0.07498040168534174	0.07498040168534174	0
0.91064453125	2144752	0.47574195235277067	0.4809241964361226	0.39657939514841667	26870	0.09074642579638137	0.09074642579638137	0
0.9600830078125	2444324	0.540449117869394	0.545635371936592	0.3705080854953328	28010	0.0854703854844986	0.0854703854844986	0
0.916748046875	2183436	0.564171491096929	0.5727611545768119	0.3842716981562355	27248	0.09908101748990926	0.09908101748990926	0
0.958740234375	1183772	0.3980410837986426	0.40638180428164444	0.3721853259696603	27796	0.07554324806403029	0.07554324806403029	0
0.9332275390625	2298912	0.4962055423897273	0.5007976256989534	0.4200165707393127	28382	0.1025271455815498	0.1025271455815498	0
0.9185791015625	3337904	0.5893024106993581	0.591406232226275	0.41030025110409163	27396	0.0859526957143551	0.0859526957143551	0
0.870361328125	2130798	0.5146713011966085	0.521195769334835	0.40385436820525594	25950	0.09891385828454279	0.09891385828454279	0
0.8515625	1748720	0.4545637810260564	0.4596530466821666	0.3830199477858997	25758	0.08659228366106568	0.08659228366106568	0
0.93212890625	3082958	0.5286662840612966	0.532639405079703	0.4208933272998409	28180	0.09608473538130552	0.09608473538130552	0
0.925537109375	2069310	0.5415738056184508	0.5454032368962113	0.3982409124326031	28016	0.09227951787039369	0.09227951787039369	0
0.887939453125	2838508	0.6072878346971293	0.6088434702219898	0.3966606651200759	26614	0.08380018959742946	0.08380018959742946	0
0.8515625	4045254	0.4787498179849896	0.4819840288416474	0.4210326157010517	26278	0.0952708929096072	0.0952708929096072	0
0.895751953125	1329844	0.4402750314421944	0.452730356854472	0.4074499562901967	27004	0.09337106603591729	0.09337106603591729	0
0.8924560546875	1739996	0.49248413426395593	0.5002203195090541	0.3795801572393818	26414	0.07432800997123394	0.07432800997123394	0
0.88427734375	1620912	0.4440305745670319	0.455248520728706	0.40654192208901513	26452	0.08822879063390195	0.08822879063390195	0
0.9228515625	1818740	0.5087104155698133	0.5124052016481289	0.4110918643397212	27844	0.10743039381108734	0.10743039381108734	0
0.943359375	1614210	0.48234798341940216	0.48628840578048765	0.380868634201984	28752	0.08564885030608223	0.08564885030608223	0
0.806396484375	2089110	0.36106894834052344	0.36880881968324286	0.4185054973451084	23898	0.09466358283969496	0.09466358283969496	0
0.9034423828125	1864366	0.5370423408815811	0.5430777824939527	0.40331705846507776	27506	0.12196675670135199	0.12196675670135199	0
0.9478759765625	1504060	0.43739870031355504	0.4457365333449914	0.3817860307346484	28280	0.07005659334426749	0.07005659334426749	0
0.9478759765625	2870774	0.4948943590211687	0.49834869408392196	0.41397129294617413	28778	0.08528877336326955	0.08528877336326955	0
0.9462890625	2941378	0.521673972918865	0.5254876341891414	0.3982850703572556	28340	0.08226287551816376	0.08226287551816376	0
0.8515625	762724	0.3885557922869611	0.39882185887153515	0.3521173644141334	24414	0.08381926211583281	0.08381926211583281	0
0.9427490234375	1528746	0.493020694706735	0.5004518023088591	0.38836200330541665	28274	0.10603191407194092	0.10603191407194092	0
0.9461669921875	1518698	0.5146504373163975	0.5249366211010741	0.37732206910687993	27856	0.07784731835328315	0.07784731835328315	0
0.8572998046875	1313064	0.5076599011728752	0.5119268232467877	0.40698182966593416	25784	0.11687228240220988	0.11687228240220988	0
0.836181640625	1221226	0.4596182877763772	0.46815841893147353	0.4001739580693418	25692	0.08677070859811349	0.08677070859811349	0
0.9417724609375	2661150	0.5556724495308789	0.5574023481956959	0.4273190859814718	28520	0.08265559975486463	0.08265559975486463	0
0.8212890625	1252528	0.4243230699346514	0.4325607514150118	0.413293711120531	24266	0.09245520195132877	0.09245520195132877	0
0.7021484375	890836	0.297551500763604	0.30572060219026015	0.3940018350614152	19550	0.053289721752097896	0.053289721752097896	0
0.8663330078125	867010	0.4083570470982217	0.4193737018476084	0.37006699595132503	25008	0.08390699237948152	0.08390699237948152	0
0.94140625	1133300	0.46583962093806525	0.4741404184295161	0.37158394990217275	27686	0.09553290919574813	0.09553290919574813	0
0.9404296875	953936	0.4122637720967958	0.425181297214722	0.3728061639882456	27398	0.09613748573890483	0.09613748573890483	0
0.880859375	1072508	0.5159448893056273	0.5205779222313851	0.38374255762106774	25874	0.12035865723705484	0.12035865723705484	0
0.85107421875	3605562	0.4769132301243293	0.48236258477708027	0.45411355873162473	25696	0.12803780982797888	0.12803780982797888	0
0.9049072265625	2614488	0.5378612565191484	0.5441128044285862	0.4126738630790985	27252	0.09111731526536239	0.09111731526536239	0
0.924072265625	893312	0.4597102578063783	0.4638992009214918	0.37297089267534894	27832	0.09939163324097368	0.09939163324097368	0
0.9478759765625	1533986	0.4759227070555934	0.48321733814047635	0.3960482313786511	28442	0.09569362222722962	0.09569362222722962	0
0.933837890625	2080570	0.5166967695426051	0.5243945625980247	0.40717894411188227	27378	0.09954848667798116	0.09954848667798116	0
0.909423828125	1160840	0.46303602432271346	0.47390424404921966	0.37992897347218674	26612	0.08265829240381452	0.08265829240381452	0
0.9254150390625	1349090	0.43722738993711846	0.449634891193593	0.3952937595878189	27530	0.07970725656823173	0.07970725656823173	0
0.865966796875	1444708	0.47406202496865113	0.4860453397896503	0.40411634494951126	25596	0.08718234699869974	0.08718234699869974	0
0.9493408203125	1412690	0.4787251425914472	0.4876451992826234	0.3937573191083268	28364	0.11563542685153293	0.11563542685153293	0
0.9630126953125	1549576	0.5263539852224198	0.538346234938874	0.36874356311069123	27094	0.09534666246185014	0.09534666246185014	0
0.8958740234375	1495844	0.5279915163151129	0.5335603325931552	0.3940058190935514	27048	0.09974805162539618	0.09974805162539618	0
0.9095458984375	1711506	0.5064154294331679	0.5116417362288631	0.39320330934173847	26320	0.10784962328253138	0.10784962328253138	0
0.836181640625	1085232	0.37354101898008607	0.3883398393583625	0.4026862520074308	24858	0.07669184700376931	0.07669184700376931	0
0.871337890625	1809482	0.5002827165704262	0.5079777704510838	0.42418702468402575	26584	0.08580496525615715	0.08580496525615715	0
0.8807373046875	1329054	0.4369218171583071	0.44648375517301847	0.41485991223486396	25928	0.1118131749721033	0.1118131749721033	0
0.9329833984375	1752912	0.5377169178571661	0.5433518557963751	0.38462262885060183	27036	0.10232601849643118	0.10232601849643118	0
0.867431640625	2280182	0.4967575095172993	0.4997391331752636	0.42178887495471024	26052	0.10523770263601318	0.10523770263601318	0
0.8621826171875	1282498	0.40189023847707145	0.40669358648159076	0.39033359196011425	25908	0.08121545134671118	0.08121545134671118	0
0.8436279296875	1469976	0.49357608281158954	0.5037928296310525	0.39848526133833423	24536	0.1309038140170937	0.1309038140170937	0
0.941650390625	1771154	0.5643896191731673	0.5687057905652008	0.390811476525535	28462	0.1100179735229941	0.1100179735229941	0
0.959716796875	1560368	0.4950223169502211	0.500087683894031	0.3790977506873845	29166	0.08793970216575037	0.08793970216575037	0
0.89501953125	2744136	0.5227726149293291	0.5295028285344813	0.4186598065382023	27376	0.10532387252846696	0.10532387252846696	0
0.925537109375	1181408	0.4876785227135634	0.4937562654620579	0.3791359478623159	27794	0.091150936235591	0.091150936235591	0
0.973388671875	1020496	0.509660883484255	0.5161364788036849	0.32170313999256034	26820	0.08643339266562555	0.08643339266562555	0
0.9505615234375	864182	0.4373139865234099	0.45863995160562254	0.34959643472410745	25802	0.08780096092082823	0.08780096092082823	0
0.9404296875	2785348	0.5188964982964277	0.5225921587023129	0.42104870519900633	28306	0.10239352074632663	0.10239352074632663	0
0.8734130859375	866588	0.3894474109465928	0.39925750312632413	0.3700129554746608	25494	0.0891286720874494	0.0891286720874494	0
0.931396484375	3031006	0.5414010841479596	0.5454563724686098	0.41196333703413623	27626	0.08363726390309802	0.08363726390309802	0
0.896484375	1449368	0.4888667863081286	0.49673676254318994	0.36573153817922893	25770	0.0758012293537124	0.0758012293537124	0
0.9505615234375	1482722	0.5004115969578391	0.5057311038170286	0.37766552014081983	28038	0.09306071084335722	0.09306071084335722	0
0.9180908203125	1587776	0.4855037012354855	0.4936662001810712	0.4037117803699552	27378	0.0918841113853288	0.0918841113853288	0
0.8883056640625	2807920	0.5004532887967511	0.5053435210435328	0.4241671348069204	26984	0.09175648167218169	0.09175648167218169	0
0.76318359375	1171428	0.41855407938606337	0.4279206563281451	0.42126106597217045	22962	0.1207514955781233	0.1207514955781233	0
0.8734130859375	2174008	0.4473472305221606	0.4539912940531141	0.41520314287243804	25784	0.0962381572631334	0.0962381572631334	0
0.9329833984375	2864002	0.5143350270959123	0.5186051474942385	0.4202505542324548	28360	0.09415403085340425	0.09415403085340425	0
0.9493408203125	1457304	0.4864085099790974	0.4953394456739158	0.3917284935237302	28204	0.1012138645635819	0.1012138645635819	0
0.93896484375	1296836	0.4738466061824837	0.4820732485818471	0.3921953684104189	28760	0.09624817407045483	0.09624817407045483	0
0.7840576171875	1588634	0.3387101895460598	0.3451980051138848	0.43217264573541186	23792	0.0943499327992215	0.0943499327992215	0
0.94482421875	1209894	0.5030341102473505	0.5130226286325082	0.3726805241654383	27002	0.11028426977706829	0.11028426977706829	0
0.8587646484375	1711542	0.4923311520561071	0.49710306011352823	0.4297121833620133	26298	0.10772730050705032	0.10772730050705032	0
0.908935546875	1398916	0.493840580956827	0.5030495879480713	0.37335258154357104	26042	0.11486730458912046	0.11486730458912046	0
0.8515625	1212028	0.47679953285963755	0.48187830534718684	0.37780620394955955	26134	0.09890874303117476	0.09890874303117476	0
0.888916015625	3699946	0.48367316139481337	0.48820166631678413	0.4379285778547739	27208	0.08756810939036298	0.08756810939036298	0
0.91064453125	945152	0.4568467682027368	0.46400373836640485	0.37352415275116774	27076	0.08912895265032929	0.08912895265032929	0
0.9217529296875	1009252	0.46917936958817513	0.4780388637252106	0.3611866300541268	25876	0.11811295755831978	0.11811295755831978	0
0.925537109375	2958582	0.550226864264274	0.5534284264499256	0.408190597471274	27506	0.0954645311545488	0.0954645311545488	0
0.9642333984375	832308	0.4716451730372866	0.48254781168269467	0.3483343793774459	27310	0.10132030696798018	0.10132030696798018	0
0.8662109375	1110012	0.4439215905721958	0.4510435829334674	0.37815082045415654	25502	0.09469581545031013	0.09469581545031013	0
0.9598388671875	1262324	0.4962540335308398	0.5032257591941759	0.39217280691567225	28356	0.11254874652428144	0.11254874652428144	0
0.84814453125	1424898	0.4484789692089153	0.45563308397330027	0.4019885732172405	24794	0.08009986705080396	0.08009986705080396	0
0.9493408203125	1188800	0.49728758435881404	0.5095384516745383	0.3747101024701595	27860	0.10365190565141687	0.10365190565141687	0
0.9139404296875	1534782	0.46731059582020446	0.47584195276371677	0.3995210964005602	27212	0.10032678564793655	0.10032678564793655	0
0.934326171875	1449250	0.48888366199650307	0.4957286909642857	0.39144653435273663	27776	0.09367498527413311	0.09367498527413311	0
0.91357421875	2278756	0.537652284387583	0.5423856623279236	0.4178217555389785	28340	0.08761586980380265	0.08761586980380265	0
0.955322265625	1784080	0.5480928037365436	0.5572266110940348	0.3863491905813867	27020	0.10277852968171841	0.10277852968171841	0
0.955322265625	1283976	0.43397989282391064	0.44305110291477834	0.371790465118161	28004	0.07628931545111199	0.07628931545111199	0
0.91064453125	1480588	0.47329145955471974	0.48036052118927364	0.40764317323675536	27402	0.09578793824587302	0.09578793824587302	0
0.8961181640625	868664	0.429717689040877	0.43976716870991545	0.38799358819250873	26880	0.10946209187692711	0.10946209187692711	0
0.92578125	1151732	0.40040857834220556	0.414561330319551	0.39285291530593897	27146	0.09538502787440024	0.09538502787440024	0
0.7691650390625	1381728	0.43378705463348705	0.4449419299276079	0.37913785357924373	21962	0.09713284189392431	0.09713284189392431	0
0.89599609375	1460638	0.5032993648647798	0.5131482389622948	0.3823347923071512	26358	0.09626003444778362	0.09626003444778362	0
0.9031982421875	2157844	0.5890270314614544	0.5940977420397854	0.4211012077322043	27432	0.1125315037227813	0.1125315037227813	0
0.9063720703125	1077110	0.5009865026816814	0.5083246902122762	0.3434901039481694	25292	0.08916659086920603	0.08916659086920603	0
0.8961181640625	924800	0.431135642511738	0.44108120437172543	0.37178321290816485	26198	0.10462428480301798	0.10462428480301798	0
0.94677734375	1969316	0.5731354598883741	0.5767485811252173	0.387502645694181	27890	0.12091370806482012	0.12091370806482012	0
0.93310546875	1774636	0.49452889310724885	0.5056168862088203	0.4053148142599814	27902	0.08829695016727412	0.08829695016727412	0
0.8436279296875	1026496	0.3746430555269353	0.38482261862607287	0.3930980554547183	24126	0.10345122563770132	0.10345122563770132	0
0.8985595703125	3254874	0.5616716291275493	0.5642569721142151	0.42954306127337377	27118	0.09846755156879317	0.09846755156879317	0
0.881103515625	1140334	0.41699057156006564	0.4300401919280228	0.3777855040158084	25518	0.08579396010812503	0.08579396010812503	0
0.806396484375	1360312	0.37891906041757334	0.3893940326181191	0.4094062075891663	23796	0.09315899575194585	0.09315899575194585	0
0.9180908203125	2599168	0.585332097446346	0.5881018321695695	0.40930220294674596	27184	0.11854847936520639	0.11854847936520639	0
0.92578125	1393126	0.45528319701009945	0.4613387377971152	0.3822889854589005	26760	0.10698815914078243	0.10698815914078243	0
0.9404296875	2219450	0.48837497367075144	0.49651102636340566	0.40294344570674	27368	0.09208628708056898	0.09208628708056898	0
0.92578125	2385520	0.5664025408140351	0.5740573941250752	0.39734083460438246	28234	0.08557484156297446	0.08557484156297446	0
0.9031982421875	2138328	0.46686402499989904	0.4710843184208924	0.3995215301300954	26626	0.09482738942501871	0.09482738942501871	0
0.8927001953125	1410402	0.4903508345428224	0.5004014287109259	0.38519816428618087	25888	0.08592182947502153	0.08592182947502153	0
0.9119873046875	2567448	0.503250015456992	0.5078610787040153	0.4099650304664255	27486	0.0847886593818361	0.0847886593818361	0
0.8936767578125	2045258	0.4975721578834255	0.5031575844486544	0.4119818966620468	26548	0.07616825753072413	0.07616825753072413	0
0.8585205078125	1444556	0.521817011088467	0.5283617848931341	0.3873076036836613	24862	0.09805008095707123	0.09805008095707123	0
0.925537109375	1769324	0.4825135397832023	0.48899841648099324	0.3925101363478472	27336	0.08892405664462742	0.08892405664462742	0
0.9180908203125	883892	0.4147563559812468	0.4270199912786969	0.36981095758456556	26556	0.0913942166853597	0.0913942166853597	0
0.806396484375	1074704	0.4256244513946306	0.43469375106384817	0.4003155001109131	23590	0.11233702302820409	0.11233702302820409	0
0.831787109375	1780930	0.45440322233766633	0.4635755721093621	0.42450123288288144	25218	0.1108181392835529	0.1108181392835529	0
0.94677734375	1670008	0.5725336585229571	0.5793083056994891	0.37640243510104204	28126	0.10477903777766706	0.10477903777766706	0
0.837158203125	1298526	0.5196068832155056	0.5274042179058286	0.39358351099333594	24168	0.11919357375366725	0.11919357375366725	0
0.9512939453125	2143692	0.5068028893958344	0.5115307537629116	0.3564921368233757	26786	0.07646591875848639	0.07646591875848639	0
0.7989501953125	1137830	0.47211949551169524	0.4801575188377027	0.40156524257971293	23758	0.09734292129395457	0.09734292129395457	0
0.8914794921875	1783650	0.5392398175439764	0.5425475363284201	0.4011493217554715	27038	0.0829251260028862	0.0829251260028862	0
0.85888671875	1150166	0.4223194059453357	0.4300634581982911	0.39647881199008167	25594	0.08468575737025646	0.08468575737025646	0
0.933837890625	1767150	0.5606802351266302	0.570198388194155	0.38321667685871647	26972	0.0960374263958233	0.0960374263958233	0
0.9024658203125	1675542	0.5385745149080898	0.5448418591544592	0.38364848782586664	26550	0.0952221944215143	0.0952221944215143	0
0.9031982421875	1003426	0.4548523589682241	0.4688245543303336	0.3634360748977898	25150	0.09900970542435526	0.09900970542435526	0
0.8515625	1335126	0.49438517021240064	0.49946244420549296	0.3570968518334792	24212	0.09705572124932686	0.09705572124932686	0
0.9404296875	2844156	0.45892823353989015	0.46484567077671873	0.4170425396565978	28130	0.1045591815052294	0.1045591815052294	0
0.91455078125	1042478	0.44077403362482714	0.45511940205838153	0.38748043589556275	27236	0.11314045865577442	0.11314045865577442	0
0.85107421875	869390	0.3702521927677033	0.382429874042272	0.39614751446620916	25176	0.08487010037678706	0.08487010037678706	0
0.92578125	993348	0.38756031398814	0.3997907409396247	0.37731602650137414	27240	0.08486938857966879	0.08486938857966879	0
0.9459228515625	3010174	0.5416349622057333	0.5463077588870444	0.42723478008547594	29130	0.08735940080704678	0.08735940080704678	0
0.928955078125	1450298	0.47857210481589485	0.4844683708603068	0.3884328788794355	27532	0.10115124869348487	0.10115124869348487	0
0.931884765625	2207048	0.5105100054129806	0.5185220865686266	0.3902106392140594	28180	0.08958701794077029	0.08958701794077029	0
0.8212890625	828430	0.32968903122369186	0.3454478646102645	0.39348467132559334	24146	0.06560598668889982	0.06560598668889982	0
0.8436279296875	1100364	0.4415841730743016	0.4494572184472169	0.3956876043628234	25160	0.09261894253914778	0.09261894253914778	0
0.914794921875	2289022	0.43833624474287936	0.4468620410291147	0.42106809501008474	27942	0.11210870290024798	0.11210870290024798	0
0.880859375	1414396	0.5116041597803952	0.5173447432750539	0.38627691045278706	25976	0.07792168510051058	0.07792168510051058	0
0.92626953125	1433458	0.5081179392717927	0.5177263162419588	0.36932834427142086	26910	0.0927037210390639	0.0927037210390639	0
0.88232421875	2485478	0.5076558507881226	0.5146517062365985	0.4191252456320482	26370	0.0821180220654421	0.0821180220654421	0
0.776611328125	1157776	0.3570998226012714	0.36617433942126715	0.4209078291994542	23166	0.09675911482811818	0.09675911482811818	0
0.940185546875	864128	0.4106476618826782	0.42117737799637167	0.36313397881870757	26870	0.09790902908129835	0.09790902908129835	0
0.9642333984375	1525364	0.563062728862462	0.5718998259363989	0.3865018732100365	28040	0.10923624174537831	0.10923624174537831	0
0.89599609375	808016	0.42663104166563715	0.4369885198504913	0.3720803639382207	26358	0.09146888987600336	0.09146888987600336	0
0.904541015625	856942	0.45457460327722493	0.466210301857334	0.35919144019011257	25726	0.1077354373622404	0.1077354373622404	0
0.88818359375	1759516	0.5202689753775943	0.529004659995483	0.4081441739907011	25792	0.08548652106896924	0.08548652106896924	0
0.8436279296875	1099808	0.4460990804106369	0.4553014511598182	0.3949883625101507	25196	0.1278239043056658	0.1278239043056658	0
0.880859375	1615290	0.44898215020039883	0.4588377493045173	0.40452061984755944	25136	0.11790806697282484	0.11790806697282484	0
0.9329833984375	978428	0.44102564802602723	0.450904932868114	0.37502741203382817	27986	0.1010531579378194	0.1010531579378194	0
0.8212890625	1515954	0.4350841679911808	0.44515575305525457	0.4212169039262567	25146	0.11801000792372483	0.11801000792372483	0
0.9329833984375	1390372	0.40617895672383536	0.41363220195164585	0.3784838324208076	26586	0.08658629470827749	0.08658629470827749	0
0.925537109375	893252	0.44406294900787774	0.45484908396356066	0.36423829268588587	26322	0.10420612403937633	0.10420612403937633	0
0.882568359375	1425278	0.5076961035230357	0.516105165604415	0.38712565507182334	25856	0.09293426857101376	0.09293426857101376	0
0.927978515625	1747670	0.5474447905064724	0.5522635197355108	0.4050739095754055	27858	0.10265374101012599	0.10265374101012599	0
0.955322265625	2209946	0.4529314976869811	0.4638138671474568	0.39796311735599704	27640	0.09491785056899466	0.09491785056899466	0
0.9329833984375	2792458	0.515036930334477	0.5189954624700691	0.41238385648317744	27718	0.09064595022554532	0.09064595022554532	0
0.9376220703125	2100382	0.5180872950674509	0.5238797994919825	0.4044012799498469	28148	0.1011370556732377	0.1011370556732377	0
0.93310546875	1533452	0.5138925204318265	0.5233268618708938	0.39949001284544056	28744	0.09875681202310378	0.09875681202310378	0
0.94189453125	1333570	0.43261001922364417	0.445076052178623	0.3978497028199843	28756	0.08315596972088489	0.08315596972088489	0
0.895751953125	949390	0.4283526332191688	0.43941774564042485	0.3817441243942981	26286	0.09078739560193026	0.09078739560193026	0
0.955322265625	2864644	0.5592109260619474	0.566104319807284	0.41035117503371343	28690	0.10070157235927986	0.10070157235927986	0
0.7542724609375	616950	0.32718401443615014	0.34333831734233033	0.38310093134993917	20640	0.06821762791022411	0.06821762791022411	0
0.961181640625	1341354	0.48325607434798007	0.4912433112314791	0.3887013023641998	29144	0.11010891186570892	0.11010891186570892	0
0.865966796875	1648350	0.5161364501433711	0.521311432887542	0.39414739113104375	25526	0.11456969040096741	0.11456969040096741	0
0.9075927734375	2057034	0.5348539859465361	0.5399578362501231	0.4082761385497022	27036	0.09826137696230981	0.09826137696230981	0
0.9329833984375	1243196	0.484621931961921	0.4948141570388573	0.37957968972570727	27536	0.08830897325591382	0.08830897325591382	0
0.9239501953125	1566610	0.4782605782880401	0.4848015873741021	0.3938734034691989	27992	0.08271124823571342	0.08271124823571342	0
0.88818359375	3999078	0.5257838816502446	0.5283696598493388	0.4278570125359659	26736	0.1009716367539229	0.1009716367539229	0
0.9393310546875	1824834	0.5052508102921764	0.5093609077474884	0.3895778891753267	28482	0.10135741290939497	0.10135741290939497	0
0.9031982421875	833592	0.39046300884772833	0.4066638420948634	0.3575914220572743	24948	0.07809634578361656	0.07809634578361656	0
0.923828125	1444116	0.5104988878912035	0.5175408924768534	0.38615556387277944	27992	0.10515148935027012	0.10515148935027012	0
0.9404296875	1516474	0.5024108837798221	0.5058359271969776	0.3818202893256426	27378	0.10139162282874824	0.10139162282874824	0
0.9180908203125	2220162	0.5397733036557445	0.5471306738964457	0.4195843365626977	27872	0.08707284397502814	0.08707284397502814	0
0.903076171875	3246756	0.5690798392959624	0.5712105632253482	0.4299259943669604	27440	0.09853424061927614	0.09853424061927614	0
0.9344482421875	1067176	0.4906892592318585	0.4948581833066707	0.3523935348154977	26686	0.10136099227867408	0.10136099227867408	0
0.865966796875	952520	0.3933798977443355	0.4065565267653822	0.3997684844080034	26002	0.10469421111131387	0.10469421111131387	0
0.9329833984375	1270336	0.42995935425769716	0.44023090404515464	0.3865160205333484	28236	0.09481571864630504	0.09481571864630504	0
0.9088134765625	1523160	0.48175782017833674	0.4906928694032591	0.3940971170884109	26550	0.08089547809259758	0.08089547809259758	0
0.7315673828125	1558808	0.445856790983479	0.4498431032490733	0.4167708570629674	21332	0.13982145822847106	0.13982145822847106	0
0.895751953125	3124590	0.5432597987869169	0.5466972975811842	0.4334722343517819	27142	0.08464138817540351	0.08464138817540351	0
0.92578125	1517918	0.4591735662624208	0.4712944620904285	0.3946441231212086	27558	0.09802270302384808	0.09802270302384808	0
0.8468017578125	1390990	0.3975968408503088	0.4074942862171375	0.406843628228462	24720	0.08319174150156149	0.08319174150156149	0
0.927001953125	1362946	0.4517350722821258	0.4620858578160436	0.3915661024347043	27826	0.08557976449471827	0.08557976449471827	0
0.9404296875	972538	0.444366230551448	0.46286862188546624	0.3749182215276761	26822	0.10082812558555491	0.10082812558555491	0
0.9329833984375	2964768	0.4992621218863611	0.504765726113214	0.4185191469767089	28172	0.07677193254983739	0.07677193254983739	0
0.9404296875	1280566	0.4685784173212862	0.47620170220544383	0.38990713463182725	27828	0.10026875808136056	0.10026875808136056	0
0.9404296875	2736438	0.47160017016966	0.47823777658851824	0.42152405385834557	28542	0.08528798758486959	0.08528798758486959	0
0.92578125	1413692	0.46828069078828577	0.47896583744553123	0.3869824312559791	27234	0.10443822176070101	0.10443822176070101	0
0.865966796875	2386006	0.471948631173663	0.4763786679309168	0.4198463751117869	26102	0.07104947034824584	0.07104947034824584	0
0.9642333984375	1641838	0.4496889173201328	0.4585171331235096	0.3842907827580307	29032	0.06791796767115478	0.06791796767115478	0
0.92578125	1715224	0.560573239724606	0.5630068942056391	0.3904639132456951	27914	0.10482328991711598	0.10482328991711598	0
0.9195556640625	2592750	0.5461991202481199	0.552067234038165	0.39913596308909893	26908	0.09860579989037765	0.09860579989037765	0
0.9404296875	949308	0.4135107774773077	0.4247462673146811	0.37835717823059056	27624	0.08709057099416423	0.08709057099416423	0
0.958251953125	2794272	0.4551582232324909	0.45994375836549845	0.40616171043236915	28502	0.09925303317208524	0.09925303317208524	0
0.90380859375	1380624	0.44663413006404956	0.45637912545421866	0.40300592210536873	27438	0.09799310393544648	0.09799310393544648	0
0.9329833984375	1217812	0.4092650022737059	0.4186194873863303	0.39126333153122567	27890	0.08791532695586741	0.08791532695586741	0
0.92578125	879318	0.38780817226729375	0.40027380793036055	0.366737600394158	27122	0.10221822328700576	0.10221822328700576	0
0.836181640625	1141022	0.4559390773685766	0.46297373608080944	0.3852728683575042	25012	0.10118555712781589	0.10118555712781589	0
0.8436279296875	841812	0.38704487101473056	0.4014647559846168	0.39086101273028856	24178	0.11108379515661354	0.11108379515661354	0
0.9326171875	1401212	0.4698126091708217	0.47605851253522463	0.37978057151554995	27482	0.0961437235329008	0.0961437235329008	0
0.947509765625	1474620	0.49898881079514595	0.5109995543893499	0.3938481122945916	27592	0.1164121082650174	0.1164121082650174	0
0.956787109375	2158438	0.49590305112003324	0.499629983143119	0.3979312880282711	28128	0.10811323397714599	0.10811323397714599	0
0.900634765625	3333750	0.5655373081763281	0.566801690579057	0.41118136963686247	27330	0.09724822218424878	0.09724822218424878	0
0.9329833984375	1242234	0.4948348055191929	0.4995944245797437	0.3837529968562552	28322	0.10356959246127484	0.10356959246127484	0
0.9052734375	2504556	0.5898279270073965	0.5962001765627368	0.39963780480596617	26972	0.09448543834802466	0.09448543834802466	0
0.947265625	1261532	0.4543406838686252	0.4652085355889193	0.3644928114725245	27258	0.07455373066649919	0.07455373066649919	0
0.92578125	1779840	0.5475971025892494	0.5494615487982624	0.40006227011307743	27718	0.09453526215872247	0.09453526215872247	0
0.935302734375	3188290	0.5730530985093948	0.5785544509559746	0.41361572849639533	28712	0.08935316424268147	0.08935316424268147	0
0.85107421875	1095830	0.4621714211089734	0.4697967961837211	0.39670592241219765	24812	0.11834336392708643	0.11834336392708643	0
0.9329833984375	1440110	0.4562166833829493	0.4657445694242461	0.3832143010313182	27506	0.08138045302346283	0.08138045302346283	0
0.8927001953125	1476710	0.5064104176476715	0.5099233256025609	0.38854314763177733	26532	0.08414726812506894	0.08414726812506894	0
0.903076171875	1762710	0.5502575851168076	0.5567254909155831	0.38092712374284066	26448	0.09026354278478999	0.09026354278478999	0
0.8138427734375	799190	0.33637743587610935	0.3486092124935367	0.38459468100622035	23086	0.07329491130030426	0.07329491130030426	0
0.9180908203125	3984028	0.4133215335286416	0.41764402752943597	0.43477024777657197	28226	0.06903516619225729	0.06903516619225729	0
0.955322265625	834564	0.4340903944829373	0.45266677624620993	0.365741909737155	27410	0.10609723603397402	0.10609723603397402	0
0.900390625	1375732	0.5000071784552486	0.5053170792915848	0.3721189359798227	26188	0.11305210038435244	0.11305210038435244	0
0.9031982421875	3563800	0.5100321214204605	0.513624134245721	0.4270250493084829	27822	0.09802638555682132	0.09802638555682132	0
0.88671875	1177032	0.38446458781742926	0.393599363803159	0.3860535277794082	26426	0.07527742174166999	0.07527742174166999	0
0.9329833984375	2519158	0.5279143988424341	0.528381460979394	0.42820912162461894	28874	0.08895039985763303	0.08895039985763303	0
0.90478515625	1476850	0.4145535242587493	0.425014931146958	0.39677990683113373	26846	0.08731143080245986	0.08731143080245986	0
0.92578125	1125994	0.4663323536445292	0.47585313329588597	0.3709720406426213	27284	0.10285981612091498	0.10285981612091498	0
0.76123046875	823240	0.3288885439488373	0.3419889504554359	0.4185498140759217	23012	0.09068869011088017	0.09068869011088017	0
0.933837890625	1540606	0.5389919042808573	0.5459549491407762	0.37730630913963337	27154	0.10907012609278433	0.10907012609278433	0
0.910888671875	1224680	0.4684555049567937	0.4763058650926805	0.38281906675006167	26732	0.08252083657744538	0.08252083657744538	0
0.848388671875	1652606	0.5304855355390783	0.5384753575758552	0.3906571961113674	25020	0.0859076641804656	0.0859076641804656	0
0.9447021484375	1372978	0.5172579141045567	0.5247711667498202	0.37111227033143934	27152	0.11216346005183479	0.11216346005183479	0
0.84033203125	1081242	0.48638004865993634	0.49327870391087675	0.38799514910771743	24940	0.09702815452941586	0.09702815452941586	0
0.9404296875	1316632	0.47271557686703214	0.4815915086524975	0.3794987679895499	27852	0.08892156799797067	0.08892156799797067	0
0.95751953125	1224502	0.4911717586992023	0.5027872873188065	0.3650568572009849	27088	0.10327440854300447	0.10327440854300447	0
0.92578125	1104726	0.4299117848970007	0.44018485557457865	0.3639187054128288	27104	0.08243371183189008	0.08243371183189008	0
0.9329833984375	2039964	0.4730333784216499	0.47738282441458074	0.39484917749903775	27314	0.08758517489824785	0.08758517489824785	0
0.9573974609375	1459260	0.5006747545233614	0.5110045347108368	0.3672528958072953	27298	0.08846030647403084	0.08846030647403084	0
0.9195556640625	1359598	0.4505777136996553	0.45947871246651345	0.3961131931505895	28128	0.09772210306696481	0.09772210306696481	0
0.8868408203125	1387750	0.5000257879454544	0.5073910496754451	0.38291206020944996	25414	0.10129893026908006	0.10129893026908006	0
0.942626953125	1105226	0.4348984765154942	0.44746602479852265	0.3757969609810918	27486	0.09784063984506941	0.09784063984506941	0
0.9136962890625	1217952	0.4656589258390189	0.4748482719004283	0.39855170976069837	27614	0.10867401152300339	0.10867401152300339	0
0.9329833984375	1140120	0.502775139552478	0.5075990700029939	0.37331845646651396	27350	0.11484439495671561	0.11484439495671561	0
0.8927001953125	2348234	0.5154815762968693	0.520525328030354	0.422488207859129	26680	0.08518448366285854	0.08518448366285854	0
0.9478759765625	2232500	0.4922126953131087	0.49897988226966167	0.40189964339350875	27910	0.07812241748582624	0.07812241748582624	0
0.9306640625	1157438	0.454419316917068	0.46372068121909704	0.38019772719320905	27194	0.11114532131277673	0.11114532131277673	0
0.8515625	1826236	0.49485485123988715	0.5017861867279035	0.38971796835786515	25922	0.10029144573528433	0.10029144573528433	0
0.9283447265625	1505222	0.4847076167150268	0.4901421320117188	0.39503784026334626	27892	0.09346998151278275	0.09346998151278275	0
0.9180908203125	2403462	0.5383778875072378	0.541914608701538	0.4239258629730998	28492	0.08397761308292828	0.08397761308292828	0
0.910888671875	3875288	0.47895394427336574	0.4814368657506897	0.444121638445895	28576	0.09589068788129519	0.09589068788129519	0
0.879638671875	822018	0.4157011018690027	0.4208453598583566	0.3790653606367243	26272	0.10442978652913593	0.10442978652913593	0
0.933349609375	2841944	0.4989143377817958	0.5036565727588694	0.4064901732201634	27580	0.11968905222539074	0.11968905222539074	0
0.91064453125	1030798	0.4812772813575295	0.49609458773262244	0.3763335086982513	25920	0.12451036364236458	0.12451036364236458	0
0.85888671875	2137648	0.534954458208772	0.5415393717692465	0.40602306753978895	25922	0.10576830299137274	0.10576830299137274	0
0.878173828125	1349548	0.5048597179525086	0.5126055928636846	0.39202453592956915	25152	0.10332744355086866	0.10332744355086866	0
0.9359130859375	1275532	0.42953563719899357	0.4422294885256397	0.3775048321629715	26796	0.08445340392995676	0.08445340392995676	0
0.9329833984375	3747418	0.5539148092771916	0.5566470744448094	0.42401067402010567	28308	0.09208198463046093	0.09208198463046093	0
0.904052734375	1195228	0.44476805299415645	0.4534693452046535	0.38285815854542055	26962	0.09506717982404954	0.09506717982404954	0
0.916748046875	1596164	0.5049557590385215	0.5111306153624228	0.3923877754034048	27578	0.09131479848158365	0.09131479848158365	0
0.935546875	1565546	0.44470876849390173	0.4521552965583431	0.3876115740715616	27808	0.08068477115515564	0.08068477115515564	0
0.9329833984375	1472378	0.47675621201014123	0.4817305637836404	0.37594932491365557	27294	0.08230025751645838	0.08230025751645838	0
0.921875	1565418	0.5512745680735447	0.553662605249312	0.3741368621754824	27394	0.09838783032828403	0.09838783032828403	0
0.8883056640625	1753314	0.40150228285117134	0.4109752136636668	0.41857844438540176	26980	0.0789839515661844	0.0789839515661844	0
0.8515625	1694614	0.4725510915401212	0.482306002689668	0.37989756155350696	25278	0.07745053711983522	0.07745053711983522	0
0.9609375	1222296	0.4798752751984508	0.4929833574688845	0.36602661755776017	27888	0.07561983345999158	0.07561983345999158	0
0.8885498046875	2409934	0.4120428702263959	0.4160354982509538	0.4020857077785589	26784	0.09986417536337355	0.09986417536337355	0
0.959716796875	1560910	0.5528993707176677	0.5611563805747274	0.374742474990516	28578	0.09546533838945598	0.09546533838945598	0
0.9486083984375	1816998	0.52162817823195	0.5287354140529615	0.3764800536012753	27570	0.09241981968623313	0.09241981968623313	0
0.929931640625	1257090	0.46702924844817467	0.47741320618236927	0.3808767031591256	27648	0.09057137264929649	0.09057137264929649	0
0.85107421875	1621234	0.464625866435698	0.4707195787879251	0.4054513498169492	25388	0.09489731315961582	0.09489731315961582	0
0.9478759765625	1456200	0.4857121889168472	0.49557951080489365	0.38104403002520376	28424	0.09252545471830805	0.09252545471830805	0
0.8515625	891028	0.4567396783942652	0.4689646101830433	0.3597076610616408	24840	0.10102480646467828	0.10102480646467828	0
0.806396484375	1059092	0.3612643382992979	0.37357607449365604	0.4003598771320811	23362	0.0873336658759652	0.0873336658759652	0
0.9031982421875	1382882	0.42095025306562456	0.43094298146075904	0.3882072849366902	25808	0.08728483346206722	0.08728483346206722	0
0.8212890625	1042668	0.40717333485948437	0.41629339965378725	0.40808694111700405	24868	0.09961396069253559	0.09961396069253559	0
0.8768310546875	2789844	0.5276617783086038	0.5317588882731091	0.43438049604380796	26908	0.08053024589722603	0.08053024589722603	0
0.9537353515625	1524890	0.493827908461487	0.4982359309661393	0.38359566444395377	28172	0.10102865434757265	0.10102865434757265	0
0.930908203125	1181110	0.4915084180608769	0.4998580497838066	0.3664934748676844	27360	0.08801023964544151	0.08801023964544151	0
0.8902587890625	2743720	0.5218204544470634	0.5252379768785568	0.40655445540886387	26802	0.08111523656518634	0.08111523656518634	0
0.9501953125	874044	0.4254833195413393	0.4406168021982555	0.3598467848880778	26732	0.09865505635667371	0.09865505635667371	0
0.92578125	2621946	0.5243751532328405	0.5285074363294784	0.4185499172438096	28228	0.0949619698415869	0.0949619698415869	0
0.965576171875	913360	0.4291345706795842	0.44148817747566976	0.3581570370173491	27606	0.08464398966308058	0.08464398966308058	0
0.9393310546875	3118578	0.508907408639919	0.5126451780556381	0.4186583086855133	29034	0.09552362947910847	0.09552362947910847	0
0.92578125	851084	0.42745567666500733	0.4362256516821907	0.3624210362577142	26766	0.09966430697889851	0.09966430697889851	0
0.8961181640625	2666502	0.5061004135069777	0.5087530504986125	0.3922770083590014	26646	0.09924555278054226	0.09924555278054226	0
0.91064453125	2255626	0.5399062960022433	0.5460395282218536	0.3797476654589538	27030	0.07876431555144467	0.07876431555144467	0
0.90625	2134940	0.5083665468433645	0.5161213826213625	0.42187612980478323	27290	0.09631110902589197	0.09631110902589197	0
0.9404296875	981270	0.4146652270933056	0.4304335284846053	0.3783421532835229	27842	0.08738332703383289	0.08738332703383289	0
0.8585205078125	2186038	0.5057270936737415	0.5101469050930686	0.4197759898955919	25872	0.11838749342758213	0.11838749342758213	0
0.9210205078125	1450048	0.49313214670058386	0.5002698410283198	0.38428783817203643	27676	0.083293439343007	0.083293439343007	0
0.951416015625	2316238	0.5391612336392456	0.5479648684911224	0.39245158480223963	27708	0.09450224544374879	0.09450224544374879	0
0.900634765625	2475382	0.5872933059931806	0.5942201251149429	0.4067796981806737	27500	0.10903447626756864	0.10903447626756864	0
0.836181640625	1457164	0.431255123767988	0.4364854915368448	0.40394244127547196	24996	0.08789634690386543	0.08789634690386543	0
0.9610595703125	2548334	0.5154279512370037	0.5213827929901297	0.4051016425900585	28986	0.10404143849468428	0.10404143849468428	0
0.9639892578125	3579470	0.5674568809398439	0.5719354805486973	0.41092217074237963	28898	0.07867774814497355	0.07867774814497355	0
0.9404296875	1239778	0.5138133757776363	0.5184734965542234	0.3657497794876008	27436	0.09431783941539805	0.09431783941539805	0
0.948974609375	1773236	0.46180887404130483	0.4686125769356584	0.3854159243709825	27762	0.08897489284196847	0.08897489284196847	0
0.880859375	1596010	0.4656405024957424	0.47117814627956406	0.4152791607162209	26774	0.1227586797359323	0.1227586797359323	0
0.925537109375	1504860	0.4792303997583111	0.48972517764929363	0.3889953942018518	26924	0.09080667906321939	0.09080667906321939	0
0.959228515625	1902932	0.5409435792447375	0.5490259387728141	0.40762909397722985	28760	0.10646667122631727	0.10646667122631727	0
0.895751953125	1994072	0.38095077472539574	0.38762009943986314	0.4091805802309956	26316	0.07703496565311839	0.07703496565311839	0
0.8883056640625	3380600	0.4930195319455208	0.4989898382347062	0.43867770665573635	26808	0.11012854194405723	0.11012854194405723	0
0.8212890625	1101292	0.4243639860401894	0.43104583561233456	0.3870217722344038	23452	0.12591118689332728	0.12591118689332728	0
0.9537353515625	1438582	0.4319879467833747	0.4381972716388017	0.37774433727071616	27968	0.09134783971509013	0.09134783971509013	0
0.910888671875	2634366	0.5789719613043647	0.5863271569271659	0.39443686553817425	27208	0.08234410247104862	0.08234410247104862	0
0.95556640625	1210242	0.5066609389249009	0.5141913267278113	0.3816542289324922	28706	0.10723512092676123	0.10723512092676123	0
0.91064453125	2492796	0.5004717715692676	0.5055448387846154	0.4084133928309128	27986	0.08617766565244599	0.08617766565244599	0
0.8978271484375	1487872	0.4984135080832137	0.5055684125494975	0.37922309278890914	26886	0.0974312045619693	0.0974312045619693	0
0.9478759765625	831418	0.4247251718082011	0.44081592488544663	0.359127865000936	27530	0.09320719757581991	0.09320719757581991	0
0.9610595703125	2858894	0.5052637728358603	0.5143272059952114	0.4068207977610687	28292	0.09910658981063003	0.09910658981063003	0
0.956787109375	1769516	0.5165633966690407	0.5240146455665239	0.38615612927057014	27916	0.10208603445234522	0.10208603445234522	0
0.91064453125	1235744	0.4552334135046851	0.46535246522565804	0.3731053170208587	26398	0.09104611441297288	0.09104611441297288	0
0.7601318359375	1088220	0.3772730926559263	0.38497565146319523	0.4069294396475631	22758	0.07626412723037417	0.07626412723037417	0
0.836181640625	2017198	0.40872757157635003	0.4167960645924702	0.43277309018117854	25094	0.10009052404436329	0.10009052404436329	0
0.9183349609375	3145650	0.5409444780147211	0.5456181716488454	0.40274274273443395	27044	0.08348606282419645	0.08348606282419645	0
0.92578125	1023946	0.41685492256301787	0.42948763908010884	0.38009228094141495	27056	0.1112196479328475	0.1112196479328475	0
0.8515625	744310	0.4182400283602423	0.42746335984725875	0.3553354903027572	23042	0.07430579977942155	0.07430579977942155	0
0.9449462890625	1280994	0.41659103992593477	0.4275537294258213	0.38568952016306035	27792	0.08818652654239306	0.08818652654239306	0
0.9007568359375	2406410	0.5552518415524604	0.5609960324290897	0.4237935222140035	27700	0.0904020660834287	0.0904020660834287	0
0.8824462890625	1223820	0.47140924859749317	0.4790549121637857	0.38431509831130833	26194	0.09216697422711813	0.09216697422711813	0
0.895751953125	892686	0.4456012089069281	0.45276984715577817	0.3808401580644265	26122	0.12054271314851352	0.12054271314851352	0
0.8883056640625	1557934	0.41895930567937123	0.42938917115199576	0.40978477273137065	26560	0.07709097011250285	0.07709097011250285	0
0.92626953125	2403584	0.6171165944543822	0.619720152084826	0.39564145013805696	28208	0.09151996543615744	0.09151996543615744	0
0.9439697265625	1464088	0.4244516102537114	0.43044465144289656	0.3843442435470565	27700	0.08008108373450501	0.08008108373450501	0
0.9462890625	1565896	0.4634070005209417	0.46945726286672423	0.4073282005632188	28480	0.10009706394144674	0.10009706394144674	0
0.8834228515625	1775790	0.49450053919098064	0.50098450218936	0.406818060940831	25676	0.09598725239968163	0.09598725239968163	0
0.908935546875	1713202	0.5342514313207504	0.5465245468874974	0.38152381602385593	26044	0.08088826051583496	0.08088826051583496	0
0.8988037109375	1502556	0.5346346490831456	0.5439768618590789	0.37662204249880266	27060	0.08798248827823375	0.08798248827823375	0
0.8643798828125	2725030	0.5374492293655072	0.5424477557324561	0.4074016182338814	25556	0.09453111489015104	0.09453111489015104	0
0.9478759765625	2161852	0.43873328447551607	0.4473377441983129	0.40072015270294825	28348	0.07558638317805212	0.07558638317805212	0
0.80517578125	1633976	0.41079268318723644	0.4178996090994258	0.4095644972307326	24216	0.06752351487619644	0.06752351487619644	0
0.8515625	1496022	0.47257361410209264	0.4768790123224856	0.382161997065064	24972	0.09047306886120556	0.09047306886120556	0
0.9228515625	1453964	0.5078344345099167	0.5132598081801059	0.3761346225003386	27272	0.09526741168258479	0.09526741168258479	0
0.92578125	1131296	0.48324566879074443	0.4905272675146346	0.35859411092074017	26878	0.08535502650886571	0.08535502650886571	0
0.8883056640625	842750	0.3795898896668677	0.3957922077610996	0.36658026453726333	24264	0.08283623624498877	0.08283623624498877	0
0.925537109375	1164040	0.40472521639827624	0.4173678373154646	0.3700803689907686	27290	0.07849884137444844	0.07849884137444844	0
0.92578125	1476926	0.506215202606043	0.5159415327530261	0.38351162450765014	26402	0.0997001037036432	0.0997001037036432	0
0.89599609375	1350022	0.39296780379909996	0.39910050515623663	0.3885284873171384	26264	0.10482947727061104	0.10482947727061104	0
0.79150390625	1987218	0.5454680590471819	0.5534592981344358	0.4048462467254496	23378	0.13209205293890539	0.13209205293890539	0
0.8883056640625	951146	0.3962343873384013	0.410797520626065	0.40657089865175494	26692	0.13576715371194745	0.13576715371194745	0
0.9180908203125	1117700	0.42189916450977244	0.4319361099164156	0.36339011780085967	26510	0.08916806167435974	0.08916806167435974	0
0.9359130859375	1249016	0.4401870021282603	0.45346545919109765	0.38552492132357674	27772	0.09487118770986337	0.09487118770986337	0
0.9437255859375	887788	0.4795656449144649	0.4864321612416757	0.3578070438474829	27796	0.10629298679606859	0.10629298679606859	0
0.8743896484375	2383406	0.49302621650508294	0.4967429257112151	0.4474830902267996	27020	0.1133805465280393	0.1133805465280393	0
0.917724609375	1474204	0.45684662495139766	0.4672115706979243	0.38882919613623995	27746	0.08245209312002572	0.08245209312002572	0
0.9036865234375	2730758	0.5405342256576345	0.5435779760246101	0.4452093519785572	27892	0.09974665559756707	0.09974665559756707	0
0.897216796875	2814194	0.5390328905291625	0.5482825343344688	0.41409047948952665	27216	0.08745795711753718	0.08745795711753718	0
0.9656982421875	2245352	0.4798724357782218	0.48560679900804943	0.402673870241607	29124	0.11155033243524588	0.11155033243524588	0
0.9248046875	1887562	0.5561494722955164	0.5606408305071363	0.40494564569501795	27338	0.09702037509413736	0.09702037509413736	0
0.91064453125	1037916	0.47304627467165994	0.4864438248719056	0.36459725408892507	25806	0.11001708809510262	0.11001708809510262	0
0.945556640625	1701358	0.5582316452850399	0.5645893543040393	0.3886175047643263	28064	0.0981468116415467	0.0981468116415467	0
0.9195556640625	1207882	0.406147210372	0.4155129131429651	0.38031381753070576	27088	0.08444511647415127	0.08444511647415127	0
0.8734130859375	2505344	0.4935985438925446	0.4988040158152962	0.4149730456608722	26154	0.09208215227424897	0.09208215227424897	0
0.925537109375	1249292	0.4705635620196851	0.4824729391811638	0.3972277528762039	27510	0.11945104775462206	0.11945104775462206	0
0.9493408203125	1064382	0.4311372838239455	0.44479033116336236	0.3839136261476292	28636	0.09607999178279593	0.09607999178279593	0
0.9034423828125	1502320	0.46220028750420067	0.47063437367367017	0.37479075201904194	26292	0.06697432673287447	0.06697432673287447	0
0.91064453125	1412712	0.5249674458165864	0.5305292482438205	0.38231229765438535	27180	0.08235500644586492	0.08235500644586492	0
0.8585205078125	1391140	0.36272838106963196	0.37137558598983245	0.40504322358628775	25396	0.07727405640765661	0.07727405640765661	0
0.9447021484375	1596226	0.47588665027843313	0.48276111225121715	0.38745306749487957	28028	0.08972064542679324	0.08972064542679324	0
0.9549560546875	1800454	0.5377194750473843	0.539896515156474	0.4033494761276497	29124	0.10221807604961387	0.10221807604961387	0
0.91064453125	1497972	0.46983726234354695	0.4756156885157649	0.39756445018460784	27790	0.08952393585357839	0.08952393585357839	0
0.895751953125	1371662	0.463500356826934	0.47141243341141487	0.37150347541748613	25446	0.07514801582084239	0.07514801582084239	0
0.776611328125	1674994	0.43993929660848546	0.44686596473921664	0.4207640527199597	23390	0.10940469005998475	0.10940469005998475	0
0.9034423828125	1715194	0.49407306539964696	0.5009378432726178	0.39670050340503754	26782	0.11757788000167159	0.11757788000167159	0
0.91650390625	1739216	0.5486472326109324	0.5522172527451902	0.3944001813164905	27420	0.09578377818895473	0.09578377818895473	0
0.9478759765625	2464290	0.5331463232264394	0.538685952169058	0.403585124419946	28610	0.0850595094789487	0.0850595094789487	0
0.9615478515625	1256848	0.47103896511375415	0.4785098958053138	0.3912977656753602	28542	0.10042876138153643	0.10042876138153643	0
0.943359375	2138796	0.4545494334733835	0.4615979883249075	0.39614825400971326	27360	0.09703035410902217	0.09703035410902217	0
0.8885498046875	1435878	0.4444624052542032	0.44947166677598943	0.3927359709173346	26184	0.10091988790751406	0.10091988790751406	0
0.900146484375	1795658	0.5257275083698462	0.5295019159174105	0.40861373817430297	27632	0.105181790848634	0.105181790848634	0
0.9404296875	1041770	0.4158043841206382	0.4241137646166658	0.3936585033810777	28476	0.10530436738968274	0.10530436738968274	0
0.8662109375	1530480	0.5021921099124514	0.5082805428197971	0.39707307564298855	25180	0.10737866136614398	0.10737866136614398	0
0.8961181640625	1698608	0.4606227810381942	0.4658650693149957	0.37227460586137107	25990	0.08029484471908126	0.08029484471908126	0
0.9227294921875	834576	0.3861422778117727	0.40045413436421784	0.37318130711977787	26564	0.10136007815441476	0.10136007815441476	0
