Utilization	Connections(A2A)	Lvl1TraffRatio(A2A)	Lvl1TraffRatioNoIndirect(A2A)	RatioIndirect(A2A)	Connections(AR)	Lvl1TraffRatio(AR)	Lvl1TraffRatioNoIndirect(AR)	RatioIndirect(AR)
0.7938704893722195	2708884	0.6312960769919909	0.6319228947392014	0.46563809643072646	25298	0.24435497208983167	0.24435497208983167	0
0.875308947108255	2587028	0.6509138288122911	0.6515595409755338	0.46263346350686735	27650	0.2340437520241763	0.2340437520241763	0
0.911888284725655	3263574	0.5891242280593126	0.5895222183504736	0.46611762803015283	28750	0.19380522563250857	0.19380522563250857	0
0.907439446366782	2657024	0.6339929210111327	0.6335854947436989	0.4614584506527868	28668	0.21769310214225682	0.21769310214225682	0
0.7717498764211567	2430360	0.63116578012808	0.6313796175086354	0.4649825295471617	24460	0.22910731123959804	0.22910731123959804	0
0.7808947108255067	2198666	0.6134381311324102	0.6149623483511323	0.4635619000481757	24620	0.252042734342747	0.252042734342747	0
0.819822046465645	3110964	0.5977390436187223	0.5980183967767821	0.46644945313826364	25654	0.19506320305178812	0.19506320305178812	0
0.9230103806228374	3672938	0.6425195622923467	0.6425807477949758	0.4670424464027529	29304	0.20476290378243947	0.20476290378243947	0
0.8609738012852199	3637910	0.666603871371476	0.6674314643233923	0.46939395359816377	27310	0.20820413142811642	0.20820413142811642	0
0.9179436480474543	3221462	0.6466867157698306	0.6484100151456137	0.46169795404697855	28892	0.24323511628579397	0.24323511628579397	0
0.8222936233316857	2242966	0.5926952646381487	0.5933069358265384	0.4605988488836341	25814	0.22595655765101855	0.22595655765101855	0
0.92622343054869	4024984	0.6679581788625096	0.6677057534267296	0.4664736451659081	29316	0.19977054823409549	0.19977054823409549	0
0.7786702916460702	2500538	0.5679308506392539	0.5685455863865916	0.4669857618437452	24636	0.1964600856627661	0.1964600856627661	0
0.8355165595650025	2227506	0.6563815370173351	0.6555082156881729	0.45952473422804846	26490	0.2563587428596871	0.2563587428596871	0
0.9238754325259515	3153216	0.6543279531910526	0.6550970093954555	0.4646303253938337	29334	0.20915779207747243	0.20915779207747243	0
0.8243944636678201	1909148	0.5570220931455151	0.557520691964068	0.4594056616866528	26012	0.24089957075617105	0.24089957075617105	0
0.8419426594167079	3266864	0.6566824060873608	0.6567286041998899	0.4702295820260427	26652	0.20867188468727207	0.20867188468727207	0
0.8808699950568463	2654166	0.5763295889031365	0.5774368985999265	0.4622840725964897	27806	0.22888714351444148	0.22888714351444148	0
0.8500988630746416	3286260	0.6502390992077981	0.6510937407471121	0.46292975311544465	27158	0.22987750985327962	0.22987750985327962	0
0.9286950074147307	4007766	0.6296146533045963	0.6299806989239994	0.46503206815541587	29426	0.1959614110199075	0.1959614110199075	0
0.9506920415224913	3608570	0.663651812305145	0.6639307347165281	0.4692802293501841	30222	0.22012870097892667	0.22012870097892667	0
0.9299307958477508	3367754	0.6300452484916407	0.6305953685516078	0.4668551333547162	29480	0.21350294633023534	0.21350294633023534	0
0.9218981710331191	3125610	0.6388958688164404	0.6387643860940039	0.46260521032857804	28932	0.2243182927970153	0.2243182927970153	0
0.9227632229362334	2193902	0.5996935248013501	0.6020324217030737	0.4527420463850708	28974	0.2051003642224455	0.2051003642224455	0
0.8802521008403361	3267716	0.6489983524014342	0.6497606663233196	0.4676677946452654	28144	0.23493592978742314	0.23493592978742314	0
0.9115175481957489	3227538	0.6135145655100719	0.613872854556739	0.47098105764831705	29010	0.22737018748906088	0.22737018748906088	0
0.8966880869995056	2187384	0.6373319322217366	0.6381159865599644	0.455745160585633	28458	0.24544709760979502	0.24544709760979502	0
0.8938457736035591	2364654	0.6387891615886355	0.6393336891606415	0.4603736719826584	28362	0.2192474837704874	0.2192474837704874	0
0.911888284725655	2244746	0.5781153958045281	0.580029749162924	0.4610109348049456	29118	0.22743931977128914	0.22743931977128914	0
0.8479980227385071	4764784	0.6931687392322906	0.6931515830573454	0.473981281065395	27094	0.19415093791067603	0.19415093791067603	0
0.8437963420662382	3044498	0.5754673144632872	0.5768092939334433	0.4718592657073927	26828	0.20336136465116017	0.20336136465116017	0
0.911888284725655	3303258	0.644820222604222	0.646285688516084	0.46005137253649725	28742	0.1875751352843278	0.1875751352843278	0
0.819080573405833	3159252	0.6881105872410211	0.6881378993359051	0.46246111172828686	25770	0.23893700473687352	0.23893700473687352	0
0.8572664359861591	2690900	0.63234336497074	0.6318216654765977	0.46465664186564987	27314	0.20452210343282043	0.20452210343282043	0
0.8199456253089471	2303144	0.6385739181805796	0.6391868471509614	0.46475625767252743	25734	0.23322672380801934	0.23322672380801934	0
0.883835887296095	4443848	0.6992314495636038	0.699311479609349	0.46899593600146416	27786	0.19231726557607412	0.19231726557607412	0
0.9089223924864063	2712160	0.5878734651131851	0.5880935715975386	0.4689800085644032	28910	0.24968828533473306	0.24968828533473306	0
0.8942165101334651	2184898	0.5912380003895841	0.5940177214085396	0.4504280611195512	28284	0.18137428574375636	0.18137428574375636	0
0.8898912506178942	2878812	0.641794998223875	0.6423881249213791	0.46572727140716824	28166	0.22257379537526978	0.22257379537526978	0
0.8918685121107266	3901702	0.7178472372560485	0.7172681318626224	0.470959139854118	28296	0.221361063439198	0.221361063439198	0
0.9312901631240732	3270124	0.6586510722832504	0.6580252579734106	0.4628553231316714	29358	0.21139101604465307	0.21139101604465307	0
0.8652990608007909	4439824	0.645074227098716	0.6454295904672519	0.4753524279130095	27288	0.1951685921401249	0.1951685921401249	0
0.9290657439446367	2777888	0.6581131668287633	0.6573217254707906	0.46236554714312855	29414	0.2416267052667336	0.2416267052667336	0
0.8895205140879882	2487946	0.6206953318310341	0.6212849314637982	0.4637067912605101	28016	0.2272088793608875	0.2272088793608875	0
0.8777805239742956	3159138	0.6228505908046221	0.6223639657414244	0.47281537625025766	27516	0.22140862523518193	0.22140862523518193	0
0.7736035590706871	2564544	0.5781258030385285	0.5787314444150368	0.4696715675239655	24410	0.22733027442202347	0.22733027442202347	0
0.8997775580820564	2210686	0.6489991408722513	0.6495796528545609	0.46364278962347	28384	0.23457193259228845	0.23457193259228845	0
0.8627039050914483	3677856	0.6478616326346062	0.6478059654352829	0.46507172456963847	27316	0.20193002154372672	0.20193002154372672	0
0.916337123084528	2191660	0.6259139770177083	0.6273806657881434	0.4624266191093213	29050	0.2178599108995892	0.2178599108995892	0
0.9117647058823529	2756104	0.6115296354622844	0.6116528755795411	0.46482071497725674	28890	0.21039189604038236	0.21039189604038236	0
0.796465645081562	2461478	0.6588913870304678	0.6595883701110544	0.46754052013810554	25320	0.22605493304764313	0.22605493304764313	0
0.8782748393475037	2395740	0.630447026948175	0.6306782908041538	0.46318703543724205	27932	0.22085666837033413	0.22085666837033413	0
0.9105289174493327	4213114	0.7102984532758705	0.7102925081138585	0.4723175915746421	28822	0.20507965704264255	0.20507965704264255	0
0.8342807711319822	1924770	0.5847331306850632	0.5861473204677976	0.46280977519773336	26420	0.23080336625767972	0.23080336625767972	0
0.888779041028176	2848574	0.6414245025199738	0.6415646200491402	0.46290809030805585	28252	0.2166813038706387	0.2166813038706387	0
0.8876668314384577	3031134	0.6639890560746508	0.6644785399882817	0.4685988082438503	28144	0.21895579523598085	0.21895579523598085	0
0.875061789421651	2819374	0.6456204007111298	0.6459727682360595	0.472389597406173	27944	0.22371539501545243	0.22371539501545243	0
0.884206623826001	2303426	0.6647324969600258	0.663972545681225	0.4625849574399046	27826	0.24479143677410975	0.24479143677410975	0
0.9039792387543253	4386684	0.6888571629795499	0.6894050511566064	0.46675597578313893	28368	0.22693257476713072	0.22693257476713072	0
0.9252347998022739	1916108	0.5596927764906766	0.5616995440143538	0.4595668827089981	28854	0.2211735857755688	0.2211735857755688	0
0.8429312901631241	2791168	0.6448022908446324	0.645181522374081	0.4648409006280901	26340	0.20402973669012667	0.20402973669012667	0
0.8913741967375185	2963234	0.6425005591145277	0.644036988347143	0.4569733576910293	27828	0.2142746565448382	0.2142746565448382	0
0.8487394957983193	2313894	0.6443123826777815	0.6444479616818165	0.4598704054793612	26536	0.22226860154371644	0.22226860154371644	0
0.8866782006920415	3025310	0.687770667646214	0.6874425405527997	0.46782613844563653	28108	0.2147867690862256	0.2147867690862256	0
0.8868017795353436	2930866	0.6109514960321969	0.6131463736470263	0.4675778403881185	28126	0.21309114306210852	0.21309114306210852	0
0.8624567474048443	3057140	0.6590677423009715	0.6595879359956854	0.4672039494210783	26892	0.22197880284405594	0.22197880284405594	0
0.8708601087493821	2620608	0.60166608654866	0.6041401446931473	0.4672894656082381	27442	0.24113062172906016	0.24113062172906016	0
0.9416707859614434	3401594	0.6751463909261068	0.6745332702131362	0.4563577482743102	29302	0.20778142904417293	0.20778142904417293	0
0.870365793376174	3687194	0.6779636838003289	0.6782849385768918	0.4664131357411538	27298	0.22960786887796888	0.22960786887796888	0
0.9086752347998023	3160658	0.6738962430157972	0.6739857970889815	0.4685966188100989	28378	0.20499608680715917	0.20499608680715917	0
0.870242214532872	3110438	0.6222106481789241	0.6233074357518498	0.47185297209224103	27554	0.22914099165157686	0.22914099165157686	0
0.8420662382600099	2773008	0.6686639656643963	0.6690501375305535	0.4662027028076678	26480	0.2523762916947493	0.2523762916947493	0
0.8940929312901631	3398316	0.6737604823371917	0.6735755170944026	0.46579799616590584	28110	0.2231853763653434	0.2231853763653434	0
0.9179436480474543	2094970	0.6184564891549694	0.6182966646516309	0.4587432609346347	28820	0.24500405886836685	0.24500405886836685	0
0.8927335640138409	3250130	0.6190410424436562	0.6196555112882871	0.46518257573494837	28310	0.21222020868843083	0.21222020868843083	0
0.9298072170044488	2465506	0.6214129504179472	0.622595462603389	0.4551472652817204	29204	0.22886109808321997	0.22886109808321997	0
0.8832179930795848	2732606	0.6451279471282223	0.6458771091917334	0.4602712655899182	27854	0.21131274282369072	0.21131274282369072	0
0.8552891744933268	3318358	0.6315203361268307	0.6319773400081673	0.4691137459311479	27326	0.20976476245489803	0.20976476245489803	0
0.9223924864063272	2715230	0.6801583055199476	0.6799969447480799	0.46066966598293285	29108	0.21635873476435744	0.21635873476435744	0
0.8929807217004448	3587194	0.6363453779784832	0.6363042312062482	0.468436782360048	28058	0.19065462057253357	0.19065462057253357	0
0.8879139891250618	1929470	0.5846641637160068	0.5851706241376998	0.4573715287942943	28026	0.21501402972189484	0.21501402972189484	0
0.8074641621354424	2914638	0.637907262415379	0.6386621670306437	0.4695369101502927	25526	0.21549326763233323	0.21549326763233323	0
0.8802521008403361	2869038	0.6778731389129615	0.6783308077220512	0.4620802015880452	27788	0.23880336310372077	0.23880336310372077	0
0.9112703905091448	2886488	0.6478697245783828	0.6493831168797989	0.46078078075971646	28622	0.213474298743785	0.213474298743785	0
0.8780276816608996	2727826	0.6111977343375432	0.6128200330301626	0.46672037789385584	27694	0.19114003646680033	0.19114003646680033	0
0.8617152743450321	2275880	0.6047872242729343	0.6058394007940618	0.4709280813241796	27434	0.23704305768090939	0.23704305768090939	0
0.8141374196737519	3029960	0.6237270528294797	0.6237452854876983	0.46696016302883603	25980	0.2065833925905021	0.2065833925905021	0
0.9175729115175482	5604720	0.6896494180497149	0.6905417886742918	0.46799910106110065	29090	0.17741473849860132	0.17741473849860132	0
0.838358872960949	2276598	0.6679586609625786	0.6682046355548752	0.4571437174275263	26480	0.22983086021820046	0.22983086021820046	0
0.7991843796342066	1930486	0.573894211123252	0.573805167651383	0.4622119586677624	25212	0.21977960864088011	0.21977960864088011	0
0.8465150766188828	2001090	0.5910497384036628	0.5906705160730121	0.4663516698772517	26558	0.233499650647228	0.233499650647228	0
0.8576371725160652	2957220	0.655638222135253	0.6566102511961742	0.46763707468521104	27170	0.22016545394302167	0.22016545394302167	0
0.9209095402867029	3663544	0.6433256300686249	0.64360536651088	0.46613505714359255	28950	0.23312025890872382	0.23312025890872382	0
0.9052150271873455	2659362	0.6342684420517478	0.6345715647333016	0.46098403289996703	28686	0.19375733936605852	0.19375733936605852	0
0.8077113198220465	2413616	0.6026775413104685	0.60296951951229	0.46955310987731114	25588	0.216557741970031	0.216557741970031	0
0.8488630746416214	3475552	0.6889493751598987	0.6899841018130761	0.46686737510154247	26636	0.2345887709222871	0.2345887709222871	0
0.8445378151260504	2419838	0.6211859272400538	0.6212985775782375	0.4646653796952394	26656	0.2321695259039405	0.2321695259039405	0
0.8767918932278794	4849868	0.6944669201871888	0.6942827819737493	0.46956691774327153	27624	0.20203155506180903	0.20203155506180903	0
0.9153484923381117	1990498	0.5795088336639652	0.5825750543573037	0.45389046059984733	28956	0.21347614344312624	0.21347614344312624	0
0.9047207118141374	3341012	0.6798420324749852	0.6800425239473277	0.4599240754310399	28150	0.21483193076402662	0.21483193076402662	0
0.7142857142857143	1321048	0.6036268027722117	0.6035868836235426	0.4649509501523174	22682	0.280367950559329	0.280367950559329	0
0.8236529906080079	2202858	0.5880961279782456	0.5893823386954493	0.4601617834798863	26050	0.20262737001238373	0.20262737001238373	0
0.8693771626297577	2572474	0.627408913553945	0.6269146656207177	0.46322554377739295	27424	0.2183074513271939	0.2183074513271939	0
0.9085516559565002	3176910	0.6807547959139307	0.680296881153541	0.46025197430025205	28764	0.22265470316891886	0.22265470316891886	0
0.8923628274839348	3085704	0.6562515766692922	0.655979719239613	0.46412970223466093	28280	0.20411485146875405	0.20411485146875405	0
0.8530647553138903	2956788	0.6162691162932127	0.6170184051513914	0.4673024296214489	27178	0.22832788349351443	0.22832788349351443	0
0.8785219970341077	3516542	0.7266580987789591	0.7267745191519245	0.4621604751552701	27726	0.23712556798917386	0.23712556798917386	0
0.9102817597627286	3793810	0.6593975716956291	0.6599304550072127	0.4669628282762342	28430	0.22617436017842663	0.22617436017842663	0
0.9092931290163124	2020214	0.5284764730622098	0.5309792012404841	0.4641378861953464	28690	0.21601015428224246	0.21601015428224246	0
0.8628274839347504	3750090	0.6686036125648055	0.6684704172243389	0.4715080915348851	27294	0.1793743634340471	0.1793743634340471	0
0.9081809194265942	3359360	0.6376181489808462	0.6388490651411826	0.4670483284907883	28700	0.1850131686422369	0.1850131686422369	0
0.8551655956500247	2124776	0.627748894229005	0.6284555860939598	0.4608529659554872	26706	0.2410233372852794	0.2410233372852794	0
0.893351458230351	4161964	0.661108084234301	0.6601594977240843	0.4715243566178133	28360	0.20297731191793436	0.20297731191793436	0
0.8827236777063767	4715770	0.6847626848293791	0.6852963475362599	0.47579288167333905	27936	0.19406681452276306	0.19406681452276306	0
0.7928818586258033	1507182	0.5512463095581408	0.5539305259526462	0.45834353123753563	24922	0.2227560933620086	0.2227560933620086	0
0.866164112703905	2963798	0.6486430746209476	0.648052585228818	0.46793239357986033	27206	0.2166597465071494	0.2166597465071494	0
0.7255313890261987	2651816	0.6848533139865526	0.6851469775415139	0.47127369292752036	22958	0.23811399281105883	0.23811399281105883	0
0.7907810182896688	2509386	0.6834030448415435	0.6821320341226396	0.4683974936464677	25076	0.25410236607682435	0.25410236607682435	0
0.8596144340088977	2277136	0.6591751669254128	0.6586545366223961	0.46151874062183357	26934	0.21966539788419118	0.21966539788419118	0
0.8573900148294612	3143676	0.6184435752011552	0.6184101483920869	0.4638803375658052	26672	0.24087927402811268	0.24087927402811268	0
0.9141127039050915	3283716	0.6782214985821876	0.6780724713409563	0.46590129474259084	28700	0.20176852087941008	0.20176852087941008	0
0.8109243697478992	1692342	0.5946484884999079	0.5954008098127546	0.4599127990162745	25532	0.22784168130725826	0.22784168130725826	0
0.8692535837864558	3919946	0.7058089129113178	0.7057362403531334	0.4706964798236711	27462	0.21910909498742517	0.21910909498742517	0
0.8125308947108255	2362410	0.6185111537384098	0.6192831567052309	0.4611638156452467	25046	0.22499336249969945	0.22499336249969945	0
0.9506920415224913	2027238	0.5856515618611574	0.5865334426129053	0.4530905318259753	29576	0.2197046395189974	0.2197046395189974	0
0.939940682155215	2752500	0.6609641839911177	0.6612960677763079	0.467650588577944	29802	0.22120816297220403	0.22120816297220403	0
0.8950815620365793	3590088	0.6822884250461502	0.6821963525891755	0.4673777991196291	28446	0.24274828293356418	0.24274828293356418	0
0.8973059812160158	3072948	0.6407426174521705	0.641106855573114	0.4610727977522365	28332	0.20748219416932268	0.20748219416932268	0
0.9194265941670786	3478324	0.6083232604893111	0.6081927154191372	0.46742834954401974	29268	0.20143595371527775	0.20143595371527775	0
0.8788927335640139	2497874	0.6294265993007799	0.6296178408898078	0.46288175741182425	27946	0.25352157580419904	0.25352157580419904	0
0.8816114681166585	3661622	0.6405847020514673	0.6410871099197365	0.4700076141746883	28066	0.23143775357114219	0.23143775357114219	0
0.8893969352446861	2551580	0.6471058083387131	0.6478718663501312	0.4641008828091351	28366	0.2530261609185513	0.2530261609185513	0
0.8953287197231834	2441062	0.6548814572614385	0.6546089652722543	0.4555551775263888	28136	0.23344001515145674	0.23344001515145674	0
0.916707859614434	2470816	0.6154977349290999	0.6166185546474099	0.4604538406952972	29274	0.2084445885404623	0.2084445885404623	0
0.8300790904597133	1616772	0.5554824356621709	0.5563760353166205	0.4555614745106749	26032	0.23995605266605505	0.23995605266605505	0
0.9310430054374691	2178930	0.5821950795653685	0.5841213045920651	0.4584440785782682	29512	0.19555584238056675	0.19555584238056675	0
0.8737024221453287	2675602	0.6386657757417084	0.6402900496511946	0.4638902364618853	27630	0.2599386916882345	0.2599386916882345	0
0.9091695501730104	3279212	0.6624423257917212	0.6623227729673921	0.46492366968406623	28680	0.20219791793165887	0.20219791793165887	0
0.888902619871478	2084148	0.6011631500487439	0.6028264662798998	0.45408180911729396	28002	0.22007143200000356	0.22007143200000356	0
0.8596144340088977	2529030	0.6550035384303922	0.65464408255055	0.46985427671295055	27094	0.1904267768905061	0.1904267768905061	0
0.9253583786455759	2926620	0.6667677279004506	0.6670682328864487	0.46552851412354673	29180	0.20951923326225566	0.20951923326225566	0
0.9170785961443401	3230708	0.6447534453840266	0.6444720724989198	0.4610188735587994	28990	0.21740885949170688	0.21740885949170688	0
0.8950815620365793	2878842	0.6418005388577045	0.6417501457960277	0.46828525654744685	28440	0.19871696646941728	0.19871696646941728	0
0.7937469105289174	2362922	0.6296134992879627	0.6301568190270279	0.4675501438377154	25030	0.256183271344369	0.256183271344369	0
0.8294611962432031	2097252	0.587247827346928	0.5876721280862651	0.4651371602871348	25968	0.21637106258460206	0.21637106258460206	0
0.8970588235294118	2213894	0.5958030019163764	0.5965856552529023	0.45544850380981955	28016	0.1974157938042864	0.1974157938042864	0
0.8670291646070193	1819842	0.560499300386055	0.5623937545814964	0.45820967404770124	27308	0.22630439627097873	0.22630439627097873	0
0.8634453781512605	3096690	0.6973624337502105	0.6975197562577775	0.46813375415600916	27284	0.2523145949182657	0.2523145949182657	0
0.8001730103806228	3715488	0.6854401012714938	0.6857135929894954	0.464640462916124	25206	0.2168916784375928	0.2168916784375928	0
0.8975531389026199	2263256	0.6536740596391069	0.6538535847254711	0.4603603330887795	28090	0.24186608458766548	0.24186608458766548	0
0.870612951062778	2665434	0.5886456120351315	0.5896834688942084	0.4665140985679744	27656	0.18336299477095616	0.18336299477095616	0
0.9194265941670786	3622000	0.6797356301677494	0.6791214697647735	0.4700427439637531	29330	0.1935915837030063	0.1935915837030063	0
0.8213049925852693	5010790	0.711747391233	0.7113904483119585	0.4660033192337338	25416	0.17664135369722125	0.17664135369722125	0
0.7326989619377162	1962440	0.6525347781414815	0.6542478895162167	0.4676383935450718	22910	0.2594300984181403	0.2594300984181403	0
0.875308947108255	3373800	0.6011672371845641	0.6012695770843574	0.4664603934388529	27478	0.19904625727638045	0.19904625727638045	0
0.8004201680672269	2941472	0.652328236821159	0.6530327439458129	0.4715592016931742	25366	0.21016112384154018	0.21016112384154018	0
0.8648047454275828	2555354	0.6327367131703716	0.6335202264167605	0.4631377610606006	27144	0.21152269099356172	0.21152269099356172	0
0.9057093425605536	2762452	0.6280628849355473	0.6294243615138894	0.4645278491397526	28762	0.249053595364635	0.249053595364635	0
0.9451309935739002	3151746	0.6845702113862782	0.6849684502336405	0.4638539657475968	29784	0.22833087859484782	0.22833087859484782	0
0.847132970835393	2593270	0.6135412489355102	0.6142306986886674	0.4670064415166555	26850	0.22882128149838976	0.22882128149838976	0
0.7784231339594662	2713278	0.6113315479482142	0.6111720509301098	0.46610372996810495	24550	0.19887790251450813	0.19887790251450813	0
0.847256549678695	2658484	0.5935812521244315	0.5944861144294494	0.46850300033320275	26750	0.22608906650666039	0.22608906650666039	0
0.8785219970341077	3779930	0.6302147231722167	0.631452637958303	0.4706011170821747	27996	0.2326359236116058	0.2326359236116058	0
0.8064755313890262	1915864	0.48533105052624376	0.48699647712729655	0.46342820047549477	25460	0.21165610648664135	0.21165610648664135	0
0.8376173999011369	1962222	0.5547480749782174	0.5559167506092333	0.46933230801981146	26324	0.24886212884390987	0.24886212884390987	0
0.8856895699456253	3193544	0.5347536739810442	0.5365968817260239	0.4675388212134528	27702	0.18308797895689602	0.18308797895689602	0
0.870242214532872	2711418	0.5921022891777591	0.5926131396632277	0.4599888324785715	27482	0.21914352144797442	0.21914352144797442	0
0.8858131487889274	2403346	0.5996255879875295	0.6003734541253082	0.466730209231157	27982	0.20144587327227836	0.20144587327227836	0
0.9200444883835888	3349778	0.6538859141245874	0.6544735195392459	0.468708862118538	29052	0.18917959273681673	0.18917959273681673	0
0.8991596638655462	2410516	0.5983957856292877	0.599819517080399	0.46722382364382303	28186	0.24841017369372345	0.24841017369372345	0
0.8314384577360356	3806630	0.674943115517609	0.6756916779917415	0.467557257163371	26246	0.21563016054675543	0.21563016054675543	0
0.8806228373702423	2886498	0.5993099445647457	0.5999995270556292	0.46335228249477917	27708	0.20115122857291712	0.20115122857291712	0
0.8253830944142363	2190976	0.5812642005853066	0.5825329525788109	0.4653953452748121	26084	0.2504495286710971	0.2504495286710971	0
0.8675234799802274	3464406	0.664779070342638	0.6653451732808898	0.4689303581763575	27310	0.2216948611616365	0.2216948611616365	0
0.8965645081562037	2838948	0.6484791234433221	0.6492851655856989	0.463741056349557	28526	0.22590337280571293	0.22590337280571293	0
0.8224172021749876	3951806	0.6791345670082182	0.6800016412873741	0.46742642755768715	25508	0.20751705672375695	0.20751705672375695	0
0.9058329214038556	3816738	0.672113076163389	0.6725713918122102	0.4592555913366286	28422	0.25023276246313964	0.25023276246313964	0
0.8269896193771626	2302330	0.6132419956208638	0.613685880465884	0.46514827774755113	26130	0.20030116223649305	0.20030116223649305	0
0.9264705882352942	3049094	0.553999939681632	0.5556017868279545	0.468730931219475	29012	0.20445910525821062	0.20445910525821062	0
0.8200692041522492	3187822	0.6060666089463438	0.6071054787153475	0.46880406218381926	25952	0.23072101326407288	0.23072101326407288	0
0.8633217993079585	2373574	0.6495681807024957	0.6507428051149181	0.46650590272197023	27410	0.22469265705370525	0.22469265705370525	0
0.8376173999011369	3930264	0.6122847901306595	0.6129346485988619	0.4676071736080695	26442	0.204748849041788	0.204748849041788	0
0.8368759268413247	2218566	0.5453502515594595	0.5471986383070881	0.46910857627884	26552	0.2302019718924765	0.2302019718924765	0
0.9274592189817104	1905740	0.5735995387923367	0.574505288033394	0.4539504567874159	29726	0.20619929436053874	0.20619929436053874	0
0.8628274839347504	2608624	0.619557529452208	0.619862576313197	0.46464426147957977	27184	0.21450370906290772	0.21450370906290772	0
0.9070687098368759	2661314	0.6648887768524021	0.6648360292977348	0.46315480380119217	28862	0.21995432569018625	0.21995432569018625	0
0.888531883341572	2597346	0.52395803776577	0.5256951802523534	0.4610101911538158	27974	0.22486366468585306	0.22486366468585306	0
0.8488630746416214	3473296	0.6667211444818218	0.666461983033868	0.46740581770469025	26770	0.2075750615109743	0.2075750615109743	0
0.8141374196737519	2755130	0.6942987929826808	0.6940100652025035	0.4687224751372417	25650	0.257382545119156	0.257382545119156	0
0.8278546712802768	2808264	0.6470291712306595	0.6472984212979883	0.46897953511241575	26220	0.22372565883330328	0.22372565883330328	0
0.8367523479980228	2316660	0.607812392252152	0.6074481577330922	0.46621894500270605	26716	0.22943422635227914	0.22943422635227914	0
0.8580079090459714	2503332	0.6177400395360719	0.6177083734744154	0.457730110172216	26928	0.2110873128167846	0.2110873128167846	0
0.9013840830449827	3881268	0.683837336355572	0.6841828759239151	0.46656392766834637	28572	0.24240331715313138	0.24240331715313138	0
0.9215274345032131	3794472	0.6390007655109994	0.6408555794046294	0.46132216444074287	29214	0.18894540747154953	0.18894540747154953	0
0.9288185862580326	3017548	0.670703643569544	0.6711989163983286	0.4643522059176545	29360	0.22073143931234265	0.22073143931234265	0
0.8902619871478002	2240390	0.6000161236764124	0.6020413329266006	0.4583467938208492	28354	0.2323497011150841	0.2323497011150841	0
0.8051161641127039	3007902	0.6579880295501389	0.6581802520853329	0.4713111330755359	25700	0.22802788201954308	0.22802788201954308	0
0.8520761245674741	2916956	0.628715832681325	0.6297607725741033	0.4704114105226373	27084	0.22532802920243578	0.22532802920243578	0
0.9405585763717251	2868330	0.6247119672408418	0.6254878282832765	0.46670416762244504	29854	0.22222466787748707	0.22222466787748707	0
0.9278299555116164	2062152	0.5805505743912961	0.5811549089819419	0.4605913373028166	29368	0.20000395947669855	0.20000395947669855	0
0.9425358378645576	3373170	0.6675144985190196	0.6670752855874341	0.4660874236675196	29916	0.18936628402894165	0.18936628402894165	0
0.8588729609490855	3020702	0.676716060609602	0.6772432537311742	0.4596525361614941	26852	0.23418183099972437	0.23418183099972437	0
0.8832179930795848	2199076	0.5894565752179641	0.5902181515413033	0.4628052472452436	28088	0.21757986955938555	0.21757986955938555	0
0.884453781512605	2726580	0.5781839340260163	0.5790652487821466	0.4672687998279234	27970	0.20883222128332501	0.20883222128332501	0
0.907439446366782	3669424	0.6608369346044585	0.6612087581848475	0.47073249951802704	28808	0.2178621121713055	0.2178621121713055	0
0.8882847256549679	2725606	0.5763334125542191	0.5783203392014599	0.46552996740158387	28056	0.21726348196083178	0.21726348196083178	0
0.8759268413247652	4751798	0.6823456858059962	0.6827139997899653	0.4753694220355056	27922	0.20088481560104396	0.20088481560104396	0
0.8599851705388037	3053610	0.5937295963091452	0.5957771971565394	0.4686185404199507	27172	0.1946247489775154	0.1946247489775154	0
0.8680177953534355	1891820	0.645380525042461	0.6444684228993686	0.46075531763005056	27514	0.25724754290554563	0.25724754290554563	0
0.7878151260504201	1814036	0.6134939491262653	0.614195943433408	0.4625119719398489	24786	0.21770861819784204	0.21770861819784204	0
0.7785467128027681	1796214	0.5902261280081379	0.591176414662187	0.4605921701038243	24646	0.22909922985388867	0.22909922985388867	0
0.8918685121107266	2220526	0.6203124342119563	0.6203731997184686	0.46344785203232136	27970	0.23072281567295236	0.23072281567295236	0
0.782871972318339	2344132	0.5953352165844217	0.5952056472049511	0.4672308877788209	24644	0.1945696520598241	0.1945696520598241	0
0.8837123084527929	2165996	0.5768328905150908	0.5780802402101665	0.4566905107344259	27788	0.20315817133845204	0.20315817133845204	0
0.8744438952051409	2360190	0.6175135054861759	0.6174262761899397	0.4681189744887422	27662	0.2167418680212638	0.2167418680212638	0
0.9078101828966881	3080862	0.6303019699513723	0.63039738047039	0.45813276789298274	28732	0.20824724718887402	0.20824724718887402	0
0.680548690064261	1461720	0.5422142150345902	0.5444828266614249	0.45935471279409334	21426	0.20243362898835648	0.20243362898835648	0
0.824518042511122	2247710	0.5748804779169566	0.5761744464077052	0.46173556189291487	26052	0.23576985428571565	0.23576985428571565	0
0.8708601087493821	2693242	0.6290812139313974	0.6291766452832671	0.4654340310913508	27802	0.23827505883662647	0.23827505883662647	0
0.898418190805734	3960640	0.6635292102915303	0.6632629617239262	0.47279690055509876	28534	0.19134291033769235	0.19134291033769235	0
0.9556351952545724	3094942	0.6870286960703907	0.6871214461813834	0.4565254638849056	30272	0.2352559303211124	0.2352559303211124	0
0.8323035096391498	2825570	0.6630293900500827	0.6634265691483335	0.4670989519704249	26564	0.2511631386512581	0.2511631386512581	0
0.8267424616905585	2184716	0.5972624121624849	0.5980514981390589	0.46193070572755013	26266	0.23409941580765525	0.23409941580765525	0
0.8429312901631241	2102446	0.5891528991893353	0.5904891929312938	0.46068553230622616	26730	0.21405465603097418	0.21405465603097418	0
0.9170785961443401	2520490	0.6091231521796113	0.609968007138924	0.4607989505709926	28636	0.20089648203910648	0.20089648203910648	0
0.8919920909540286	2893306	0.6365338260775268	0.6362165522432495	0.46770373190296227	28056	0.2047258072818212	0.2047258072818212	0
0.9338853188334157	3438032	0.653228379759803	0.6532622596615425	0.46664863444295346	29606	0.2144867900956096	0.2144867900956096	0
0.8991596638655462	2616476	0.5867796770203643	0.5875912518188667	0.46970741105678065	28638	0.19931944272380697	0.19931944272380697	0
0.8557834898665349	2648902	0.5926938161782458	0.5937471759927314	0.466579830953364	27140	0.2015502240043698	0.2015502240043698	0
0.875308947108255	1976452	0.6160393464335595	0.6175295763101635	0.4618689806078562	27702	0.2281579535308684	0.2281579535308684	0
0.9113939693524469	1814796	0.6044003493269607	0.6049952710760055	0.4553321312688348	28896	0.24714001307900557	0.24714001307900557	0
0.8929807217004448	3113418	0.6011115591607674	0.6025889312588864	0.46133963908349895	27978	0.18428794405063106	0.18428794405063106	0
0.8677706376668315	3959884	0.645304053689615	0.644822026846865	0.4748517126512473	27608	0.21818122740001342	0.21818122740001342	0
0.9474789915966386	4686098	0.6895676545869401	0.6898127982428249	0.46264886410093947	29684	0.18414116345292428	0.18414116345292428	0
0.8916213544241226	2163046	0.6065649826790852	0.6071226231115767	0.4634284165239622	28140	0.2293347889353735	0.2293347889353735	0
0.7769401878398419	2574332	0.5874194418279414	0.5879614519164509	0.4673405584835844	24548	0.25320468407842045	0.25320468407842045	0
0.9143598615916955	2026606	0.6024307758111657	0.6029115200858424	0.4583143939658121	28736	0.22523146302645983	0.22523146302645983	0
0.9063272367770637	2341278	0.5576237462272333	0.5586123192635775	0.46418712424208236	28880	0.19095623985874147	0.19095623985874147	0
0.8000494315373208	1798312	0.670181612975561	0.6698037705552803	0.456522920162533	25064	0.2977416574168577	0.2977416574168577	0
0.8413247652001977	2230378	0.5986179511018869	0.5991648717569934	0.4651413594489004	26732	0.22943313649529448	0.22943313649529448	0
0.8108007909045971	2093972	0.6332320476642551	0.6325564316299788	0.4665662585900854	25608	0.21567375983018797	0.21567375983018797	0
0.9207859614434009	2178036	0.6242813437560345	0.6247016480792412	0.4574384698615696	29356	0.21998807971883735	0.21998807971883735	0
0.8970588235294118	3284582	0.6093047336411863	0.6099096600737172	0.46704938237195465	28118	0.2073118503825794	0.2073118503825794	0
0.9246169055857637	2734638	0.6115374489809678	0.6128300637637122	0.46127337953328595	29136	0.22036772494546172	0.22036772494546172	0
0.8848245180425112	2696154	0.6223979284820764	0.624357907258183	0.4576435402999479	27900	0.19648511579133	0.19648511579133	0
0.8821057834898666	2963384	0.662086030355458	0.662957085845553	0.4698401700480357	27872	0.20028595864872858	0.20028595864872858	0
0.9243697478991597	2779974	0.6655919761887062	0.6668190156961041	0.4663217200855229	29188	0.21174148202390386	0.21174148202390386	0
0.8804992585269402	2967446	0.6143471650736835	0.614725580163554	0.47155553172242165	27872	0.1993185992340649	0.1993185992340649	0
0.9346267918932278	3915942	0.7101911669151718	0.7093645482474312	0.45860391826764796	28910	0.22747920106066463	0.22747920106066463	0
0.8037567968363816	2210262	0.6345739539518508	0.6347945847434685	0.46627609143050347	25054	0.23003182224095056	0.23003182224095056	0
0.9106524962926347	1579238	0.6174523852650843	0.6185185613558088	0.4459559603882101	28646	0.23161299726444196	0.23161299726444196	0
0.893598615916955	2206270	0.5895797296094949	0.5893081061268322	0.46362640108568787	28296	0.21528278158830286	0.21528278158830286	0
0.8870489372219477	2893750	0.6460310151024732	0.6471344734311327	0.4693539883988768	27978	0.2392958419320922	0.2392958419320922	0
0.7650766188828473	2487352	0.6880629337102776	0.687045753075036	0.46589851892792283	24034	0.2213783005527931	0.2213783005527931	0
0.837864557587741	2814542	0.604868690691231	0.6051367153539294	0.4698985651116517	26218	0.22867783356681812	0.22867783356681812	0
0.8652990608007909	1783936	0.5981933020431763	0.5987174012412965	0.461954648822067	27330	0.24025914575767568	0.24025914575767568	0
0.8664112703905091	3065142	0.6544106079191118	0.654523262948152	0.4688307220056642	27460	0.23066330208885655	0.23066330208885655	0
0.8335392980721701	3508786	0.6339734414057062	0.6334664451084846	0.47475130381496294	26408	0.22143915226735558	0.22143915226735558	0
0.8756796836381612	3207616	0.6869850616289481	0.6872965424518314	0.4664304003866839	27656	0.24079313441804165	0.24079313441804165	0
0.8780276816608996	2631560	0.6667740465277556	0.66716279205355	0.46477268478152706	27738	0.2405201192736208	0.2405201192736208	0
0.8021502718734552	3188066	0.6271267613887862	0.6286188833180134	0.47239616046335836	25460	0.18726359394139105	0.18726359394139105	0
0.8096885813148789	1987584	0.6544102709548482	0.6537454065047054	0.46075564070772607	25748	0.26060659766863015	0.26060659766863015	0
0.8153732081067722	2695118	0.6868471265941373	0.6857207136683346	0.4651531749940648	25720	0.27268435800275465	0.27268435800275465	0
0.8413247652001977	2849810	0.6116198656586556	0.6118128675797243	0.4694117413781178	26672	0.20769799744013265	0.20769799744013265	0
0.810306475531389	2200484	0.616220854604086	0.6160897912416646	0.4613769295811867	25448	0.23250059836098158	0.23250059836098158	0
0.9300543746910529	2302382	0.6312411677078382	0.6318307251445847	0.45414597670473844	29180	0.22142658124897852	0.22142658124897852	0
0.9138655462184874	1959514	0.6163396090849524	0.6170128426648865	0.45195532637923747	29226	0.24663907544167032	0.24663907544167032	0
0.9242461690558577	2908546	0.6264885793118752	0.6276366544720242	0.46285417741323176	29198	0.22411521031145268	0.22411521031145268	0
0.8294611962432031	3238072	0.6862371997009458	0.6870165585699697	0.46361281535115834	26344	0.245286529315904	0.245286529315904	0
0.8530647553138903	2645924	0.6176738654105965	0.6193212647420216	0.4601729088946028	26802	0.21604585884396518	0.21604585884396518	0
0.870612951062778	1992484	0.5777885872956056	0.5800855039757001	0.4589737319620573	27252	0.23348582846740595	0.23348582846740595	0
0.7883094414236282	1917002	0.5874978669592602	0.5884925390229477	0.46187486997846733	25040	0.24167712774241187	0.24167712774241187	0
0.8305734058329214	2679748	0.6593410730755174	0.6606734461582077	0.465487642588201	26268	0.24609415544465488	0.24609415544465488	0
0.9086752347998023	3411180	0.6466902270998244	0.6464315313535379	0.4618545061102443	28998	0.19332681208035907	0.19332681208035907	0
0.8571428571428572	2763600	0.5908699222916847	0.5905077018908385	0.46989541951335295	27176	0.20462320008889326	0.20462320008889326	0
0.9044735541275334	3319920	0.6816090211777461	0.680962370262895	0.46051287799181306	28658	0.2243884780306471	0.2243884780306471	0
0.8604794859120118	2278386	0.6391745349623337	0.6396852997136292	0.46346317249891644	26922	0.22656197335953224	0.22656197335953224	0
0.8047454275827979	1845242	0.5745993841938702	0.575274731628351	0.45721169428585223	25530	0.2249867823698731	0.2249867823698731	0
0.8994068215521502	2129270	0.5436393309528942	0.5454388113975677	0.4587054598522204	28374	0.1883500737481013	0.1883500737481013	0
0.8906327236777064	2732362	0.6210986757690927	0.6213914239038806	0.46443218829554245	28340	0.21332331717415567	0.21332331717415567	0
0.8848245180425112	2616862	0.5860723202807042	0.5860198507840505	0.4661800904663657	28122	0.22254800248477336	0.22254800248477336	0
0.9063272367770637	3527050	0.6695123414135038	0.6690453985244563	0.46917392553907505	28796	0.22079793634956843	0.22079793634956843	0
0.9032377656945131	3862176	0.6857010165570432	0.6861380676311696	0.46107555512223525	28546	0.21968613167090753	0.21968613167090753	0
0.8302026693030153	3932392	0.7018351195902884	0.7023094750457194	0.47103311308441476	26038	0.17991957864790864	0.17991957864790864	0
0.7989372219476025	2678122	0.594850560775359	0.5951908070457815	0.46958459277618075	25208	0.2083496167152834	0.2083496167152834	0
0.8235294117647058	3191092	0.6575171162082402	0.6575958313705822	0.4684630708679809	26310	0.20824381213779072	0.20824381213779072	0
0.856277805239743	2299938	0.6039830447545318	0.6056974612465578	0.46274934053810374	27108	0.18766864677210293	0.18766864677210293	0
0.8319327731092436	3472704	0.6870782829717038	0.6872096132157628	0.47238374592593063	26496	0.20948036724287908	0.20948036724287908	0
0.8636925358378645	2914348	0.6139753223111187	0.6151979859133258	0.46554404058827337	27154	0.2197300154532097	0.2197300154532097	0
0.9144834404349975	2589384	0.615672179295513	0.6170879220337061	0.46394003822759927	29070	0.21338614233466638	0.21338614233466638	0
0.8975531389026199	2530524	0.6258584547523747	0.6272243524514771	0.4663613463133593	28436	0.23008861160647295	0.23008861160647295	0
0.9023727137913989	3334068	0.6366808971912586	0.6369118496440768	0.4664031659200278	28402	0.18485207090654776	0.18485207090654776	0
0.9002718734552645	2701172	0.5807397757542258	0.5816566233935778	0.46214123066088764	28282	0.2139998658801343	0.2139998658801343	0
0.8696243203163618	3398444	0.6828460367884608	0.6830403913691039	0.46337993059813704	27638	0.21879768401588826	0.21879768401588826	0
0.930919426594167	3729804	0.6860190194751016	0.6860565226745071	0.46392088451493735	29500	0.19359243110427174	0.19359243110427174	0
0.8874196737518537	2801324	0.6179627493438292	0.6211059853153608	0.46033162184825266	28108	0.17915280392663227	0.17915280392663227	0
0.8902619871478002	2747934	0.6443781890554247	0.6441457298366815	0.4669211880922987	28380	0.2141839437190465	0.2141839437190465	0
0.8871725160652496	3039706	0.6472767470409168	0.6476988349653315	0.4659463056953368	28052	0.20843377910337435	0.20843377910337435	0
0.8441670785961444	2796896	0.5664232032325068	0.5681220969421311	0.4700455550374878	26680	0.1748908039046667	0.1748908039046667	0
0.9087988136431043	2341442	0.6427816289895469	0.6427001767631839	0.46132962008425465	28676	0.21437820629091084	0.21437820629091084	0
0.9055857637172516	4183998	0.7048254568952559	0.7051490358506755	0.45956018340030297	28294	0.24161093622627602	0.24161093622627602	0
0.9023727137913989	3047264	0.6432974633639169	0.6437140348929384	0.46925703861420903	28738	0.2183365921313125	0.2183365921313125	0
0.8094414236282749	3478000	0.6686837931846532	0.6683584791160201	0.4610734336513657	25558	0.20551327822946222	0.20551327822946222	0
0.8913741967375185	2386644	0.6599023337953515	0.6596947639803175	0.4623853540034644	28020	0.25076281449699117	0.25076281449699117	0
0.8769154720711814	3009352	0.6857003346624561	0.6855986946400194	0.4640384210043504	27492	0.2256035468346231	0.2256035468346231	0
0.9087988136431043	1744476	0.5494002240783303	0.5509341136613463	0.4496387803007355	28354	0.23517312769876123	0.23517312769876123	0
0.897676717745922	3362998	0.6122980071516231	0.6130887465330491	0.469301040346995	28536	0.21651816912225838	0.21651816912225838	0
0.9438952051408799	2185310	0.6127450036026217	0.6135365679040315	0.44646053367721233	29834	0.23458490936338586	0.23458490936338586	0
0.9108996539792388	1796240	0.5870801208565399	0.5878317261151246	0.4571268581005435	28730	0.21916671835862958	0.21916671835862958	0
0.8514582303509639	1917558	0.6293780676384227	0.6305225500056059	0.4556316495534957	26730	0.2251539930518117	0.2251539930518117	0
0.768536826495304	2206898	0.6003562733903777	0.6015202024445437	0.46707851589197946	24328	0.2679399952259257	0.2679399952259257	0
0.9110232328225408	2868148	0.6185527573465677	0.6182798605825953	0.46547537129426875	28706	0.20897756995755745	0.20897756995755745	0
0.8835887296094909	2659310	0.6209915526225168	0.6208010158091696	0.4649762125068037	27772	0.1885842879702474	0.1885842879702474	0
0.8943400889767672	2322012	0.6013813331986649	0.6023647070062332	0.4587304620122034	28312	0.1982348540206954	0.1982348540206954	0
0.9265941670785961	2540222	0.6046371026721133	0.6053386722168804	0.4569700470991022	29182	0.2291394761305999	0.2291394761305999	0
0.8273603559070687	2173010	0.6310083971169735	0.6317936602887549	0.46809844110146365	26184	0.22275809395924273	0.22275809395924273	0
0.889273356401384	2935200	0.6387368584335865	0.6390032964399451	0.4641864274052962	28174	0.18589575570595385	0.18589575570595385	0
0.9299307958477508	2594632	0.6087199616736675	0.6098348059750299	0.4632055920467393	29284	0.20085940047403394	0.20085940047403394	0
0.8827236777063767	3914654	0.6566539694661117	0.6565115772985042	0.46474160608890697	28000	0.21908941604988474	0.21908941604988474	0
0.8845773603559071	2459982	0.6114538465644168	0.6117279076589245	0.4613926621798002	28158	0.2383556974031619	0.2383556974031619	0
0.9326495304003954	2292254	0.5785949899793287	0.5807235006631737	0.4548727626916991	29334	0.20078747324733512	0.20078747324733512	0
0.8911270390509145	4078928	0.6598054458442263	0.6602311602467551	0.46690904973933756	28232	0.21314687983659916	0.21314687983659916	0
0.9007661888284726	2908436	0.564077531345149	0.5655224193920757	0.4667339609354513	28548	0.19735017564877058	0.19735017564877058	0
0.8491102323282254	3085816	0.6449289845199583	0.644440733906095	0.4713129356010768	26900	0.24074561942440356	0.24074561942440356	0
0.7700197726149283	2495714	0.5967798671160597	0.5954729583858254	0.4729287795382511	24340	0.22460988855029443	0.22460988855029443	0
0.8407068709836876	2378128	0.6632725882591056	0.6644635510056944	0.46343055885975665	26728	0.24376499532190601	0.24376499532190601	0
0.8415719228868017	2949216	0.6319353186781719	0.6325679510214607	0.46855709268190776	26548	0.2203127517843282	0.2203127517843282	0
0.8331685615422639	2998934	0.6734032780540722	0.6725157527867452	0.46345055615292025	26006	0.26393038474771396	0.26393038474771396	0
0.7497528423133959	3073444	0.697902804055914	0.6977933654319962	0.47054849228418183	23810	0.24038762476840062	0.24038762476840062	0
0.8372466633712309	2015702	0.5925457261543279	0.5933975336761369	0.46444121832521074	26556	0.22805274862665947	0.22805274862665947	0
0.7991843796342066	3029620	0.6598200668207561	0.6602304045303596	0.46838699017279395	25288	0.26579349873332786	0.26579349873332786	0
0.8589965397923875	2286936	0.5649141588325896	0.5650916330319561	0.4537125856451187	26902	0.2128806207959321	0.2128806207959321	0
0.8676470588235294	3612756	0.6712820133138565	0.6717291073889496	0.46842395100515044	27344	0.23282577954038128	0.23282577954038128	0
0.865793376173999	1934482	0.6595941686737401	0.6598966810600769	0.4642865288416551	27392	0.26457350039854854	0.26457350039854854	0
0.8813643104300544	2190236	0.5949816238692308	0.5961305201835363	0.46261847704191505	27828	0.20983764594845922	0.20983764594845922	0
0.8924864063272367	2376480	0.6148646749001335	0.615816447463352	0.464234440690664	28322	0.18816390549102058	0.18816390549102058	0
0.8628274839347504	3360892	0.647891628431255	0.6480169252711862	0.46795351534327106	27302	0.22084158520116712	0.22084158520116712	0
0.856772120612951	2696088	0.6814974985390146	0.6816024882479	0.468828041611102	27386	0.23174068706231032	0.23174068706231032	0
0.8278546712802768	1999352	0.5507815941819495	0.5524147750677845	0.4620025417890961	26116	0.21086503560633718	0.21086503560633718	0
0.9100346020761245	3375948	0.6743420406015838	0.6738745804264141	0.4661774954394102	28898	0.20209247798494415	0.20209247798494415	0
0.8397182402372714	2796818	0.6513839482277556	0.6510596426210997	0.4577864882193145	26574	0.24961548254354862	0.24961548254354862	0
0.9039792387543253	2810354	0.6204090191719539	0.6214718509894531	0.45999804063863375	28514	0.2021402876181961	0.2021402876181961	0
0.8068462679189323	2987246	0.6331139382990555	0.6338821125132333	0.4683068658485688	25680	0.20375192513673976	0.20375192513673976	0
0.8865546218487395	2581420	0.6256212311391164	0.6257008349882635	0.45521462384207334	27884	0.207535604632778	0.207535604632778	0
0.884453781512605	4635526	0.6473459004569119	0.648532498966568	0.47428499254967477	27848	0.22902964166794534	0.22902964166794534	0
0.8445378151260504	3144632	0.6499706426397861	0.6505983386082171	0.4709165507770437	26868	0.1979433516697339	0.1979433516697339	0
0.8329214038556599	2347272	0.6000770109597681	0.5997313513773684	0.4592496049372469	26382	0.19163983220237976	0.19163983220237976	0
0.8035096391497776	1968352	0.5356705093580011	0.5381525063085949	0.4522357854415184	25478	0.2102121807848183	0.2102121807848183	0
0.8775333662876915	3188424	0.627443520886377	0.6278331099376316	0.4683390877817096	27588	0.2040388621657896	0.2040388621657896	0
0.8839594661393969	2095304	0.6242870852854273	0.6257086780110187	0.4562163232586236	27956	0.2116896301623579	0.2116896301623579	0
0.9017548195748888	2526828	0.6416148428183204	0.6432338125584063	0.4547886680305337	28426	0.2144267329352367	0.2144267329352367	0
0.9307958477508651	2597352	0.6225030995231885	0.6253758830556533	0.4597676271104018	29074	0.21734496449649618	0.21734496449649618	0
0.9253583786455759	1876576	0.5934153611042066	0.5948308551970575	0.44769427938851475	29036	0.21614011058664817	0.21614011058664817	0
0.8199456253089471	1943128	0.6468283500750462	0.6464806337193796	0.4636882015998764	25832	0.23202787481053636	0.23202787481053636	0
0.8769154720711814	3856724	0.6790987765383177	0.6784811983806684	0.47135365525660977	27700	0.18988996008890266	0.18988996008890266	0
0.8785219970341077	2755106	0.5621013020710075	0.5628809531811414	0.4702013866393988	27834	0.20992897820879072	0.20992897820879072	0
0.7534602076124568	1751926	0.614561783634722	0.6142527514326638	0.45944770868435186	23722	0.2449500286198667	0.2449500286198667	0
0.8708601087493821	2311000	0.6501426766436702	0.6504108794595098	0.4622366454264752	27326	0.22741421605406262	0.22741421605406262	0
0.8582550667325753	2498854	0.6057968733112172	0.6068399584552412	0.4656090788100129	27028	0.178858275912491	0.178858275912491	0
0.916707859614434	3725430	0.6978368825313149	0.6986590995224958	0.4634686641921082	29078	0.2208963692066542	0.2208963692066542	0
0.9296836381611469	2671742	0.5887515344200284	0.5893567131579688	0.46277938738731383	29242	0.18622243863872168	0.18622243863872168	0
0.8821057834898666	3143208	0.6851253815664053	0.6853977431152649	0.4621521236976047	28024	0.24047112272090884	0.24047112272090884	0
0.8135195254572417	2345080	0.5867551709287522	0.5879587001924534	0.4626193411746921	25636	0.18440410970254376	0.18440410970254376	0
0.9357390014829461	2583260	0.6337855317370752	0.6349210674570837	0.45620582125090875	29390	0.22448637315785228	0.22448637315785228	0
0.8403361344537815	1966242	0.656247668773157	0.6558405239418057	0.4592834684876972	26318	0.2305646953720029	0.2305646953720029	0
0.8767918932278794	3314178	0.6075263372167837	0.6084527732809613	0.4677506563948805	27624	0.1954665670082322	0.1954665670082322	0
0.856401384083045	2580854	0.5624031718773862	0.5628093172159501	0.4641340907021077	27156	0.18112283579714408	0.18112283579714408	0
0.930672268907563	2860152	0.5824855391761549	0.5835086938466236	0.4619510254730979	29526	0.2107440612583981	0.2107440612583981	0
0.8431784478497282	2136702	0.5680543232647798	0.5704628957817505	0.4603759822716915	26402	0.21983323039455385	0.21983323039455385	0
0.7859614434008898	2474998	0.6043135049979411	0.6046318108140201	0.4639349978403378	24822	0.25462762653068477	0.25462762653068477	0
0.851952545724172	2241420	0.5932067798775432	0.5931163970725194	0.4618459136342365	27036	0.22780737069379994	0.22780737069379994	0
0.879634206623826	4197312	0.698102700076278	0.697610099134236	0.469681959466596	27908	0.22245199716223688	0.22245199716223688	0
0.8771626297577855	2391164	0.6601170079954426	0.6604309443153882	0.4683382618602409	27830	0.23754250937597512	0.23754250937597512	0
0.8872960949085517	2564146	0.6240048071495328	0.6255351896253002	0.46009343259012686	28162	0.2053390983653546	0.2053390983653546	0
0.856648541769649	2335042	0.610179085904028	0.6104778995701208	0.4622566501792496	26918	0.24972500434892972	0.24972500434892972	0
0.8681413741967375	3537178	0.5915881893906595	0.5923374058830834	0.4674804229378707	27526	0.17703132314047498	0.17703132314047498	0
0.8853188334157193	2908330	0.5520425731159779	0.5529851545811528	0.4670537947718638	27880	0.18465801689416841	0.18465801689416841	0
0.8547948591201187	2352058	0.625641260061221	0.6263943938239932	0.46269720272339815	26912	0.20344531708563454	0.20344531708563454	0
0.8948344043499753	2854656	0.5410989859787939	0.5422148906617985	0.4642373017068863	28266	0.18456036819206353	0.18456036819206353	0
0.8180919426594166	1855604	0.6279339844493459	0.628097553239039	0.4660906467525395	25760	0.2629477929289827	0.2629477929289827	0
0.8780276816608996	2487068	0.6469686722332754	0.6465442079561965	0.4677957464919786	27834	0.22523640575432582	0.22523640575432582	0
0.8573900148294612	2410162	0.5504910951329417	0.5515483731935016	0.4718939193989886	27056	0.22059336206172542	0.22059336206172542	0
0.9039792387543253	2020900	0.5964249859545798	0.5962926843572046	0.45727583462809357	28648	0.2612220369806645	0.2612220369806645	0
0.9029906080079091	2590202	0.6185317003508176	0.6196390729323815	0.4624949406307406	28518	0.20566832509455035	0.20566832509455035	0
0.8854424122590212	2950046	0.6623293425750848	0.6621588897629554	0.4662652536917138	27858	0.22698753431867247	0.22698753431867247	0
0.846885813148789	2353816	0.634195739915351	0.6345374787028798	0.46850066243106875	26582	0.23359521966200525	0.23359521966200525	0
0.856772120612951	2803616	0.6258319930068172	0.626077229051455	0.4659967805367821	26782	0.20973528000832087	0.20973528000832087	0
0.898418190805734	2764590	0.643545343013531	0.6438087995231981	0.46524673882377177	28292	0.2061545906905351	0.2061545906905351	0
0.9380869995056846	3015126	0.6527979173548369	0.6527673969123137	0.46081539253605786	29696	0.21953742403639634	0.21953742403639634	0
0.8912506178942166	2003738	0.6225696244399418	0.6230382106185702	0.4625654832952546	28100	0.2321143323424242	0.2321143323424242	0
0.866164112703905	3784580	0.6387119272701572	0.6391118249842364	0.47394056999554457	27652	0.18942682672216296	0.18942682672216296	0
0.8669055857637172	2770854	0.7021428158216558	0.7009414581323005	0.4643177961356875	27446	0.22464691595284822	0.22464691595284822	0
0.7512357884330203	2883068	0.659819755043699	0.6598902214889247	0.4696786181090346	23654	0.2228256857519387	0.2228256857519387	0
0.9079337617399901	3043514	0.6327336458373116	0.6336599630287394	0.46508861193959183	28942	0.2148163253923522	0.2148163253923522	0
0.8627039050914483	3081452	0.5795005312537721	0.5799753039468684	0.47212324191877225	27472	0.20540419560497392	0.20540419560497392	0
0.699456253089471	1312206	0.5549598161638928	0.5576260752292159	0.45613012237221917	21916	0.22949796669838016	0.22949796669838016	0
0.9456253089471083	2928034	0.6767018858248982	0.677661109084572	0.4624043773409892	29886	0.22544749331257574	0.22544749331257574	0
0.8531883341571923	1695286	0.6277596198061866	0.6270503490419451	0.4552356506582755	26734	0.27973400832175155	0.27973400832175155	0
0.9104053386060307	2273780	0.6012926212969439	0.6014972090673923	0.46119192273805726	28894	0.21640248776640414	0.21640248776640414	0
0.9078101828966881	2212868	0.6253546480221234	0.6250692969444674	0.46030792078547916	28852	0.22285401166414517	0.22285401166414517	0
0.9354918437963421	3662392	0.6934379281268178	0.692430341837036	0.4699810991383264	29744	0.2009723052437318	0.2009723052437318	0
0.8738260009886307	1584992	0.5114437555815635	0.5130126875577908	0.4574840061954677	27502	0.18621915693147942	0.18621915693147942	0
0.8373702422145328	3134274	0.6816723832854595	0.6820534845671805	0.4706831826180073	26476	0.24952755277805425	0.24952755277805425	0
0.9007661888284726	2536440	0.625182808282614	0.6263695184629121	0.4661112307197128	28442	0.22958006694163557	0.22958006694163557	0
0.8942165101334651	2770914	0.5963757106911359	0.5963662127187589	0.4663117661641282	28392	0.19506116613107397	0.19506116613107397	0
0.930177953534355	5313950	0.7223855526734365	0.7227457069127478	0.46126260354477133	29202	0.19804206199895344	0.19804206199895344	0
0.8498517053880376	2157820	0.6261571336511381	0.6256961651020996	0.4653143997344946	27196	0.24104170539190353	0.24104170539190353	0
0.9312901631240732	3420462	0.6418461704097181	0.6424040243999284	0.46311539132163954	29138	0.20686081144568444	0.20686081144568444	0
0.8153732081067722	3304896	0.6392099113560056	0.6389087801829553	0.46121387138022024	25592	0.2116261277587579	0.2116261277587579	0
0.8818586258032625	2442580	0.5803438487189853	0.5828741664244671	0.45787782430721147	27720	0.23760113455609697	0.23760113455609697	0
0.9153484923381117	1830000	0.6076456401284808	0.6078844086327672	0.4522508574700271	28518	0.2296734403050209	0.2296734403050209	0
0.930177953534355	3252706	0.5954080213547354	0.598276272997362	0.4703094468079992	29404	0.21385150043652004	0.21385150043652004	0
0.7628521997034108	2412578	0.6587910121537001	0.6585518900926307	0.46649567176752016	24012	0.21442809763329174	0.21442809763329174	0
0.8447849728126544	4279288	0.678524262435411	0.6781420128351782	0.471160970028857	26754	0.21848844115329635	0.21848844115329635	0
0.8759268413247652	3180982	0.686451634178267	0.6865334649283396	0.46252139107631446	27656	0.2399956923492624	0.2399956923492624	0
0.939940682155215	2413184	0.6611232624474519	0.6616429533875275	0.4605002996967073	29716	0.23329796643935344	0.23329796643935344	0
0.9282006920415224	1767940	0.5598258162646765	0.5609083740022114	0.4533671446009017	29422	0.2166068254236153	0.2166068254236153	0
0.8944636678200693	3052058	0.6519400981539765	0.6531122013593246	0.46856417984114285	28318	0.21598686046293128	0.21598686046293128	0
0.9100346020761245	2972628	0.6617164327662252	0.6617176435648381	0.467636089114642	29048	0.22087456233898908	0.22087456233898908	0
0.8305734058329214	3975814	0.6648889927822234	0.6647577619453798	0.46622715516350133	26202	0.2424911420097486	0.2424911420097486	0
0.8518289668808701	2199546	0.6484793953121998	0.6495256949051395	0.4612106328867423	26792	0.19925427756523065	0.19925427756523065	0
0.8108007909045971	2990986	0.6457064881932963	0.645965500766192	0.46913256179685225	25298	0.21193071850998582	0.21193071850998582	0
0.8208106772120614	1949292	0.4993498195310515	0.5011468595704044	0.46174229504121084	26010	0.20973240886344754	0.20973240886344754	0
0.9205388037567969	3351490	0.6393710908197255	0.6404940904533188	0.4653986320167988	29290	0.22054609422068014	0.22054609422068014	0
0.8992832427088482	2380752	0.632255013181253	0.6325470715254268	0.4587149566711777	28474	0.19511924198725358	0.19511924198725358	0
0.8645575877409788	2910152	0.6840259715173452	0.6836894430782435	0.4671754980310672	27266	0.2426336432725139	0.2426336432725139	0
0.8751853682649531	1418838	0.5313937178619615	0.5358218753783532	0.44985405685661894	27412	0.22316056766754255	0.22316056766754255	0
0.8860603064755314	3106284	0.6740239972207774	0.6749928527747951	0.46772207846477	28190	0.22580590188554542	0.22580590188554542	0
0.9131240731586753	2538996	0.5980545584695625	0.5988489664330954	0.4600198372823106	28788	0.22656906772490784	0.22656906772490784	0
0.9201680672268908	4193626	0.6285440666022092	0.6318631861717308	0.4681766348234829	28954	0.1769717772505126	0.1769717772505126	0
0.8256302521008403	2277004	0.6636400421047184	0.6635194602743574	0.4718323993638467	26160	0.24389413268141116	0.24389413268141116	0
0.8533119130004942	2238462	0.6398921157365743	0.6404637836784617	0.4639212751611557	26872	0.22671230333462067	0.22671230333462067	0
0.9354918437963421	4209690	0.6535004959656352	0.6539522301536023	0.4690473647385313	29636	0.18268015025571072	0.18268015025571072	0
0.8639396935244686	2371652	0.6484741713795177	0.6480495071485044	0.46289957689883693	27126	0.24150192236775	0.24150192236775	0
0.9206623826000988	3924400	0.6608869421745914	0.6613751521127805	0.4643643527575895	28956	0.17089046798511467	0.17089046798511467	0
0.9321552150271873	2908980	0.5582908566320673	0.5605918027763016	0.4641688240721246	29476	0.18280089404839361	0.18280089404839361	0
0.8987889273356402	3268400	0.5852627982614856	0.5873268006657846	0.4649864436508539	28600	0.18197525272557782	0.18197525272557782	0
0.8854424122590212	2362960	0.6455416778284383	0.645513079335188	0.46634611293604716	28088	0.24894625322408623	0.24894625322408623	0
0.8709836875926842	2649016	0.6314142220019551	0.6316148491329816	0.4646772017593555	27308	0.21992528853237367	0.21992528853237367	0
0.8455264458724666	3546926	0.6272544202826469	0.6277759272122229	0.47380144585142875	26694	0.18911535881510563	0.18911535881510563	0
0.8546712802768166	3620944	0.6156341942730429	0.6166654737735361	0.4690234816833712	27372	0.1777219410096167	0.1777219410096167	0
0.870612951062778	4588292	0.7012811303918941	0.7015819470084422	0.47498448512409985	27470	0.19200278012202535	0.19200278012202535	0
0.824270884824518	3152852	0.5964452887116777	0.5973653025580955	0.47207285472820226	26522	0.21605613714779615	0.21605613714779615	0
0.7696490360850222	2768408	0.6327253358137966	0.6333405477161215	0.4679861347942475	24426	0.2299587477528953	0.2299587477528953	0
0.8792634700939199	3408956	0.6694610099241799	0.6696732511360834	0.46203499262249553	27804	0.20995788243960367	0.20995788243960367	0
0.8804992585269402	2301904	0.6551335307583344	0.6555863383184778	0.46247636415791255	27668	0.21538999375153822	0.21538999375153822	0
0.9206623826000988	3537292	0.6663765532065345	0.6659041257974682	0.47063513418637054	29224	0.2116498704907871	0.2116498704907871	0
0.8864310430054375	2483310	0.6332258190145724	0.6342988758474968	0.4647316956494146	28172	0.20490831390604927	0.20490831390604927	0
0.9204152249134948	4282680	0.6143938316455395	0.6181406136854003	0.46349418152811855	28916	0.1751092903241027	0.1751092903241027	0
0.8592436974789917	2272824	0.6287595666331999	0.6301319158769396	0.4603587549770522	26942	0.22369697290864907	0.22369697290864907	0
0.8919920909540286	3215100	0.65185571827772	0.6518916335807764	0.4706778653904886	28464	0.21045436437617385	0.21045436437617385	0
0.8220464656450815	1858536	0.5894847409244344	0.5897050934429694	0.463757249663212	25612	0.2394857178517716	0.2394857178517716	0
0.8924864063272367	2505590	0.6180562470375339	0.6190513832605019	0.4680706616763482	27976	0.22790366855288036	0.22790366855288036	0
0.893598615916955	4696674	0.685853536363533	0.6866246403124444	0.4715547762028289	28342	0.2002272777029653	0.2002272777029653	0
0.8678942165101334	3417618	0.6622701913347314	0.6620108500862546	0.4686171189283053	27340	0.20020354680975638	0.20020354680975638	0
0.9169550173010381	3632624	0.644532565000927	0.6444142004453065	0.4678845277356793	29292	0.19299467709566778	0.19299467709566778	0
0.7870736529906079	3053072	0.7229060296722055	0.7228956255288779	0.46785274699635976	24884	0.24699223365512735	0.24699223365512735	0
0.8990360850222442	2473470	0.5524425988752387	0.5534396193839213	0.4659935601986113	28438	0.19205844647066558	0.19205844647066558	0
0.8944636678200693	2475412	0.6651734486404214	0.6659514614827189	0.4641622237690397	28092	0.23364367279221285	0.23364367279221285	0
0.8221700444883836	3516802	0.6926014478247704	0.6920686046624831	0.4770928092083639	26342	0.19462956614266055	0.19462956614266055	0
0.9531636183885319	3911034	0.6352382220703214	0.6358733057114463	0.4667370111774802	30270	0.2267567581031734	0.2267567581031734	0
0.8772862086010875	3689218	0.6071161938067322	0.6081447866648704	0.4719119449452545	28036	0.20580581981409637	0.20580581981409637	0
0.8693771626297577	2892196	0.6115542903234448	0.612368744371573	0.4703544833196001	27766	0.21457159992194566	0.21457159992194566	0
0.8895205140879882	2792200	0.6697687780009502	0.6704218767084901	0.4660819835225567	28256	0.2221151802152057	0.2221151802152057	0
0.8466386554621849	1989460	0.5497286546348261	0.5503668799990801	0.46172661541285437	26672	0.22607830048531571	0.22607830048531571	0
0.8350222441917944	2682604	0.6487921860916619	0.6506409251000757	0.4579834732257912	26466	0.21628347857423014	0.21628347857423014	0
0.838111715274345	2834900	0.654464611992095	0.6551706908387475	0.46831570131587585	26706	0.20661798007617774	0.20661798007617774	0
0.889273356401384	3681524	0.6663692525030286	0.6661076624559716	0.47284440898712593	28218	0.21809459524503408	0.21809459524503408	0
0.8755561047948591	2240078	0.6256804625633072	0.6264356808357895	0.46199211259046424	27616	0.2428379535315521	0.2428379535315521	0
0.8765447355412753	2214964	0.5549426577148842	0.5562054864559834	0.4618659355363511	27458	0.195949407271792	0.195949407271792	0
0.8781512605042017	2554384	0.6157755073650238	0.6173070127167561	0.46414405919362217	27744	0.20258103888139098	0.20258103888139098	0
0.8361344537815126	1661988	0.5418463331720033	0.5445009028645642	0.4597044844440937	26402	0.23447228172537918	0.23447228172537918	0
0.846885813148789	2004604	0.6369515827862265	0.6379241072202887	0.4619760057361877	26712	0.2336378604278653	0.2336378604278653	0
0.8678942165101334	3186758	0.6881857070357132	0.6880334325372597	0.47138877723036493	27558	0.22963999725166506	0.22963999725166506	0
0.8818586258032625	2998652	0.6749335095997092	0.6759488372071308	0.46463587167781606	27958	0.23780751222392285	0.23780751222392285	0
0.8811171527434503	2259406	0.6728636697554394	0.6727325720487771	0.45508922018603926	27594	0.23416048465120734	0.23416048465120734	0
0.7675481957488878	1321312	0.5365638676736385	0.5379756003732507	0.4610336820158705	24324	0.26051441186774066	0.26051441186774066	0
0.9138655462184874	2471314	0.6116561433034519	0.6122066987537125	0.4693580972944973	28744	0.2295596278570474	0.2295596278570474	0
0.8902619871478002	2616422	0.6121722272808005	0.6132853588958793	0.46361168276672715	28108	0.22547166193778842	0.22547166193778842	0
0.8989125061789421	2452110	0.6711503211678999	0.6710314212664165	0.4672836735097246	28634	0.2282483900053098	0.2282483900053098	0
0.8906327236777064	4271078	0.6657105946027476	0.6653633997944884	0.4704979913939403	27926	0.20164909625792574	0.20164909625792574	0
0.8572664359861591	2573918	0.6344166053961037	0.6353536282969235	0.46366816519108256	26858	0.2282465664264801	0.2282465664264801	0
0.8526940187839842	2846948	0.5570286157800016	0.5594587736613944	0.46742161511900204	26834	0.2346673826156962	0.2346673826156962	0
0.9155956500247158	3896964	0.7176555988629181	0.7176341481900602	0.4697922813854671	29198	0.23382818129294783	0.23382818129294783	0
0.9060800790904597	3357818	0.6245679966597769	0.6245519625097576	0.4659289854344695	28616	0.19389200263641648	0.19389200263641648	0
0.8866782006920415	2218188	0.6503476509177909	0.6506897039841549	0.46243223926880944	28092	0.23470555877977975	0.23470555877977975	0
0.8539298072170045	3861106	0.6472587284781203	0.6477906306978118	0.47293985612981504	27020	0.2132030348803008	0.2132030348803008	0
0.865546218487395	2633714	0.6245824091226778	0.6261612050193827	0.46833080736310523	27368	0.204949865224855	0.204949865224855	0
0.9193030153237766	2714654	0.6460415187098499	0.6457483683615878	0.46252201424999656	28804	0.22138821942858286	0.22138821942858286	0
0.9152249134948097	1831698	0.6195554014895094	0.6213834857844224	0.4536398122085939	28654	0.2126455632724673	0.2126455632724673	0
0.8507167572911518	3191100	0.6279869192627116	0.6287355818187369	0.46281971063955535	26658	0.25066148370238756	0.25066148370238756	0
0.8921156697973307	2682558	0.6401076728874276	0.6405221624309309	0.4623102551037741	28468	0.2058547804002835	0.2058547804002835	0
0.8138902619871478	2229572	0.5414108094527735	0.5434151883816313	0.4660370614903087	25810	0.2012876111031123	0.2012876111031123	0
0.9226396440929313	2176054	0.5706495838450203	0.5726118786164675	0.4574988272759941	29288	0.2062524628846472	0.2062524628846472	0
0.8578843302026693	2245576	0.6182761899490404	0.6196092480218088	0.4693585359987247	27286	0.22661667339854327	0.22661667339854327	0
0.8549184379634207	2713594	0.5867670711759808	0.5887063518761061	0.4647344549075891	26930	0.23143348573869418	0.23143348573869418	0
0.8952051408798813	2379284	0.6111793537710609	0.611887893360261	0.4573398933390917	28082	0.23290929675010466	0.23290929675010466	0
0.8384824518042511	2488644	0.6585374486437988	0.6584065830127049	0.4688451331518078	26706	0.23212333722136488	0.23212333722136488	0
0.8549184379634207	3205972	0.6367640973264024	0.6376751387919126	0.46137205498454215	26852	0.18718370734990541	0.18718370734990541	0
0.833292140385566	2092066	0.5927475091599367	0.5950077345119317	0.4667280083114449	26162	0.2493936695253107	0.2493936695253107	0
0.8775333662876915	5140386	0.6783248365084132	0.678904279779129	0.4724459731915181	28024	0.19989195796972578	0.19989195796972578	0
0.8891497775580821	2599712	0.6613556881695639	0.66146394662464	0.46057638151018604	28338	0.21526501886307783	0.21526501886307783	0
0.8510874938210579	2233136	0.5845419194616189	0.5852525025204866	0.46690040589006254	27040	0.23261066832246854	0.23261066832246854	0
0.8662876915472071	2899520	0.5612809517510121	0.561717977435675	0.46451510428563864	27128	0.21729992893498398	0.21729992893498398	0
0.9049678695007415	1786172	0.6168599482265814	0.6171340830222395	0.4556349731956794	28520	0.2526150766481073	0.2526150766481073	0
0.9127533366287691	2331912	0.6303992902905576	0.6313637842722336	0.4617641037849989	28880	0.2445884354986527	0.2445884354986527	0
0.8394710825506673	2993918	0.650551875274884	0.652042934536223	0.4640540435136267	26494	0.20951619361794296	0.20951619361794296	0
0.893722194760257	3193256	0.653290030248003	0.6545567441765131	0.4589228090756425	28222	0.24198779769981435	0.24198779769981435	0
0.7989372219476025	2193194	0.6049757141507104	0.6047211641809849	0.46534024985082817	25268	0.2475673457126828	0.2475673457126828	0
0.8262481463173504	3272454	0.6356944932151573	0.6358865523017813	0.4708196159606417	26102	0.23812395407871886	0.23812395407871886	0
0.7766930301532378	2582584	0.5803048062393384	0.58297437445321	0.46563750381703883	24458	0.20176734113369987	0.20176734113369987	0
0.9146070192782996	2673166	0.6292656235196217	0.6298800230376663	0.4612414415981915	28608	0.19739328731282735	0.19739328731282735	0
0.9279535343549185	2432314	0.5960410376532962	0.5963823649234258	0.4610003852805542	29626	0.21957462163558783	0.21957462163558783	0
0.8921156697973307	2084650	0.48205154532701405	0.48525523700920553	0.46060079091167777	28206	0.1833941573904587	0.1833941573904587	0
0.7565496786950074	3091510	0.6135960408673372	0.6144155583103051	0.47195681035075004	24068	0.19959810668069874	0.19959810668069874	0
0.800543746910529	3014340	0.6593787926480437	0.6600186656819441	0.47118974966850197	25330	0.2133144680544431	0.2133144680544431	0
0.9023727137913989	4117984	0.6711166342532814	0.6713654614165702	0.4709523472443182	28814	0.18208977535990467	0.18208977535990467	0
0.8161146811665843	1794252	0.6463090675653527	0.647281779309884	0.4626372617233818	25630	0.22420263282835648	0.22420263282835648	0
0.7740978744438952	1627040	0.603650025350116	0.6063553856907811	0.4556386974270092	24314	0.264579159177027	0.264579159177027	0
0.8942165101334651	2182970	0.5096976969706564	0.5122062234074302	0.464849254210079	28302	0.2082405528400221	0.2082405528400221	0
0.8765447355412753	4639864	0.7318191257145079	0.7315991328056469	0.46857165303045195	28028	0.23240901075118128	0.23240901075118128	0
0.8765447355412753	1850018	0.606548346856693	0.6078412689244787	0.45953224159033085	27784	0.24592848316374052	0.24592848316374052	0
0.884330202669303	1557302	0.5516486479082091	0.5525775824061597	0.45846673361732804	28036	0.22544087646181002	0.22544087646181002	0
0.870365793376174	2207992	0.5831496974391229	0.5833985632500329	0.46956193880891184	27750	0.23176086898460604	0.23176086898460604	0
0.8357637172516066	2656106	0.6113674978969982	0.612540924497686	0.46547537265421407	26470	0.2193112487589339	0.2193112487589339	0
0.8629510627780523	3266650	0.5955259674933067	0.5970501390801349	0.46622864331506425	27314	0.18762654502338605	0.18762654502338605	0
0.8707365299060801	3173014	0.6354811419652793	0.6359297985334934	0.4698224367166159	27642	0.20617430862904437	0.20617430862904437	0
0.8683885318833415	2627760	0.5885004634748326	0.5905601461503368	0.4645885537804411	27414	0.21385653395790472	0.21385653395790472	0
0.8078348986653485	2106592	0.5931695585533049	0.594492483698753	0.4639127153157079	25124	0.23910663866550982	0.23910663866550982	0
0.8599851705388037	2102852	0.6209565124129923	0.6215311551154207	0.45996368965172163	27264	0.23285442351474925	0.23285442351474925	0
0.870242214532872	3144770	0.6591363233185636	0.6589369117092038	0.4610695373878342	27352	0.23918822389884675	0.23918822389884675	0
0.8628274839347504	1925964	0.5593487966234901	0.5610896888910123	0.4630830198187124	27436	0.22522172823552175	0.22522172823552175	0
0.9112703905091448	1998340	0.6355878729689396	0.6362083130578172	0.45735654220739347	28756	0.2521182638222948	0.2521182638222948	0
0.865793376173999	2316248	0.6451415983044609	0.6461346864674045	0.4659789604990154	27414	0.21278181825126322	0.21278181825126322	0
0.8762975778546713	2462624	0.6846715344032418	0.6845874305731675	0.4619106492737343	27496	0.2257297442863151	0.2257297442863151	0
0.851952545724172	1603000	0.618175357227284	0.6179715427589295	0.45449977490194976	26930	0.2820869017244495	0.2820869017244495	0
0.7705140879881365	2865102	0.6699906922223997	0.6703248334957066	0.46737199120454326	24502	0.2307511328689897	0.2307511328689897	0
0.893351458230351	3547414	0.6510369404300776	0.6515952036964351	0.4718964421402345	28650	0.23682640171003597	0.23682640171003597	0
0.8431784478497282	3572462	0.6364609888498399	0.6373442001514101	0.4672630344266598	26578	0.24490223940391218	0.24490223940391218	0
0.9005190311418685	1902944	0.652919334373196	0.6544102308850651	0.458350669202737	28524	0.24772534311396813	0.24772534311396813	0
0.9080573405832921	2916422	0.66465662983195	0.6650905227980185	0.46063568615981554	28588	0.21706748601441264	0.21706748601441264	0
0.8697478991596639	2514280	0.510761794400472	0.5124109508203886	0.4681600545924726	27938	0.19196877993581507	0.19196877993581507	0
0.8716015818091942	3082300	0.6348028950970193	0.6352321398357141	0.46484567517297243	27400	0.2260617477327397	0.2260617477327397	0
0.8415719228868017	1982268	0.6559946426660856	0.6556719982450204	0.45632373590228115	26644	0.25874684492445543	0.25874684492445543	0
0.8837123084527929	1891040	0.5622778616871814	0.5636028848794773	0.4580350221956182	27640	0.22789553086756206	0.22789553086756206	0
0.870365793376174	3072140	0.6350704535329601	0.6355708726928015	0.4674939948928089	27608	0.20821073687360045	0.20821073687360045	0
0.8624567474048443	2875008	0.6652067068249994	0.6660170851257111	0.4642324999117537	27338	0.2473966997556889	0.2473966997556889	0
0.856277805239743	2166806	0.6065276732416222	0.60830181119627	0.46605425514408233	27150	0.226975724790365	0.226975724790365	0
0.8357637172516066	2780692	0.6497540753480888	0.6494501067228892	0.4694319017233511	26496	0.21276831118344244	0.21276831118344244	0
0.8734552644587247	4261492	0.7349201543537857	0.7348816948937668	0.46813694556711666	27662	0.250827932320935	0.250827932320935	0
0.8536826495304004	2645984	0.573337328396396	0.5731557627396647	0.47110479077708534	27212	0.17935091680410623	0.17935091680410623	0
0.884206623826001	5040736	0.7000326672122484	0.6999046821259715	0.47158127059818605	27864	0.18568579403087446	0.18568579403087446	0
0.8327978250123579	2488622	0.6062984076848248	0.6071497624026384	0.4685738642443092	26394	0.20405252870234802	0.20405252870234802	0
0.8804992585269402	3373838	0.6661458618889805	0.6667514531309943	0.4686721672982468	27930	0.21236158875961866	0.21236158875961866	0
0.9045971329708354	3130974	0.6536457037049433	0.6530528550030578	0.4650399009249035	28662	0.20464294076754128	0.20464294076754128	0
0.9021255561047948	2537052	0.5962619269820052	0.5973594463034212	0.4653408582450566	28364	0.22398994203903164	0.22398994203903164	0
0.9020019772614929	5347772	0.7018112628772539	0.7021480718835201	0.46310225963634116	28238	0.19716398820548522	0.19716398820548522	0
0.6830202669303016	4265022	0.6780206654098354	0.6780462599845077	0.4718987535101007	21526	0.15184491898398458	0.15184491898398458	0
0.8652990608007909	2567862	0.6245843027274528	0.6251931941534442	0.46913208883581686	27474	0.23539047004744643	0.23539047004744643	0
0.8550420168067226	3323508	0.6130665538798986	0.6136175967328129	0.4658686128897276	26820	0.2291843578593354	0.2291843578593354	0
0.8675234799802274	2120104	0.5885715577823991	0.5908929921648262	0.46412186548913215	27448	0.20493191703093028	0.20493191703093028	0
0.8627039050914483	3222476	0.7032321371014197	0.7024411985700887	0.4576484573822375	27024	0.24364667067352808	0.24364667067352808	0
0.9042263964409293	2363692	0.6478569017750684	0.6479272357829137	0.4587067895392373	28216	0.2257711271633032	0.2257711271633032	0
0.8520761245674741	2967614	0.6111672840502819	0.611821008143547	0.4685093743517162	26676	0.20571143675005862	0.20571143675005862	0
0.9215274345032131	3500300	0.6663499012906716	0.6667576291822089	0.4704634193733009	29124	0.2275934365340024	0.2275934365340024	0
0.8832179930795848	1939906	0.571349844448915	0.5730066542102848	0.4523890164287659	27994	0.20250490441148117	0.20250490441148117	0
0.8441670785961444	2820502	0.6507780001156681	0.6510396822016967	0.46855412114184486	26756	0.22258909009209596	0.22258909009209596	0
0.8047454275827979	2506340	0.607967956799365	0.6082018500707883	0.46396041492521034	25026	0.22445797808439008	0.22445797808439008	0
0.9172021749876421	1861756	0.6051414703825145	0.6056335781231356	0.45564515182530757	29148	0.2357087498176935	0.2357087498176935	0
0.8318091942659417	2132638	0.5832782898285963	0.5833311912059892	0.4658760646397311	26294	0.25654452362538827	0.25654452362538827	0
0.8966880869995056	2776892	0.594525930406537	0.5954350196088095	0.4645615650798511	28268	0.21783524188490955	0.21783524188490955	0
0.7759515570934257	2002674	0.6283901544540846	0.6286839503010747	0.46305499165541836	24044	0.2486987888569082	0.2486987888569082	0
0.81463173504696	3158000	0.6421303894885116	0.6420280771705072	0.4590410042188586	25342	0.2013276479834135	0.2013276479834135	0
0.772738507167573	4381046	0.6819680586325144	0.6820856516736763	0.4735311321352855	24376	0.2003263906865067	0.2003263906865067	0
0.9101581809194266	2387054	0.6019637690876308	0.603812699393885	0.4606071540513152	28758	0.2345601075196294	0.2345601075196294	0
0.9059565002471577	3173964	0.5972664927228813	0.5970468569544672	0.4665197578056488	28614	0.20425486984549468	0.20425486984549468	0
0.8792634700939199	1745342	0.5994654708012971	0.6005709763614124	0.45461086659929606	27990	0.22843962913141871	0.22843962913141871	0
0.8673999011369253	1936628	0.6153861157981112	0.6164389416511167	0.4607603506831019	27780	0.24580353490682275	0.24580353490682275	0
0.8444142362827484	3195528	0.6773435464730174	0.6780255810775944	0.4655646443255262	26448	0.19725957621168397	0.19725957621168397	0
0.8554127533366288	3554934	0.6359932577006031	0.6362609069799299	0.4752793901916183	27244	0.19299790711681009	0.19299790711681009	0
0.9107760751359367	2834474	0.5829464791324964	0.5824780488384084	0.4649570304985769	28626	0.2103514773665589	0.2103514773665589	0
0.8455264458724666	1934094	0.6431545663760588	0.643896909277411	0.45143960083113815	26634	0.285025531692279	0.285025531692279	0
0.9275827978250124	2886594	0.632685946365464	0.6341714213888426	0.45537824338784083	29280	0.20648786260538507	0.20648786260538507	0
0.8997775580820564	3636922	0.6555545205566359	0.6555295153161899	0.4669397673966933	28464	0.19901246386268226	0.19901246386268226	0
0.7904102817597627	3166770	0.6594615067192816	0.6594882099903113	0.475416458899735	25062	0.21577515639603662	0.21577515639603662	0
0.828843302026693	2769246	0.6629146202173594	0.6621829484180067	0.4721800317595651	26124	0.24620195764130207	0.24620195764130207	0
0.8854424122590212	3628514	0.662759734523607	0.6632481818220403	0.47013016232934385	28034	0.22304312549344382	0.22304312549344382	0
0.7892980721700444	1753580	0.5845114319249586	0.5857947475634512	0.46655328747250563	24752	0.2091287659388167	0.2091287659388167	0
0.8979238754325259	3442392	0.6524604852841888	0.652642705699205	0.4654361542579019	28332	0.2167128540798966	0.2167128540798966	0
0.8300790904597133	1743998	0.588639875059969	0.5879493558670895	0.4560613051666152	26062	0.2778343103675633	0.2778343103675633	0
0.7808947108255067	1896848	0.5722546905754856	0.5732398459555248	0.46561567337899956	24652	0.22974320247005445	0.22974320247005445	0
0.8688828472565497	2180664	0.5961880509528478	0.5973410474656303	0.45944220984043493	27470	0.22017681581717571	0.22017681581717571	0
0.8834651507661888	3039032	0.6731693461658534	0.6728106128344521	0.4674527219676871	28158	0.20334305086741863	0.20334305086741863	0
0.8927335640138409	2696616	0.6227572257157287	0.6225499679908	0.4675169157334607	28254	0.21657921140142763	0.21657921140142763	0
0.8388531883341572	2524334	0.5890356302355392	0.5902123209742401	0.4658043524144817	26576	0.19467643405404256	0.19467643405404256	0
0.8400889767671774	2930572	0.6032091986524075	0.6043389635497457	0.46767714445697733	26542	0.21152123972494774	0.21152123972494774	0
0.819451309935739	2821678	0.6463401218449005	0.6461002550566428	0.46121842344265973	25662	0.23608865464908182	0.23608865464908182	0
0.8973059812160158	3531310	0.6582677263660064	0.6588822681708363	0.4734605353494965	28670	0.19728135992490622	0.19728135992490622	0
0.8911270390509145	3399170	0.6149932071963773	0.6173895876889298	0.45866367785260526	28158	0.19572126131815717	0.19572126131815717	0
0.8958230350963915	4333536	0.6525194465226224	0.6524906963039048	0.46980621433264586	28488	0.17080529531530642	0.17080529531530642	0
0.7905338606030647	2889178	0.6792739318839485	0.6793254258242106	0.4686800830151155	25054	0.2640991282148257	0.2640991282148257	0
0.8908798813643104	3432598	0.6374888198287186	0.6390773739375686	0.46474522916412697	27896	0.2206147218950745	0.2206147218950745	0
0.8643104300543747	3824692	0.6138906794862097	0.6143061255999017	0.4695633087535551	27480	0.19703916654918407	0.19703916654918407	0
0.8744438952051409	1862858	0.5780036309592254	0.5784653539511436	0.45493943346972093	27390	0.24325115709500186	0.24325115709500186	0
0.8447849728126544	2851164	0.6678115923142302	0.6688667576002366	0.46151303806619864	26540	0.22472968927138878	0.22472968927138878	0
0.8719723183391004	2625880	0.6875255058232604	0.6877241863400148	0.4657342582398407	27764	0.21310511594926893	0.21310511594926893	0
0.9333910034602076	2340394	0.5457141370829118	0.5486439701698216	0.4623295686226228	29666	0.21234382791460385	0.21234382791460385	0
0.8965645081562037	2388916	0.608859943146768	0.6101208853819956	0.46259419630255816	28620	0.21534446909107965	0.21534446909107965	0
0.856772120612951	2267462	0.649167147617698	0.6509536309564451	0.4603834889751031	27082	0.21507797500269024	0.21507797500269024	0
0.8650519031141868	2610842	0.6238843921522698	0.6262229267068471	0.4598935853448682	27232	0.24307521068985408	0.24307521068985408	0
0.865669797330697	3862094	0.662389079101778	0.6631716796322855	0.46352719824304117	27504	0.2424433244610046	0.2424433244610046	0
0.8918685121107266	2735480	0.6079499019480916	0.609570775547293	0.46560977237717355	28210	0.20392732391076718	0.20392732391076718	0
0.8596144340088977	2001220	0.6022294451801707	0.6027070926050618	0.46324210430127016	27182	0.20273085638909824	0.20273085638909824	0
0.8559070687098369	3195052	0.6544659720967271	0.6550514661371764	0.47171545528660624	27066	0.22354096720338146	0.22354096720338146	0
0.9016312407315867	3708868	0.6530360413400442	0.6533043522969062	0.4684008028726703	28590	0.1829620695825764	0.1829620695825764	0
0.8541769649036085	2240774	0.6251315157544833	0.6256969482451121	0.4644946517999427	26938	0.24662230167468616	0.24662230167468616	0
0.8902619871478002	2152578	0.5904022751881004	0.5915974424720732	0.4610731326969122	28496	0.21987295885658456	0.21987295885658456	0
0.9147305981216016	2432878	0.5925919533651003	0.5944490906403189	0.4624247322346558	28804	0.21726540293771546	0.21726540293771546	0
0.9204152249134948	3549114	0.6135667854926466	0.6142802574268884	0.4678316467521822	29120	0.18135959786797462	0.18135959786797462	0
0.9237518536826496	2889548	0.6619051868350797	0.6621110205740045	0.4553558354311867	28722	0.2549650202412607	0.2549650202412607	0
0.8698714780029659	1652520	0.5876713263235454	0.5900675649989189	0.4535062385417082	27424	0.25103025522526884	0.25103025522526884	0
0.8416955017301038	2398520	0.5830208976103189	0.5838286661530346	0.462864501674853	26668	0.20366667105863015	0.20366667105863015	0
0.8916213544241226	1878630	0.6189100731579044	0.6203468657357692	0.45499095711299203	27956	0.2504524382295674	0.2504524382295674	0
0.9373455264458724	4424518	0.6858211992933535	0.6860785816918183	0.4663471299048753	29866	0.20799975619314767	0.20799975619314767	0
0.8783984181908058	2728262	0.5905575131301083	0.5905130634003474	0.46870454348234986	27708	0.19133975845390605	0.19133975845390605	0
0.9370983687592684	3170524	0.6402206378066149	0.6406246133291368	0.4649089869888277	29634	0.2302026738796021	0.2302026738796021	0
0.8854424122590212	2807838	0.5987188870326271	0.5999565972480156	0.4685101521084248	27710	0.22519275790161689	0.22519275790161689	0
0.8340336134453782	1823174	0.5675418637009929	0.5682849233583539	0.4575214275461204	26412	0.19496275757386258	0.19496275757386258	0
0.7624814631735047	2550772	0.6067764911967141	0.6076095941073352	0.4689161689010967	24256	0.2438633843794967	0.2438633843794967	0
0.8074641621354424	2522954	0.6801014277153099	0.6799732617920248	0.4593715625909771	24822	0.2392679712068352	0.2392679712068352	0
0.8306969846762234	2453854	0.6368250565396777	0.636770385567876	0.4648956907261239	26378	0.25645681562764994	0.25645681562764994	0
0.8473801285219971	2465738	0.652336121567805	0.6523276573500766	0.46435209792735005	27084	0.2377819139365636	0.2377819139365636	0
0.7983193277310925	2615330	0.6231644908614026	0.6223230339669428	0.4677253283645923	25298	0.24485689077520612	0.24485689077520612	0
0.7946119624320316	2650960	0.5838237285212592	0.5839987976026421	0.46730015135925407	25282	0.21104664507676482	0.21104664507676482	0
0.8477508650519031	2369508	0.6245744230993975	0.6251718927527655	0.4614754109247678	26798	0.2188668744839878	0.2188668744839878	0
0.9307958477508651	2147212	0.5890779878409127	0.589792118761798	0.4636506403223004	29434	0.2102991693581238	0.2102991693581238	0
0.9055857637172516	1760296	0.5874598080308518	0.5887852102535163	0.4624499357750959	28666	0.24961916436398826	0.24961916436398826	0
0.9001482946119624	3666788	0.6207760824638117	0.6214435194398346	0.46917996352334645	28326	0.17789805863278652	0.17789805863278652	0
0.8408304498269896	3303042	0.6934744046829335	0.6938577621148707	0.46780211657568455	26392	0.25317067518333036	0.25317067518333036	0
0.8635689569945626	3075746	0.6458117141880616	0.6455142157235206	0.4683854853621296	27192	0.2078724547852384	0.2078724547852384	0
0.786826495304004	1985362	0.665058190077247	0.6654869014409811	0.4630167726133738	24818	0.26694930352464963	0.26694930352464963	0
0.7681660899653979	2500722	0.5786108447201099	0.5789570899880522	0.4681998098472653	24116	0.2219142631245817	0.2219142631245817	0
0.8723430548690064	1849978	0.5941853720564675	0.5947288869182507	0.45883504840060363	27720	0.24016388092289628	0.24016388092289628	0
0.9037320810677212	2938880	0.6129419802661064	0.614090430880569	0.46644499033799103	28780	0.19002803508363894	0.19002803508363894	0
0.8341571922886801	2355340	0.6675538452925606	0.6674259258140065	0.4573032528929412	26708	0.2403323973213671	0.2403323973213671	0
0.8770390509144834	3222482	0.6740180696875999	0.6749998803416625	0.46597694378031823	27596	0.2251648546300974	0.2251648546300974	0
0.8717251606524963	1779590	0.5504650667000109	0.551624197316733	0.4583567793394261	27448	0.23742679274405265	0.23742679274405265	0
0.8787691547207118	2737318	0.6750750977760599	0.6759429847301778	0.4644946587614429	27250	0.24584929657524876	0.24584929657524876	0
0.8751853682649531	3157226	0.6230676935028823	0.6248861482287136	0.4615282001570857	27408	0.18952919102830987	0.18952919102830987	0
0.8758032624814631	3233974	0.624340240235605	0.6241236879269335	0.4681819505578951	27720	0.20930151642300956	0.20930151642300956	0
0.8688828472565497	1892772	0.6210529186441528	0.6213751033702858	0.458620180430694	27240	0.23269820023859678	0.23269820023859678	0
0.8639396935244686	2370694	0.6141786929857224	0.6180060178393075	0.460918379456333	27162	0.22692494634145796	0.22692494634145796	0
0.8971824023727137	2369206	0.6093910977631842	0.6098232521760587	0.4568021586849202	28394	0.20705773166571315	0.20705773166571315	0
0.9048442906574394	2362078	0.6218164127574977	0.6226274827146768	0.46153168768048936	28690	0.2186784621932701	0.2186784621932701	0
0.8077113198220465	1955762	0.5684249973443104	0.569712959955197	0.4633174673912838	25554	0.2290319767831027	0.2290319767831027	0
0.8292140385565991	2470390	0.6684094817589631	0.6694396667324248	0.46107607656923855	25938	0.2505130252365784	0.2505130252365784	0
0.8813643104300544	3194682	0.6829473226331548	0.6825361895005256	0.47109406758749556	27792	0.20855748779469555	0.20855748779469555	0
0.8759268413247652	2072286	0.5300087162081528	0.531365571917568	0.45516581384680027	27688	0.21897801454495827	0.21897801454495827	0
0.8004201680672269	2133346	0.6167540605133536	0.617695308283643	0.4644189949858894	25146	0.22550248950207952	0.22550248950207952	0
0.8138902619871478	3324032	0.6860500930981295	0.6860130354404554	0.47133019332420734	25768	0.20579869420293448	0.20579869420293448	0
0.9209095402867029	2833016	0.6476266804443702	0.6479602093709834	0.4649263959908989	29102	0.2290258485599289	0.2290258485599289	0
0.8565249629263469	2024656	0.5951197055765756	0.5966741648411573	0.4597146920861992	27016	0.24327447912121572	0.24327447912121572	0
0.9079337617399901	3823110	0.6248085852265194	0.6247892083538339	0.46992951382154824	29074	0.17297046653732642	0.17297046653732642	0
0.7194760257043994	1918726	0.6272743487883983	0.6262945349273991	0.4693160615848356	22494	0.20884051883674823	0.20884051883674823	0
0.9525457241720218	3294746	0.6691455587703098	0.6687093892463714	0.46159960903228153	29940	0.22575019940198485	0.22575019940198485	0
0.9069451309935739	4217290	0.6755532788349733	0.6749429023734878	0.46450198877837817	28272	0.21273238681128778	0.21273238681128778	0
0.8666584280771132	2105144	0.5751061403512806	0.5765808432237544	0.4581802585985466	27540	0.2198944141884389	0.2198944141884389	0
0.8718487394957983	2437694	0.6043265372568284	0.6046261241121639	0.46904610992846063	27594	0.1923788305036125	0.1923788305036125	0
0.7806475531389027	1947866	0.6309022188357363	0.631376241160762	0.46444108008297075	24550	0.25226802552734556	0.25226802552734556	0
0.8565249629263469	2361656	0.6307728819220318	0.6317013730010671	0.4615322285238299	26900	0.21433699527547215	0.21433699527547215	0
0.8261245674740485	2884640	0.5871616617136632	0.5877591125817836	0.47211828357453783	26228	0.2185778603866382	0.2185778603866382	0
0.8455264458724666	2707978	0.6311930647521621	0.6318495381642989	0.46503830131728013	26696	0.22754636592531638	0.22754636592531638	0
0.8641868512110726	2040552	0.5982424720983999	0.5992868012060109	0.4620146187257123	27170	0.2473925522571365	0.2473925522571365	0
0.8949579831932774	3006426	0.6356112498965704	0.6359259039829702	0.4719562813535216	28532	0.2214626762163101	0.2214626762163101	0
0.8886554621848739	2479292	0.5999642801404736	0.5998612304864835	0.4637342712481303	28230	0.22210536836471315	0.22210536836471315	0
0.9299307958477508	3686566	0.6723313170787196	0.6728140250344318	0.46932810296183547	29342	0.2140573374769824	0.2140573374769824	0
0.7795353435491844	2284752	0.550079533279055	0.5500788405936374	0.4688569908580718	24528	0.224895026127337	0.224895026127337	0
0.8544241225902125	3437048	0.6346523916255761	0.6352976572576096	0.46926194168385815	26952	0.20690644804951208	0.20690644804951208	0
0.8745674740484429	3273992	0.6297812393838479	0.6294617888992328	0.4665873887825292	27524	0.23053183771546906	0.23053183771546906	0
0.9090459713297083	2702066	0.6335530754447507	0.6337662449982976	0.45465760926786064	28642	0.2134153019459367	0.2134153019459367	0
0.861220958971824	3845120	0.5886373992525845	0.5896251891047709	0.47324737014503837	27414	0.16473682963793843	0.16473682963793843	0
0.8534354918437963	2357652	0.6126061467955685	0.6136036534049993	0.46884084146283755	26630	0.22006477462287807	0.22006477462287807	0
0.9026198714780029	3914372	0.6571445299297725	0.6569077636880533	0.4707157989918838	28810	0.16672692276306744	0.16672692276306744	0
0.9294364804745427	2378082	0.5673848219619896	0.5682427318769937	0.46096527974525076	29506	0.20245191419358055	0.20245191419358055	0
0.9380869995056846	1865062	0.5655500373586044	0.5670017503473652	0.45577601217076075	29624	0.2381476376099314	0.2381476376099314	0
0.7343054869006427	2296784	0.6055009688258562	0.6061962694303853	0.46333706486367215	23146	0.21862734205433085	0.21862734205433085	0
0.819574888779041	2168152	0.6792252779822583	0.6794342258058906	0.4536486253083001	25658	0.2809652359625529	0.2809652359625529	0
0.8636925358378645	2992638	0.6661469682925157	0.6662279830936381	0.46817611141673443	27352	0.2207641921429221	0.2207641921429221	0
0.9382105783489867	2849898	0.6066951486824782	0.6076064379749891	0.46432488131309824	29630	0.2070165718672123	0.2070165718672123	0
0.8576371725160652	2633140	0.6428110463546122	0.6424348828554705	0.46155678483338564	27206	0.19583897408629014	0.19583897408629014	0
0.8811171527434503	2963732	0.6070319391971254	0.6067078754059109	0.4705299522306416	27880	0.2297212107797022	0.2297212107797022	0
0.8591201186356896	2473786	0.6336334777437531	0.6343647427240399	0.46538617347626504	27072	0.1904973356037849	0.1904973356037849	0
0.8989125061789421	2603604	0.6531262829025669	0.6538015535494315	0.46035162514558897	28002	0.2255490978606961	0.2255490978606961	0
0.9143598615916955	3142398	0.6437505803384153	0.6446906149277224	0.4693344680164115	29118	0.20704435754932385	0.20704435754932385	0
0.8111715274345033	3305966	0.6428507561617617	0.6426956661669446	0.47553316734400547	25736	0.21312600738475598	0.21312600738475598	0
0.9039792387543253	5622962	0.7483633283162109	0.747580870716611	0.47484568583359715	28760	0.22398707243518312	0.22398707243518312	0
0.838111715274345	2954606	0.5397643533293117	0.5415339594882759	0.4702100922639285	26774	0.23525061615058773	0.23525061615058773	0
0.8947108255066732	3016104	0.6782179262418812	0.6781510332456676	0.46235218528243305	28180	0.1671509478063524	0.1671509478063524	0
0.8434256055363322	2106674	0.6445907907694985	0.6442203125484576	0.46572823389551327	26656	0.2566642298280056	0.2566642298280056	0
0.9280771131982205	3909874	0.6684647860926155	0.668821360366762	0.4692008834790345	29554	0.19775036359194068	0.19775036359194068	0
0.8729609490855166	2839368	0.675967914451689	0.6772408344191497	0.46705400358887667	27866	0.2305230051948207	0.2305230051948207	0
0.9094167078596145	2336066	0.6723024147391166	0.6733406965742547	0.4573565373608041	28768	0.220057197551581	0.220057197551581	0
0.82377656945131	2362108	0.6344409004129619	0.6347686113680294	0.46700201983755085	25856	0.263932504654793	0.263932504654793	0
0.9451309935739002	2236434	0.618575895296389	0.6202323071653638	0.45875471694368003	29794	0.23267341786571313	0.23267341786571313	0
0.8728373702422145	1810784	0.5820210495146095	0.5823983542108396	0.45422244714195287	27368	0.2162567088544527	0.2162567088544527	0
0.8114186851211073	3318928	0.6571987881161743	0.657261162608072	0.4703753484846583	25748	0.23630549030824902	0.23630549030824902	0
0.7763222936233317	2769220	0.5870101388000525	0.5875780764336626	0.4716404405181815	24338	0.18713049211296132	0.18713049211296132	0
0.8292140385565991	4265382	0.655595308629664	0.6559223449403891	0.4779948466031992	26100	0.2019997722738243	0.2019997722738243	0
0.8573900148294612	2576598	0.6461850730454987	0.6466489251398769	0.4647905700865875	27096	0.23323039059307216	0.23323039059307216	0
0.9147305981216016	4419514	0.6776847836778482	0.6775596623077376	0.46518660787964666	28896	0.18755778194993145	0.18755778194993145	0
0.8386060306475531	2755692	0.5946594116157501	0.5951616893940673	0.4671047805718636	26482	0.2142640252116164	0.2142640252116164	0
0.8358872960949085	2118752	0.4932144017485678	0.4936234103174997	0.4618027324367042	26128	0.19272418438214614	0.19272418438214614	0
0.8865546218487395	2345288	0.6255861707628746	0.6258492444297411	0.46030887286930916	28246	0.20139989468708955	0.20139989468708955	0
0.8696243203163618	2780178	0.6633995819090515	0.6634670156973194	0.4607778700632658	27354	0.2215131331048699	0.2215131331048699	0
0.8961937716262975	2716482	0.6356666206183532	0.6375132573051778	0.445514356352686	28660	0.24307623422613853	0.24307623422613853	0
0.9008897676717746	3103710	0.6635314996161435	0.663416112842811	0.46247252875349404	28360	0.21107161148543627	0.21107161148543627	0
0.9138655462184874	4043900	0.6932287083017985	0.6925059174488952	0.47186939307465864	29062	0.23983002721575855	0.23983002721575855	0
0.9218981710331191	2332564	0.5421087526686866	0.5442689924758207	0.456529092430569	28974	0.22538897066341967	0.22538897066341967	0
0.9137419673751854	3361966	0.6632255681770578	0.6638200423866979	0.46419129058514147	28996	0.21982757546945622	0.21982757546945622	0
0.8393475037073653	1934260	0.6311849274680897	0.6314716259184815	0.45712022730839696	26482	0.24895370800647784	0.24895370800647784	0
0.861220958971824	2213324	0.6148459761851247	0.6150533829017419	0.4560784760886185	26920	0.23553563956586668	0.23553563956586668	0
0.9484676223430548	2897302	0.6102128217099089	0.611028828446064	0.4629538654393415	30042	0.19144481798523172	0.19144481798523172	0
0.9101581809194266	2789560	0.6256548901917661	0.6257291981357892	0.4672225389582236	28982	0.19913911245928773	0.19913911245928773	0
0.897676717745922	2558198	0.6479079073416035	0.6486150537167054	0.46342121665296115	28528	0.24138086239171055	0.24138086239171055	0
0.9026198714780029	2881376	0.6380711600142587	0.6386933537507166	0.4566933493748721	28314	0.2421877824990181	0.2421877824990181	0
0.8827236777063767	2696014	0.5888434265848673	0.5898301236990601	0.46678369509871503	27894	0.23189692060736836	0.23189692060736836	0
0.8896440929312902	2449084	0.6344841836695895	0.6346907769843942	0.4672953693661983	28082	0.24107981994544483	0.24107981994544483	0
0.8813643104300544	3119496	0.6860726093328909	0.685759739312418	0.46359985424224986	27686	0.226392842873789	0.226392842873789	0
0.8949579831932774	2630596	0.6334407338187201	0.6341477942431315	0.4601765901105866	28330	0.2489684830327988	0.2489684830327988	0
0.8440434997528423	2379098	0.6165407382957194	0.6177406981662977	0.46365141029576923	26788	0.23143844221791157	0.23143844221791157	0
0.8342807711319822	2658994	0.5870678313741362	0.5869072584836421	0.46840107058308605	26486	0.2419090396034085	0.2419090396034085	0
0.8573900148294612	4367474	0.6984040711355729	0.6978819368852719	0.4751547532269847	27154	0.21850016485127868	0.21850016485127868	0
0.884083044982699	5434486	0.7055977076203909	0.7052105649933255	0.4733880867662463	28048	0.20826213838786697	0.20826213838786697	0
0.8856895699456253	2907426	0.6514468967942914	0.6517858076649222	0.46177139634578257	28002	0.22393717840256153	0.22393717840256153	0
0.8718487394957983	2938516	0.6306571137762762	0.6315898438618036	0.46730773697135497	27076	0.21040667339997202	0.21040667339997202	0
0.9148541769649036	3482112	0.6367825756822509	0.6363466477592832	0.4681826842435309	29288	0.2008794649270613	0.2008794649270613	0
0.8329214038556599	3187164	0.6595673771616902	0.659208885314213	0.4695423499516758	26300	0.2380395051489261	0.2380395051489261	0
0.8250123578843302	2292856	0.5621051436612167	0.5635833106832696	0.4661104910011456	25920	0.21693531204128802	0.21693531204128802	0
0.838111715274345	3031722	0.6575988926800005	0.6579393323631126	0.46893580824278475	26682	0.2107321144673779	0.2107321144673779	0
0.786950074147306	1945260	0.6080859494796452	0.6097152386502686	0.4625888929147115	24746	0.2411563219101518	0.2411563219101518	0
0.7906574394463668	2155906	0.6199304467335739	0.6202904938770328	0.4672359631595593	24804	0.20405022498654857	0.20405022498654857	0
0.90731586752348	2903916	0.6913548917282495	0.6905546247446187	0.45405938699802234	28594	0.24728552208123109	0.24728552208123109	0
0.8762975778546713	1839922	0.5905919115998182	0.5924848825106396	0.45875321211082226	27670	0.22010630749480498	0.22010630749480498	0
0.9080573405832921	2023414	0.6276309048171845	0.6279263151953914	0.46376620429278015	28592	0.23794206173237087	0.23794206173237087	0
0.8654226396440929	2889094	0.5679510263448442	0.5693335481258298	0.47138459443829994	27308	0.21847418236987515	0.21847418236987515	0
0.8587493821057834	2310326	0.6384270357994463	0.6388002792179482	0.4643595989216929	27258	0.22494692047575662	0.22494692047575662	0
0.7254078101828967	1630614	0.49952734297897655	0.500664353367383	0.46390359079362303	23110	0.21632035527232993	0.21632035527232993	0
0.9551408798813643	2643616	0.5617082510950903	0.5637746500270567	0.4505178565715973	30108	0.18669045901951611	0.18669045901951611	0
0.7985664854176965	1722976	0.6048100878778189	0.6077901810701268	0.45836095766932644	25102	0.21600335665953493	0.21600335665953493	0
0.8755561047948591	2249756	0.6201258418156724	0.6199583499449689	0.458649170929651	27906	0.23209427614303169	0.23209427614303169	0
0.8891497775580821	4781034	0.7099840883771482	0.7091393567535079	0.46428824135854385	28122	0.2246701933630201	0.2246701933630201	0
0.8999011369253583	4697992	0.6587438116117097	0.6577771517781869	0.471671465599018	28634	0.19321683992938024	0.19321683992938024	0
0.768536826495304	3559954	0.6585035686989255	0.6581014118244976	0.4768702299846334	24244	0.20141262915188682	0.20141262915188682	0
0.810306475531389	2106384	0.606827590188488	0.609450877334691	0.45157144203509664	25274	0.22341641099307652	0.22341641099307652	0
0.8856895699456253	2836196	0.6215819374103165	0.6218217813039594	0.4658976263644899	28044	0.19897917477833552	0.19897917477833552	0
0.8172268907563025	2377810	0.5570208528507078	0.5572187156296898	0.4624320480699704	25854	0.1986086308013769	0.1986086308013769	0
0.8393475037073653	3300574	0.6281752354509182	0.6280153733037157	0.4702397008444183	26400	0.21323841734327223	0.21323841734327223	0
0.9199209095402867	2930350	0.6522840287891032	0.6529755102627849	0.4625460408424735	28960	0.21412540663596524	0.21412540663596524	0
0.9010133465150766	3692420	0.6611658133636292	0.6611851087326839	0.47063970462051524	28584	0.20979141365351497	0.20979141365351497	0
0.8890261987147801	4542004	0.6829671734229686	0.6827431266351697	0.4686023188128223	28126	0.22180098978906682	0.22180098978906682	0
0.8513346515076619	2414834	0.5601549617956875	0.5620163945150202	0.46502768787089926	26586	0.2279319911191857	0.2279319911191857	0
0.8821057834898666	3721934	0.6609723397396868	0.6611120393860216	0.4693027169703592	28122	0.19405117548906328	0.19405117548906328	0
0.8644340088976767	2825398	0.6224406236359586	0.6227682680057108	0.46256713619474904	27298	0.19280160799901305	0.19280160799901305	0
0.9299307958477508	2172346	0.6002673547914551	0.6027038546539064	0.4550809550078563	29306	0.21657131236217475	0.21657131236217475	0
0.8745674740484429	2815548	0.5826103063598438	0.5832989895305413	0.4697575995542547	27504	0.1979635187679009	0.1979635187679009	0
0.8739495798319328	3289866	0.6182540645204944	0.6184930404577528	0.4647563881477796	27654	0.1791457082984107	0.1791457082984107	0
0.8362580326248146	3485436	0.6330209989722412	0.6335864462843034	0.4764398389218034	26556	0.1681367899094193	0.1681367899094193	0
0.8463914977755809	2638416	0.6649775164707781	0.6652597547595817	0.4641172516129972	26638	0.25769949008592324	0.25769949008592324	0
0.8720958971824024	2498522	0.6355135327874588	0.6341677869150573	0.46483905190737773	27644	0.2326390527449643	0.2326390527449643	0
0.8669055857637172	2290414	0.6294396000164263	0.6299752819761416	0.4671159683457229	27164	0.22870735605903367	0.22870735605903367	0
0.8588729609490855	3416640	0.6856583065890408	0.6858736723772388	0.46655552417048834	26882	0.24745627341641616	0.24745627341641616	0
0.9342560553633218	2784966	0.591088986523542	0.5915268150084946	0.4683948053622197	29666	0.2229650651900886	0.2229650651900886	0
0.8494809688581315	2065904	0.5791536417626598	0.5791102801722401	0.4593295834770326	26576	0.2254163136163566	0.2254163136163566	0
0.8861838853188334	3669350	0.7032820822201741	0.703217407386994	0.46924177455797095	27784	0.21937453446621782	0.21937453446621782	0
0.8431784478497282	3090004	0.6635145808715118	0.6635977193328852	0.46299939786896077	26506	0.22196559478923827	0.22196559478923827	0
0.9058329214038556	7207624	0.7200221886597373	0.719791874943985	0.4745993752109621	29042	0.17241418822836355	0.17241418822836355	0
0.8734552644587247	3039310	0.6483904540398621	0.6496860875643498	0.46827705465301533	27742	0.21864688026106546	0.21864688026106546	0
0.8447849728126544	3925346	0.6355317758421769	0.6361207877629674	0.4693537518791631	26678	0.21183009685212784	0.21183009685212784	0
0.898047454275828	3314482	0.6352817246346847	0.6352829841648042	0.4671087792438478	28606	0.1969072830420541	0.1969072830420541	0
0.8665348492338112	3721148	0.7053791490606728	0.7048671474859405	0.47159147135445384	27286	0.2362903611497832	0.2362903611497832	0
0.9021255561047948	3238868	0.6750323856141504	0.6750611970573756	0.46580399077914647	28636	0.20885261530872948	0.20885261530872948	0
0.8667820069204153	2951206	0.5942132369447869	0.5946695436833177	0.4713349191393903	27292	0.18177724955022934	0.18177724955022934	0
0.8743203163618388	2370964	0.6108486999601125	0.6119993086278696	0.4627155513966988	27808	0.22044358336597727	0.22044358336597727	0
0.9113939693524469	3157482	0.6617147537275239	0.6617237003841988	0.46705984932801387	28834	0.2229297765990296	0.2229297765990296	0
0.9038556599110232	3214022	0.7142086045387566	0.7141595501052683	0.4615958454696402	28252	0.24558907681777753	0.24558907681777753	0
0.8229115175481958	2207062	0.6326865685684366	0.6329241780859176	0.4679990064720399	26030	0.21567524708635108	0.21567524708635108	0
0.8131487889273357	2328924	0.6339047977214983	0.6343842690706262	0.4660085155767275	25670	0.2569554699534846	0.2569554699534846	0
0.8227879387048938	1685828	0.6637916950820992	0.6642227326277467	0.46241479186619033	25982	0.23944716636717656	0.23944716636717656	0
0.8727137913989125	2111318	0.6001343259739186	0.6010059623729528	0.4628239186396433	27674	0.21724193485233434	0.21724193485233434	0
0.823900148294612	3675976	0.6235502827798431	0.6233885480010364	0.46980798595510526	26172	0.21146896115690159	0.21146896115690159	0
0.8953287197231834	3193998	0.6816551670260026	0.6820414035446806	0.46794015406167294	28256	0.24383762156557712	0.24383762156557712	0
0.9065743944636678	2769720	0.5882740417016724	0.589754470118474	0.46355677004808826	28876	0.18961079759205365	0.18961079759205365	0
0.8929807217004448	2290660	0.5660757522888177	0.5681190399070453	0.4632629154585915	28282	0.22625645801556835	0.22625645801556835	0
0.842436974789916	2735838	0.5994576127257158	0.5997056581329071	0.4665928408348951	26872	0.2258036532716978	0.2258036532716978	0
0.9303015323776569	2405804	0.6060888125078462	0.6066167705763437	0.46071801420282393	29266	0.19654486441040134	0.19654486441040134	0
0.828966880869995	2341408	0.5719753743658744	0.5732343429784641	0.4674887785253902	26202	0.2262391699863733	0.2262391699863733	0
0.7743450321304992	1961870	0.6148624766323025	0.6158503775685907	0.46493080090594735	24478	0.27503621394268135	0.27503621394268135	0
0.9134948096885813	2853904	0.6452027915240733	0.6451147817842614	0.4609720935805794	28682	0.23986727624229187	0.23986727624229187	0
0.8870489372219477	2371214	0.5993792248076696	0.6002184121563365	0.46047549923813413	27750	0.22449602627365764	0.22449602627365764	0
0.8295847750865052	2052884	0.5708954361011588	0.57117504211697	0.4667175861372761	26368	0.21976465023872552	0.21976465023872552	0
0.8460207612456747	2081238	0.5965924094028879	0.5972070813208009	0.4625355105651869	26658	0.2014457647485025	0.2014457647485025	0
0.9174493326742461	2979876	0.6162814143323377	0.6169663973576415	0.45336004227760635	28776	0.20475667174903903	0.20475667174903903	0
0.921280276816609	3292010	0.6451229710092395	0.6462013909071694	0.45693942135550786	29022	0.21818973966945202	0.21818973966945202	0
0.9086752347998023	3219634	0.618300540791859	0.619640096611298	0.4622455323637309	28406	0.21241076959793212	0.21241076959793212	0
0.8953287197231834	2336684	0.6228924031116996	0.6226683017016051	0.45874418225302577	27816	0.2198058254619267	0.2198058254619267	0
0.9256055363321799	3846108	0.6831956935715388	0.6829941147025456	0.462458165268822	29222	0.19308403531480078	0.19308403531480078	0
0.925852694018784	1530478	0.576057173136809	0.5765641279817243	0.4470884342684356	29176	0.22650830565043636	0.22650830565043636	0
0.9048442906574394	2592976	0.6108757999436684	0.6124393020928323	0.4633320399911092	28662	0.20792178626974786	0.20792178626974786	0
0.8652990608007909	2445096	0.6117104311478777	0.6116220315795214	0.46221525769787064	27284	0.2434602637406759	0.2434602637406759	0
0.8834651507661888	2820058	0.5842177806325634	0.5895475053941218	0.46449315890063475	27930	0.21240381795568553	0.21240381795568553	0
0.8649283242708848	2842952	0.606665106339497	0.6069334456429477	0.47099300314810205	27526	0.20608771123708958	0.20608771123708958	0
0.8068462679189323	3064224	0.6536145701315479	0.6542801576489895	0.47162048040336974	25478	0.2121130693716272	0.2121130693716272	0
0.8816114681166585	1875534	0.6146218466394769	0.6138594217468624	0.4504227083914294	27960	0.23584268853124082	0.23584268853124082	0
0.7782995551161641	2049178	0.6187883813170861	0.6183326874230322	0.4592689691705354	24656	0.2434091192546669	0.2434091192546669	0
0.828843302026693	2900306	0.6695115973079034	0.668467083526994	0.4695735371283028	26170	0.25214311413581214	0.25214311413581214	0
0.8157439446366782	2811926	0.6057472902927835	0.6056959030269317	0.47381257508251434	25878	0.23859841781099345	0.23859841781099345	0
0.851581809194266	2633012	0.577855251373164	0.5802102755782549	0.46170525457616823	27026	0.19554854309203298	0.19554854309203298	0
0.8120365793376174	1445660	0.580652392029507	0.5827780175048063	0.4515435392251344	25078	0.23891792905507125	0.23891792905507125	0
0.8498517053880376	3175064	0.7087889205424579	0.7083584179166439	0.46532240540458236	26824	0.24996180931505696	0.24996180931505696	0
0.8547948591201187	4027550	0.6808503874501363	0.680954072456159	0.46641012351924743	26900	0.17350639552913202	0.17350639552913202	0
0.7949826989619377	2568160	0.6749304194007522	0.675400259374483	0.465192615146158	25206	0.2380045592688699	0.2380045592688699	0
0.9343796342066238	2520720	0.604901442448633	0.6072098274728414	0.45685594442850475	29458	0.21454608426695296	0.21454608426695296	0
0.90731586752348	2431786	0.5986636221513651	0.5998789332809055	0.46527352820605544	28400	0.2242787643993718	0.2242787643993718	0
0.8540533860603065	1837914	0.579297957587981	0.5799267230203295	0.45510104653150624	26860	0.22724858085467378	0.22724858085467378	0
0.8489866534849234	2003460	0.636711765156453	0.6379198580253597	0.4645913254187832	26706	0.24806321846296495	0.24806321846296495	0
0.810059317844785	2865316	0.605806533527593	0.606027583039485	0.46234838568768016	25424	0.21455111054511464	0.21455111054511464	0
0.8290904597132971	2178664	0.6268846207339861	0.6280528731476794	0.4624382486267414	26538	0.1962157465626024	0.1962157465626024	0
0.8722194760257044	3614864	0.6400007271234495	0.6404848557719164	0.4657454053227205	27392	0.21340364273459786	0.21340364273459786	0
0.8942165101334651	2423608	0.5731670852745716	0.574440432279539	0.4671043983796728	28462	0.2216344725927486	0.2216344725927486	0
0.9041028175976273	2358612	0.6085180838000013	0.6092445666879078	0.46327067591052135	28664	0.22580275984959028	0.22580275984959028	0
0.8235294117647058	1961438	0.5971227811257364	0.5975170745653497	0.4653606445146516	26210	0.23541143258135513	0.23541143258135513	0
0.9272120612951062	2787262	0.6068336456876463	0.6065341655062052	0.4682877620026193	29572	0.20730478782347297	0.20730478782347297	0
0.8953287197231834	2599242	0.5846307620633636	0.5858257781044467	0.4642746956649337	27866	0.22499113403000448	0.22499113403000448	0
0.8774097874443896	2649952	0.6053749152672392	0.6077298417005091	0.45887263841246634	27934	0.20935068456307585	0.20935068456307585	0
0.8732081067721206	2275264	0.646103543840583	0.6461546055681986	0.4617834230193092	27326	0.219338919588742	0.219338919588742	0
0.8630746416213544	3655900	0.6285783792303782	0.6287692667738097	0.4690507931951051	27380	0.201502493934291	0.201502493934291	0
0.8696243203163618	3238832	0.682009658669127	0.6822415612314776	0.4661025785206849	27326	0.1878294740971392	0.1878294740971392	0
0.9252347998022739	2787150	0.6038920429994155	0.6046172767670505	0.4624990792033871	29250	0.20472035453652357	0.20472035453652357	0
0.907563025210084	2728122	0.6458841679095116	0.64709375409497	0.45985647536264457	28612	0.22852756976017	0.22852756976017	0
0.8776569451309936	3486658	0.6340413622819717	0.6347472606762067	0.47078887370689126	27800	0.21641696742829605	0.21641696742829605	0
0.9221453287197232	3261148	0.612353911901346	0.6134679974427841	0.4659321382188768	29294	0.23552130168105334	0.23552130168105334	0
0.921156697973307	3455844	0.7056399834100405	0.7054542350652988	0.46214243623102497	29204	0.2229784592953926	0.2229784592953926	0
0.8253830944142363	2513370	0.6789930559891109	0.6800765778386916	0.4649930060312952	26018	0.2585608866682299	0.2585608866682299	0
0.8671527434503213	2417610	0.5595854278915705	0.5605151463370427	0.4658715017555428	27672	0.23721922662847747	0.23721922662847747	0
0.8804992585269402	2189244	0.6293124977519414	0.629080184385009	0.45985436342941083	27698	0.23351123961121031	0.23351123961121031	0
0.9026198714780029	2781894	0.598738750717288	0.600322199833692	0.458491151762125	28448	0.1782346026178168	0.1782346026178168	0
0.8738260009886307	2702458	0.5940185686630062	0.5945689432682449	0.4704673191755135	27830	0.22870423422864702	0.22870423422864702	0
0.842436974789916	4043466	0.7450305039462668	0.7448191718046812	0.473758194259912	26642	0.2312963187959939	0.2312963187959939	0
0.921774592189817	3790782	0.6734683482911006	0.6733585689117256	0.46821680294396856	29082	0.1960607747646236	0.1960607747646236	0
0.8578843302026693	1805396	0.5859237566920722	0.5854835369388631	0.4605821262165886	27200	0.2510264880726274	0.2510264880726274	0
0.9186851211072664	2641372	0.6125901877684033	0.6131948554068342	0.4668897756497601	29220	0.22324668579041895	0.22324668579041895	0
0.9195501730103807	4125058	0.6822202449868228	0.6819127853053492	0.46705027485494627	28774	0.21295942780770927	0.21295942780770927	0
0.8260009886307464	2784898	0.5944028484868329	0.5943008959701918	0.4678164144386714	26260	0.2018905837566922	0.2018905837566922	0
0.9286950074147307	3687878	0.6611482097189988	0.6616112610740438	0.4649996078287218	29496	0.22002517297741228	0.22002517297741228	0
0.842807711319822	2473662	0.626337009921734	0.6275603890326833	0.46445479463902895	26708	0.22905221567750564	0.22905221567750564	0
0.9427829955511616	4393974	0.6952884809591605	0.6953204099758276	0.46789654593204805	29788	0.19584635045149834	0.19584635045149834	0
0.8393475037073653	2470756	0.6573653971547535	0.6577157739385219	0.4644401942697482	26600	0.24100216436994812	0.24100216436994812	0
0.8231586752347998	2243732	0.5815407188035634	0.5828296632529498	0.464756420163236	25920	0.17434643735452757	0.17434643735452757	0
0.870612951062778	3043788	0.61821928598349	0.6188812932931304	0.4632361811267336	27730	0.23066432088405942	0.23066432088405942	0
0.875308947108255	3205558	0.6460637338888965	0.6465386800556492	0.47148411778434113	27976	0.1980068096980403	0.1980068096980403	0
0.8373702422145328	1847876	0.5345129817546052	0.537158872175261	0.4594299094612311	26178	0.20646559506534282	0.20646559506534282	0
0.9155956500247158	3527914	0.6807108161671351	0.6802404281064104	0.4618912678890113	28852	0.18958025694640898	0.18958025694640898	0
0.9436480474542759	2727324	0.5709288785364403	0.5728174708641427	0.45884228269143157	29856	0.20619752047149428	0.20619752047149428	0
0.9327731092436975	3241204	0.6858348236559526	0.6864467771540319	0.4624853164596219	29624	0.21276471366541605	0.21276471366541605	0
0.8698714780029659	2329214	0.593968294841252	0.5959791141678407	0.46260220490685927	27520	0.24149419083674858	0.24149419083674858	0
0.8714780029658922	2338856	0.6382444253704084	0.6379744135611861	0.4596157829240122	27492	0.2278290872620238	0.2278290872620238	0
0.8456500247157687	2192744	0.6261757640217479	0.6266524301677596	0.4619148760017499	26702	0.23777262476298103	0.23777262476298103	0
0.8200692041522492	2486292	0.6159197564724811	0.6163390091625095	0.4663393254807458	25718	0.2232012337008148	0.2232012337008148	0
0.865916955017301	2885192	0.5839434893415169	0.585504408290839	0.4711018242280594	27466	0.22312492666424155	0.22312492666424155	0
0.8119130004943154	2105036	0.5662302160811956	0.5669648822200327	0.4647412779193112	25556	0.2327671249864792	0.2327671249864792	0
0.8732081067721206	2125192	0.6084088498415391	0.6091046827116164	0.45752217610806184	27344	0.24026607909722572	0.24026607909722572	0
0.8300790904597133	3315730	0.60751853012669	0.6083825806838526	0.4728465331991496	26252	0.20711623864649367	0.20711623864649367	0
0.9127533366287691	3292142	0.665696000410247	0.6655450691710277	0.46830218332367046	28976	0.21007094437714038	0.21007094437714038	0
0.8880375679683639	2506746	0.6381695041103613	0.6384306837608026	0.45969319919559193	28282	0.23568602310487716	0.23568602310487716	0
0.9059565002471577	3075030	0.6248785885744373	0.6258530235601454	0.457403802240812	28710	0.179325462796698	0.179325462796698	0
0.9195501730103807	2288874	0.5911369584097649	0.5928218418939794	0.4583338199044484	28942	0.20376787040093206	0.20376787040093206	0
0.8790163124073158	4178206	0.7044415721176063	0.7047437031066915	0.4689961295916228	27590	0.20650889445337584	0.20650889445337584	0
0.893227879387049	4068878	0.6779739895164582	0.6776240889308632	0.47296830244300203	28344	0.21060969042171493	0.21060969042171493	0
0.8412011863568957	2319562	0.6274077691092329	0.6268749688942853	0.469348621737476	26746	0.21922914039774152	0.21922914039774152	0
0.9044735541275334	1806874	0.5568618169535097	0.5583823231102375	0.4573933383423592	28756	0.24281069022790117	0.24281069022790117	0
0.8875432525951557	4574336	0.6542807906627909	0.6547789706559163	0.4721062507004327	28274	0.1503385314609012	0.1503385314609012	0
0.8779041028175977	2315268	0.5618534243667749	0.5634191718827121	0.4603906591373912	27730	0.21705027853589628	0.21705027853589628	0
0.8717251606524963	2000328	0.5283407703256687	0.5298852290860577	0.46121170561433034	27030	0.2514279125135864	0.2514279125135864	0
0.782624814631735	2627258	0.5709344149985167	0.5714220882935119	0.4700891735814335	24720	0.20274356096646276	0.20274356096646276	0
0.8461443400889768	2501216	0.6373850705279179	0.6376862477987701	0.462497439761359	26588	0.26292088215006015	0.26292088215006015	0
0.8813643104300544	2080160	0.6456566156275276	0.6457412769155658	0.4592591942184454	27860	0.2197740513124227	0.2197740513124227	0
0.889273356401384	5132870	0.668555719165858	0.6686148029319431	0.46963800618913076	28232	0.1658947008752353	0.1658947008752353	0
0.9438952051408799	5051722	0.6475020217548293	0.6479921962974562	0.4692557071015995	29808	0.17637280176168924	0.17637280176168924	0
0.8686356895699456	3210452	0.6074997297381465	0.6087319487908631	0.4621613124480395	27266	0.21349909112369703	0.21349909112369703	0
0.791769649036085	3343280	0.6796837650724377	0.6803887450367582	0.4667632431401574	25116	0.22315229972708692	0.22315229972708692	0
0.9149777558082056	2366612	0.6095198374202518	0.6105582343056131	0.46288580885719877	28818	0.21692501503064565	0.21692501503064565	0
0.9147305981216016	3853946	0.6688027683769517	0.6682357784483631	0.465528117521939	29190	0.20403510485380774	0.20403510485380774	0
0.8174740484429066	2121590	0.62100565447929	0.6198539303957079	0.45981484748558593	25814	0.24370785116527663	0.24370785116527663	0
0.865546218487395	1986882	0.5653515741811389	0.5670702374339961	0.4540337776547092	27068	0.2369002058916316	0.2369002058916316	0
0.8279782501235788	1936334	0.5761214885962608	0.577446167663812	0.4627835368929667	26238	0.22852964979970058	0.22852964979970058	0
0.8618388531883342	2870708	0.6326262369340125	0.6341799102850906	0.4645640349734323	27280	0.21528432667230293	0.21528432667230293	0
0.833415719228868	2662252	0.5970375418306731	0.5982729018352101	0.4680627103495554	26618	0.20555860432775871	0.20555860432775871	0
0.824023727137914	2033054	0.6073358116082841	0.6090409253525247	0.4556076059625169	25782	0.23890178437543383	0.23890178437543383	0
0.8676470588235294	2924878	0.6335259838668725	0.6349782238746198	0.4617222832558063	27360	0.22053365135311245	0.22053365135311245	0
0.8382352941176471	2333842	0.6796919100370796	0.681053293734803	0.4624854272385652	26284	0.24431613609384895	0.24431613609384895	0
0.8271131982204647	2312182	0.6365522452977069	0.6368790967652015	0.46853542182737934	26108	0.24737449165660164	0.24737449165660164	0
0.8947108255066732	3022994	0.6557767151453536	0.6556444367301395	0.4637101452794683	28058	0.18899743886318213	0.18899743886318213	0
0.842436974789916	1793402	0.6272993809626016	0.6276899717477413	0.4583057526090409	26788	0.2563105204612702	0.2563105204612702	0
0.8866782006920415	3621248	0.674498865946309	0.6751769307208576	0.4651650153163806	27480	0.20412718611108907	0.20412718611108907	0
0.8069698467622343	2303026	0.6035364909658333	0.6044594400394427	0.47186017449767187	25602	0.223668513980947	0.223668513980947	0
0.9141127039050915	3075098	0.6066327310892606	0.6069144447857345	0.4637561827329794	28944	0.18527615149948742	0.18527615149948742	0
0.8943400889767672	3832480	0.6444571586386453	0.6452101218348211	0.4723309341928632	28304	0.19811273914595218	0.19811273914595218	0
0.8853188334157193	3065886	0.6664998260193634	0.6664178205436446	0.4702027366953578	28264	0.21589860127808203	0.21589860127808203	0
0.8462679189322788	2133710	0.6736936038692973	0.6735319831273158	0.4616972270397046	27086	0.2620179094850948	0.2620179094850948	0
0.9083044982698962	3473832	0.6847160477121718	0.6842611223505735	0.4711123499595921	28788	0.24012233430110239	0.24012233430110239	0
0.8488630746416214	3127728	0.6404986887838802	0.642333880053373	0.4644456442271374	26772	0.2403665563927503	0.2403665563927503	0
0.8481216015818092	3389546	0.69338694290191	0.6928479444334757	0.46799105254260254	26784	0.21182781579521406	0.21182781579521406	0
0.8996539792387543	2326284	0.6380893266038805	0.6368981389867862	0.4606013733302005	28462	0.2588589680196353	0.2588589680196353	0
0.7286208601087494	2219938	0.6703739435121068	0.6688473827698594	0.4700397674928643	22950	0.2420835444216484	0.2420835444216484	0
0.9016312407315867	2186102	0.6302477922162352	0.631930946164817	0.456800672209628	28748	0.22953232461076925	0.22953232461076925	0
0.8615916955017301	1956402	0.6021412636615066	0.6037168508165343	0.45428220486613896	26964	0.21775773485858588	0.21775773485858588	0
0.7561789421651013	2242820	0.6288952479405682	0.6295825896338204	0.46326646800249405	23658	0.28565882161413286	0.28565882161413286	0
0.8449085516559565	3317654	0.6611690387962589	0.6612110138617618	0.4646734511811792	26494	0.21177396833983952	0.21177396833983952	0
0.856648541769649	2154114	0.5944710752764911	0.595235013811891	0.4561577344096501	26996	0.2240008027086562	0.2240008027086562	0
0.8717251606524963	1884588	0.5718932540129001	0.5720427121185224	0.45751339916608513	27686	0.24974704576844245	0.24974704576844245	0
0.884453781512605	2166172	0.572318948665948	0.5724718671283073	0.4593993282385343	28030	0.23510089136649623	0.23510089136649623	0
0.8578843302026693	3174762	0.6985342593769693	0.6984956727965054	0.4654700749653174	26940	0.22206432281385746	0.22206432281385746	0
0.7891744933267425	2007684	0.6278315108650457	0.627911677643796	0.46312553586630995	24960	0.22589033814331924	0.22589033814331924	0
0.8129016312407316	2411096	0.6275552373206416	0.6291596293903717	0.45208600409408534	25672	0.2198465909139206	0.2198465909139206	0
0.8121601581809195	2331004	0.5954953233517557	0.596969266460712	0.4679259481122691	25462	0.25192481975684344	0.25192481975684344	0
0.815002471576866	2765210	0.6352234447860861	0.6364140029424049	0.46410585050623315	25786	0.2358319931048788	0.2358319931048788	0
0.861220958971824	2627242	0.6182718159361228	0.6186688379248223	0.46760761713253424	27164	0.23723244374542415	0.23723244374542415	0
0.8791398912506179	3810816	0.6407052343392582	0.6408642152359266	0.4713464296916153	27826	0.21503507500421104	0.21503507500421104	0
0.8392239248640633	2514344	0.6435854774925379	0.6448050056982736	0.46685798264245065	26604	0.22919722256743225	0.22919722256743225	0
0.8772862086010875	3176756	0.671024753413564	0.6716824711609678	0.4594657053201629	27590	0.21286427522588844	0.21286427522588844	0
0.8362580326248146	1954578	0.6282948515705289	0.6286089566485693	0.46034027959108964	26232	0.23930151665876798	0.23930151665876798	0
0.8622095897182402	2663438	0.5745620990913766	0.5766372767263855	0.45876735641990957	26952	0.16877789098400012	0.16877789098400012	0
0.8369995056846268	1792812	0.5548543253648885	0.5583853099070577	0.45862605807529677	26164	0.24483195819530343	0.24483195819530343	0
0.8467622343054869	3920704	0.7090953614716375	0.7090930208291844	0.4757198995891558	26802	0.18974881389609136	0.18974881389609136	0
0.8581314878892734	2181418	0.5820035352382883	0.5823268729345242	0.4635682803651156	27176	0.20182265981210104	0.20182265981210104	0
0.9042263964409293	2507184	0.66700577655256	0.6677330029771334	0.46006303185017433	28758	0.20937317027052257	0.20937317027052257	0
0.8533119130004942	2813832	0.6247415093372187	0.6259961025934085	0.46704069191271685	27260	0.23869453840990915	0.23869453840990915	0
0.893969352446861	2418608	0.6243246343382841	0.6248311850564318	0.4601331421706137	28306	0.20572994708922912	0.20572994708922912	0
0.8746910528917449	2517752	0.5910296039199195	0.5918382620246591	0.46023793977090993	27474	0.2096527288221448	0.2096527288221448	0
0.9054621848739496	3315036	0.666508658047593	0.6685349556845063	0.4640827054467514	28622	0.2180328008967922	0.2180328008967922	0
0.8926099851705388	4117018	0.662150043361934	0.6637174590465049	0.46524178357839313	28212	0.1825211321922308	0.1825211321922308	0
0.8215521502718734	3298520	0.6070305906402994	0.6092957186583782	0.4703271013694566	26014	0.1982123392815401	0.1982123392815401	0
0.8529411764705882	2801448	0.6173603928516579	0.6174704757735241	0.46747858266953063	26936	0.20952089931348203	0.20952089931348203	0
0.9050914483440435	3261102	0.6447881276336086	0.6448977508896301	0.4612449786504906	28312	0.21373050059447318	0.21373050059447318	0
0.898047454275828	2851812	0.5967007233395327	0.5968447505139393	0.46863284421075196	28584	0.20742035444948562	0.20742035444948562	0
0.8818586258032625	1982826	0.6262944174424822	0.6271462599131569	0.46208323502302	27946	0.25442687693581867	0.25442687693581867	0
0.8398418190805734	3778252	0.6624601635274171	0.662154167337291	0.47640889058309993	26458	0.20946766415724993	0.20946766415724993	0
0.8696243203163618	3213018	0.6638740871902118	0.6651039091676062	0.46957249740213824	27620	0.2179731075206368	0.2179731075206368	0
0.9196737518536826	5942642	0.7451607174266627	0.7453671593844575	0.4750971871312674	29220	0.17855892626680017	0.17855892626680017	0
0.8525704399406822	3473368	0.6702271385367623	0.6703551153927009	0.46647462793168	26614	0.2044488706758312	0.2044488706758312	0
0.8597380128521996	2847266	0.6869066232631994	0.6869259422119028	0.46574335607145634	27058	0.23927358991941705	0.23927358991941705	0
0.8164854176964904	3025592	0.60382660941977	0.6040208185301139	0.4686785195134897	25780	0.24231750984061315	0.24231750984061315	0
0.8540533860603065	2195410	0.6072872539864124	0.6080915826176342	0.4542327454998767	27096	0.22817729402845702	0.22817729402845702	0
0.8803756796836382	3537960	0.7125079538182041	0.71224527655251	0.4658472002038765	27874	0.23417995750695442	0.23417995750695442	0
0.8800049431537321	2397268	0.6602427214875867	0.6608513279577551	0.4611225431561334	27868	0.23568301720188167	0.23568301720188167	0
0.9117647058823529	2746186	0.6471760720881693	0.6480669277692993	0.4575680672860322	28726	0.19871402342355615	0.19871402342355615	0
0.8546712802768166	2804398	0.6579652174757046	0.6582068886602058	0.463122103476526	27116	0.2072099501652063	0.2072099501652063	0
0.9141127039050915	3991568	0.6667964858826281	0.666938970547203	0.4692905463428962	28986	0.19139867614167191	0.19139867614167191	0
0.8999011369253583	2766262	0.582305369857172	0.5829660738737212	0.46858914131986235	28296	0.2068436363577788	0.2068436363577788	0
0.8649283242708848	1920450	0.6016081298363752	0.6009917923481698	0.4616177607934135	26946	0.24103059693947307	0.24103059693947307	0
0.8807464162135442	3919714	0.6488002161831921	0.6499572956807796	0.4718398145577248	27932	0.23195774421058357	0.23195774421058357	0
0.8717251606524963	1801170	0.6026144533144272	0.6024905415744702	0.4519096892387752	27482	0.21957385513598968	0.21957385513598968	0
0.9146070192782996	3037636	0.6424428987627515	0.6431920034328794	0.4452936739133167	28082	0.21540961934706868	0.21540961934706868	0
0.7986900642609985	2965612	0.6927689129377672	0.6926911716296834	0.4676703662633992	25430	0.2603350321235897	0.2603350321235897	0
0.8829708353929807	3238120	0.6766194767547503	0.6774889036674994	0.4670376555145177	27956	0.21938204775410786	0.21938204775410786	0
0.8688828472565497	3298862	0.6586993043673199	0.6587225204142736	0.46642977250627066	27592	0.2061311928999611	0.2061311928999611	0
0.8643104300543747	3074104	0.5719615727554056	0.5729036026787487	0.47098731793299714	27566	0.2240877476202473	0.2240877476202473	0
0.8293376173999012	1873086	0.5852989952498101	0.5861529078609364	0.4617234284635712	25994	0.22172058783784188	0.22172058783784188	0
0.8735788433020267	3238546	0.663712675508006	0.6631630502527738	0.4693521919614559	27318	0.24340980926224354	0.24340980926224354	0
0.8136431043005438	3252642	0.6693113379510787	0.6688203441571686	0.471389355649414	25170	0.17367176278411756	0.17367176278411756	0
0.842807711319822	3051208	0.6529353604942629	0.6530420133603979	0.4678739488779439	26210	0.1907287032188483	0.1907287032188483	0
0.8800049431537321	3635008	0.6510785503811946	0.6517807750523469	0.4604343430729784	27526	0.2445977644161492	0.2445977644161492	0
0.8824765200197726	3514164	0.6467076432737406	0.6470490018026084	0.46408170555718703	27862	0.20968712556789507	0.20968712556789507	0
0.8157439446366782	1855328	0.6143860522501633	0.6141767420421304	0.4596365127451804	25624	0.2239239862264372	0.2239239862264372	0
0.8717251606524963	2432642	0.582320237120247	0.5839777417507184	0.45974322960999886	27666	0.24968249080302438	0.24968249080302438	0
0.8772862086010875	2723480	0.5992599280389894	0.5997615603014962	0.4688772326656517	27740	0.21147530872422235	0.21147530872422235	0
0.9132476520019772	3460510	0.6934241127637603	0.6934726192627624	0.4649348379467246	29024	0.20891161338775185	0.20891161338775185	0
0.8182155215027187	2320726	0.5884465698579875	0.5899955827876775	0.4645024674931957	25704	0.24496364243274907	0.24496364243274907	0
0.7815126050420168	2711460	0.6918898026154578	0.6928324938611077	0.4637053213219126	24454	0.24768985703243307	0.24768985703243307	0
0.8866782006920415	3156826	0.6583886117892453	0.6594870835019963	0.467806200922404	27924	0.2097771075120347	0.2097771075120347	0
0.8561542263964409	2346250	0.6624779765498429	0.6614178060750183	0.4607842387392014	26956	0.23920402561337972	0.23920402561337972	0
0.893227879387049	3708256	0.657765836952456	0.6587991066913982	0.4713806902773994	28220	0.17107512360220878	0.17107512360220878	0
0.9050914483440435	2471642	0.5970600607570206	0.5992774741760842	0.46550705537227716	28630	0.22190461617302262	0.22190461617302262	0
0.8860603064755314	3588116	0.6244026735621193	0.6241830316451776	0.4723025731815944	27724	0.19420199530784768	0.19420199530784768	0
0.9049678695007415	2230920	0.595845909298787	0.5961741082054889	0.45784717576241557	28708	0.21119017930197792	0.21119017930197792	0
0.8823529411764706	2252438	0.5903897375150617	0.591726023676747	0.46682362371044545	27920	0.2137432094520454	0.2137432094520454	0
0.8822293623331685	4167528	0.6605782037307634	0.6603855793298365	0.4683138745945634	27740	0.2283551929340664	0.2283551929340664	0
0.9062036579337618	3220778	0.6496745291398821	0.6493054207954984	0.4676421321556137	28862	0.22200421567044223	0.22200421567044223	0
0.8927335640138409	2292818	0.6063763235734184	0.6073584759391762	0.46708946328410533	28198	0.2433813500501648	0.2433813500501648	0
0.9223924864063272	2909404	0.6324792667202797	0.6327907630405581	0.4649073965963802	29470	0.20523361734009704	0.20523361734009704	0
0.9246169055857637	2541936	0.639298073806363	0.6396255441198261	0.46203981098668095	29052	0.2281224633977679	0.2281224633977679	0
0.8026445872466634	3442788	0.6676631941137373	0.6685303862570229	0.462193881697359	25624	0.2645795565311508	0.2645795565311508	0
0.8145081562036579	2759566	0.6532205307387425	0.6533511375287956	0.4626293328808566	25922	0.2522441456884719	0.2522441456884719	0
0.809935739001483	3894574	0.6715122268398325	0.6715381133151088	0.4712528456244908	25636	0.20525428923836034	0.20525428923836034	0
0.8907563025210083	4073682	0.6646516535605224	0.6647974278451381	0.47068426893703275	28466	0.2098354170368325	0.2098354170368325	0
0.8871725160652496	3399164	0.6604520199511535	0.6598632565920695	0.4727744359411854	28350	0.18688976191910192	0.18688976191910192	0
0.8628274839347504	2788034	0.6242384673940023	0.6253617278722784	0.4674762367913059	27578	0.20629426065982012	0.20629426065982012	0
0.7863321799307958	2981726	0.6794716999622423	0.6794924822075865	0.47226279649049624	25206	0.24157228353903712	0.24157228353903712	0
0.8954522985664854	2755280	0.6131284120480479	0.6132395481919548	0.46849908709552984	28506	0.23572797779566843	0.23572797779566843	0
0.8864310430054375	2081664	0.5964647343843107	0.598496500300975	0.456722724434885	27642	0.22113565660682824	0.22113565660682824	0
