Utilization	Connections(A2A)	Lvl1TraffRatio(A2A)	Lvl1TraffRatioNoIndirect(A2A)	RatioIndirect(A2A)	Connections(AR)	Lvl1TraffRatio(AR)	Lvl1TraffRatioNoIndirect(AR)	RatioIndirect(AR)
1.0	150302	0.007584764420527383	0.0085595892341652	0.3485337748129686	6940	0.02665271238600841	0.02665271238600841	0
1.0	124120	0.05515279610567844	0.0628973997653537	0.32478999730439545	6872	0.03820690841145097	0.03820690841145097	0
0.9951171875	85706	0.04007374045012714	0.04727199845642584	0.27112272606976934	6302	0.040409270872990205	0.040409270872990205	0
1.0	152530	0.017588546183700867	0.02104332500016812	0.29906242670670435	6430	0.023758095811660072	0.023758095811660072	0
1.0	66310	0.022807510756268683	0.024351194372671303	0.2818262145587863	6556	0.028932725774481093	0.028932725774481093	0
0.9951171875	101070	0.013359757696000086	0.015193338544856026	0.31116267786249635	6748	0.012651477190966091	0.012651477190966091	0
1.0	49978	0.05625304614506973	0.06378783167132562	0.2512959159294154	6058	0.041074187897627644	0.041074187897627644	0
1.0	98748	0.03739458403632475	0.04218443402338597	0.2942766815324332	6550	0.035031647331349544	0.035031647331349544	0
0.994140625	86486	0.025009317275620748	0.02733097922024784	0.2733864735692751	6244	0.03650748289040291	0.03650748289040291	0
0.99609375	70616	0.05351142833095063	0.06301338816104467	0.26794691190689945	6108	0.07326754244932603	0.07326754244932603	0
1.0	135386	0.01928018756686773	0.021701568023649167	0.3392335061168085	6898	0.02247866046405841	0.02247866046405841	0
1.0	198910	0.10028120069122871	0.1059771390343806	0.34915306324848316	7014	0.08442235592725716	0.08442235592725716	0
0.99853515625	96072	0.1289029272563412	0.14476493685718567	0.3051771269556038	6442	0.08973699405442827	0.08973699405442827	0
0.990234375	150620	0.01252066208829982	0.01588821926944957	0.3160036373750061	6624	0.01820393543983512	0.01820393543983512	0
0.98828125	72076	0.05598224521922449	0.0627843610493425	0.2684008610111935	6272	0.046464053191428024	0.046464053191428024	0
1.0	167942	0.05277959444161529	0.05648117484708721	0.3011190297947843	6278	0.042072959451008245	0.042072959451008245	0
1.0	87076	0.03796726058855267	0.04429774292597806	0.27354463304497073	6224	0.05780135511506015	0.05780135511506015	0
1.0	87982	0.03592784627049636	0.03626552830298768	0.2790923168367857	6210	0.033686160538886796	0.033686160538886796	0
1.0	129724	0.000536480686695279	0.0005813953488372093	0.3219520791428365	6572	0.0016025641025641025	0.0016025641025641025	0
0.98828125	88194	0.021224439413092967	0.02077249538128192	0.2869614797478981	6544	0.02032919954115606	0.02032919954115606	0
0.9921875	90824	0.03562617752235326	0.039002507014521307	0.3064038446690472	6614	0.05070481608275773	0.05070481608275773	0
1.0	57868	0.046726556569521946	0.05003127008173139	0.24795527001776707	6026	0.03278841704361718	0.03278841704361718	0
0.99267578125	99884	0.04057501672669455	0.04807089031432851	0.28921466983943306	6384	0.03795876808885087	0.03795876808885087	0
1.0	147994	0.015235135291013429	0.018892454213558344	0.29415635238337695	6362	0.017710820683381655	0.017710820683381655	0
0.994140625	89644	0.07251860344560393	0.08305526370242107	0.28741184458001773	6480	0.06968975118264338	0.06968975118264338	0
0.9921875	109464	0.017843513360640734	0.018748937453121735	0.31407424436055364	6790	0.019130340815969125	0.019130340815969125	0
1.0	89962	0.03842927733290248	0.04587463881739604	0.2682085410968211	6018	0.03051788254953699	0.03051788254953699	0
1.0	59182	0.06394440127414869	0.06742672784579852	0.2366291495875892	5904	0.044555897839411635	0.044555897839411635	0
1.0	94980	0.014675302537206784	0.017237668592798346	0.29618216793778185	6522	0.021269786451902382	0.021269786451902382	0
1.0	70184	0.047635822620631096	0.04891204814210809	0.257693142819512	6058	0.043230981765800286	0.043230981765800286	0
1.0	73588	0.07008688085501322	0.07553489761867005	0.27629529214918974	6336	0.05404431273085116	0.05404431273085116	0
1.0	185448	0.039016157947025364	0.04917251922298074	0.32323445446998794	6602	0.0581179380375891	0.0581179380375891	0
1.0	70946	0.12152623658044298	0.1304613838273103	0.2596632791098247	6058	0.09071809919938764	0.09071809919938764	0
1.0	107270	0.0320525653086643	0.03498379311399555	0.28685448433350325	6324	0.027607426003406575	0.027607426003406575	0
1.0	201844	0.06618227217685461	0.06742260665280099	0.3527593945753629	6704	0.026990553306342775	0.026990553306342775	0
0.998046875	109928	0.056076966469308424	0.06242356406409858	0.3074329256998259	6592	0.05514642982330813	0.05514642982330813	0
1.0	82934	0.08975751459209101	0.09833469899890546	0.2838551755627808	6456	0.05235557511342327	0.05235557511342327	0
1.0	217906	0.07227011042928878	0.08075617388957454	0.39150128131944834	7178	0.03682291699442651	0.03682291699442651	0
1.0	137340	0.015502488765000003	0.016413385860142286	0.2783001068809164	6250	0.016304506036648892	0.016304506036648892	0
0.994140625	178128	0.10956000526021963	0.11606413167396763	0.32642444954563715	6704	0.06145720701250947	0.06145720701250947	0
1.0	72370	0.0374969436226476	0.04098556346000628	0.27681312405752156	6274	0.03912814747418406	0.03912814747418406	0
0.990234375	82566	0.04595262204777034	0.04791587613439242	0.3086650319181837	6802	0.05744416322560533	0.05744416322560533	0
0.994140625	92958	0.051594200743563086	0.058375805142049576	0.284988337989272	6356	0.07616677542851812	0.07616677542851812	0
1.0	110102	0.03470540337111565	0.035437542906920895	0.3186119263125922	6850	0.035379069190503834	0.035379069190503834	0
0.998046875	170072	0.019297254363143893	0.020740491634048137	0.3159517020466161	6530	0.02696953781512605	0.02696953781512605	0
1.0	230956	0.015606855968265719	0.018542329763797938	0.33910635609448264	6596	0.022216866929698705	0.022216866929698705	0
1.0	145188	0.05056110242770971	0.05228551255451267	0.29737959754167326	6540	0.03734777574430629	0.03734777574430629	0
1.0	76194	0.19721429186715578	0.20763998772108586	0.2735959113858867	6144	0.08364920654487186	0.08364920654487186	0
0.9931640625	91446	0.03896834394350418	0.04081163123454755	0.26423677756200675	6058	0.0455873201506206	0.0455873201506206	0
1.0	198508	0.015928933409116698	0.017909354709776826	0.3584645314341522	6860	0.021099260113901355	0.021099260113901355	0
1.0	75700	0.03544079645003974	0.04287505477400606	0.25243364333867696	6104	0.030341505341505346	0.030341505341505346	0
0.9931640625	136624	0.024401607838674625	0.026732003723105212	0.28405907111795803	6304	0.01666332264854269	0.01666332264854269	0
0.9921875	162884	0.14921853700861465	0.15474993222758382	0.32187370487701245	6508	0.09416528873247944	0.09416528873247944	0
1.0	107972	0.055802174036460435	0.05885603285469526	0.278748289495767	6274	0.07701298798676895	0.07701298798676895	0
0.998046875	106380	0.032202489641443	0.039177068451974766	0.29167307418461336	6448	0.03701451618420242	0.03701451618420242	0
1.0	69730	0.03142563102129142	0.03387268972811793	0.2748213908911242	6486	0.033313047727398265	0.033313047727398265	0
1.0	57402	0.043498887437149594	0.045865618171814976	0.25480899232256865	6054	0.03413991480272084	0.03413991480272084	0
0.9912109375	177896	0.04138680585887514	0.04656449111155772	0.32652599269065513	6640	0.0318328335909024	0.0318328335909024	0
1.0	143966	0.041700850226108574	0.044321269318821174	0.3100188481430972	6760	0.03496802999259165	0.03496802999259165	0
1.0	107960	0.03610673244030256	0.037705308984441396	0.2987439400965293	6440	0.04004829012450964	0.04004829012450964	0
1.0	79498	0.19552632807495893	0.20113024977677482	0.2761998156771988	6222	0.07581344653229327	0.07581344653229327	0
1.0	54634	0.06952735715723651	0.08259821386664398	0.24346150865010152	5992	0.09770001423613829	0.09770001423613829	0
1.0	65052	0.035395458065766376	0.038101342562296886	0.250425264216733	5938	0.03466324283778552	0.03466324283778552	0
0.98828125	111540	0.04233416447087389	0.047757143214676015	0.31333918558162305	6734	0.03774119510333596	0.03774119510333596	0
0.97998046875	127490	0.18496413882706425	0.19346943573505743	0.33314950457892584	6764	0.08305823363698756	0.08305823363698756	0
1.0	79892	0.012547006647657205	0.013400843134877887	0.2719977945897083	6334	0.020753694012679895	0.020753694012679895	0
1.0	93740	0.04399015504947122	0.04787020685352304	0.30085225836055624	6634	0.057225063572806274	0.057225063572806274	0
1.0	84390	0.023478775398133627	0.026185034778321386	0.28646083816812073	6440	0.043727408783976685	0.043727408783976685	0
1.0	62300	0.11039664398425311	0.1198721182989453	0.2571165960924793	6190	0.085961359201245	0.085961359201245	0
0.990234375	68730	0.04276043894623775	0.052385982667415454	0.2451534785338345	5846	0.07089142815245754	0.07089142815245754	0
0.98828125	83032	0.016008869867353268	0.017566205775761498	0.2816361462026513	6358	0.012961064923274226	0.012961064923274226	0
0.9951171875	73730	0.055195643250750645	0.06390595779677506	0.2741298992073258	6378	0.05714876404685765	0.05714876404685765	0
1.0	50200	0.11520841941759488	0.12897619305784117	0.24144885079641942	6042	0.09167979430311227	0.09167979430311227	0
1.0	177424	0.0987887809933376	0.10217769502362217	0.3307636646351217	6606	0.0653002913078432	0.0653002913078432	0
1.0	88606	0.0636898204972104	0.07309707644663788	0.2796730560002195	6292	0.07281375616105783	0.07281375616105783	0
1.0	114704	0.037906282016932136	0.03973578531555345	0.3119178729601489	6720	0.027402740767385796	0.027402740767385796	0
0.994140625	191524	0.04779781375792892	0.05290077850901301	0.34261200365376854	6846	0.04059681379149054	0.04059681379149054	0
1.0	84544	0.06970421360098099	0.07521474900929281	0.29044443164720285	6480	0.07764586800606324	0.07764586800606324	0
1.0	63390	0.035962219740072215	0.03980888032971569	0.2598337973978024	6180	0.040648717068289306	0.040648717068289306	0
1.0	174882	0.028488428497047726	0.03211020134535374	0.3242343809152038	6840	0.039320404239164296	0.039320404239164296	0
1.0	76190	0.027290345276747716	0.02933014033719348	0.2844219528941388	6566	0.027616199700730808	0.027616199700730808	0
1.0	115380	0.12895339673146122	0.13263901901890945	0.31200832767714753	6722	0.07094246696135327	0.07094246696135327	0
1.0	97962	0.021530615134388108	0.023935718569512775	0.3024599769904977	6718	0.03022284848979219	0.03022284848979219	0
1.0	80018	0.039905501019408894	0.04220075881216847	0.2651178468302217	6144	0.044791270674662306	0.044791270674662306	0
1.0	63404	0.04656984305113423	0.04980271630371811	0.26384745752510824	6334	0.03269736812204336	0.03269736812204336	0
1.0	61486	0.09867087295016704	0.10574920282544174	0.2553047217372689	6074	0.10170554029565658	0.10170554029565658	0
1.0	57738	0.047688410087407394	0.054978315819517315	0.24714167883639934	5984	0.0596506607954226	0.0596506607954226	0
0.982421875	71810	0.02337751262316711	0.02858337832495513	0.26319867091876586	6120	0.027439754420659424	0.027439754420659424	0
0.984375	161020	0.09740626015949143	0.10178649395045311	0.33129787594770316	6660	0.0687591753181509	0.0687591753181509	0
1.0	47036	0.0351172717693963	0.04351880901892956	0.22185186189191844	5746	0.037528012859795984	0.037528012859795984	0
1.0	83870	0.021045671273070263	0.024175927727139224	0.25363525626830696	5732	0.03884550451984663	0.03884550451984663	0
1.0	104848	0.01963961996355937	0.020660650392782674	0.2903589555992773	6534	0.020862938609664348	0.020862938609664348	0
1.0	119096	0.02488411722037983	0.025108197191407854	0.31490285414940655	6718	0.030898268398268397	0.030898268398268397	0
1.0	70478	0.07435500256066563	0.07982155754007815	0.26179499852861454	6156	0.08115384083859635	0.08115384083859635	0
1.0	87742	0.1708863330481734	0.17367719208757082	0.29783590820332184	6716	0.049495525371993226	0.049495525371993226	0
1.0	37332	0.01708911311694559	0.01783823865122156	0.2249708149130981	5906	0.01345307663883068	0.01345307663883068	0
1.0	78254	0.04391714835250157	0.05143860505887098	0.261183577353422	6072	0.03533538392644383	0.03533538392644383	0
0.998046875	114546	0.16100106708209624	0.17179999025771864	0.3144498037601822	6616	0.07360813176277181	0.07360813176277181	0
0.986328125	160536	0.026239527367478126	0.03116106361684412	0.3276847094547869	6876	0.02281511287625418	0.02281511287625418	0
0.994140625	129326	0.06051975075969935	0.07044779499348067	0.32187383930201047	6762	0.038399363072328184	0.038399363072328184	0
1.0	156716	0.04767342719798339	0.053578249941149715	0.30106796073317826	6450	0.04978819885119593	0.04978819885119593	0
1.0	145540	0.06646729333418624	0.07382686414330386	0.30600891570178346	6674	0.06635864354003211	0.06635864354003211	0
1.0	88204	0.023388925193644057	0.02408713298556877	0.269789493862528	6206	0.017780357757137946	0.017780357757137946	0
1.0	71204	0.018341065571933688	0.02113956474637031	0.2594816020735911	6146	0.019733643361692144	0.019733643361692144	0
1.0	70528	0.06954263887889911	0.07322986342745497	0.25308188862548014	5900	0.06611409447303604	0.06611409447303604	0
0.9970703125	68170	0.018763292188753583	0.02059007362216666	0.25400807333912284	6066	0.018967129938373496	0.018967129938373496	0
0.990234375	140544	0.02805796951620252	0.03072346720903287	0.28807059402718443	6396	0.03683449633180206	0.03683449633180206	0
0.998046875	137396	0.045041021986671606	0.053123304636537264	0.2781481092361941	6182	0.042712967889535214	0.042712967889535214	0
1.0	113534	0.03627356948066116	0.03970437345124465	0.30118111116110985	6472	0.03667630225792754	0.03667630225792754	0
0.98828125	137794	0.005117752556338824	0.006117824421502403	0.3107172412199887	6396	0.015624999999999998	0.015624999999999998	0
1.0	66092	0.05394979203307172	0.05634788551360504	0.2662944505456552	6118	0.04311881533079106	0.04311881533079106	0
1.0	90210	0.07400384016508307	0.07726754347837617	0.26675216929973644	6102	0.054561482120617295	0.054561482120617295	0
1.0	105412	0.02195490727166863	0.026005758134483123	0.3108908925003418	6708	0.02945857703171532	0.02945857703171532	0
0.994140625	87382	0.0350618990451301	0.0402707845008203	0.29328113998913774	6474	0.030428737840199126	0.030428737840199126	0
1.0	110484	0.03214759175814713	0.034405597545805786	0.3099419564717863	6578	0.0496521087222307	0.0496521087222307	0
1.0	192752	0.03622070240684359	0.04104276043621216	0.3560185507058015	7022	0.04351650612274455	0.04351650612274455	0
1.0	146550	0.051522808550455705	0.05411384101828749	0.3013899018909197	6474	0.061388594047476965	0.061388594047476965	0
1.0	65070	0.09948060363101001	0.10625484149598016	0.26616580103701903	6290	0.08591613398943548	0.08591613398943548	0
0.99658203125	95942	0.11130040972814743	0.11946630290283254	0.29884052508581505	6228	0.06802590111643003	0.06802590111643003	0
1.0	92104	0.01736657780195512	0.019205913909625713	0.28848990905857747	6538	0.0186060713377647	0.0186060713377647	0
1.0	175884	0.09393921391548049	0.09663107278010848	0.30967133396136526	6542	0.04524072503723666	0.04524072503723666	0
1.0	86488	0.054692160182088785	0.058576381343862706	0.2841556762727698	6528	0.05462863913662405	0.05462863913662405	0
1.0	58634	0.10216256353015535	0.11060428399183271	0.23403321451224554	5904	0.06941131157504128	0.06941131157504128	0
0.99609375	170354	0.00667358443569004	0.008791789707367064	0.31727896479533046	6528	0.01333511508816387	0.01333511508816387	0
1.0	53426	0.037914591100185524	0.04128529449713485	0.26300148551721736	6332	0.03551089803812282	0.03551089803812282	0
1.0	65676	0.06624556849968909	0.07347431976174719	0.2642053361410803	6226	0.08332080074931555	0.08332080074931555	0
1.0	65990	0.10872871969996228	0.12046115042406515	0.2715311485900232	6330	0.117273211292012	0.117273211292012	0
1.0	150050	0.026503203598309363	0.029976519234333424	0.2955733511823193	6444	0.023668690491181043	0.023668690491181043	0
0.994140625	121068	0.030660338972808163	0.036599792791601214	0.3157917699162732	6526	0.08335792901923574	0.08335792901923574	0
0.994140625	234354	0.19975686381278904	0.2060757338520423	0.3479172785459061	6488	0.08309585816110496	0.08309585816110496	0
1.0	107348	0.0324167814583554	0.038450595072338306	0.29597581659124694	6506	0.03152206932226476	0.03152206932226476	0
1.0	108454	0.04998015116075038	0.0538235377363126	0.2938131246062557	6408	0.04593282338309959	0.04593282338309959	0
1.0	103550	0.014711530656772569	0.01768966340405509	0.2896049787633616	6296	0.018973857460699566	0.018973857460699566	0
1.0	98050	0.027610330820306686	0.03234356885331252	0.2793826454398361	6190	0.056701848878117606	0.056701848878117606	0
1.0	88902	0.09438410699174558	0.10619388245987857	0.3027310361805587	6560	0.07697293235204401	0.07697293235204401	0
0.9951171875	62512	0.018441720373864528	0.021482806534181706	0.2524728789385076	6098	0.019846654801291896	0.019846654801291896	0
1.0	203410	0.09705241294088837	0.09807666195062407	0.3449877637137948	6654	0.038514638849929866	0.038514638849929866	0
1.0	41844	0.062355352175762206	0.0748466554067267	0.23588579760306674	6006	0.0496247914075846	0.0496247914075846	0
1.0	80948	0.028961690461119786	0.03144535548805746	0.28754993241446686	6572	0.03314624675124719	0.03314624675124719	0
0.9921875	97560	0.03383087774944472	0.03675548259642621	0.2908617873010482	6498	0.04018768681397051	0.04018768681397051	0
1.0	87064	0.05784828204921732	0.05956435773855139	0.2865747503554174	6536	0.06042534903726765	0.06042534903726765	0
1.0	111544	0.03322936605772205	0.03601573597445343	0.301768811774253	6512	0.02916286740683612	0.02916286740683612	0
0.98828125	179626	0.09055751601516909	0.09326907811373975	0.3303357502693281	6742	0.03851086057292591	0.03851086057292591	0
0.998046875	69438	0.004522112767196142	0.004574003894656069	0.2643366648489244	6296	0.004464285714285714	0.004464285714285714	0
1.0	70302	0.03224622254725889	0.03545624939626085	0.25107118072506124	5970	0.03037493539399975	0.03037493539399975	0
1.0	85556	0.04368172729373438	0.050098960685699544	0.28632098089473174	6408	0.05358903763509027	0.05358903763509027	0
0.98828125	182816	0.036531114464052473	0.03965186928571167	0.3257482372764957	6550	0.023405367793484642	0.023405367793484642	0
1.0	67560	0.06883090893994202	0.07415277577616433	0.25370563843748767	6006	0.04530006689893543	0.04530006689893543	0
0.994140625	74738	0.02061813394245465	0.02110001379899303	0.28992796435925305	6658	0.02021475709849157	0.02021475709849157	0
1.0	160776	0.08334725971458008	0.09097785193816309	0.3053505456221018	6180	0.07348480320402337	0.07348480320402337	0
1.0	83514	0.19089332483837604	0.19647625301109045	0.2898546944212221	6580	0.09832446902904982	0.09832446902904982	0
0.9921875	106508	0.03892083279719187	0.04552047762930664	0.30406186422546394	6558	0.037843788301592	0.037843788301592	0
1.0	44616	0.08482088739150925	0.09289653251036936	0.2291923267297892	5874	0.07283192025839084	0.07283192025839084	0
1.0	81382	0.03072535794751946	0.036470953526599556	0.27682571210290263	6322	0.04226049911461928	0.04226049911461928	0
1.0	88338	0.049353031523657255	0.058999659203896264	0.2871755442970111	6466	0.044496624934504875	0.044496624934504875	0
1.0	111568	0.0521325373040212	0.05633929683355156	0.3258675923291561	6756	0.05786225921739174	0.05786225921739174	0
1.0	126618	0.047974837588825765	0.04998785319056756	0.3315974476302871	6874	0.04236709901351845	0.04236709901351845	0
0.994140625	97024	0.04885435151616445	0.05409674156817971	0.2848029248601824	6330	0.03444842006391997	0.03444842006391997	0
1.0	78504	0.05486496581532082	0.06101627380066168	0.2720179676138059	6414	0.04363701288155344	0.04363701288155344	0
1.0	211950	0.02003056608997593	0.0241038058951482	0.38039497571476183	6998	0.020965213552422854	0.020965213552422854	0
1.0	85392	0.03934967248986248	0.039321483780349484	0.2903360682515657	6636	0.02662320433668084	0.02662320433668084	0
1.0	115884	0.049410557067217926	0.054517405353210945	0.3077449051814331	6598	0.04022205410281822	0.04022205410281822	0
1.0	63906	0.09411952526980548	0.10770066255300992	0.28063695067999594	6328	0.10741845876361555	0.10741845876361555	0
1.0	102166	0.03466450827179681	0.03935847505836919	0.31111845267051647	6776	0.033529018779778055	0.033529018779778055	0
1.0	82094	0.04095945462092833	0.04609370632678984	0.27732574753482914	6332	0.055363783193432575	0.055363783193432575	0
1.0	86512	0.09755622822332867	0.10927201997160281	0.27462915883324573	6192	0.1083421489230037	0.1083421489230037	0
0.99609375	147544	0.0459706580951309	0.05179406648734815	0.28578135043515607	6318	0.032777525423004474	0.032777525423004474	0
1.0	147530	0.07671747270289614	0.0810159853012055	0.2925157078368869	6310	0.07885487640139598	0.07885487640139598	0
1.0	67696	0.03274916124282099	0.035800084755752457	0.2682207351275987	6360	0.040915033126720436	0.040915033126720436	0
1.0	163068	0.025162596157755113	0.028698310026222515	0.315282205614162	6630	0.030973884276780092	0.030973884276780092	0
1.0	110312	0.02400967664528742	0.026214375788983522	0.29828166520348404	6372	0.04770505920246523	0.04770505920246523	0
1.0	68434	0.02368187811171074	0.02597331497251249	0.24684081073994704	5960	0.0227219094817779	0.0227219094817779	0
1.0	110430	0.035782039661137764	0.04039024862603202	0.3090889077823527	6662	0.04084169098175459	0.04084169098175459	0
1.0	98072	0.065153125096679	0.07200417571412623	0.29918942864669024	6540	0.07266166758788914	0.07266166758788914	0
0.994140625	234026	0.11897957273951137	0.12149043297794915	0.37874193702181286	7134	0.04740324145409976	0.04740324145409976	0
0.998046875	106728	0.018650370173740848	0.0189782002532762	0.31344639099605637	6864	0.01558082016871654	0.01558082016871654	0
1.0	74534	0.05180551812977336	0.05538862984301249	0.25210230520135035	5896	0.0606573326939	0.0606573326939	0
0.99560546875	150570	0.024749460630413538	0.02671525329131383	0.2956949962241286	6360	0.032473507257396485	0.032473507257396485	0
1.0	79426	0.031099376273214838	0.033853880377131385	0.2653031896828982	6228	0.02265177949783512	0.02265177949783512	0
1.0	63440	0.07045561451015775	0.07597659632480175	0.2423550148599817	6040	0.055648527910957146	0.055648527910957146	0
0.998046875	70164	0.013043105684925047	0.01282922040658113	0.2631298471285994	6098	0.016074024086378737	0.016074024086378737	0
0.9921875	71330	0.00837706070966742	0.00972568680120451	0.25180423799647317	6090	0.01300484866391339	0.01300484866391339	0
0.9921875	90144	0.0520684667486153	0.0552854655803504	0.2869893187544198	6386	0.05256109905850805	0.05256109905850805	0
1.0	77948	0.06794386275807004	0.07561822913348301	0.2600960600305745	6202	0.05214968209014592	0.05214968209014592	0
0.994140625	137972	0.020744278049414495	0.023805216441316734	0.2994096751411875	6476	0.03513079153232542	0.03513079153232542	0
1.0	94156	0.06794407819923251	0.07141352299723397	0.2896257522154258	6542	0.04964568754310476	0.04964568754310476	0
0.9921875	251018	0.043421298346964905	0.04851942337956905	0.38038097604455506	7110	0.035070912614517266	0.035070912614517266	0
1.0	110424	0.08391350011078545	0.08768067296664972	0.31376685962456435	6750	0.06262395847543915	0.06262395847543915	0
1.0	85226	0.05928007155845367	0.06020736486866738	0.28524454165512814	6404	0.05332846575120233	0.05332846575120233	0
0.984375	232732	0	0	0.3487654079378846	6716	0	0	0
1.0	72368	0.039231889557522444	0.03983720035124707	0.2554758136403595	6182	0.03247908915909027	0.03247908915909027	0
1.0	78316	0.009714727385822667	0.011593846623266584	0.2518631087547654	5934	0.020175071214122504	0.020175071214122504	0
1.0	79296	0.03068983703471969	0.03568109701210849	0.2839855900031727	6458	0.04667590300203532	0.04667590300203532	0
1.0	74710	0.11820846553968328	0.12981628632951844	0.26261987412359605	6022	0.08496864710087493	0.08496864710087493	0
0.9970703125	84988	0.049385427258731907	0.058058929577701646	0.26791979294933205	6128	0.039455445295158355	0.039455445295158355	0
1.0	84520	0.0010766430893033242	0.0016062434685867075	0.29813175229614614	6688	0.007311698717948718	0.007311698717948718	0
1.0	183698	0.03603185704253729	0.03928033644818395	0.34978136583962716	7018	0.06576402424624253	0.06576402424624253	0
1.0	83574	0.02986599385769857	0.037125247157933576	0.2831239007332893	6418	0.055748195372728356	0.055748195372728356	0
1.0	94894	0.02239922676952876	0.025091130144856626	0.29095520757483206	6602	0.01999129898492398	0.01999129898492398	0
0.9990234375	66708	0.037401817785602115	0.04451451602740144	0.26348474406918415	6360	0.028397605616997466	0.028397605616997466	0
1.0	87102	0.029062925020030387	0.03292768624556538	0.2792724435229423	6398	0.04154091248977325	0.04154091248977325	0
1.0	57326	0.07506936876047304	0.07841721367552833	0.27273546903783247	6502	0.055237732480379546	0.055237732480379546	0
1.0	95906	0.05106554085721181	0.05548747968985183	0.2880823365169729	6438	0.04210952654138317	0.04210952654138317	0
1.0	175710	0.028602050272220562	0.03287008076328987	0.334942344303222	6982	0.049914676606172104	0.049914676606172104	0
0.99755859375	195430	0.03490125846817914	0.039308855122929906	0.34270832419638514	6668	0.022684493453424256	0.022684493453424256	0
1.0	184608	0.11394929991898319	0.11891941017829424	0.3317360238426564	6786	0.07195702825270699	0.07195702825270699	0
1.0	88362	0.08077911108850239	0.08518817025051806	0.2985346637556703	6336	0.03717920637909028	0.03717920637909028	0
0.9951171875	99318	0.050358025503058436	0.055841330608413745	0.2837376613545391	6256	0.06350924344585422	0.06350924344585422	0
0.98095703125	164538	0.03205976305144463	0.03664612527529415	0.29901398113228933	6138	0.029935449202082264	0.029935449202082264	0
1.0	123130	0.03944257187691613	0.044564553937432354	0.3154976737223945	6744	0.03937029655610148	0.03937029655610148	0
0.998046875	171798	0.061620091367678535	0.07060092779197677	0.3212911928479505	6644	0.05066760459975452	0.05066760459975452	0
0.9921875	75290	0.0060922186139558245	0.006599130893259084	0.2585611497672809	6216	0.009025212096332787	0.009025212096332787	0
1.0	175372	0.021337829741677288	0.025255442331700066	0.3309805146886719	6814	0.027758212217281513	0.027758212217281513	0
1.0	106924	0.13795000899230195	0.14514776222538994	0.30490775989954905	6398	0.06184476887601888	0.06184476887601888	0
1.0	152746	0.08591657506669735	0.0888017366723876	0.2864279186527215	6112	0.1208494798284214	0.1208494798284214	0
1.0	255470	0.1876501018062015	0.18887096642131504	0.36108670053101033	6950	0.04553747740880983	0.04553747740880983	0
0.99609375	177768	0.0014225636034217526	0.0013891086303996502	0.3229290805394895	6448	0.005161411411411411	0.005161411411411411	0
0.99609375	127278	0.027422447473787612	0.031118968010561663	0.33149904727412477	6666	0.036804275382870115	0.036804275382870115	0
1.0	212192	0.03253860086634426	0.03912791987926695	0.3755435460581824	6852	0.02618636049558118	0.02618636049558118	0
0.99609375	95588	0.04029358448768027	0.04211820823296824	0.2885462330139023	6402	0.03565411829547108	0.03565411829547108	0
1.0	135138	0.0305709291797284	0.03526155569554287	0.2615247217890787	5908	0.04078184640180607	0.04078184640180607	0
0.994140625	50238	0.036552256552863774	0.03912313605263349	0.25136498934539303	5972	0.049886510548275254	0.049886510548275254	0
0.99609375	52198	0.05312019669473638	0.05687109996294639	0.24246913279423768	6022	0.04140668112369493	0.04140668112369493	0
1.0	151868	0.09019141955613438	0.09429082714267237	0.29698846358359093	6358	0.09245605909886227	0.09245605909886227	0
1.0	83090	0.026816297588466195	0.029138373720116108	0.27142728168784525	6178	0.05131733151487936	0.05131733151487936	0
1.0	68544	0.05267114559615596	0.05489635478406543	0.26635490117149335	6264	0.05190143557352885	0.05190143557352885	0
1.0	62344	0.03987630566116976	0.04473441156855075	0.24881236091849804	6128	0.031065146270496505	0.031065146270496505	0
1.0	62592	0.043691967615017833	0.04970263009316592	0.24366606952219547	5936	0.07294260413926697	0.07294260413926697	0
1.0	65502	0.06280181776088054	0.06877715066560303	0.27031531278326826	6378	0.05378942924479148	0.05378942924479148	0
0.994140625	244506	0.20874741940005362	0.21549287614236212	0.37742443064458514	6560	0.06502528376073877	0.06502528376073877	0
0.9951171875	163784	0.03555293242193525	0.03939596792067734	0.3293220171875959	6870	0.043328833486337065	0.043328833486337065	0
1.0	77436	0.18008043447237448	0.19544416171689027	0.27856060356453877	6466	0.09296445565169055	0.09296445565169055	0
1.0	124494	0.13050650230713845	0.13441954451529897	0.3320806289862301	6782	0.049368631945104886	0.049368631945104886	0
1.0	162482	0.031254435889133805	0.038615790622658415	0.30531460213854833	6526	0.043011948393988295	0.043011948393988295	0
1.0	90712	0.055920645100903096	0.06196129094372318	0.28906701271985447	6560	0.052025194444851694	0.052025194444851694	0
1.0	75366	0.030796283650803453	0.03593333232106863	0.26782975848458596	6128	0.04732424933840417	0.04732424933840417	0
1.0	73058	0.040553335212880834	0.047081341502374606	0.2663663543774461	6256	0.0383549627020824	0.0383549627020824	0
1.0	86354	0.06416946095972609	0.0690719764432605	0.25938074775941294	6020	0.05004189913427516	0.05004189913427516	0
1.0	162390	0.0029355618611736634	0.003166747156772052	0.3102867013613407	6518	0.005919462226183723	0.005919462226183723	0
1.0	200380	0.11534361801651163	0.1205254327494433	0.3703299325104697	7200	0.0762237258788548	0.0762237258788548	0
1.0	339266	0.11531243164993348	0.12489924490220235	0.4203771276796511	7354	0.02910646846533142	0.02910646846533142	0
1.0	218514	0.04322682221106734	0.04980886152203134	0.33079944912982095	6722	0.028459900199691208	0.028459900199691208	0
0.99853515625	96956	0.026879860638027823	0.032745056166670936	0.2800435906356873	6220	0.059714604014865245	0.059714604014865245	0
1.0	109448	0.01570001502507111	0.018640854250231327	0.30834198534834095	6702	0.04574742095480617	0.04574742095480617	0
1.0	89918	0.05770815653620212	0.06483997228470018	0.25770250168016595	5982	0.0645498831597535	0.0645498831597535	0
1.0	56868	0.09084645887539594	0.09519731427408747	0.23718535132897645	5926	0.052449120924988366	0.052449120924988366	0
0.98828125	142860	0.05465328179866054	0.06271829001693675	0.2965012335902357	6446	0.045726405267124466	0.045726405267124466	0
1.0	99552	0.023793397792858696	0.024466532453929518	0.30063589988642603	6622	0.01900330984317334	0.01900330984317334	0
1.0	46570	0.12821337335138092	0.13552279860557903	0.2606649711748988	6442	0.07538728884853856	0.07538728884853856	0
1.0	109234	0.028741479660048544	0.03171251761476501	0.3001935219078672	6512	0.025565719669612484	0.025565719669612484	0
1.0	194274	0.0400390092438187	0.0408833129478767	0.35882235131147394	7054	0.018338117393118206	0.018338117393118206	0
1.0	96154	0.10830534960007375	0.11869802088323211	0.3091825093291306	6482	0.07813741132474505	0.07813741132474505	0
0.986328125	137088	0.046613274110047107	0.04942600734973821	0.29424128955554446	6374	0.06617519764382732	0.06617519764382732	0
0.986328125	95586	0.027261331908588985	0.03161596517770783	0.275765013012611	6128	0.029032238407238405	0.029032238407238405	0
0.998046875	86232	0.052038166724290014	0.05822730519050482	0.27886552133695086	6288	0.07164073661267933	0.07164073661267933	0
0.998046875	107058	0.03742852502546018	0.042201392200405446	0.2828156226057391	6158	0.03740609645214909	0.03740609645214909	0
0.998046875	73830	0.04715164248890509	0.053155523074933264	0.2741384894894832	6310	0.05630928430827589	0.05630928430827589	0
1.0	102072	0.19705056705144086	0.20303209846071624	0.3043274158851771	6546	0.12044408503076913	0.12044408503076913	0
1.0	202378	0.013978091164940434	0.015050542208330301	0.36188720677520797	6752	0.019634756108121983	0.019634756108121983	0
0.998046875	80866	0.041640143634353255	0.04644808663741208	0.26776846645442104	6082	0.052326442313351956	0.052326442313351956	0
1.0	151740	0.021425411825382393	0.022978064877553012	0.2889697008031212	6238	0.01813863538542241	0.01813863538542241	0
1.0	85068	0.021572060517333166	0.024640784998258967	0.28796390571794717	6524	0.02743847664363969	0.02743847664363969	0
1.0	148086	0.0703672399346367	0.07912580357080654	0.2953646495241222	6456	0.05120722074689033	0.05120722074689033	0
0.98193359375	114180	0	0	0.2988613162259331	6290	0	0	0
0.99609375	97034	0.008959676394861107	0.01193638360695648	0.29507646368553725	6618	0.008928095282908947	0.008928095282908947	0
1.0	52602	0.04191758952322476	0.04323863813628391	0.2537257829087531	6320	0.03111114880026028	0.03111114880026028	0
0.9921875	176952	0.0064700892930236505	0.008734227622335257	0.32140751500876347	6542	0.012264595587446117	0.012264595587446117	0
1.0	197116	0.03717173317024178	0.04120838968264005	0.3666456207515964	7110	0.0332694878017083	0.0332694878017083	0
1.0	120666	0.05561022888521158	0.06080945851939336	0.33677367021136145	7076	0.0714057969018741	0.0714057969018741	0
1.0	83110	0.009886210073513957	0.012617511399469065	0.27807354986154526	6428	0.018332579174583214	0.018332579174583214	0
1.0	162578	0.1242935072110664	0.12838504914189122	0.3217344448953774	6564	0.06774587809352273	0.06774587809352273	0
1.0	105648	0.010495273536250623	0.011798743346921235	0.29678199139290723	6528	0.027941212167408365	0.027941212167408365	0
1.0	77302	0.08001454072856756	0.08130458320746245	0.28714678437427227	6290	0.06433082584819699	0.06433082584819699	0
1.0	223906	0.1699157103753291	0.18591583678259635	0.3792319853906965	6362	0.10615400877677662	0.10615400877677662	0
0.99609375	96276	0.03415045274579115	0.03445343155533431	0.28669092886561215	6418	0.03830922623739761	0.03830922623739761	0
0.99853515625	63198	0.04046375331596545	0.04752913483604261	0.25808036836760756	6044	0.053253783239496574	0.053253783239496574	0
1.0	123480	0.012798459270470106	0.014968659673055548	0.33005763387671433	6904	0.03409817533225385	0.03409817533225385	0
1.0	87112	0.042873855180616614	0.04968167617911596	0.2840109813742828	6450	0.03296604711078396	0.03296604711078396	0
1.0	91818	0.040260979709810255	0.04749134097856128	0.2933965174315952	6388	0.06149230244079223	0.06149230244079223	0
1.0	67668	0.04137468498915855	0.044866612794872446	0.26774041858997216	6372	0.039148373158083845	0.039148373158083845	0
1.0	81410	0.047477419754960414	0.053819052802031433	0.23396293999846954	5642	0.04878792163122842	0.04878792163122842	0
0.984375	130408	0.12023604656135427	0.1264936547247145	0.326234769491442	6704	0.06623036650894125	0.06623036650894125	0
1.0	68664	0.02976112751974415	0.03658873326699361	0.25725892965174135	6144	0.0357084753325928	0.0357084753325928	0
1.0	79294	0.06575623929807176	0.07373261864572547	0.25642240106067177	6120	0.03954740636625846	0.03954740636625846	0
1.0	80808	0.03652489660428907	0.03797295280050995	0.2768496475038649	6244	0.02993991632957052	0.02993991632957052	0
0.99853515625	55136	0.08923080425010688	0.09616727049804707	0.25949591300913094	6240	0.09057656539051817	0.09057656539051817	0
0.990234375	136496	0.18295849384506968	0.18794913975471284	0.30871449549974117	6430	0.07473986018659194	0.07473986018659194	0
1.0	150428	0.0536628350060093	0.0606073099903222	0.2948529785052664	6382	0.04118623716735845	0.04118623716735845	0
0.9990234375	175474	0.02663848013184302	0.029381545352415373	0.32208382703325394	6614	0.02315693349978258	0.02315693349978258	0
0.99609375	97034	0.020315405953356198	0.021099347690899495	0.2894658019851755	6430	0.022334722444728103	0.022334722444728103	0
1.0	99968	0.05376071814180439	0.060962966213654386	0.2812148523618975	6392	0.0464189352330921	0.0464189352330921	0
0.994140625	107776	0.01817605937639364	0.01923637415550305	0.2990559457045657	6474	0.019150782712710628	0.019150782712710628	0
1.0	155746	0.014031505917098414	0.01650810430348919	0.30200291672773494	6494	0.022367990536595186	0.022367990536595186	0
1.0	88966	0.01330475793188101	0.014931979967486847	0.2772433076224317	6314	0.012386906536615838	0.012386906536615838	0
1.0	95592	0.03463954518294257	0.03763683303836725	0.27107097259632	6054	0.05474364149204045	0.05474364149204045	0
1.0	84004	0.07088972468279463	0.08390785337189888	0.27596138600735864	6296	0.07748115326358312	0.07748115326358312	0
0.994140625	67988	0.07026511473577979	0.07511409880984656	0.2614443247688568	6048	0.05293864618623481	0.05293864618623481	0
1.0	117874	0.02769905133219805	0.03369742022528786	0.3209275485289515	6704	0.05755259721305189	0.05755259721305189	0
0.99609375	70040	0.0701228853477965	0.07808855576676227	0.2872176544240702	6584	0.08696042341702279	0.08696042341702279	0
0.994140625	147010	0.00517632759747177	0.007267334092862635	0.34757524123570227	7214	0.015606708106708108	0.015606708106708108	0
1.0	87890	0.05156315029313838	0.05308633874379276	0.28479406576231053	6470	0.05265843620145871	0.05265843620145871	0
0.994140625	187696	0.04634102360174347	0.050820608358450876	0.34881458230243295	6950	0.04131713865395064	0.04131713865395064	0
1.0	78500	0.054821952828230214	0.05640467728930357	0.27902628975863747	6368	0.04765088036364632	0.04765088036364632	0
1.0	182268	0.1187039238017555	0.12604157417891862	0.31906753981061825	6438	0.04520566960464317	0.04520566960464317	0
0.99609375	202242	0.002327247919067041	0.0029578448165675174	0.3498769751689363	6648	0.017779174851543275	0.017779174851543275	0
1.0	64080	0.011542545926303693	0.012632345246198693	0.25388855093246127	5976	0.015352660650648265	0.015352660650648265	0
1.0	222642	0.01542743056014748	0.01637559103572398	0.33815905469223123	6704	0.010748765969802555	0.010748765969802555	0
1.0	82292	0.13869256548282857	0.14629184610243112	0.27825090271452974	6360	0.09623490386711993	0.09623490386711993	0
0.9990234375	112646	0.02960503077901129	0.03271757287088476	0.307068996861287	6664	0.049517609265275674	0.049517609265275674	0
1.0	66858	0.040541398645378944	0.04307593113949913	0.2627532664209941	6066	0.047851626760447054	0.047851626760447054	0
0.99560546875	167350	0.0079114262170233	0.00905806808138613	0.3175817630569639	6582	0.017034722337995762	0.017034722337995762	0
0.990234375	287446	0.20021074262795682	0.210087489117146	0.40828007608231237	7280	0.06268162536158416	0.06268162536158416	0
1.0	108666	0.019510735263430248	0.023075304783238538	0.303899101165314	6600	0.028863840630776922	0.028863840630776922	0
1.0	92220	0.027131871514470843	0.028949983886764	0.28278865800943115	6354	0.025447015009539546	0.025447015009539546	0
0.9970703125	55420	0.06341871673662089	0.07276860927598355	0.26205574080179833	6160	0.07781758722037121	0.07781758722037121	0
1.0	125344	0.013275235714469567	0.017131782435443034	0.3231821818974104	6690	0.017983917263338457	0.017983917263338457	0
1.0	67128	0.05418405128800635	0.06336918054967097	0.27401337796662223	6398	0.07227322372996621	0.07227322372996621	0
0.994140625	175072	0.1026137676608308	0.10835770611990632	0.3129983775589008	6450	0.11222984255596564	0.11222984255596564	0
1.0	67284	0.07268681721413721	0.0742083694568742	0.272820042678393	6364	0.06793399316822721	0.06793399316822721	0
1.0	79498	0.04626720516702459	0.051781421097179786	0.268310675032585	6292	0.03578766298340532	0.03578766298340532	0
1.0	69666	0.12256467469465354	0.134092007540041	0.26949253288880565	6184	0.0873033853759949	0.0873033853759949	0
1.0	128614	0.011912544386829886	0.013764251758609389	0.306359684975536	6474	0.04028449064179555	0.04028449064179555	0
1.0	152126	0.08137434098978537	0.0846729506164361	0.28215797646504925	6042	0.11273842442604845	0.11273842442604845	0
1.0	161568	0.060010830240205724	0.062203726382651814	0.3194760934476963	6748	0.044586387132594454	0.044586387132594454	0
1.0	68416	0.1291466295064428	0.13505851868372798	0.2536921019552186	6050	0.06285185236582871	0.06285185236582871	0
1.0	67916	0.012288349329652254	0.014490375879980878	0.26568339365973953	6244	0.013141106824617464	0.013141106824617464	0
1.0	176380	0.005178716756124256	0.005706324231605372	0.3270938370607824	6650	0.011253142677561282	0.011253142677561282	0
1.0	105090	0.040905181681079004	0.044425687500162715	0.2988730338759514	6572	0.03356200595165143	0.03356200595165143	0
0.99853515625	230820	0.11911524777518827	0.12290118115914987	0.37959442036843716	6954	0.027815756274757818	0.027815756274757818	0
1.0	90088	0.11883514424802456	0.13057051694269883	0.3011996774562436	6296	0.09804345125772164	0.09804345125772164	0
1.0	97162	0.05119537919532273	0.05556765280613296	0.29707813262320326	6518	0.0644992973034477	0.0644992973034477	0
1.0	217814	0.15525676248523335	0.15607547971775257	0.37043775675428847	7024	0.0695498492826657	0.0695498492826657	0
0.998046875	105766	0.015997897116763745	0.015637777010537535	0.30392787849384395	6448	0.02068778282441073	0.02068778282441073	0
1.0	95096	0.049107050387673934	0.055517330812821494	0.27932150186045374	6328	0.040210702708696935	0.040210702708696935	0
1.0	81070	0.022438285743046148	0.022785564644140277	0.29281734290978867	6576	0.022162899367480043	0.022162899367480043	0
1.0	70816	0.10256936699356525	0.11058002293446362	0.26401033854290584	6156	0.1014270351456524	0.1014270351456524	0
0.9951171875	101048	0.048936338340977756	0.055989307014941786	0.2963543183272846	6566	0.040148781322096566	0.040148781322096566	0
1.0	97608	0.03995836218847773	0.04745994670882152	0.28712422356398454	6354	0.03873926680329119	0.03873926680329119	0
0.9853515625	88692	0.045225466112524364	0.05147432199879323	0.2600188249782092	5930	0.03542684986811529	0.03542684986811529	0
1.0	84868	0.044681902389638255	0.051018044934999535	0.26255990891628656	6056	0.035474129651386715	0.035474129651386715	0
1.0	184720	0.021195536321515107	0.02164293280198787	0.3417222867229515	6876	0.02735981343367041	0.02735981343367041	0
1.0	84352	0.004940943462288195	0.005063781852866439	0.27012928077712905	6286	0.01132147626050065	0.01132147626050065	0
1.0	104702	0.029141645998204013	0.03313596759769211	0.27179594951474495	6138	0.023843443627450986	0.023843443627450986	0
1.0	96390	0.03360849761677538	0.03944435533156804	0.30365271190648724	6812	0.02973915975671894	0.02973915975671894	0
1.0	153688	0.04585715540430428	0.04922602905046541	0.3103105940655833	6648	0.04227742623134523	0.04227742623134523	0
0.9921875	131990	0.02403246606115139	0.02683871830600854	0.3243275831724396	6782	0.028737577149365666	0.028737577149365666	0
1.0	76734	0.020684776199475778	0.02368076712076993	0.2834841974682104	6488	0.04407272274423687	0.04407272274423687	0
1.0	154368	0.018852209809513028	0.020700479732249522	0.2916038316427699	6318	0.021081148586836147	0.021081148586836147	0
1.0	47110	0.032534573278359	0.03523429031286796	0.23958055302396578	6030	0.01789352514983141	0.01789352514983141	0
1.0	112284	0.022214426694038465	0.023542077273504814	0.3039819338735052	6574	0.02242288961038961	0.02242288961038961	0
0.9970703125	138928	0.0285048758791564	0.02964767200108964	0.33747990199985334	6758	0.0356822952217689	0.0356822952217689	0
1.0	82534	0.09220012661053585	0.09731254521543249	0.2678603561453516	6298	0.06295575449987212	0.06295575449987212	0
1.0	131088	0.04448055774377849	0.04612465704908867	0.2844310112921434	6182	0.05260623107857872	0.05260623107857872	0
1.0	113452	0.04306010443466042	0.04603693678866175	0.315490419733215	6786	0.038989529763852074	0.038989529763852074	0
1.0	125510	0.02478776403395014	0.029292560187888575	0.32380661004883604	6704	0.07202709694328714	0.07202709694328714	0
1.0	164804	0.020806860762244864	0.023455260178885856	0.30297562808253603	6362	0.023255083255798357	0.023255083255798357	0
1.0	154946	0.040517510468629114	0.04415586707142001	0.2964554483840383	6352	0.04523454863574029	0.04523454863574029	0
1.0	74804	0.04844374557818565	0.05184973237835915	0.27400852918722324	6432	0.041190815435337334	0.041190815435337334	0
0.99609375	136456	0.04645439869798777	0.04657295086986869	0.2710594827507313	6152	0.04391519620130962	0.04391519620130962	0
1.0	68316	0.02319688231031141	0.02332105786170129	0.253848700237756	5990	0.030329352509790995	0.030329352509790995	0
1.0	160870	0.016623702641981965	0.017715362010250722	0.3020059193755742	6420	0.0162044654981056	0.0162044654981056	0
0.994140625	160542	0.005902872065194021	0.007517837484319831	0.3240848601487456	6854	0.012060421458692735	0.012060421458692735	0
1.0	88442	0.03536467160991914	0.04032491915069825	0.29230081021011484	6420	0.05645712627620522	0.05645712627620522	0
1.0	83364	0.08536189227244324	0.09271377977050178	0.26950505238982897	6168	0.06126715790876372	0.06126715790876372	0
1.0	149088	0.03886680232424075	0.04113033665813354	0.30549870444366894	6666	0.032399565877320846	0.032399565877320846	0
1.0	127012	0.15426671223605898	0.1574189278543955	0.30701907652555127	6388	0.07544338121361645	0.07544338121361645	0
0.99609375	88724	0.06026914799086147	0.06396461322631102	0.28002039181742694	6244	0.06088220238413973	0.06088220238413973	0
1.0	108814	0.0540255025241531	0.06045486175317939	0.3107948376832698	6670	0.0660530515871422	0.0660530515871422	0
1.0	80818	0.0501059724074788	0.05986924933997133	0.27719842726217425	6198	0.07906594635715951	0.07906594635715951	0
0.9921875	95572	0.0013774104683195593	0.0014245014245014246	0.2795837653392174	6208	0.001953125	0.001953125	0
0.9912109375	155800	0.034103189936913116	0.0375602290534638	0.29906708928837566	6368	0.03139676884812877	0.03139676884812877	0
1.0	67220	0.06167157746041655	0.06759049691554496	0.2823402601424991	6518	0.06833201015357251	0.06833201015357251	0
1.0	65400	0.09357969082685076	0.09936304921841639	0.26027339684776013	6214	0.08786769044741864	0.08786769044741864	0
0.9970703125	176194	0.026514427019952713	0.03048608111114049	0.3141909760801927	6426	0.03272696993914099	0.03272696993914099	0
0.9990234375	88998	0.15253233635212682	0.15608571895249992	0.2799938283094234	6292	0.09664164892973862	0.09664164892973862	0
1.0	250848	0.019961599667329865	0.022078810352617693	0.37268809762472976	7004	0.02390523875721244	0.02390523875721244	0
0.99609375	89506	0.03016760488999956	0.03363707035108396	0.2757493709246162	6286	0.024352408874862612	0.024352408874862612	0
1.0	81678	0.05786490723977634	0.0598125266755077	0.2751112347850844	6344	0.05097760220665487	0.05097760220665487	0
0.9921875	153374	0.02714241332457456	0.029665421864844284	0.3059313026157782	6468	0.03585555171157543	0.03585555171157543	0
0.998046875	142668	0.01600746843875583	0.01657677021760349	0.29774939938491823	6584	0.019537229829349398	0.019537229829349398	0
1.0	123826	0.049876535333355246	0.054027171017270344	0.3206388572393326	6798	0.041761070868817446	0.041761070868817446	0
0.99609375	80728	0.18552507604604085	0.19000092758222156	0.2801937720889471	6356	0.0989352889649849	0.0989352889649849	0
1.0	87284	0.05602724886538772	0.06337973143455805	0.26802091538575046	6124	0.07214458216027943	0.07214458216027943	0
1.0	112756	0.14462783118668826	0.15092214702987047	0.3159929127037872	6536	0.06786647874832968	0.06786647874832968	0
1.0	84208	0.02909378154844758	0.03529630752590754	0.2755204626576921	6200	0.04658168239268695	0.04658168239268695	0
1.0	81610	0.030066163727274005	0.032724084342449014	0.24575022633624496	5846	0.0270888512264955	0.0270888512264955	0
0.99609375	150360	0.04300093619924028	0.048265023867095025	0.2853756704150627	6238	0.03830013889109666	0.03830013889109666	0
0.9970703125	95312	0.026851367514042705	0.030749501003408328	0.2815763950598335	6404	0.020647847994799327	0.020647847994799327	0
1.0	64654	0.05411959480812552	0.05661233200627547	0.24721956978144188	6000	0.038169169246815834	0.038169169246815834	0
1.0	184750	0.030279473442276716	0.037026129594651624	0.34359917786191696	6712	0.033762289114624554	0.033762289114624554	0
1.0	106904	0.024143144297566088	0.029013330103644302	0.3011876999292949	6478	0.0788430168907197	0.0788430168907197	0
1.0	158562	0.0023656614544552	0.002741424329844806	0.3070192678719897	6488	0.004205197704081632	0.004205197704081632	0
0.998046875	99434	0.1528409309511095	0.1611736704987004	0.2869091418803516	6146	0.09829604512995753	0.09829604512995753	0
0.998046875	287106	0.29298620529500313	0.3000533974878437	0.40183746970339346	7172	0.08866836763082753	0.08866836763082753	0
1.0	99670	0.01985961208458595	0.01996644438308589	0.288279272280227	6418	0.021144701296935076	0.021144701296935076	0
1.0	121196	0.018821404125855375	0.020090245022477894	0.2939388966720185	6294	0.01638744793711913	0.01638744793711913	0
0.998046875	71108	0.032213075907732446	0.03660706192727928	0.2651384032697907	6036	0.0565861858993167	0.0565861858993167	0
0.994140625	68722	0.04830232779641261	0.05659396266602747	0.2637077724948561	6310	0.037923501547296214	0.037923501547296214	0
1.0	87428	0.05173920990288717	0.056789905400301856	0.2745667687592331	6270	0.04708621636036717	0.04708621636036717	0
1.0	176760	0.0011305876752506871	0.001595449500554939	0.34070643671894557	6828	0.003489377470355731	0.003489377470355731	0
1.0	70098	0.04392433242763858	0.04882887889710176	0.2775090605800921	6358	0.04627292635273268	0.04627292635273268	0
1.0	150014	0.0175855452530329	0.020338419275100935	0.3046649838820382	6600	0.03118813361569618	0.03118813361569618	0
1.0	71216	0.08607426114231023	0.09604930517638521	0.27249174828050715	6268	0.09792822482772763	0.09792822482772763	0
1.0	70652	0.07639409598819621	0.08149957957544943	0.27505906207455183	6340	0.08326030097296482	0.08326030097296482	0
1.0	89930	0.007062590528812934	0.007465685444795684	0.26057046302237113	6032	0.009532435395922238	0.009532435395922238	0
1.0	83704	0.030468653261751785	0.030588517282372378	0.2698205328124487	6240	0.03199559498092717	0.03199559498092717	0
1.0	139894	0.04648991698484641	0.05062688500334168	0.34390576495849196	6888	0.04601059459248003	0.04601059459248003	0
0.9951171875	149262	0.0500032735551841	0.05567508522372599	0.3012113065573096	6366	0.09834185107044408	0.09834185107044408	0
0.994140625	172194	0.066525326408472	0.070371698280361	0.33933226099631125	6456	0.0440830518810395	0.0440830518810395	0
1.0	63362	0.006717191919787911	0.00761469454001857	0.2439462785749691	6012	0.00938183573160447	0.00938183573160447	0
0.994140625	124924	0.05711873528591153	0.06592454171027809	0.31007128982391285	6502	0.04508365867890956	0.04508365867890956	0
1.0	57844	0.01922588227363114	0.019346715447842208	0.24105488578337186	5958	0.016758221105339248	0.016758221105339248	0
1.0	88844	0.11246656974493724	0.12522105457738275	0.3134236421500542	6650	0.09439268847318617	0.09439268847318617	0
1.0	80342	0.06943632338957616	0.0799311367591725	0.28711928546464766	6438	0.09191084197299773	0.09191084197299773	0
1.0	176366	0.01091095038577413	0.012472299348331863	0.32986510391141427	6872	0.0107677501393534	0.0107677501393534	0
1.0	93022	0.04363773121914108	0.042622497645460014	0.28992833684436087	6378	0.04144684584137709	0.04144684584137709	0
1.0	207514	0.010993703611077422	0.012913717638462354	0.3470389087652066	6694	0.029461273375747055	0.029461273375747055	0
0.984375	165488	0.019903243638185752	0.019532043464123912	0.3111680190657656	6492	0.014554512516469038	0.014554512516469038	0
1.0	42514	0.05211471781874183	0.05454486380129076	0.24665418041891654	6212	0.03682944168384185	0.03682944168384185	0
1.0	154620	0.022754541554275216	0.025746830949973095	0.30148020140580944	6388	0.021229805398210403	0.021229805398210403	0
1.0	192594	0.1561415624041842	0.16358483359823708	0.3309270270299231	6758	0.05633844204010173	0.05633844204010173	0
0.9970703125	115298	0.049031796304286494	0.05229848983830844	0.3058968096951783	6580	0.04115931848554101	0.04115931848554101	0
1.0	46468	0.09553174637632375	0.10597309961332947	0.245948061651851	6158	0.05573261940207567	0.05573261940207567	0
1.0	78884	0.03910104322998781	0.04610961662032322	0.27245302755570733	6334	0.0405177529110456	0.0405177529110456	0
1.0	88098	0.05430671158907071	0.05627626073516197	0.291670553737778	6628	0.051074382599163845	0.051074382599163845	0
1.0	143654	0.03182962996328791	0.03308033570282879	0.34120865613664586	6916	0.02936093746394641	0.02936093746394641	0
1.0	81728	0.06726388098859754	0.0777447162316093	0.2501424510225478	5910	0.05130087266724958	0.05130087266724958	0
1.0	127196	0.041313409971864695	0.040847969300192494	0.273714580867726	6264	0.035713575397994184	0.035713575397994184	0
1.0	152046	0.04040880575775018	0.047364941826678914	0.3062606536635539	6610	0.03580457917463761	0.03580457917463761	0
1.0	95396	0.044652322438327084	0.04595066951355506	0.30335187147650555	6672	0.053446954314281384	0.053446954314281384	0
1.0	152692	0.05580886479844598	0.06297377146644909	0.2905675972669623	6232	0.05153005161228845	0.05153005161228845	0
1.0	81482	0.04154859127839453	0.04417087612295369	0.2707492326104394	6268	0.03994010325122953	0.03994010325122953	0
0.998046875	191326	0.036564944793523874	0.038342022267696736	0.3356563786544104	6892	0.032972393527235785	0.032972393527235785	0
1.0	157530	0.03158533557008297	0.033313603619379586	0.2989283463115561	6364	0.038171000856092055	0.038171000856092055	0
1.0	152694	0.017628236798446988	0.01981171069957521	0.3029197243135728	6532	0.022378144379700978	0.022378144379700978	0
1.0	189818	0.015486760961321955	0.01696545751738339	0.3491988557373947	6934	0.011497434700364293	0.011497434700364293	0
0.990234375	85746	0.06477584873895603	0.07288631997928811	0.291489212086002	6612	0.05617625113457931	0.05617625113457931	0
1.0	160220	0.025515608986716246	0.030206530539880254	0.31044932906065387	6562	0.02520381218800107	0.02520381218800107	0
1.0	93224	0.04413503756605533	0.0503657511444559	0.2765822683664973	6306	0.041321218785315375	0.041321218785315375	0
1.0	148120	0.0048685638033067235	0.0055068201827016775	0.28785694569263326	6226	0.013719836992863308	0.013719836992863308	0
1.0	98630	0.00046875	0.0007295719844357977	0.2874299624104761	6294	0.001524390243902439	0.001524390243902439	0
1.0	110866	0.0009351620947630922	0.0012057877813504824	0.3040248206107972	6520	0.0020833333333333333	0.0020833333333333333	0
1.0	257578	0.08681577734732004	0.09266038799621562	0.3702162595648098	6790	0.03151208168541811	0.03151208168541811	0
1.0	68484	0.05376354179361674	0.05990504906814206	0.24742128556740353	5880	0.07219640545285509	0.07219640545285509	0
1.0	79650	0.02872247029782922	0.033855519646877254	0.2713843058274378	6226	0.06280356192247488	0.06280356192247488	0
0.9951171875	126270	0.0368118400714444	0.03937094033254628	0.31447730938266644	6612	0.03349350521683686	0.03349350521683686	0
0.98974609375	211774	0.06653235666674967	0.08000954113153429	0.37625009392987535	6968	0.04054549785198233	0.04054549785198233	0
1.0	82744	0.05041038850379877	0.05582688048188126	0.264251206840957	6056	0.056008574368300465	0.056008574368300465	0
1.0	86042	0.047588513728680164	0.05402623150086851	0.28644135269926574	6414	0.05730865110170281	0.05730865110170281	0
1.0	155428	0.0003787878787878788	0.0006009615384615385	0.31032280484256886	6570	0.001388888888888889	0.001388888888888889	0
0.9970703125	80354	0.025217161724422933	0.024681132501007647	0.28102970351066553	6366	0.022889540583755738	0.022889540583755738	0
1.0	109684	0.018552265757199447	0.022579861793387866	0.27629507807473686	6076	0.043390982617956306	0.043390982617956306	0
1.0	66794	0.03122183253802498	0.03215261229862415	0.2429028983390168	5924	0.030935262412033426	0.030935262412033426	0
0.95458984375	214104	0.17711618783160377	0.18361880500418554	0.37975777720929327	6526	0.07940609862391602	0.07940609862391602	0
0.998046875	152146	0.03961077358680304	0.04353391639611584	0.30216341044073847	6458	0.033994486647311306	0.033994486647311306	0
0.98046875	186416	0.014916197326094385	0.015305813536082557	0.34561077477164676	6702	0.013302262034891078	0.013302262034891078	0
1.0	94016	0.12341017515876006	0.13822512023871172	0.31996609515907243	6676	0.09743100647820094	0.09743100647820094	0
1.0	87048	0.06515945557976419	0.07312168353285563	0.2709401023888055	6156	0.05630448415179652	0.05630448415179652	0
1.0	257104	0.015566975178644582	0.018094239872929557	0.3611247629094693	6798	0.04287978340906589	0.04287978340906589	0
1.0	109704	0.02530220080706549	0.032296125220522845	0.31123833268175066	6744	0.07180765434767582	0.07180765434767582	0
0.986328125	190174	0	0	0.3502958202175594	6812	0	0	0
1.0	88898	0.07582570748817868	0.0815993310654719	0.2916411909894126	6434	0.07606435123540202	0.07606435123540202	0
1.0	169118	0.03787735825561339	0.04184194328281654	0.3167288209858847	6420	0.03302421975150376	0.03302421975150376	0
0.9921875	112670	0.09703697041271533	0.0989521137335246	0.3181574290935336	6576	0.029954917524297724	0.029954917524297724	0
1.0	40546	0.06152054023969153	0.06521846458284182	0.20450113287533625	5670	0.0421239512606038	0.0421239512606038	0
0.994140625	161012	0.04887215084520893	0.05578706380089211	0.31998500315899553	6770	0.03669784941034693	0.03669784941034693	0
1.0	133594	0.0295038689244261	0.03498291778958394	0.3213637308817835	6668	0.039865339913085655	0.039865339913085655	0
1.0	68018	0.06404395515609378	0.0680451180273875	0.2504904796912952	6062	0.04336535450325229	0.04336535450325229	0
0.9931640625	97092	0.05517192086363701	0.06155257804578498	0.3167311835067411	6800	0.06755411460722933	0.06755411460722933	0
1.0	195518	0.16557738556267493	0.17131589660978705	0.3394784142388467	6928	0.0712710506469568	0.0712710506469568	0
0.98828125	76080	0.02123249922026747	0.021246901828896346	0.24805681970687243	5898	0.021388969513243893	0.021388969513243893	0
1.0	186556	0.015671159545664323	0.018170259737466807	0.33633554132298626	6614	0.019940388305142897	0.019940388305142897	0
0.998046875	98466	0.017715627047707117	0.01844714721579784	0.28762806771319566	6380	0.02259005792381915	0.02259005792381915	0
1.0	100012	0.048568389989484574	0.05691760033965283	0.29509003367619197	6482	0.03993638466566201	0.03993638466566201	0
1.0	106866	0.01265997559418022	0.012334318557075303	0.2927203870630417	6380	0.008249791144527986	0.008249791144527986	0
0.994140625	90190	0.0648346895847354	0.07448928453494959	0.27156841175691776	6010	0.0931097156747561	0.0931097156747561	0
1.0	136354	0.02333314781929778	0.025037395032638552	0.2774471330266533	6198	0.04299531587071796	0.04299531587071796	0
0.9990234375	140538	0.05425856518342477	0.06078388267348293	0.29167867750522464	6394	0.04025743966442946	0.04025743966442946	0
0.994140625	205118	0.11278669811097589	0.11608154616014656	0.35326382045349614	6996	0.07087750304687031	0.07087750304687031	0
1.0	213022	0.024291521493001126	0.027818285950919338	0.380521548420306	7072	0.0189766407758066	0.0189766407758066	0
0.9921875	102378	0.05070930148812397	0.056654641916843204	0.29719217320119823	6502	0.0498534558802416	0.0498534558802416	0
1.0	64548	0.05428003393637232	0.06230165922915154	0.23568441933666043	5832	0.059408233499717134	0.059408233499717134	0
0.9931640625	74498	0.04709537133857124	0.05080285205720603	0.24832461607319914	5856	0.042040302963290574	0.042040302963290574	0
0.994140625	170806	0.10753586807509678	0.11485632559516624	0.33138892235281325	6628	0.08190249993611089	0.08190249993611089	0
1.0	156788	0.0879267362912954	0.08969691711899197	0.33096637589715916	6500	0.05901890375443977	0.05901890375443977	0
1.0	125590	0.014028074645811196	0.014098766817096996	0.32302170050608203	6738	0.016340028124235757	0.016340028124235757	0
1.0	167496	0.0303837345064948	0.030984387207964228	0.32577314703091503	6828	0.03483563632963066	0.03483563632963066	0
1.0	98072	0.02341339200519802	0.02493169502209264	0.28925889861901616	6442	0.02867320949772323	0.02867320949772323	0
0.984375	134416	0.06338652495571244	0.07213859616864973	0.2648754326469121	5960	0.03859170612024714	0.03859170612024714	0
1.0	66884	0.02299491878371041	0.02578553755409969	0.2561159733792325	6004	0.039179088721983606	0.039179088721983606	0
1.0	77528	0.011853346175234362	0.013303953576820937	0.2595308996874007	6096	0.018159699777346834	0.018159699777346834	0
1.0	66652	0.055702078965649646	0.06410421445267958	0.2571297003568217	6062	0.07743573950323046	0.07743573950323046	0
1.0	62796	0.026835155581122355	0.030678651690601442	0.27029630769854035	6296	0.030592606188823295	0.030592606188823295	0
0.9921875	174930	0.03204126789138886	0.03719950699840739	0.3304452923600038	6800	0.02640509884783953	0.02640509884783953	0
1.0	61902	0.0037082458972552777	0.004007525423617505	0.24102626197990773	6114	0.007358220496337343	0.007358220496337343	0
1.0	59836	0.09847421368998588	0.11224834689929587	0.24737924075591197	6016	0.10292453618106548	0.10292453618106548	0
1.0	192332	0.008333065084809391	0.011646573700416886	0.3512975573908364	6834	0.01610595988130141	0.01610595988130141	0
1.0	59370	0.03170014446753876	0.035803764400193824	0.26314515129979715	6330	0.04489517717464891	0.04489517717464891	0
1.0	97042	0.05492822162393607	0.0631003771505439	0.29362209526672994	6554	0.05062861548054485	0.05062861548054485	0
1.0	146864	0.06254518411504373	0.06532835273403811	0.2906474636752013	6424	0.047461416482616134	0.047461416482616134	0
0.98828125	142838	0.04229957909456239	0.04510078108994781	0.2728590642487563	6002	0.03696000829946594	0.03696000829946594	0
1.0	179372	0.044223265782742036	0.04775580157603759	0.33814040704087156	6788	0.04428014905133131	0.04428014905133131	0
1.0	89524	0.05307922722309062	0.06061945773635491	0.2911753561016138	6452	0.07295033844146454	0.07295033844146454	0
1.0	107716	0.05199032412659999	0.05766688989174857	0.29687754692963503	6448	0.05111377911241519	0.05111377911241519	0
1.0	46436	0.052036252734881265	0.057215219279372995	0.24490834047604074	6150	0.031254850950574634	0.031254850950574634	0
1.0	167522	0.047721264260070215	0.054498265724439374	0.3084869776374422	6510	0.04296285085814102	0.04296285085814102	0
0.99609375	160724	0.03725007901955562	0.042306446078459556	0.3060893711630591	6540	0.03947712724114342	0.03947712724114342	0
1.0	104284	0.05263331733276651	0.0593360362243412	0.2831727405171324	6252	0.059600088796562437	0.059600088796562437	0
1.0	105778	0.012619986178233848	0.011294243560347854	0.2983351463737504	6494	0.00631015704154002	0.00631015704154002	0
0.99609375	170768	0.02615205583195706	0.031542117925941734	0.31229095395667444	6494	0.022498017734298218	0.022498017734298218	0
1.0	105380	0.027613261562119823	0.031115152491035344	0.2968828612858654	6382	0.0555412555480044	0.0555412555480044	0
1.0	146982	0.026313135191523347	0.02733206002498169	0.27968104744790884	6138	0.02662001499317676	0.02662001499317676	0
0.99609375	177830	0.013336224164507485	0.01467771179754676	0.3255514973517467	6544	0.019222280803635104	0.019222280803635104	0
1.0	140426	0.02251153629211618	0.02514440644095087	0.3025398290325069	6636	0.021382185428970975	0.021382185428970975	0
1.0	183594	0.01903707433030168	0.02231633650088417	0.33713766380487464	6868	0.027711089227480307	0.027711089227480307	0
1.0	124634	0.02360373726756066	0.024651019227165432	0.31495056058219906	6676	0.01817525017253278	0.01817525017253278	0
1.0	80938	0.055684276768710315	0.06465407266427942	0.25965831297970665	6060	0.04928170331130858	0.04928170331130858	0
0.99169921875	244158	0.042607141245678874	0.04569856193053892	0.3662822720754191	6910	0.03382328364808342	0.03382328364808342	0
0.990234375	121980	0.05143692716427711	0.056976939134612645	0.32996493568084534	6812	0.06701839780604205	0.06701839780604205	0
1.0	80840	0.04520764880408855	0.05103949717557253	0.26000007276980275	6070	0.03647381966356904	0.03647381966356904	0
1.0	99752	0.04678702463004747	0.053119513002786306	0.30537194568880394	6648	0.06471964180993353	0.06471964180993353	0
0.994140625	146150	0.051513891313995856	0.05570920324830567	0.28217255232568367	6220	0.047626734311945855	0.047626734311945855	0
1.0	77072	0.1737595378566899	0.18588511785311465	0.26464591162315604	6110	0.10709504113855253	0.10709504113855253	0
1.0	101000	0.029186700080849486	0.0298690598396174	0.2958534095689552	6480	0.03494019407634339	0.03494019407634339	0
0.98046875	130188	0.031229401536257355	0.032359112615415	0.2677909063775647	5970	0.018592560642192994	0.018592560642192994	0
1.0	129054	0.011053761949842355	0.011798358205316599	0.3141222626464036	6680	0.03141523997574529	0.03141523997574529	0
0.9921875	128584	0.18862689129180726	0.19664512145695934	0.3241213446100304	6574	0.08948165151712766	0.08948165151712766	0
0.998046875	81764	0.060129677483451646	0.06342364918563405	0.25688598624071785	6036	0.052228811709173976	0.052228811709173976	0
1.0	71416	0.15077998456663771	0.16462491984008992	0.25474117678503866	6136	0.08653291099156192	0.08653291099156192	0
1.0	74550	0.10466216528120306	0.11485647252584469	0.28640613023637157	6450	0.12395809918769388	0.12395809918769388	0
1.0	192996	0.1703530575756765	0.1825754366293302	0.35513671956838483	7154	0.08216920019948216	0.08216920019948216	0
1.0	127510	0.013765088704797607	0.013928203172953808	0.3257172498836788	6684	0.014045978751861105	0.014045978751861105	0
0.9990234375	96676	0.07085188104914467	0.07777464182170041	0.3044879514504919	6402	0.057977471952579844	0.057977471952579844	0
1.0	96136	0.10347893657038176	0.11263490629682228	0.28230980195733435	6308	0.08393453147600834	0.08393453147600834	0
1.0	90518	0.034735673491748546	0.03693749441545611	0.2880524009372358	6462	0.053035099581152184	0.053035099581152184	0
1.0	67858	0.04671939359887127	0.04904417354008158	0.27265087334137694	6376	0.045030166437509796	0.045030166437509796	0
0.98828125	202910	0.0057681987855317295	0.006752140268587732	0.31194354951142594	6398	0.01702637728676441	0.01702637728676441	0
0.998046875	153068	0.0860684364068956	0.09094536165624338	0.29490128010004074	6262	0.10582173728185557	0.10582173728185557	0
1.0	63610	0.06647212877756889	0.06628319949119443	0.23464742099125543	5796	0.056354262081149034	0.056354262081149034	0
1.0	156456	0.011199769994532545	0.011875758459222426	0.298500304552936	6474	0.01893262987012987	0.01893262987012987	0
1.0	43466	0.012755351866858654	0.015758393477565275	0.22747418116178286	5928	0.016545562550193817	0.016545562550193817	0
1.0	63786	0.10285263185734025	0.11135848470423397	0.25532507676752925	6124	0.10401453088740088	0.10401453088740088	0
1.0	80380	0.06958749287532548	0.07912516922892743	0.25503184248177513	6056	0.05059356317580002	0.05059356317580002	0
1.0	154720	0.015022153376632236	0.017644853322070143	0.28987355757114797	6334	0.035361728480468584	0.035361728480468584	0
1.0	66200	0.03355173213356712	0.0333027616373334	0.25817683611488595	6128	0.03886076802407809	0.03886076802407809	0
1.0	126868	0.03853509514258402	0.042703697396674595	0.33368061340318894	6974	0.043951020184450545	0.043951020184450545	0
0.9931640625	83246	0.015080164102797203	0.017308838160320687	0.2665958782101523	6216	0.012318537956654801	0.012318537956654801	0
0.998046875	81276	0.01577545905964587	0.016788711246556356	0.28118496874749993	6402	0.02938152781902782	0.02938152781902782	0
0.98828125	92124	0.0499838257307864	0.05597113158339027	0.28100530660449724	6226	0.07008563618991048	0.07008563618991048	0
0.9931640625	104180	0.025034344642104352	0.0279568207894741	0.2895504529436713	6248	0.01891561247211402	0.01891561247211402	0
1.0	70398	0.04447381132962058	0.04657038852672897	0.278442532523097	6604	0.034293571012321014	0.034293571012321014	0
1.0	54174	0.038400415333401494	0.04224630052042904	0.2360517424606754	5966	0.030290843021073384	0.030290843021073384	0
1.0	62156	0.09995639791719234	0.10861888312380497	0.2494770388583835	5982	0.08066143377746676	0.08066143377746676	0
1.0	149368	0.11290632552690083	0.11700138478626272	0.321998926578786	6556	0.08542546797096041	0.08542546797096041	0
1.0	66540	0.126269750930371	0.13143493461753722	0.2523111880521444	5958	0.05816998441479624	0.05816998441479624	0
1.0	70782	0.06229511562739836	0.07102579457187212	0.2625179050200725	6092	0.08548079131126941	0.08548079131126941	0
1.0	88184	0.04536862174834109	0.051033197728709484	0.27697252266623545	6412	0.031798656752050326	0.031798656752050326	0
0.998046875	169774	0.042874389802824944	0.04779820091838193	0.3338133530515183	6900	0.04201719352750351	0.04201719352750351	0
1.0	62950	0.07238079765430215	0.0845345021996565	0.26375158583795616	6252	0.09639231988332773	0.09639231988332773	0
1.0	53474	0.06057437466942411	0.06589885551558605	0.23567839295771087	5764	0.056114895466118274	0.056114895466118274	0
1.0	87066	0.05631572741640552	0.06146961582795739	0.2676255386690436	6300	0.04078987037248184	0.04078987037248184	0
1.0	159720	0.013221308458194463	0.015591443202513811	0.2935925207559377	6156	0.016216391859774214	0.016216391859774214	0
0.99853515625	102092	0.059733450477518026	0.06443003900407293	0.2761553060380953	6174	0.045826044619098026	0.045826044619098026	0
1.0	81572	0.053246053871282006	0.05378274188664695	0.2776830493435522	6370	0.0431504112144356	0.0431504112144356	0
0.994140625	58128	0.022958614404588136	0.027052989577105432	0.2522692289665744	6044	0.035528629027512464	0.035528629027512464	0
1.0	179324	0.01043796898632569	0.01166318181974355	0.3377715037723031	6882	0.012986865942028985	0.012986865942028985	0
1.0	43746	0.07907677652307403	0.08527859500545477	0.22611039669801905	5830	0.05142359031402414	0.05142359031402414	0
1.0	62050	0.08841959963482614	0.09381107223183105	0.2659745577930031	6154	0.09463548181831118	0.09463548181831118	0
0.98583984375	128120	0.052870392210581145	0.05989679783353257	0.30739584878548504	6446	0.040398708949810534	0.040398708949810534	0
1.0	72832	0.0004093886462882096	0.0006793478260869565	0.2569553796998802	5954	0.0016891891891891893	0.0016891891891891893	0
1.0	81440	0.04511531105139166	0.051190854720255696	0.28543513153918276	6528	0.05450499454158415	0.05450499454158415	0
1.0	193058	0.03103221096102561	0.03454792031411532	0.34066311449961456	6692	0.036593457533765625	0.036593457533765625	0
1.0	74066	0.041359521017242384	0.045413974525256445	0.25890885776151645	6016	0.03863337250846287	0.03863337250846287	0
1.0	174082	0.028229708443978797	0.03380158086738688	0.3204492431359466	6688	0.027649291747927268	0.027649291747927268	0
1.0	147376	0.0070435500541922635	0.008479927967501029	0.3179606196243568	6762	0.008140756302521007	0.008140756302521007	0
1.0	67678	0.06033697311257552	0.07034934710445029	0.24213975666016974	5836	0.07766585867861586	0.07766585867861586	0
1.0	76648	0.02085772600887461	0.026622054345704586	0.2694927733371365	6160	0.032068145262447376	0.032068145262447376	0
0.990234375	154038	0.029168444458702786	0.03258414533054803	0.2998104202156096	6318	0.02578370719523121	0.02578370719523121	0
1.0	66954	0.012516559397168784	0.013161716315642474	0.26205278190711717	6258	0.01985656345412443	0.01985656345412443	0
1.0	89472	0.029946425580526403	0.03055035965317348	0.28934944662172674	6472	0.02658120483335453	0.02658120483335453	0
1.0	144602	0.04467605305705434	0.05422626065618211	0.3640157097606294	7140	0.0639054222156406	0.0639054222156406	0
1.0	134396	0.04275156868731155	0.04498565680932135	0.29675590444702254	6540	0.04618789899287546	0.04618789899287546	0
1.0	63172	0.03724797662163357	0.042039661866792505	0.2583303291929139	5972	0.057936390987002775	0.057936390987002775	0
1.0	46350	0.13657836111196223	0.14226384136863984	0.24029604014306535	5858	0.10865040734759963	0.10865040734759963	0
0.986328125	187490	0.021626040772764213	0.022788467812856802	0.352145288708867	6932	0.019726469890943576	0.019726469890943576	0
1.0	88320	0.03487979602903548	0.03672911704947543	0.28413568692969876	6378	0.03822134721946435	0.03822134721946435	0
0.994140625	211880	0.02353987248046161	0.025836993815320904	0.3730532954852259	6918	0.014495443102389247	0.014495443102389247	0
1.0	101546	0.02025134413572038	0.021707574357293043	0.29533811488131617	6500	0.017827831890331894	0.017827831890331894	0
1.0	98826	0.031068593244459115	0.036012200276501496	0.2871753622637104	6482	0.030956321390965276	0.030956321390965276	0
1.0	104714	0.04450344498618642	0.050137460940638846	0.2756493888262924	6192	0.046507686801733665	0.046507686801733665	0
1.0	72326	0.06800856766085218	0.07472033998045399	0.2785214809089258	6378	0.06324014012306294	0.06324014012306294	0
1.0	165296	0.035336219780582004	0.040258203661410356	0.3037390694590332	6334	0.03413052298622152	0.03413052298622152	0
1.0	75620	0.04856519244083116	0.05337089688399757	0.2660032904128695	6122	0.055577511798487036	0.055577511798487036	0
0.978515625	110688	0.16364518298399078	0.17018602814739253	0.30373205131117165	6228	0.05948375114275849	0.05948375114275849	0
0.998046875	197874	0.03913644241357768	0.045676785214995706	0.34963884005092755	6694	0.04136131307117215	0.04136131307117215	0
0.9990234375	135630	0.04162715166624091	0.047445299783949395	0.2865177141880848	6254	0.03576623942065645	0.03576623942065645	0
1.0	84516	0.050988927236810436	0.05728343660460552	0.2530812115618522	5884	0.03281327118718633	0.03281327118718633	0
1.0	97942	0.024785864718181817	0.026714508437113746	0.30827764609608693	6818	0.029554254911784338	0.029554254911784338	0
1.0	178592	0.12032485441129613	0.13067195569262788	0.3297928026777254	6548	0.07450085710139062	0.07450085710139062	0
1.0	90840	0.05059873713445243	0.058374930793523246	0.2919732564364753	6486	0.0629372829820118	0.0629372829820118	0
1.0	73176	0.04794605180114034	0.05217395085773295	0.2675471702726054	6188	0.05004140494411298	0.05004140494411298	0
1.0	97996	0.03219406467223183	0.03402398636507502	0.24820363832013523	5728	0.040413594041085334	0.040413594041085334	0
0.9951171875	211416	0.015486238547915743	0.017436032259236126	0.3634183505205007	6952	0.03573836372747753	0.03573836372747753	0
0.9970703125	164344	0.08312205605030101	0.08740534061799675	0.3125132981952797	6342	0.08675166319232666	0.08675166319232666	0
0.98828125	84138	0.01211513269473883	0.013499829249413509	0.2567943819640042	5864	0.011607678720315106	0.011607678720315106	0
0.99609375	103224	0.0883136383796703	0.09903340728632115	0.3223131326495516	6706	0.08008801901512252	0.08008801901512252	0
0.994140625	175572	0.011448217635672149	0.012078050575783317	0.3316168239174691	6806	0.016838312434604513	0.016838312434604513	0
0.99267578125	115846	0.12441145586125921	0.1309528268346202	0.3224230079300035	6630	0.09276375312428915	0.09276375312428915	0
0.99609375	83556	0.04075615114728858	0.044819489812376274	0.27937341897915796	6400	0.03738192099957706	0.03738192099957706	0
1.0	75770	0.04423387816767664	0.0434756903534233	0.2674429835875443	6258	0.033905741009079345	0.033905741009079345	0
0.986328125	109482	0.01666865416393314	0.01838198371963721	0.28077856145639457	6164	0.023882113821138213	0.023882113821138213	0
0.99853515625	158368	0.0154857109351618	0.018073267638335364	0.297842907702438	6320	0.023730161695501878	0.023730161695501878	0
1.0	162708	0.016059561914260036	0.018356067678021344	0.3076959455842585	6540	0.03581587201030521	0.03581587201030521	0
1.0	86190	0.0369671042086967	0.04236143115009035	0.2777986170840906	6336	0.05663322533275916	0.05663322533275916	0
1.0	91720	0.13322602683242982	0.14492514569861983	0.3220100669545091	6654	0.08918225250284839	0.08918225250284839	0
0.9931640625	77334	0.029620572301190848	0.028907286015452848	0.2487056491128459	5884	0.034665390777523133	0.034665390777523133	0
0.998046875	172262	0.033122407568174556	0.03587421636743588	0.3091698113674092	6272	0.027638789766305245	0.027638789766305245	0
0.98828125	89158	0.07933878926140667	0.08965039871344481	0.29402184585215224	6318	0.08957557424200181	0.08957557424200181	0
1.0	59354	0.08195747468231103	0.09576817414969072	0.255609732508372	6224	0.09325453112205241	0.09325453112205241	0
1.0	105248	0.03309656926174721	0.037492286305321046	0.3033295637078578	6654	0.025379524717106937	0.025379524717106937	0
1.0	88230	0.03009285517844808	0.03204664944186154	0.2862248995000938	6282	0.05593638764313146	0.05593638764313146	0
1.0	61814	0.04768561881221969	0.04721234362886347	0.22901709954979266	5696	0.03277414878298031	0.03277414878298031	0
0.98828125	88990	0.03642111293116088	0.04085662548884744	0.2928938925696359	6356	0.049540310226830225	0.049540310226830225	0
1.0	150444	0.017045405763914973	0.018336350887836635	0.29975930315674104	6558	0.02245993782445686	0.02245993782445686	0
1.0	168146	0.014331807222517208	0.016181673554141456	0.3066282682545613	6462	0.032596232236402074	0.032596232236402074	0
1.0	91064	0.05748759361890919	0.06268615939076641	0.2761917609473526	6312	0.056656966266733846	0.056656966266733846	0
1.0	146230	0.05994999557439857	0.06318637414224348	0.30137089719960936	6416	0.07425553515744358	0.07425553515744358	0
1.0	66652	0.03473507414335834	0.03561853044103845	0.28372680479590606	6462	0.03161618103470613	0.03161618103470613	0
1.0	65710	0.05637799355711479	0.059275537466763055	0.266117211451739	6288	0.04218126869117537	0.04218126869117537	0
1.0	72000	0.04839675148391691	0.05450907965370998	0.24464351647145066	5888	0.037376013455235474	0.037376013455235474	0
1.0	76368	0.0872818441513199	0.09065679184473341	0.28000256985549715	6428	0.062025446358112725	0.062025446358112725	0
1.0	209272	0.06603136026472016	0.06546938236579358	0.32184678016447466	6700	0.025826813515485363	0.025826813515485363	0
0.9951171875	79616	0.048698514515033424	0.05246783214277049	0.283652219436115	6412	0.051098721540092686	0.051098721540092686	0
1.0	71126	0.08756557292604206	0.09662276252459563	0.2781769611162314	6462	0.08440350404210076	0.08440350404210076	0
1.0	78162	0.07663026078377326	0.08932407601534854	0.27932834474597096	6390	0.07974512356733153	0.07974512356733153	0
0.998046875	134816	0.028359388095766373	0.032859640121613416	0.33427865241446514	6998	0.027198687395298644	0.027198687395298644	0
1.0	95074	0.042019670984958526	0.047733964716329624	0.2923260842230831	6442	0.059651593810945105	0.059651593810945105	0
1.0	113176	0.039592729554294374	0.044088298590584205	0.31387560214892934	6712	0.041899797896659596	0.041899797896659596	0
0.98779296875	111526	0.021721954052746666	0.02524692563932038	0.28949255085495396	6292	0.028861164809809978	0.028861164809809978	0
1.0	102544	0.04435300883013994	0.04736830456627762	0.2886449494381843	6384	0.0457820798221586	0.0457820798221586	0
1.0	169350	0.010268587020192092	0.010979914401570883	0.3228801932052136	6662	0.02031086502563692	0.02031086502563692	0
1.0	179816	0.10826191917930482	0.1140857074758487	0.3362988972952365	6852	0.07972557108862216	0.07972557108862216	0
1.0	65724	0.10399425958338605	0.11040106347650634	0.2725272395400224	6432	0.0886186117495646	0.0886186117495646	0
0.9951171875	71982	0.14145368123096114	0.15376603012541296	0.25072894504041515	5882	0.11280707600989284	0.11280707600989284	0
1.0	78050	0.04612392622546796	0.05252066984140187	0.26047051663904214	6136	0.049573803558071686	0.049573803558071686	0
1.0	65120	0.08022725902110893	0.08706172445474991	0.2652201052158382	6308	0.06489645076931773	0.06489645076931773	0
1.0	86230	0.047571104960501466	0.05251913518506418	0.26892434801832205	6248	0.04876275638935648	0.04876275638935648	0
1.0	75732	0.025237243856712648	0.029188500546932495	0.27461722026195773	6148	0.054930566879096296	0.054930566879096296	0
1.0	54340	0.05578320212021857	0.06376090865919873	0.24739705804594167	5956	0.07426027847366519	0.07426027847366519	0
1.0	74120	0.07947459534481698	0.09377596278247233	0.2565544798465146	6044	0.0870112420266865	0.0870112420266865	0
1.0	49594	0.05703466248141767	0.06349382638501483	0.24228519234295867	5980	0.054673039610210396	0.054673039610210396	0
0.994140625	126260	0.029413642669230522	0.03163854920681912	0.307697870608517	6614	0.040516690484784644	0.040516690484784644	0
1.0	71574	0.03097931608019169	0.03507374089704278	0.2558730018066867	6102	0.031042731574852312	0.031042731574852312	0
1.0	72632	0.047671578830176586	0.05293101947629302	0.26748002389136877	6278	0.039350568954829225	0.039350568954829225	0
1.0	79052	0.0310340198887308	0.03644666690684534	0.26675588156981905	6268	0.027647390704756608	0.027647390704756608	0
1.0	40962	0.06513617726494475	0.07797838913909824	0.20324047986820767	5510	0.05432474600367972	0.05432474600367972	0
1.0	148936	0.011509662393179944	0.01099415685861681	0.30638720505770006	6542	0.008186309206776368	0.008186309206776368	0
1.0	235968	0.18272078849933623	0.1870011236787933	0.3709995230937133	6796	0.08554276249354921	0.08554276249354921	0
1.0	73032	0.06232982677026138	0.06490530354945771	0.29116065596145746	6708	0.05483095122922993	0.05483095122922993	0
1.0	92102	0.058314200123328976	0.06587681820675872	0.28399838546992767	6526	0.04779874208779431	0.04779874208779431	0
1.0	95984	0.0555166587160003	0.060921805757135	0.2968677771251094	6650	0.03833165778293381	0.03833165778293381	0
1.0	94320	0.09973214849161068	0.10531332762094538	0.28410199879021875	6340	0.06749299028051223	0.06749299028051223	0
1.0	153812	0.03121083089345484	0.03523415341262345	0.3007654135239633	6454	0.04063910012311174	0.04063910012311174	0
0.982421875	112468	0.020648138763769506	0.02240880283272117	0.30893601104606666	6508	0.02296188707652307	0.02296188707652307	0
1.0	147920	0.10071062127528899	0.10363833303342336	0.3002233123771927	6528	0.05567191273280623	0.05567191273280623	0
0.998046875	95174	0.02843922326406191	0.029518276720410786	0.28880959467257267	6542	0.026729813841356573	0.026729813841356573	0
1.0	65340	0.06626644334156143	0.07528928139417171	0.2783591327893999	6404	0.07140733269035923	0.07140733269035923	0
1.0	68376	0.048272236820892885	0.05578498568683012	0.26265691087059956	6226	0.057380895327060984	0.057380895327060984	0
1.0	127326	0.012796855195457438	0.011736742840006203	0.31951183715602494	6676	0.011795496170496172	0.011795496170496172	0
1.0	72986	0.05459774806594051	0.06311551394089841	0.2754576118687461	6434	0.0680513979311049	0.0680513979311049	0
1.0	99338	0.20161798065264397	0.20702182793508606	0.29625084339269653	6376	0.06559135171940052	0.06559135171940052	0
1.0	114012	0.022683354569366543	0.028017346695475398	0.30582385057303146	6462	0.0746456547413303	0.0746456547413303	0
1.0	114306	0.01635099290212063	0.01704314787334324	0.2912685022651202	6224	0.019370212967832937	0.019370212967832937	0
1.0	60390	0.04688035093507578	0.05114558589097413	0.25782614716830304	6130	0.04373351121947423	0.04373351121947423	0
0.998046875	188426	0.011844959539227207	0.014510632609425363	0.33700228070731747	6632	0.023833418021680215	0.023833418021680215	0
1.0	89526	0.06643347719295169	0.0768595740188399	0.2722224631291829	6140	0.05824540825407838	0.05824540825407838	0
1.0	124976	0.046974436938508446	0.05300762298599828	0.32785891625593555	6666	0.0680653971498294	0.0680653971498294	0
1.0	163158	0.03476339704799466	0.037095856341362504	0.33050038486177014	6916	0.03130270668682033	0.03130270668682033	0
1.0	50972	0.07034045121372061	0.07914153595699668	0.2363595468560745	5846	0.07932970638328433	0.07932970638328433	0
1.0	181870	0.0688593394757332	0.07615802757175734	0.34358730623567163	6902	0.09495389589801026	0.09495389589801026	0
1.0	149896	0.028406058898329752	0.03373029591050662	0.28914424337513295	6278	0.024362973444327744	0.024362973444327744	0
1.0	129016	0.06432067552613746	0.06848968551443427	0.2714603627620737	6168	0.06419600677623793	0.06419600677623793	0
1.0	48232	0.14142953184930523	0.14990665371847836	0.23624829451600804	5838	0.1272343817142058	0.1272343817142058	0
1.0	163152	0.05832901286290308	0.0652643387474273	0.3148523564871652	6608	0.03585201092857862	0.03585201092857862	0
1.0	197032	0.0518846294690131	0.05418177522503671	0.352935013142889	6996	0.033071484356153806	0.033071484356153806	0
1.0	81820	0.046596308329204236	0.048767561794221786	0.28552544386270445	6504	0.04457090726729389	0.04457090726729389	0
0.984375	124654	0.014948992496193851	0.015279356841019965	0.32694404280296147	6792	0.017532656937628163	0.017532656937628163	0
0.99853515625	162026	0.04524305736685647	0.04704283024953549	0.32298898294523604	6620	0.04311452790607641	0.04311452790607641	0
0.998046875	99408	0.07124042214725487	0.07663793398373907	0.31104609008141887	6574	0.055435112828032346	0.055435112828032346	0
0.982421875	184658	0.021248994969715773	0.02204518752011973	0.34019836589097224	6746	0.02655350209842578	0.02655350209842578	0
1.0	68674	0.06686539269511806	0.07061786686643812	0.2666850335785406	6360	0.053454470686745324	0.053454470686745324	0
1.0	85290	0.0631974547847098	0.07183298288818034	0.2743812438840747	6252	0.055092889851566657	0.055092889851566657	0
1.0	103272	0.04964651584828473	0.05489158469198449	0.29422087778547557	6516	0.03418651842343703	0.03418651842343703	0
1.0	81630	0.014086516317134843	0.015215867587248319	0.26055715315098377	6090	0.017005481255931754	0.017005481255931754	0
0.9921875	157722	0.058599062209557705	0.06890769237189188	0.32410279877743436	6722	0.07308040367204531	0.07308040367204531	0
1.0	85966	0.026975901260421944	0.028524489421247932	0.2907259586352033	6428	0.027305242272347548	0.027305242272347548	0
1.0	177710	0.012802087323484881	0.013894874808268575	0.3310734515605292	6710	0.014843094324005763	0.014843094324005763	0
1.0	81872	0.036016391740692315	0.0402590420806181	0.2800003851913118	6378	0.03929020699782562	0.03929020699782562	0
1.0	93058	0.014150037022812086	0.01648613042002939	0.28878088970975124	6520	0.01691524621212121	0.01691524621212121	0
1.0	125898	0.030271198432755195	0.03406041299116674	0.24861967783983321	5786	0.02858858692234911	0.02858858692234911	0
1.0	131974	0.017730155182522245	0.022719347221693987	0.33062279635298997	6738	0.06758230480084969	0.06758230480084969	0
1.0	98042	0.13237816825232054	0.14318415376408683	0.300704745931109	6390	0.08434102434585454	0.08434102434585454	0
0.982421875	84514	0.056624240897553337	0.06269665063687291	0.2769759504897037	6336	0.04465109421082625	0.04465109421082625	0
1.0	115440	0.042229965609881424	0.04464672911318413	0.3233413206352198	6802	0.052651726407631994	0.052651726407631994	0
1.0	112782	0.06516484626925864	0.07374651569050754	0.31355106800934324	6590	0.07379208763390557	0.07379208763390557	0
1.0	86102	0.05351630793180601	0.05834846160076685	0.2678032240928242	6232	0.04289761449721669	0.04289761449721669	0
1.0	70694	0.04634059886423349	0.055027925710994866	0.271535116141496	6306	0.07651753403555944	0.07651753403555944	0
0.990234375	94700	0.05646114717523231	0.06058275569373187	0.26896268026129416	6042	0.03821842685249944	0.03821842685249944	0
1.0	113118	0.017679932833515724	0.02212972983323405	0.3023944538774514	6412	0.055723890973121484	0.055723890973121484	0
0.984375	154714	0	0	0.29838550212092113	6206	0	0	0
0.9931640625	114786	0	0	0.31485655536408663	6710	0	0	0
0.9990234375	211374	0.1801198207882261	0.1857763346116332	0.36989368128259187	6984	0.06571725456987079	0.06571725456987079	0
1.0	52042	0.0595064092997402	0.07150860965204087	0.23962096424714152	5948	0.04640932695215388	0.04640932695215388	0
1.0	80958	0.04179461398259603	0.04790461889693353	0.25309716935996346	5966	0.035400273969813066	0.035400273969813066	0
1.0	74154	0.19176181960632843	0.19920249039862217	0.2877144174545225	6490	0.11444736595356532	0.11444736595356532	0
1.0	160912	0.026194363808571194	0.0315700602640798	0.3308788124176268	7004	0.027650699168556312	0.027650699168556312	0
1.0	153122	0.027764692166989544	0.02868432035810401	0.3018166894380126	6410	0.04675891391368979	0.04675891391368979	0
1.0	109936	0.04841199401956337	0.05322312523152825	0.29943595142166507	6492	0.040727702844832736	0.040727702844832736	0
1.0	86848	0.04923231051322354	0.05349022033892314	0.2950783842173696	6752	0.04548445468636425	0.04548445468636425	0
1.0	62264	0.10225839677340541	0.11392172610151728	0.2618428675184208	6188	0.11154234837028755	0.11154234837028755	0
1.0	78036	0.031042801918234334	0.03370201195341902	0.2801205845163038	6442	0.0369148164019909	0.0369148164019909	0
1.0	240676	0.016206123395052976	0.019129335144977555	0.3568069603550255	6752	0.019199663918100074	0.019199663918100074	0
1.0	77436	0.1826878126382405	0.1894374960126937	0.2972335131392786	6696	0.11840553176792057	0.11840553176792057	0
1.0	116614	0.03882948949673523	0.04479755734316636	0.305714985936718	6438	0.03847971833169202	0.03847971833169202	0
0.994140625	122576	0.01604126446201276	0.017960306126541484	0.31285656506424786	6410	0.02260609902925655	0.02260609902925655	0
1.0	87170	0.04400198335056592	0.04727766735480215	0.2917034449593266	6708	0.03737339072743717	0.03737339072743717	0
0.9951171875	108044	0.03682585606084309	0.041385585686185195	0.2837450066711261	6240	0.037468742238479076	0.037468742238479076	0
0.99609375	176076	0.05325718323276927	0.05670225703569727	0.3210079634458289	6590	0.04856633292476346	0.04856633292476346	0
1.0	213512	0.12135702739977638	0.12463748424351685	0.3607311914610183	6816	0.03905858786389132	0.03905858786389132	0
1.0	112138	0.029037898720939224	0.03173046811928898	0.2772238082293841	5950	0.0582150242880235	0.0582150242880235	0
1.0	62838	0.03627978274415755	0.04340971580429203	0.2511516393774963	5974	0.042164145354743	0.042164145354743	0
0.9951171875	123172	0.041185973644138715	0.04541074411230864	0.3161804326265859	6562	0.03860493758907072	0.03860493758907072	0
1.0	87528	0.04763556642873674	0.05437343080532715	0.280531123983974	6422	0.036984447122288454	0.036984447122288454	0
0.99609375	118662	0.15340766135863926	0.15575032131553138	0.3055968792630756	6360	0.06285389995569561	0.06285389995569561	0
1.0	138092	0.058015130622311596	0.06556988657258005	0.29723336867076383	6644	0.040031070323863154	0.040031070323863154	0
0.998046875	75904	0.05848137973195638	0.06061142035964671	0.2779592070851792	6388	0.047618787209990306	0.047618787209990306	0
0.998046875	127430	0.05888322596658211	0.06325121662664122	0.309480186823571	6590	0.048682957631631524	0.048682957631631524	0
0.998046875	97954	0.17111508723852856	0.1778227080498971	0.29098443547024083	6370	0.054358399417823965	0.054358399417823965	0
1.0	65998	0.05328939904054826	0.06106843080188312	0.24023551967337584	5758	0.08282817680769332	0.08282817680769332	0
1.0	96484	0.046544149168681326	0.05132911144182239	0.2828300992122942	6396	0.04282810056438105	0.04282810056438105	0
1.0	107356	0.05637885850560905	0.05746264344458923	0.29443199194340636	6458	0.04439336166243734	0.04439336166243734	0
1.0	70478	0.03408866669116094	0.03588264728729758	0.2539499716815726	6194	0.029786314970733647	0.029786314970733647	0
1.0	76568	0.02524737241168426	0.029149988877268274	0.26676625802972836	6336	0.03511212231596706	0.03511212231596706	0
1.0	83152	0.03841418145876911	0.044565096231190794	0.27407109578253624	6280	0.03271296859430685	0.03271296859430685	0
1.0	107008	0.03503405858574683	0.038004854339343745	0.3121688245819046	6666	0.04176856072143788	0.04176856072143788	0
1.0	127532	0.1534223088494264	0.1575829852553196	0.3268018847365624	6864	0.0725902357808409	0.0725902357808409	0
1.0	139048	0.034652026479024566	0.037823995807111196	0.28388037403023353	6210	0.0338399514309514	0.0338399514309514	0
0.994140625	124586	0.18100125405387868	0.19103903786682266	0.3287307926275527	6802	0.0921929281256885	0.0921929281256885	0
1.0	92834	0.03408223768621267	0.03881143467823262	0.2982634999213792	6532	0.07513647794169927	0.07513647794169927	0
1.0	67422	0.0579082016368191	0.06232555973367794	0.2536135557901503	6044	0.03862376507038936	0.03862376507038936	0
1.0	169060	0.03599337786288286	0.04211962434537864	0.3226948924771563	6628	0.028423884318411613	0.028423884318411613	0
1.0	44122	0.08396896784775863	0.09550058554512351	0.2282544435363281	5910	0.05323686433165985	0.05323686433165985	0
1.0	103812	0.06538066876165087	0.07025833238936244	0.3005940989791489	6608	0.05260299206046172	0.05260299206046172	0
1.0	186738	0.05713456988999901	0.06167128503511968	0.33668490248492117	6756	0.04537982854417908	0.04537982854417908	0
1.0	130482	0.031398251806227656	0.033815714036046406	0.27922690901020947	6226	0.03350952783659777	0.03350952783659777	0
1.0	114810	0.02955538725228324	0.032473994074234167	0.29416574294608006	6288	0.05355374501821329	0.05355374501821329	0
0.998046875	59790	0.004104555978341854	0.004150047808518478	0.24370331245714397	6108	0.006332082551594747	0.006332082551594747	0
0.990234375	101522	0.16331343613351648	0.17800018601242054	0.3171898917690597	6582	0.07162187588515288	0.07162187588515288	0
0.9990234375	78238	0.17255636824723045	0.1868995728763837	0.285668733919714	6216	0.09688540091649298	0.09688540091649298	0
1.0	82150	0.026274197548500997	0.03143463438586781	0.29418823879253575	6510	0.023836358847757026	0.023836358847757026	0
1.0	65792	0.0720950521865129	0.07794898637922844	0.27921985984467484	6622	0.0720525072905133	0.0720525072905133	0
1.0	95918	0.0632985866907795	0.07268568243804846	0.3000349550996512	6332	0.09630093870280888	0.09630093870280888	0
1.0	66680	0.04940210115479866	0.053490130704100684	0.26021485752796936	6204	0.07361335080890238	0.07361335080890238	0
1.0	87830	0.06938822045388401	0.0757024719827188	0.2980891246859191	6608	0.0900711931771683	0.0900711931771683	0
0.95458984375	141422	0.06879195420217628	0.07682249329713209	0.3704592902200396	6366	0.05505668921281106	0.05505668921281106	0
1.0	67720	0.07395784666398347	0.08400178441620178	0.2508573054255869	5956	0.09029176447086049	0.09029176447086049	0
1.0	159348	0.013153328428041462	0.013980124628029103	0.31766132476067593	6668	0.011481931731502668	0.011481931731502668	0
1.0	94524	0.11074668687484916	0.11862077558424743	0.28784206491641917	6344	0.08833005799728255	0.08833005799728255	0
1.0	66214	0.10949628791135255	0.11937390695936115	0.2707732645792752	6316	0.0627538771564153	0.0627538771564153	0
1.0	139134	0.04086406678801624	0.050048782762042755	0.2947475309981372	6384	0.03829422632366271	0.03829422632366271	0
1.0	175640	0.008063626646982607	0.009866697711688056	0.3390925358777382	6772	0.011339323919554984	0.011339323919554984	0
0.9921875	131858	0.028872309026539377	0.029809285753358616	0.3182601354315406	6594	0.04069276602423227	0.04069276602423227	0
1.0	87958	0.0489362382945414	0.05485007061895007	0.27359889382725794	6276	0.05015524879862079	0.05015524879862079	0
0.998046875	158072	0.07070456482037189	0.07311675512794191	0.30289664599037586	6084	0.054131814768724924	0.054131814768724924	0
1.0	144612	0.039116932807314445	0.04201850494351355	0.299478390416759	6408	0.05748108347131869	0.05748108347131869	0
0.9736328125	271544	0.18579586541474616	0.18800371061485693	0.3895468829082393	6996	0.04956195323946042	0.04956195323946042	0
1.0	69854	0.025216080704049883	0.026178608257124106	0.26264983032221484	6208	0.023438160699813245	0.023438160699813245	0
0.99609375	151754	0.03664229627065337	0.04029920980332245	0.28591633634982033	6088	0.03569703758407224	0.03569703758407224	0
1.0	94768	0.05065293264825135	0.053403011434498826	0.29446926451192207	6388	0.07191424783959782	0.07191424783959782	0
0.9951171875	139970	0.01958093156247972	0.020055296099542094	0.3355478916815631	6802	0.017889560715590586	0.017889560715590586	0
1.0	174254	0.004420481456590606	0.005228876045134508	0.3300439572930889	6748	0.00692287784679089	0.00692287784679089	0
1.0	62194	0.0921421232490349	0.09668392950081126	0.26121293017452385	6080	0.10741543460366117	0.10741543460366117	0
0.9921875	112762	0.04240917793531064	0.0462649016207233	0.28383274228308686	6176	0.054395612503194905	0.054395612503194905	0
1.0	170708	0.021653453828807408	0.026170214227490718	0.33906020927032254	6868	0.06982477376837959	0.06982477376837959	0
1.0	158846	0.04120848223295077	0.04685579061219373	0.3188657218254	6794	0.044945925197862065	0.044945925197862065	0
1.0	104936	0.030281667291533004	0.03626865727701313	0.28509021811665064	6278	0.021338055431920182	0.021338055431920182	0
1.0	177872	0.03584469436971329	0.03791094723458045	0.3132890640895537	6538	0.03838810080079344	0.03838810080079344	0
1.0	236428	0.14153335912447101	0.14603535194354805	0.3846026024086943	6954	0.06272193652145772	0.06272193652145772	0
1.0	72748	0.024310134587121526	0.02819350605939276	0.2650410473251421	6198	0.05360516151352826	0.05360516151352826	0
1.0	72890	0.03977495804080735	0.04639888193965488	0.285774229088461	6600	0.055726096987604556	0.055726096987604556	0
0.9931640625	97152	0.03505532563304631	0.04209487804838609	0.30133127695279455	6622	0.033227105757123454	0.033227105757123454	0
0.9951171875	81638	0.03362714074172965	0.037889794974293886	0.2947543385306306	6412	0.04855167286569727	0.04855167286569727	0
1.0	153134	0.08554084660255086	0.0948313408583246	0.3252175262921268	6586	0.1113717318626588	0.1113717318626588	0
0.994140625	81068	0.045272374873206414	0.04854093917586767	0.27482650234733025	6356	0.04048586202063215	0.04048586202063215	0
0.998046875	173110	0.02888754399675345	0.031998019627104954	0.32285047951931106	6574	0.03340608266595109	0.03340608266595109	0
0.99462890625	77678	0.05393795751849375	0.059117491507709924	0.25632802080185485	6074	0.04025082161754488	0.04025082161754488	0
1.0	67652	0.06503492249819615	0.06802613598366491	0.2638503492905215	6264	0.07081913680637712	0.07081913680637712	0
1.0	63292	0.03385897548619926	0.03567648002601892	0.264851755713761	6314	0.03515190750885365	0.03515190750885365	0
0.990234375	145734	0.0025687474634354048	0.002955044956525954	0.2963365743287601	6398	0.004464285714285714	0.004464285714285714	0
0.990234375	112034	0.024343819278959934	0.025047101376595864	0.3017920599336695	6426	0.02116325128901348	0.02116325128901348	0
1.0	84960	0.03474611111235607	0.03803695988300125	0.28051624495568633	6394	0.04530004252052932	0.04530004252052932	0
1.0	100608	0.03979286147675324	0.046657447056772765	0.28031121487894267	6196	0.03794611865713782	0.03794611865713782	0
1.0	66718	0.06810720666970185	0.0748058392169128	0.2850277075306495	6580	0.05010043900908982	0.05010043900908982	0
0.98974609375	85786	0.0741332135931074	0.08703369209825669	0.28100620910173985	6334	0.07755259597438895	0.07755259597438895	0
0.9990234375	205786	0.02541705118145354	0.030537723507667015	0.366969968595741	6994	0.030677664334782886	0.030677664334782886	0
1.0	86558	0.03568349645692013	0.03880913875558002	0.2832300444153125	6326	0.044008480031899874	0.044008480031899874	0
1.0	165252	0.05173537121950102	0.05652244055488317	0.3178004297501333	6670	0.038399874998882824	0.038399874998882824	0
0.994140625	261748	0.18905144508754926	0.19111837689390423	0.3748502399690778	6980	0.05826815809950846	0.05826815809950846	0
0.9921875	253266	0.020803389347688404	0.024402282571303426	0.3616733585126379	6810	0.03529341023619846	0.03529341023619846	0
1.0	95448	0.10269858689240974	0.11379288268844612	0.3055759159458476	6302	0.07346020665665386	0.07346020665665386	0
0.99609375	101628	0.03887953933345432	0.04171235355829828	0.2957949772643826	6478	0.03746486836297118	0.03746486836297118	0
0.9951171875	89988	0.042989951876788814	0.04744333148495657	0.28392451184687606	6334	0.0632002392935643	0.0632002392935643	0
1.0	117206	0.12375520796079939	0.12972427180590246	0.3168928487869682	6582	0.08578388619841305	0.08578388619841305	0
1.0	145902	0.043804148512498586	0.048997898098664075	0.28024805728224644	6228	0.03723786914570692	0.03723786914570692	0
0.994140625	153546	0.08819024252498235	0.0960416074563375	0.3151988935490179	6536	0.1133685955066536	0.1133685955066536	0
1.0	61234	0.04448851156437517	0.0509815063446465	0.2516050234496618	6146	0.043056120934134856	0.043056120934134856	0
1.0	172738	0.0038631979341269074	0.005539916377089675	0.3419148333779844	7014	0.007443149188295771	0.007443149188295771	0
1.0	159760	0.038713216979649294	0.04571436847792032	0.31462372589093707	6678	0.034256465167809294	0.034256465167809294	0
1.0	85616	0.058812846802918956	0.06468749941549018	0.2707209841347002	6240	0.04678274354309132	0.04678274354309132	0
0.99755859375	161562	0.03257285148764513	0.03658433007916173	0.3143571336932666	6650	0.07350861711947221	0.07350861711947221	0
0.9990234375	167254	0.01801738623634702	0.02002611866940723	0.3161347660058899	6410	0.03212296282149223	0.03212296282149223	0
0.9990234375	137762	0.019219358971741166	0.022818078317203592	0.33474636055209306	6878	0.03790269661484774	0.03790269661484774	0
1.0	74168	0.045425215519895826	0.05477606692854424	0.24062549940450187	5716	0.054767191556332265	0.054767191556332265	0
1.0	52824	0.04990243245153276	0.053661702045723146	0.23565197106176508	5766	0.04413739111319757	0.04413739111319757	0
1.0	105268	0.059159273740143584	0.06736172233136836	0.30171768324821713	6288	0.09643259160677349	0.09643259160677349	0
1.0	120230	0.05140643290451729	0.057100984386316805	0.3181872301093625	6762	0.04428685187845698	0.04428685187845698	0
1.0	92538	0.12015507664863606	0.13247316341361962	0.30409667204890206	6614	0.08379731866988413	0.08379731866988413	0
1.0	87196	0.03013836517486998	0.036264458081829834	0.27443841273642244	6326	0.03442125357096287	0.03442125357096287	0
0.9951171875	103694	0.014814892201879207	0.014914552467121955	0.2928860688570792	6430	0.014928402167651204	0.014928402167651204	0
0.986328125	114366	0.020262505753071744	0.02474037537994299	0.28781406762511813	6264	0.050127270129139666	0.050127270129139666	0
1.0	106612	0.03667452925343523	0.03952730687329255	0.3201715885728437	6800	0.03752381404999021	0.03752381404999021	0
1.0	80070	0.004687140682490801	0.006630692410996847	0.2531103506033878	5984	0.006292018449030644	0.006292018449030644	0
1.0	144972	0.03547126768988448	0.03858854252063029	0.29429572375033847	6470	0.043602725027176895	0.043602725027176895	0
1.0	241462	0.017173202554186258	0.018749988872962194	0.3479288547506836	6902	0.028156799259944493	0.028156799259944493	0
1.0	64118	0.07322593129209119	0.07851977561512752	0.2583989759715823	6212	0.05787384591751596	0.05787384591751596	0
1.0	114396	0.026110519136966943	0.030831215124165534	0.3086139909032001	6466	0.04467306858947726	0.04467306858947726	0
1.0	82660	0.14481788891127306	0.15372190998949117	0.2818437509489246	6316	0.06071163381363247	0.06071163381363247	0
1.0	119116	0.026468666453599615	0.03164491887687392	0.3160452744776721	6710	0.03061558638530327	0.03061558638530327	0
1.0	79874	0.03402089974044765	0.03797606520357733	0.2608156271007354	6188	0.031136868273496182	0.031136868273496182	0
0.982421875	173086	0.03724040741357394	0.03831295461889367	0.3411098565775465	6964	0.03048152536382802	0.03048152536382802	0
1.0	113502	0.0387872112187712	0.04372977962008083	0.29477606916661175	6434	0.0408079881888622	0.0408079881888622	0
0.998046875	141846	0.04557614312719759	0.053051925042251605	0.3219111302836603	6418	0.05564807819462706	0.05564807819462706	0
1.0	118964	0.019910256708598743	0.02081531481128595	0.31303370369218825	6682	0.02846569951724659	0.02846569951724659	0
0.9990234375	81492	0.02884252642745791	0.03242729107726476	0.2682825181529976	6228	0.02485997186334157	0.02485997186334157	0
0.9951171875	86994	0.043822813532237784	0.052891680086714084	0.25777699264633686	5948	0.06021966654834727	0.06021966654834727	0
0.9970703125	93762	0.14761806439199715	0.16283492480894324	0.31234786654091906	6538	0.10765970433783503	0.10765970433783503	0
1.0	60408	0.027419160338348424	0.03230103082241	0.25369074681937814	5936	0.045878911614205736	0.045878911614205736	0
1.0	48828	0.11356573155877671	0.12184150136928693	0.2492544557897328	6204	0.10131475154272104	0.10131475154272104	0
1.0	163466	0.020341867417673333	0.023833914720222147	0.3194947572377562	6586	0.021251550786611763	0.021251550786611763	0
1.0	84744	0.035108624361140095	0.04024631967517516	0.26430872976961	6068	0.03593712413613729	0.03593712413613729	0
1.0	76658	0.015826698433950976	0.019842860727706246	0.2576984895638109	5980	0.038510914645783066	0.038510914645783066	0
1.0	74632	0.05880595096986573	0.06658085646637946	0.27728297168899557	6490	0.04688513486790065	0.04688513486790065	0
0.98583984375	116556	0.015877371805190922	0.01952149934926633	0.3041274842623333	6590	0.026088885766578022	0.026088885766578022	0
1.0	64794	0.059285152683424214	0.0635143840775306	0.2681485135371512	6354	0.07201008127595594	0.07201008127595594	0
1.0	82810	0.05838005519834735	0.06863996014563596	0.27503461071927965	6224	0.08226564823665516	0.08226564823665516	0
1.0	160660	0	0	0.365424979933227	6852	0	0	0
1.0	88836	0.026593725325302818	0.029099280880063368	0.26636599440479286	6112	0.02984952656005288	0.02984952656005288	0
1.0	76538	0.19912254298469853	0.20335086123706453	0.2677431196298404	6132	0.12146839433153007	0.12146839433153007	0
1.0	63946	0.03791714599397566	0.04150072637982926	0.26914071543844614	6404	0.037360197133474306	0.037360197133474306	0
1.0	74414	0.15410385504644125	0.15862139456463745	0.27815677787433307	6288	0.08856586682324374	0.08856586682324374	0
1.0	152276	0.02361782693095677	0.02829463995518345	0.2914548181761474	6346	0.022127873349951074	0.022127873349951074	0
1.0	165388	0.06144923187518073	0.0668643190378204	0.3124501771147531	6568	0.04578931105867028	0.04578931105867028	0
1.0	58794	0.06297411631976155	0.06811512604280542	0.2569715259515678	6092	0.05165117838764716	0.05165117838764716	0
1.0	107806	0.04253305327647169	0.04822579233305435	0.30269728368619975	6594	0.04111753163614029	0.04111753163614029	0
0.9912109375	76894	0.04364292757405081	0.04890316124792328	0.25206447486055855	6004	0.03084242643428983	0.03084242643428983	0
0.9990234375	68056	0.040216485554576145	0.04186145614647642	0.25592285232918155	6186	0.029693040340292666	0.029693040340292666	0
1.0	191078	0.13892875933010473	0.13921835293520288	0.34694859176580817	6728	0.05098492727785627	0.05098492727785627	0
0.9951171875	110150	0.02578258696596459	0.028512209022878873	0.28260111323669274	6128	0.02840271302926102	0.02840271302926102	0
1.0	142488	0.12162462209307226	0.12858143963686505	0.3103498613327785	6318	0.07522458773956821	0.07522458773956821	0
0.98828125	104478	0.036235200247191894	0.04072460352626337	0.29884588147713204	6470	0.04118279272446529	0.04118279272446529	0
1.0	98292	0.1515253525659553	0.1625166713852703	0.3227810754490992	6700	0.10411579486148205	0.10411579486148205	0
1.0	103472	0.01694205579118427	0.019449619509051018	0.29311134466058847	6612	0.03798576451651088	0.03798576451651088	0
1.0	88216	0.029498360065849286	0.03166106605151534	0.29776783667691115	6714	0.04913591397587666	0.04913591397587666	0
1.0	84628	0.03144284146471272	0.0360206164767259	0.2659428292996125	6074	0.030879538116380223	0.030879538116380223	0
0.990234375	173530	0.009745938178934252	0.010311530875553991	0.3175341359709221	6486	0.013549498746867167	0.013549498746867167	0
0.99365234375	107984	0.03505333012173596	0.038997040226914546	0.30536997912747404	6594	0.06370867800321849	0.06370867800321849	0
1.0	64006	0.052300130234879234	0.0558862985493361	0.26449051939115636	6154	0.047102266119913416	0.047102266119913416	0
1.0	80402	0.03548184508292572	0.038051294247533375	0.28854365131376086	6278	0.06115974096138946	0.06115974096138946	0
1.0	78608	0.030832197413136843	0.03496768735688259	0.2702958876271421	6310	0.02635964452824918	0.02635964452824918	0
1.0	96104	0.03723090117310449	0.04149726373705375	0.2887969531015416	6510	0.038324561075865626	0.038324561075865626	0
1.0	64440	0.0026849386699757047	0.003546687230897757	0.2553453664373981	6148	0.00875390854016025	0.00875390854016025	0
1.0	66954	0.02680335923656487	0.03039392464279344	0.24886795953382723	5978	0.0295398622568663	0.0295398622568663	0
0.9931640625	62600	0.043868125017032245	0.05526219924396701	0.24318753063895526	5778	0.056464387899650866	0.056464387899650866	0
0.984375	148444	0.020846558241256686	0.019826995401515675	0.3506018022809774	6868	0.028055435760209392	0.028055435760209392	0
1.0	88688	0.08232131949137758	0.08977481597673183	0.30267091809411734	6590	0.0644183026366543	0.0644183026366543	0
1.0	152032	0.037226147086632494	0.039327576959460236	0.3091176381206524	6746	0.040975396864378275	0.040975396864378275	0
0.9912109375	89618	0.018828479476326807	0.022634936144424175	0.26493615508776375	6028	0.01686061061061061	0.01686061061061061	0
0.98828125	88154	0.06100739903115507	0.07126349153407317	0.2883440842133979	6338	0.07067585004649633	0.07067585004649633	0
1.0	92750	0.031029869421280186	0.035216225322559275	0.27778568167858214	6352	0.02881859859082166	0.02881859859082166	0
0.98828125	42058	0.048630258771529676	0.05797472546161826	0.21079901711712198	5664	0.043373847583999384	0.043373847583999384	0
1.0	73606	0.025934549539285156	0.026960167986493838	0.2689219553202448	6276	0.02657613526179703	0.02657613526179703	0
0.998046875	110582	0.14136308994796248	0.15126414863275162	0.3161588440008446	6554	0.1122995114105099	0.1122995114105099	0
1.0	111926	0.027953985835078243	0.03416888799820428	0.3082765891650012	6676	0.023534636579779604	0.023534636579779604	0
1.0	88222	0.05661471042528022	0.06068571570366407	0.272613740665391	6202	0.04065141199187251	0.04065141199187251	0
0.9990234375	57116	0.03084474270673887	0.03538113298791846	0.24739950840971103	6076	0.04138722398274425	0.04138722398274425	0
0.99267578125	70534	0.040065180184981716	0.048351356406325555	0.26174867032217414	6156	0.043783670602659294	0.043783670602659294	0
1.0	80704	0.026524328646013527	0.030970870253602272	0.2755487977715204	6360	0.02771109625548083	0.02771109625548083	0
1.0	173870	0.11289594509849946	0.12095660840115481	0.32576731788348245	6496	0.09047969549614293	0.09047969549614293	0
1.0	84994	0.06145947939950533	0.06602064508938638	0.279479813530906	6418	0.05873204482648978	0.05873204482648978	0
0.9921875	87064	0.06663366919493328	0.07290211467288624	0.2726664001489536	6150	0.0742684310643808	0.0742684310643808	0
1.0	53762	0.0658298129987279	0.06878075434987574	0.23781847179731966	5826	0.06722697143759862	0.06722697143759862	0
1.0	119446	0.04812006344574469	0.05640195779162839	0.30204768711938995	6546	0.0269804746602109	0.0269804746602109	0
1.0	120510	0.015713034422027268	0.015196473520017222	0.31182507743849236	6616	0.014782354149984954	0.014782354149984954	0
0.990234375	173370	0.024422719281611247	0.028379548184992023	0.3252300552470476	6674	0.021128403601229688	0.021128403601229688	0
1.0	171930	0.017766630661291003	0.02045041240156667	0.3286086998631876	6756	0.013964266667677671	0.013964266667677671	0
0.9931640625	84426	0.05371824596198172	0.061359835788239114	0.27208624887734456	6124	0.07328655680204915	0.07328655680204915	0
1.0	59476	0.08207612345929716	0.08964792768732043	0.23962601565154704	5906	0.09214473071647034	0.09214473071647034	0
1.0	155332	0.04112017282917594	0.04670154578729883	0.30421824117619584	6370	0.033617621304639765	0.033617621304639765	0
0.990234375	186748	0.15133493544855361	0.1639586187508239	0.35172855547210763	6878	0.07183724956549868	0.07183724956549868	0
1.0	44612	0.1092099901668653	0.11497650160649765	0.23391048789390625	6000	0.07574238685762455	0.07574238685762455	0
0.9990234375	88306	0.09864981151562027	0.11190106025926987	0.3110751436254045	6682	0.0805018368432617	0.0805018368432617	0
1.0	155382	0.0892151148325012	0.08946031672533787	0.30777567574188297	6524	0.07399131499409871	0.07399131499409871	0
1.0	47820	0.11334597182964577	0.12398847462342605	0.22004836141308645	5644	0.06768297161145832	0.06768297161145832	0
1.0	70728	0.06259612497993453	0.07006649380359788	0.2710480677644032	6328	0.09373908089311982	0.09373908089311982	0
1.0	190796	0.007529045582941172	0.01044535211789274	0.3408513966380642	6752	0.014317961592670896	0.014317961592670896	0
0.98828125	152904	0.03438569183305867	0.0344458629938254	0.28615394291828217	6214	0.034448087579104905	0.034448087579104905	0
0.998046875	159528	0.09687724000462768	0.10377703515173699	0.3137257632662272	6342	0.12348330922801867	0.12348330922801867	0
0.994140625	149124	0.08883840792620452	0.09010661510537145	0.30076799414797123	6434	0.07687906811205443	0.07687906811205443	0
1.0	101936	0.15267534718889655	0.1639036141249195	0.30409240997491344	6482	0.03776856584570707	0.03776856584570707	0
0.9970703125	66058	0.04690014251849414	0.05237140939753314	0.2554574007917399	6206	0.036590247406179895	0.036590247406179895	0
1.0	102744	0.05303693055699338	0.05880835436294901	0.27807962215268484	6200	0.041827934365289414	0.041827934365289414	0
0.98046875	122282	0.0369685532579989	0.04094757017476557	0.3175657215112464	6494	0.03416481532992997	0.03416481532992997	0
1.0	43114	0.11202369905436899	0.12178242743745439	0.24302612504647989	6180	0.08555104503584077	0.08555104503584077	0
0.990234375	75080	0.05392606143755185	0.06330681841212636	0.2639531573064159	6284	0.03802487168264327	0.03802487168264327	0
0.994140625	76326	0.043989060832043736	0.05418752867444528	0.2612021867165281	6060	0.05855011838355258	0.05855011838355258	0
1.0	63812	0.06817540410451028	0.07334748177680404	0.2507917579008824	5952	0.07250870773733277	0.07250870773733277	0
1.0	185940	0.04482860182046028	0.05082154340038801	0.34488900839356523	6930	0.03230725969220419	0.03230725969220419	0
1.0	80278	0.019365571749025572	0.021848784228326472	0.26330057704946436	6148	0.022815059032629786	0.022815059032629786	0
1.0	42884	0.04350632812649203	0.050877948907235286	0.22296802149134334	5810	0.03226094681531278	0.03226094681531278	0
1.0	171600	0.0557657408126143	0.06257803066638025	0.3283208151016327	6812	0.04330922528585902	0.04330922528585902	0
0.99609375	106710	0.029447329621717235	0.030152590154203435	0.2742871302438124	5984	0.03956043876225765	0.03956043876225765	0
1.0	74034	0.016433169747168467	0.01605727843754373	0.27170735093479914	6086	0.009786355181092023	0.009786355181092023	0
0.9931640625	60488	0.039907182823203505	0.043853386259956974	0.2641851946216844	6200	0.061545477082092265	0.061545477082092265	0
1.0	97170	0.04974543264021656	0.054508144187085224	0.2957821198153084	6444	0.06478523389095606	0.06478523389095606	0
0.99365234375	207742	0.05622176296015098	0.06195034504760219	0.3515186734268421	6716	0.018062920901654594	0.018062920901654594	0
0.998046875	76678	0.032905423323240215	0.037867699822780015	0.26272359661924233	6172	0.02991876490812249	0.02991876490812249	0
0.998046875	175502	0.025087618293962853	0.029689910520421463	0.3392467344444074	6894	0.07092490561613762	0.07092490561613762	0
1.0	82614	0.014005241648480595	0.015120581693789215	0.2795885765452696	6500	0.025879726413830215	0.025879726413830215	0
0.9990234375	47246	0.08592461281521453	0.09497698434576966	0.20137583959527994	5404	0.07246065999185328	0.07246065999185328	0
1.0	49132	0.0022203930017947833	0.0025571154390618984	0.25873023215080976	6086	0.007738095238095238	0.007738095238095238	0
1.0	76762	0.07642885779020493	0.0798169668673055	0.2665453088132597	6208	0.07765783599036309	0.07765783599036309	0
1.0	67452	0.06977305312358083	0.07103786858072125	0.2627384571565197	6220	0.037084938634183065	0.037084938634183065	0
1.0	64874	0.08301402236213952	0.09750452806312684	0.25651005200678634	6112	0.1221170529126353	0.1221170529126353	0
1.0	69612	0.044163018620624266	0.04838879790745584	0.249660931945193	5896	0.04485981419756574	0.04485981419756574	0
1.0	175096	0.02384956949918846	0.02696741086050713	0.30581736846173474	6394	0.03799912609484176	0.03799912609484176	0
1.0	45148	0.014741831267174611	0.019336088430873213	0.22497303450538852	5696	0.01830021588005958	0.01830021588005958	0
1.0	88288	0.05661032406685684	0.06417216328169707	0.30710309848466594	6572	0.08812290759903524	0.08812290759903524	0
1.0	51910	0.0569254031998451	0.06757929954320047	0.2429299493902551	6072	0.05441584951473431	0.05441584951473431	0
1.0	71272	0.048874633754232594	0.053081693521042375	0.2733690225048338	6400	0.0656788003451312	0.0656788003451312	0
0.98779296875	206946	0.0349800667230034	0.04152228667245813	0.36803011103204825	6732	0.009724903474903474	0.009724903474903474	0
0.986328125	76086	0.009471332784064354	0.01208106723900164	0.25571239727088674	6054	0.015125055330848014	0.015125055330848014	0
1.0	88940	0.036572026217634335	0.04155629653732035	0.2750702579034015	6178	0.04962182175271339	0.04962182175271339	0
1.0	220088	0.05505732928250669	0.05865529172343714	0.393568049238241	7386	0.02626649698340875	0.02626649698340875	0
1.0	160926	0.04216787254942247	0.04695665650388892	0.2862573750804229	6116	0.041424537958907895	0.041424537958907895	0
1.0	67932	0.012273968634391874	0.013466769380013371	0.24089201787900338	5826	0.01378968253968254	0.01378968253968254	0
0.9990234375	88380	0.15321009197348825	0.16404740990024327	0.285587023020846	6362	0.10733318701266387	0.10733318701266387	0
0.99609375	151332	0.07691995746745926	0.08014594855239235	0.2920400037664581	6300	0.08375649633286146	0.08375649633286146	0
0.99609375	107856	0.0015645923225710461	0.002150567344532862	0.29786547473752784	6438	0.0038888888888888888	0.0038888888888888888	0
1.0	135642	0.02677826656775783	0.028954374434619075	0.29919823438742404	6566	0.025696114389240778	0.025696114389240778	0
1.0	74362	0.06777737730401975	0.07412065437965494	0.27519347418017004	6444	0.06543418204106871	0.06543418204106871	0
0.998046875	89778	0.043525532153549956	0.05084922634786686	0.269114528816715	6240	0.03707884657720184	0.03707884657720184	0
1.0	105172	0.037029359764442965	0.03951803557498665	0.2991436092384093	6450	0.06384119303111878	0.06384119303111878	0
1.0	120766	0.020514661650849073	0.022389429687561163	0.31562167972379	6680	0.04135461265444345	0.04135461265444345	0
1.0	54390	0.06527403879030337	0.07313593551141355	0.2551197928876094	6104	0.07017675093231558	0.07017675093231558	0
1.0	86060	0.051349630571696524	0.05775221877775292	0.27721706714963373	6382	0.04588766980404954	0.04588766980404954	0
1.0	257990	0.03507491247754911	0.03959852650927019	0.38764766412760876	7128	0.025968420774922327	0.025968420774922327	0
0.9970703125	187424	0.010460344431806766	0.010900232650552224	0.3363358986405826	6816	0.012824531408308004	0.012824531408308004	0
1.0	52222	0.035430382890468744	0.03895118681079584	0.23647581522071268	5876	0.028462710470552845	0.028462710470552845	0
1.0	76142	0.04451677875861759	0.046545828812577364	0.2834576439366239	6500	0.03792766719950497	0.03792766719950497	0
1.0	170120	0.04179701587193678	0.048389703490983864	0.3279112212160768	6842	0.03694395366363713	0.03694395366363713	0
1.0	151572	0.034064014188704854	0.036441292225663974	0.3279095463147284	6860	0.043894497759396786	0.043894497759396786	0
1.0	118046	0.029157747245601273	0.0315570502902466	0.32326675721147075	6860	0.029245314279735944	0.029245314279735944	0
1.0	68440	0.06536581156716403	0.07343272469477403	0.26119201823267213	6154	0.08048628958454317	0.08048628958454317	0
1.0	70856	0.02191163550087005	0.023891173984331725	0.2783765845602625	6428	0.026670871311436143	0.026670871311436143	0
1.0	70534	0.0617940210639952	0.07081080104570286	0.26109122648320504	6268	0.04523833370496988	0.04523833370496988	0
0.998046875	116326	0.010203192962757639	0.011768000071999584	0.30267220152651375	6402	0.005517888973771327	0.005517888973771327	0
0.98828125	102106	0.0437383540569011	0.04952915982682836	0.2763410908257878	6138	0.03442550992921059	0.03442550992921059	0
1.0	84176	0.041218676188053374	0.04725755029611658	0.26953330795607916	6228	0.03862945565073225	0.03862945565073225	0
1.0	61552	0.04937933413812308	0.049735131110006325	0.2317524162857564	5726	0.038741782520140045	0.038741782520140045	0
1.0	67482	0.0419370819939707	0.04777605064627602	0.2615421683616988	6278	0.038112112346075644	0.038112112346075644	0
1.0	96070	0.02936023856691901	0.03217266150336852	0.2667507445243291	5930	0.06768860970082735	0.06768860970082735	0
0.982421875	59122	0.05535254140039688	0.06196306725090875	0.24612965142551266	5908	0.06267668187014361	0.06267668187014361	0
0.986328125	194596	0.09620776938850889	0.10297855452477184	0.3355233163246994	6632	0.07266438579672789	0.07266438579672789	0
1.0	192164	0.043111804954312674	0.04698143714628214	0.35408577481596404	7104	0.033896533133492064	0.033896533133492064	0
0.99560546875	154288	0.022259041455107	0.02662629065543772	0.29721327928036095	6332	0.02872045073089965	0.02872045073089965	0
1.0	102422	0.022884485002828886	0.024812307260482024	0.2943948624027804	6530	0.03601788949275363	0.03601788949275363	0
1.0	100578	0.006322525426325017	0.007265627745841483	0.29271099912145054	6330	0.019502975356108246	0.019502975356108246	0
1.0	88770	0.029957130444447713	0.03360033256571285	0.2926671746095487	6586	0.05253587833048487	0.05253587833048487	0
1.0	84914	0.04203310723808033	0.045701708604605505	0.2719507316480947	6270	0.03751894248659918	0.03751894248659918	0
1.0	147126	0.06003237470149628	0.0653732304106856	0.30610429804121636	6714	0.051956719452094104	0.051956719452094104	0
0.99609375	93780	0.08908824854316713	0.0962169976051088	0.2889541630627813	6064	0.06186123701063197	0.06186123701063197	0
0.984375	101900	0.04522552839247117	0.05204778023317625	0.2916664602463537	6398	0.033818605655495895	0.033818605655495895	0
0.998046875	171714	0.0325263287303826	0.037711022420305954	0.32528872032341277	6722	0.036162211850232204	0.036162211850232204	0
0.9990234375	92068	0.028638530693157322	0.03156957075916017	0.28686594508444274	6306	0.07243872049647977	0.07243872049647977	0
1.0	60832	0.08974812445187125	0.09790912987847628	0.26595071700236955	6344	0.08216933079917144	0.08216933079917144	0
1.0	101808	0.033277938527866466	0.03669635586884205	0.30542843716932067	6592	0.07101432872120167	0.07101432872120167	0
0.9970703125	126692	0.009499129247242073	0.009227568102297305	0.3131822365371344	6478	0.01324954108803854	0.01324954108803854	0
1.0	92186	0.11826218142464333	0.13046791597276758	0.3121252222748388	6640	0.08358488060291996	0.08358488060291996	0
0.9990234375	79294	0.04918394567108243	0.05633170793089866	0.2836066951210274	6430	0.09832051350624844	0.09832051350624844	0
1.0	82028	0.21773358552457023	0.22774358066054814	0.284324016816531	6316	0.1111012667089686	0.1111012667089686	0
