Utilization	Connections(A2A)	Lvl1TraffRatio(A2A)	Lvl1TraffRatioNoIndirect(A2A)	RatioIndirect(A2A)	Connections(AR)	Lvl1TraffRatio(AR)	Lvl1TraffRatioNoIndirect(AR)	RatioIndirect(AR)
0.955078125	49384	0.01724917443249366	0.02015596284388006	0.2706397058312286	5766	0.01457082853657931	0.01457082853657931	0
0.97802734375	106318	0.2105520318143819	0.21139408482338232	0.34278049527642235	6590	0.07974772238577331	0.07974772238577331	0
0.9091796875	78364	0.2858624754686243	0.28982581175220906	0.3603133611777258	6042	0.05910001132973288	0.05910001132973288	0
0.939453125	84032	0.1060084748085518	0.11326696992582981	0.3439210117599656	6348	0.0598659343217046	0.0598659343217046	0
0.99072265625	84684	0.06335552436844578	0.06713500983063259	0.30175792155552994	6294	0.048417252629413064	0.048417252629413064	0
0.9921875	63486	0.011535512996370925	0.013888820363211846	0.2525127548034056	5744	0.016283396340404127	0.016283396340404127	0
0.98486328125	108484	0.2816308474648354	0.2839771191066223	0.32755607487129557	6144	0.07029967567755052	0.07029967567755052	0
0.98779296875	74284	0.07899379651844057	0.0837620168874399	0.29395892551079217	5860	0.05657284125552462	0.05657284125552462	0
0.970703125	91444	0.08698047564641878	0.08823007832232016	0.3015572495091891	6038	0.04270715333526228	0.04270715333526228	0
0.95458984375	167038	0.36428744081840403	0.35856232399607113	0.3889956920678257	6612	0.07900853364535981	0.07900853364535981	0
0.9775390625	91558	0.21838636878969755	0.22264742724277262	0.3400053980613172	6364	0.08857946371320047	0.08857946371320047	0
0.9736328125	83086	0.07490847136653953	0.07724885917173457	0.3181386780567501	6002	0.037363257584914565	0.037363257584914565	0
0.97802734375	82038	0.10303744899346097	0.10640259929190192	0.3452238350572321	6500	0.033147443570122524	0.033147443570122524	0
0.8515625	71914	0.07798220189651818	0.07987547308768525	0.3065696704236906	5440	0.03313005348850938	0.03313005348850938	0
0.9619140625	131332	0.2048004343280572	0.21026894674780597	0.36249014731623425	6390	0.05371541015655246	0.05371541015655246	0
0.8515625	115376	0.2385989824976457	0.24079100558231262	0.35190492238068183	5836	0.05419222773177744	0.05419222773177744	0
0.89404296875	98640	0.11307022723617231	0.11504635924907877	0.35980035439990804	5836	0.048937639480245175	0.048937639480245175	0
0.97998046875	153620	0.3218021683599417	0.3238733840636683	0.35710439711893605	6386	0.08368859073196849	0.08368859073196849	0
0.97607421875	76034	0.016713616570039953	0.01861458301077339	0.30392267922234156	6210	0.027582468028983308	0.027582468028983308	0
0.9697265625	84644	0.12695045977551778	0.13415219776141585	0.31419267422241187	5988	0.07711330764306805	0.07711330764306805	0
0.9697265625	210048	0.4558826375187249	0.4553259832622282	0.3779829371978132	6384	0.09235479165788446	0.09235479165788446	0
0.9697265625	65330	0.06998176106340726	0.07225261209830715	0.2769807459170286	5620	0.030660972078711053	0.030660972078711053	0
0.96533203125	43700	0.06801407074630847	0.07302538906915994	0.25799340507532004	5688	0.07126718367886846	0.07126718367886846	0
0.955078125	84806	0.2442842374583836	0.2375875602498641	0.3104014642204605	5794	0.09947858967478564	0.09947858967478564	0
0.98095703125	38010	0.036940628513964485	0.03972179049668074	0.2571409683262537	6010	0.04269657923252106	0.04269657923252106	0
0.9677734375	64142	0.15576106436080853	0.16143892452610625	0.3053089393431147	6044	0.07527632922933944	0.07527632922933944	0
0.8486328125	78980	0.17798357777645663	0.1836637512849869	0.34986229202575775	5502	0.0450187305580584	0.0450187305580584	0
0.92431640625	160376	0.2649567485093092	0.27166340213359647	0.3987725121525611	6168	0.07447950114481654	0.07447950114481654	0
0.9697265625	103124	0.16628710320561021	0.17297178418385697	0.33989794695277303	6282	0.03916698693496138	0.03916698693496138	0
0.9775390625	96666	0.11547890688934544	0.11846051532813327	0.3193189012371877	6204	0.07388000454166237	0.07388000454166237	0
0.95703125	152402	0.2260647789729237	0.22577966488318763	0.30224081553612947	5864	0.08278441987206128	0.08278441987206128	0
0.927734375	68826	0.04305676648077969	0.043154780808830964	0.30675887197922275	5682	0.06054583122099815	0.06054583122099815	0
0.97119140625	158246	0.3082355167363168	0.30767017506200905	0.36393598640778513	6432	0.07002813144905111	0.07002813144905111	0
0.9892578125	48480	0.06405586386022105	0.06776174915306635	0.2684603569453704	6020	0.044413979956881504	0.044413979956881504	0
0.9736328125	91652	0.08978832255244151	0.09585895421558437	0.31997754238547443	6032	0.0350656687911868	0.0350656687911868	0
0.98486328125	68892	0.022240038901399257	0.025763886037600183	0.28208697979827285	5990	0.03194882696919462	0.03194882696919462	0
0.9697265625	83112	0.15418444622795474	0.15624784197071068	0.3226183655475155	5970	0.07196109990631713	0.07196109990631713	0
0.98486328125	77958	0.19698116123482032	0.20119953156336373	0.29371959765028643	6106	0.07853692690283777	0.07853692690283777	0
0.9873046875	60444	0.05516183215615589	0.059572509440809295	0.28787721152839596	6072	0.04883611839987283	0.04883611839987283	0
0.98095703125	83138	0.30857015532348875	0.3070816860189756	0.31665470870337814	6172	0.05664551860950432	0.05664551860950432	0
0.97509765625	58346	0.008606925491480457	0.010597760031099088	0.27122167239269834	5922	0.01589093000115418	0.01589093000115418	0
0.96044921875	65818	0.04477821695635547	0.046167690595009234	0.29333128361828414	5820	0.05676391596338523	0.05676391596338523	0
0.9697265625	192114	0.2271559707948953	0.22721251302319698	0.39443766491138904	6828	0.0655368140938107	0.0655368140938107	0
0.92138671875	89390	0.18310899042315631	0.18762024988585727	0.3369758285081735	5842	0.07110397859798234	0.07110397859798234	0
0.9697265625	153748	0.31672208584938055	0.3133986155717609	0.369785195287089	6520	0.057717835218461265	0.057717835218461265	0
0.8515625	73052	0.059235607340216635	0.062496065602049386	0.30611813008312155	5260	0.04371486204126086	0.04371486204126086	0
0.9697265625	137688	0.21139479348461176	0.21228633678951062	0.3271499207413581	6262	0.0690088526355059	0.0690088526355059	0
0.9619140625	85398	0.09116882155620235	0.09327682202931045	0.300995681410297	5786	0.03681004683681268	0.03681004683681268	0
0.92578125	193578	0.24766625240279233	0.24869687212601774	0.36836851468331383	6432	0.05829213652094378	0.05829213652094378	0
0.939453125	97580	0.3322554097870241	0.3321427402048678	0.3336454631289789	5928	0.09956434028558807	0.09956434028558807	0
0.96044921875	151184	0.2697055824581205	0.2690097372417149	0.33642100763260124	6110	0.06308575642408518	0.06308575642408518	0
0.9755859375	91504	0.030452243122360046	0.03354626248571088	0.3267642964880978	6388	0.04138277836127643	0.04138277836127643	0
0.95458984375	249486	0.5374257813029626	0.5377301947391903	0.4081209588472578	6692	0.07179734765457015	0.07179734765457015	0
0.9609375	154996	0.3489828877751246	0.34518187785903254	0.36365471089199564	6450	0.06722520256655626	0.06722520256655626	0
0.98486328125	58156	0.025786581147757795	0.029241605591817696	0.26464734392114353	5756	0.031126817397426922	0.031126817397426922	0
0.9287109375	214868	0.4558635898289104	0.4547383732624684	0.3890693227831248	6418	0.08745082722124735	0.08745082722124735	0
0.97265625	144434	0.13685142057317007	0.13626883475995422	0.3576857003755938	6510	0.07268003532516336	0.07268003532516336	0
0.98046875	51922	0.0493703222109105	0.055235736116670965	0.2569615191172608	5804	0.061691497368008254	0.061691497368008254	0
0.95458984375	66620	0.1612068781855984	0.16222389260407133	0.3206724730071661	6156	0.06745341217753861	0.06745341217753861	0
0.96044921875	129488	0.1509902138395316	0.15353469744736267	0.3658332505430886	6676	0.05237074974899873	0.05237074974899873	0
0.9775390625	128510	0.18053387208564958	0.1849769168494398	0.34935962494268996	6448	0.040015072109598517	0.040015072109598517	0
0.94775390625	148058	0.17442137612575598	0.17675114675042883	0.3838842976143379	6252	0.051403084553399786	0.051403084553399786	0
0.95458984375	82156	0.016322816904925333	0.0194851537450151	0.30093602055406554	5926	0.03374852090011119	0.03374852090011119	0
0.9814453125	84422	0.20062101069122804	0.2059159782711645	0.3287252484959999	6298	0.058258875247756726	0.058258875247756726	0
0.9775390625	68432	0.1974959994562238	0.19614266425938884	0.30000979624219154	5928	0.05416612807890866	0.05416612807890866	0
0.9365234375	144686	0.19503900563981938	0.19945145646563794	0.3550720411457983	6062	0.06732306474099244	0.06732306474099244	0
0.98779296875	147892	0.17473381031003998	0.1781910380245301	0.3840033292534543	6718	0.05681958437513411	0.05681958437513411	0
0.9365234375	46590	0.05774983135656954	0.05853284969011065	0.25357796677668487	5194	0.010770332544526093	0.010770332544526093	0
0.98486328125	91314	0.19123211123079203	0.1875923668105039	0.3145038909889027	6198	0.09410918986727564	0.09410918986727564	0
0.939453125	166208	0.24993389288933696	0.2509413095111864	0.4023293681360705	6544	0.05372226798022254	0.05372226798022254	0
0.9775390625	171356	0.42054072210263793	0.41936392584408094	0.3660281731937593	6544	0.09875780669906131	0.09875780669906131	0
0.98486328125	121582	0.02514751918313989	0.02726529155581626	0.308507137245139	5914	0.03325740032528213	0.03325740032528213	0
0.9189453125	148976	0.21739568148341795	0.21822345655548497	0.3452932398725439	5952	0.06783195868160567	0.06783195868160567	0
0.95166015625	89206	0.03154102501843492	0.03386395662636817	0.32008088180296485	6188	0.04385456385507676	0.04385456385507676	0
0.9609375	57532	0.1736326257711475	0.1706512458309554	0.2676509663608538	5580	0.08631835806201318	0.08631835806201318	0
0.95458984375	104850	0.10235476703291785	0.1049725676080167	0.3452108901810418	6152	0.03593243837162676	0.03593243837162676	0
0.97705078125	108908	0.2667568831445175	0.2686416911317969	0.3389603922051108	6112	0.07587485021504317	0.07587485021504317	0
0.9921875	98266	0.02231298502183303	0.02420545180216556	0.3043162464861871	6080	0.05411100543506138	0.05411100543506138	0
0.92578125	204956	0.34198655688466034	0.3465465668149555	0.3982847741923479	6618	0.05390142417244638	0.05390142417244638	0
0.96875	84032	0.10097076104483738	0.10286489972728129	0.3274627547036258	6140	0.02594162080911827	0.02594162080911827	0
0.9697265625	76632	0.16637823436073548	0.16824264989459262	0.3120323816931396	6226	0.05964396585441007	0.05964396585441007	0
0.92578125	70900	0.19851914159362022	0.20249085860952262	0.30368674210859997	5822	0.08868585197786119	0.08868585197786119	0
0.955078125	96928	0.045599503807877265	0.05069468490312438	0.3111593239997217	6134	0.04167923748055515	0.04167923748055515	0
0.97509765625	93814	0.0818035519762228	0.08764435105003122	0.3288287642751933	6286	0.0571280689653059	0.0571280689653059	0
0.90087890625	70232	0.21572731584028998	0.22011282145816644	0.30407479616791133	5678	0.07830425166886128	0.07830425166886128	0
0.9677734375	144250	0.29807930848229097	0.3015775088015292	0.39501843200910597	6856	0.06850635364390481	0.06850635364390481	0
0.98291015625	175826	0.2901352865277693	0.29179902096263916	0.34210430981956313	6438	0.07057008461838499	0.07057008461838499	0
0.9697265625	94826	0.16148285794221037	0.16608561648679807	0.31772459137313724	6040	0.05277206021963182	0.05277206021963182	0
0.98486328125	165926	0.1843368422415379	0.19059191376609858	0.3693659779646024	6710	0.04796434874280787	0.04796434874280787	0
0.955078125	60754	0.048453922931754635	0.05474955274699772	0.2955135853493575	6028	0.053793223372110587	0.053793223372110587	0
0.92578125	76556	0.031245657754499327	0.03693906051598443	0.2952905244019978	5796	0.04886738882158476	0.04886738882158476	0
0.9912109375	130832	0.09637156729034567	0.09656537554932931	0.36157482356250153	6814	0.027898545644013648	0.027898545644013648	0
0.97265625	40774	0.04160883646112592	0.044337290664081985	0.24142797802376526	5612	0.02767700648770855	0.02767700648770855	0
0.98046875	56958	0.04659126422797953	0.04556565901530229	0.2768019364876254	6012	0.037015089206459184	0.037015089206459184	0
0.9775390625	72456	0.20581899202212284	0.2075742881349702	0.31117630336940266	6044	0.0653961255601516	0.0653961255601516	0
0.939453125	162332	0.17960056432559485	0.18376230276378233	0.37421451751756546	6174	0.0593543277099104	0.0593543277099104	0
0.97998046875	78502	0.2163706021508047	0.21131490216630971	0.3111571301779428	6280	0.09681623464973979	0.09681623464973979	0
0.9404296875	100638	0.22665577637005183	0.22260822240398975	0.35572432824677597	6134	0.08736347724860012	0.08736347724860012	0
0.94287109375	99838	0.2332928713439608	0.2361512294737412	0.31111065515824743	5726	0.08286965214031358	0.08286965214031358	0
0.9443359375	68416	0.03516916910646913	0.0388361734524256	0.2898959876122597	5832	0.03349322941197255	0.03349322941197255	0
0.990234375	77220	0.041586668293734655	0.043829644225758364	0.3103158387074311	6338	0.040028918154216275	0.040028918154216275	0
0.9677734375	85318	0.013740150071276089	0.015887002410789764	0.30649988330468114	5918	0.03441517661180133	0.03441517661180133	0
0.9697265625	75648	0.1290997584820068	0.1267466249843232	0.3252868014902995	5910	0.05215814463240191	0.05215814463240191	0
0.96240234375	142358	0.0774248676071265	0.0797265364329127	0.3812441565775362	6610	0.03266150451720434	0.03266150451720434	0
0.9873046875	94708	0.1088558850439147	0.11324516378309361	0.3475293648851889	6666	0.06298595161556482	0.06298595161556482	0
0.93310546875	295166	0.2790909699253783	0.2808472761188207	0.4076033952968356	6564	0.04786609769431763	0.04786609769431763	0
0.9775390625	65376	0.21550543187686289	0.21348029592902487	0.256371954974808	5672	0.07518318534385622	0.07518318534385622	0
0.97314453125	50690	0.11605189279542016	0.1164372401444689	0.28471584634072233	5952	0.056294321045095345	0.056294321045095345	0
0.97265625	80042	0.06845199396286995	0.06794035889204307	0.3046989022672283	6218	0.07191903719904363	0.07191903719904363	0
0.986328125	64536	0.11567520197337577	0.11487735881198521	0.2760159072810843	5934	0.048288820569642975	0.048288820569642975	0
0.94873046875	48254	0.08368243173931662	0.08570770478149575	0.2712670839994415	5732	0.03419105624602383	0.03419105624602383	0
0.92578125	84226	0.02096817891191713	0.022610028762932746	0.3183734759490288	5982	0.0375491215455312	0.0375491215455312	0
0.96240234375	132808	0.2616704394736499	0.2627520333629671	0.30047258228384505	5868	0.047359243013727924	0.047359243013727924	0
0.98486328125	81766	0.338492228665188	0.3340185709296795	0.3108533919223057	6254	0.09344456335216057	0.09344456335216057	0
0.9775390625	176354	0.06510411743293242	0.06497022645300471	0.34736020428435244	6576	0.04647249213565422	0.04647249213565422	0
0.94384765625	242692	0.3990219017319054	0.40033553921444065	0.41588119210924485	6788	0.07326428357355688	0.07326428357355688	0
0.8515625	68342	0.15436940545724984	0.15691116416669904	0.3178289278219162	5584	0.06742563695479173	0.06742563695479173	0
0.94091796875	64394	0.020413231438866024	0.023610200134532563	0.2808660830949263	5768	0.023958476289465402	0.023958476289465402	0
0.95458984375	204858	0.39938893150832755	0.4020878162948015	0.3952989820694031	6554	0.07434512469822435	0.07434512469822435	0
0.9912109375	72486	0.06108279103123418	0.07000192243866565	0.29388882218181495	6182	0.06618890675727307	0.06618890675727307	0
0.98486328125	58582	0.01395239113966373	0.01708553167468387	0.26982235631314655	5838	0.02028940871740921	0.02028940871740921	0
0.982421875	83160	0.024948628000574208	0.02561776947695973	0.3062742306976114	6272	0.04239277767868015	0.04239277767868015	0
0.97265625	108368	0.1046820282170807	0.10741686313269287	0.3353112121799358	6186	0.04206138942612596	0.04206138942612596	0
0.97509765625	89396	0.19377322838340375	0.19253220571198398	0.3159578513562194	6288	0.06527975638874566	0.06527975638874566	0
0.96337890625	112044	0.09266963847118463	0.09763740411948929	0.33657283985425246	6124	0.04852321847068085	0.04852321847068085	0
0.92578125	116210	0.057464801769453774	0.058753382127564875	0.3464198951487297	6358	0.02386069241724044	0.02386069241724044	0
0.95703125	154862	0.24865498389444224	0.24906966311159887	0.3340643475271357	5940	0.08649244727909604	0.08649244727909604	0
0.94921875	144138	0.19923444533809317	0.20561150217604096	0.37976191049836655	6474	0.07146683255759737	0.07146683255759737	0
0.955078125	123128	0.10894985152318354	0.11241710990834572	0.37646564175606706	6670	0.048061916630518925	0.048061916630518925	0
0.90966796875	186522	0.2418232059283109	0.24416688481843515	0.36977611997255444	6144	0.05129244701691872	0.05129244701691872	0
0.8515625	49652	0.02447188190963577	0.026017948198125116	0.24827678827913255	5070	0.03249109803369972	0.03249109803369972	0
0.9462890625	138696	0.19919130414095296	0.2021215572822849	0.3636950586573377	6174	0.055158940958907415	0.055158940958907415	0
0.96826171875	71024	0.10115431243880138	0.10464936604536396	0.30470899042171024	5884	0.05125780164834459	0.05125780164834459	0
0.984375	79356	0.09362782945307944	0.0959748118329565	0.29711187354012153	5904	0.04482763903598849	0.04482763903598849	0
0.9755859375	60182	0.03285107227938905	0.03684377154501227	0.26714428227234793	5758	0.04345966402492138	0.04345966402492138	0
0.9716796875	93780	0.12059990487797465	0.1264202257313694	0.32957066881167	6366	0.037767241229948297	0.037767241229948297	0
0.9697265625	63284	0.16467969946386304	0.16629145146755064	0.3196618600116969	6108	0.06849656332768743	0.06849656332768743	0
0.8515625	152640	0.272387447641602	0.2691391505088306	0.31647461042529207	5404	0.05836929022504907	0.05836929022504907	0
0.982421875	70272	0.026115688271500567	0.027481134366300793	0.27922616490435004	5974	0.01761064325402561	0.01761064325402561	0
0.904296875	82692	0.30033657192519264	0.2973379834595654	0.3137649875538272	5596	0.09118372564440894	0.09118372564440894	0
0.98486328125	64294	0.05688799440189028	0.05991010334256429	0.2886172648435837	6100	0.04585398031834825	0.04585398031834825	0
0.9873046875	79642	0.08627851868486312	0.08980137780641505	0.3242788431655151	6322	0.06377789235208137	0.06377789235208137	0
0.9697265625	74008	0.26939437779066205	0.2677574281879491	0.30391718211810564	5962	0.10958133850267796	0.10958133850267796	0
0.9775390625	125040	0.22741706814042856	0.22410193523938782	0.3414067345215724	6118	0.06858777750043459	0.06858777750043459	0
0.9833984375	64200	0.09254834171276734	0.09550235264649992	0.30476608227169955	6154	0.03639095215310032	0.03639095215310032	0
0.97314453125	41868	0.03903410753500383	0.04490773441812879	0.23661981587363423	5532	0.056468318816760135	0.056468318816760135	0
0.9697265625	63712	0	0	0.27323362838697274	5722	0	0	0
0.95458984375	76746	0.13997453083066816	0.14542412499463772	0.3267602895894722	5982	0.08110477756497644	0.08110477756497644	0
0.9697265625	91580	0.1344696625036499	0.1367754601509559	0.331393816822456	6374	0.054331880242782724	0.054331880242782724	0
0.9375	52940	0.08501516922354282	0.08828224893257493	0.2839465483099875	5794	0.052929311540109686	0.052929311540109686	0
0.92578125	57846	0.01793140319841501	0.020895330072274128	0.25134681657590086	5274	0.020896455913908124	0.020896455913908124	0
0.92578125	151148	0.1829685180115718	0.18401715781202785	0.3428359474760754	5834	0.0478980867654803	0.0478980867654803	0
0.98046875	162170	0.32739346872067404	0.33036625436733497	0.3696914281945976	6504	0.07272929704946278	0.07272929704946278	0
0.8515625	100684	0.009961881952514698	0.013730001958834578	0.31998383944879294	5898	0.03133473888648793	0.03133473888648793	0
0.9580078125	78574	0.009912285905452494	0.013149222288775861	0.29005906272518084	5834	0.032549607239034425	0.032549607239034425	0
0.98095703125	89090	0.2382946974980404	0.24039881194916723	0.28371142673921884	5994	0.08244132672426667	0.08244132672426667	0
0.93994140625	117976	0.42247202731810707	0.42456736082305757	0.37284766171505485	6548	0.10181361564909992	0.10181361564909992	0
0.92578125	163292	0.24099515981628966	0.2401948576140564	0.37258922274459305	6318	0.0599495991718249	0.0599495991718249	0
0.95458984375	68528	0.08351206556557794	0.08901684218311899	0.32502024876995134	6176	0.08016577732931042	0.08016577732931042	0
0.9755859375	152964	0.13261103911424624	0.13305593065937224	0.320941186301798	6378	0.04797090844362802	0.04797090844362802	0
0.98486328125	90058	0.01903966548162977	0.021908679055949218	0.3397838036828154	6704	0.03307944171809842	0.03307944171809842	0
0.95703125	81840	0.05319566033797066	0.05738941774837961	0.312012978351547	6076	0.05538069112051929	0.05538069112051929	0
0.92578125	54068	0.03461427649343268	0.038764481680470426	0.23905452453529955	5210	0.04334760221088018	0.04334760221088018	0
0.9755859375	166764	0.4796742765945908	0.4711842921010354	0.35691431478530505	6382	0.10529618044460791	0.10529618044460791	0
0.91064453125	39584	0.0444914551027963	0.04381734119357469	0.27200795169960756	5508	0.04642882697484318	0.04642882697484318	0
0.95458984375	98248	0.22733546800490118	0.2271599922572995	0.327356714706173	6148	0.09204840656609303	0.09204840656609303	0
0.9912109375	46716	0.07041218263717834	0.07324931888270461	0.2546179254145805	5668	0.04946118401836102	0.04946118401836102	0
0.94091796875	63382	0.027805668109743227	0.03068415467955657	0.26756894260093167	5796	0.02621222896474444	0.02621222896474444	0
0.92578125	66392	0.15376920616559353	0.1530437347742668	0.3040019526476224	5576	0.06171218632306259	0.06171218632306259	0
0.9697265625	139736	0.2246923120504787	0.23265396277897776	0.3603554660373715	6242	0.06505649148597996	0.06505649148597996	0
0.92431640625	74698	0.06875158366907133	0.07509253817386331	0.3027937541689415	5824	0.09306454494072104	0.09306454494072104	0
0.95458984375	65562	0.10735497237337499	0.11002929883988276	0.3164002982613255	6030	0.052518450695462376	0.052518450695462376	0
0.955078125	117320	0.01669398320343028	0.020204365366957175	0.3420763333540333	6466	0.03668661562945604	0.03668661562945604	0
0.88818359375	130532	0.157181478451029	0.15950256746692054	0.3281806898529068	5568	0.06472499876301858	0.06472499876301858	0
0.8515625	147014	0.17953786486544182	0.18117763036349213	0.35134476361474526	5620	0.055052444252628625	0.055052444252628625	0
0.9091796875	68552	0.0998491230429151	0.1051157067999408	0.3236737868841531	5902	0.05756944458110796	0.05756944458110796	0
0.97265625	73038	0.1002972862242011	0.10113656294482959	0.30480450896846595	5932	0.05966496082610735	0.05966496082610735	0
0.9921875	107186	0.025175768628338455	0.030085792622555244	0.3030843392039433	6124	0.06133736928261822	0.06133736928261822	0
0.92431640625	68456	0.2100886768796974	0.2138916464137509	0.31562502517906293	5678	0.06386083728670777	0.06386083728670777	0
0.9697265625	62628	0.10292491361747776	0.1082161047070228	0.30936454664614615	6004	0.06268907923103605	0.06268907923103605	0
0.91162109375	144930	0.25265087406329934	0.2534282395632892	0.3426061762155341	5598	0.04887788054322474	0.04887788054322474	0
0.990234375	86134	0.2211862988657305	0.21571295153210818	0.3213322097779981	6232	0.08619945059390664	0.08619945059390664	0
0.9677734375	167590	0.23035865851970228	0.2317434531853802	0.3946423324691608	6644	0.05282353106327845	0.05282353106327845	0
0.955078125	83494	0.11155166674362253	0.11508049422460924	0.33100020473210723	6152	0.051633487337667275	0.051633487337667275	0
0.92578125	134534	0.3233631699212096	0.3213816991766949	0.3303172794988051	6108	0.09380292874364861	0.09380292874364861	0
0.978515625	66290	0.03299627656916137	0.034983835575286504	0.2942989476872177	6114	0.03837252955884615	0.03837252955884615	0
0.9033203125	83272	0.19702305015521546	0.19065302638087148	0.3388480165667643	5648	0.08769741920831411	0.08769741920831411	0
0.88232421875	115078	0.1437411987951684	0.14721551354133328	0.3614761233892161	5708	0.06084699591197249	0.06084699591197249	0
0.92578125	249518	0.4107033325444107	0.41087192517714144	0.4031363779554862	6622	0.06356551855545703	0.06356551855545703	0
0.92578125	67096	0.07534622166502336	0.07536029988409165	0.25381355147254286	5404	0.05357414674275649	0.05357414674275649	0
0.98779296875	86182	0.11428062249464799	0.11475914641794603	0.2963519792377903	5962	0.04796710568683566	0.04796710568683566	0
0.9091796875	248810	0.3313145156850405	0.341966856900034	0.4390695956478901	6510	0.04798466339521706	0.04798466339521706	0
0.95458984375	62226	0.12963159458172727	0.1351451255581454	0.3010190998738379	5686	0.06707849825866374	0.06707849825866374	0
0.8515625	156934	0.3151470864975242	0.31417984808930993	0.36932916504317964	5728	0.06096384514387187	0.06096384514387187	0
0.9072265625	71652	0.07688733404125592	0.07764862673920007	0.2862804519817081	5326	0.02757494334107237	0.02757494334107237	0
0.94677734375	123232	0.17455751595762525	0.17720314745878635	0.3600491510564625	6402	0.06538322959841786	0.06538322959841786	0
0.96826171875	85372	0.08125612707491989	0.08096825037518347	0.3046885499122756	6140	0.04300852166589719	0.04300852166589719	0
0.98486328125	85348	0.0991074204403214	0.10059701371740457	0.32264395209699054	6402	0.02368578029820832	0.02368578029820832	0
0.99365234375	99014	0.20089486039966103	0.20301794273408796	0.32388725814357006	6262	0.054474206567060084	0.054474206567060084	0
0.97314453125	96984	0.08902765334144283	0.09500931064112013	0.32111083431617365	5966	0.0628212768437427	0.0628212768437427	0
0.97265625	52748	0.042283160650906856	0.052509606362923095	0.26349115480677454	5852	0.04853908677363967	0.04853908677363967	0
0.98486328125	79572	0.2592661724219974	0.2641349368082007	0.3126837166556257	6252	0.09787447509305623	0.09787447509305623	0
0.97265625	59510	0.14391630533943017	0.14497755337138168	0.2777773191057304	5878	0.06510419971103802	0.06510419971103802	0
0.98828125	83132	0.3035175587563495	0.3051329280599306	0.2998413181952358	5888	0.07913927583995531	0.07913927583995531	0
0.94775390625	64984	0.013754613108061793	0.017454244735502108	0.29763057727856773	5930	0.026194323602860187	0.026194323602860187	0
0.97265625	73406	0.02965882550305509	0.0317138233973067	0.28902423339959205	6094	0.030684901064947253	0.030684901064947253	0
0.98486328125	75670	0.028186775177549597	0.029341680339591933	0.27828115702230954	5904	0.04060529170230309	0.04060529170230309	0
0.97314453125	49774	0.06360703533653411	0.06520247552962713	0.26115026587998375	5690	0.029239743781920575	0.029239743781920575	0
0.9697265625	95134	0.017889854937104415	0.021929301681500056	0.3227760039146453	6208	0.03848074902693051	0.03848074902693051	0
0.97216796875	47004	0.15406856531044466	0.1625025340488303	0.26753134214880564	5786	0.0855958649360274	0.0855958649360274	0
0.92431640625	153940	0.33858531969372846	0.3452529450905048	0.3671258494604807	6214	0.11305290048170176	0.11305290048170176	0
0.89453125	161002	0.20484389793835955	0.20781812331681804	0.38880474336119547	6102	0.030591302059301887	0.030591302059301887	0
0.9619140625	87510	0.08554926134401845	0.08979739417187275	0.2984319103548283	5720	0.033987750841340904	0.033987750841340904	0
0.95458984375	87982	0.17723853250670274	0.1797473041968972	0.3570523081181176	6228	0.04891451179377865	0.04891451179377865	0
0.94091796875	191220	0.237818563548831	0.2368836822102754	0.3683895161320101	6176	0.07906450596057533	0.07906450596057533	0
0.9697265625	101656	0.06468279974889532	0.06528011420429425	0.32413933011150603	6192	0.0541691512481586	0.0541691512481586	0
0.9873046875	92968	0.1102420472927913	0.1134272312963738	0.3327407185862857	6354	0.040911252564931444	0.040911252564931444	0
0.97265625	66978	0.024307970767974703	0.027965159194511136	0.28336031053786254	6052	0.02354981570861445	0.02354981570861445	0
0.97265625	98958	0.1238046308076432	0.12623646155588647	0.33025549496616435	6172	0.04974399787304908	0.04974399787304908	0
0.9306640625	88084	0.22776963097309608	0.22688692338982866	0.3196080498451516	5696	0.060158275564260136	0.060158275564260136	0
0.93505859375	106460	0.2839001801947943	0.2836995927474823	0.3498763171521751	6128	0.0757472666265526	0.0757472666265526	0
0.8515625	61466	0.16613112852776785	0.17200603799224892	0.28941360955932927	5202	0.07456917525184248	0.07456917525184248	0
0.8515625	96452	0.10400220741926366	0.10621601465489253	0.34133011900638555	5788	0.03389565319473779	0.03389565319473779	0
0.9697265625	120000	0.15093501300121576	0.15502256977578596	0.37077019025579466	6656	0.04318087767265736	0.04318087767265736	0
0.923828125	64492	0.11090250458805503	0.11454390560603415	0.30625448535473776	5912	0.05218641180294464	0.05218641180294464	0
0.98779296875	38984	0.03478374348218583	0.03764713153967322	0.22300182144475666	5542	0.023591720270244816	0.023591720270244816	0
0.95458984375	241574	0.15505445865896472	0.15711744167197514	0.37605802515704906	6556	0.021210836616663745	0.021210836616663745	0
0.98779296875	71088	0.03399003178210489	0.03604679068192682	0.27878188199582093	5784	0.03158844356708201	0.03158844356708201	0
0.98779296875	76000	0.13803747359263127	0.1424055857230498	0.31453454510081197	6316	0.043805748814395834	0.043805748814395834	0
0.978515625	98150	0.16967097679286003	0.16895494004170872	0.35988474108727236	6600	0.03317000921780972	0.03317000921780972	0
0.9091796875	181150	0.2954294375945711	0.2966128977592674	0.40175078424521865	6454	0.09395866190356582	0.09395866190356582	0
0.93994140625	63328	0.20118132104767386	0.20673280824482682	0.2619591896378587	5214	0.09189590124120924	0.09189590124120924	0
0.9697265625	185598	0.2982156943354082	0.29882967433796753	0.37886669404325435	6772	0.1073459590526083	0.1073459590526083	0
0.962890625	70632	0.02399273609168058	0.02642150904061514	0.29332245782867644	5992	0.028163655331544017	0.028163655331544017	0
0.97509765625	80628	0.08159410869857206	0.08508613044991256	0.324084197611637	6234	0.055483645414600054	0.055483645414600054	0
0.93017578125	47036	0.01655304785540314	0.01961029548960084	0.26620931291569494	5524	0.019613401146267525	0.019613401146267525	0
0.9697265625	194794	0.13344235230378185	0.14082445050845957	0.3852010060372857	6516	0.03495877510030761	0.03495877510030761	0
0.9697265625	67622	0.007714916177158737	0.01011638000528401	0.2848711304729524	5978	0.01821768378880448	0.01821768378880448	0
0.96875	74728	0.12581693692988732	0.13153503876711123	0.341366300203879	6592	0.06907272656652913	0.06907272656652913	0
0.9384765625	109102	0.15862273656988823	0.1583631766697164	0.3492327214251592	6084	0.09047580141465753	0.09047580141465753	0
0.97265625	70714	0.17106150113045107	0.1728978224283061	0.33024644768952444	6282	0.07677922903976757	0.07677922903976757	0
0.92431640625	169140	0.28148687603595324	0.28741719517540637	0.38131680308046306	6244	0.04292788368118565	0.04292788368118565	0
0.97607421875	129834	0.3295081825946232	0.3155621080399835	0.3517368844860605	6434	0.07355037784311888	0.07355037784311888	0
0.91064453125	191700	0.3398462487416952	0.34214901599080916	0.38947245550353005	6334	0.0693327204842994	0.0693327204842994	0
0.92822265625	146042	0.17448607007316203	0.1782574359022003	0.32997508436870876	6014	0.06383122271493795	0.06383122271493795	0
0.98779296875	121182	0.15831506432149986	0.1603799355773142	0.3444386591148374	6534	0.0583207117892421	0.0583207117892421	0
0.96484375	83542	0.2714832553998849	0.2722782658529582	0.32172796404243387	5922	0.057895716237637	0.057895716237637	0
0.93408203125	88000	0.2451911747731973	0.24496761403907166	0.35952359957015495	6282	0.04553425276321736	0.04553425276321736	0
0.939453125	152570	0.09882801415337951	0.1004548112695827	0.3728854544203019	6460	0.030058606120048282	0.030058606120048282	0
0.92919921875	70078	0.05077636121704403	0.05364718714260873	0.25999368306128795	5514	0.05104540898478607	0.05104540898478607	0
0.9697265625	65012	0.02981533997779815	0.03464602750621894	0.2808352508548669	5910	0.04680627814673867	0.04680627814673867	0
0.98193359375	148198	0.33884867237687294	0.33878068781493365	0.3559150846138261	6412	0.0831264271970165	0.0831264271970165	0
0.96484375	59732	0.029433616984945878	0.03580375411757099	0.2755341348456818	5896	0.042134024398178566	0.042134024398178566	0
0.9697265625	76714	0.01619573919297488	0.01932831425596746	0.3036948329106371	6022	0.02660734639135374	0.02660734639135374	0
0.96240234375	69484	0.2278467598840978	0.22868559318970233	0.30096582178844516	5766	0.08212144724925663	0.08212144724925663	0
0.9658203125	40586	0.02985166055329459	0.03385092411342379	0.27490843113833296	5942	0.029176597061018352	0.029176597061018352	0
0.95458984375	58592	0.04109538424151693	0.043039551551736326	0.2981446485717048	6122	0.0438509106012391	0.0438509106012391	0
0.978515625	142074	0.23911918353188413	0.2438678852979954	0.36318337708059417	6574	0.08986747479346398	0.08986747479346398	0
0.95458984375	125394	0.141950779530873	0.14637582326406465	0.3623252795360599	6520	0.047238278771465546	0.047238278771465546	0
0.9697265625	67972	0.29185919692437445	0.2928582351556281	0.2962770815210493	5794	0.06265192765796668	0.06265192765796668	0
0.9912109375	70028	0.02813518768122135	0.0329584838179812	0.2976111035243372	6286	0.03357110303906501	0.03357110303906501	0
0.9755859375	74462	0.11671234739837115	0.11732155978158577	0.3143105290132188	6050	0.04044370458203674	0.04044370458203674	0
0.93994140625	143028	0.19636266267924019	0.20467761008707533	0.312725578626817	5796	0.09837377131619185	0.09837377131619185	0
0.92431640625	175870	0.22792198334730712	0.2289958593926371	0.3800714891393307	6332	0.08359433999666341	0.08359433999666341	0
0.98486328125	90852	0.08765246205478806	0.08895027819603071	0.32760377822397024	6266	0.04736799454573544	0.04736799454573544	0
0.9443359375	63756	0.021695464057132557	0.023801597241614528	0.26791468440320737	5678	0.02528647036662379	0.02528647036662379	0
0.9560546875	77158	0.019442314399369935	0.02416214354025842	0.32037009215567636	6210	0.04094607547274086	0.04094607547274086	0
0.939453125	105660	0.33098220057917077	0.33125779387424015	0.3308786805090507	5904	0.08455136690646298	0.08455136690646298	0
0.923828125	150198	0.38684925606193793	0.38258135546101224	0.36527127501419643	5966	0.08125420182209814	0.08125420182209814	0
0.9658203125	44908	0.09259839388740293	0.097150889384671	0.2322156564540007	5544	0.07973146173505966	0.07973146173505966	0
0.95361328125	74952	0.02014214628932735	0.022475668860093025	0.28995232085944594	5784	0.0342714777758515	0.0342714777758515	0
0.939453125	144228	0.32866649381766094	0.329402787664541	0.3377172751476507	5968	0.06662878063303788	0.06662878063303788	0
0.9697265625	124660	0.10061092674493569	0.10488565482270441	0.3606911845012306	6542	0.06144649760729481	0.06144649760729481	0
0.939453125	148456	0.27100381831893683	0.27238569274879676	0.3606756431017713	6292	0.06461771259003943	0.06461771259003943	0
0.974609375	177790	0.30468873594289775	0.3056014914492768	0.3612790060301479	6438	0.09762763300669156	0.09762763300669156	0
0.939453125	112204	0.19440270546968896	0.19709968778581527	0.3795235265670944	6404	0.060351990967000356	0.060351990967000356	0
0.919921875	171068	0.27036241163646596	0.2699880502696061	0.372667213132368	6166	0.06540932242554116	0.06540932242554116	0
0.939453125	173970	0.4373951108233596	0.4461513057303436	0.37615749684990624	6246	0.0679105063225812	0.0679105063225812	0
0.97265625	107496	0.0922962236462161	0.0948609198507383	0.3534156447285477	6598	0.03604242206494335	0.03604242206494335	0
0.9697265625	87560	0.13447580938628206	0.13585388402239737	0.3266050868876748	6286	0.07356170890275499	0.07356170890275499	0
0.97021484375	95708	0.05545376300022004	0.06042023504171026	0.3147170822066971	6132	0.05103358087945937	0.05103358087945937	0
0.92578125	99772	0.21247338481644965	0.21625400974172657	0.32242494980530934	5938	0.09511164159741284	0.09511164159741284	0
0.92578125	56840	0.05905820361384015	0.06029993395999632	0.2500686278756407	5304	0.06081490439727022	0.06081490439727022	0
0.9697265625	68064	0.02459054465064114	0.02610379077243109	0.30039955356545817	6138	0.02490589648222843	0.02490589648222843	0
0.97509765625	135870	0.009285031984231787	0.010368000315955446	0.31686141265836587	6212	0.02982361081542538	0.02982361081542538	0
0.98486328125	65052	0.04468688163503759	0.04698252487377639	0.28825091221728855	5952	0.045449109803269515	0.045449109803269515	0
0.92578125	163952	0.31799895798405375	0.31599332408212677	0.35588806236324255	6132	0.0885618969634616	0.0885618969634616	0
0.95751953125	128720	0.0837269792606309	0.08907354851454265	0.3680191342802163	6560	0.05585016717789465	0.05585016717789465	0
0.97607421875	68688	0.13366617133203842	0.13777555200476685	0.3040069295692264	6074	0.059282501840804434	0.059282501840804434	0
0.9423828125	63142	0.017481951158373546	0.020608278062283988	0.29650546460764454	5826	0.02419107571547681	0.02419107571547681	0
0.97314453125	83164	0.12052255036938504	0.11984700918877493	0.32259015681093856	6152	0.03375444559426431	0.03375444559426431	0
0.92578125	111874	0.16882981461937538	0.16811348273300497	0.3597984302955721	6222	0.04116870627604928	0.04116870627604928	0
0.98486328125	68552	0.03188925119909324	0.03435918025839417	0.2862250328896841	6068	0.01902711120009882	0.01902711120009882	0
0.97265625	85520	0.11690077076696388	0.1190319386111178	0.2953150149867049	5818	0.04070801834872202	0.04070801834872202	0
0.97314453125	161844	0.1789243111893035	0.1785814807968638	0.35030702647903694	6176	0.02388372214262862	0.02388372214262862	0
0.9697265625	80888	0.011029994171791676	0.013780462155824062	0.3203378372264564	6358	0.01347515845877358	0.01347515845877358	0
0.9697265625	87302	0.2870634573131471	0.290445918787116	0.3327407326971243	6062	0.08878201714889022	0.08878201714889022	0
0.98486328125	85488	0.19663664808706954	0.19990159695815116	0.3356730447370045	6458	0.04634954561954839	0.04634954561954839	0
0.9921875	86786	0.01596470407664048	0.01812596189794528	0.3176560484806088	6560	0.03793612243509644	0.03793612243509644	0
0.962890625	73544	0.044109928989480254	0.042990610674202345	0.28997614278245254	5996	0.03430285811647073	0.03430285811647073	0
0.86669921875	65372	0.06468688369453213	0.06715332360778577	0.28242544996769275	5474	0.06254145102538675	0.06254145102538675	0
0.95458984375	72318	0.2722086805991859	0.26099554741961306	0.3294603451416403	6186	0.08915999051701641	0.08915999051701641	0
0.95458984375	115186	0.11370902144055663	0.11365806920622397	0.3540128804410943	6324	0.07389338494626706	0.07389338494626706	0
0.9697265625	149746	0.19073959010962513	0.19214689885357839	0.37232151139876435	6322	0.057119655959829686	0.057119655959829686	0
0.94873046875	188384	0.18218986866095332	0.18173103332020443	0.3705935467193083	6580	0.07158005816527577	0.07158005816527577	0
0.89404296875	167852	0.32579416957562735	0.3361579320609898	0.38906875573622424	6074	0.09261827816461622	0.09261827816461622	0
0.951171875	83374	0.11907388823977687	0.12055533248103169	0.3265911620788203	5908	0.06864409945183943	0.06864409945183943	0
0.970703125	93724	0.18067145320505845	0.1799498562324251	0.3299658992118044	6154	0.0938948951551	0.0938948951551	0
0.94287109375	87842	0.19941756433522198	0.1995917700811228	0.3262677680978097	6248	0.08200906455069075	0.08200906455069075	0
0.92578125	55042	0.10683844882521473	0.1105675488326301	0.2875072410560479	5578	0.028734501822495248	0.028734501822495248	0
0.9248046875	159624	0.36595841596044504	0.3721539774022826	0.3893130488813141	6310	0.08759788807899446	0.08759788807899446	0
0.92578125	179306	0.23439513067272022	0.23802745524857885	0.3682045219391537	6568	0.08684454890836509	0.08684454890836509	0
0.947265625	251744	0.47476661334468684	0.47456042114742863	0.3967032884861245	6508	0.08450071299162185	0.08450071299162185	0
0.912109375	94800	0.2102523281166429	0.2146361346331145	0.352199923357113	5792	0.10697287514184957	0.10697287514184957	0
0.9560546875	76652	0.1660724664298089	0.1694835161087344	0.3017798057733673	6006	0.06341107033099973	0.06341107033099973	0
0.9775390625	86470	0.22861888960055035	0.2238565900254518	0.3249264288857196	6438	0.08479941255719219	0.08479941255719219	0
0.9697265625	85572	0.23596546085502706	0.24076773109080848	0.3420218043193817	6164	0.07837700568985427	0.07837700568985427	0
0.97998046875	87994	0.09365298010453424	0.09541155308520467	0.34463974162432365	6658	0.03705564467229197	0.03705564467229197	0
0.92578125	130418	0.002491983277654119	0.003630460358515023	0.3015098860579009	5684	0.019994410381707538	0.019994410381707538	0
0.98046875	165672	0.10293067340390612	0.10634582335475257	0.3551512813058486	6312	0.09288370838132179	0.09288370838132179	0
0.9755859375	105726	0.22249988084613936	0.22607649601937663	0.3468647878443479	6264	0.06890203282157673	0.06890203282157673	0
0.92578125	67796	0.1544122740783297	0.14896043942000714	0.3040165061660938	5702	0.09661488812883859	0.09661488812883859	0
0.9091796875	157758	0.30703141137394585	0.3114827313586841	0.37990520667552335	6098	0.06594335709083762	0.06594335709083762	0
0.939453125	61818	0.14679820654113232	0.15130829399347553	0.3002798235584639	5896	0.05793091014888615	0.05793091014888615	0
0.89990234375	57168	0.1425927053260486	0.1466613237331261	0.28994467213799435	5474	0.05159150831338679	0.05159150831338679	0
0.89892578125	111516	0.048593713153432	0.05253404918031389	0.33269884752803086	6090	0.03383805372835261	0.03383805372835261	0
0.99072265625	60132	0.1528095937008848	0.15307444284948057	0.28805385223331437	6070	0.045477177206500866	0.045477177206500866	0
0.9921875	60244	0.019199186460252465	0.0225582898782884	0.26590567224984346	5858	0.016036346270479396	0.016036346270479396	0
0.89404296875	207022	0.35437061537867076	0.3523595504250087	0.38044040158771547	6098	0.05794409640423335	0.05794409640423335	0
0.9921875	62160	0.11412968186640815	0.11800536059609625	0.27960704717441476	5960	0.04769226651166067	0.04769226651166067	0
0.8515625	73100	0.13715708785018074	0.1365640616429216	0.3233812813733465	5458	0.046389289183554665	0.046389289183554665	0
0.93017578125	159548	0.29132431943008613	0.29307969677949375	0.3601298843820819	6132	0.03844245913753923	0.03844245913753923	0
0.8515625	98696	0.061605184109089973	0.06768882974108088	0.3330069591276839	5722	0.06602058933321663	0.06602058933321663	0
0.9814453125	108020	0.20758695744406086	0.20925017312572997	0.33003049253175776	6330	0.07737414570284598	0.07737414570284598	0
0.95458984375	65882	0.031730291834113446	0.03691015921049613	0.29733596725177275	5954	0.033675867434091115	0.033675867434091115	0
0.9697265625	172448	0.16972622154205338	0.17371287444563793	0.364829089235039	6558	0.03426211618259854	0.03426211618259854	0
0.92431640625	195488	0.2549987321208182	0.25654223400590265	0.4105746548707973	6516	0.038829623739441696	0.038829623739441696	0
0.9501953125	81506	0.03199888158178488	0.035932706261828457	0.30357647480981914	5916	0.04106145438273048	0.04106145438273048	0
0.92578125	61388	0.06781033523627605	0.07128131690574313	0.2866693208590739	5742	0.06020905550595077	0.06020905550595077	0
0.8515625	58560	0.08049042875979817	0.08354083464675371	0.30686876379694533	5334	0.03415473826994556	0.03415473826994556	0
0.98486328125	91730	0.3530145382505826	0.35242859159258866	0.32976601036290953	6340	0.08688463900382978	0.08688463900382978	0
0.95458984375	155476	0.24198532780236304	0.2438319900947004	0.3684030125493298	6328	0.05181039956304561	0.05181039956304561	0
0.98486328125	129236	0.20880415387144266	0.21407357783841513	0.3323643829698499	6118	0.06642217395729613	0.06642217395729613	0
0.97705078125	162770	0.16098436407115357	0.16322032440078288	0.3542689858144088	6510	0.050066830874091785	0.050066830874091785	0
0.9775390625	51770	0.03456097561127151	0.03753006599330314	0.27002010059737863	5858	0.037651681480040014	0.037651681480040014	0
0.98095703125	124004	0.19858704416178932	0.1987038605250737	0.35995621698351926	6590	0.07693253746933366	0.07693253746933366	0
0.9560546875	57696	0.07513979711620261	0.07889521889046626	0.3049186022549952	5920	0.03374025732077791	0.03374025732077791	0
0.9091796875	146326	0.19521184141470582	0.19961744413590035	0.38074602711084954	6036	0.060446098869628505	0.060446098869628505	0
0.90087890625	118450	0.18798271115372717	0.189671644947027	0.3406795542217025	5860	0.05290635302680802	0.05290635302680802	0
0.98779296875	151918	0.12681792309577586	0.12898325282968096	0.3235381775577088	6282	0.04156140455168452	0.04156140455168452	0
0.92138671875	73752	0.14145706941213543	0.13752037827724745	0.32100769024597253	5704	0.05726047104694226	0.05726047104694226	0
0.96435546875	145200	0.2769512781430528	0.2743739556317942	0.35478065195043595	6474	0.08089077832423054	0.08089077832423054	0
0.9755859375	93254	0.06643073674248068	0.06890914485487502	0.3208407863305899	6174	0.04740206535993108	0.04740206535993108	0
0.95751953125	77444	0.049106736518519344	0.05029825432334757	0.2996026333763472	5956	0.04575996643400767	0.04575996643400767	0
0.939453125	150308	0.1874112125276344	0.19433355756294543	0.3883931964339049	6284	0.05345775613287225	0.05345775613287225	0
0.93115234375	146502	0.26068257509817283	0.2628186269169036	0.34073406351000385	5998	0.07508006951172984	0.07508006951172984	0
0.9091796875	87526	0.09371257745705895	0.09557587718385915	0.31864258406858786	5628	0.03420331886033105	0.03420331886033105	0
0.8515625	89482	0.22792056652769824	0.23062466658690403	0.35273314377998494	5946	0.09649801556638571	0.09649801556638571	0
0.931640625	99224	0.016402251655987573	0.018120654491045177	0.32574275868545716	6332	0.021674562812715112	0.021674562812715112	0
0.91064453125	62954	0.10635469339577622	0.11034809591343948	0.303194055068058	5654	0.0499797919031482	0.0499797919031482	0
0.92578125	59210	0.23010040789921482	0.22688192611653749	0.27429270786827853	5568	0.07795775049803239	0.07795775049803239	0
0.9697265625	108872	0.14147443095575615	0.14339715252039834	0.3219146981012568	6302	0.051360483350614924	0.051360483350614924	0
0.98486328125	115420	0.11493938717051927	0.12316523347231037	0.3342505510314322	6396	0.059786320969510344	0.059786320969510344	0
0.9091796875	89616	0.13173241729553786	0.1335649159415347	0.3489818891355141	6002	0.06949493944219605	0.06949493944219605	0
0.970703125	85582	0.19302836799835366	0.19744592720648327	0.33752848810646885	6288	0.0758071683762696	0.0758071683762696	0
0.92578125	148916	0.24768560883727597	0.2503748698739034	0.3537996908471672	6092	0.06273071984651386	0.06273071984651386	0
0.90234375	165698	0.2815193162642859	0.2826245552579905	0.3594772067287437	5930	0.08619868574259504	0.08619868574259504	0
0.92431640625	167886	0.33500383973887776	0.3272709163678352	0.3821905236764598	6196	0.08147008905592956	0.08147008905592956	0
0.9619140625	94148	0.08789517812791452	0.08900465371520526	0.3121854827402104	5968	0.03887663890980185	0.03887663890980185	0
0.92578125	65378	0.16030334565343635	0.16274858946405618	0.28967319491422483	5520	0.07231164728275502	0.07231164728275502	0
0.9404296875	153258	0.3206750600410953	0.32002140861411016	0.3180551456013428	5910	0.08408893703648194	0.08408893703648194	0
0.95458984375	103168	0.16669134209421735	0.168018759374522	0.3452160191877855	6212	0.09159502566579515	0.09159502566579515	0
0.9677734375	159446	0.14537914369668656	0.14864896365555202	0.33643951497910907	6574	0.05996582674571804	0.05996582674571804	0
0.97607421875	142596	0.045448504187152086	0.045410381075277874	0.3127515835291328	6186	0.03951103751519939	0.03951103751519939	0
0.970703125	223058	0.39643996259586317	0.39600235386961674	0.3706826273330172	6514	0.06666408713688785	0.06666408713688785	0
0.9638671875	71914	0.0852903686430983	0.08500810109209712	0.29156587618587626	6066	0.0805263579373274	0.0805263579373274	0
0.98486328125	154168	0.3583216363815664	0.3586903162675599	0.34998775306915914	6298	0.07200756330352617	0.07200756330352617	0
0.93408203125	106538	0.18501976485831376	0.1883802865271777	0.34195885534728315	5978	0.05840396778636134	0.05840396778636134	0
0.93017578125	158474	0.232866996590728	0.2357937475687102	0.362775021898033	5932	0.04289208414481215	0.04289208414481215	0
0.9072265625	78218	0.17218812062907743	0.1771274527540482	0.3076526750985075	5614	0.044089245520234084	0.044089245520234084	0
0.96435546875	90738	0.20931894264729214	0.21261394505759817	0.3521327474403934	6250	0.052842794265958185	0.052842794265958185	0
0.97802734375	67508	0.07715072458017636	0.08712738589422324	0.3138269788016906	6110	0.0778978656714586	0.0778978656714586	0
0.92578125	101996	0.052164772235135964	0.05416620234327482	0.3336234285141773	6270	0.059889785713833396	0.059889785713833396	0
0.92431640625	140678	0.26086580209853966	0.26527288799851534	0.3223482418762866	5986	0.054657297268754124	0.054657297268754124	0
0.9873046875	51730	0.0376539785108783	0.04312061772514773	0.253476098550133	5786	0.04259719342370811	0.04259719342370811	0
0.98779296875	50814	0.04152245045873842	0.04662932905726807	0.2597979492622714	5800	0.04353481294668688	0.04353481294668688	0
0.955078125	106896	0.11365672997284419	0.11504422554630134	0.3431368383157484	6282	0.03803372186049531	0.03803372186049531	0
0.9833984375	42132	0.07074860779964576	0.07580240210459602	0.24749320883326995	5836	0.053357953329938826	0.053357953329938826	0
0.96337890625	126550	0.17924080675539256	0.17846071744121	0.37190633307795634	6894	0.08234861856487724	0.08234861856487724	0
0.95458984375	99332	0.21041956239669604	0.21231680310107787	0.359475056349633	6374	0.07418822070655579	0.07418822070655579	0
0.955078125	77052	0.1307935999816703	0.13115869906583025	0.3142068166742464	5984	0.04061729326745514	0.04061729326745514	0
0.939453125	123278	0.17742093111791601	0.1826170281439419	0.3686538603610827	6270	0.08094978400109132	0.08094978400109132	0
0.955078125	76660	0.09480340004102777	0.09994461326861663	0.3253197232794253	6014	0.04654002152457899	0.04654002152457899	0
0.98974609375	76590	0.10340453246106235	0.10430836808336345	0.3395510408108167	6322	0.038064003988877965	0.038064003988877965	0
0.92578125	151020	0.4081755299017849	0.4071784690022351	0.3275869170057112	5812	0.07419357806752631	0.07419357806752631	0
0.9501953125	142818	0.1771698418158579	0.17865706164572218	0.36364555580802654	6182	0.04258853240895622	0.04258853240895622	0
0.92431640625	130840	0.18893876305720886	0.19396440995118572	0.3910077016471967	6642	0.03244717219363445	0.03244717219363445	0
0.9775390625	45446	0.0443712934012214	0.05076849718860783	0.2619786407920156	5794	0.04934640875351142	0.04934640875351142	0
0.9140625	79910	0.11733995486700077	0.11936345971073276	0.3054260022532012	5676	0.07778899631058556	0.07778899631058556	0
0.9697265625	82642	0.13199311592614985	0.1338243273102171	0.30384264175846837	5870	0.06588291754675239	0.06588291754675239	0
0.95361328125	144444	0.2750364089887256	0.2728733590957233	0.3705173911025574	6484	0.0996234518932986	0.0996234518932986	0
0.970703125	76844	0.02176050398510854	0.025645827288840628	0.29223452322125004	5870	0.04190362531499522	0.04190362531499522	0
0.9697265625	89950	0.1045359651614404	0.11096271883575705	0.3096019268418979	5932	0.043641077917403605	0.043641077917403605	0
0.98486328125	108318	0.18158137283640732	0.18374640917870097	0.3546717194052697	6542	0.04874238289816972	0.04874238289816972	0
0.98486328125	102164	0.17631359857932086	0.18195277458074544	0.3493138596584808	6432	0.061155694235515576	0.061155694235515576	0
0.98486328125	104140	0.07665431684762035	0.0774958913678588	0.3531790004268495	6598	0.052431905860291235	0.052431905860291235	0
0.8955078125	138752	0.38849954384944924	0.3873241043964749	0.3329104274426306	5546	0.0846127480571621	0.0846127480571621	0
0.9697265625	53438	0.008903960493228781	0.010491123438789005	0.2887074379008376	6018	0.01353640225591445	0.01353640225591445	0
0.9814453125	57690	0.2216722973610546	0.22250553836382841	0.27879499246820716	5966	0.07980240605354087	0.07980240605354087	0
0.92578125	118614	0.0886761628117587	0.09350077715632486	0.3211375482683806	6042	0.06217698475735413	0.06217698475735413	0
0.98486328125	60922	0.10678021401584563	0.11755951351869004	0.2926895341376307	6140	0.07009391457006403	0.07009391457006403	0
0.98779296875	74272	0.13303948746389974	0.13567005530829687	0.2783906342981496	5854	0.09249694159991531	0.09249694159991531	0
0.9580078125	57356	0.18199235405493774	0.1867238909493168	0.2813513104770708	5760	0.06766607152999374	0.06766607152999374	0
0.96337890625	45934	0.009959025921903713	0.013112866406222534	0.2534144025075483	5600	0.019590546029579305	0.019590546029579305	0
0.98486328125	111146	0.09954830096402033	0.10016161056507603	0.3604726733227543	6808	0.025231304734885246	0.025231304734885246	0
0.84423828125	61882	0.11801279335676672	0.12088382540366409	0.33044825124463045	5276	0.07817175855684733	0.07817175855684733	0
0.8515625	111660	0.17711774193043492	0.1809037031896072	0.3536473574018281	5676	0.06736976768724016	0.06736976768724016	0
0.97705078125	50580	0.16450358635316759	0.14893347955007202	0.28785239135710716	6006	0.07426974325798578	0.07426974325798578	0
0.9716796875	151356	0.33685132917133465	0.33690279235855414	0.34798220479776637	6632	0.07516264840550141	0.07516264840550141	0
0.8828125	63170	0.07486586567300312	0.08024236518964402	0.29336845981850296	5380	0.0661321368214086	0.0661321368214086	0
0.98486328125	74390	0.054184780824989745	0.06107786350841887	0.27229774414445257	5854	0.0634374796436527	0.0634374796436527	0
0.98486328125	84434	0.036279195920542504	0.04028893498856669	0.3154842411380717	6464	0.027326424881295955	0.027326424881295955	0
0.98291015625	98558	0.3880934793978975	0.3879738937632156	0.3401665781353864	6298	0.10158967711757916	0.10158967711757916	0
0.9814453125	82242	0.09676915596809021	0.09796768546691666	0.2873597477563634	5998	0.08474822971122148	0.08474822971122148	0
0.95458984375	187156	0.43025830351097855	0.4292423140081731	0.40840290658979916	6546	0.0646512430758147	0.0646512430758147	0
0.91064453125	99446	0.17322583516626713	0.17736005709501407	0.33483553008242106	5586	0.07753555910784886	0.07753555910784886	0
0.978515625	128860	0.10446036071023768	0.10765713781638445	0.3514675421435181	6730	0.05252188470278618	0.05252188470278618	0
0.9169921875	124900	0.3209765162207799	0.30739975734232494	0.35645487536144144	5896	0.12200693516872253	0.12200693516872253	0
0.982421875	51052	0.24301913680539788	0.23350062004479327	0.2951896226985132	6168	0.07894024564255471	0.07894024564255471	0
0.98095703125	83188	0.16474845922209216	0.16454717396791751	0.32701586490728224	6290	0.09251529497377135	0.09251529497377135	0
0.94287109375	84142	0.1522675918454627	0.1517661308792607	0.3220044493469902	6100	0.062191129740610446	0.062191129740610446	0
0.96630859375	50314	0.018598700481262474	0.023002152047649625	0.2718003694141336	5846	0.018941417899693596	0.018941417899693596	0
0.89404296875	145390	0.22019289719187682	0.2236017803746516	0.3597663752038049	5830	0.055273360094724236	0.055273360094724236	0
0.9697265625	155414	0.39748369240929726	0.4033666971921566	0.35299060745170746	6380	0.060553829160701615	0.060553829160701615	0
0.9521484375	96044	0.12638788734705605	0.12576475364587134	0.3373328025472982	6428	0.0347503147676339	0.0347503147676339	0
0.98046875	60720	0.046465617288358706	0.050543280993990115	0.2796343680606204	6008	0.05110030744648622	0.05110030744648622	0
0.9697265625	128354	0.036606894119200026	0.034321932937857846	0.30314582016317443	5986	0.026182241024516193	0.026182241024516193	0
0.97265625	80668	0.13469921559494863	0.14177211181588237	0.31004731099386224	5952	0.06308674124903031	0.06308674124903031	0
0.97265625	162724	0.17493367597948437	0.17569337055509057	0.3756311778095502	6386	0.07586295878563452	0.07586295878563452	0
0.91064453125	163188	0.3274716874281369	0.3308251533679392	0.37901475340474916	6234	0.06851603760708211	0.06851603760708211	0
0.92578125	50492	0.07198366260279265	0.07334686963871836	0.2663239698108473	5200	0.016642767304290138	0.016642767304290138	0
0.939453125	84758	0.10926542252413568	0.11051452886281429	0.3226345043031946	5974	0.04127378454087667	0.04127378454087667	0
0.96044921875	93532	0.019598972828944697	0.0221044970907509	0.33619632403637567	6326	0.04090723083850024	0.04090723083850024	0
0.96923828125	126344	0.1748351748283156	0.1838995557097422	0.35544607900339953	6344	0.08534674784370644	0.08534674784370644	0
0.97607421875	83726	0.08896127216231604	0.09165797274796651	0.3100719093166726	6192	0.039751953610446096	0.039751953610446096	0
0.9267578125	101082	0.09731282333197706	0.1007713411269121	0.3319885838054593	6068	0.0458907563921166	0.0458907563921166	0
0.9619140625	57922	0.11363135547569264	0.12033109606952992	0.3102852101449921	6248	0.07170650200509172	0.07170650200509172	0
0.98486328125	98546	0.1461586323350071	0.14532825296593616	0.31973237676623895	6218	0.0452321522532842	0.0452321522532842	0
0.95556640625	150440	0.30653428719202763	0.30866434837581735	0.3587266425771798	6158	0.06374207962092156	0.06374207962092156	0
0.92578125	70454	0.10261043539781023	0.10646916498639647	0.31979520171431103	5872	0.030946249887948356	0.030946249887948356	0
0.98486328125	163462	0.23274396449937115	0.23031558711560585	0.3571073972091115	6528	0.06380716052203152	0.06380716052203152	0
0.939453125	79414	0.23416752871706806	0.23634989752171492	0.31830737798337144	5770	0.07649518493138768	0.07649518493138768	0
0.97021484375	182696	0.06497035360690823	0.06993301148850885	0.36896101642026546	6676	0.04859749318140815	0.04859749318140815	0
0.96923828125	78600	0.11077157152717872	0.12076210301669309	0.3240005733366187	6258	0.09430442400070073	0.09430442400070073	0
0.98779296875	70790	0.026713818404924185	0.029788895260712697	0.27243744463490865	5894	0.025836978295618	0.025836978295618	0
0.98486328125	68588	0.2459128641267423	0.24698699217744696	0.3076831912523997	6202	0.0924664607829377	0.0924664607829377	0
0.8935546875	186994	0.2750873687859967	0.27941889250940793	0.4003377422653414	6386	0.09806184111868585	0.09806184111868585	0
0.97265625	124306	0.10123629777782484	0.09944725669823609	0.3243290855935311	6172	0.05646967659545058	0.05646967659545058	0
0.9267578125	56150	0.03422740478304496	0.038124031497683834	0.26708621878435773	5440	0.0359475230030187	0.0359475230030187	0
0.939453125	68186	0.04071889592610269	0.04416358218420904	0.33983889562418507	6140	0.02973117633368884	0.02973117633368884	0
0.98779296875	161990	0.2809601298024772	0.2846426570159649	0.3498358443261995	6404	0.06953757577005473	0.06953757577005473	0
0.92578125	55114	0.05597672216097844	0.061140792347945706	0.295931889875985	5386	0.043900553335822504	0.043900553335822504	0
0.9697265625	172416	0.3873646582048912	0.3903005096353463	0.3689012860472729	6370	0.07445601635149443	0.07445601635149443	0
0.9453125	190974	0.33260256417209133	0.3351475648627634	0.38585034182540406	6562	0.08231445386780543	0.08231445386780543	0
0.84765625	80964	0.09519779522334011	0.09933290500543077	0.2967449522291454	5304	0.04544508672259379	0.04544508672259379	0
0.97998046875	67778	0.10225460615651814	0.10889258858719185	0.31250554496939553	6098	0.06760793011966905	0.06760793011966905	0
0.96044921875	246816	0.321883411638776	0.3224282882990924	0.40557090815876906	6812	0.10273750291929315	0.10273750291929315	0
0.970703125	91362	0.07105126285407193	0.07329907646363919	0.309845836343483	6034	0.08192857527048822	0.08192857527048822	0
0.95458984375	169766	0.2801023802658222	0.2824522039197458	0.3932244383744759	6500	0.062053295857234445	0.062053295857234445	0
0.92578125	141254	0.14134158570391608	0.14181976251696446	0.3205475139843038	5774	0.061998420265477056	0.061998420265477056	0
0.8515625	86600	0.21848852755522113	0.21577536482499649	0.3156534253094429	5582	0.07397775289733165	0.07397775289733165	0
0.95361328125	102186	0.12931419487674378	0.12646790054027063	0.33837448679415544	6356	0.047668120204887685	0.047668120204887685	0
0.96630859375	65836	0.006342775924751951	0.007839593124262339	0.26045659823263667	5714	0.008683832968360644	0.008683832968360644	0
0.93408203125	86716	0.13492953877050223	0.1366601613960033	0.315712451139846	5878	0.08142635768417485	0.08142635768417485	0
0.92431640625	131216	0.17738029016769172	0.18388386203474133	0.3578563307507836	5856	0.05011720600376636	0.05011720600376636	0
0.97509765625	86920	0.04793624169935225	0.04805895571668862	0.30419691003103866	6228	0.027636299758570036	0.027636299758570036	0
0.91064453125	71344	0.06712446585087657	0.07161574435021871	0.3033729636556452	5740	0.08334475527025179	0.08334475527025179	0
0.98046875	108870	0.12295859793539503	0.12679966696708395	0.3416388397507599	6334	0.045491475571169386	0.045491475571169386	0
0.9697265625	150734	0.3644554543475547	0.36028907729649484	0.33751776321360877	6340	0.057793798289000824	0.057793798289000824	0
0.9072265625	53242	0.06375819460914002	0.06645299398353566	0.2716903284343283	5490	0.06284506205631515	0.06284506205631515	0
0.8515625	45278	0.07492756612959932	0.08532120363902643	0.27139415524694505	5272	0.05595685181924634	0.05595685181924634	0
0.87890625	140610	0.1868653349751903	0.1940103556720818	0.3934340875808604	5780	0.04162065430806861	0.04162065430806861	0
0.97998046875	127138	0.12634643518971442	0.12819006334513	0.35895797047536154	6386	0.031009268703178685	0.031009268703178685	0
0.9501953125	132576	0.10508168307842006	0.10990790450843899	0.36214969775353384	6518	0.08185356665102052	0.08185356665102052	0
0.92529296875	102018	0.33494476246491406	0.3334765282674053	0.33352981357541794	6276	0.07504209201001778	0.07504209201001778	0
0.958984375	69404	0.143246592815587	0.1444871610511756	0.28851148239843666	5864	0.09421290665509119	0.09421290665509119	0
0.96630859375	93930	0.009212221187779913	0.011075914623681906	0.34058164674503066	6520	0.02626166442920211	0.02626166442920211	0
0.978515625	71848	0.03884579006557041	0.042212618748833336	0.2844688150919285	6184	0.029295132231705844	0.029295132231705844	0
0.98046875	91874	0.008653565157064632	0.01105524073296878	0.29743456554214626	6072	0.035806695047135094	0.035806695047135094	0
0.98486328125	88952	0.01607924263854995	0.0181692299343187	0.317902015463777	6522	0.0262806482629207	0.0262806482629207	0
0.9775390625	77182	0.25693646095149003	0.2606184965524717	0.3200735160533261	6330	0.06705203385913204	0.06705203385913204	0
0.955078125	100926	0.13041488631029244	0.13370240653694598	0.3154426578813175	6062	0.06390723292803563	0.06390723292803563	0
0.92578125	46672	0.05086724498061201	0.05795735997020619	0.2617265125367299	5366	0.0527526802913269	0.0527526802913269	0
0.92578125	125350	0.14572035955247079	0.14689812069795097	0.32543929024980084	6006	0.06159702600576358	0.06159702600576358	0
0.92431640625	82356	0.07231090785794134	0.07378444133340104	0.3370025114210345	5954	0.033170999665214	0.033170999665214	0
0.9765625	112128	0.1483886900699783	0.1479958085235773	0.32441082757818945	6252	0.054406947360350844	0.054406947360350844	0
0.8671875	123668	0.3387709421279026	0.3414030506683054	0.3163924555225773	5560	0.07457127844999528	0.07457127844999528	0
0.9716796875	126552	0.21439128552311368	0.21665306193298806	0.37198262102127894	6520	0.062098436487674775	0.062098436487674775	0
0.9697265625	83500	0.1144689917732458	0.11727955833927564	0.32589293948387205	6210	0.056715973794176276	0.056715973794176276	0
0.98486328125	88930	0.07017166741752401	0.07352484314039756	0.3164107781251262	6356	0.07165786962406548	0.07165786962406548	0
0.95751953125	121492	0.31994903916739104	0.3182883075717263	0.34404836628015284	6126	0.11057265004495287	0.11057265004495287	0
0.9697265625	90794	0.3166712170156641	0.3093208983328342	0.3527610220391637	6542	0.09081806704066117	0.09081806704066117	0
0.9501953125	113092	0.05176878393601104	0.050367867232797056	0.317424904254159	6098	0.04483254989417957	0.04483254989417957	0
0.98486328125	66920	0.047742850245704245	0.05077670700939006	0.30526943237923415	6248	0.02401128781955563	0.02401128781955563	0
0.9453125	224210	0.3972510841335012	0.40274984992527485	0.3599321065506758	6420	0.06106081624582389	0.06106081624582389	0
0.96142578125	161220	0.4218587341705018	0.42262060163028964	0.3352828961269416	6066	0.08564401824231452	0.08564401824231452	0
0.98486328125	193384	0.20086388234633917	0.20085405106208432	0.36450236840611044	6610	0.06397791062457264	0.06397791062457264	0
0.84130859375	81382	0.10406253259417204	0.10531887692951361	0.3275114005843767	5254	0.06466832281359865	0.06466832281359865	0
0.939453125	133664	0.2345751961235372	0.2375381482527767	0.34517475210460136	5776	0.043278767128098625	0.043278767128098625	0
0.8515625	43722	0.086900659474933	0.08288321778179793	0.27356849370764763	5472	0.06889719007301093	0.06889719007301093	0
0.98486328125	72162	0.031107743672196514	0.03403437673834799	0.27245665832185234	5892	0.026754402433170007	0.026754402433170007	0
0.96533203125	106396	0.10062677423264789	0.10608096092472008	0.3334868328536344	6338	0.04940504139224361	0.04940504139224361	0
0.94287109375	84576	0.10253470801814202	0.10150968447966453	0.3154288762886377	5882	0.04835969794901063	0.04835969794901063	0
0.92578125	63430	0.13619151818521652	0.1374894366199712	0.33576039452289486	6046	0.05104123906142984	0.05104123906142984	0
0.9091796875	147746	0.2610109815864279	0.26273193235443837	0.3784566970198624	5808	0.05970811334397242	0.05970811334397242	0
0.9697265625	216452	0.5711944061549313	0.5680682438306878	0.373037836150212	6352	0.09059099605536865	0.09059099605536865	0
0.96875	130906	0.21936951068366345	0.22349679502262343	0.3540135715199974	6226	0.07818678889474406	0.07818678889474406	0
0.9697265625	98652	0.07208108338888942	0.0741110002606237	0.32888907945135554	6158	0.031397422247404674	0.031397422247404674	0
0.95458984375	80900	0.19878488213511727	0.19630379757570912	0.32880775776070476	6278	0.057517957909982806	0.057517957909982806	0
0.95068359375	81472	0.039167155052401204	0.04020076258368837	0.2922576923441124	5886	0.039070412372880475	0.039070412372880475	0
0.984375	84030	0.2666964206605665	0.25956566055166047	0.3154731770153333	6126	0.09539961211779732	0.09539961211779732	0
0.96923828125	171068	0.1789228666136736	0.1821343371654385	0.38460395810677905	6548	0.05538985802890307	0.05538985802890307	0
0.99267578125	84824	0.12973011144771365	0.13328267566399615	0.3236379813726061	6346	0.053510685292150605	0.053510685292150605	0
0.97900390625	81346	0.1951114519130752	0.19516978248225123	0.3265922176035719	6160	0.051998036057820864	0.051998036057820864	0
0.97265625	66556	0.13424172243915142	0.1409934446426543	0.3077450209882104	5992	0.04779937911029573	0.04779937911029573	0
0.8515625	90868	0.015213381450494022	0.016492594142939816	0.31995156958104337	5494	0.029031960675118602	0.029031960675118602	0
0.9814453125	99862	0.12190022749263213	0.12458336588922096	0.3082531908988772	6168	0.04286373533906429	0.04286373533906429	0
0.9423828125	120140	0.10891485712953253	0.11209298699121543	0.35146687582990915	6392	0.035162974084110135	0.035162974084110135	0
0.9697265625	164604	0.26262568143828374	0.266564103795923	0.39256336376791995	6650	0.05367911626488071	0.05367911626488071	0
0.9697265625	86772	0.042391315787886	0.048758688090348036	0.30449750520966007	5910	0.07937869449732152	0.07937869449732152	0
0.9619140625	100792	0.12056839141334376	0.12436447076521653	0.31404067199442814	5972	0.047836089625825466	0.047836089625825466	0
0.88330078125	110586	0.237947462181025	0.24131716392472294	0.367713438460358	5866	0.059682456188176226	0.059682456188176226	0
0.9755859375	59958	0.03615145945194993	0.03729848475760188	0.29590155505451593	6290	0.023814722827287655	0.023814722827287655	0
0.96337890625	74628	0.14653851109034735	0.15238099809265218	0.31451151628768553	5982	0.07717513713268724	0.07717513713268724	0
0.9697265625	136014	0.3135546733259928	0.31450313226090876	0.31410477553524163	5990	0.09665204631972345	0.09665204631972345	0
0.939453125	91708	0.18918191955479835	0.19227300550746979	0.35322854586603675	5986	0.04991662764585942	0.04991662764585942	0
0.92578125	75984	0.011342165895841196	0.015548228453101063	0.3185833377647823	5974	0.017753802305053513	0.017753802305053513	0
0.9658203125	63902	0.036191295371331145	0.039113184791745234	0.2829303994217046	5956	0.029819455491714178	0.029819455491714178	0
0.97265625	99242	0.08020618089103122	0.08557476069782403	0.3195951590802761	6226	0.04947710077660381	0.04947710077660381	0
0.98486328125	73504	0.02083024069411522	0.024614514290485074	0.30093684122866143	6338	0.038294047159107954	0.038294047159107954	0
1.0	61842	0.04187955844696753	0.047459769256426566	0.27330432407869776	5980	0.04520641151472194	0.04520641151472194	0
0.98486328125	165770	0.19251644972357737	0.19286827589429484	0.3645276879611348	6702	0.04078570887845371	0.04078570887845371	0
0.95458984375	85408	0.1473066125637329	0.1519896565857338	0.32940942146209207	5942	0.06961162499791605	0.06961162499791605	0
0.865234375	74138	0.09412466223295057	0.0977621178928793	0.3084249409358711	5350	0.05802405372431094	0.05802405372431094	0
0.98486328125	114056	0.13870249291038267	0.14319942211472392	0.35581286526288275	6456	0.0561419361558545	0.0561419361558545	0
0.92578125	102904	0.0023087665184259505	0.0020734596993065087	0.3041339403151689	5726	0.005430640243902439	0.005430640243902439	0
0.8984375	72352	0.13418840133549945	0.13476555945658322	0.3193439374923124	5826	0.0794649027087558	0.0794649027087558	0
0.92578125	145056	0.18307933111112062	0.18601387818696716	0.3887570000593908	6400	0.041263978734386045	0.041263978734386045	0
0.955078125	72984	0.07533655700161014	0.0802997192333276	0.2974897147851613	5826	0.056210149432858084	0.056210149432858084	0
0.8935546875	99200	0.14551439832626964	0.14800550909791121	0.3671157036065757	6140	0.04288426623823116	0.04288426623823116	0
0.92578125	86876	0.1071691984862675	0.10776033973727774	0.31308153713864895	5816	0.08014291074080801	0.08014291074080801	0
0.98779296875	67278	0.043889723025664476	0.0475613603664022	0.29467415791155926	6338	0.04697727556693714	0.04697727556693714	0
0.962890625	64682	0.03765864423043339	0.040364636379081886	0.28259367256386686	5906	0.044146868901484775	0.044146868901484775	0
0.98486328125	81270	0.11549613280832544	0.11613897160628826	0.31739731873421345	6232	0.044381377067270585	0.044381377067270585	0
0.87939453125	100420	0.1091592961110925	0.11250077546863527	0.3392520762013815	6022	0.06943650478810708	0.06943650478810708	0
0.92578125	66362	0.22085179017414225	0.22373151554065013	0.3129852178145125	5926	0.08457067937161408	0.08457067937161408	0
0.96044921875	55638	0.0459571747549509	0.048525014455227014	0.2741069398850424	5858	0.03308232507715158	0.03308232507715158	0
0.92578125	110918	0.18615507843710094	0.19228944321821917	0.33594194311115017	6064	0.07462452738685514	0.07462452738685514	0
0.8515625	150830	0.0835448999688863	0.0851426317974776	0.3250180020035878	5482	0.038081220426238176	0.038081220426238176	0
0.97216796875	77246	0.05195244223649789	0.052624146922769705	0.32433905282854847	6544	0.05353979644165105	0.05353979644165105	0
0.92431640625	70046	0.10439381807665611	0.10671420142707695	0.335113571087986	6050	0.035049201600725485	0.035049201600725485	0
0.96044921875	65222	0.058956872221441844	0.062268278756783174	0.296746404092678	6042	0.06060636776097303	0.06060636776097303	0
0.923828125	69126	0.10311926081779837	0.10520184552505349	0.28455705396752184	5464	0.05050268547027448	0.05050268547027448	0
0.90576171875	130718	0.034708437608255975	0.036813244916255886	0.34376068704770774	5944	0.024056265487682974	0.024056265487682974	0
0.95458984375	84036	0.17576960744971237	0.17757345100862384	0.3370109599284401	6216	0.0866388747606339	0.0866388747606339	0
0.97314453125	132678	0.21926393864964439	0.21777040956024113	0.3426121780255105	6224	0.0540659053846394	0.0540659053846394	0
0.98583984375	119304	0.15693010170187935	0.15895245789110873	0.34051867219627124	6554	0.06368900949605005	0.06368900949605005	0
0.97900390625	84380	0.04209402120642707	0.0469724311981327	0.33106340598774814	6312	0.028620298474178872	0.028620298474178872	0
0.93896484375	177358	0.35134638872835827	0.3515174584618626	0.3946074073685593	6538	0.08677548467286808	0.08677548467286808	0
0.98828125	57802	0.07104961545878048	0.07339983180118291	0.3067115810371038	6228	0.030314642833447245	0.030314642833447245	0
0.8515625	60788	0.037719895476264906	0.043696583040339736	0.292922039459805	5338	0.05090662213285212	0.05090662213285212	0
0.97314453125	100744	0.0420814948366748	0.040801936543386354	0.3183875212870064	6268	0.04854656265390566	0.04854656265390566	0
0.86376953125	135564	0.27103242844018216	0.27759191355285795	0.36866525187106297	5472	0.06539034905169736	0.06539034905169736	0
0.95166015625	60664	0.04716461687202307	0.04726672951887991	0.2935859585732533	5912	0.042466082235219	0.042466082235219	0
0.95263671875	176926	0.12235690235672618	0.12334433814214053	0.3603299265771178	6436	0.0626470634814592	0.0626470634814592	0
0.90380859375	79794	0.09473635288519147	0.09861271711214577	0.33452040187573523	5876	0.05519193615522244	0.05519193615522244	0
0.98486328125	80430	0.07264385274881244	0.07612277262385053	0.30917315039253	6162	0.024865009240009242	0.024865009240009242	0
0.97998046875	78696	0.03811390873349161	0.03945880679322696	0.3187639014704462	6330	0.027130416201778935	0.027130416201778935	0
0.9326171875	152784	0.3393907040114966	0.3393958482897934	0.342516791431875	5986	0.07412834080748822	0.07412834080748822	0
0.94580078125	103992	0.3059513486745398	0.3062909581889861	0.336019114956761	5998	0.07958630045074298	0.07958630045074298	0
0.939453125	84782	0.2726337890693734	0.27808279700642496	0.32616548172050247	5866	0.08847958111518694	0.08847958111518694	0
0.98193359375	173454	0.27884334797086724	0.28537713235657375	0.37536604691184156	6902	0.05235365948153392	0.05235365948153392	0
0.98046875	83956	0.21223407839917693	0.21199825165127495	0.3308408696363105	6138	0.057444133632268184	0.057444133632268184	0
0.95751953125	235868	0.4144882358478298	0.41713836588508724	0.38372682950849685	6682	0.08459595609085052	0.08459595609085052	0
0.9091796875	165038	0.18745531690527303	0.1907071404061506	0.3888297990794949	6032	0.057515200835331654	0.057515200835331654	0
0.91455078125	66350	0.23360299474427293	0.23562981685845902	0.30082477678143665	5740	0.0520840221821085	0.0520840221821085	0
0.97998046875	72080	0.29519838399616893	0.28505051549269694	0.30862250066400404	6246	0.0824219872995175	0.0824219872995175	0
0.9462890625	108436	0.07359046821400819	0.07575207017213993	0.3481952340453109	6358	0.06977513133711649	0.06977513133711649	0
0.9609375	63406	0.12941824579130976	0.1299893510007151	0.2680623171719733	5402	0.0355725401943013	0.0355725401943013	0
0.986328125	72624	0.06440916746223688	0.0730688900604399	0.2912403157456883	5830	0.048173575563679065	0.048173575563679065	0
0.95751953125	90854	0.27483005424881285	0.2764075515303944	0.33376911926247027	6046	0.08800718990742071	0.08800718990742071	0
0.89404296875	148088	0.213482754734512	0.21343366078114906	0.379989792272345	5988	0.07474222636265106	0.07474222636265106	0
0.97021484375	52832	0.06830327348654695	0.06756848104766487	0.2830274926775042	6100	0.06569273610555444	0.06569273610555444	0
0.97265625	156180	0.13962259893204065	0.13636919297164457	0.3504613578123445	6430	0.06832639236345874	0.06832639236345874	0
0.92578125	75732	0.03092132048812079	0.036862277895430236	0.3065758726566573	5978	0.050098246336262905	0.050098246336262905	0
0.9150390625	65436	0.3789026006862602	0.3620406516822852	0.3212304050426983	5736	0.11182425634597382	0.11182425634597382	0
0.96435546875	84704	0.05078490627052621	0.0522515319089575	0.28246096597365156	5758	0.04027393433969573	0.04027393433969573	0
0.98486328125	173662	0.3007241141950252	0.3037672866026255	0.3606048662623628	6564	0.07632537330913365	0.07632537330913365	0
0.94140625	66292	0.09530769222937191	0.09844763258187564	0.31799333096828786	6082	0.05598162476886155	0.05598162476886155	0
0.92724609375	107238	0.18312770123552324	0.18647590157667254	0.36861238723523426	6040	0.0780251432345829	0.0780251432345829	0
0.939453125	167266	0.12330453469110064	0.12916585373810077	0.3876396456768181	6710	0.05916702467639892	0.05916702467639892	0
0.9736328125	154370	0.17006432102007835	0.17165659024958405	0.35588765016466034	6170	0.029855776799733953	0.029855776799733953	0
0.92578125	64398	0.046290295442474524	0.05356789877765988	0.28790809736625467	5772	0.05492845498322327	0.05492845498322327	0
0.9921875	50806	0.04401515827275	0.050556957140159925	0.28878998433066877	6328	0.04731625542388446	0.04731625542388446	0
0.9580078125	155296	0.2715688647318689	0.2706317147153635	0.3534454122845252	6158	0.07271431221592885	0.07271431221592885	0
0.9365234375	111080	0.1036652454462172	0.10988203578064884	0.3598327265086368	6510	0.04730730979689471	0.04730730979689471	0
0.95458984375	76044	0.17203353034437932	0.17334150197512874	0.3445256367205222	6366	0.0986459102368095	0.0986459102368095	0
0.96533203125	64456	0.142591534699799	0.14507372841715696	0.28981921674396754	5674	0.05475968708357991	0.05475968708357991	0
0.994140625	50290	0.01811099053192618	0.02076173529683408	0.2972198366286977	6346	0.021380103210833338	0.021380103210833338	0
0.92578125	70150	0.07142270125596187	0.0732704584707024	0.30869388805346615	5798	0.027886422941534605	0.027886422941534605	0
0.9599609375	96678	0.09227786561218046	0.0962852628031479	0.3302507536584843	6156	0.049360931211948886	0.049360931211948886	0
0.92578125	110088	0.1487483980909166	0.1533165274065083	0.3433931300062438	6304	0.06375842701452368	0.06375842701452368	0
0.95458984375	71908	0.043873089688187795	0.048541660656766766	0.3298635528896842	5998	0.045147465568258494	0.045147465568258494	0
0.9755859375	123280	0.25142619708381686	0.25434881126175446	0.36710618591816785	6642	0.08047904846719887	0.08047904846719887	0
0.92578125	116490	0.1287510989807431	0.13206844237248966	0.3406970998317997	6052	0.061769616802285994	0.061769616802285994	0
0.95458984375	132806	0.20565350219158518	0.20965012119678508	0.34424073036520325	5946	0.05085624502394801	0.05085624502394801	0
0.99072265625	81676	0.038081422665365725	0.035132577884449685	0.2945029052596875	6050	0.05430608129868731	0.05430608129868731	0
0.98486328125	106172	0.01662932158716211	0.019187651687783226	0.31123970862313155	6246	0.027430413901450484	0.027430413901450484	0
0.97607421875	100602	0.1729033652234841	0.17866078697876248	0.34101846816699505	6410	0.09269641883113593	0.09269641883113593	0
0.96044921875	154562	0.25124427497759555	0.2524243988673879	0.37103914081370526	6526	0.06665345057182734	0.06665345057182734	0
0.98193359375	87692	0.1463885642637209	0.14938467531626698	0.2964285068874233	5806	0.0781163883868373	0.0781163883868373	0
0.943359375	105464	0.05967257172627756	0.0630589243239588	0.3245220309407421	6044	0.05415091775552455	0.05415091775552455	0
0.8515625	62324	0.1547203452586736	0.15548598949867407	0.27582961384478394	4926	0.05386239104272304	0.05386239104272304	0
0.9755859375	150338	0.0207139105631168	0.022612730131604662	0.29943635388471357	5938	0.048597696271413256	0.048597696271413256	0
0.9580078125	103974	0.17296467584855388	0.17622865046574257	0.33644420837744454	6332	0.06410986962105973	0.06410986962105973	0
0.8515625	124512	0.17686349534657986	0.1822482308131483	0.2970439212162787	5210	0.134281248839054	0.134281248839054	0
0.95751953125	113902	0.050151026875101985	0.05498956288291065	0.36977894094686037	6580	0.05581512453627672	0.05581512453627672	0
0.8515625	41552	0.05947995860255282	0.06018467608618618	0.265270420975048	5294	0.04387996445996827	0.04387996445996827	0
0.98486328125	125336	0.04275745625421972	0.045299365660871775	0.33291868021149534	6528	0.0459461243768309	0.0459461243768309	0
0.94189453125	88656	0.07146613350882548	0.07644356779287996	0.3194655287724789	5980	0.03411180589033333	0.03411180589033333	0
0.98779296875	55032	0.13774189702795545	0.1344867768362338	0.26060859295409056	5956	0.057662475273726366	0.057662475273726366	0
0.98486328125	97912	0.1106685229662039	0.11581129140958983	0.31908404511864796	6156	0.043266071957767396	0.043266071957767396	0
0.927734375	60364	0.07676732415153179	0.0821271799903996	0.2965682257577487	5828	0.07586891749954079	0.07586891749954079	0
0.9697265625	85056	0.21291945580956115	0.2158241153382973	0.31723671980199897	5884	0.07087574309979278	0.07087574309979278	0
0.94287109375	71048	0.15958804208214197	0.16526628821356185	0.32054049760737857	5956	0.07566426184457878	0.07566426184457878	0
0.9453125	62500	0.20168264177287853	0.200663133737833	0.3293144764418318	6232	0.09190703172686801	0.09190703172686801	0
0.91064453125	146802	0.2795303697143782	0.28616453481377774	0.32193587070854923	5652	0.06688180323916272	0.06688180323916272	0
0.89697265625	154214	0.25403116883658705	0.2586605193652727	0.3520086794395097	5940	0.07776389983251127	0.07776389983251127	0
0.97216796875	87344	0.2319084079453953	0.23487285157022497	0.3289917950097104	6118	0.05369561749736655	0.05369561749736655	0
0.97265625	142240	0.23888557497107546	0.24320226828889693	0.39207011102718964	6936	0.06290791684354587	0.06290791684354587	0
0.9697265625	239518	0.4238788451379682	0.42559547882811766	0.39792749795612825	6804	0.08995197583975674	0.08995197583975674	0
0.95849609375	120196	0.08891076011449443	0.08908135401131782	0.3474961146997506	6464	0.0722944824991945	0.0722944824991945	0
0.978515625	71200	0.19867161363408958	0.19862143967631485	0.2941023953990139	5990	0.11597071636647628	0.11597071636647628	0
0.97216796875	59696	0.037740024621465924	0.04149791411339159	0.268948269894528	5682	0.03774853768345821	0.03774853768345821	0
0.98486328125	125850	0.0019194022378429421	0.002524095617542345	0.31877023423530954	6014	0.005580357142857142	0.005580357142857142	0
0.98486328125	68572	0.02699256004268575	0.033719917723481166	0.29672220836923546	6132	0.05355101642830515	0.05355101642830515	0
0.93896484375	93570	0.0766104707645047	0.07869393280292244	0.3144498786363273	5992	0.053868944863367345	0.053868944863367345	0
0.9853515625	126872	0.20289692869660042	0.20590420576112792	0.330626351876352	6200	0.034516450445478415	0.034516450445478415	0
0.9755859375	79586	0.01480756807038836	0.01580396504101931	0.2804047301385992	5822	0.013513118315508022	0.013513118315508022	0
0.92431640625	84666	0.059914427483788925	0.06310882148709171	0.32917067663207666	5940	0.02885591342402773	0.02885591342402773	0
0.8515625	76456	0.10241170324182737	0.1084596533735305	0.3079392280484426	5448	0.07060464176018644	0.07060464176018644	0
0.98095703125	51156	0.11763858005606252	0.12067781750221886	0.2564249363820313	5538	0.056593590793150766	0.056593590793150766	0
0.9755859375	142316	0.21020553159845795	0.2125402531224146	0.3008069170254782	5940	0.0559890238876307	0.0559890238876307	0
0.92578125	84466	0.1747648434767666	0.17573047596125208	0.31391189344869685	5802	0.06034258609921561	0.06034258609921561	0
0.9462890625	40236	0.09637977521023824	0.0968343798189676	0.23027345167641577	5176	0.065157729727996	0.065157729727996	0
0.9873046875	103420	0.052341281470235916	0.05395936413188878	0.3317540804796631	6184	0.029028928644350468	0.029028928644350468	0
0.931640625	76850	0.12705182572126192	0.129934613067327	0.2997099992472214	5700	0.11155549934833447	0.11155549934833447	0
0.939453125	110964	0.12559265633257496	0.12811632450116436	0.3490989232086234	6134	0.049042701685371407	0.049042701685371407	0
0.9560546875	85796	0.18490513694950983	0.19034088728749876	0.3273887416432509	5952	0.0986317267600258	0.0986317267600258	0
0.92431640625	160486	0.28437506388902933	0.2898274770853775	0.36301149162222773	6116	0.04273020423390424	0.04273020423390424	0
0.962890625	131692	0.21539000196621666	0.2182657261685334	0.33447190933656223	6004	0.06016773658063551	0.06016773658063551	0
0.91064453125	99764	0.18934256273605565	0.18986896465823302	0.33084490490418866	5582	0.04168707628070593	0.04168707628070593	0
0.953125	69938	0.05805140596452467	0.06614273860322256	0.30926339463542485	6126	0.08484456936730252	0.08484456936730252	0
0.98486328125	133112	0.17482266612932534	0.17535139490185106	0.3087397435471324	6224	0.05694387533684712	0.05694387533684712	0
0.9599609375	169146	0.2943277699698114	0.2913642881617395	0.39621026817837385	6800	0.06893730572938897	0.06893730572938897	0
0.97314453125	172532	0.17640923628662955	0.1763694809267912	0.3675209867587598	6538	0.028406613080691822	0.028406613080691822	0
0.96826171875	105250	0.3898495343944746	0.3885356896505584	0.33567994546987645	6376	0.10059924733657075	0.10059924733657075	0
0.8818359375	139660	0.2481401077682151	0.24774205675439648	0.3635534281046415	5590	0.05148678115284053	0.05148678115284053	0
0.89404296875	123778	0.2442250829067138	0.2435688545911739	0.34872376581975284	5772	0.07367027805584589	0.07367027805584589	0
0.92431640625	100682	0.14393758070858254	0.14577843880159658	0.3530211675860584	6070	0.03596186266661309	0.03596186266661309	0
0.9697265625	67756	0.16639552317973458	0.15943860320365633	0.31226575045089805	6170	0.07545611383012156	0.07545611383012156	0
0.9755859375	80462	0.1470658338133487	0.14861678626309544	0.28850294065640564	5752	0.08718004821349838	0.08718004821349838	0
0.98193359375	83776	0.12167649571202788	0.12498022165696601	0.33201912184914945	6514	0.05604970147691609	0.05604970147691609	0
0.962890625	141932	0.11595422718682849	0.1197986058434953	0.38318664463660806	6796	0.05152274598748538	0.05152274598748538	0
0.92578125	72944	0.1511013786822146	0.15679527659275477	0.32268007231313056	5920	0.05436787738982767	0.05436787738982767	0
0.98779296875	100468	0.16556818759573588	0.16774644944633252	0.3154782775658063	6198	0.09597576209244285	0.09597576209244285	0
0.962890625	105232	0.1506649476031272	0.15030253458287698	0.3368083749158721	6022	0.05860916963740058	0.05860916963740058	0
0.98193359375	109822	0.1739300864033606	0.18328505975072218	0.3251546806255366	6240	0.06307089897681484	0.06307089897681484	0
0.96044921875	147384	0.17036147601692447	0.15988734892536308	0.3687323905820499	6556	0.06495974365998229	0.06495974365998229	0
0.94775390625	125338	0.2252508813255589	0.22757839652857784	0.3436384701644619	6076	0.06495674478948564	0.06495674478948564	0
0.9130859375	130266	0.19121117793583867	0.19325872153187879	0.3718916925205169	6370	0.07004904142802794	0.07004904142802794	0
0.96533203125	86010	0.0449374409919092	0.04756376190526504	0.3119963838276354	6244	0.03879065229811772	0.03879065229811772	0
0.9814453125	38066	0.042111859949163506	0.04087692419233278	0.25072788715676014	5680	0.02405632888306388	0.02405632888306388	0
0.9638671875	80168	0.1699926715335576	0.1728260466833286	0.2998086763073451	5860	0.0698451689410022	0.0698451689410022	0
0.955078125	99916	0.17481373995218524	0.17672332248202854	0.3478498049205763	6420	0.049763988990394525	0.049763988990394525	0
0.955078125	63422	0.020585802432568502	0.023272467651180413	0.27437947602059676	5556	0.0368230951948563	0.0368230951948563	0
0.97265625	65562	0.20110068728142622	0.2008601260840156	0.3007890374776862	5980	0.050283471261619875	0.050283471261619875	0
0.98486328125	103488	0.08936388862716922	0.09355904211226407	0.3546026598686982	6702	0.06455914594138946	0.06455914594138946	0
0.9794921875	69684	0.11031095660664972	0.1122048144082785	0.2895696726370536	5956	0.05533409803042471	0.05533409803042471	0
0.939453125	74936	0.036104805662882856	0.03701012002167159	0.3289373046492657	6240	0.023045154001759525	0.023045154001759525	0
0.9775390625	67946	0.00750240067598459	0.010397237430901585	0.299963950578863	6186	0.01535904203766529	0.01535904203766529	0
0.98681640625	71708	0.011223229417297302	0.013570463111181614	0.3100529974705819	6114	0.013911155812389504	0.013911155812389504	0
0.9697265625	164640	0.16807771374317965	0.1698247458008897	0.37023917186880495	6182	0.046280962424167425	0.046280962424167425	0
0.97265625	83800	0.03309809408593941	0.03839988750500395	0.3243190048167717	6290	0.06438251476238006	0.06438251476238006	0
0.9697265625	43646	0.048764393701429626	0.05043645469431053	0.2752461457704131	5850	0.04053515231262233	0.04053515231262233	0
0.90185546875	67932	0.020645667136850433	0.024123674772962924	0.3013257377217093	6028	0.04342828483292556	0.04342828483292556	0
0.9755859375	121124	0.20017398377424905	0.2038318056008196	0.340800573818133	6386	0.07357918394551739	0.07357918394551739	0
0.9755859375	132892	0.030046902976152628	0.030305674441011322	0.34037576869892655	6494	0.034390069223488084	0.034390069223488084	0
0.98486328125	53106	0.01979298581154387	0.02285581127848337	0.2763497850145918	5992	0.025989802802378524	0.025989802802378524	0
0.9755859375	104674	0.23888117661848984	0.2379876676590293	0.3095205380362666	6088	0.09437592244572839	0.09437592244572839	0
0.97802734375	67456	0.015890502517441937	0.016974650607390996	0.25099386479037933	5474	0.01979063691239802	0.01979063691239802	0
0.96630859375	78960	0.11178471075913539	0.11178990816898587	0.29355772591933316	5930	0.07673721827757057	0.07673721827757057	0
0.97265625	104500	0.2517706945741399	0.24915108704562725	0.33817503315437225	6218	0.08376696986746873	0.08376696986746873	0
0.9736328125	138192	0.09662574275993886	0.1002924941532588	0.3704233456569568	6716	0.06110837988121539	0.06110837988121539	0
0.98779296875	86600	0.013897674869137382	0.017449674355698126	0.32760477414880074	6518	0.0376147555334311	0.0376147555334311	0
0.98486328125	96158	0.05828649255435726	0.061992787294115004	0.303531401133303	6142	0.041337584746543726	0.041337584746543726	0
0.9697265625	255494	0.35472362643530364	0.3560781855039009	0.4158590698271931	7002	0.07586735227407473	0.07586735227407473	0
0.97265625	74352	0.1881779163082445	0.19261109751823952	0.2939364601934999	5902	0.04335864410673789	0.04335864410673789	0
0.98779296875	51340	0.030711489539664814	0.03242021066896784	0.2863371315579934	6230	0.03330714852408959	0.03330714852408959	0
0.9697265625	149024	0.24613277985043358	0.25110343010449615	0.36536838244663244	6276	0.05418579599693518	0.05418579599693518	0
0.9775390625	55480	0.13423084925757464	0.12751894996663313	0.29711203485574933	6174	0.06595605646472083	0.06595605646472083	0
0.92333984375	82870	0.2824327048022876	0.2834851819309113	0.36136616487227546	6276	0.0642131435257609	0.0642131435257609	0
0.92236328125	67164	0.161501395168193	0.16697694880176447	0.3214879423958347	5684	0.06672187513241196	0.06672187513241196	0
0.931640625	105902	0.22777836065664428	0.2230333318235647	0.3236737630477974	5976	0.06758670386657128	0.06758670386657128	0
0.95458984375	219648	0.4572989379019494	0.4570941609829525	0.36544356783369364	6362	0.07710299610995885	0.07710299610995885	0
0.95166015625	64414	0.08881743760829124	0.09406607299959455	0.3106726630379811	5980	0.0555079444722204	0.0555079444722204	0
0.98046875	124816	0.20260684135565254	0.20109341160967478	0.32613203666265983	6168	0.07888024371673753	0.07888024371673753	0
0.9697265625	99548	0.2336825054679666	0.2357730553143665	0.34921712373430247	6280	0.05232730491662827	0.05232730491662827	0
0.98486328125	93568	0.1506795575210686	0.1569343705271367	0.33458054147088245	6142	0.044203889956803515	0.044203889956803515	0
0.91064453125	113560	0.1920765415765774	0.19432431195717378	0.37499716273221134	6060	0.06582133413703349	0.06582133413703349	0
0.96044921875	92222	0.05805203907098406	0.06223453849756843	0.3281811990843818	6130	0.052320294654626835	0.052320294654626835	0
0.92578125	41420	0.025216168208662185	0.02626625738470816	0.2106066712390812	5148	0.024121246607659654	0.024121246607659654	0
0.97265625	80536	0.1235756158684668	0.12651237466335682	0.3017653823368215	5688	0.033006508138445995	0.033006508138445995	0
0.96630859375	105860	0.10288926304436577	0.10525791608167404	0.3540886702754837	6600	0.04726225674234799	0.04726225674234799	0
0.9697265625	73402	0.12312270322963954	0.12595154388051308	0.3408409837077509	6448	0.05399867036877251	0.05399867036877251	0
0.95458984375	184354	0.34858690003753584	0.34899110102231073	0.37357634766909475	6484	0.0965681533828352	0.0965681533828352	0
0.9501953125	131298	0.19721927490729357	0.2006333758640898	0.33181363473646786	5580	0.05069110628083929	0.05069110628083929	0
0.98876953125	92664	0.12456594217356512	0.12589489786149924	0.31557383361399516	6200	0.04142143801347226	0.04142143801347226	0
0.98583984375	71016	0.04406531639187336	0.05014629413667634	0.31295033931111377	6316	0.029758223084131837	0.029758223084131837	0
0.94873046875	127038	0.13026055573824255	0.13385716228826056	0.3687747147499529	6642	0.04446639550035882	0.04446639550035882	0
0.93798828125	201534	0.16233629450041098	0.16680849974998804	0.39968678033367966	6646	0.0619572063833307	0.0619572063833307	0
0.9697265625	64506	0.24611886545196984	0.2401196850168038	0.2960157788096384	6140	0.0666726499616399	0.0666726499616399	0
0.9609375	91574	0.09560247309289668	0.0975488202729371	0.32606854159551385	6100	0.04658436601732849	0.04658436601732849	0
0.92431640625	126368	0.22775154260307748	0.22767214529292334	0.31971496649592573	5866	0.08547210296956383	0.08547210296956383	0
0.939453125	63656	0.14129004596347436	0.14511123469858772	0.3075182331694493	5944	0.0654807202955215	0.0654807202955215	0
0.8515625	71172	0.14980440140177093	0.1510385391497571	0.31505174367324446	5680	0.0743549673367808	0.0743549673367808	0
0.95849609375	37228	0.030367919275462965	0.03480245484268258	0.25936716350127437	5858	0.024778161208415028	0.024778161208415028	0
0.97265625	105964	0.0808499584989792	0.0812024229660515	0.33231523082401243	6402	0.06562926826762702	0.06562926826762702	0
0.95458984375	63978	0.12797421069247808	0.1310596869993321	0.30389761570262414	5956	0.03650112575342768	0.03650112575342768	0
0.98486328125	50702	0.03129134745161242	0.03385548624299141	0.29170000501262866	6140	0.030453252833767545	0.030453252833767545	0
0.98779296875	66208	0.06814029415578929	0.07035962426052285	0.32015307903696205	6386	0.028238356804184524	0.028238356804184524	0
0.970703125	118358	0.012997578927078472	0.014880576028917911	0.32945231465663605	6314	0.020344640739377584	0.020344640739377584	0
0.88818359375	142002	0.19204575409263355	0.19272862636672763	0.39380836219807724	5960	0.04756985309291767	0.04756985309291767	0
0.98486328125	116286	0.16817225740579933	0.17306877293898942	0.3815910075130085	6626	0.06515133643043505	0.06515133643043505	0
0.97802734375	90332	0.0381109853107123	0.043580464532772464	0.32702584842880944	6418	0.01593045112781955	0.01593045112781955	0
0.94189453125	152136	0.18989654094238131	0.18969115117359325	0.37633358573385206	6412	0.07069253709194848	0.07069253709194848	0
0.92578125	76546	0.024427668416492528	0.028819750176921535	0.2888511507149281	5774	0.04773171350714295	0.04773171350714295	0
0.98486328125	44040	0.03159348931720781	0.032472912985942085	0.2886459533988889	6158	0.031227573723981578	0.031227573723981578	0
0.98486328125	80556	0.18146065526112662	0.18216738400512847	0.3122702090286434	6068	0.07359277456986187	0.07359277456986187	0
0.8798828125	148736	0.17377982852982485	0.17775864118735413	0.38266169896950436	6202	0.04018928349292273	0.04018928349292273	0
0.9873046875	88388	0.11245425235878638	0.11269251776962448	0.2953497567786009	6064	0.04646717183753358	0.04646717183753358	0
0.986328125	113844	0.12405996655894307	0.12432353009363992	0.3369606920104749	6204	0.029001942828351127	0.029001942828351127	0
0.939453125	151936	0.3281678360113296	0.3301923173730389	0.3695433640455887	6232	0.051106115574559366	0.051106115574559366	0
0.8515625	63468	0.036608634749643154	0.04070838086128036	0.2810832019506097	5094	0.042414279287394885	0.042414279287394885	0
0.97314453125	92696	0.016612096216826366	0.020285133977915752	0.3176489491559277	6168	0.0476825900410825	0.0476825900410825	0
0.974609375	127244	0.08168264369582214	0.08558273005663009	0.3519221149076373	6562	0.021381272072883428	0.021381272072883428	0
0.92578125	60730	0.14825811728026808	0.149055107250793	0.2761896068525158	5596	0.08612009962008732	0.08612009962008732	0
0.95458984375	87398	0.07972191513794116	0.08391104078027482	0.33287075048752107	6210	0.06874565002923513	0.06874565002923513	0
0.92578125	66946	0.17128161934662045	0.16999260617429368	0.29712627542801545	5718	0.062391114107979706	0.062391114107979706	0
0.8681640625	53468	0.19456036205653018	0.18957314700306033	0.2842728969975001	5182	0.11321437151228401	0.11321437151228401	0
0.95458984375	62806	0.12410655845671581	0.1252145989904239	0.30463382793719956	5822	0.05776856061188826	0.05776856061188826	0
0.9697265625	167484	0.25107366086426475	0.2583484751743808	0.378530793419402	6594	0.06222984439405404	0.06222984439405404	0
0.9609375	63294	0.14988084523551923	0.14902954526609294	0.30029260556894066	6008	0.10289100650723038	0.10289100650723038	0
0.9697265625	88544	0.12832879188137292	0.13324973851054048	0.327606611781951	6174	0.058240328212184375	0.058240328212184375	0
0.986328125	69908	0.010763975517851163	0.01403855142737349	0.2976974763164275	6240	0.02705114668853958	0.02705114668853958	0
0.97314453125	59954	0.20745979804875342	0.2114512840448142	0.30466839576961463	6174	0.08354211136562097	0.08354211136562097	0
0.97021484375	102586	0.08593688939898678	0.08933131702280023	0.3477997769886651	6490	0.05179523356331523	0.05179523356331523	0
0.8818359375	99220	0.03521834583917116	0.040119093747895414	0.32206015233090074	5928	0.05240821180002432	0.05240821180002432	0
0.92578125	165068	0.31448297341469383	0.31400147386756977	0.3669828543115832	6190	0.07276666362466142	0.07276666362466142	0
0.8955078125	156038	0.31433814972655383	0.31308337015686816	0.375427185053619	6032	0.06202647601590887	0.06202647601590887	0
0.92578125	110676	0.12573616196919682	0.12768317503072085	0.3237153641881659	5884	0.038345606743618886	0.038345606743618886	0
0.87548828125	81760	0.18792582277677028	0.19289489941694196	0.3520766617083107	5784	0.04035084141093381	0.04035084141093381	0
0.9619140625	74128	0.16457913282966255	0.16871795239478088	0.31043855663412945	6172	0.05291223203386046	0.05291223203386046	0
0.98486328125	78042	0.12551369026520703	0.1291095990448492	0.30728333160611665	6072	0.04500908753136017	0.04500908753136017	0
0.9423828125	146022	0.09531714313868767	0.09696136402322118	0.39177311628067985	6718	0.07857995718213409	0.07857995718213409	0
0.98486328125	71654	0.1420094993137504	0.14906450080988393	0.30184775463898494	6144	0.05614880787578157	0.05614880787578157	0
0.9443359375	161184	0.253546417750095	0.2553929574621563	0.3879118812769837	6482	0.04472798402156359	0.04472798402156359	0
0.9619140625	65264	0.027157908123887884	0.03245569141989475	0.27223792784412765	5672	0.05615368082225705	0.05615368082225705	0
0.97412109375	155674	0.3296557071635956	0.3263084494376957	0.3796598266321957	6546	0.08622343708196513	0.08622343708196513	0
0.9697265625	61050	0.14567938532696809	0.14680637297559174	0.3310963769239225	6414	0.05037166185691737	0.05037166185691737	0
0.9912109375	60960	0.09708372865555992	0.09964939054764833	0.2612161575901605	5796	0.05485153551557851	0.05485153551557851	0
0.92431640625	148974	0.20256041598585467	0.21086979479439416	0.3931749992200235	6274	0.052999994578992966	0.052999994578992966	0
0.96044921875	55162	0.1485950435954183	0.1478876800849843	0.3180337353626079	6242	0.04931063380994532	0.04931063380994532	0
0.97705078125	140820	0.205900592571194	0.21326317403245407	0.36521177606545835	6464	0.07513041226567643	0.07513041226567643	0
0.93115234375	97962	0.08406422835878348	0.08499613597781551	0.3036558232697543	5788	0.07348121777147987	0.07348121777147987	0
0.92578125	98340	0.24285019573630778	0.24515981791704752	0.3543086457870492	6230	0.07752097864753121	0.07752097864753121	0
0.9794921875	72004	0.07783340691664795	0.0864940955752435	0.29101451743991513	5974	0.07270443849886667	0.07270443849886667	0
0.99365234375	117990	0.20251548379451745	0.2030104710465682	0.34635856960299055	6534	0.08029561131318932	0.08029561131318932	0
0.95458984375	66444	0.2543337551737977	0.2615094894599378	0.3076436874172048	6024	0.09281661494048	0.09281661494048	0
0.9267578125	50334	0.16861896967215784	0.16472753318172026	0.24797318402752758	5076	0.06718588548083489	0.06718588548083489	0
0.9560546875	88236	0.1101782201273421	0.11327388914128149	0.30598364068814243	5770	0.0525932674086518	0.0525932674086518	0
0.98486328125	83610	0.020096019815605163	0.02156520771964136	0.29199843177523893	6080	0.01731306431141957	0.01731306431141957	0
0.91064453125	158638	0.41870229888664234	0.4165245210988902	0.3672310366448974	6092	0.052153785081008514	0.052153785081008514	0
0.98779296875	157362	0.3442989773254953	0.3487275777970438	0.35003060353315746	6406	0.07339046397847371	0.07339046397847371	0
0.8876953125	67838	0.15963374987865633	0.15338387851269364	0.2820515222245356	5240	0.09778629546679114	0.09778629546679114	0
0.92578125	162320	0.32482872148642483	0.3277617530803293	0.35722562249898243	6176	0.06556342154539671	0.06556342154539671	0
0.9697265625	108008	0.27976747701103405	0.28119376068580365	0.3378178094607624	6316	0.0663465406335848	0.0663465406335848	0
0.9248046875	41094	0.10335938921235602	0.10282573658285873	0.2842767968085782	5714	0.05199584725238284	0.05199584725238284	0
0.98779296875	37590	0.07970432255845313	0.07928643724657222	0.2366221130399784	5652	0.052140236202529125	0.052140236202529125	0
0.96435546875	132484	0.08547204734204895	0.08880750085121134	0.32659340014678806	6242	0.050646786619946114	0.050646786619946114	0
0.9091796875	150484	0.25013343718852576	0.25377407502358945	0.35028243481670357	5836	0.06817489341706862	0.06817489341706862	0
0.96533203125	46494	0.07394808690846949	0.08029448887109523	0.2624895780667015	5592	0.042539398748038464	0.042539398748038464	0
0.8515625	33396	0.07312783509939752	0.0732039189081559	0.23652224175163308	4988	0.05105119289968775	0.05105119289968775	0
0.95458984375	88694	0.07554689196686608	0.07988275589791971	0.3394204642235204	6084	0.03206439390794458	0.03206439390794458	0
0.88427734375	86564	0.1347736697750578	0.14031517602638427	0.32121855673620503	5478	0.04287391215698041	0.04287391215698041	0
0.96044921875	153194	0.22549311790300897	0.22897168285471864	0.3339676794440051	5998	0.07013599881150528	0.07013599881150528	0
0.9873046875	62376	0.17203864068428992	0.17499041702929544	0.2917695431231248	6030	0.0730423927119804	0.0730423927119804	0
0.98486328125	125622	0.2190923344391286	0.22052523066032373	0.3549624152716913	6718	0.08645708811408684	0.08645708811408684	0
0.939453125	130646	0.20539463627605722	0.21254744416050153	0.36075798895363603	6048	0.05591129325226248	0.05591129325226248	0
0.9638671875	99274	0.0561887550390011	0.06075625394582253	0.33655931360723274	6570	0.05187316269376064	0.05187316269376064	0
0.97802734375	68200	0.23252063578800972	0.22548460656631522	0.289367505146286	5944	0.06857707137783636	0.06857707137783636	0
0.939453125	89378	0.08374479229309341	0.09053577055698901	0.3441876847213037	6144	0.0410563891991651	0.0410563891991651	0
0.95703125	92198	0.10100014955946389	0.10421061350527305	0.3229637121325675	5910	0.05351977175777308	0.05351977175777308	0
0.98486328125	84930	0.2690579462130342	0.26959739718029313	0.3393353658952962	6354	0.071523429592525	0.071523429592525	0
0.95849609375	98950	0.22673792369417228	0.22898408282372731	0.3268718704845947	6058	0.0740185163241886	0.0740185163241886	0
0.9697265625	60536	0.05021057262229729	0.05216593811020981	0.30122781582336866	6146	0.050799317785289566	0.050799317785289566	0
0.98486328125	84718	0.021404728852632157	0.023264519540118538	0.3209164778124814	6478	0.031868200045667434	0.031868200045667434	0
0.9697265625	78428	0.03810285170860064	0.0394600749128293	0.30607013773416003	6084	0.039508831253894254	0.039508831253894254	0
0.96142578125	151320	0.25164709744853353	0.2541750514593638	0.3490974472952902	6344	0.08951339407785462	0.08951339407785462	0
0.98486328125	46828	0.021771595747830795	0.02579369485869619	0.2623537731291992	5956	0.021429865800270214	0.021429865800270214	0
0.8515625	121150	0.23207340726069392	0.2298230279845561	0.29522117844604784	5176	0.11703771546774763	0.11703771546774763	0
0.98486328125	80052	0.29185592182403597	0.2839089408351989	0.32120455744606974	6208	0.10510275461566021	0.10510275461566021	0
0.939453125	94616	0.010877846612229495	0.013261198704822874	0.3107759083817832	6014	0.03605455885173751	0.03605455885173751	0
0.97265625	63474	0.007764271556436265	0.010339514030871515	0.29993541389409206	6402	0.01910972975584398	0.01910972975584398	0
0.955078125	64354	0.017544027696382525	0.01846019367050948	0.31529738002633817	6206	0.01872065311509333	0.01872065311509333	0
0.95751953125	75224	0.08663147036962648	0.09095611367765823	0.2801345421881753	5640	0.0693318073577674	0.0693318073577674	0
0.96533203125	76632	0.02843156183539307	0.03147970656182341	0.2990957903130604	5892	0.05269943382970667	0.05269943382970667	0
0.88671875	222410	0.2692037311498463	0.269981454138838	0.3884082756803194	6304	0.04030091226773355	0.04030091226773355	0
0.92578125	69654	0.033990210345744384	0.03569093005728769	0.29216069282844126	5704	0.031127487530015575	0.031127487530015575	0
0.939453125	86250	0.26834365834596674	0.27202595124533824	0.3168614844556782	5868	0.05449852893199576	0.05449852893199576	0
0.9501953125	105356	0.19955517639102066	0.201126836170073	0.33690397195175675	5848	0.05740496555115832	0.05740496555115832	0
0.9697265625	52902	0.08018961176786986	0.08197091934453157	0.29262006653581085	5876	0.043525521194325	0.043525521194325	0
0.9921875	87900	0.047217545776762994	0.05052544450257275	0.2788552493517293	5832	0.06049973955024705	0.06049973955024705	0
0.94140625	184878	0.3446644763288358	0.346865807175211	0.37111661408030944	6446	0.06967275488781996	0.06967275488781996	0
0.9482421875	105710	0.05440606234534094	0.05706037704817765	0.32061515345915464	6096	0.025442197711449434	0.025442197711449434	0
0.97265625	85518	0.13214479158129885	0.1335417869270482	0.34955213164030735	6586	0.040106607741475536	0.040106607741475536	0
0.96240234375	72400	0.13152784810640608	0.13355013215620629	0.3220703494012445	6254	0.06582486867572432	0.06582486867572432	0
0.9697265625	48122	0.040405388607698024	0.044812664762546604	0.26546965297813446	5884	0.04453845301489458	0.04453845301489458	0
0.939453125	137316	0.1395346472170118	0.14212872389978246	0.3936581299345207	6688	0.0429538312661511	0.0429538312661511	0
0.8486328125	62868	0.05161912143389052	0.05644532017246529	0.285483659848264	5242	0.08885588758826554	0.08885588758826554	0
0.96337890625	63118	0.04109440855264204	0.042957167905780795	0.2976313358292084	6258	0.0359186910657938	0.0359186910657938	0
0.89794921875	139704	0.2925158021730203	0.2916829644186929	0.388971652800887	6224	0.05124762043749083	0.05124762043749083	0
0.9619140625	91916	0.11907348473477099	0.12319245454885011	0.34084547889304456	6244	0.05179081279702462	0.05179081279702462	0
0.9443359375	74502	0.057869919092867254	0.061707456127331015	0.30790256397541943	6104	0.06609976234934538	0.06609976234934538	0
0.8515625	81474	0.01931390450406123	0.021845023478261064	0.29541747728278855	5372	0.0320887066717097	0.0320887066717097	0
0.923828125	47602	0.1330569146636511	0.13665211272726385	0.2538528290690364	5260	0.07455566779462292	0.07455566779462292	0
0.990234375	118898	0.29718577062234075	0.3009500634992486	0.3341361493169719	6318	0.07679882036685445	0.07679882036685445	0
0.89111328125	148412	0.1721612613907193	0.1788409766698982	0.3172034813406552	5494	0.08378205829313456	0.08378205829313456	0
0.99169921875	153200	0.05596902311967206	0.060000152941155585	0.32348817233147165	6322	0.04458770911984073	0.04458770911984073	0
0.97265625	61598	0.07081560427048397	0.0715833356986292	0.26524430648398156	5858	0.05527482758270234	0.05527482758270234	0
0.95458984375	94102	0.09740644336016473	0.0985376498708666	0.32229094643215644	5938	0.08777514974454798	0.08777514974454798	0
0.95458984375	105786	0.14818634885969567	0.1522010043360141	0.32818087059231055	6176	0.06489386702152408	0.06489386702152408	0
0.92578125	59600	0.05421006619634197	0.060267548669734994	0.2713683291066424	5656	0.04213129002866761	0.04213129002866761	0
0.955078125	185360	0.30896688779149445	0.3073974952834613	0.36569236277694084	6392	0.06454166458612098	0.06454166458612098	0
0.94091796875	166540	0.2655493282846693	0.267261560806301	0.35840648610120734	6040	0.06665925188021767	0.06665925188021767	0
0.93505859375	87756	0.06982835819885996	0.0711027439646529	0.32755166719432527	6032	0.03844312186381025	0.03844312186381025	0
0.9697265625	66792	0.10638526036567333	0.10259889617024236	0.2643153022488492	5658	0.0773782519213515	0.0773782519213515	0
0.98095703125	104160	0.1176838121569409	0.1225397247103215	0.31250498590189135	6212	0.06256096360132717	0.06256096360132717	0
0.92578125	91252	0.04895545933247998	0.05174815082703919	0.32106829506761053	5994	0.0884517721751419	0.0884517721751419	0
0.92578125	77294	0.11854786279535764	0.12004838188814773	0.2782742325225834	5406	0.08656868872490396	0.08656868872490396	0
0.9697265625	69294	0.2789979312132648	0.27018476356908894	0.31128366806697144	6064	0.10406699508842986	0.10406699508842986	0
0.98486328125	184798	0.14154263386227747	0.14386940952949878	0.3728391194790026	6774	0.058558500692740705	0.058558500692740705	0
0.96533203125	94130	0.04953362048309487	0.05344709348431568	0.3375000711694163	6386	0.04962879078523152	0.04962879078523152	0
0.86669921875	120530	0.1222355125252287	0.12656314906668345	0.34909050011223886	5770	0.04425178965242489	0.04425178965242489	0
0.9150390625	52946	0.029677851901628926	0.0296017954376632	0.29769324612609455	5744	0.02253865154017593	0.02253865154017593	0
0.9775390625	120390	0.14855065013618737	0.15055280850111505	0.33046117542538256	6190	0.06808196790899917	0.06808196790899917	0
0.99072265625	79912	0.12042648555838509	0.12396361359456856	0.30003412374379507	6110	0.05187211960625274	0.05187211960625274	0
0.97705078125	109542	0.22432958115899665	0.22588833716648446	0.3335451004843562	6248	0.05300454996439153	0.05300454996439153	0
0.92578125	85646	0.025742098221431354	0.025729489219560097	0.30791484432462973	5878	0.031643177676031364	0.031643177676031364	0
0.9296875	125996	0.2649039134150169	0.26429540410524416	0.3065390463897843	5778	0.06579634888847448	0.06579634888847448	0
0.95458984375	105296	0.21723779093577752	0.21816130456897717	0.33426028556755244	5994	0.09048415108623459	0.09048415108623459	0
0.9296875	148912	0.22363505710782094	0.2266345617071605	0.33985827528729	6192	0.051713730232496306	0.051713730232496306	0
0.95703125	164234	0.13664502728619732	0.13826958367155837	0.34332450214988447	6206	0.06122394593662588	0.06122394593662588	0
0.96875	90420	0.15519716669265052	0.15753372796578602	0.3374219930908782	6414	0.061430861950302826	0.061430861950302826	0
0.92578125	72528	0.03251577308942299	0.03910468166873053	0.30647335296984685	5890	0.05289149952498827	0.05289149952498827	0
0.98095703125	91606	0.10683243335828145	0.11139417507523623	0.3316845742776563	6298	0.05365435249955867	0.05365435249955867	0
0.9208984375	89314	0.1510147579418111	0.15308803679429217	0.3705484183774976	6342	0.0624400307965079	0.0624400307965079	0
0.9775390625	47174	0.0383047387769606	0.04000635114375454	0.23547348305814098	5416	0.03335310793224099	0.03335310793224099	0
0.91064453125	91092	0.0276889011058613	0.031214956680049154	0.30554041498049317	5724	0.030632933020902423	0.030632933020902423	0
0.9951171875	72068	0.024346576644273244	0.025385650858003598	0.2987356831702352	6196	0.027638303754334202	0.027638303754334202	0
0.931640625	56464	0.03573381525492531	0.040813978798079256	0.30050042470219257	5792	0.026564666338291406	0.026564666338291406	0
0.9697265625	118648	0.22363350697558101	0.2274964658572646	0.36401394057677233	6614	0.12476328838444609	0.12476328838444609	0
0.92431640625	67286	0.14987037667936534	0.15283132281532238	0.3302150128145195	5914	0.034914757966145966	0.034914757966145966	0
0.98486328125	95750	0.18582150371631365	0.1864817665190964	0.31508350580106037	6062	0.07794832093181739	0.07794832093181739	0
0.9736328125	151636	0.30452131468330024	0.3038310272613377	0.33313761698133226	6212	0.06945939564487741	0.06945939564487741	0
0.9697265625	38842	0.08347418337395504	0.09023120970722823	0.24709405225489864	5650	0.03827199142314403	0.03827199142314403	0
0.92431640625	106680	0.2235744203764261	0.23267996128059942	0.3689999214766995	6110	0.0813129075280736	0.0813129075280736	0
0.9697265625	54966	0.30430591410737906	0.2906614925382237	0.27940981980857615	5994	0.13088708447650363	0.13088708447650363	0
0.92578125	74824	0.1328223202217511	0.13547020168870627	0.32295778248197476	5918	0.04060951198062601	0.04060951198062601	0
0.94677734375	100076	0.21622968460354408	0.21884592656537752	0.32867807637164576	6134	0.0601678965015668	0.0601678965015668	0
0.9697265625	85468	0.04871487803187432	0.052817612846009276	0.32264872315231186	6338	0.034436319559344064	0.034436319559344064	0
0.96240234375	82740	0.17258472960387658	0.1747077050299768	0.3179529867472113	6182	0.09425363809184699	0.09425363809184699	0
0.943359375	104436	0.1558883483345887	0.16034139176842607	0.3487058813863795	6174	0.08188424635356016	0.08188424635356016	0
0.84423828125	40636	0.1310036567940812	0.13470009636988087	0.2570297916300276	4966	0.05674349550148582	0.05674349550148582	0
0.98486328125	176432	0.2432286436324562	0.2428456935244977	0.3676455400904801	6572	0.06510755686698612	0.06510755686698612	0
0.92578125	102736	0.18979606695999415	0.19227283783422325	0.3429799566089872	6216	0.04387760556275992	0.04387760556275992	0
0.95458984375	108724	0.09916056662218849	0.09984870389980935	0.3459965280816757	6350	0.02516552757745732	0.02516552757745732	0
0.9794921875	92526	0.03172326534931258	0.0377291824556636	0.301519686364633	6188	0.04987052022426412	0.04987052022426412	0
0.9150390625	76216	0.04616679347354717	0.047986928448756586	0.2932851936545846	5536	0.06086533958018291	0.06086533958018291	0
0.94140625	79024	0.09084606527313581	0.09825378913982699	0.3151559687680957	6016	0.06550040426224164	0.06550040426224164	0
0.93505859375	144466	0.09693992387529755	0.09809938396234724	0.3180529555429048	5848	0.024768816225309367	0.024768816225309367	0
0.9697265625	158296	0.3484710713600463	0.3558437291136472	0.3375540367864043	6094	0.08843417902051535	0.08843417902051535	0
0.955078125	76370	0.2775570967596019	0.2767149903341704	0.31822674247525345	5880	0.07791071784684775	0.07791071784684775	0
0.97119140625	132412	0.24605939590330775	0.25573738254486234	0.37425566157324197	6764	0.06692773352153923	0.06692773352153923	0
0.9697265625	112458	0.16111284639846274	0.16605654200411335	0.3422385459573509	6304	0.06908555594373221	0.06908555594373221	0
0.94140625	52918	0.09613569004647823	0.101080331082812	0.28300639885836026	5616	0.05063704539386035	0.05063704539386035	0
0.98486328125	59562	0.13335989962966144	0.13543388188382166	0.27688820066280767	5816	0.03145728732012228	0.03145728732012228	0
0.98486328125	95838	0.24499227647488162	0.24653869076779975	0.3460349926983804	6246	0.0951594706979401	0.0951594706979401	0
0.9697265625	65772	0.050780487168792715	0.059057335640839856	0.2775814133051399	5868	0.06520364294952749	0.06520364294952749	0
0.98486328125	75452	0.07956914523978684	0.08010432851771551	0.3075493382955136	5954	0.03756412901149744	0.03756412901149744	0
0.99072265625	125600	0.1112900047387944	0.1110736249957869	0.3501817217355497	6408	0.018875677569548176	0.018875677569548176	0
0.92236328125	71978	0.1400602672410776	0.1464860170230711	0.2998725267835671	5552	0.08297214797679024	0.08297214797679024	0
0.93798828125	64614	0.13582971227369633	0.14104485706121972	0.3361622579280535	6210	0.041976467996993685	0.041976467996993685	0
0.98779296875	70368	0.05447915922209401	0.05868051800120755	0.30649813211298843	5958	0.03601065789791866	0.03601065789791866	0
0.98486328125	97682	0.2534051730162974	0.2570064759852327	0.3365277441024938	6162	0.08078290400085997	0.08078290400085997	0
0.98095703125	234076	0.38654341263038666	0.3877375445953603	0.39827575646305785	6668	0.06961920909370936	0.06961920909370936	0
0.9736328125	83362	0.25550137107913945	0.25590407845357743	0.3223494587107815	6222	0.056095733990464317	0.056095733990464317	0
0.98779296875	75928	0.0546587718935287	0.059351487044505324	0.2733152404788253	5964	0.07124251436191169	0.07124251436191169	0
0.8515625	98846	0.12311713910152265	0.1251520238932563	0.3268504392807498	5638	0.06461214213549764	0.06461214213549764	0
0.984375	84056	0.1448742229503326	0.14874640275463258	0.31189795959234734	6156	0.08654373840593937	0.08654373840593937	0
0.88037109375	136474	0.17014835229519548	0.17666559214090455	0.38752839454349225	6036	0.04800373418624769	0.04800373418624769	0
0.982421875	87710	0.1272779822888326	0.12702977179427302	0.32348145891777524	6326	0.09180787895598179	0.09180787895598179	0
0.990234375	172512	0.03425385441394555	0.03647066238016517	0.3604620096882783	6868	0.0391538211392978	0.0391538211392978	0
0.9599609375	82704	0.16348198861224136	0.16329953698772506	0.31409841173744923	5958	0.07323827960651362	0.07323827960651362	0
0.9365234375	100844	0.02333686222349737	0.025092855056627353	0.34247461243099814	6050	0.024764276300051236	0.024764276300051236	0
0.98486328125	50328	0.1880664870945896	0.19224465503872942	0.27422416118522636	5850	0.07089722415239437	0.07089722415239437	0
0.8212890625	77688	0.3109427278566808	0.30911889751964644	0.35454105315889045	5160	0.06776838770171721	0.06776838770171721	0
0.98046875	42660	0.19779146214124713	0.1845179984942667	0.25901655180834565	5888	0.07005024944738898	0.07005024944738898	0
0.92578125	56862	0.015539170743656922	0.020327009069232824	0.28471118608116225	5622	0.03081247158212064	0.03081247158212064	0
0.99072265625	166258	0.21822909644703903	0.2234453107743645	0.33676320668037557	6574	0.06192080399347379	0.06192080399347379	0
0.96337890625	92454	0.023084357622702625	0.02580703447942694	0.32405855821497104	6396	0.03979436336026576	0.03979436336026576	0
0.9921875	86928	0.11809256122755409	0.12413863497027301	0.3209662736110683	6268	0.0339709859244203	0.0339709859244203	0
0.94091796875	65286	0.14554075197689612	0.14865485494499245	0.29003545770955874	5678	0.05117362491461801	0.05117362491461801	0
0.96337890625	170166	0.2133165716141218	0.21955530965449024	0.4011005213391207	6710	0.06035173585713958	0.06035173585713958	0
0.92578125	124934	0.20924357465049503	0.21075496321687134	0.33832370143826984	5838	0.053099809435385316	0.053099809435385316	0
0.9765625	69286	0.25471865767266216	0.2483124252184818	0.28978268349809794	5870	0.09784933594565634	0.09784933594565634	0
0.92578125	76494	0.22793181507541732	0.22875070094455804	0.3097121594708786	5924	0.04022634274092262	0.04022634274092262	0
0.97216796875	150666	0.23550732386852996	0.23332923381060544	0.36003997914991115	6114	0.05382351128685321	0.05382351128685321	0
0.94384765625	112266	0.04860434410156824	0.04868423127648615	0.3340374934741952	6118	0.04100691950630117	0.04100691950630117	0
0.92578125	156188	0.2910563449210906	0.2935658006127598	0.34359579436952264	6078	0.1062043574439569	0.1062043574439569	0
0.99072265625	38940	0.060809793146607005	0.06315812716908387	0.23600980974395988	5680	0.04599094211834318	0.04599094211834318	0
0.87109375	109258	0.1937038531746217	0.1956386550786125	0.34096688627114285	5572	0.06358536345064988	0.06358536345064988	0
0.98828125	90648	0.04083727637075023	0.04152433150018354	0.2995477225917953	6136	0.02338573338644849	0.02338573338644849	0
0.92529296875	78918	0.26674385694524466	0.2626067155551595	0.29545237067444297	5576	0.09039775995465703	0.09039775995465703	0
0.92578125	100332	0.0892316421994576	0.09164297452891967	0.32349458481061033	6142	0.07350344847746121	0.07350344847746121	0
0.8515625	137502	0.002395844975192691	0.0029384813369404076	0.324092793051092	5416	0.014330635163634201	0.014330635163634201	0
0.97314453125	63360	0.013779025380552836	0.016298322214803637	0.2659097683366464	5858	0.022577480050499504	0.022577480050499504	0
0.97998046875	112976	0.08974751670389382	0.09064740379290766	0.3246767999621117	6418	0.033009087116802886	0.033009087116802886	0
0.921875	164006	0.18514898127175775	0.18992255969004676	0.38011638639013473	6082	0.07127115798604378	0.07127115798604378	0
0.95751953125	66190	0.03200351238107059	0.03355285210690225	0.2726385937438879	5724	0.023349067190978963	0.023349067190978963	0
0.955078125	61714	0.10150810069684353	0.10312734821334806	0.2620147683474261	5480	0.06771111217569313	0.06771111217569313	0
0.939453125	107610	0.16502690249631052	0.1646592242135551	0.3489829352892028	6258	0.06919593993275945	0.06919593993275945	0
0.92578125	111078	0.10580829719649922	0.1084077565110523	0.322270129954822	5938	0.03692053074711118	0.03692053074711118	0
0.98583984375	80546	0.13747742153125098	0.14080989579791695	0.2954750941562913	5828	0.07144711515356185	0.07144711515356185	0
0.9853515625	67870	0.10981200115071113	0.10850664944233473	0.2757590366532849	5792	0.07828523210531471	0.07828523210531471	0
0.974609375	82384	0.1158578534675722	0.1181718197940521	0.31842770808348403	6248	0.042890546004947766	0.042890546004947766	0
0.935546875	82942	0.27751299181209954	0.2722215030774337	0.332961838575721	6020	0.10557670467664863	0.10557670467664863	0
0.939453125	185222	0.25798423248460267	0.2659366522214299	0.399670675532519	6410	0.047036840044651425	0.047036840044651425	0
0.97607421875	132364	0.1392662564706125	0.14227918422846786	0.37159905271508675	6688	0.04134210397219185	0.04134210397219185	0
0.939453125	67162	0.03610400189157863	0.037425598343506214	0.28626374090999823	5640	0.04697014762904456	0.04697014762904456	0
0.92578125	99026	0.05911380513836163	0.06246677525072943	0.31674037461028576	5908	0.061315828488816115	0.061315828488816115	0
0.98583984375	80244	0.09196967983979751	0.09183392955255487	0.3012183997015541	6400	0.04363351548773471	0.04363351548773471	0
0.92578125	140444	0.19206738313680116	0.19530095520741303	0.3534354846121477	5760	0.05866037675546362	0.05866037675546362	0
0.96435546875	46450	0.07381258692478496	0.07486107927450888	0.25863277953587216	5690	0.06496289957447317	0.06496289957447317	0
0.9814453125	65544	0.027034605420185653	0.028797730692302126	0.3206888398429422	6510	0.019096126168722277	0.019096126168722277	0
0.86083984375	147792	0.3290234584549385	0.32961245731165767	0.32563190527054353	5614	0.08743244198027436	0.08743244198027436	0
0.98486328125	64582	0.10409001314035535	0.105499914410507	0.29260363877763257	6054	0.06909237542139712	0.06909237542139712	0
0.92578125	65134	0.03156703848184419	0.03708302233153972	0.2917642271943977	5750	0.040506141448443514	0.040506141448443514	0
0.98095703125	96168	0.111597957679025	0.11519771936452004	0.3068686896663561	6060	0.03331997980071864	0.03331997980071864	0
0.984375	70578	0.03698627327367766	0.04167348519822815	0.31019065596405243	6176	0.04853737486676165	0.04853737486676165	0
0.98681640625	41930	0.08478186416463088	0.09057370829002477	0.22273804285222806	5616	0.061147581592423506	0.061147581592423506	0
0.95361328125	171444	0.36094697653478136	0.36277581821314847	0.3714656207141165	6256	0.11369369546089034	0.11369369546089034	0
0.966796875	54024	0.02505906036588542	0.024433975988109063	0.27310829584483226	5764	0.012084109211866565	0.012084109211866565	0
0.9326171875	98140	0.1562461639346999	0.15503258122062696	0.3414234044977323	6074	0.05656231156904703	0.05656231156904703	0
0.8818359375	79510	0.18864738012430096	0.18556593764043997	0.3062919880741491	5518	0.07745931990670835	0.07745931990670835	0
0.9658203125	67254	0.0415438376612388	0.04914634581679617	0.27500264390183304	5654	0.039118378136123545	0.039118378136123545	0
0.92578125	38738	0.14158959261667617	0.14369264775037974	0.21941747211340953	5230	0.10120947707018983	0.10120947707018983	0
0.96630859375	158566	0.05766670019527404	0.0574147653200818	0.3431015107592772	6204	0.07334270610600677	0.07334270610600677	0
0.96337890625	61504	0.02826393782572239	0.03328452761023463	0.28142221636694215	5842	0.03642028849676876	0.03642028849676876	0
0.93994140625	98756	0.1601669240816739	0.16294947945213634	0.36233161939571645	6296	0.059222940731616165	0.059222940731616165	0
0.95458984375	189290	0.21840228891786387	0.22366579793304528	0.400138567747897	6592	0.05612722502495952	0.05612722502495952	0
0.9365234375	243060	0.23613003990316514	0.23784833180327658	0.40172460502538215	6502	0.05331095653019552	0.05331095653019552	0
0.890625	42552	0.05079141158804968	0.05613544219705046	0.25633399864148626	5404	0.049540904213891825	0.049540904213891825	0
0.9697265625	74360	0.13662873799241798	0.13608959449217164	0.3040726778442909	5950	0.0964306852380513	0.0964306852380513	0
0.962890625	75890	0.028896542489302245	0.033094725193849345	0.3024137714005761	6172	0.036215663748959646	0.036215663748959646	0
0.92578125	74556	0.13710391292232157	0.14141212418934396	0.3343639329441532	6188	0.08233604968586195	0.08233604968586195	0
0.98486328125	106452	0.033646570780077885	0.03317637767887925	0.29638994890243503	5984	0.03928224490552058	0.03928224490552058	0
0.947265625	110334	0.2566237484224279	0.25769207195167987	0.3546543903321926	6310	0.07505106003329826	0.07505106003329826	0
0.96337890625	47256	0.04686570842844575	0.05329454948657463	0.25922029409644	5644	0.047317768816890274	0.047317768816890274	0
0.9697265625	66506	0.1834626531142827	0.18639983739913035	0.2895382565175527	5720	0.05726450075156831	0.05726450075156831	0
0.95458984375	136730	0.3169892115697212	0.30906181349330086	0.34686020221213915	5944	0.0916265781078052	0.0916265781078052	0
0.8515625	138786	0.01362416606742926	0.0137554633179412	0.30231532576586356	5668	0.014150460285328707	0.014150460285328707	0
0.955078125	88186	0.2911491689638006	0.28534582804920605	0.32423545164294443	6078	0.0759921440976694	0.0759921440976694	0
0.98486328125	75486	0.024181575950366383	0.030571455382283477	0.2876537603009778	6008	0.040218768515420146	0.040218768515420146	0
0.92431640625	76142	0.04504943358149162	0.050192404615237725	0.3071806408979053	5698	0.06307748251798162	0.06307748251798162	0
0.9775390625	79436	0.2884961046096657	0.2873219846058366	0.30343347064893017	5996	0.057339360120834036	0.057339360120834036	0
0.93896484375	96942	0.3583706965649283	0.3576998535813679	0.34420451456315243	6106	0.08354388837781006	0.08354388837781006	0
0.98486328125	133014	0.20377304643231037	0.20217540956241703	0.3013335896073516	5902	0.053993891560523685	0.053993891560523685	0
0.9765625	154500	0.3704145687583747	0.3703945910137793	0.3334138621204544	6068	0.06639139345538948	0.06639139345538948	0
0.99072265625	73476	0.03015375993803271	0.03570754466439733	0.3074597337781888	6428	0.036112729304650246	0.036112729304650246	0
