Utilization	Connections(A2A)	Lvl1TraffRatio(A2A)	Lvl1TraffRatioNoIndirect(A2A)	RatioIndirect(A2A)	Connections(AR)	Lvl1TraffRatio(AR)	Lvl1TraffRatioNoIndirect(AR)	RatioIndirect(AR)
0.9643822156718251	2427544	0.5588694501593973	0.560835736658839	0.3618405960751341	27540	0.11591983075793875	0.11591983075793875	0
0.9346597887496929	1586954	0.5250536709777414	0.5264341898020307	0.3660442100500456	27542	0.11650951692312894	0.11650951692312894	0
0.922623434045689	1788794	0.5865751697703949	0.587461076814001	0.3683072906515634	26668	0.12362318697348236	0.12362318697348236	0
0.9497666421026775	1813654	0.4692602480136295	0.4705597345879975	0.3716186290690115	28146	0.07702868999937855	0.07702868999937855	0
0.9649963154016212	2466520	0.5598646597649537	0.5625847553531669	0.3677327168796454	28464	0.11622868201055515	0.11622868201055515	0
0.9100957995578483	1571980	0.439570681424686	0.4476113251095922	0.39077911954611005	27948	0.0817423914441497	0.0817423914441497	0
0.971997052321297	2559566	0.5719709902839122	0.5730369004507482	0.41108299948693977	29738	0.10771292070536027	0.10771292070536027	0
0.9646278555637435	2622134	0.5604598181274946	0.5636169344358383	0.3770491069660798	28524	0.08928297539649686	0.08928297539649686	0
0.9123065585851142	3053706	0.5486200545928949	0.549947178537225	0.3963308592529992	26698	0.07720032299778413	0.07720032299778413	0
0.9735937116187668	1233714	0.45685831624070716	0.465795216611313	0.35126454380661637	28444	0.09237762269673526	0.09237762269673526	0
0.9689265536723164	2253924	0.596568732060123	0.5980054190454155	0.3528038999608853	27554	0.12367881613197175	0.12367881613197175	0
0.9508720216163105	883720	0.47248131525416076	0.48035119589822467	0.3317963720951946	26762	0.12823440483188053	0.12823440483188053	0
0.9711373126995824	1907786	0.4904538879632078	0.4968886018389342	0.36630753819912704	27616	0.07325738979535222	0.07325738979535222	0
0.8679685580938344	1912160	0.42248703503208745	0.4338537834252792	0.414904032508548	26736	0.07971139196789694	0.07971139196789694	0
0.9263080324244657	2869820	0.5793181918511411	0.5805762048406055	0.38564220268980737	27250	0.08597637693757992	0.08597637693757992	0
0.9209039548022598	2202330	0.5459717328810426	0.5480707378682173	0.39306931086538976	27556	0.13881649560025752	0.13881649560025752	0
0.974207811348563	1737174	0.5262241444967309	0.539183396833275	0.3718987340529896	28676	0.08801896714800644	0.08801896714800644	0
0.9656104151314173	2304700	0.5564169281121941	0.5573939522865362	0.366723486249874	28368	0.10849678633095512	0.10849678633095512	0
0.9588553181036601	1529486	0.46235649748751256	0.4659728699170058	0.3527785224208948	27630	0.08896134266530165	0.08896134266530165	0
0.9588553181036601	1809972	0.5250461502289566	0.5280822056102471	0.3578116092821524	28052	0.1008518688915313	0.1008518688915313	0
0.9441169245885532	2089768	0.5098531397224676	0.5138468923307885	0.3896145810924698	28098	0.13322878766485477	0.13322878766485477	0
0.9469417833456153	2873524	0.566390710928136	0.5673902732103934	0.3848241682161811	28398	0.08959107164865637	0.08959107164865637	0
0.9501351019405552	1650616	0.5451534331087635	0.5499243672443156	0.3728538482031187	28348	0.12318471870063086	0.12318471870063086	0
0.950012281994596	2922732	0.5888982039954072	0.5893840368964268	0.3943027224940306	28900	0.09233031848555835	0.09233031848555835	0
0.9377302873986736	1595212	0.44395978023737115	0.44862863647970413	0.37019301439896934	27344	0.0865836704430415	0.0865836704430415	0
0.9672070744288872	1929462	0.43864385526951666	0.44263260931714926	0.37811100914470447	28618	0.09225372405702999	0.09225372405702999	0
0.8898305084745762	2189248	0.48217740795165026	0.48389140434389066	0.4050270040611011	27400	0.05905084241032715	0.05905084241032715	0
0.8366494718742323	2546862	0.48975374115652315	0.4905733591703323	0.42490153371826245	26270	0.09150425317258003	0.09150425317258003	0
0.96045197740113	1546682	0.45266260952882925	0.45973515573721374	0.3698507783278384	28490	0.08129913077275526	0.08129913077275526	0
0.8576516826332596	1907122	0.46872110420450835	0.474155899124246	0.43366733878949143	27344	0.1250030439367857	0.1250030439367857	0
0.9608204372390076	2648032	0.5998098381017068	0.6023245915868276	0.36954644336297365	28350	0.09506084318387864	0.09506084318387864	0
0.9267993122083026	2898130	0.578447664397368	0.5799131259497315	0.39941577291149416	27830	0.10785971444335284	0.10785971444335284	0
0.963276836158192	1306544	0.47579324910623105	0.4773323131193463	0.3462363171211725	27658	0.09075364916263932	0.09075364916263932	0
0.9734708916728076	2298678	0.5462686387247228	0.5524088618875209	0.36439396862890044	27934	0.0981254431761625	0.0981254431761625	0
0.9649963154016212	1498586	0.47338193700129794	0.4804432854304581	0.3515966292095778	27826	0.09953653178158946	0.09953653178158946	0
0.9459592237779415	3052324	0.6015249799727186	0.6022201835556059	0.4107167846758319	29152	0.115128455871715	0.115128455871715	0
0.7859248341930729	2419568	0.5084340781729908	0.5104611958080841	0.41282923256647047	24598	0.10845252642051778	0.10845252642051778	0
0.9302382706951609	1685068	0.4959497180355867	0.4969670571025764	0.34997962381415976	25720	0.11926058490019119	0.11926058490019119	0
0.9355195283714075	1924080	0.5806390981873703	0.581294265551953	0.36282617734721206	26664	0.1589190970881264	0.1589190970881264	0
0.9570130189142717	1218522	0.4606973867194794	0.46664391827990953	0.3581407170599491	27922	0.11947866538484582	0.11947866538484582	0
0.9549250798329649	1219216	0.44916107851005305	0.4563118214203297	0.3580773378746871	27306	0.10151192868135615	0.10151192868135615	0
0.9613117170228445	2430330	0.5519212592748133	0.5582360415747357	0.3641874834667345	28216	0.10183831083269107	0.10183831083269107	0
0.9496438221567183	1268674	0.4447269982328305	0.4491226285230707	0.3525813615283219	27312	0.08619015703180984	0.08619015703180984	0
0.9322033898305084	983648	0.4608147632904924	0.4684660144228487	0.3490406359624018	27370	0.1210987862472802	0.1210987862472802	0
0.9409236059936134	1021138	0.4592065672047096	0.46639894993774145	0.3518776693292098	27224	0.10898278832966947	0.10898278832966947	0
0.9591009579955785	1170124	0.47362591194651205	0.48152575041998974	0.37931603794760577	29268	0.12027489708258038	0.12027489708258038	0
0.9393269466961435	2563902	0.5720376365995449	0.572597278643782	0.36740572026393914	27008	0.0985522073445642	0.0985522073445642	0
0.9378531073446328	2864498	0.5451076176996555	0.545151643054393	0.4037617780893957	28700	0.0966207383041825	0.0966207383041825	0
0.9228690739376074	1637806	0.499776921638005	0.5007705917880487	0.37635114443032164	27872	0.12567293528995296	0.12567293528995296	0
0.9242200933431589	1655926	0.4941372775083331	0.4954416606673582	0.3523255624396045	25472	0.11441578518126587	0.11441578518126587	0
0.8932694669614345	2798574	0.5936904091231922	0.5949823742546017	0.4228565309023146	28108	0.09683760610875457	0.09683760610875457	0
0.9662245148612134	1310834	0.46294050563924743	0.46833773664934925	0.37397764871306366	28566	0.13379000974313035	0.13379000974313035	0
0.9409236059936134	1954420	0.483729954927872	0.4845640617365749	0.3661810140224367	27046	0.07678631421925694	0.07678631421925694	0
0.9588553181036601	1617498	0.4477644012634119	0.4561189233056304	0.37620098764424775	28724	0.07698567972154624	0.07698567972154624	0
0.8693195774993859	3306726	0.5216887960667886	0.5240296269834109	0.45013530426251536	27570	0.06883348663740275	0.06883348663740275	0
0.9478015229673299	1169744	0.43596068722408243	0.44243057779244505	0.35853708652598626	27314	0.10715184622147328	0.10715184622147328	0
0.9686809137803979	1195362	0.4713251273327163	0.4732686931170442	0.33825269488538917	28034	0.08365480111249457	0.08365480111249457	0
0.9206583149103414	1501774	0.45084489146491397	0.46185661820152885	0.36476570328579516	26070	0.09394993418008689	0.09394993418008689	0
0.9529599606976173	937522	0.4665136828045026	0.47529151944049847	0.3383062221770052	27332	0.10992497961255514	0.10992497961255514	0
0.9342913289118153	3079040	0.5928129765046976	0.594624086669968	0.4322330037531012	29268	0.12336806873152033	0.12336806873152033	0
0.9622942765905182	1842346	0.5279162254808988	0.5315156352120242	0.3690945573065377	28260	0.1023640996575093	0.1023640996575093	0
0.9452223041021862	1558416	0.467951332772583	0.4729201514876242	0.3604975592662624	28134	0.08017828785225743	0.08017828785225743	0
0.9637681159420289	1805822	0.47109881045845636	0.47253579436091026	0.3650385804697223	28506	0.08157921731331343	0.08157921731331343	0
0.9653647752394989	2114274	0.4629164493177038	0.4632454907058061	0.37460929375777147	28220	0.07774605467713139	0.07774605467713139	0
0.9613117170228445	2499476	0.5524904412318519	0.5550639538066796	0.3622850970677219	27820	0.10736191379877524	0.10736191379877524	0
0.9389584868582658	1409294	0.4706242169043964	0.4760283693490204	0.34917489573817573	26746	0.11025852256328271	0.11025852256328271	0
0.9661016949152542	1325438	0.43375269512281234	0.4464495812169096	0.36814963910835113	28328	0.07558165252906839	0.07558165252906839	0
0.9765413903217882	1139014	0.47270610799986307	0.4818340543207884	0.3580471695977998	28886	0.10122932508622118	0.10122932508622118	0
0.9277818717759764	3155300	0.5647078118937909	0.568288627139912	0.41559343676678145	29216	0.08026876622384903	0.08026876622384903	0
0.9174649963154016	4169428	0.5853643531866262	0.5861950181556538	0.4510631382778533	29282	0.10244798524879639	0.10244798524879639	0
0.9536968803733726	3177598	0.6182607650317585	0.6197267028855277	0.39332043921603205	28398	0.09392142783598094	0.09392142783598094	0
0.939081306804225	1520386	0.47405851103931185	0.4755955762229948	0.36095111835541477	27716	0.07759096796665074	0.07759096796665074	0
0.9516089412920659	1665346	0.48626229285893735	0.4906784163649289	0.3660126184886803	27366	0.10926675106065165	0.10926675106065165	0
0.9750675509702775	1023848	0.44498089565235704	0.45288071480770326	0.3430568851534835	28218	0.09830333250945178	0.09830333250945178	0
0.9420289855072463	1493320	0.47744547388386405	0.4828569451910107	0.3569355032323996	27066	0.10397068997009966	0.10397068997009966	0
0.9513633014001474	1737594	0.47532590303199246	0.4808320723703341	0.3803891558511426	28522	0.08193139307703083	0.08193139307703083	0
0.9631540162122328	1394140	0.4671329503955374	0.4722708218102736	0.3366990205755689	26782	0.10545983300020718	0.10545983300020718	0
0.970891672807664	1456940	0.4858810628256433	0.4879306106062083	0.3509685764069133	28138	0.0879186057264532	0.0879186057264532	0
0.935765168263326	1109578	0.4181870372259839	0.4284813930379303	0.3760583297652882	28016	0.10830360256068057	0.10830360256068057	0
0.9277818717759764	1806554	0.4366955865623297	0.4455430651709113	0.4048061580821496	28472	0.08479638339824368	0.08479638339824368	0
0.9395725865880619	1203206	0.47255896840261186	0.47478959892864214	0.3526960362799858	26982	0.14349081023141239	0.14349081023141239	0
0.9603291574551707	2807608	0.5643154601598538	0.569185749958485	0.3873243970087504	28468	0.10868807845811289	0.10868807845811289	0
0.8965856055023336	3062644	0.5556505378222035	0.5573731069246256	0.3995912816099548	26960	0.07340433036119196	0.07340433036119196	0
0.9600835175632523	1244016	0.4254048790162701	0.43022902261553914	0.35355657074646013	27940	0.09396229518051259	0.09396229518051259	0
0.9588553181036601	1893854	0.5398472471690774	0.5439308076302894	0.37072698871374216	28558	0.09342615383842369	0.09342615383842369	0
0.9529599606976173	2039962	0.47947748876739543	0.47981217294445244	0.3765136284690012	27984	0.08469168833265067	0.08469168833265067	0
0.9016212232866617	1574096	0.44414772524808116	0.4469108086133313	0.40235152393328405	27850	0.11685053408002444	0.11685053408002444	0
0.869933677229182	2246548	0.4797899415637295	0.48103926096720384	0.42326081009084104	27702	0.07100911639196288	0.07100911639196288	0
0.8969540653402113	2957298	0.5427404063161266	0.5440903220195233	0.4119469588919813	27674	0.0969784690945278	0.0969784690945278	0
0.9640137558339474	2776556	0.5756377246967969	0.5771679163684795	0.37659069484878865	28880	0.08080427556034521	0.08080427556034521	0
0.9733480717268485	2540482	0.5434113582703126	0.5436639137753182	0.36684350244320374	28498	0.07799120904283234	0.07799120904283234	0
0.9675755342667649	2932410	0.5998229733560133	0.6029538041497211	0.3764840211075848	28388	0.10086712130386553	0.10086712130386553	0
0.9559076394006387	2180858	0.5397685836264163	0.5414750020240496	0.3624343118569424	27854	0.10556719598531716	0.10556719598531716	0
0.9479243429132891	1025918	0.4805335851144497	0.4862767159596417	0.33951587387148696	26590	0.12209400785010177	0.12209400785010177	0
0.922623434045689	2071420	0.474151189576977	0.4741494957635397	0.38594087437947405	27364	0.0788924148746533	0.0788924148746533	0
0.9600835175632523	1919182	0.5362773851049323	0.5379899916910247	0.36780693951454757	28238	0.10959315806805514	0.10959315806805514	0
0.9211495946941783	1637220	0.4726490481790942	0.47524476856104036	0.37057584818528305	26846	0.0959031569099082	0.0959031569099082	0
0.9629083763203145	2716934	0.5442412378636476	0.5482750419644237	0.39082394723881925	29630	0.08177079711588948	0.08177079711588948	0
0.9589781380496193	1376028	0.42087632259634783	0.4303771545021849	0.37716772237658835	28768	0.0754835759364327	0.0754835759364327	0
0.9570130189142717	1874166	0.5677981994132443	0.5686266724752266	0.35964285705868343	28054	0.105304632007165	0.105304632007165	0
0.9695406534021125	1312406	0.4369765523392936	0.4441075075919228	0.36345968560943853	28606	0.0865137100733464	0.0865137100733464	0
0.9828052075657087	2503784	0.5623206540616333	0.5641051962842792	0.36149596493385555	28058	0.10699189603968257	0.10699189603968257	0
0.962171456644559	1575500	0.45833303767450445	0.46040231014790917	0.365972021558528	28604	0.07576396099712839	0.07576396099712839	0
0.9485384426430853	2621674	0.551411174957746	0.5546311600964782	0.3873699063076574	28378	0.10108599602788322	0.10108599602788322	0
0.9638909358879882	1505442	0.45617310491139723	0.4608686779644208	0.36094529467035047	28070	0.08870550401265871	0.08870550401265871	0
0.9637681159420289	1567510	0.5123168125154108	0.5188776880899634	0.3597230570140173	27924	0.09378158902089029	0.09378158902089029	0
0.9123065585851142	3185270	0.5481240590495587	0.5502227100430191	0.4215812830684376	28596	0.0755503185847239	0.0755503185847239	0
0.8844264308523704	2049772	0.48789901041784417	0.48926070995945037	0.39975702840887134	26548	0.09442435544891985	0.09442435544891985	0
0.9180790960451978	1548826	0.44922604463925087	0.4566492124117813	0.3916580830244993	27938	0.10341583190668384	0.10341583190668384	0
0.8429132891181528	1348324	0.4252959541686012	0.4332653880381417	0.395642972824384	25932	0.07887465669779338	0.07887465669779338	0
0.9733480717268485	1404212	0.460434705126988	0.46747508423853185	0.36298059864867827	28866	0.09278542865855328	0.09278542865855328	0
0.8173667403586342	2260320	0.4203460924927458	0.4254177201442886	0.4305370640789031	25576	0.08015845387020593	0.08015845387020593	0
0.9662245148612134	1539978	0.5385227593482609	0.5443182130679484	0.3525672948892851	28332	0.11622416987580636	0.11622416987580636	0
0.9688037337263572	2131898	0.5652657674900701	0.5669023741088987	0.3804482565429134	28826	0.12173774758642915	0.12173774758642915	0
0.9496438221567183	2542172	0.5649584227986021	0.5678083848598979	0.3687835622873299	27418	0.11504000096168093	0.11504000096168093	0
0.9570130189142717	1855306	0.47903635431517033	0.48254508535343804	0.36975387959687117	28622	0.0895683567196154	0.0895683567196154	0
0.9759272905919921	1015030	0.4891645830950091	0.49542843509438556	0.341525617770335	28318	0.1264982872621046	0.1264982872621046	0
0.9713829525915009	1233548	0.4524967973631076	0.46284371637606453	0.35053260264845676	27488	0.08801071599939046	0.08801071599939046	0
0.9545566199950872	1678044	0.46963828959337567	0.4751112832598485	0.3834742769969313	28836	0.08022777027364701	0.08022777027364701	0
0.90506018177352	2293870	0.48486544223031625	0.4865332383795838	0.41720049208643434	28272	0.07254814076365661	0.07254814076365661	0
0.9489069024809629	3207682	0.5975666310079486	0.6034259072830372	0.3893567742129118	28098	0.08250291840889476	0.08250291840889476	0
0.9613117170228445	1413524	0.4800162432172482	0.48278307273163534	0.34812520202906433	27842	0.10277239521462239	0.10277239521462239	0
0.9647506755097027	1128206	0.49446512208585514	0.5014448497056364	0.36697633024957144	28688	0.13265521940721325	0.13265521940721325	0
0.9562760992385163	2367008	0.5711998904629204	0.5738405502133271	0.36166092131250754	28460	0.07843739210503532	0.07843739210503532	0
0.9643822156718251	1646514	0.4738384725757538	0.4783735250589547	0.372218024573926	29594	0.09135286178135622	0.09135286178135622	0
0.964873495455662	1266094	0.43697415079274043	0.4460282158463662	0.35027201208217457	27170	0.10067270245153354	0.10067270245153354	0
0.8861459100957996	3551544	0.599988418370753	0.6010928743406929	0.4446087083265436	28146	0.10171039822290244	0.10171039822290244	0
0.9685580938344387	2098074	0.4808740525528789	0.48422085936374537	0.3799134227817606	29002	0.07851542368776698	0.07851542368776698	0
0.9776467698354213	1292612	0.41946661086706793	0.43170655846372924	0.36637696165970485	28640	0.09490696195843264	0.09490696195843264	0
0.8818472119872267	2846484	0.566601493459583	0.568947440873912	0.41168360610052973	27632	0.0900946704798367	0.0900946704798367	0
0.8718987963645296	4212508	0.570999482658218	0.5723179517826545	0.4489260883081864	27916	0.07464536983047829	0.07464536983047829	0
0.922623434045689	2108408	0.4825751348305834	0.48319884746018865	0.3844652660438579	27682	0.06553004184905817	0.06553004184905817	0
0.9582412183738639	972500	0.4288599074111852	0.4376178491211164	0.33684276505269567	26890	0.08537878719703823	0.08537878719703823	0
0.961557356914763	2580922	0.5955414113490174	0.596238000839318	0.3954322222330385	29038	0.10215103195479469	0.10215103195479469	0
0.9649963154016212	1647202	0.469040881681906	0.46913838136051167	0.35859796336975897	28178	0.08393419419329717	0.08393419419329717	0
0.9367477278309998	3152290	0.5603240936240117	0.5658705057108211	0.40659227922094615	28026	0.08541507004286632	0.08541507004286632	0
0.9705232129697863	1644378	0.4456001853437206	0.4542210755752307	0.3747011766092663	28970	0.07303230575482561	0.07303230575482561	0
0.9684352738884795	2273716	0.5443698345993255	0.5457539614383791	0.36333847204261893	28230	0.08894430929173482	0.08894430929173482	0
0.9600835175632523	1084090	0.4160964868130759	0.4267132550175552	0.3494733075009148	27798	0.0984548921528473	0.0984548921528473	0
0.9676983542127241	2828274	0.5634756422473769	0.5643794566753874	0.3815040520251514	28248	0.09149412495265573	0.09149412495265573	0
0.9570130189142717	2569652	0.5565911192805589	0.5579070770641943	0.4047119010167403	29408	0.11455291806875068	0.11455291806875068	0
0.969786293294031	1790014	0.47625478069149413	0.4777671397180243	0.3598879990428945	28500	0.07122424432788786	0.07122424432788786	0
0.9654875951854581	1538460	0.47374245088912353	0.4758688316501552	0.35357373059018865	28384	0.07008102007318845	0.07008102007318845	0
0.9668386145910096	1271686	0.43226070781365866	0.4397660557255458	0.3759227722870227	29430	0.09493426245577652	0.09493426245577652	0
0.9643822156718251	2333582	0.5584981379295205	0.5639136893890501	0.37146251531670177	28380	0.09596030257941157	0.09596030257941157	0
0.9301154507492017	1580652	0.4421923103967332	0.44603263712013225	0.3718215052764187	27106	0.09095308430927922	0.09095308430927922	0
0.9550478997789241	1874016	0.5297975979397157	0.5362658043356855	0.37582296767536855	28312	0.09564628017727826	0.09564628017727826	0
0.9150085973962172	1539256	0.4447300558285045	0.45109033937273596	0.38700600242522404	28090	0.097732676241666	0.097732676241666	0
0.9539425202652911	1010774	0.4589974360576797	0.4657808991157681	0.3463104301519562	27484	0.09435755624348785	0.09435755624348785	0
0.9416605256693688	3220296	0.5632477573532582	0.5628547038666668	0.41239908250739193	29198	0.10062224342478969	0.10062224342478969	0
0.9589781380496193	1599230	0.4824559170894336	0.4814225353146293	0.3581293236868011	27718	0.0779047719966889	0.0779047719966889	0
0.979120609186932	1583814	0.46838448164342034	0.4738110430673119	0.3702985144385587	28840	0.11366048906777006	0.11366048906777006	0
0.9613117170228445	1675752	0.4559141125002224	0.4566226775316909	0.3632562401199582	27768	0.09569711900681604	0.09569711900681604	0
0.8845492507983297	2174320	0.5108261866700949	0.5170920169363721	0.40618373061573537	26266	0.09712613958006162	0.09712613958006162	0
0.9665929746990911	2332388	0.5264777008419338	0.5307123355870873	0.3753220731356553	28424	0.0890266135369077	0.0890266135369077	0
0.9614345369688038	1455738	0.45283804737799715	0.4548185623181273	0.3569887870810681	28002	0.09150357672610765	0.09150357672610765	0
0.9631540162122328	1967252	0.5433223630864126	0.5446336506632946	0.3562144496581539	27356	0.10285844957445668	0.10285844957445668	0
0.8876197494473103	1657602	0.4304685504366596	0.43762129107278946	0.41096986331461277	27194	0.10806201228641259	0.10806201228641259	0
0.9432571849668386	1552332	0.4744805750395671	0.4781974200616079	0.35768469532114183	27098	0.10619706729499223	0.10619706729499223	0
0.9637681159420289	1085028	0.48020548090553544	0.48884043963694385	0.35059697591887296	27840	0.11359227166880793	0.11359227166880793	0
0.9643822156718251	2594152	0.5566635249006544	0.5577731115949197	0.3759365107989088	28934	0.0803662418136085	0.0803662418136085	0
0.9658560550233358	1293558	0.47248830701359346	0.475059467295221	0.3415773492487099	27508	0.08605107881726105	0.08605107881726105	0
0.9409236059936134	3031722	0.62545158559937	0.6274162145654539	0.37486643848513584	27716	0.10877789249127366	0.10877789249127366	0
0.9026037828543355	1173410	0.3525620460142976	0.36151542881030235	0.4009370096278635	27730	0.06648635635511886	0.06648635635511886	0
0.9342913289118153	1867618	0.46397755307003896	0.4721434349720863	0.39234293695970535	28016	0.09275247605928788	0.09275247605928788	0
0.9140260378285434	1602198	0.4568183708097471	0.4623959366802572	0.39674459518003996	28046	0.1077254743928175	0.1077254743928175	0
0.9602063375092115	1867322	0.47196625006138565	0.4748976002219984	0.3714483676630511	28314	0.0980215074436779	0.0980215074436779	0
0.9638909358879882	2260078	0.5609419705557087	0.564235568910776	0.34808151787061853	27716	0.07934070877324693	0.07934070877324693	0
0.9774011299435028	1304336	0.43509042760317285	0.44467177628530613	0.33860194127037	27498	0.0916019711442093	0.0916019711442093	0
0.9562760992385163	996278	0.4374396728891889	0.44910329700038004	0.3567254620468281	27616	0.08603737436880145	0.08603737436880145	0
0.9636452959960697	1253790	0.46258864768393954	0.4645484046592187	0.34414537218496877	27600	0.0917058500736071	0.0917058500736071	0
0.9662245148612134	2176420	0.5062223726070808	0.5090583965033534	0.37487249570453435	28458	0.10230028702280819	0.10230028702280819	0
0.9582412183738639	2798512	0.5514668077455179	0.551908355727418	0.3825151572998963	28328	0.08220017012853767	0.08220017012853767	0
0.9633996561041513	1232922	0.4658816885501929	0.4756200902550192	0.37522905710660176	28858	0.10564791306572417	0.10564791306572417	0
0.9123065585851142	2270996	0.5670463400673846	0.5740662877965156	0.38525968523390114	27202	0.11534849282298866	0.11534849282298866	0
0.9439941046425939	1654284	0.45936747227583385	0.46067462840062706	0.37430780659794266	27756	0.07473820408744346	0.07473820408744346	0
0.9600835175632523	1055236	0.4751239514102344	0.4803594041250112	0.3370870419876269	27156	0.1033831547474799	0.1033831547474799	0
0.9616801768607222	1483718	0.43712040840045624	0.4410707193688001	0.3489579762886506	27222	0.09946564708891675	0.09946564708891675	0
0.9737165315647262	1383088	0.45750662871665143	0.46140265664695773	0.3362204419570718	26876	0.09644197398069511	0.09644197398069511	0
0.9706460329157455	1462558	0.47736372823665363	0.4808171799213974	0.3504166462762455	27770	0.12171527792111235	0.12171527792111235	0
0.9799803488086465	1310730	0.4440725846253641	0.4524358562189366	0.3678826934407104	28928	0.10036913088056093	0.10036913088056093	0
0.9466961434536969	919172	0.45297465800648967	0.46348423135773853	0.35378768900734503	27052	0.11380909440512273	0.11380909440512273	0
0.9492753623188406	2266574	0.5725321345219995	0.5730131068256945	0.3598777915164417	27872	0.10250998815531166	0.10250998815531166	0
0.9704003930238271	2693822	0.4891649199025414	0.49169981694076975	0.41024362983364293	29506	0.08955965617570864	0.08955965617570864	0
0.9588553181036601	1728380	0.4700659740339916	0.4732804903019973	0.35072550875900843	27272	0.0907523031019797	0.0907523031019797	0
0.9638909358879882	1551626	0.4816206777509322	0.48635497095273683	0.3671250398435409	28230	0.10472674776718788	0.10472674776718788	0
0.7823630557602554	2303190	0.4343005586953422	0.44019238511617637	0.43757885598737456	24308	0.10563534052277312	0.10563534052277312	0
0.9544338000491279	2733064	0.5642973265675566	0.5667583915091566	0.37547716157029404	28396	0.09428462335762784	0.09428462335762784	0
0.9588553181036601	1753076	0.47991048712512147	0.4879292234092924	0.37266946631079495	27810	0.1025469884414195	0.1025469884414195	0
0.9570130189142717	925088	0.4687212729867311	0.476396581562685	0.3403254362801637	26976	0.1261212221252843	0.1261212221252843	0
0.9662245148612134	1546264	0.48058446328226995	0.48090910108512824	0.3433890442043845	27704	0.06850806596143649	0.06850806596143649	0
0.9474330631294522	1240276	0.47563558730452354	0.47822447931054174	0.35716866128316366	27986	0.11433407848320544	0.11433407848320544	0
0.9674527143208057	1981460	0.4667101208780993	0.4672947979695861	0.39041390025495654	29810	0.08000596360545119	0.08000596360545119	0
0.9422746253991648	1702056	0.4703634052417967	0.4763288622876851	0.3838694597637537	28534	0.0832181587053726	0.0832181587053726	0
0.9541881601572095	1429656	0.44965453990860116	0.452233933237532	0.34772024335585217	27184	0.090168933819241	0.090168933819241	0
0.9551707197248833	1402378	0.44447014740779145	0.4463928262033276	0.3595287736976777	28010	0.07532079924041511	0.07532079924041511	0
0.9003930238270695	3080812	0.5417900724974827	0.5425926334500207	0.4085903394523989	27518	0.06959005282993713	0.06959005282993713	0
0.9490297224269222	2847676	0.5541330724411968	0.5563467469987059	0.39254591985394777	28622	0.10376189171982896	0.10376189171982896	0
0.9136575779906657	2741182	0.5589692843810402	0.5597264562943302	0.3770134047115685	26578	0.08447616036481213	0.08447616036481213	0
0.9645050356177843	1607748	0.4210784364037303	0.42818728722500904	0.3754746066471004	28014	0.09895126359679196	0.09895126359679196	0
0.9393269466961435	3615760	0.6296222764688711	0.6305018369872236	0.39020141579944284	28188	0.09154940123214528	0.09154940123214528	0
0.9551707197248833	2909638	0.5753818744144278	0.5789293763324151	0.3833587214894803	28662	0.08694353467349214	0.08694353467349214	0
0.9696634733480717	1728648	0.475061272716724	0.4799831697449714	0.37582930862691294	29300	0.09615450972245514	0.09615450972245514	0
0.9699091132399902	804790	0.43114170246743083	0.44348621864159127	0.32757985835257925	27916	0.09250706782879858	0.09250706782879858	0
0.9588553181036601	2456172	0.541287062693524	0.5451757069086324	0.38470905785299414	28572	0.0918670983424791	0.0918670983424791	0
0.9441169245885532	1325434	0.44658859052410677	0.45572722105071933	0.37336590698488403	28106	0.10623690403279812	0.10623690403279812	0
0.9619258167526407	1823168	0.471010320639396	0.4756718444279213	0.369501366355661	28700	0.09886145725783592	0.09886145725783592	0
0.9688037337263572	1288666	0.4530313296480173	0.4537754277677928	0.345647070417082	28040	0.08928131832001883	0.08928131832001883	0
0.8394743306312945	1162688	0.39847419867012973	0.40849099644688663	0.4117733906990815	26316	0.11896822703939658	0.11896822703939658	0
0.9614345369688038	1990030	0.544591082803448	0.5459595817299814	0.3800087368311067	28976	0.11632293886413436	0.11632293886413436	0
0.9831736674035864	1529840	0.46692334658156237	0.4731035388782447	0.35409532323039533	28902	0.07898759775882057	0.07898759775882057	0
0.9026037828543355	2151292	0.5030109059848596	0.5101558795099528	0.40563317105890806	27484	0.12333198620728802	0.12333198620728802	0
0.9212724146401375	2881734	0.5483522233009273	0.5492245158072745	0.40138138104289567	28120	0.0719122141216668	0.0719122141216668	0
0.9030950626381724	1316802	0.3822188191071418	0.39180071934663013	0.4044931357911142	28332	0.08861042889471193	0.08861042889471193	0
0.9576271186440678	1482792	0.4555226268254597	0.4593042879742821	0.36068082893585274	28382	0.08784242199010146	0.08784242199010146	0
0.949521002210759	1354312	0.43703649829576413	0.4468053999832117	0.3746799098957078	27910	0.09002876685683169	0.09002876685683169	0
0.8680913780397936	3486070	0.6100445070614559	0.611304604586826	0.43389917853856713	27112	0.08833201944105307	0.08833201944105307	0
0.9342913289118153	1343850	0.45129792124054663	0.4602666776159499	0.37719587280092265	27300	0.10193065173724704	0.10193065173724704	0
0.947310243183493	1377690	0.4325105076358206	0.4354895552580349	0.3503909726438374	26846	0.10423941012781324	0.10423941012781324	0
0.945099484156227	1853388	0.47365112327021275	0.4764291214085999	0.37546085459579875	28170	0.08690471844575749	0.08690471844575749	0
0.962171456644559	3013106	0.579369151218433	0.581777231142854	0.3739365488228901	27822	0.1128751307237817	0.1128751307237817	0
0.9656104151314173	2184032	0.49012278917005775	0.4928525690673118	0.3877074395695923	28686	0.0788862323039078	0.0788862323039078	0
0.915499877180054	1890712	0.5252756492383055	0.5315721614453076	0.38447543928975486	27734	0.11125885510203766	0.11125885510203766	0
0.9694178334561533	1621930	0.4474870773861433	0.4508710515896013	0.37353071063391124	29098	0.08147149459173489	0.08147149459173489	0
0.9545566199950872	982332	0.4655720505897059	0.472822291828689	0.34129890244076616	27160	0.11539312883730946	0.11539312883730946	0
0.9591009579955785	1813946	0.48518482509120675	0.4885440448436034	0.3626984587276035	27606	0.10923990353956857	0.10923990353956857	0
0.9711373126995824	1054806	0.4867666531334606	0.4933072983411371	0.3492558851353884	28268	0.10664257574147969	0.10664257574147969	0
0.9312208302628346	1853428	0.5262726149894089	0.5335520931674259	0.37751731497898544	27744	0.10953162361559769	0.10953162361559769	0
0.9201670351265046	1540526	0.44314050238517866	0.4496863485820763	0.3712886566863734	27184	0.0709643904955811	0.0709643904955811	0
0.9508720216163105	957266	0.46575194658246793	0.47443223411078983	0.35487310610795036	28026	0.1169609523654756	0.1169609523654756	0
0.9692950135101941	2184404	0.5506782512016682	0.5563842352929343	0.3565587975367444	27628	0.10369281620894216	0.10369281620894216	0
0.9442397445345124	1462830	0.45350669286481793	0.4590457026810406	0.3514152349268642	26616	0.11020983011991016	0.11020983011991016	0
0.9457135838860231	1473964	0.46340100283368607	0.46687635371622355	0.36973525145603436	27536	0.1087275265416048	0.1087275265416048	0
0.9220093343158929	3314352	0.5868980394110291	0.58671005749003	0.4152425627709441	28750	0.11289211848406107	0.11289211848406107	0
0.9536968803733726	1381180	0.46541582241863383	0.47203936389947504	0.38238662038265225	28784	0.11537341721039435	0.11537341721039435	0
0.936870547776959	2124182	0.5019274205362959	0.5035587322216901	0.4026160705933948	28868	0.0843774550007265	0.0843774550007265	0
0.9492753623188406	1860180	0.5286025962554204	0.5301405831519238	0.3805489144367497	28406	0.0957265178642792	0.0957265178642792	0
0.9716285924834193	869252	0.41864352358801676	0.42640851210472336	0.3402086398210888	28096	0.0852470401359441	0.0852470401359441	0
0.9638909358879882	874418	0.4500941182511354	0.45537881315763523	0.31937606803899327	25968	0.1045786178597267	0.1045786178597267	0
0.9487840825350037	2909212	0.5489004573146691	0.549548702921358	0.39347487511878493	28178	0.07541189864831793	0.07541189864831793	0
0.8964627855563744	1784278	0.4909875966590456	0.49744833248723985	0.3990553523740193	27528	0.1213747017396954	0.1213747017396954	0
0.9465733235077377	967202	0.41051512435737014	0.4188287324046925	0.35250436511052424	27458	0.09623653046345716	0.09623653046345716	0
0.9732252517808893	985028	0.45335501186219623	0.4650667170487744	0.34899176783119223	28426	0.09920802840736198	0.09920802840736198	0
0.9679439941046426	3245216	0.6007002483831724	0.6022217713467611	0.4188312942895002	30244	0.10668543372776502	0.10668543372776502	0
0.9661016949152542	2904130	0.5431728348751037	0.5453956003233874	0.38645620042687695	28124	0.08470305290061408	0.08470305290061408	0
0.9135347580447064	1649268	0.4867380925789218	0.49009080777141295	0.3828345461981147	26828	0.11933307144017001	0.11933307144017001	0
0.9692950135101941	1642462	0.5330338929140834	0.5340948836523761	0.36135672873931607	28296	0.09671018211478198	0.09671018211478198	0
0.9610660771309261	1853892	0.4861258974542138	0.48647546657527574	0.3701756574558274	28294	0.0819691038274775	0.0819691038274775	0
0.9478015229673299	1248180	0.4455288262697803	0.4532947663224273	0.35732346342657256	27188	0.10972555776686509	0.10972555776686509	0
0.9805944485384427	2341256	0.5479441826505617	0.5541782724043494	0.36704839943448436	28932	0.07922490238161824	0.07922490238161824	0
0.9686809137803979	1674126	0.46499007224598676	0.4695094992082484	0.37890867861185545	29188	0.08829758168454717	0.08829758168454717	0
0.8801277327437976	1831516	0.4836023719260351	0.4890832206755937	0.40185562763953225	27222	0.09902841848314142	0.09902841848314142	0
0.9123065585851142	2469086	0.5759286789309227	0.5802099087100682	0.37291842154523586	26432	0.12111396955112651	0.12111396955112651	0
0.945099484156227	1640420	0.46732600503236044	0.47462708194225955	0.36998352203435103	27834	0.08156364953184271	0.08156364953184271	0
0.9754360108081552	2900360	0.5900030030116135	0.5913264485314927	0.37640035052411647	28332	0.09672010256632758	0.09672010256632758	0
0.9539425202652911	1267254	0.4341641387526747	0.4442462490318424	0.36178882966346965	27448	0.08675286923356411	0.08675286923356411	0
0.9377302873986736	1583608	0.4963637859778076	0.5042233782279945	0.3624797910173076	26686	0.11007498345199085	0.11007498345199085	0
0.8818472119872267	1673364	0.5805027048807376	0.5838034309093618	0.3773617479490278	26394	0.15300290294479751	0.15300290294479751	0
0.9123065585851142	3371346	0.59495495961647	0.5949667745469964	0.41257017743804264	27878	0.09049233081306013	0.09049233081306013	0
0.9280275116678949	1748658	0.57337381607583	0.5730521408032588	0.3638937629799275	26282	0.13993005539755451	0.13993005539755451	0
0.9733480717268485	1256540	0.4111711868196614	0.42003871251103214	0.3723830692219898	29362	0.09626392183995174	0.09626392183995174	0
0.9505035617784328	1310558	0.4663068161207966	0.47336239867242297	0.3613589572729698	27376	0.10499941352209104	0.10499941352209104	0
0.9625399164824368	2136296	0.4774175806518719	0.48104026410855116	0.3967079272570482	29522	0.10598254412707227	0.10598254412707227	0
0.9296241709653648	1896170	0.45700969491592475	0.4623057994316153	0.38748792219271005	27492	0.09516383900348467	0.09516383900348467	0
0.9481699828052076	2653684	0.5551643886734593	0.5566200617778846	0.3866195974151097	28956	0.07055460406361534	0.07055460406361534	0
0.89240972733972	2104780	0.48079511234222605	0.48162362616904736	0.39234235075441387	26058	0.07908977216649248	0.07908977216649248	0
0.9295013510194056	2878608	0.5930976830014288	0.5945405145482311	0.38220957743573375	27878	0.09312274955479484	0.09312274955479484	0
0.9625399164824368	2023202	0.4833994049902963	0.4864185213174754	0.3905481892770612	29648	0.10528617607065528	0.10528617607065528	0
0.9573814787521493	1304686	0.4549292579580151	0.46333962435036663	0.3598777691021578	27642	0.10332589313718711	0.10332589313718711	0
0.9688037337263572	2248030	0.5438689137223117	0.5461293892152354	0.3797031880788852	28276	0.08261690622631539	0.08261690622631539	0
0.9575042986981086	1337098	0.4665030405084409	0.4673656945419749	0.3458251561649471	27692	0.07613173535439756	0.07613173535439756	0
0.9665929746990911	1814186	0.4562909651469714	0.46274884169286445	0.38063408804022353	28450	0.08001803580365115	0.08001803580365115	0
0.9772783099975436	1142736	0.44252521016184015	0.4519897306733529	0.34995854250295055	28334	0.0837570112809109	0.0837570112809109	0
0.9174649963154016	1714084	0.5890606694360107	0.5962279453340354	0.3601497337631066	25576	0.1160508263107868	0.1160508263107868	0
0.9723655121591747	1550726	0.492881416344846	0.49954245104079503	0.36438482044017945	28568	0.10116667311788403	0.10116667311788403	0
0.9250798329648735	998110	0.4075201904493165	0.42156056706377626	0.3762183418119352	27758	0.0827504102283506	0.0827504102283506	0
0.9455907639400639	1486862	0.5267970100546917	0.5283172534178346	0.3536323904045146	27544	0.095487223194065	0.095487223194065	0
0.8548268238761975	2024516	0.4867609831867681	0.49362504848733807	0.4068814051834962	25802	0.10570073216894639	0.10570073216894639	0
0.9540653402112503	2441448	0.5616267159123282	0.5655675409754443	0.3664932739767512	27604	0.118582015726284	0.118582015726284	0
0.8732498157700811	2901330	0.5463206449172269	0.5476117666355886	0.4107805098442496	26896	0.07297196718528819	0.07297196718528819	0
0.9695406534021125	2023054	0.5427268800200159	0.5449410701208844	0.3726911348566411	28516	0.11167701665615144	0.11167701665615144	0
0.9490297224269222	1538452	0.44184584532909993	0.4471898854906473	0.37131143374275727	27782	0.109162696769604	0.109162696769604	0
0.9554163596168017	4271674	0.6282634898062703	0.6318970331578082	0.41499826110945204	29264	0.09801001924640208	0.09801001924640208	0
0.9231147138295259	1460112	0.48682957336300176	0.49064702728353904	0.35812471245690447	26216	0.13169277964464798	0.13169277964464798	0
0.9637681159420289	1421148	0.4228497040209172	0.43221573526504287	0.3719206407201064	27938	0.09009843241074326	0.09009843241074326	0
0.9563989191844755	1096394	0.4680356647451828	0.4720785605822997	0.3314786622440175	26852	0.11767448824431465	0.11767448824431465	0
0.9442397445345124	2422158	0.5847182796810764	0.5842356761278561	0.3934830767587843	28546	0.09705008113226928	0.09705008113226928	0
0.9686809137803979	2349930	0.567501796065539	0.569076460767091	0.39119409918147746	29886	0.1022279517962002	0.1022279517962002	0
0.8820928518791452	4554862	0.639939248993915	0.6418260616557233	0.43759868060061285	27418	0.09949478534603062	0.09949478534603062	0
0.9619258167526407	1973972	0.4880394664131013	0.4878639708372346	0.39253221710179487	29092	0.0881491957962387	0.0881491957962387	0
0.9086219602063375	1330238	0.49756269387680413	0.49802499719316473	0.3515150066607695	25634	0.12187083280693135	0.12187083280693135	0
0.9550478997789241	1852246	0.5158691750071641	0.5172990145138469	0.35460627394390026	27178	0.11417870950877301	0.11417870950877301	0
0.9448538442643085	2144352	0.4933884603252676	0.49604962121283624	0.38171138590695813	27624	0.07189313142513763	0.07189313142513763	0
0.9595922377794154	1397504	0.4692913406233365	0.47304928084388626	0.3573129885179391	28022	0.09953092684295073	0.09953092684295073	0
0.9403095062638173	1490344	0.4562773780055676	0.46267864626016836	0.374146110949507	27508	0.12139485958211725	0.12139485958211725	0
0.9307295504789977	2781916	0.5857347781063232	0.5881093343196194	0.38923638851766706	27548	0.08318741012321411	0.08318741012321411	0
0.9238516335052812	3169148	0.5612235806249671	0.5635096125854061	0.39932659196257614	27544	0.07203226363203691	0.07203226363203691	0
0.9573814787521493	2107466	0.5780389870152209	0.5796237696828308	0.37127588763614955	28384	0.12989727627773368	0.12989727627773368	0
0.9474330631294522	2762934	0.5284116930216108	0.5323059826447186	0.4044815479458634	28930	0.10462830383517124	0.10462830383517124	0
0.9392041267501843	2844040	0.55144460799772	0.5526728980600698	0.38760145464673007	27962	0.0842824525584656	0.0842824525584656	0
0.968189633996561	1797818	0.4824054767615508	0.48401582824929895	0.35638097679177644	27304	0.10343911391302413	0.10343911391302413	0
0.9622942765905182	2668492	0.5547814383106987	0.557428418563377	0.3856142463844552	29234	0.08757835990252039	0.08757835990252039	0
0.9595922377794154	1554794	0.5260961711889156	0.5285170850278852	0.35687736144805476	28136	0.10144443065225416	0.10144443065225416	0
0.9631540162122328	2718738	0.5562183635106744	0.5559743708506467	0.39038873922044853	29416	0.07762032370858585	0.07762032370858585	0
0.9692950135101941	2553364	0.5761215788034953	0.578758948043928	0.3657087215448944	28694	0.10016227981853147	0.10016227981853147	0
0.9259395725865881	2272386	0.5568504273613227	0.5639621511811921	0.3776640836095139	27404	0.1093979225113741	0.1093979225113741	0
0.9393269466961435	1782594	0.4787103565922912	0.48257956889008263	0.37635624034764414	27772	0.12315942223809845	0.12315942223809845	0
0.9685580938344387	1339172	0.44876875991283977	0.4597992260658587	0.3658881173431398	27882	0.10468573437143948	0.10468573437143948	0
0.9570130189142717	845898	0.44311747115314293	0.45698426077050386	0.3349606796059381	27054	0.08900925367120471	0.08900925367120471	0
0.9809629083763203	1282378	0.4479898930955093	0.4535928656841924	0.3583344432603704	28750	0.09737103129013065	0.09737103129013065	0
0.9611888970768853	1010038	0.4769198285285785	0.4849525922887247	0.3482917261865632	27910	0.10999118532134132	0.10999118532134132	0
0.87816261360845	4226684	0.5928130557101466	0.5938251403229249	0.43779405699156854	27798	0.08709689705558797	0.08709689705558797	0
0.9611888970768853	2674536	0.5649758701478326	0.5659280002182683	0.38642172234820493	29118	0.08386923561178787	0.08386923561178787	0
0.9631540162122328	1540396	0.5402625355070095	0.542791918805427	0.3530392262978658	26960	0.11637019516666204	0.11637019516666204	0
0.9358879882092852	1646968	0.4436128256777712	0.450381146418384	0.3791814292566627	27936	0.08911641076915668	0.08911641076915668	0
0.9662245148612134	1829438	0.46935104537273603	0.471248310530389	0.37113861068029963	28662	0.09270126541496766	0.09270126541496766	0
0.9475558830754115	2156020	0.3267573766541107	0.3331096770446243	0.4079857513990508	28256	0.08649754346552163	0.08649754346552163	0
0.9613117170228445	1495202	0.46659581043041737	0.4735274203437045	0.3561479472007762	28346	0.09512633340760461	0.09512633340760461	0
0.9588553181036601	2416904	0.5539545762775079	0.5545673457962687	0.37084323632975286	28444	0.0670108004039932	0.0670108004039932	0
0.9513633014001474	2176306	0.5433064349070341	0.5454429299383601	0.37845790455529965	27912	0.11028275155193763	0.11028275155193763	0
0.8570375829034635	1485932	0.4470950818861507	0.45015334385261085	0.39806273102765966	26468	0.09752238153805699	0.09752238153805699	0
0.9560304593465979	3101986	0.5955047738649949	0.59451586247868	0.3825647610381681	28230	0.11655179117029517	0.11655179117029517	0
0.9774011299435028	1249604	0.4459469875565394	0.45037271982586874	0.346199308349618	28418	0.08225919303326897	0.08225919303326897	0
0.9492753623188406	1525960	0.4606399585018999	0.46550376054681747	0.37005068366467	27648	0.10916396380021999	0.10916396380021999	0
0.9503807418324736	2871466	0.5590622682223675	0.5606178017061807	0.3967212425797193	29284	0.08220369732392717	0.08220369732392717	0
0.9631540162122328	1495096	0.4450250556700208	0.453824606883605	0.3602243520762732	28004	0.08337138243336624	0.08337138243336624	0
0.8825841316629821	2553416	0.5480409625988879	0.5527924753267623	0.39304158308388365	26174	0.09200287993073251	0.09200287993073251	0
0.9334315892901007	1680874	0.4693755103753681	0.47451187568608894	0.39889058113783915	28880	0.11363762392856976	0.11363762392856976	0
0.9124293785310734	2840536	0.5856673577136948	0.5871289610129725	0.3802845714165792	26660	0.0908356784283658	0.0908356784283658	0
0.9302382706951609	1805448	0.48074148295439706	0.48828738874091754	0.3612224921350245	27178	0.08231958839452662	0.08231958839452662	0
0.972611152051093	2697866	0.5521517698573558	0.556011849279329	0.3838886493029005	28968	0.0997668460963028	0.0997668460963028	0
0.9754360108081552	2789106	0.5686723627609203	0.5698881354497549	0.37886907928740726	29136	0.06497126792776865	0.06497126792776865	0
0.9653647752394989	1892870	0.47787071307730544	0.47903517950293084	0.38039803695839325	29456	0.0763942888295527	0.0763942888295527	0
0.9706460329157455	1552916	0.45377861864743024	0.4602835441420537	0.3592465768146082	28238	0.09223964286811813	0.09223964286811813	0
0.9642593957258658	836682	0.42053625768122216	0.430071173350205	0.33036704033919295	26666	0.0918114696042087	0.0918114696042087	0
0.9557848194546794	2042244	0.5258994237126104	0.5278320332540805	0.37178678753451244	27760	0.09460038297821259	0.09460038297821259	0
0.9738393515106853	1769048	0.4593614167297206	0.4630952727503572	0.37206414648947916	28592	0.10637591067046455	0.10637591067046455	0
0.9175878162613609	1426544	0.4493483650530747	0.4549411694988983	0.3993233310179647	28528	0.12142468795742078	0.12142468795742078	0
0.9336772291820191	2069308	0.5191575233227753	0.5257744537075946	0.3949189601247017	28246	0.1011433416327638	0.1011433416327638	0
0.9508720216163105	1590690	0.532123564313016	0.5342074138520937	0.35834326509970005	27408	0.1148336670934888	0.1148336670934888	0
0.9102186195038074	2889444	0.5429031680636937	0.5438062126165416	0.4029194501571527	27282	0.07973503275644646	0.07973503275644646	0
0.9457135838860231	1812400	0.5536905089685268	0.5546968947092187	0.36452913352570276	27856	0.10802212204628159	0.10802212204628159	0
0.9447310243183493	3005910	0.5714209484688954	0.5733772657197117	0.409586952362837	29198	0.09703500899230721	0.09703500899230721	0
0.9695406534021125	2150456	0.5374713683400731	0.537771720990627	0.3776423942597455	28932	0.10042293885422594	0.10042293885422594	0
0.9492753623188406	876244	0.4540273354402498	0.4630584345464122	0.3320446422736463	26600	0.11033897503465223	0.11033897503465223	0
0.9683124539425203	2592022	0.5575459101823473	0.5601891613082571	0.37771916605843786	29226	0.09930044348593586	0.09930044348593586	0
0.9002702038811103	1584508	0.5261513852573563	0.528581135277503	0.37747993781433054	26608	0.13962914233012577	0.13962914233012577	0
0.9744534512404814	1868220	0.5470820726415176	0.5490754486943018	0.36757593007123673	28504	0.11828643091682078	0.11828643091682078	0
0.8917956276099238	2820608	0.5835962146969201	0.584490005411999	0.41540975639323613	27810	0.10987294308719388	0.10987294308719388	0
0.9603291574551707	960982	0.43541809983633833	0.44281213129479857	0.34695523520376553	27678	0.10296884488671199	0.10296884488671199	0
0.9485384426430853	1581940	0.4482661872777924	0.4538042014347478	0.38564097604932296	28582	0.10492947157789972	0.10492947157789972	0
0.9309751903709163	883256	0.47728074796203485	0.4860143153743392	0.3491909815830085	26568	0.10625733205175038	0.10625733205175038	0
0.9018668631785802	2776264	0.5155878947276317	0.5198209201020302	0.39981015100356015	27098	0.08801790759301555	0.08801790759301555	0
0.9318349299926308	1869676	0.4564539188425441	0.46017803205285324	0.38525274937224285	28024	0.0963946259686747	0.0963946259686747	0
0.9754360108081552	1161376	0.43233383786766827	0.4391688821473554	0.3504548427800911	28190	0.11619873716655725	0.11619873716655725	0
0.9614345369688038	2865832	0.5657151224048501	0.5668801626353911	0.3882727232369298	28742	0.109695743641389	0.109695743641389	0
0.9523458609678211	1226004	0.44276376985973975	0.44935244321710077	0.35651705503317616	27218	0.11094451872176754	0.11094451872176754	0
0.9247113731269958	2238178	0.5661422087187177	0.570362427410915	0.38383275927809707	27746	0.09975218627882261	0.09975218627882261	0
0.9594694178334562	1384686	0.4570120593060248	0.4602243958805061	0.3566290210513474	27892	0.07952935761182275	0.07952935761182275	0
0.956644559076394	2786982	0.5609764755736483	0.563579209107668	0.38871734084967846	28742	0.088583482241118	0.088583482241118	0
0.9692950135101941	2639278	0.5658025385133701	0.5700607127984655	0.3745569961848736	28684	0.11473188453062505	0.11473188453062505	0
0.9600835175632523	2855162	0.5817640302939469	0.5821217801565679	0.38235070763271883	28592	0.08615047239123863	0.08615047239123863	0
0.961557356914763	1047930	0.5054166254808333	0.5131523323630403	0.3503909299526182	28358	0.12732985842913133	0.12732985842913133	0
0.9307295504789977	1522068	0.48900381846781976	0.48994673035003394	0.3669357606284544	27084	0.12035246994568938	0.12035246994568938	0
0.9686809137803979	1989232	0.533831711199981	0.5377151679564826	0.3793582445712373	28788	0.10706196661624982	0.10706196661624982	0
0.9640137558339474	2352104	0.5679075823984692	0.5700849044685071	0.3620421893420362	28934	0.07091758021643378	0.07091758021643378	0
0.8769344141488578	2324664	0.49727689831536886	0.4994284534619462	0.3993032165664309	25982	0.08279309250693116	0.08279309250693116	0
0.9211495946941783	4091278	0.5883811915988365	0.5930040314062636	0.41565057914413134	27840	0.08377591478686562	0.08377591478686562	0
0.9229918938835667	1894488	0.4875498315450659	0.4887834665837098	0.37653688895999404	27262	0.06411646182341803	0.06411646182341803	0
0.9643822156718251	963284	0.4187594079197711	0.4321531238200904	0.34827382973096416	27184	0.08571236983113767	0.08571236983113767	0
0.9485384426430853	1155108	0.40850683618457473	0.4241147978489644	0.38162637924408194	27930	0.11017727296916201	0.11017727296916201	0
0.9645050356177843	1516270	0.43332889035622024	0.4368586191145474	0.3627048718199008	28502	0.0914317565325062	0.0914317565325062	0
0.949521002210759	2080690	0.42139230141909456	0.42558053041811644	0.3940185341328923	28366	0.0884185622903144	0.0884185622903144	0
0.9430115450749201	1035526	0.5150394351928637	0.5204775083801534	0.3486926668630452	27416	0.1304691604700946	0.1304691604700946	0
0.9487840825350037	1030968	0.5173811214404372	0.5239190596076134	0.34837206787161284	27718	0.12813530065231246	0.12813530065231246	0
0.9388356669123066	2258600	0.5655114968442517	0.5659027079726208	0.38605546380662287	27710	0.09230535505103267	0.09230535505103267	0
0.9668386145910096	2504242	0.5449276379445193	0.5522910311196011	0.37728283483517205	28784	0.08041021328330746	0.08041021328330746	0
0.9202898550724637	2173918	0.6015098206238972	0.6017466984922016	0.36915978789979786	26300	0.130611632836901	0.130611632836901	0
0.952837140751658	2215610	0.5501351869155604	0.5582262077322194	0.35324115266964334	26590	0.08743760379704718	0.08743760379704718	0
0.9642593957258658	1902034	0.45513555712263914	0.4562972096651537	0.3930395905974016	29352	0.07918939017412176	0.07918939017412176	0
0.9415377057234094	3216588	0.546025386947489	0.5492477378952209	0.4188172172788766	29032	0.09065189570167419	0.09065189570167419	0
0.9672070744288872	1019866	0.47079272805776684	0.47881241556836746	0.3562012283080116	28788	0.11927001654480555	0.11927001654480555	0
0.8625644804716286	1916148	0.4975417264803452	0.5006462343009747	0.4038842538820168	26412	0.11190937130545459	0.11190937130545459	0
0.9598378776713339	2208114	0.5625601716753992	0.5629355857000286	0.37882315494525587	28396	0.1257761441867838	0.1257761441867838	0
0.9756816507000737	1155166	0.4541727513639571	0.4597063398786183	0.33538316198846335	27100	0.10360844367228385	0.10360844367228385	0
0.9586096782117416	3082010	0.6048125149100584	0.6059268750338035	0.40727657366582276	28440	0.10821454612091506	0.10821454612091506	0
0.9613117170228445	1512126	0.45342119383995283	0.4590887667702057	0.36120866280492	28380	0.08946348900802854	0.08946348900802854	0
0.8855318103660035	3214204	0.5563819847204734	0.5585460174106288	0.4274722265853235	27790	0.09381881577473995	0.09381881577473995	0
0.9070253009088676	2536828	0.5675391793203178	0.5707886223170492	0.38467259966980333	26600	0.10827648446118597	0.10827648446118597	0
0.9656104151314173	1439112	0.4386494765812692	0.4430084067949027	0.35480463990866756	28092	0.10322907177765649	0.10322907177765649	0
0.8878653893392287	1932284	0.4791737553521551	0.4802741466266504	0.3951394893165545	26578	0.06174645088158539	0.06174645088158539	0
0.9118152788012773	1049462	0.5005861451034633	0.5064778062839533	0.3668162143681663	27070	0.1313433205102372	0.1313433205102372	0
0.9598378776713339	1240910	0.4751930449672883	0.4777803278491985	0.3631931617130866	28896	0.11465777018777101	0.11465777018777101	0
0.9478015229673299	1226188	0.4473523011254718	0.4566840556817737	0.3540416609264568	26720	0.10572860513810663	0.10572860513810663	0
0.923728813559322	3587582	0.6057428964410474	0.6075966039313668	0.39247481218073704	27652	0.0812855233180657	0.0812855233180657	0
0.9651191353475804	1307050	0.4698058357953505	0.47435002995072617	0.3613991510373367	28034	0.11513851869671676	0.11513851869671676	0
0.9475558830754115	1819806	0.4550747453106636	0.45833923557813944	0.3855628391170301	28300	0.10522874804311504	0.10522874804311504	0
0.9613117170228445	1322192	0.4366730995130625	0.4470202330195132	0.3565204765790515	27368	0.0872498345363249	0.0872498345363249	0
0.9135347580447064	4130474	0.5953529578487338	0.5967618716651842	0.43200074587786697	28126	0.10098359967019792	0.10098359967019792	0
0.9007614836649471	3180120	0.5457359261320112	0.5477567562280501	0.41996732971295003	27508	0.0693672674721914	0.0693672674721914	0
0.9704003930238271	2512156	0.5554046029093732	0.5576427576815447	0.371672955387837	28792	0.1063826687428492	0.1063826687428492	0
0.9503807418324736	1290624	0.4751227510401516	0.47681053043594496	0.3431434570651309	26978	0.08065099592740689	0.08065099592740689	0
0.9444853844264308	2920814	0.5434534951906814	0.5443573107970117	0.40272111242932135	28846	0.08770191020016888	0.08770191020016888	0
0.9081306804225007	1784770	0.4689923972747288	0.47308103753071157	0.3883510671796407	27834	0.08139647735470647	0.08139647735470647	0
0.8881110292311472	4140144	0.6099058874465811	0.6110082729495271	0.4204141338142959	27330	0.1012197698211358	0.1012197698211358	0
0.9428887251289609	1596904	0.442240612358856	0.4496341146034257	0.36528819831506154	26832	0.07232159878840184	0.07232159878840184	0
0.9363792679931221	1743324	0.4717906472691888	0.47459605145373	0.360650692132658	27082	0.09293950574484766	0.09293950574484766	0
0.7816261360845002	1570772	0.4068770004964148	0.4135391959151942	0.4211752403784756	24386	0.09271887869371657	0.09271887869371657	0
0.9625399164824368	1323768	0.45039582383863347	0.45515674780172016	0.35837775767281405	28266	0.08801648756580586	0.08801648756580586	0
0.963276836158192	1556296	0.451690568181879	0.46045657202248713	0.36946262329148527	28102	0.07674654569005267	0.07674654569005267	0
0.9715057725374601	880370	0.42337604098230414	0.43443142156896886	0.33753193949009647	27232	0.09705869008040702	0.09705869008040702	0
0.7958732498157701	1911784	0.4470331623551562	0.4483930445961217	0.4290664697835851	24782	0.11705712026180425	0.11705712026180425	0
0.962662736428396	1489854	0.46511782552968284	0.46700723449094733	0.3640743096531356	28024	0.08332567705068411	0.08332567705068411	0
0.9376074674527143	2650254	0.5519105833193466	0.5537428701636632	0.3790455153549223	27358	0.0694417358772058	0.0694417358772058	0
0.9772783099975436	912860	0.4304204422798819	0.4402979480349754	0.3473683108433705	28262	0.11313578467791417	0.11313578467791417	0
0.9799803488086465	1594228	0.47201125958885726	0.4792743506632208	0.3706960106878476	29252	0.10547961740091384	0.10547961740091384	0
0.9625399164824368	2422122	0.5587391877820156	0.5621964846416516	0.3816223655447699	29514	0.08948387843834478	0.08948387843834478	0
0.9411692458855319	2489956	0.5597856109019137	0.5611867238802647	0.36921069463412937	27630	0.09890984395035819	0.09890984395035819	0
0.968189633996561	1783490	0.542738106202236	0.5457083121589962	0.35366662218116557	28046	0.1171710787955186	0.1171710787955186	0
0.9713829525915009	1259656	0.44600773998005594	0.45527980914464505	0.35855233353637567	28634	0.08278272933209478	0.08278272933209478	0
0.9652419552935396	2354648	0.5663180402905708	0.5711661194489511	0.34459165449501583	26556	0.10487644605784154	0.10487644605784154	0
0.9539425202652911	1681166	0.4661685680270897	0.46842761867020705	0.36562313759834647	28542	0.06584357015376967	0.06584357015376967	0
0.9575042986981086	1316744	0.425956462953275	0.43819686660628093	0.3566856405239374	27134	0.08267358144996796	0.08267358144996796	0
0.979120609186932	1637526	0.4611054887255617	0.46516109635170255	0.375810363167806	29556	0.0848756857887127	0.0848756857887127	0
0.9561532792925571	1918088	0.47735017091800164	0.4777088812847257	0.3834586133864162	29124	0.072075592464258	0.072075592464258	0
0.9814541881601572	1094436	0.43868140972424313	0.4434861667278925	0.3163678961520265	26566	0.07825419943769875	0.07825419943769875	0
0.9788749692950135	1574086	0.4376573189507517	0.44590972859791306	0.3672336645988765	29116	0.07222234739879274	0.07222234739879274	0
0.9254482928027512	1471336	0.4651557849680316	0.467258284255726	0.35996016986354057	27232	0.08687545552023689	0.08687545552023689	0
0.9638909358879882	1318086	0.4831446357979658	0.48471091606162936	0.34056922178342247	27742	0.08292483056131611	0.08292483056131611	0
0.9518545811839842	2003374	0.4485324329041654	0.45108475867620057	0.3959217820437892	29518	0.09029487042187313	0.09029487042187313	0
0.9290100712355687	1266220	0.462615443346365	0.47043775113714803	0.36834082220302045	27012	0.09806295726742043	0.09806295726742043	0
0.9572586588061901	1179300	0.4444779467529347	0.4499048194783551	0.3594343072211396	28228	0.10279040263165541	0.10279040263165541	0
0.9597150577253746	1941808	0.5409246630776231	0.5432130361963275	0.3710332897646753	27990	0.12455410359841239	0.12455410359841239	0
0.9680668140506018	883604	0.45651860601533417	0.4687192613121804	0.3416479696061741	27094	0.11627614901860046	0.11627614901860046	0
0.9471874232375338	2158110	0.5528295788571274	0.556798743137963	0.3843506352460937	28608	0.1113603034562997	0.1113603034562997	0
0.9570130189142717	2425350	0.5473280570363875	0.5533636268344965	0.38548306786891384	28904	0.09007023139315369	0.09007023139315369	0
0.9270449521002211	1069298	0.4350749485262257	0.4475940644042003	0.36902384817714995	26768	0.10354438572145754	0.10354438572145754	0
0.8942520265291083	4174692	0.5962017922592187	0.5982280992006302	0.43446452386979617	27876	0.08403981647246189	0.08403981647246189	0
0.9710144927536232	2389138	0.5410788261431588	0.5472967968449757	0.3736601578147918	29036	0.09204194687828539	0.09204194687828539	0
0.9658560550233358	1552458	0.4820885550373657	0.48242995143519174	0.34976107269458695	28088	0.07978311820877246	0.07978311820877246	0
0.952837140751658	1471648	0.46561115842288564	0.4680962630127423	0.35598762860522865	27140	0.11560701462967089	0.11560701462967089	0
0.9633996561041513	1171838	0.44913070350441325	0.45676428127762675	0.3495930036157781	27284	0.097020996687793	0.097020996687793	0
0.9563989191844755	1401726	0.4627732500113963	0.46331386201499575	0.35646295344228673	27522	0.08534394222406672	0.08534394222406672	0
0.8305084745762712	1109078	0.4077308495670087	0.4133529796913756	0.3840718196082884	24948	0.09274621294409119	0.09274621294409119	0
0.9695406534021125	1365564	0.46919865645889863	0.4719205812081535	0.35079329814360166	28460	0.08254221679121677	0.08254221679121677	0
0.9668386145910096	1518444	0.5228659359452852	0.5296300737589933	0.3432454421049455	26464	0.09529681234618857	0.09529681234618857	0
0.9470646032915746	862750	0.43620154534742167	0.44826971681165917	0.3427015358978591	26794	0.11583274993126723	0.11583274993126723	0
0.9631540162122328	1757610	0.5569253779629565	0.5588847134173857	0.3506283336855354	28130	0.10174757065962581	0.10174757065962581	0
0.9673298943748465	1848612	0.5430301625483757	0.5442093139169792	0.3596189035253343	28052	0.11088767472119716	0.11088767472119716	0
0.950012281994596	1882724	0.47746825592606634	0.48145642280940176	0.38547886330297726	28350	0.08654898266933618	0.08654898266933618	0
0.9683124539425203	1016376	0.44094781272960343	0.45143591869131344	0.3502019771144474	27744	0.09229215872415991	0.09229215872415991	0
0.9758044706460329	1702084	0.5360912782342226	0.5402511229307639	0.36061157390245097	28464	0.10817501311195266	0.10817501311195266	0
0.9239744534512405	1005052	0.4929204117486286	0.499291622712659	0.35024867988688896	26414	0.14202230044446884	0.14202230044446884	0
0.9656104151314173	1016160	0.4713249741515564	0.4779721207818197	0.35255120664184125	28534	0.12200655946647264	0.12200655946647264	0
0.9692950135101941	2315364	0.5435186210482628	0.5455211188557144	0.3642481516568629	27800	0.10074756032687375	0.10074756032687375	0
0.9296241709653648	2765170	0.5525462867319523	0.5534951404625237	0.3821524193816292	27216	0.09033602123659625	0.09033602123659625	0
0.9296241709653648	1246854	0.41043456132240336	0.4210041369938475	0.3823245649010776	27878	0.10430531494181584	0.10430531494181584	0
0.9684352738884795	1828588	0.4795430122381911	0.48221977853545206	0.36195740086737754	28380	0.09606447060114247	0.09606447060114247	0
0.91930729550479	1932840	0.46531596162888217	0.46538653738879265	0.39140688274281277	27584	0.07566602211856478	0.07566602211856478	0
0.9409236059936134	1673920	0.48413769942942136	0.48630439041418905	0.3723364639615782	27786	0.08502197617839773	0.08502197617839773	0
0.9490297224269222	1578090	0.4634014038128352	0.46779648340162056	0.3742348863162928	28738	0.09709773906800857	0.09709773906800857	0
0.9240972733971997	1400940	0.45342660598988754	0.4602158981088577	0.39317600831666266	28706	0.10342789249773283	0.10342789249773283	0
0.9387128469663474	2731656	0.5515376631829046	0.556453716152658	0.3892738712332038	28588	0.11076341542648832	0.11076341542648832	0
0.9318349299926308	1800286	0.45095966307728097	0.4553842504470728	0.37830204198603284	27814	0.0740811416571681	0.0740811416571681	0
0.9514861213461066	2204186	0.5080399528691506	0.5149113320660214	0.38509447355218746	28342	0.08643009805880154	0.08643009805880154	0
0.9657332350773765	2168710	0.5420217292859005	0.5510233719927913	0.35155335821618267	27250	0.08476813435719095	0.08476813435719095	0
0.9600835175632523	1370160	0.447066723691421	0.4571482317886637	0.37338161666381736	28354	0.10320162436020247	0.10320162436020247	0
0.9447310243183493	2741376	0.5664811164041682	0.5686593396066176	0.3891377708246051	28308	0.08713153608087837	0.08713153608087837	0
0.9369933677229182	2880124	0.5793611471148831	0.5814411529899505	0.3894102874918666	27002	0.11048293177810396	0.11048293177810396	0
0.9527143208056988	1206036	0.44982244242100483	0.45678095835127713	0.3557173156702647	27724	0.09938819264666243	0.09938819264666243	0
0.9638909358879882	1591172	0.5343691355392824	0.5352783966439457	0.36022183261335833	27832	0.10101501860912147	0.10101501860912147	0
0.8951117661508229	1652970	0.4760561347559234	0.4873767754605218	0.40819835059054466	27448	0.11105052482602995	0.11105052482602995	0
0.9686809137803979	1182786	0.4364655614140551	0.4396498899371774	0.33667514592852427	26832	0.0882531234453116	0.0882531234453116	0
0.9699091132399902	1317270	0.4504652417922758	0.4517168063454918	0.3437149655277684	27424	0.07925122613218805	0.07925122613218805	0
0.8680913780397936	1753072	0.4567942171056028	0.4609433988577237	0.4164786665828486	26620	0.12294309216575854	0.12294309216575854	0
0.9550478997789241	927800	0.43368060781915946	0.4439631348027251	0.3445172461302893	27038	0.08190612610600417	0.08190612610600417	0
0.9576271186440678	1275316	0.42439647738112346	0.43348563770167264	0.3562123859713116	27812	0.07134145667312154	0.07134145667312154	0
0.9739621714566445	2518056	0.5408408077947958	0.5462330430212824	0.3843800138176365	28254	0.10534205343409923	0.10534205343409923	0
0.9478015229673299	2996012	0.5469544983613874	0.5468534496193017	0.41571216687476276	29762	0.07805036452068607	0.07805036452068607	0
0.9739621714566445	1329316	0.4308664432483252	0.43728976964256455	0.3771932105958882	29432	0.09679713329983852	0.09679713329983852	0
0.9702775730778679	2739264	0.5562972978843074	0.5578121571443373	0.3867336893701215	29426	0.07956071055002252	0.07956071055002252	0
0.9336772291820191	2608390	0.5313005234933074	0.5353370897916607	0.4111362214465484	28284	0.1363076220024534	0.1363076220024534	0
0.8739867354458364	3970822	0.5795453979071007	0.5809894039703024	0.4396164477787931	27866	0.0842826872450862	0.0842826872450862	0
0.915499877180054	1751814	0.55114454984766	0.5542124173205328	0.3636396587358152	26136	0.12448807649340414	0.12448807649340414	0
0.9692950135101941	1603760	0.4761873309530051	0.4768995362045172	0.34722351945548663	27640	0.0649143116783439	0.0649143116783439	0
0.9345369688037337	790760	0.5011119505901164	0.5079630245265401	0.30867310031208756	24860	0.12332751907245271	0.12332751907245271	0
0.961557356914763	984206	0.4501970406907727	0.45942165115090744	0.344795854953395	27486	0.10020989666724035	0.10020989666724035	0
0.9329403095062638	1501370	0.46473485134106274	0.4710089668454405	0.36081375076942757	26882	0.09583672153523894	0.09583672153523894	0
0.9551707197248833	1855518	0.4945709152575147	0.4974637950442504	0.36365021959363036	28122	0.10005041960857397	0.10005041960857397	0
0.9662245148612134	2495606	0.5557622206177542	0.5560466810798995	0.3738835306854927	29180	0.09765797300266721	0.09765797300266721	0
0.9674527143208057	1238004	0.4406903850139586	0.44622623119469673	0.36070263669027103	28536	0.09787479619223793	0.09787479619223793	0
0.9492753623188406	1547984	0.4429662192998227	0.44404585891959597	0.37051674413823904	28264	0.08942168732899626	0.08942168732899626	0
0.9766642102677475	2334162	0.5450479106501495	0.5469534652516275	0.35412864978800096	28312	0.11195677360826177	0.11195677360826177	0
0.9212724146401375	1480288	0.48560483403715254	0.48657854024936026	0.3840818573452421	27856	0.11997952715896952	0.11997952715896952	0
0.9530827806435765	1498326	0.4459006787690991	0.4499697393859455	0.37063553723255427	28292	0.09969963656712306	0.09969963656712306	0
0.9769098501596659	1578208	0.4380984549654054	0.44508374321300326	0.3698648474557697	28886	0.08613475483283102	0.08613475483283102	0
0.9711373126995824	2860248	0.5462576239370331	0.5477271641672217	0.3852608831319428	28764	0.07969789843068655	0.07969789843068655	0
0.9598378776713339	1032790	0.47743168656491997	0.48457360370330926	0.34528857496736104	27788	0.11774156321544084	0.11774156321544084	0
0.9610660771309261	1904792	0.47610076329055123	0.4782900169042632	0.3686989815124551	28354	0.09860596361622126	0.09860596361622126	0
0.9588553181036601	1497660	0.4584385984666262	0.46255560359390446	0.35909042370034977	28174	0.10042080587115827	0.10042080587115827	0
0.8899533284205355	2326870	0.5705450060952315	0.5741502671049475	0.41195439358060765	27860	0.11993922842605627	0.11993922842605627	0
0.9539425202652911	1907992	0.5277800999131345	0.5300575585970567	0.3678268121309827	27716	0.0987301615556797	0.0987301615556797	0
0.9516089412920659	1864804	0.5337220188344048	0.5349219538144142	0.36098171045992355	27572	0.09424448540984882	0.09424448540984882	0
0.9367477278309998	1798598	0.4871959545400459	0.48808852270541386	0.373872027502286	27436	0.09164266312978546	0.09164266312978546	0
0.9662245148612134	1318946	0.45858320158372073	0.46155126153592746	0.3561591673678896	28424	0.09181245129820313	0.09181245129820313	0
0.9545566199950872	1026744	0.480683253196511	0.48902540234148145	0.35202212315312287	27936	0.1287743508063385	0.1287743508063385	0
0.9692950135101941	1879464	0.4409221319421656	0.44367792476476803	0.34259125492249093	26834	0.08450940498297783	0.08450940498297783	0
0.962662736428396	1353726	0.4409133459809165	0.44909530052230845	0.3647955577676001	27928	0.09224748990796322	0.09224748990796322	0
0.9676983542127241	2342398	0.5312545524712033	0.5338448874971172	0.3701313764017724	28910	0.08208755005749716	0.08208755005749716	0
0.9398182264799804	1295920	0.45208604869079316	0.4598406883110911	0.37621636219774873	27078	0.11819672342796343	0.11819672342796343	0
0.9737165315647262	2837522	0.5522145098869411	0.5543864155039961	0.39492458166134115	29572	0.0967912889713387	0.0967912889713387	0
0.9551707197248833	1221890	0.4273394896518188	0.43293157087687156	0.3612196595116986	27642	0.09707388469280682	0.09707388469280682	0
0.9363792679931221	2547972	0.5774368319638498	0.5805188710407987	0.40148694974471866	28250	0.11416124505890236	0.11416124505890236	0
0.9774011299435028	1393398	0.45777487670408396	0.4626743161659677	0.36262148661194393	29184	0.07797968119231118	0.07797968119231118	0
0.9689265536723164	1806170	0.42961723004061386	0.4325989649528881	0.3633278065884604	27840	0.07936256722971123	0.07936256722971123	0
0.9142716777204618	3279966	0.6145798189766812	0.6163975130861378	0.4052830336063849	27718	0.08403679071283865	0.08403679071283865	0
0.9534512404814541	1945492	0.47276448039425795	0.4752633408972391	0.3909233286347556	29094	0.08238030461024118	0.08238030461024118	0
0.9625399164824368	1952510	0.4698002682440509	0.473154163299881	0.38443279809235403	28260	0.10169507381454572	0.10169507381454572	0
0.940677966101695	1905814	0.4635953645562912	0.46851804234760325	0.3881813451212424	28192	0.08564787499431033	0.08564787499431033	0
0.9699091132399902	834830	0.40724051233024167	0.41849650617374	0.3447649380744025	27660	0.08398481411899951	0.08398481411899951	0
0.9349054286416114	1088526	0.444471919754728	0.4555917186814875	0.37265731697545884	28588	0.10131343210907971	0.10131343210907971	0
0.8382461311717023	1504426	0.43853229088542167	0.4438696094382029	0.38640330918112364	25132	0.07690925845246331	0.07690925845246331	0
0.8985507246376812	950182	0.4712781530260098	0.4774581169875684	0.35564698462750927	26288	0.12538307509286648	0.12538307509286648	0
0.9325718496683861	3641930	0.5819157542345353	0.5857425989248832	0.4249852496328666	29216	0.09372537127826708	0.09372537127826708	0
0.9236059936133628	1284624	0.45234726926964924	0.45931077184239305	0.3677451032809469	27370	0.09069022887253352	0.09069022887253352	0
0.950012281994596	1585610	0.5576654854126384	0.5611560750689123	0.364174427479431	27818	0.10952447480194212	0.10952447480194212	0
0.9325718496683861	1736922	0.45373081174231217	0.45958171208189635	0.39244500046601294	28500	0.10987884643495294	0.10987884643495294	0
0.941292065831491	3600982	0.5933947036758724	0.5941926403458685	0.3920047021485455	27830	0.10553418742809374	0.10553418742809374	0
0.9556619995087202	1699716	0.5084384006973511	0.5178652073491508	0.36916030591871407	27418	0.09866380573397626	0.09866380573397626	0
0.9645050356177843	2573222	0.5595213553176487	0.5621223674636063	0.37888961594555653	28848	0.09082337975874688	0.09082337975874688	0
0.9769098501596659	1490032	0.43665942713879674	0.4420890156700063	0.3524614963589398	28616	0.06231539151980347	0.06231539151980347	0
0.9729796118889708	2438762	0.5643879714289571	0.5685377195828205	0.37396814968374814	28996	0.08315819927829889	0.08315819927829889	0
0.9355195283714075	1250774	0.4374782334520415	0.4448042431141101	0.36824024562463703	26996	0.10949078215066808	0.10949078215066808	0
0.909481699828052	1149662	0.4510182846569682	0.4613223847946346	0.3736692157413612	26914	0.12262211796936012	0.12262211796936012	0
0.9529599606976173	2964196	0.5619637321767831	0.5624939751354608	0.40179552157946635	28740	0.08129578277434005	0.08129578277434005	0
0.9646278555637435	1769538	0.4525810952232881	0.45594389466716995	0.36636152466946054	28314	0.07334906312482993	0.07334906312482993	0
0.9629083763203145	1198694	0.4303755273180813	0.435321010628308	0.3465750486702504	27432	0.09036655300520846	0.09036655300520846	0
0.8819700319331859	1749388	0.45530225968189236	0.45956848775594267	0.39449901325517805	26848	0.08488708936989238	0.08488708936989238	0
0.9404323262097765	1065264	0.5063840798246318	0.513813052539919	0.3582618787930796	27902	0.13021456751421392	0.13021456751421392	0
0.9669614345369688	1284122	0.43418190163421483	0.4387336205666394	0.3469186164058416	27158	0.08914910826678012	0.08914910826678012	0
0.9631540162122328	2170052	0.5472166600444948	0.5496054590039334	0.36429184884597793	28424	0.111773216043087	0.111773216043087	0
0.9755588307541144	1102198	0.43767632171136533	0.4445994018391218	0.34155860257957144	27252	0.10591205446397338	0.10591205446397338	0
0.9211495946941783	3175640	0.5926078415702251	0.5942027634751005	0.4228907591607638	28316	0.12152863237778246	0.12152863237778246	0
0.9853844264308523	901948	0.4656145362848256	0.4739489445084099	0.3346989927262945	27984	0.12165049167583476	0.12165049167583476	0
0.9478015229673299	2809128	0.5514640252367532	0.5571948582551188	0.3880082119855545	28636	0.0861675696084689	0.0861675696084689	0
0.8733726357160403	1582036	0.48231230635043193	0.48648173305526893	0.40206239990488185	26882	0.13614666287428226	0.13614666287428226	0
0.9492753623188406	1644340	0.5417185356971789	0.5460993840029327	0.36179486330351224	28098	0.11879078685684062	0.11879078685684062	0
0.961557356914763	1332020	0.45819678840241806	0.46592453714165255	0.3683773976274984	27930	0.10101605671400955	0.10101605671400955	0
0.9309751903709163	1278284	0.4316658342343988	0.4407834068026024	0.37095135295564624	27036	0.1030514688394048	0.1030514688394048	0
0.9588553181036601	1039836	0.4948058852155381	0.5021308500937911	0.35156620523097964	28264	0.13170081907552422	0.13170081907552422	0
0.9559076394006387	1632718	0.45822072991696666	0.45878391889562975	0.37162898942555883	28398	0.07411555183603853	0.07411555183603853	0
0.924834193072955	1836036	0.45706051453675894	0.4642466250897075	0.3955342587791261	28220	0.08448902460221987	0.08448902460221987	0
0.9600835175632523	1952008	0.513103526125131	0.5134176069648279	0.36550752001749726	28202	0.09602139521704119	0.09602139521704119	0
0.852370424957013	2396436	0.49282710061007856	0.494642795857476	0.4143109684971789	26238	0.080681294350955	0.080681294350955	0
0.9393269466961435	1368442	0.45473467688987346	0.46075032342811234	0.3801978265663928	28284	0.09391580105888088	0.09391580105888088	0
0.9738393515106853	1793616	0.5397771204956796	0.5425534904095606	0.3553327857771679	28328	0.11135836757830786	0.11135836757830786	0
0.9475558830754115	2541508	0.5455436020946489	0.5477650366095553	0.38312245885084556	27902	0.09765266607267518	0.09765266607267518	0
0.9591009579955785	1659374	0.5322417607514668	0.5368981358620974	0.3750407628969892	28952	0.10212032911251205	0.10212032911251205	0
0.9635224760501105	1734592	0.48333266394916913	0.4843000669525889	0.376068260040952	29250	0.09774860944127105	0.09774860944127105	0
0.9545566199950872	1016526	0.4646777640859588	0.4723445614748354	0.3584835176371322	28370	0.11724665033843878	0.11724665033843878	0
0.9600835175632523	1321234	0.44827376159334165	0.4573097371708983	0.36035477919406445	27656	0.09156622081009812	0.09156622081009812	0
0.9243429132891181	1019024	0.47641790839391646	0.4819216501009404	0.3643152034199672	27498	0.13073016263002873	0.13073016263002873	0
0.9548022598870056	2129224	0.5595399649115825	0.5603695837798228	0.36939110840477524	28308	0.090998299181222	0.090998299181222	0
0.9672070744288872	1541690	0.4131708279104202	0.421590987299756	0.37906107200462896	28590	0.1091031090817075	0.1091031090817075	0
0.8290346352247605	1576660	0.4605542151845994	0.46626587544039794	0.41262836390573315	25416	0.12824537706126005	0.12824537706126005	0
0.8598624416605256	2527218	0.5715162331005326	0.574419484417654	0.4013586029500254	25956	0.13673884783216103	0.13673884783216103	0
0.9007614836649471	4809798	0.5875708278779807	0.5885153356016403	0.4565567792205341	28358	0.09749984456556753	0.09749984456556753	0
0.9271677720461803	1300396	0.4600823624180877	0.46589182916565225	0.359171791689658	26696	0.10109014497603198	0.10109014497603198	0
0.9116924588553181	1644740	0.5132014940427548	0.5143213573997673	0.35674876386380044	25418	0.11226251551359982	0.11226251551359982	0
0.933063129452223	1858188	0.5592419920068352	0.560682871580298	0.37780189000354025	27646	0.1346505600296363	0.1346505600296363	0
0.9540653402112503	1525154	0.4607420984236937	0.46572604409057994	0.36645243996247934	28238	0.09092606042993684	0.09092606042993684	0
0.9396954065340212	885430	0.4465530467090693	0.45615407942083247	0.3579553142121196	27642	0.12827913438241342	0.12827913438241342	0
0.9602063375092115	910574	0.4527895008071338	0.4639954515847138	0.33647385652761547	27494	0.10835815301230511	0.10835815301230511	0
0.955539179562761	1558450	0.45248291385296496	0.4565426796248764	0.3717344653825658	28174	0.10827139408209084	0.10827139408209084	0
0.9589781380496193	1751936	0.4689368727177013	0.4694152743615157	0.3590484434077452	28126	0.07198537742805129	0.07198537742805129	0
0.9716285924834193	855668	0.4464664563480613	0.45588313253021123	0.3337893906957541	26868	0.11262474560516594	0.11262474560516594	0
0.9774011299435028	1020488	0.4545274738372839	0.46351620686984174	0.3546926421641705	29128	0.11569795487038033	0.11569795487038033	0
0.9560304593465979	2172596	0.5509534521214104	0.5506886206190836	0.36141753372022767	27692	0.1158332627631891	0.1158332627631891	0
0.939081306804225	2252736	0.5717122548616843	0.5723385819644123	0.38642362391227913	28586	0.09873753620229087	0.09873753620229087	0
0.9679439941046426	1210584	0.4212181618299878	0.43054131793210204	0.3547933336544226	27818	0.08098723001719327	0.08098723001719327	0
0.9825595676737903	810974	0.4420720928528468	0.4510980539184463	0.3346855325822456	27820	0.12190767346073639	0.12190767346073639	0
0.962171456644559	1582298	0.4507163898502417	0.45793733756055427	0.37611555052136475	28952	0.09538818833461898	0.09538818833461898	0
0.914394497666421	1963146	0.4780182354825461	0.47908723995701324	0.4050556633141276	28240	0.0767413383499582	0.0767413383499582	0
0.962171456644559	2439788	0.5629146060796434	0.5630997989019139	0.39437254693084073	28428	0.11461042039552416	0.11461042039552416	0
0.9419061655612871	1461042	0.44784297330159895	0.4511626626318293	0.3687171719186562	27160	0.11314488733738988	0.11314488733738988	0
0.8511422254974208	1840764	0.4658362786411782	0.46944479148287627	0.42089778969101	26876	0.1518392418957595	0.1518392418957595	0
0.8801277327437976	3532174	0.608968249867691	0.60907066423275	0.4269225527930527	27478	0.10932437159477347	0.10932437159477347	0
0.9715057725374601	1028084	0.4834708429263534	0.48964128121588174	0.33393720975807467	27064	0.11330341436518715	0.11330341436518715	0
0.9721198722672562	1380706	0.46554495951961433	0.4699200306960886	0.35336407382146184	28246	0.09848580858704169	0.09848580858704169	0
0.9493981822647998	3208394	0.5615544911688305	0.5675013728007869	0.40669615198912706	28692	0.07840435794923546	0.07840435794923546	0
0.9527143208056988	1795022	0.5244090890255116	0.5289094150059416	0.3759355920883615	27904	0.1116417717816971	0.1116417717816971	0
0.942397445345124	3038072	0.5906459376763163	0.5907473469951198	0.3992739191651516	29254	0.09366041700739686	0.09366041700739686	0
0.9054286416113977	2021768	0.605043186836323	0.6053834892860194	0.40037760536804345	27852	0.11966846303584189	0.11966846303584189	0
0.9476787030213707	1228148	0.44618470876681077	0.4557651840614863	0.35979244996977205	27498	0.07938127019577804	0.07938127019577804	0
0.9662245148612134	1105562	0.4869652011614731	0.49509336001910026	0.35785491181191875	28700	0.12590921967560673	0.12590921967560673	0
0.96045197740113	2716718	0.5593648048068938	0.5618929991071463	0.3903937498250758	28772	0.0907229809238544	0.0907229809238544	0
0.9668386145910096	1548684	0.533144265721471	0.5371186392801646	0.3398194990399331	27124	0.09283322078735777	0.09283322078735777	0
0.9142716777204618	2197766	0.49927478054377983	0.503370998688612	0.388395222771514	27006	0.06283982509346593	0.06283982509346593	0
0.9643822156718251	1073556	0.48154356355517175	0.48959973545604946	0.3408849884137473	27356	0.12049181087607776	0.12049181087607776	0
0.9592237779415377	2257578	0.5607431515943825	0.5630773818698412	0.39027095842437826	28756	0.11936973333739359	0.11936973333739359	0
0.9073937607467453	2945312	0.5524713174948747	0.554098890883796	0.40704189664383456	27952	0.07076412069881285	0.07076412069881285	0
0.963276836158192	1397118	0.4424804497678234	0.452028328892065	0.371785541029579	28430	0.09049155260355919	0.09049155260355919	0
0.9598378776713339	2282582	0.5650635741134488	0.5674800445397803	0.4025957135686848	29572	0.12778347428404244	0.12778347428404244	0
0.9717514124293786	1091068	0.4703819000359341	0.4806756688638514	0.35831478006832196	28468	0.11951920932195041	0.11951920932195041	0
0.8967084254482928	3654160	0.6112385107160208	0.6131960115002238	0.41154008128099856	27522	0.10732491434651469	0.10732491434651469	0
0.9661016949152542	1618492	0.4738267899338011	0.47859435808794	0.3684083913605758	28464	0.10144673111441056	0.10144673111441056	0
0.9573814787521493	2934176	0.589344181556879	0.589937308415154	0.384189047670731	28706	0.1014307805220131	0.1014307805220131	0
0.9573814787521493	2978480	0.5581143344579694	0.5605038424646972	0.39968387509587294	29558	0.07890610425736491	0.07890610425736491	0
0.9645050356177843	2368062	0.5398584113618913	0.5433377962135532	0.3750376176763255	28674	0.0958592529100993	0.0958592529100993	0
0.8909358879882093	3236350	0.541642691482435	0.5427599003848068	0.43565827550211006	28692	0.07299775757161696	0.07299775757161696	0
0.9643822156718251	1817216	0.4474405370068992	0.4512186205252157	0.3859327536331367	29406	0.09560659142302454	0.09560659142302454	0
0.9032178825841317	3114486	0.5418614267126132	0.5431072775350873	0.41796303337555646	27208	0.09508453372315334	0.09508453372315334	0
0.9527143208056988	2265044	0.5586513585009091	0.560916372710701	0.3587235858992955	28008	0.07232168660010235	0.07232168660010235	0
0.9530827806435765	2581568	0.5433132812396756	0.5487750185718844	0.36825019717051416	27932	0.07615457032403332	0.07615457032403332	0
0.9717514124293786	1130038	0.4569757051964849	0.46388107029655395	0.35630296786176047	27902	0.08558695987769654	0.08558695987769654	0
0.8529845246868091	2081664	0.5011808750267556	0.5053073422506054	0.4127960121324057	26154	0.1183433823889427	0.1183433823889427	0
0.9539425202652911	1684716	0.4651145131493457	0.4719866657548963	0.3818819417366619	28618	0.0995366352109787	0.0995366352109787	0
0.9717514124293786	1225678	0.4360040338751678	0.43855079541098246	0.34890539010066196	28778	0.06341002786836786	0.06341002786836786	0
0.9395725865880619	2878934	0.5463454225247802	0.5492435273799227	0.39715967481688247	28268	0.08177700735892758	0.08177700735892758	0
0.9631540162122328	1375480	0.4856761055584688	0.4873261627630722	0.350389163814594	27832	0.10909687480432713	0.10909687480432713	0
0.9746990911323999	1566594	0.4566516935632982	0.46236332378149564	0.35620531966563523	27980	0.08808502440041072	0.08808502440041072	0
0.9019896831245394	2885158	0.5499876707293913	0.5562063272453445	0.4179948110265715	27982	0.06802720248925044	0.06802720248925044	0
0.9692950135101941	1315036	0.45401497682897385	0.4564224708819607	0.3534559276893394	28480	0.06641039132602469	0.06641039132602469	0
0.8726357160402849	995946	0.41025268966615536	0.42280383728078924	0.397163012326233	27016	0.13064814265976232	0.13064814265976232	0
0.9428887251289609	1889868	0.4687436504680245	0.4723342402294368	0.3756601089748614	27636	0.09884669217991493	0.09884669217991493	0
0.9578727585359863	1368582	0.4141144902719817	0.4249459492561076	0.3635839297060752	27862	0.06922000035728708	0.06922000035728708	0
0.9611888970768853	2007512	0.488556891974037	0.49300232989517007	0.38396168130776487	28994	0.07526298124893677	0.07526298124893677	0
0.8244902972242693	1613882	0.5322811043136226	0.534029833408955	0.4096638003182092	25526	0.15648175663785038	0.15648175663785038	0
0.9636452959960697	2248786	0.5317617236880149	0.5341368264402572	0.37722356798593654	28524	0.09635841383343567	0.09635841383343567	0
0.9624170965364776	1872562	0.539083391004715	0.5435159974531631	0.3703265304888448	28286	0.11047206571907002	0.11047206571907002	0
0.9589781380496193	1783096	0.5257583551903252	0.5273914905865256	0.3659961119876944	27868	0.10429084761651737	0.10429084761651737	0
0.9688037337263572	1540758	0.5331087813594185	0.5344906321546353	0.34710883523908237	27752	0.10011860494865832	0.10011860494865832	0
0.9631540162122328	1192736	0.43765246149565556	0.4450463427548427	0.3523052803993423	27890	0.09204044201747126	0.09204044201747126	0
0.9270449521002211	1610448	0.558817621522577	0.5595605535505702	0.3671652390447871	26880	0.1297922862537416	0.1297922862537416	0
0.9600835175632523	1624332	0.48137422578204503	0.4865178493405047	0.3769510302468884	28406	0.10643024500031001	0.10643024500031001	0
0.859493981822648	1261956	0.39476028021976495	0.40538396768465135	0.38522449414580523	25530	0.09336287119685364	0.09336287119685364	0
0.9700319331859494	1344650	0.418380774487417	0.4262620742314281	0.3764640344087979	28660	0.10197568178431958	0.10197568178431958	0
0.9658560550233358	1221644	0.42176017399037796	0.4309676441126182	0.36246978773749716	28066	0.08137123929894464	0.08137123929894464	0
0.9307295504789977	1345220	0.44273588533416025	0.45153879884773346	0.37615616878128777	27632	0.10853873538094023	0.10853873538094023	0
0.9637681159420289	1665870	0.4649845739135301	0.47062183181324674	0.36192183936822914	28052	0.06667135726502571	0.06667135726502571	0
0.9514861213461066	1437660	0.44404722624740534	0.4486717821665824	0.35390326874638783	27264	0.09976036126785766	0.09976036126785766	0
0.9546794399410464	1980168	0.5272963321648622	0.5298765131964241	0.3793533403902811	28334	0.10395904595566598	0.10395904595566598	0
0.9633996561041513	1266080	0.44799464462513633	0.4541258822703358	0.36591746134138986	28420	0.11001621548717518	0.11001621548717518	0
0.9743306312945222	1579002	0.5195154409221666	0.5196972297075048	0.35726312580873026	27978	0.08776755030330845	0.08776755030330845	0
0.9778924097273397	1603602	0.4703517183693129	0.4740560817575608	0.3747571479156285	29322	0.10740437144228826	0.10740437144228826	0
0.9565217391304348	1062548	0.48878917615803313	0.4967656305225801	0.35430769324904254	27782	0.12510316539050245	0.12510316539050245	0
0.9712601326455417	1229218	0.43792882509239	0.44584864883613595	0.3529961220987295	27724	0.10160141847350994	0.10160141847350994	0
0.9102186195038074	2110394	0.5294382675074465	0.5352893526344474	0.3944785227792372	26488	0.12910004264682945	0.12910004264682945	0
0.9723655121591747	2360108	0.5880224047370434	0.590288418419917	0.35721698567536936	28806	0.08229299418907489	0.08229299418907489	0
0.9594694178334562	2350844	0.5676341562145291	0.5715587728055621	0.3746061006386221	28926	0.10069266701777778	0.10069266701777778	0
0.8438958486858266	4119276	0.6023460230655504	0.6032113603180477	0.43410915922050003	26570	0.07747830340641529	0.07747830340641529	0
0.9322033898305084	2709924	0.5760237144190875	0.5785335701985629	0.39490443806893766	28248	0.11052397536734575	0.11052397536734575	0
0.9019896831245394	3427630	0.5365000109173175	0.5376270166495948	0.43656717669111106	28400	0.08837830652673667	0.08837830652673667	0
0.9656104151314173	1961202	0.480572298962121	0.48331920771975206	0.3803434222056959	28734	0.07531507366741169	0.07531507366741169	0
0.9306067305330386	1518182	0.4605691523429332	0.4672085886399491	0.35910017963374696	27050	0.08212900847055399	0.08212900847055399	0
0.9591009579955785	1893410	0.4354616496812145	0.44346614132453227	0.3675610229057064	27544	0.0951787626065233	0.0951787626065233	0
0.9688037337263572	1255770	0.4472192196487496	0.45438426290247813	0.3572202295300931	28138	0.1044041268520655	0.1044041268520655	0
0.9688037337263572	2048450	0.43009065761504833	0.4350722344541578	0.377443968245581	28422	0.08942993093314715	0.08942993093314715	0
0.9649963154016212	1446202	0.47499322071806055	0.4809400736232616	0.35209121038950025	27556	0.10333079538812745	0.10333079538812745	0
0.9355195283714075	1752874	0.4593008249421913	0.46122645797995293	0.3708840764379609	26890	0.12164161062478558	0.12164161062478558	0
0.8936379267993122	1664352	0.46594045769520614	0.4705890344666936	0.4038187071180854	27724	0.10880834521686926	0.10880834521686926	0
0.9588553181036601	1520628	0.4551405679638572	0.46145136937062436	0.36525718557760745	27710	0.11819854178198626	0.11819854178198626	0
0.9582412183738639	2319662	0.5624924996075219	0.5692141602472814	0.36341232016658526	27998	0.09096693674650401	0.09096693674650401	0
0.8750921149594694	2624954	0.5765086079707217	0.5799797337251676	0.4087026424545324	27252	0.10160538060401995	0.10160538060401995	0
0.9530827806435765	1904616	0.5550640857912122	0.5550478250350013	0.35883989234620156	27766	0.11089114647630889	0.11089114647630889	0
0.9205354949643823	2097026	0.48412880409423	0.4850769474935623	0.39582457018126266	28168	0.0657613983641152	0.0657613983641152	0
0.9646278555637435	996344	0.4681099222473042	0.4753115886921737	0.3573589933127399	28732	0.1155084740874302	0.1155084740874302	0
0.9439941046425939	1245534	0.44413234025213794	0.449985024060587	0.3708402742636241	28498	0.08461510658992698	0.08461510658992698	0
0.9210267747482191	776740	0.47125297739052585	0.4805028267833846	0.3431793885928158	25926	0.1296417401352991	0.1296417401352991	0
0.9361336281012036	2258760	0.49185571695217484	0.49501512280323096	0.3973462401163796	28760	0.06289067429957422	0.06289067429957422	0
0.9664701547531319	1245596	0.45582189407227003	0.46297085976927144	0.3552182867684517	27742	0.10289202265368919	0.10289202265368919	0
0.9695406534021125	1130340	0.4739316876982249	0.48037283194679775	0.36386245664165084	28536	0.13314027776708418	0.13314027776708418	0
0.9589781380496193	1629960	0.5364832785205903	0.5392181158153609	0.36213726263704077	28342	0.10295698207259117	0.10295698207259117	0
0.9576271186440678	1783766	0.46745014513156785	0.47061054964042354	0.3728476300110324	28308	0.09631573457788871	0.09631573457788871	0
0.9315892901007123	1217092	0.4480108201153404	0.4497070164327028	0.35967009397992666	27138	0.09864417680112297	0.09864417680112297	0
0.9570130189142717	1213170	0.47563008738021534	0.4784041260554452	0.3407848269512324	27276	0.09237587079405808	0.09237587079405808	0
0.9335544092360599	2501296	0.5946194032901717	0.5942782518126491	0.3890879756040572	28242	0.11152194447408274	0.11152194447408274	0
0.9582412183738639	2529824	0.5640790762891745	0.5679935866606899	0.367027367534984	28314	0.10340002942126998	0.10340002942126998	0
0.9229918938835667	1472236	0.39802020998507753	0.41032165091043327	0.3898905766532154	27448	0.1036378037000365	0.1036378037000365	0
0.9770326701056251	1051794	0.4160902133218924	0.4315640729993355	0.36453525568432105	28700	0.09283343668028925	0.09283343668028925	0
0.9633996561041513	1785606	0.4720876094035435	0.4751820508688011	0.3892082640345899	29636	0.08909271053341633	0.08909271053341633	0
0.9599606976172931	3234556	0.566277540564243	0.568810973114737	0.40143885243175376	28848	0.08104004320601994	0.08104004320601994	0
0.9690493736182756	1219230	0.42513503988631746	0.435141490489439	0.35258329734192	27826	0.0796173472436808	0.0796173472436808	0
0.9509948415622698	1230056	0.4487231255310267	0.45134399687928156	0.35916387507067565	27304	0.11841114022970257	0.11841114022970257	0
0.9631540162122328	2137352	0.48217070343479634	0.48526476844248556	0.377078308443677	28398	0.07671155875536732	0.07671155875536732	0
0.9578727585359863	1855384	0.4782979344559533	0.48037759914517214	0.3777202832344287	28692	0.0911241331859128	0.0911241331859128	0
0.9665929746990911	1316224	0.4381495848721196	0.4493460595843799	0.36583927218824464	27860	0.08826800806896444	0.08826800806896444	0
0.971997052321297	2817298	0.5706222937970996	0.5733111680827204	0.3732358730257057	28406	0.09541441622546686	0.09541441622546686	0
0.9735937116187668	1192300	0.40835091804604357	0.42176091514560077	0.3544933462136595	27344	0.07569882694857683	0.07569882694857683	0
0.9492753623188406	1243606	0.46324379619403916	0.46656448752357177	0.35233613842411243	27802	0.10743608674529585	0.10743608674529585	0
0.8938835666912307	1123148	0.4024927590079925	0.4111926702188123	0.39460691016592114	27642	0.11058706354816254	0.11058706354816254	0
0.9320805698845492	2436394	0.5642989538703032	0.5654767426112837	0.35390983153756544	26826	0.07569832522394827	0.07569832522394827	0
0.9571358388602309	950980	0.46305159328255713	0.46997373702191075	0.3434290619450922	27314	0.12248229564702738	0.12248229564702738	0
0.9608204372390076	1558514	0.4755910073932375	0.4811146593288042	0.3552892282150795	27540	0.07722076052484418	0.07722076052484418	0
0.9280275116678949	1872540	0.48988179013302774	0.4915779467154939	0.38423765486540723	27956	0.08865629133776871	0.08865629133776871	0
0.9635224760501105	1732370	0.46712159811393295	0.4677359059550728	0.371511597118535	28766	0.06491318001218918	0.06491318001218918	0
0.9707688528617048	2655636	0.6063023443510133	0.6068790246335293	0.3935996841282943	29412	0.12093179730364108	0.12093179730364108	0
0.9593465978874969	2927712	0.5923390640914753	0.5929933187987703	0.40959528118349214	29100	0.11288044266839863	0.11288044266839863	0
0.9229918938835667	2875716	0.5539442225686184	0.5564092074251844	0.39659280935557034	27498	0.06821828261886236	0.06821828261886236	0
0.9328174895603046	1980084	0.5300404149946596	0.5354082657060094	0.39719477327152747	27910	0.09127153326699006	0.09127153326699006	0
0.8576516826332596	1460854	0.36178888536115356	0.3709393181391851	0.4159541955135937	26592	0.07937909039315187	0.07937909039315187	0
0.9600835175632523	1238844	0.4597812029297726	0.4650074458244431	0.3413449912927773	27336	0.07849969971780536	0.07849969971780536	0
0.9540653402112503	1499496	0.47046449035705645	0.47066681483070294	0.37032149267976133	28638	0.07631557316343539	0.07631557316343539	0
0.9600835175632523	1305898	0.43778669047640606	0.443572917715312	0.36811663424385554	27932	0.10250806242097556	0.10250806242097556	0
0.9721198722672562	893412	0.3856533526419637	0.4016952284130488	0.3525469860588193	27648	0.06979403300950822	0.06979403300950822	0
0.9673298943748465	1347906	0.46922931748554403	0.4724067741701384	0.3470303899586822	28496	0.06466211826298088	0.06466211826298088	0
0.9508720216163105	2188092	0.5363500698466478	0.538524416005061	0.38989285624725323	28970	0.10992954867244803	0.10992954867244803	0
0.9497666421026775	2615246	0.5596352706359248	0.5623839598263191	0.3839635615056563	28878	0.07391310848849451	0.07391310848849451	0
0.9701547531319086	1370854	0.4497117279112796	0.45368252186622854	0.3668866218226868	28946	0.0758214686310819	0.0758214686310819	0
0.9479243429132891	1929222	0.4906519139469605	0.4931187552521355	0.382645588640492	28994	0.09285176423140867	0.09285176423140867	0
0.9668386145910096	2191962	0.5445393101686579	0.5484364579609377	0.34853194472433063	27588	0.0924589918879737	0.0924589918879737	0
0.9631540162122328	1251924	0.44164311477934864	0.44799020229017744	0.3472091090464367	27518	0.08576493297285438	0.08576493297285438	0
0.941292065831491	1639918	0.45881000619869056	0.4658324692442856	0.3843246610080377	28156	0.08757340250610955	0.08757340250610955	0
0.9545566199950872	1674952	0.47158579173298243	0.472025211563669	0.3710674121412074	28388	0.07141064958051589	0.07141064958051589	0
0.9643822156718251	1276816	0.4342502696441563	0.441526834862254	0.3665744344875645	28198	0.0999983453367589	0.0999983453367589	0
0.9512404814541882	1489226	0.46193636822047157	0.46728801617455007	0.354557402980769	27730	0.09364627235810262	0.09364627235810262	0
0.9662245148612134	1392606	0.44330928092062954	0.45034419440069673	0.3767715605866966	28958	0.08204519061704577	0.08204519061704577	0
0.9740849914026037	906014	0.43318790865914947	0.4433141664403526	0.3501498771667568	28530	0.10533745134727916	0.10533745134727916	0
0.969786293294031	1015204	0.47715180316839395	0.48463205272031384	0.34322466246529576	28170	0.10349772327197455	0.10349772327197455	0
0.9545566199950872	1243204	0.4411991433321088	0.45242801081352724	0.35929615709263474	27238	0.09151003743721421	0.09151003743721421	0
0.9552935396708425	1439178	0.4178192114531701	0.42885917276239627	0.3840953988805121	28364	0.0926071008521171	0.0926071008521171	0
0.9706460329157455	1365868	0.45576425127729875	0.46327722019464485	0.3659588824081812	28608	0.0891594876072631	0.0891594876072631	0
0.9527143208056988	2854550	0.5774806641211865	0.5811958108422618	0.3858615247731944	28368	0.09896732273411603	0.09896732273411603	0
0.9649963154016212	1512512	0.4593421288025108	0.4631556469854463	0.3648262160697233	28342	0.11710828591784778	0.11710828591784778	0
0.9478015229673299	1508006	0.45657100940745515	0.45985260876117945	0.35776567786639374	28210	0.09227017590119246	0.09227017590119246	0
0.9689265536723164	1254596	0.43633957937097545	0.44521730593087283	0.3582213073436544	27464	0.08725757493699345	0.08725757493699345	0
0.9527143208056988	1301600	0.45997582552236976	0.4677963803790435	0.3750597372102065	28730	0.11443997234815484	0.11443997234815484	0
0.9630311962662736	1499166	0.4523014003624908	0.45743952510708746	0.36289533783868766	28382	0.08914660407074393	0.08914660407074393	0
0.9631540162122328	2400214	0.5630954174938495	0.5681913448829558	0.3736278538769439	28784	0.09897708338269597	0.09897708338269597	0
0.9302382706951609	2942976	0.5617243306654313	0.5656123380067233	0.4007511069014253	28372	0.08197431226712028	0.08197431226712028	0
0.8640383198231393	1671210	0.46302891990679407	0.4621049539474811	0.40254666375756537	26696	0.10950079963362193	0.10950079963362193	0
0.9732252517808893	1174124	0.45869376415573876	0.4618329185164724	0.33186180582813934	27706	0.0776880195648228	0.0776880195648228	0
0.9164824367477278	4137292	0.5975724025585238	0.6016730817828827	0.4235870238695272	28324	0.08819661532566699	0.08819661532566699	0
0.9493981822647998	3003580	0.609981325257679	0.6129418570509515	0.3844695999963566	28028	0.0812619069934644	0.0812619069934644	0
0.9102186195038074	1486212	0.47226886933593254	0.47617025117546136	0.37378841006492003	26708	0.1432895578825547	0.1432895578825547	0
0.9600835175632523	1597172	0.4668498490235931	0.47312442573190605	0.3523315925659753	27740	0.07224370003609343	0.07224370003609343	0
0.9710144927536232	2610730	0.5630186396843563	0.5651922118364962	0.37503844258878544	28762	0.09681831327768808	0.09681831327768808	0
0.9550478997789241	2759184	0.5408391523253235	0.5464313640340909	0.39110756943988717	29112	0.1052987389814611	0.1052987389814611	0
0.9436256448047163	1535838	0.4726201920760374	0.47573459150858755	0.3725594333461457	28452	0.0978511005393834	0.0978511005393834	0
0.9765413903217882	1053658	0.45619475675100074	0.463677718967389	0.36356427918716167	28382	0.1273768444980582	0.1273768444980582	0
0.9625399164824368	1546486	0.44046179710044586	0.4480679913004609	0.3955361934166135	29582	0.09226805318765913	0.09226805318765913	0
0.942397445345124	1595858	0.4802744642714661	0.4836239492125783	0.3584404202374265	27448	0.09766414420546628	0.09766414420546628	0
0.9715057725374601	1721384	0.46465103824502024	0.46590633590104774	0.37453028005520167	28852	0.10522625278707225	0.10522625278707225	0
0.9480471628592484	2538536	0.5618910285851131	0.5664750860295894	0.3692376080035787	26972	0.10072370675877163	0.10072370675877163	0
0.9675755342667649	1085328	0.4959901198325776	0.5013127678936992	0.36062894655539607	28894	0.13538483956520672	0.13538483956520672	0
0.9624170965364776	1579864	0.47139069054534893	0.4748521161236538	0.36853421234339273	28764	0.09937073323322683	0.09937073323322683	0
0.9539425202652911	1985910	0.47463383698830425	0.478300831125925	0.35854948545778703	27360	0.07431673782429522	0.07431673782429522	0
0.9459592237779415	2500430	0.5838001275112769	0.585183647091187	0.38789835291328173	27760	0.11332830791570421	0.11332830791570421	0
0.9576271186440678	2766416	0.5515110480270053	0.5547991280569418	0.3848575780654541	28446	0.1115000462198109	0.1115000462198109	0
0.8426676492262344	1871982	0.4736760498258867	0.4775734809319067	0.41846314853020083	26320	0.14884475383227444	0.14884475383227444	0
0.9631540162122328	2940950	0.575461440943245	0.5781546278021404	0.3861785650523062	28724	0.1022913718555407	0.1022913718555407	0
0.961557356914763	2038776	0.5290740969320955	0.5303315922094757	0.3640369639037917	27794	0.11606602427922663	0.11606602427922663	0
0.9509948415622698	1863580	0.5619083725812775	0.5624446274951836	0.36950428770314453	28940	0.11304485830148091	0.11304485830148091	0
0.9744534512404814	1402688	0.434738820117844	0.4433443392928806	0.3623299849354218	28964	0.10141527708078828	0.10141527708078828	0
0.9195529353967085	2026922	0.4833414802070059	0.483492173813955	0.381119419380181	26866	0.0832309391563555	0.0832309391563555	0
0.9535740604274134	1062440	0.47606860000524187	0.4821704056084126	0.3536947984116517	27686	0.121060909115131	0.121060909115131	0
0.9654875951854581	1821834	0.5403570766451856	0.5409888869401134	0.38346212466747837	29318	0.08861242744300747	0.08861242744300747	0
0.9600835175632523	2670750	0.5420649272204536	0.5427724389507775	0.3865051338663405	28900	0.07768115060477772	0.07768115060477772	0
0.9474330631294522	2902936	0.5692390343243042	0.5697939073938773	0.40092970846256876	28984	0.08944467557497987	0.08944467557497987	0
0.9652419552935396	905564	0.4455039088604196	0.4519702457241684	0.34219180530687715	27212	0.12219715487855694	0.12219715487855694	0
0.977523949889462	2601532	0.5308450044965295	0.5391812968931512	0.37938372498364387	28622	0.08250284870088512	0.08250284870088512	0
0.9481699828052076	2184990	0.5611357345281388	0.5661869722295162	0.3601005319920674	27494	0.09016856595383661	0.09016856595383661	0
0.9508720216163105	2500956	0.5482787071823172	0.5504796160420785	0.4063602645094961	29068	0.10583446640414985	0.10583446640414985	0
0.9705232129697863	1841136	0.506642569848042	0.5084045596002273	0.36373079476406733	28000	0.11724971165564581	0.11724971165564581	0
0.9271677720461803	1868388	0.46347143093368093	0.46546203695403254	0.38720407802725604	27954	0.09635118195934923	0.09635118195934923	0
0.9616801768607222	1960884	0.5553392711604515	0.5556860096712932	0.3767951253938884	29046	0.11162950893305205	0.11162950893305205	0
0.9754360108081552	950680	0.4931436713638769	0.49964705919314056	0.3353706355147903	27720	0.1318248479812168	0.1318248479812168	0
0.9613117170228445	2391814	0.587546218790425	0.5876824126253224	0.37454896585076275	28120	0.11715893931556315	0.11715893931556315	0
0.9679439941046426	2369722	0.5668807926408072	0.571903367062917	0.3623443728668556	28582	0.06809333562093262	0.06809333562093262	0
0.9702775730778679	2679810	0.5792198813305801	0.5831771214661207	0.3729223250572138	28334	0.09384826063577839	0.09384826063577839	0
0.9258167526406288	2064502	0.45950544275767496	0.4686199719812738	0.4002368200998098	27644	0.0993126453373912	0.0993126453373912	0
0.8914271677720462	1506066	0.41727489790705197	0.42356645980879715	0.37704986595458784	26342	0.07375706248286962	0.07375706248286962	0
0.9197985752886269	1860112	0.47650498564777455	0.4834293815891468	0.3902147608342632	27742	0.09145313942136331	0.09145313942136331	0
0.9471874232375338	2566758	0.5635486033233196	0.56408911391932	0.37682190347363437	28358	0.06729264453960683	0.06729264453960683	0
0.9533284205354949	1288204	0.4363411395360675	0.4435176712141631	0.35452122496513444	27642	0.09314769722061322	0.09314769722061322	0
0.9732252517808893	2650490	0.5626057900900563	0.5633582173424221	0.3845476240330219	28974	0.10232551899695579	0.10232551899695579	0
0.9490297224269222	1636056	0.47198293087577303	0.4813235671406217	0.3859435315514046	28824	0.09155753635481916	0.09155753635481916	0
0.956644559076394	1738048	0.47791328904797575	0.48175731931736987	0.3590022231989203	27284	0.10191081963162828	0.10191081963162828	0
0.9287644313436502	2139706	0.49884667128445503	0.5002414016817065	0.37704090412510755	27500	0.07937950571919088	0.07937950571919088	0
0.962171456644559	1261568	0.4174009473537456	0.42828561409292315	0.3656372541736417	27504	0.09025725712734174	0.09025725712734174	0
0.8944976664210268	1818596	0.4444662628719947	0.4572873012146232	0.4039435072665747	27044	0.12202821411181998	0.12202821411181998	0
0.9338000491279784	1574408	0.48424668006335053	0.48775806014922124	0.36323572260416376	27020	0.12476653314939785	0.12476653314939785	0
0.9622942765905182	1816054	0.47200920682761865	0.47520870574336294	0.3670456498730799	28120	0.09392607653811898	0.09392607653811898	0
0.9587324981577008	1286068	0.44861671468834574	0.45370560248834924	0.3490312442068851	27398	0.09390523681363638	0.09390523681363638	0
0.9454679439941046	3753754	0.6073398392371699	0.6077131861088622	0.4072813482205159	28380	0.09732989753247433	0.09732989753247433	0
0.9415377057234094	1615428	0.5570731363853414	0.5593935366360974	0.3627052662478603	27552	0.1357155107950324	0.1357155107950324	0
0.9740849914026037	1502320	0.4591345459008542	0.46055327914986216	0.3647113937504511	29330	0.07769925501795798	0.07769925501795798	0
0.9595922377794154	1086158	0.4407904707426995	0.45044531951262007	0.33867214166425463	27412	0.1045239217837932	0.1045239217837932	0
0.9331859493981822	3538924	0.6286311758562568	0.6287170602998371	0.39739899772931725	27992	0.10822479735454406	0.10822479735454406	0
0.8779169737165315	3155594	0.5511733097543395	0.5553088202896536	0.4282074842693811	27564	0.09472254284758201	0.09472254284758201	0
0.9602063375092115	1473940	0.4045191100351067	0.41901383449786955	0.3723325147862973	28612	0.0893405157468568	0.0893405157468568	0
0.9502579218865144	1069764	0.47569311427071304	0.48328032716754415	0.3531135251150795	28190	0.1016928817046734	0.1016928817046734	0
0.9145173176123802	1545892	0.46637095779595933	0.46926122071487214	0.3873169176148918	27222	0.11245843209725566	0.11245843209725566	0
0.9707688528617048	984482	0.45780060544912066	0.4653082381547899	0.34744640616245265	28258	0.11063122686401243	0.11063122686401243	0
0.9631540162122328	996500	0.43629445807964795	0.44346828881623906	0.3550451722048055	28308	0.08065279399115112	0.08065279399115112	0
0.9283959715057726	1907604	0.4899054679156351	0.4904201532861252	0.38751258276072464	27986	0.0823619403534765	0.0823619403534765	0
0.9652419552935396	1589434	0.45836521094679633	0.4651420221880351	0.36337873838485096	27774	0.07982944016914446	0.07982944016914446	0
0.9588553181036601	1061884	0.4586853581158465	0.4634710015757269	0.3477544877991332	27480	0.11345581262641409	0.11345581262641409	0
0.9306067305330386	2226874	0.5645381037292911	0.5673683084495981	0.37428356146228464	28020	0.1167282141649341	0.1167282141649341	0
0.956644559076394	1277002	0.4501257503179555	0.4560174606237531	0.35791766818012744	27710	0.10320310769271518	0.10320310769271518	0
0.9501351019405552	2372792	0.5634699211309296	0.5695344049585669	0.3800557583880164	28112	0.08961856006479775	0.08961856006479775	0
0.9503807418324736	951910	0.4561861832552448	0.46419555318165107	0.3433222451095845	27530	0.11426428301014263	0.11426428301014263	0
0.9347826086956522	3199020	0.5555345350999671	0.5577195967080973	0.4152992938908638	28838	0.07974368230327293	0.07974368230327293	0
0.9317121100466715	1299494	0.42215668989333355	0.4324825373517473	0.3566602572784521	26832	0.08818144807239325	0.08818144807239325	0
0.9350282485875706	1295796	0.4696305226045498	0.4727618889286777	0.3600472928049295	27874	0.10982876071411972	0.10982876071411972	0
0.9770326701056251	1574114	0.4345492463997444	0.4439013757622907	0.39146201847681406	29530	0.08952015685529578	0.08952015685529578	0
0.9689265536723164	1151896	0.4317883942839862	0.4393291951532115	0.36422115485658413	28924	0.11145628626004211	0.11145628626004211	0
0.9616801768607222	1306252	0.44458366056177107	0.4481386825992009	0.36321806173123306	28754	0.10479868444000924	0.10479868444000924	0
0.9317121100466715	2969340	0.606129233831025	0.6071524148887989	0.3784871561542074	27102	0.10566635384777508	0.10566635384777508	0
0.976418570375829	2377520	0.5487131396239843	0.5524194983531588	0.3645256557385043	28494	0.08896444463556609	0.08896444463556609	0
0.9320805698845492	1110070	0.4284957181105484	0.43865799473643546	0.3473461885106679	26098	0.09758607988592917	0.09758607988592917	0
0.9619258167526407	1143938	0.4307657170974437	0.4352510709734214	0.35536974647871783	27908	0.12116346625679497	0.12116346625679497	0
0.9338000491279784	2174956	0.48327643743640686	0.4839355448516102	0.3936011937097165	28430	0.081778986929457	0.081778986929457	0
0.9570130189142717	1611286	0.47915405481152523	0.48355383355015946	0.36284116437048586	27936	0.08940518133903387	0.08940518133903387	0
0.948415622697126	1205720	0.4620167324933801	0.4675689752956888	0.353414270666091	27314	0.11776391046839103	0.11776391046839103	0
0.9298698108572833	1652590	0.53886085936693	0.5402818988571063	0.36970392676395264	27770	0.09780903166834791	0.09780903166834791	0
0.9361336281012036	2553822	0.571275400924333	0.572946608188263	0.3720210680232556	27076	0.11865020635434916	0.11865020635434916	0
0.9277818717759764	1214546	0.41501093872922645	0.4285307627532329	0.37059501796270483	27656	0.09389405547039086	0.09389405547039086	0
0.9293785310734464	2049146	0.4986765855213999	0.5048392332373688	0.38397427303715753	27534	0.1079138907796805	0.1079138907796805	0
0.9393269466961435	2368136	0.48453320321019944	0.4847564209959942	0.41664215545848066	29284	0.07930729316852035	0.07930729316852035	0
0.9686809137803979	1175492	0.4226603126776192	0.4257843512931792	0.3547157779913755	27782	0.11161702952354709	0.11161702952354709	0
0.964873495455662	2002162	0.5322465289902438	0.5348752436120339	0.3730899887241898	29054	0.08887212953781302	0.08887212953781302	0
0.97310243183493	1560828	0.4692676384730979	0.4712662827266501	0.3645970991221758	29298	0.08027895147681546	0.08027895147681546	0
0.9463276836158192	1320672	0.48519588105962747	0.4903205112329167	0.37351281100638595	27638	0.13069956575539535	0.13069956575539535	0
0.8901989683124539	1427216	0.4490811885419899	0.457136167724212	0.39148544036999794	27254	0.11384054885349586	0.11384054885349586	0
0.9787521493490543	1400480	0.45413390052303276	0.46172705229701955	0.3640667238192337	28766	0.08364247884662378	0.08364247884662378	0
0.9710144927536232	2330918	0.5821763629449466	0.583344529782766	0.3551940690400978	27896	0.0942309628715108	0.0942309628715108	0
0.9030950626381724	1506890	0.4383515187527777	0.44564668524365375	0.3707326371507312	26428	0.09615162741352146	0.09615162741352146	0
0.9189388356669124	1264622	0.3836286625273923	0.39680177107434456	0.39171554181937757	27456	0.06526145069987717	0.06526145069987717	0
0.9785065094571358	1632228	0.46848550257805033	0.4722464337451857	0.36426242483881416	29140	0.07634476560175812	0.07634476560175812	0
0.9575042986981086	1575072	0.4676053110168663	0.4722444219939049	0.3696861273097749	28016	0.11725498015898039	0.11725498015898039	0
0.9749447310243183	1517576	0.46857048822740777	0.47505175047117776	0.3714758349461469	29052	0.11261759723765187	0.11261759723765187	0
0.9723655121591747	2316960	0.5406538701550404	0.5470854017863291	0.37590966187038316	28856	0.099707756113164	0.099707756113164	0
0.9692950135101941	1680526	0.4592045597722874	0.46493866142389706	0.372912110052739	28636	0.08596327734976346	0.08596327734976346	0
0.9548022598870056	1777726	0.5470080950320811	0.5520658983789964	0.359450848115168	27572	0.10872243546871124	0.10872243546871124	0
0.9690493736182756	1140116	0.4440711472200542	0.45035577083213213	0.3680360639886941	29204	0.08096682474620347	0.08096682474620347	0
0.9680668140506018	2994832	0.5748018114461914	0.5774414419378427	0.3954965570690953	29516	0.1015282806890163	0.1015282806890163	0
0.9712601326455417	1578892	0.4770175728672759	0.4804652575576222	0.34344116770998107	27394	0.09504603569917869	0.09504603569917869	0
0.9326946696143453	1129798	0.41968214049023617	0.4308734080926257	0.37262141750880234	27016	0.1063149390503094	0.1063149390503094	0
0.922623434045689	1552712	0.46153050743488716	0.46448720716222014	0.365305299572062	26566	0.10154459736561255	0.10154459736561255	0
0.9694178334561533	1334710	0.46095836242849114	0.4676896750496369	0.35636612364913295	28230	0.0923000921361073	0.0923000921361073	0
0.9717514124293786	2424722	0.5634283062604082	0.5659094284306095	0.3600998227907411	28080	0.07437064979275339	0.07437064979275339	0
0.9665929746990911	1947946	0.5426456695333978	0.5460606547726639	0.36839099075253917	28182	0.09559646265941328	0.09559646265941328	0
0.9769098501596659	1236400	0.4345053137642261	0.4408680702357548	0.35966336001799687	28166	0.08798025672668737	0.08798025672668737	0
0.963276836158192	1585274	0.45122828646329055	0.45667816818509044	0.36909111213080187	28996	0.08357615552792519	0.08357615552792519	0
0.9274134119380988	2728106	0.5599563508617345	0.5616439155255992	0.41078496444268975	27576	0.096673870242318	0.096673870242318	0
0.9394497666421027	1912166	0.4933884558261026	0.49509099514575156	0.3902472426186538	28580	0.07184558951226427	0.07184558951226427	0
0.9027266028002947	3418796	0.5578119516953222	0.559437370107112	0.42853354883502864	28290	0.09335873865287585	0.09335873865287585	0
0.9365020879390813	1546876	0.4448474139380518	0.44985158598936487	0.3895510982163639	27962	0.10422078632137365	0.10422078632137365	0
0.8488086465241955	1843278	0.47051499503880323	0.47393888558518854	0.41305125265092846	25928	0.14096071544488978	0.14096071544488978	0
0.807909604519774	2224504	0.6083604336381759	0.6081624196054474	0.4327112236616865	25376	0.15616385171472535	0.15616385171472535	0
0.9533284205354949	942378	0.47387605691548823	0.4801308296430442	0.3383406293095997	27080	0.13266337631096045	0.13266337631096045	0
0.9729796118889708	1176698	0.4428396636244251	0.4488198168962121	0.36521628874612877	28794	0.08022644278037754	0.08022644278037754	0
0.9772783099975436	2221292	0.5421424666919546	0.5470720181503299	0.35318431992145194	28202	0.08430373935700329	0.08430373935700329	0
0.883075411446819	4137458	0.58867249830251	0.5908103308703802	0.42865365807970995	27640	0.10304899294080956	0.10304899294080956	0
0.9265536723163842	2249448	0.5603970738402703	0.5617417400821297	0.36516997009795	26664	0.10897667594464579	0.10897667594464579	0
0.9331859493981822	2795966	0.5600301374414344	0.5611489744511826	0.4190660449963477	28598	0.12059637845122696	0.12059637845122696	0
0.9398182264799804	1497362	0.4521606111271604	0.4532639092527965	0.3573778617061559	27842	0.06976569329658237	0.06976569329658237	0
0.9706460329157455	1337906	0.4516627533511852	0.45174135909350704	0.34880570883459033	28066	0.0870812557160084	0.0870812557160084	0
0.8648980594448539	2587270	0.5896427648605226	0.5913905453096919	0.41227595520983223	26762	0.14522538564969864	0.14522538564969864	0
0.967084254482928	1239602	0.4624214896258297	0.46900460064117144	0.35976730956429837	28470	0.13487139827096584	0.13487139827096584	0
0.952223041021862	1267830	0.4726599948407959	0.47551133039271876	0.34076617319081676	26532	0.10220676024995719	0.10220676024995719	0
0.9718742323753378	2794116	0.5575400148527511	0.5590412608331186	0.3922087824264817	29264	0.08117911369064797	0.08117911369064797	0
0.9649963154016212	1410808	0.44339662817661796	0.4452792425668468	0.3556089280557398	27764	0.10531735806924984	0.10531735806924984	0
0.9658560550233358	1462790	0.44923093254147534	0.45058141717823363	0.35891176250070395	28076	0.10189971192320359	0.10189971192320359	0
0.9602063375092115	1915776	0.5583807035060323	0.5579905364899972	0.35737224519995436	27266	0.11108383669658106	0.11108383669658106	0
0.9539425202652911	1239994	0.4700603766153228	0.4733755278620026	0.3486524090670253	27864	0.09786301261832953	0.09786301261832953	0
0.9724883321051339	939176	0.4469062166253675	0.4553104219035022	0.34451371784190626	27976	0.11883069767883046	0.11883069767883046	0
0.9481699828052076	1361782	0.4757958556113551	0.47862698686493893	0.35155832800464065	27530	0.0766988065217998	0.0766988065217998	0
0.8504053058216654	3421348	0.5542674721507433	0.5564982480992144	0.43850367657767214	27164	0.07744427578646863	0.07744427578646863	0
0.9475558830754115	1343624	0.43111206589387363	0.43771468747339765	0.3913171370309217	29952	0.07812855327344484	0.07812855327344484	0
0.9350282485875706	942322	0.457570969561044	0.46380865793197207	0.34497852433413967	26972	0.12321416418964855	0.12321416418964855	0
0.8905674281503316	2997642	0.5418835988755976	0.5459798719998289	0.4290474752059437	27816	0.07176423116151358	0.07176423116151358	0
0.9692950135101941	1068486	0.46337483549177083	0.46788628697565704	0.32353984193446406	26472	0.10119637777555494	0.10119637777555494	0
0.9799803488086465	1312918	0.46248742665769255	0.4671179228333097	0.35684834877216437	28614	0.09672917766626297	0.09672917766626297	0
0.9197985752886269	2133720	0.4766089597680045	0.47934651452676036	0.3941431323362629	27726	0.07860936622533904	0.07860936622533904	0
0.9662245148612134	1419728	0.46757451366321634	0.46957150762450867	0.33009865750381634	26538	0.07808928770505608	0.07808928770505608	0
0.9134119380987472	3740646	0.553734108240934	0.5566211025868242	0.4436109020261292	29066	0.09572951196810196	0.09572951196810196	0
0.9713829525915009	1674728	0.4420404261215707	0.4482601170322717	0.37304586121476735	28808	0.08656006522975151	0.08656006522975151	0
0.9501351019405552	2538018	0.5850762634831134	0.586601740595696	0.386062072722346	28766	0.10028515620224675	0.10028515620224675	0
0.9474330631294522	2076964	0.5071547302873348	0.5108131474567158	0.38618868279214286	28032	0.09835534274821282	0.09835534274821282	0
0.9788749692950135	1091794	0.46293294621558384	0.47096354652572114	0.36168512629602806	29412	0.11272670294063254	0.11272670294063254	0
0.8540899042004422	1330506	0.44541981608254977	0.4507200248677921	0.40033128422868874	25844	0.12102299067063166	0.12102299067063166	0
0.9546794399410464	3650362	0.6041773573122042	0.6048902791781973	0.39871916478907865	28794	0.09158509219877019	0.09158509219877019	0
0.9497666421026775	1522236	0.4735568435637844	0.47677237255461785	0.367554529684096	27816	0.11737012444773447	0.11737012444773447	0
0.9539425202652911	1006614	0.4507870393714044	0.4599143213355798	0.35326325318799895	27712	0.09663010711125762	0.09663010711125762	0
0.9543109801031687	1205174	0.4240815954257297	0.4312081373819529	0.358302032467221	27586	0.0970328945432795	0.0970328945432795	0
0.9631540162122328	2089514	0.559499461035424	0.5608267380709947	0.36574139560462376	28194	0.10992842126880793	0.10992842126880793	0
0.8968312453942521	1336336	0.4208942127673465	0.4304285731641028	0.40108065446081653	27740	0.10180679508235323	0.10180679508235323	0
0.8750921149594694	2600252	0.5593048440468679	0.5650120134133946	0.40935907458984877	26884	0.10806674795505662	0.10806674795505662	0
0.9663473348071727	1493784	0.44068794891506263	0.4419165721725204	0.35741746154679116	27708	0.08189742256471123	0.08189742256471123	0
0.9502579218865144	960912	0.4704355629732519	0.47965449188653303	0.3505747129934269	27370	0.10962842310487232	0.10962842310487232	0
0.9781380496192582	1687896	0.5164514085098194	0.5223473416709571	0.34296583810392806	27560	0.08933269333457045	0.08933269333457045	0
0.8893392286907393	1319526	0.42259006027316076	0.43135836205856265	0.3815253725704772	26378	0.10379608899311545	0.10379608899311545	0
0.9702775730778679	925470	0.43609118449671597	0.4464618213683056	0.35967804367558537	28468	0.09382258558950328	0.09382258558950328	0
0.9557848194546794	2020340	0.4646701322239384	0.4660310910304288	0.3751515491310249	28172	0.0937149165240954	0.0937149165240954	0
0.9645050356177843	1796820	0.48408119205197053	0.4896794050027984	0.3818576908885794	29094	0.09426547461547868	0.09426547461547868	0
0.9534512404814541	1721290	0.46048263649943366	0.4628332479265606	0.3767404856330483	27504	0.12106606252462628	0.12106606252462628	0
0.9093588798820929	4218480	0.5982679591034967	0.5993653093570667	0.43864555684575235	28846	0.07964294300780715	0.07964294300780715	0
0.9550478997789241	1562818	0.5070041724263294	0.5118800213468114	0.3716146004492427	27914	0.10112729517221919	0.10112729517221919	0
0.942397445345124	1898130	0.49603116136231357	0.4977434520744744	0.36982751419398224	27048	0.09098992278239397	0.09098992278239397	0
0.9267993122083026	1857334	0.44077098739368265	0.44107078532475136	0.4038620259142584	28402	0.09480278907004058	0.09480278907004058	0
0.9591009579955785	1336250	0.4533671912281428	0.4603103240483862	0.3616962273919562	27948	0.10165403206779478	0.10165403206779478	0
0.967084254482928	2641656	0.5733281066363103	0.5747096232820642	0.37999152361253036	28508	0.11719608056578727	0.11719608056578727	0
0.948415622697126	1845866	0.4673676442325514	0.4723649694701763	0.38133495948387836	28604	0.0861473415120232	0.0861473415120232	0
0.9396954065340212	1192722	0.44759393665247965	0.4557151354410374	0.3559916733584833	26792	0.10366850812099891	0.10366850812099891	0
0.931343650208794	3009902	0.5662362619526846	0.5670811041189355	0.4016704780146613	28128	0.07519337761654281	0.07519337761654281	0
0.9506263817243921	2139428	0.47087429053433527	0.471575048550733	0.38645936151277366	28180	0.07880313377584593	0.07880313377584593	0
0.9631540162122328	1068276	0.45689920434020853	0.46444285680705694	0.355086876389175	28584	0.09964820942989698	0.09964820942989698	0
0.9352738884794891	1661462	0.47216234929269074	0.483310857228002	0.38655293300399585	27972	0.09969313820572197	0.09969313820572197	0
0.9394497666421027	3140348	0.6074084164072163	0.609253369354298	0.41503706472789276	29694	0.09655332215667221	0.09655332215667221	0
0.9414148857774502	2489328	0.5173350479189981	0.5224324570231792	0.40023774904858683	28104	0.09770521325907162	0.09770521325907162	0
0.962171456644559	916226	0.4678825722372954	0.4732166874370771	0.32706206529462356	26560	0.11583606094413533	0.11583606094413533	0
0.9038319823139278	3895048	0.6088087606005138	0.6104584286278273	0.41365935186689273	27750	0.08073390867482229	0.08073390867482229	0
0.9530827806435765	1269264	0.4270423554168019	0.43820754809756685	0.3771182446621874	28904	0.11245828530164732	0.11245828530164732	0
0.9556619995087202	1906696	0.4749397753784932	0.4776618725119566	0.3772420412763154	28414	0.08834891673768643	0.08834891673768643	0
0.933063129452223	1546988	0.44490021442117844	0.45079692934997073	0.37939754349288585	28186	0.07984399305019098	0.07984399305019098	0
0.933063129452223	3230646	0.6018850528449704	0.6027686209264538	0.40974695571742337	27826	0.09811172890048168	0.09811172890048168	0
0.9652419552935396	1149860	0.4432428146798943	0.4522832427010688	0.35456599266602606	27694	0.12163939490456856	0.12163939490456856	0
0.9415377057234094	2093438	0.5548521787744202	0.5554312277456075	0.3610966860011362	27038	0.09145506629414957	0.09145506629414957	0
0.9751903709162368	2449618	0.5496090830252548	0.5514431840872207	0.38462617786066505	29710	0.09263456450914581	0.09263456450914581	0
0.9735937116187668	3025146	0.5647000493712419	0.5664700215903182	0.3784453445283593	28478	0.11011240320455455	0.11011240320455455	0
0.9409236059936134	1205514	0.41427173511993315	0.42484724640108057	0.36633702149308833	27542	0.07532994834549468	0.07532994834549468	0
0.9539425202652911	2233700	0.5327787021817877	0.5384590365553589	0.362414823547989	27974	0.09736957923974471	0.09736957923974471	0
0.9733480717268485	1908426	0.5135947580355485	0.5160355217298067	0.3633629432637173	28540	0.10803884178290578	0.10803884178290578	0
0.9700319331859494	1451040	0.43352402905384513	0.44166082424052994	0.3671136735843714	28894	0.08618677531232459	0.08618677531232459	0
0.9680668140506018	2587028	0.5665343695566153	0.5676884618377311	0.3954827136700132	29694	0.10082422770559428	0.10082422770559428	0
0.9575042986981086	2842726	0.5320126544417046	0.5327932177575384	0.4010772534449944	29432	0.1040065101283258	0.1040065101283258	0
0.9389584868582658	1965496	0.4890920076948697	0.4947705043197865	0.40028148926445656	28566	0.10064111016900312	0.10064111016900312	0
0.9267993122083026	1554100	0.4606077201123952	0.4682525452095326	0.36814418696312984	26766	0.08822100767973211	0.08822100767973211	0
0.9744534512404814	2678322	0.5546412707715299	0.5593604404033282	0.38423391044560695	29546	0.08913691829439646	0.08913691829439646	0
0.9715057725374601	990200	0.42369035779759373	0.4354139821566778	0.35717444280987487	28584	0.08552367283994267	0.08552367283994267	0
0.9378531073446328	1900704	0.48567039355616304	0.4880308595867533	0.377259947962977	27910	0.07183905390897509	0.07183905390897509	0
0.9265536723163842	2929410	0.5926514794403314	0.5943380664059432	0.3905309506691088	27858	0.07853262808815624	0.07853262808815624	0
0.939081306804225	1621254	0.4535082808126864	0.4593196659904984	0.37793644713372365	28304	0.09080261136884206	0.09080261136884206	0
0.9591009579955785	1131864	0.4393120485466107	0.4434765191773298	0.34536315617104774	27682	0.10459807098155445	0.10459807098155445	0
0.8311225743060673	1206272	0.47297015439811774	0.47721053039335976	0.3830213692620272	24596	0.1239882209061459	0.1239882209061459	0
0.9599606976172931	3209778	0.6006716684903599	0.6013329501705776	0.38351851312177493	28632	0.10012112474872603	0.10012112474872603	0
0.9570130189142717	2725920	0.538741478083486	0.5385364462133126	0.3905673929894798	28796	0.0875028502104413	0.0875028502104413	0
0.9662245148612134	2233420	0.5559037096426245	0.5581159667145942	0.35459867963174263	27684	0.0858294484469712	0.0858294484469712	0
0.9512404814541882	1821324	0.46940806402745877	0.47391646531055903	0.39227540346040063	29342	0.06632831151839416	0.06632831151839416	0
0.9513633014001474	1543764	0.46958951681609	0.47062128433760075	0.36515101164598046	28106	0.08484840111104357	0.08484840111104357	0
0.9250798329648735	2929936	0.5788034906875814	0.5837164985673314	0.38795113423360506	27376	0.06806683634349237	0.06806683634349237	0
0.9673298943748465	2969950	0.5478819236310614	0.5484630382330803	0.3979567274451299	29162	0.08422843039440693	0.08422843039440693	0
0.9464505035617784	1906678	0.5365370750448857	0.5407102576753654	0.3850720878026883	28780	0.11066735467824917	0.11066735467824917	0
0.9636452959960697	1931392	0.46482970066345136	0.4679243572211065	0.390198374905054	29618	0.09448266764079473	0.09448266764079473	0
0.9401866863178581	2564272	0.6057422601573835	0.605299308923542	0.39636948621327933	28496	0.11428738079744982	0.11428738079744982	0
0.9441169245885532	1596664	0.480319070944305	0.4850592619939534	0.36177834426545113	27254	0.10057547514015068	0.10057547514015068	0
0.9265536723163842	2994584	0.5622394361740131	0.5646854612033021	0.411889937828763	28662	0.09152219525128023	0.09152219525128023	0
0.9301154507492017	1082130	0.4391700049172127	0.44333093824240716	0.34614682692155324	26000	0.10974971524139521	0.10974971524139521	0
0.9518545811839842	972536	0.42264010216381753	0.434674138821935	0.350854124365765	26614	0.0863548990104513	0.0863548990104513	0
0.9355195283714075	1110002	0.45103285037624957	0.4578911551967979	0.35141273271523626	26622	0.11554685653535592	0.11554685653535592	0
0.9393269466961435	1620562	0.46013099341779345	0.4643778218487882	0.37911365692376126	28134	0.09681658790549413	0.09681658790549413	0
0.9478015229673299	886680	0.5017329786568768	0.5094170215802862	0.3237499304432327	26130	0.1340619703656715	0.1340619703656715	0
0.9481699828052076	2510002	0.578443907651056	0.579106250714714	0.3692735439990533	28120	0.08968014412793564	0.08968014412793564	0
0.8515106853352985	3477528	0.61271939053138	0.6139667054879224	0.4344483907305428	27384	0.09599347888528603	0.09599347888528603	0
0.9213952345860967	1578210	0.45744000035767723	0.45872644131287044	0.38195783014556023	28540	0.0848417627912169	0.0848417627912169	0
0.9559076394006387	1995858	0.5008870330549186	0.5009624185694237	0.37361070645009603	27968	0.10029147320102337	0.10029147320102337	0
0.9217636944239744	3836136	0.6252679366494145	0.625937644857166	0.4239425021743959	28860	0.09630900577516212	0.09630900577516212	0
0.9320805698845492	2060226	0.5366806885032257	0.5396790518343202	0.392557060280824	27802	0.12371278990611095	0.12371278990611095	0
0.8843036109064112	1520678	0.4702954678876052	0.4720233444973088	0.3874618351011023	26622	0.11175118321149058	0.11175118321149058	0
0.8790223532301645	3564918	0.6016362579161703	0.6030140467163999	0.4363485934194766	27876	0.10087843285616517	0.10087843285616517	0
0.9334315892901007	1740428	0.45298206500663135	0.4603467370279956	0.38424416876930795	27434	0.08655166944609138	0.08655166944609138	0
0.8775485138786538	3045612	0.5380353856987679	0.5390148550765107	0.41197695066523726	26808	0.071919653985585	0.071919653985585	0
0.9100957995578483	3069000	0.50683180133398	0.5082226397752164	0.44727457041242497	28942	0.11408505924299274	0.11408505924299274	0
0.9571358388602309	1111784	0.4506078907340692	0.45928136766120337	0.3690147147219069	28806	0.11204733851718925	0.11204733851718925	0
0.9735937116187668	2780446	0.5451996620218054	0.5467921848290155	0.373204148331217	28286	0.08110650599951767	0.08110650599951767	0
0.9550478997789241	1619614	0.5052101559564798	0.5127835451223354	0.37714779192083386	28264	0.11170841135464327	0.11170841135464327	0
0.9141488577745026	1223328	0.413581459706218	0.42177236838641957	0.37184399291287207	27380	0.07458613612965409	0.07458613612965409	0
0.868214197985753	3014556	0.5404238106430845	0.5408199497882256	0.42741825139916795	27870	0.07087522298344184	0.07087522298344184	0
0.9595922377794154	1203400	0.4454496416098174	0.45164629174843585	0.3484287906283053	28098	0.08376712772053174	0.08376712772053174	0
0.8974453451240482	1655086	0.48024173211574955	0.48499982253324475	0.3840480435941465	26848	0.11554680927163531	0.11554680927163531	0
0.961557356914763	1936072	0.47967009573532965	0.4833486460061609	0.3744897898286879	27900	0.08931898727342076	0.08931898727342076	0
0.9594694178334562	960188	0.482089789283195	0.49208946204798926	0.34712135906825875	27664	0.11807251092853364	0.11807251092853364	0
0.9127978383689511	2212770	0.5363856582691365	0.5383584058241809	0.39649617774397966	27586	0.10717529697559937	0.10717529697559937	0
0.9563989191844755	2219400	0.5731770590416174	0.5763924239542066	0.34801907724032416	26944	0.11637886849183458	0.11637886849183458	0
0.810611643330877	3010250	0.619847045251699	0.6200823916599687	0.4357937586605029	25664	0.1327285538132277	0.1327285538132277	0
0.9674527143208057	1798408	0.465581412233343	0.4695861986377863	0.3761048634822765	28504	0.08621972098582335	0.08621972098582335	0
0.9439941046425939	1783418	0.4826866111570818	0.48613022690667207	0.3829835968889561	28494	0.09235662675571794	0.09235662675571794	0
0.7854335544092361	1246462	0.36380873802228514	0.37137383014550324	0.41085543620613185	24330	0.07748107141659284	0.07748107141659284	0
0.9416605256693688	1318332	0.4486885937645224	0.4587111833170354	0.36083527676403554	26914	0.09467821781365553	0.09467821781365553	0
0.9794890690248096	1345952	0.47555951971160876	0.476567986793645	0.3421568996195141	28082	0.0904227962919209	0.0904227962919209	0
0.9432571849668386	3162572	0.5461981842576235	0.5504234232013223	0.40915921761426133	27940	0.08843022782637307	0.08843022782637307	0
0.9502579218865144	1230770	0.44781680518212363	0.4528890984511884	0.34556710656589273	27008	0.10024188272091115	0.10024188272091115	0
0.9091132399901745	2228302	0.5445464434670896	0.5517980921095291	0.3760593931679404	26496	0.10216072524160151	0.10216072524160151	0
0.9654875951854581	1671684	0.5412363871128107	0.5476516800960255	0.3565565483507939	28024	0.10478081190908985	0.10478081190908985	0
0.9750675509702775	1394856	0.4683416128581163	0.4695735488815353	0.3534511491639722	29270	0.0649600899888179	0.0649600899888179	0
0.9631540162122328	1687630	0.462825593969181	0.46632887728765166	0.38069595838594567	29216	0.09256239497243923	0.09256239497243923	0
0.969786293294031	1548062	0.4651405746603616	0.4660617020850963	0.3532668298437803	28172	0.07009602585923214	0.07009602585923214	0
0.8402112503070499	1564858	0.42555883169295217	0.43329015976077906	0.4077467301647804	25478	0.09390666071887505	0.09390666071887505	0
0.9695406534021125	1287792	0.46222328994846923	0.46632661113980606	0.343429867831292	28140	0.0791969563910477	0.0791969563910477	0
0.9710144927536232	1531560	0.4467734114569087	0.45572069534564524	0.36219711425905654	27934	0.08249598426025365	0.08249598426025365	0
0.9589781380496193	1859678	0.4735772531447034	0.47883904019895174	0.37811375759801313	28490	0.08214285125643342	0.08214285125643342	0
0.9771554900515844	910366	0.4462843815015467	0.45525847608036446	0.3360108929702212	27316	0.10523451011649464	0.10523451011649464	0
0.9625399164824368	1337748	0.43473941757294887	0.4424841527076178	0.3609120861135838	27638	0.10504553267846468	0.10504553267846468	0
0.9373618275607959	1948118	0.47943964304561176	0.4816811149231228	0.3872681856675399	27764	0.09191022967712963	0.09191022967712963	0
0.9691721935642348	1978174	0.546618963617169	0.5481455234344971	0.3728356248939262	28662	0.10492359492212756	0.10492359492212756	0
0.928641611397691	2789170	0.5747664024950305	0.5747472125499912	0.38547331728885714	27140	0.0998780074895297	0.0998780074895297	0
0.8357897322525178	1812372	0.5302230919733262	0.5304884063438987	0.40300176420717576	25208	0.13730867137001795	0.13730867137001795	0
0.977523949889462	1573380	0.4426291466058778	0.44775395680804414	0.3804158220873368	29168	0.10672116583966262	0.10672116583966262	0
