Utilization	Connections(A2A)	Lvl1TraffRatio(A2A)	Lvl1TraffRatioNoIndirect(A2A)	RatioIndirect(A2A)	Connections(AR)	Lvl1TraffRatio(AR)	Lvl1TraffRatioNoIndirect(AR)	RatioIndirect(AR)
0.972412109375	2871302	0.3741706021503626	0.380231526290354	0.4338443463411719	29744	0.058944598089981905	0.058944598089981905	0
0.9329833984375	1847976	0.3230041120496249	0.33024476203825687	0.40584024945228064	27780	0.07991166789840647	0.07991166789840647	0
0.9964599609375	1361140	0.36644074054859543	0.3795182906391707	0.39639998819798666	29792	0.09155081138213626	0.09155081138213626	0
0.99462890625	1649566	0.401500911552886	0.4079146062756896	0.4079064727566329	30332	0.10205089868349043	0.10205089868349043	0
0.9776611328125	1302608	0.3827958331655896	0.39234573862965233	0.3886338806311611	28856	0.09888203198991852	0.09888203198991852	0
0.9979248046875	2611674	0.3773601467972332	0.3867364152161163	0.4258418865293632	30240	0.0790909387910567	0.0790909387910567	0
0.9990234375	1947208	0.35385954332513575	0.3597650571901075	0.4209235509579887	30612	0.08519926811515638	0.08519926811515638	0
0.971435546875	1363882	0.34848012260079536	0.356727602527247	0.3996622956514941	28820	0.07680863262980805	0.07680863262980805	0
0.92626953125	1132404	0.34882073880014874	0.35727317909272954	0.4102911703927341	28294	0.1093074359627464	0.1093074359627464	0
0.9990234375	3045378	0.4538300495642082	0.45866059559228334	0.39890325355472295	29060	0.07262680244319718	0.07262680244319718	0
0.925537109375	1247064	0.3362213285591791	0.3443090295779841	0.4113332215510049	28028	0.09073568841446496	0.09073568841446496	0
0.995849609375	872564	0.3639804509311189	0.3741308454826737	0.34792861246355206	28586	0.08571364061357938	0.08571364061357938	0
0.9404296875	962510	0.3219539550781811	0.3296195817686703	0.3734271150349915	27788	0.08147232964068422	0.08147232964068422	0
0.9974365234375	1464386	0.3731548895987052	0.38139688939281163	0.4102804683335481	30350	0.11124806571585395	0.11124806571585395	0
0.9984130859375	2152764	0.4201821487819584	0.42767890894042176	0.4041684965577686	29522	0.09030661439894438	0.09030661439894438	0
0.9404296875	2948302	0.4153849128557721	0.4205739919518707	0.45020781978083363	29860	0.08812946045848959	0.08812946045848959	0
0.9404296875	2429508	0.38209163189153905	0.38902851716661563	0.43340348155637054	28744	0.08209132407562329	0.08209132407562329	0
0.9478759765625	1662778	0.38318635747464763	0.3887918526926429	0.42980861581908636	29286	0.09919194632049427	0.09919194632049427	0
0.9478759765625	1526928	0.3776021307446272	0.3838778969920367	0.41804764540017986	29106	0.11192462177332096	0.11192462177332096	0
0.9970703125	1176498	0.39990728041419993	0.40840037613134356	0.36269913591517994	28630	0.10141428044494484	0.10141428044494484	0
0.925537109375	1407716	0.3862200847599652	0.39598392451532677	0.39762898616721093	26998	0.08796407218785542	0.08796407218785542	0
1.0	2413502	0.36336978787033813	0.36760900659304035	0.4319523265032626	29640	0.05964476950885789	0.05964476950885789	0
0.992919921875	1943244	0.42757360094055225	0.43423374913276874	0.39075505033510854	28806	0.0953598636064753	0.0953598636064753	0
0.9908447265625	1859282	0.3739676046365381	0.382500488799229	0.4128685140019675	29916	0.09321328401197444	0.09321328401197444	0
0.993408203125	1521364	0.3911647662074547	0.4004923359427292	0.4026121993999075	30006	0.1059049107113504	0.1059049107113504	0
0.9627685546875	2508090	0.41909440381325486	0.42806298622341116	0.4249552462772415	29686	0.08668645132922	0.08668645132922	0
0.989501953125	1417000	0.3840058942365907	0.39111444859519157	0.3792213733675795	28788	0.08680504693436303	0.08680504693436303	0
0.998779296875	1372680	0.3271007090586908	0.3364360246745494	0.4055239477037524	30280	0.09556364238657296	0.09556364238657296	0
0.955322265625	2239230	0.385625736716283	0.39187430515965854	0.4102816896807067	28690	0.07109583389749048	0.07109583389749048	0
0.99951171875	2140916	0.4082469377315574	0.4153922451073446	0.40734601486714844	29754	0.08666915326733154	0.08666915326733154	0
0.9927978515625	1787044	0.31647084569688	0.3245227432225529	0.4216621889653303	29610	0.07605036667886182	0.07605036667886182	0
0.996337890625	1243208	0.3875243341723597	0.39595277553863956	0.3691597553786547	28660	0.08709649685138547	0.08709649685138547	0
0.97021484375	2390738	0.4041153256413279	0.4102965341758553	0.4230959831099182	29720	0.07272337010882492	0.07272337010882492	0
0.895751953125	2764292	0.3674737254166263	0.3696758728367768	0.4412543916672693	26934	0.08758996958313599	0.08758996958313599	0
0.9755859375	1260598	0.3682536008170403	0.3750248906323919	0.3840039918115355	28748	0.10155500613899286	0.10155500613899286	0
0.9776611328125	2425780	0.4420037319179622	0.4508408013946627	0.42662272437301246	29612	0.10867985789693678	0.10867985789693678	0
0.9931640625	1278280	0.3708173686632441	0.3791759925527782	0.373951082940448	28870	0.09107572601165737	0.09107572601165737	0
0.9990234375	2901760	0.4087204191201417	0.4142849746209181	0.41410934187986737	29680	0.0727408677819405	0.0727408677819405	0
0.998046875	1568088	0.42243245786811356	0.4286601363411681	0.38060726554204244	29512	0.08639428963047256	0.08639428963047256	0
0.985107421875	1403704	0.359181315696448	0.3706944628360707	0.3878366747408916	28880	0.0830167747206675	0.0830167747206675	0
0.9862060546875	1821064	0.43573917724420336	0.44335130931160843	0.39540269419269963	29968	0.0898851037372983	0.0898851037372983	0
0.9180908203125	943632	0.3245409767963428	0.33150049196025966	0.3983172184586634	27644	0.08745298601552094	0.08745298601552094	0
0.999755859375	1278722	0.3828845772169871	0.3934549031080634	0.3763469505392143	28976	0.08810813894532739	0.08810813894532739	0
0.998779296875	1405158	0.4037658728121263	0.4119379258986935	0.3697954359370427	28394	0.08400737525614162	0.08400737525614162	0
0.989501953125	1538130	0.4297701447489581	0.4378440560754304	0.37910655135807875	28382	0.09922068823536297	0.09922068823536297	0
0.996337890625	1750552	0.38098345226651403	0.38531352519729456	0.400677542753936	29492	0.0981185009614937	0.0981185009614937	0
0.940673828125	984732	0.2913431949200076	0.30209983712024496	0.4048000626617407	28758	0.06165374831347159	0.06165374831347159	0
0.930908203125	1443324	0.45009520358676564	0.45418141114233407	0.40655133365133794	28730	0.12253764364601087	0.12253764364601087	0
0.9483642578125	1167662	0.2996703514539101	0.3093130165691701	0.4150021259046774	29240	0.07619867533040237	0.07619867533040237	0
0.955322265625	1613192	0.39489349273943475	0.4085109737597854	0.4117124799497643	29562	0.096320049469979	0.096320049469979	0
0.9951171875	1339830	0.36257506189734845	0.37112553310321994	0.3954156336680194	30014	0.09864396989382078	0.09864396989382078	0
0.9742431640625	1884270	0.495639596726676	0.4995738688886624	0.38524051014006266	29224	0.08640113026966528	0.08640113026966528	0
0.9881591796875	1611688	0.37410510492695653	0.38219665860907787	0.40218256501383337	29868	0.0772501612743638	0.0772501612743638	0
0.9969482421875	1442920	0.33818899869692126	0.34647009513550436	0.40450987640189484	30086	0.0800576811860904	0.0800576811860904	0
0.9478759765625	2671210	0.41681913016582356	0.42540487921892384	0.40902403105493956	27786	0.10449981436521832	0.10449981436521832	0
0.955322265625	2454966	0.41277542849890314	0.41644339651962364	0.44619515002045645	29898	0.0958394783320754	0.0958394783320754	0
0.9332275390625	1600044	0.3401029992992492	0.3480939125609723	0.381660066318009	27502	0.07104102813926173	0.07104102813926173	0
0.99609375	1536452	0.3993316027884352	0.4093075129290554	0.3943599637225275	29390	0.10746527827557095	0.10746527827557095	0
0.997802734375	1014350	0.3137855671210105	0.324550475537759	0.3894080712143268	28846	0.08470335781334283	0.08470335781334283	0
0.99365234375	1937278	0.34321268406096744	0.3535818876898922	0.4122756439876653	29932	0.06821251637819035	0.06821251637819035	0
0.9478759765625	1916870	0.30945649329018315	0.31674176435185697	0.42592083718267354	28802	0.07330798029336445	0.07330798029336445	0
1.0	1190232	0.40188667982332155	0.41198572275098266	0.35316225492168135	27958	0.08863292678322986	0.08863292678322986	0
0.9779052734375	1632590	0.35325006494936534	0.3659496043756367	0.39976961267807165	28486	0.09532889516880566	0.09532889516880566	0
0.955322265625	1501522	0.35913455763122126	0.36478403143220267	0.41323377924235777	28262	0.12019530492858428	0.12019530492858428	0
0.9503173828125	2959464	0.3937020824277207	0.3964622447220143	0.46155954324148446	29908	0.0938316398012844	0.0938316398012844	0
0.9970703125	1546194	0.3909584022414589	0.39574491378586135	0.3871791488432989	29330	0.07537628381918353	0.07537628381918353	0
0.9779052734375	4219538	0.47614578373234756	0.4820572101026635	0.43755186625343523	29624	0.08929198961978574	0.08929198961978574	0
0.9779052734375	1717706	0.3842453279669997	0.3925785357922722	0.4191310604300043	29478	0.0940707041296465	0.0940707041296465	0
0.9927978515625	1904672	0.3882640339287222	0.3986692650739814	0.40622629264333926	29568	0.07642225866076828	0.07642225866076828	0
0.9876708984375	3738020	0.48716232170558743	0.4907455350219135	0.4160088657007557	29958	0.0872547685932653	0.0872547685932653	0
0.91162109375	1793780	0.38920687532794157	0.395052943085556	0.4288572143497252	28240	0.10300135532923027	0.10300135532923027	0
0.9329833984375	1555828	0.34541853533608774	0.3523221948377952	0.39988376198478165	28104	0.07714247152411775	0.07714247152411775	0
0.9918212890625	1552204	0.38982619237857286	0.401781427963869	0.3920022337852946	28844	0.09139631022079131	0.09139631022079131	0
0.99853515625	1542428	0.3633679544221748	0.37509561522689894	0.3983626130822202	29808	0.08882223332013091	0.08882223332013091	0
0.99755859375	2923202	0.36370196327459886	0.36649695482980843	0.4461275715936628	29758	0.07453582915718575	0.07453582915718575	0
0.98486328125	1729064	0.4167476666661198	0.4223109498987647	0.37796460562126416	28034	0.09776648299956102	0.09776648299956102	0
0.9873046875	1519562	0.4130408889976578	0.4203827318170829	0.3860727511300715	28972	0.10802882909645768	0.10802882909645768	0
0.9954833984375	1263876	0.38385880544159384	0.39441064587294566	0.37511708765970964	29042	0.0976417779399788	0.0976417779399788	0
1.0	2167846	0.41241056847969393	0.41654759530670377	0.40314327651083	29520	0.08911526680254922	0.08911526680254922	0
0.993896484375	1677680	0.3462772988566223	0.3511868676427305	0.4134183256164661	29324	0.08089152271946937	0.08089152271946937	0
0.985107421875	2899338	0.3907544004228154	0.3999945805627237	0.4313811698048023	30056	0.07945072377793902	0.07945072377793902	0
0.9239501953125	1913466	0.42058952157452084	0.4268926554036321	0.4228207518105755	27918	0.11557509085148969	0.11557509085148969	0
0.925537109375	1512588	0.33675360161885054	0.3424554608156834	0.39113153311148685	27338	0.07995238319957587	0.07995238319957587	0
0.9974365234375	1328566	0.3866536587083071	0.39200163829479534	0.372003149853749	28942	0.09568460090109437	0.09568460090109437	0
0.981689453125	2923318	0.4004858165080729	0.40698514406716385	0.43404482566023467	30204	0.0900942781583683	0.0900942781583683	0
0.9990234375	3632188	0.405976571884104	0.40969086174240044	0.42057432942808015	29784	0.07106793299873854	0.07106793299873854	0
0.993896484375	3110352	0.4617000458207345	0.46804067085676554	0.41622970787238184	29728	0.10292759755281201	0.10292759755281201	0
0.9031982421875	1238694	0.35616238974392034	0.3640593671710106	0.42245210977379893	27712	0.08827299530724776	0.08827299530724776	0
0.9949951171875	1881354	0.39311698375176674	0.40210287496149605	0.41382096371669497	30196	0.09306917930180776	0.09306917930180776	0
1.0	1263696	0.3827675906238058	0.3937632006360101	0.3681225611189423	28866	0.08441497048941464	0.08441497048941464	0
0.996826171875	2505300	0.40182279235478363	0.4115194004714615	0.43394975314012424	30690	0.0718459169864888	0.0718459169864888	0
0.9779052734375	2391016	0.4290790467771119	0.4378729862722271	0.42593160095561483	29742	0.0920785034079805	0.0920785034079805	0
0.981689453125	1945478	0.42927637878455754	0.4360184732197574	0.406078167570649	29422	0.1001691342031793	0.1001691342031793	0
0.9404296875	1671868	0.36988806725299916	0.3780084639232315	0.4111808078672811	28382	0.0671169878576554	0.0671169878576554	0
0.9912109375	3023720	0.4299617509481737	0.43410752783504286	0.42977036865128776	30240	0.10405752427549593	0.10405752427549593	0
0.983642578125	1574608	0.35454229321281544	0.36181548050321116	0.4129135790654425	30132	0.07884614676305536	0.07884614676305536	0
0.999755859375	1687726	0.3790426390969032	0.3862318590645771	0.4003046992943093	29824	0.09229538655343865	0.09229538655343865	0
0.925537109375	2545338	0.40021307577605386	0.4073003543117228	0.43561522936414204	28564	0.08250142508509663	0.08250142508509663	0
0.9627685546875	1414290	0.34876896907581106	0.35636324356406185	0.42159853407588277	30132	0.0964219474423602	0.0964219474423602	0
0.91064453125	1022756	0.3240827118618749	0.3319210263460339	0.403119574813756	27666	0.07533686489240544	0.07533686489240544	0
0.9478759765625	1393220	0.3429158179322769	0.3505420875691912	0.4199202375090216	29456	0.09558487411934978	0.09558487411934978	0
0.993408203125	1543672	0.35999685153480215	0.3699052374683575	0.40558798641421895	29550	0.08933842915161466	0.08933842915161466	0
0.993896484375	1813350	0.42722249713249544	0.43349482628512465	0.401738658489938	29756	0.09782947499808918	0.09782947499808918	0
0.999267578125	1212222	0.38796390899377786	0.39886778070479795	0.3665759938145925	29050	0.08815806299760988	0.08815806299760988	0
0.9974365234375	1595470	0.40126024383379316	0.41226116413174024	0.3935215506538765	29318	0.0989985754866286	0.0989985754866286	0
0.9183349609375	3071510	0.38444000562904224	0.39100379279973696	0.44769775168608517	28720	0.08511654256100487	0.08511654256100487	0
1.0	1083938	0.3608270806030838	0.36913595280407935	0.3672261094592168	28200	0.1070013338315947	0.1070013338315947	0
0.85107421875	3349804	0.3834530924104988	0.38392609500144653	0.46481425046725255	27140	0.07321737096643849	0.07321737096643849	0
0.97021484375	1935052	0.3848435809211573	0.39231372982573703	0.42722186438959486	29972	0.0898090428449075	0.0898090428449075	0
0.9627685546875	2151106	0.3346282593862371	0.34048629651083595	0.41467721289811027	28400	0.07649082305577844	0.07649082305577844	0
0.91064453125	1200152	0.32291745825383283	0.3322221142185208	0.40682507179385885	27874	0.06793420402104941	0.06793420402104941	0
0.970458984375	1302188	0.35471790016121435	0.3686103899888021	0.40310297669369555	29312	0.09269637771454503	0.09269637771454503	0
0.992431640625	1908090	0.41005454306002304	0.41451681890094255	0.3939541088085899	29296	0.08560162538431466	0.08560162538431466	0
0.998779296875	950304	0.38103249043389925	0.3914477981124815	0.35584234419846394	29098	0.07314168766215755	0.07314168766215755	0
1.0	936492	0.35256967438130205	0.3641448849298741	0.3577542778830804	28862	0.0823439443933355	0.0823439443933355	0
0.9981689453125	1829924	0.3676894528072015	0.37407417167660806	0.4034242240573119	29700	0.08140122566322994	0.08140122566322994	0
0.993896484375	2615906	0.39274323649608944	0.39961005015625095	0.416249347060331	29894	0.08127207186743099	0.08127207186743099	0
0.98779296875	2902160	0.39536523783962824	0.4009884296113624	0.45750391076834535	30816	0.0929446915699722	0.0929446915699722	0
0.955322265625	2398086	0.3913942273407775	0.3974074566888122	0.42691930461676125	29402	0.07976909606806142	0.07976909606806142	0
0.985107421875	1555886	0.3463205796841194	0.35499363216632207	0.409623946065306	29656	0.09077800581016693	0.09077800581016693	0
0.996826171875	1114550	0.38177224492758616	0.3892480627223888	0.3603615229465256	28770	0.08948410021302906	0.08948410021302906	0
0.99755859375	2199188	0.3904201650136243	0.39654457955567163	0.4227703536188652	30466	0.09374721902341367	0.09374721902341367	0
0.9990234375	1859000	0.3367748122736843	0.3468539326366693	0.4205792265370858	29732	0.08578084536218301	0.08578084536218301	0
0.9937744140625	1854068	0.42397007375429085	0.43368065809307765	0.40147231866258454	29738	0.08803897154218245	0.08803897154218245	0
0.991943359375	1835258	0.3730035244123086	0.3818230357399354	0.41017447128552625	29972	0.09254839411904954	0.09254839411904954	0
0.998046875	1525916	0.3846087298943152	0.3934495054430822	0.39794483498293354	29502	0.09734861441493144	0.09734861441493144	0
0.955810546875	3542424	0.37462824447159965	0.38100966716824547	0.4269556327917834	28680	0.05806414170101291	0.05806414170101291	0
0.910888671875	918990	0.3096875673618458	0.31574661018520334	0.396776297389495	27332	0.080200566877005	0.080200566877005	0
0.970458984375	2875510	0.46138012707508697	0.467165822307194	0.41737264339254004	30142	0.08522487312049593	0.08522487312049593	0
0.9627685546875	1472720	0.33829057144638924	0.34369693506030097	0.3951706489127282	28100	0.07001643814844621	0.07001643814844621	0
0.9639892578125	882430	0.3245249059006572	0.3357335035275157	0.381413518712657	28530	0.08331370845367175	0.08331370845367175	0
0.981689453125	1286690	0.34905248845838005	0.3579380333420585	0.37454066693291493	28530	0.05384917711330231	0.05384917711330231	0
0.9481201171875	2295758	0.4051652748536078	0.40830847152504024	0.395945443405379	27870	0.07523751392092563	0.07523751392092563	0
0.9976806640625	927302	0.33145697537532587	0.3442727187448242	0.36038937965750434	28854	0.07208551375345908	0.07208551375345908	0
0.9630126953125	1780318	0.3473946519543362	0.35725723429741535	0.406828025207121	28072	0.08237779894093882	0.08237779894093882	0
0.955322265625	2189334	0.3748006572060328	0.3782930802325426	0.42707903231003774	29082	0.1050587405491194	0.1050587405491194	0
0.9776611328125	1414044	0.33127674278180447	0.3413962852551509	0.40520231103991805	29520	0.08267004129282608	0.08267004129282608	0
0.985107421875	2341292	0.3892328224750104	0.39741686151388894	0.423328812029831	30064	0.0698091027914321	0.0698091027914321	0
0.9779052734375	2742790	0.36950203948159793	0.3763803114750668	0.43449543607795643	30020	0.07042775297637238	0.07042775297637238	0
0.998291015625	1590658	0.3828782669012773	0.3925439798682719	0.39983625409015416	29538	0.09541027505895351	0.09541027505895351	0
0.895751953125	2953898	0.36198946384601993	0.36721323085619356	0.4549556982259881	28506	0.07319650014745537	0.07319650014745537	0
0.994140625	1473100	0.35571679690048214	0.3664289857857262	0.3965232515983948	29772	0.08595225633352697	0.08595225633352697	0
0.9925537109375	1896102	0.38602039771046975	0.395911217957489	0.4223644767835201	30770	0.09063356143097549	0.09063356143097549	0
0.98779296875	2142876	0.41559644715053135	0.42206928169144065	0.40458675177955766	29498	0.0865417254814	0.0865417254814	0
0.998779296875	2269370	0.37372544124653734	0.37884245716993825	0.4425676207356281	31478	0.09147434257124544	0.09147434257124544	0
0.9964599609375	1590986	0.3792210791467628	0.3896189589106314	0.39969138231972207	29592	0.09567896643303331	0.09567896643303331	0
0.9970703125	2674856	0.3696325975194145	0.37999002158632456	0.4292954588992528	30074	0.07077135794920189	0.07077135794920189	0
0.9925537109375	2789584	0.43235261252828705	0.44040413589564203	0.40653699346284006	29312	0.080390027321217	0.080390027321217	0
0.9908447265625	2834328	0.3706116669958395	0.37374796280616013	0.4379211724108018	30924	0.07615341088420177	0.07615341088420177	0
0.9593505859375	964190	0.3144621081874742	0.32156930478982193	0.3974474857072586	28416	0.08286111672088925	0.08286111672088925	0
0.9920654296875	1132120	0.3616210086415996	0.3713867690327914	0.3766617886361719	28970	0.08188638501461358	0.08188638501461358	0
0.99853515625	1422936	0.34546521881660874	0.35485421511701726	0.39790666368166744	30032	0.06915494605848166	0.06915494605848166	0
0.99169921875	1499836	0.4415260897100874	0.44686319704543614	0.3824821388991229	30294	0.09725337680224444	0.09725337680224444	0
1.0	1868470	0.35381239082935084	0.3597086026242629	0.4110114846200735	30072	0.0872841209163166	0.0872841209163166	0
0.9986572265625	2637672	0.4078455915107568	0.4171816644615307	0.4153384921134586	29956	0.0827096877863129	0.0827096877863129	0
0.99951171875	1124898	0.39007280312762616	0.39808716190297333	0.35177560209708464	28508	0.07296479962676934	0.07296479962676934	0
0.9976806640625	3043876	0.3661803515063935	0.3726078605976231	0.43622971675902383	30716	0.06168711966217837	0.06168711966217837	0
0.9969482421875	2572992	0.40001849068070056	0.40542990595306994	0.4234866943195282	30412	0.0873020947177993	0.0873020947177993	0
0.9776611328125	3431852	0.4106402530955762	0.4181990979387327	0.43885668675058614	30252	0.06753705416619869	0.06753705416619869	0
0.9853515625	2661540	0.38629661529117826	0.39117529938224377	0.4288312295599714	30174	0.07915185488723377	0.07915185488723377	0
0.995849609375	1560510	0.40541448432265764	0.414916897825373	0.38414098964508653	29216	0.08775850088232627	0.08775850088232627	0
0.99609375	1989848	0.41038541883008944	0.41581902425820466	0.40411383759214364	29568	0.09889938596078551	0.09889938596078551	0
0.993896484375	1781206	0.3579014711784425	0.3670440162584092	0.4116984738914095	30180	0.07789165519793799	0.07789165519793799	0
0.9329833984375	922040	0.35436221312024213	0.36131035209146084	0.35656207095183795	26902	0.10941329500591657	0.10941329500591657	0
0.8734130859375	3239328	0.38633401978967835	0.3898811600825338	0.4606734670976784	27712	0.08077610564484194	0.08077610564484194	0
0.998291015625	1771042	0.37940579808375796	0.3856423300048903	0.40168229056487226	29966	0.09801487400903024	0.09801487400903024	0
0.96337890625	1485932	0.41070802789414457	0.417042415058902	0.3922303438525347	28422	0.09706007379855432	0.09706007379855432	0
0.9847412109375	1835676	0.43528156505668164	0.4421941939996781	0.39180872011465523	28672	0.1022194335919464	0.1022194335919464	0
0.97021484375	2876362	0.41241215020343897	0.419911704708772	0.4264736310948156	29186	0.08927712460783038	0.08927712460783038	0
0.9984130859375	2886020	0.39516471671566017	0.39994330102156295	0.4149885395141442	30106	0.07086018347268408	0.07086018347268408	0
0.9979248046875	973328	0.38459277881718634	0.39253798532625855	0.36220151258705363	29008	0.08455662339355112	0.08455662339355112	0
0.998291015625	1747238	0.36820073978357076	0.3747628528019042	0.40107322469385115	29764	0.0829253410235318	0.0829253410235318	0
1.0	1589252	0.42198058965647256	0.4281880133529295	0.3782880872843188	29232	0.08201903542426008	0.08201903542426008	0
0.996826171875	1313074	0.35676997156992935	0.36580765167923707	0.3785844344987388	29154	0.0680513536989233	0.0680513536989233	0
0.9942626953125	1567572	0.41102746541378626	0.4194776396805462	0.3847291314657751	28758	0.09956952106052476	0.09956952106052476	0
0.99658203125	1003510	0.3853163011549139	0.39694528905140447	0.34978723963060904	28240	0.070175406568854	0.070175406568854	0
0.9627685546875	2930306	0.3778082316395603	0.38259642913223163	0.4420867462406793	29756	0.07608397880361935	0.07608397880361935	0
0.99072265625	1307964	0.35903227764305573	0.36919505855280615	0.40029589822391104	29970	0.10465537927559444	0.10465537927559444	0
0.969970703125	2873036	0.39200146896156923	0.39486444447850316	0.4390858766775159	29932	0.08445171945225761	0.08445171945225761	0
0.9776611328125	1633204	0.36606594181453783	0.375720586553844	0.4051820573784049	29216	0.07869392782706598	0.07869392782706598	0
0.9180908203125	1787306	0.3805222789199725	0.3863492620082467	0.4400925933086697	28796	0.10920781656015467	0.10920781656015467	0
0.9627685546875	3259312	0.38415536753891616	0.3879811036446561	0.44656127309860966	29754	0.06467481543109842	0.06467481543109842	0
0.91064453125	1300804	0.34427981759622356	0.3483972479043385	0.42290447933343867	27284	0.09903426572911778	0.09903426572911778	0
0.99951171875	1291776	0.3457191792586276	0.35798423474502034	0.392999567582	29834	0.07947881112674349	0.07947881112674349	0
0.9908447265625	1386702	0.356368805669115	0.36875187975359264	0.38718073125778746	29196	0.0866972409922697	0.0866972409922697	0
0.955322265625	2217118	0.4008630006023384	0.4068766056609616	0.4329803518088012	30184	0.09173490272734543	0.09173490272734543	0
0.925537109375	1173756	0.34412198242869213	0.35124577509437765	0.3815924987790688	27126	0.09625615709091438	0.09625615709091438	0
0.9483642578125	1892728	0.3837333311482128	0.3916404699294777	0.42464763794009225	28752	0.08254300805641236	0.08254300805641236	0
0.99853515625	1858416	0.3814935478044847	0.39359556987256705	0.398877114142727	29362	0.09540775643046086	0.09540775643046086	0
0.998046875	2304722	0.40395646828311316	0.409433584255382	0.4282509649709043	30738	0.10532845871740111	0.10532845871740111	0
0.998046875	1186960	0.389693340974751	0.3992657040941279	0.3724384464788817	29456	0.0869047669894843	0.0869047669894843	0
0.9603271484375	1581258	0.39183588629395166	0.39825396553141973	0.3936803235356677	28324	0.09885033020353251	0.09885033020353251	0
0.9967041015625	2470912	0.4545195283304288	0.46126328218928475	0.40376554971920303	29626	0.09453790963866072	0.09453790963866072	0
0.989501953125	1994462	0.3205760674477129	0.3284898407089286	0.42336271454142077	30458	0.06380292746842676	0.06380292746842676	0
0.9627685546875	924954	0.35470405943370237	0.3636526003476535	0.3686168785876614	28584	0.10647015924724579	0.10647015924724579	0
0.970458984375	2114664	0.40234855745039627	0.407956006355822	0.4099127150268394	27910	0.11220823590768529	0.11220823590768529	0
0.99169921875	1447180	0.36216699365151506	0.3705509208253584	0.3901159404524838	29616	0.09485701169568732	0.09485701169568732	0
0.999267578125	1778152	0.3194977071268585	0.3257947618131577	0.42079528501916613	28676	0.07316167074329853	0.07316167074329853	0
0.9329833984375	944104	0.27858400030603164	0.28422847142628443	0.36787697112592843	27080	0.06096188982856429	0.06096188982856429	0
0.9478759765625	1388040	0.328777796363366	0.3352940097149	0.4250924364106072	29492	0.09619857921360492	0.09619857921360492	0
0.9990234375	1998218	0.3529683323211196	0.35891229420028914	0.4144534602420152	30064	0.07791443793718364	0.07791443793718364	0
0.993896484375	1374080	0.34869527414350837	0.35627815067965773	0.3988102552799377	30086	0.0774802768309578	0.0774802768309578	0
0.9984130859375	1246626	0.38008016717511234	0.3870200958044556	0.371417235538422	28982	0.08811711796205711	0.08811711796205711	0
0.9671630859375	1450350	0.38896987641269304	0.39625765402673446	0.38361279858855046	28032	0.07751951452003583	0.07751951452003583	0
0.9776611328125	2966506	0.37868050004956305	0.38168960832996474	0.447796783644288	30824	0.08519278797963081	0.08519278797963081	0
0.9627685546875	1778356	0.34903728976750775	0.3592418128021284	0.41503669486763894	29038	0.09262182032817497	0.09262182032817497	0
0.993896484375	1830122	0.3595928586580857	0.36521623248159313	0.39858509186652497	28962	0.08796559299522992	0.08796559299522992	0
0.9989013671875	2158352	0.4159038409567081	0.4222257867670573	0.41385306980738207	30394	0.09847217769032031	0.09847217769032031	0
0.996337890625	1649118	0.3555294153606841	0.3655009327183143	0.39891851316583843	29416	0.07244322580922345	0.07244322580922345	0
0.9947509765625	1262228	0.3655961825213931	0.3756212405922778	0.38000559631552294	29236	0.09099731597278211	0.09099731597278211	0
0.9964599609375	1560712	0.4014669870247202	0.4106799927939999	0.4001171588397468	29868	0.10693409788707474	0.10693409788707474	0
0.996337890625	982090	0.3698831662519449	0.3803417272328862	0.35285039250567807	28612	0.07301345830438348	0.07301345830438348	0
0.9627685546875	1481346	0.34463415520594287	0.3542752941822673	0.4205473312533323	29624	0.10961425817475899	0.10961425817475899	0
0.9483642578125	2535396	0.3967781257674004	0.403798782686446	0.4494256546267538	29594	0.08826319049875973	0.08826319049875973	0
0.99755859375	1766264	0.3875032459693424	0.39693541555666106	0.39994564706601937	29774	0.0848509893633194	0.0848509893633194	0
0.9786376953125	1499996	0.39952747477392075	0.40569119788643987	0.39019179736249926	28878	0.10367808369844789	0.10367808369844789	0
0.9632568359375	1097826	0.3120565625761025	0.3262337831701925	0.3876543665445438	28570	0.06185036020961385	0.06185036020961385	0
0.995849609375	2260322	0.417013065837413	0.4233017452093994	0.4130229331816004	29936	0.09896168456030886	0.09896168456030886	0
0.9990234375	2214350	0.389142691832889	0.39328273790006946	0.3956300052526653	28546	0.0509803017528573	0.0509803017528573	0
0.9183349609375	3214534	0.3650354473281305	0.36751428076753706	0.4616849547211154	28402	0.06934398548761075	0.06934398548761075	0
0.998291015625	1757862	0.3629203232718674	0.37158744619546885	0.4104512080319039	30022	0.08313781255508211	0.08313781255508211	0
0.9976806640625	2348276	0.39468347814782173	0.4013311672261514	0.41683011898009054	30148	0.07209087247000102	0.07209087247000102	0
0.995849609375	1709828	0.3796250311032117	0.3884694577191714	0.40388427850165676	29828	0.0891342005055364	0.0891342005055364	0
0.9837646484375	2902636	0.38271785518831547	0.39192591714013036	0.43358161729873074	30120	0.07237872716831192	0.07237872716831192	0
0.9984130859375	1533282	0.3429183326021843	0.34976396172654023	0.41165759592333845	29446	0.07896382236369041	0.07896382236369041	0
0.999755859375	1776048	0.32613735190717646	0.3356098973445398	0.4245142789055513	29326	0.09144020540200075	0.09144020540200075	0
0.997802734375	1902352	0.40144817375453606	0.408499800603029	0.41083443693940175	30346	0.09147317042723206	0.09147317042723206	0
0.955322265625	2890756	0.394241185933873	0.39859316379653187	0.4398531398529646	29544	0.08867663819022499	0.08867663819022499	0
0.9951171875	1623780	0.3844736993792645	0.39268192140704694	0.3922198052054675	29622	0.06197344352142787	0.06197344352142787	0
0.996826171875	1535648	0.4025572769246446	0.41201865018506073	0.3962997691042882	29624	0.09630263771421234	0.09630263771421234	0
0.995849609375	1258694	0.3906809604237405	0.3981751959228628	0.36908368709302186	28746	0.09843249971176649	0.09843249971176649	0
0.9627685546875	1106836	0.2918822223331304	0.3001205571794643	0.40788689893948443	29008	0.05176400554642951	0.05176400554642951	0
0.925537109375	887222	0.30376817438923615	0.30929992553528746	0.4079626141314687	28174	0.08072030490062569	0.08072030490062569	0
0.9478759765625	3087446	0.4320150403663588	0.43486201350452364	0.4250532763214124	28156	0.0969662385162642	0.0969662385162642	0
0.940673828125	4260728	0.44855936375595934	0.452443600256993	0.455738981143869	28970	0.09207878356408378	0.09207878356408378	0
0.999755859375	2553534	0.38872751719052734	0.3943551384158446	0.40986184361894545	29904	0.06794924230153222	0.06794924230153222	0
0.998779296875	2174422	0.4043523787309311	0.41018572881845566	0.4146043266020068	29918	0.10499769723725379	0.10499769723725379	0
1.0	1289230	0.3876422333044908	0.3954553715345004	0.37657584688098383	28956	0.08349588316641288	0.08349588316641288	0
0.9925537109375	1537374	0.389232730566151	0.3980524263675517	0.3793372293630067	28700	0.09906101603255259	0.09906101603255259	0
0.99951171875	806854	0.28940680922916096	0.29523102968155596	0.38501395042103265	27918	0.08028913597595626	0.08028913597595626	0
0.99365234375	1246738	0.3919381565138728	0.40492631619094793	0.37115914869860395	29088	0.08741425652524674	0.08741425652524674	0
0.95556640625	2404118	0.3840819987412223	0.38783200787573074	0.4332852191779049	29790	0.07368561805920769	0.07368561805920769	0
0.99951171875	1002006	0.3400733436069378	0.34757374456545126	0.36930432254248885	29342	0.06369273733100156	0.06369273733100156	0
0.8885498046875	1281294	0.3356981085818616	0.34486509486276967	0.4153071039826363	27256	0.06826829324362226	0.06826829324362226	0
0.998291015625	905328	0.3681958152157703	0.3751298888531387	0.355403788161077	28880	0.08565329418633007	0.08565329418633007	0
0.999755859375	1201774	0.40153282598255696	0.408159349337097	0.3666189385308538	28952	0.09505249203071858	0.09505249203071858	0
0.9940185546875	2481710	0.4212775993837187	0.42711361954868643	0.4034508721772023	29608	0.09274679220526137	0.09274679220526137	0
0.91064453125	3108128	0.3812401700310885	0.38659021108848673	0.4542322940809123	28816	0.08266118072886817	0.08266118072886817	0
1.0	1853498	0.3316702310817525	0.3403459371162221	0.42349816416169905	29642	0.08450112162813356	0.08450112162813356	0
0.999267578125	1527514	0.3491242054739823	0.35509464226448006	0.4129076041985098	29954	0.08927660951523846	0.08927660951523846	0
0.98681640625	1264470	0.32231734955316366	0.3301162949082162	0.39016370052983834	28970	0.07424431563302887	0.07424431563302887	0
0.925537109375	2409584	0.3793285854524893	0.38660079277327825	0.44842921301438327	28714	0.10001172599730533	0.10001172599730533	0
0.9945068359375	1967100	0.3658267914329167	0.3711017439213092	0.4149636652507985	30224	0.08025822802234288	0.08025822802234288	0
0.993896484375	2094816	0.37191551833122033	0.37754775365699317	0.4265578913811694	29578	0.09322244907858791	0.09322244907858791	0
0.997314453125	1264012	0.38188430418961233	0.3883676988962261	0.3799002794417736	29542	0.09808900647640743	0.09808900647640743	0
0.9954833984375	2108488	0.34256492057535776	0.3520145030424597	0.4102823365106492	29612	0.058025434834246825	0.058025434834246825	0
0.9786376953125	1623862	0.3714571069850891	0.38063380158642385	0.4009561070205125	29576	0.07634644335086012	0.07634644335086012	0
0.998046875	1306144	0.38236459051005783	0.3918269715577068	0.3804379720785505	29418	0.09263553630183548	0.09263553630183548	0
0.9298095703125	1342680	0.3602349222260854	0.3704423622930723	0.4063836229617876	28022	0.0907916833423824	0.0907916833423824	0
0.989013671875	1582466	0.3799673911951993	0.38757980546904197	0.401813023249259	29608	0.08878518076605307	0.08878518076605307	0
0.836181640625	3125434	0.44399026601556674	0.44685253395195534	0.4537396789232535	26106	0.12548045565687105	0.12548045565687105	0
0.9627685546875	2447762	0.44760709671446897	0.45336386011401825	0.4297860165735332	29222	0.11250200332307593	0.11250200332307593	0
0.99951171875	1563964	0.33912823919764773	0.34977142509677633	0.40629169161248013	29836	0.07813709926306463	0.07813709926306463	0
0.9976806640625	2344744	0.4242438615588407	0.43062544688878995	0.39733645602271883	29604	0.07750553680620105	0.07750553680620105	0
0.99658203125	1619388	0.36635403128682875	0.3780954882438574	0.40248397120368157	29968	0.07248342754246064	0.07248342754246064	0
0.99951171875	1494494	0.3885176750849863	0.39497423523000247	0.38883730333598504	29540	0.08587816860752769	0.08587816860752769	0
0.998779296875	1156036	0.38994723160397055	0.4013342736940517	0.36247620155767796	28778	0.10310080306848558	0.10310080306848558	0
0.9932861328125	1714962	0.3780791858870562	0.3869028768208384	0.416208085146799	30368	0.10547527739579328	0.10547527739579328	0
0.9478759765625	2185878	0.3823395484098579	0.3867968797142078	0.4133073476772695	28192	0.09362819261419214	0.09362819261419214	0
0.99853515625	1535626	0.320249452104771	0.3298928441786378	0.402074737025057	28848	0.07258716487899051	0.07258716487899051	0
0.955322265625	1351256	0.3552057978227292	0.3669266443104809	0.4099642452441452	29128	0.09170136699430076	0.09170136699430076	0
0.996337890625	1578420	0.35337052802542773	0.3610362422177548	0.4148238296357356	30516	0.08836745655019505	0.08836745655019505	0
0.9478759765625	2523426	0.4004421986198945	0.4059033004611388	0.4455680623897678	29400	0.080983768416748	0.080983768416748	0
0.91064453125	3514930	0.39917300220245017	0.40183973894245056	0.45895907828204724	28874	0.07383162890357312	0.07383162890357312	0
0.955322265625	1764946	0.3808521601238391	0.390238892214085	0.4163564683859975	28856	0.08653609317353787	0.08653609317353787	0
0.9921875	1310988	0.36685806366393564	0.3756017350892315	0.37983373052647207	29130	0.07376557917398284	0.07376557917398284	0
0.9404296875	2372226	0.3504832526179227	0.3585097258568923	0.44735270693603657	29098	0.07852178376613163	0.07852178376613163	0
0.8436279296875	1401700	0.3730615847597814	0.37709342251894945	0.4365229698028687	26868	0.11874658834074682	0.11874658834074682	0
0.9957275390625	1529898	0.3886958759111241	0.3956377539300681	0.3929183258163862	29668	0.09368977745217628	0.09368977745217628	0
0.8212890625	1244066	0.3165479740751838	0.32283733916051377	0.43644341873111775	25618	0.10065893695044681	0.10065893695044681	0
0.89599609375	2839558	0.35641250277429887	0.3575722110315545	0.45941527887165284	27818	0.07045628667660973	0.07045628667660973	0
0.99658203125	2156574	0.4109949114652039	0.421508105692788	0.41723110939755664	30044	0.09677532462092374	0.09677532462092374	0
0.985107421875	1547586	0.35493365164749197	0.36489481640102994	0.4124428064204689	28970	0.09723219455117321	0.09723219455117321	0
0.998291015625	813836	0.3942233619714359	0.4045917702102702	0.34207852948514733	28402	0.10133338367281586	0.10133338367281586	0
0.9976806640625	1783480	0.42546173654354763	0.4313770365789602	0.3839279088364877	29032	0.09044296332725656	0.09044296332725656	0
0.9329833984375	2601470	0.3993927292935468	0.4048837624751622	0.4220208760396948	27930	0.08511318843374104	0.08511318843374104	0
0.966552734375	3011334	0.4417453404478233	0.44644558743702173	0.426404319731674	29288	0.09674012091116474	0.09674012091116474	0
0.989501953125	1884152	0.3770423477152585	0.38558122533473904	0.4219190980682243	30520	0.09655031916245065	0.09655031916245065	0
1.0	1191134	0.36455692883595875	0.3730913398158106	0.3755368672718166	29216	0.08811748387993484	0.08811748387993484	0
0.99462890625	1168196	0.4016559121888729	0.40854293105793443	0.3628980911594837	28836	0.09282870295504732	0.09282870295504732	0
0.9329833984375	1550426	0.3519243688100147	0.36271584414648866	0.4248299478838338	28780	0.09117785149027775	0.09117785149027775	0
0.985107421875	2562648	0.40452826572720135	0.4144144004079244	0.4272955506677327	29920	0.08765351900635517	0.08765351900635517	0
0.9991455078125	1851970	0.39551289194903355	0.4051667258628886	0.40698032737372053	29648	0.10328689167818533	0.10328689167818533	0
0.99755859375	2342960	0.3835326853433076	0.39154437356954425	0.4302927470405625	30340	0.0956213847458074	0.0956213847458074	0
0.9964599609375	2108508	0.38200165815739756	0.39000173455930437	0.4136457595241538	29818	0.09043664484082065	0.09043664484082065	0
0.991455078125	3080874	0.40961821913092433	0.4240562294664198	0.42953958251171614	29886	0.08054288919862557	0.08054288919862557	0
0.999755859375	1114964	0.3871391096566232	0.3966381074099922	0.35533531239730487	28634	0.07281068615154394	0.07281068615154394	0
0.99560546875	1871658	0.3435414243912933	0.3511306161743378	0.42018174231625616	30514	0.07982081587416691	0.07982081587416691	0
0.99951171875	1747176	0.34174793226259587	0.3495731979385078	0.424960845279621	31040	0.08202038971372701	0.08202038971372701	0
0.985107421875	2451324	0.44539288233313723	0.45155212579512954	0.4276293932419079	30034	0.09301559056820287	0.09301559056820287	0
0.9664306640625	1544610	0.34410641182408686	0.35261850857595817	0.41974860878256975	29706	0.09847870680204827	0.09847870680204827	0
0.955322265625	911588	0.3141573317226586	0.3192366722654857	0.3927529445687386	27830	0.09263946536493452	0.09263946536493452	0
0.955322265625	1341252	0.34618175659994394	0.35528313757972296	0.4146616703591485	29300	0.0884882917007729	0.0884882917007729	0
0.996337890625	1294860	0.3411662868739614	0.3511929112929253	0.3712330252301714	28424	0.07778842111853335	0.07778842111853335	0
0.95556640625	2047400	0.3745013962488332	0.3804218582353911	0.4286124698910095	29096	0.07935697199545115	0.07935697199545115	0
0.9627685546875	1704726	0.3296961564733481	0.33672655875741747	0.4019097696660974	28214	0.06516860380081445	0.06516860380081445	0
0.9945068359375	1825392	0.378578380092687	0.38739560631070336	0.3993984932992558	29420	0.08285353127066378	0.08285353127066378	0
0.955322265625	1148178	0.2942098359123179	0.30811834584801284	0.40913908217077427	28744	0.06820375878443428	0.06820375878443428	0
0.9627685546875	1165282	0.345400266115165	0.35062379672640215	0.37306161419295414	28014	0.06537276941717081	0.06537276941717081	0
0.8885498046875	1685328	0.3315207527139578	0.33550145931786335	0.4443999292020219	28138	0.07571406600247542	0.07571406600247542	0
1.0	2311012	0.4002899175756332	0.40316455482854985	0.4216420260530929	28918	0.08349312316852688	0.08349312316852688	0
0.9404296875	1348466	0.3299985788270155	0.34100402497672294	0.40966648650142345	28554	0.07734166901449112	0.07734166901449112	0
0.99267578125	1523324	0.38433239136083236	0.39349468255029724	0.405181738996087	29824	0.10919991153449941	0.10919991153449941	0
0.925537109375	2052442	0.3575800409360292	0.36346513577992123	0.417579861617863	27664	0.07735562941158423	0.07735562941158423	0
0.9478759765625	1311972	0.33309171356347117	0.343519839176917	0.41237046693215934	28776	0.0783556548525226	0.0783556548525226	0
0.9925537109375	2067318	0.40084088013211	0.4087254429923261	0.42234892574028365	30236	0.09021745508896684	0.09021745508896684	0
0.996337890625	1288214	0.37548002599209035	0.3876823572242252	0.37904873570395003	29132	0.09532457819477169	0.09532457819477169	0
0.99951171875	1208930	0.39529618041049	0.40527599669523195	0.3618218911160154	28692	0.09316024015200607	0.09316024015200607	0
0.9979248046875	1562538	0.38671760484895074	0.3956099479465509	0.3934929058220036	29446	0.09196420847565934	0.09196420847565934	0
0.989990234375	4178086	0.5048398620800186	0.5098888615547589	0.4231600148930848	30344	0.08517500219598188	0.08517500219598188	0
0.9990234375	1607992	0.34323401619962685	0.3538019154980974	0.4098974547359022	29218	0.08534281880274724	0.08534281880274724	0
0.994140625	1486648	0.40810172602931677	0.4161738886869955	0.38965718325473797	29430	0.11530959348439233	0.11530959348439233	0
0.9637451171875	1092976	0.35390395096289345	0.3577970776884091	0.3728220585089606	27318	0.10717725821516406	0.10717725821516406	0
0.969482421875	2572722	0.4076538883005247	0.4133177102683294	0.4093301470358444	28814	0.08873884420310106	0.08873884420310106	0
0.95556640625	3683732	0.46754555342130133	0.4743101652555322	0.4317945273479464	29540	0.07974880989657639	0.07974880989657639	0
0.9974365234375	1538416	0.39722052551727366	0.40412346432256124	0.3907232673328574	29232	0.09772235263014928	0.09772235263014928	0
0.998779296875	1282270	0.38594768114569383	0.39364138577522806	0.3763729494347425	29268	0.0873293161891255	0.0873293161891255	0
0.9627685546875	1805636	0.3296457259901972	0.3365900707832437	0.40381466600452626	28334	0.059223871812261804	0.059223871812261804	0
0.9959716796875	1450416	0.3806747374084354	0.38647546846983666	0.3857243761122338	30132	0.08059554182894452	0.08059554182894452	0
0.9798583984375	1422914	0.3364607898121729	0.3477406902092273	0.3995161612777964	29092	0.06688810338771181	0.06688810338771181	0
1.0	1622686	0.4109835585297208	0.41894676091435096	0.3930359045172979	29878	0.09216773536942911	0.09216773536942911	0
0.99951171875	1756610	0.32308154003981265	0.32973659572825215	0.41494128632439226	29420	0.06755758920858114	0.06755758920858114	0
1.0	959848	0.3383987426744603	0.34938690123920396	0.3594316268141278	28886	0.06728151571551245	0.06728151571551245	0
0.985107421875	2247192	0.416633341603504	0.423912799946299	0.42120156014099724	29954	0.09754757306615679	0.09754757306615679	0
0.9984130859375	2437454	0.4098234045721065	0.4163445962330426	0.4076329035495569	29838	0.07640582510400641	0.07640582510400641	0
0.9910888671875	1895758	0.40625624125022547	0.41400134051750803	0.4077184966226472	30026	0.08588046420292854	0.08588046420292854	0
0.9483642578125	2361054	0.41002849146721104	0.4191601059539108	0.41348501705768026	28516	0.07110675235296081	0.07110675235296081	0
0.91064453125	1349150	0.38918976126568944	0.3965216613836397	0.4090825479035924	28306	0.12455744463798558	0.12455744463798558	0
0.99853515625	1105408	0.3572133249907698	0.36578397888937536	0.3886026993320899	30082	0.10311229754206917	0.10311229754206917	0
0.9990234375	1953242	0.36672275026278506	0.37540699011831236	0.40963323424454684	29880	0.08795316525639253	0.08795316525639253	0
0.8587646484375	2301248	0.41820096840482196	0.42093223397334906	0.44893029580138794	26844	0.1135438779659222	0.1135438779659222	0
0.9913330078125	2618560	0.39319868346447784	0.40185038863365546	0.4253842258945288	30110	0.08615527275835771	0.08615527275835771	0
0.985107421875	2621080	0.42856036919131935	0.43660536178781245	0.4167923493436529	29640	0.09756551964105253	0.09756551964105253	0
0.99951171875	1886072	0.3082859477714038	0.316302672450063	0.4272397093022855	29208	0.06578111227727383	0.06578111227727383	0
0.99755859375	1542208	0.3752080999006086	0.38421504045295424	0.4012418939009552	29970	0.08767882176456061	0.08767882176456061	0
0.9483642578125	806028	0.34213088151542864	0.35185570030653945	0.3531042736595135	26874	0.10239980786296043	0.10239980786296043	0
0.9630126953125	2218144	0.3537143174334281	0.35875316728024204	0.44223664289211495	29690	0.08594121115992535	0.08594121115992535	0
0.99951171875	1477844	0.3619790322754501	0.3719744753642141	0.3927080215041317	29458	0.07390295314236832	0.07390295314236832	0
0.9970703125	1186980	0.38192528700820505	0.392235077413347	0.37312289731730613	29192	0.10320723864993764	0.10320723864993764	0
0.9925537109375	1502092	0.37941650964468093	0.38599587483082803	0.39911715866190844	29692	0.10116156150805168	0.10116156150805168	0
0.9935302734375	1628918	0.3465731672660021	0.3564402694850573	0.4069325697114674	30028	0.08396356691540387	0.08396356691540387	0
1.0	3815436	0.42005285462490166	0.4249929691741119	0.43198286963122423	30372	0.06834816665946133	0.06834816665946133	0
0.992919921875	1912250	0.33533930472403667	0.34265526023758947	0.41479607167797633	30240	0.06917376148542455	0.06917376148542455	0
0.99853515625	1462370	0.3377369665477011	0.3483070121341841	0.3967657985187804	29204	0.0752184023813856	0.0752184023813856	0
1.0	1242586	0.38639936914114964	0.395370343176775	0.37299596222864634	29050	0.08175886984979609	0.08175886984979609	0
0.999755859375	1123390	0.37089482807313195	0.3799075261004959	0.3609094874508037	28872	0.07649348138833977	0.07649348138833977	0
0.9781494140625	2572176	0.4059076660764657	0.41192985128813603	0.43166347625214757	29872	0.09633792346672954	0.09633792346672954	0
0.997314453125	1531584	0.3604943995513134	0.37077590047946374	0.4117679558417173	29660	0.10476068420561212	0.10476068420561212	0
0.985107421875	2460482	0.38186707104938944	0.39098201227508694	0.43863320270894013	30138	0.0970559006627697	0.0970559006627697	0
0.925537109375	1012158	0.30009284964781896	0.30662499784121583	0.4077459269967419	28510	0.06501255136992741	0.06501255136992741	0
0.998779296875	2429440	0.37817766230589367	0.38306713518458446	0.4039476212144335	28078	0.06980805313253123	0.06980805313253123	0
0.9990234375	1557746	0.377084303855876	0.38587271717727095	0.40034938121613606	29784	0.10316638831090084	0.10316638831090084	0
0.9991455078125	1232506	0.3675575687098272	0.37327976260539764	0.3765609443888354	29420	0.08215817955443075	0.08215817955443075	0
0.981689453125	2580654	0.40565925224031135	0.4103350879957366	0.42451096121719717	30070	0.097968652856526	0.097968652856526	0
0.952392578125	2969406	0.3878714905539345	0.39130355453980514	0.4591127805663055	29422	0.08691445041038802	0.08691445041038802	0
0.8736572265625	3423758	0.37879636976456216	0.3800200461027074	0.46449951662016425	27538	0.06186171039208436	0.06186171039208436	0
0.9864501953125	3044886	0.4367499056137781	0.4403193503621515	0.41756311255087325	30090	0.07134126462661407	0.07134126462661407	0
0.9984130859375	1436500	0.32574914544989053	0.3342964743386212	0.3945908926576407	29782	0.06093666238209824	0.06093666238209824	0
0.994384765625	2203466	0.4272581033875537	0.4323943901851244	0.4011368633713226	29378	0.102517325171591	0.102517325171591	0
0.9627685546875	2968428	0.43006532606150744	0.43451885739459245	0.4419307498576332	29852	0.09971163304235652	0.09971163304235652	0
1.0	1238618	0.40354096381739074	0.41306402104116063	0.36442072967613565	28586	0.09742269234826684	0.09742269234826684	0
0.9630126953125	2987462	0.40548606219526145	0.4114936143300633	0.4289268573834822	29178	0.0870622703309049	0.0870622703309049	0
0.98779296875	1614116	0.42505664243334773	0.4301131312489257	0.37787341434024974	28234	0.0993819739986188	0.0993819739986188	0
0.9781494140625	1508864	0.3274523219000351	0.33355647201168465	0.4156678506324847	28856	0.09008069572999124	0.09008069572999124	0
0.998779296875	3932020	0.42806666620532524	0.4347659120920344	0.43775319252348005	30686	0.08245705307317318	0.08245705307317318	0
0.9952392578125	2189788	0.3853546468178779	0.39197744333528867	0.423331951460267	30304	0.08572427493549349	0.08572427493549349	0
0.999267578125	1553638	0.392759982819221	0.39891977833238657	0.38442598532320443	29362	0.07008558262412608	0.07008558262412608	0
0.985107421875	2762250	0.3900634134622811	0.39820655342771444	0.4352200723653244	30272	0.09541336993460998	0.09541336993460998	0
0.994140625	1368206	0.3540136004303002	0.3652405378184848	0.39594598512255597	29418	0.09006777908857805	0.09006777908857805	0
0.9990234375	1848648	0.3840805550417752	0.39486944298918164	0.4069281261054056	29560	0.09675547805819673	0.09675547805819673	0
0.99951171875	1745408	0.38369940674837727	0.39645618824172496	0.4114968830248065	30116	0.10346579835685589	0.10346579835685589	0
0.9962158203125	1317290	0.33804623465827577	0.3482015611761071	0.38347723551264523	29482	0.06312715848887387	0.06312715848887387	0
0.997802734375	1194980	0.38712560204617824	0.3950667652893081	0.3629861667629075	28982	0.0894980198286237	0.0894980198286237	0
0.97021484375	1575496	0.3368808596513151	0.3438829042109965	0.4157898265472216	29498	0.08128156580597226	0.08128156580597226	0
1.0	1681074	0.3738279127444822	0.381616641749213	0.403670211891442	28400	0.09431962567754137	0.09431962567754137	0
0.970458984375	2258952	0.3605645200704492	0.36686161269207557	0.44738412410248984	30780	0.09877238873247807	0.09877238873247807	0
0.91064453125	2804350	0.4346090775382941	0.43806531663849596	0.43240874529909235	28932	0.077470330257285	0.077470330257285	0
0.99658203125	1272994	0.36002974941014637	0.3695911009036021	0.3837950814127784	29214	0.10017543819590374	0.10017543819590374	0
0.955322265625	1634094	0.36704679253370814	0.3765948679705013	0.4167464889499075	28870	0.09794195233678894	0.09794195233678894	0
0.955322265625	1925006	0.29392678321922217	0.3019659653274454	0.4247298203412389	28880	0.0581177401430498	0.0581177401430498	0
0.9927978515625	1958156	0.3669025274278715	0.37404468041404804	0.4083601283313815	29480	0.06935850710870585	0.06935850710870585	0
0.99951171875	1111342	0.3305720627661583	0.3394336290081134	0.3801039928889569	29654	0.07035580134866172	0.07035580134866172	0
0.98779296875	1186388	0.41507982235314606	0.42262698673536386	0.3592000707212972	28154	0.09489173458100753	0.09489173458100753	0
0.9630126953125	985558	0.3268419961945519	0.34270896241563825	0.3880256063686187	28958	0.08170338777421449	0.08170338777421449	0
0.91064453125	2885790	0.3736624846639365	0.3749604116082332	0.4433592995158529	27526	0.07003645824306623	0.07003645824306623	0
0.9404296875	2499850	0.4031082254180225	0.4141707796730652	0.4335066401956981	28480	0.08575096528947572	0.08575096528947572	0
0.895751953125	1951496	0.45791052115434194	0.4636064951526622	0.4237351604351036	28276	0.10807003702062305	0.10807003702062305	0
0.998291015625	1565848	0.37379434991854293	0.3829355809317776	0.3981680549026898	29804	0.07983627833745705	0.07983627833745705	0
0.95556640625	3072876	0.4234580784850975	0.4314483393529474	0.4254845583118718	28908	0.08287919910546536	0.08287919910546536	0
0.9627685546875	1233908	0.35540654196051696	0.3634480130584656	0.38235831223779804	28282	0.09026236404595128	0.09026236404595128	0
0.995361328125	1597018	0.39576361028054424	0.4051408469531319	0.3905816948664618	29336	0.08845277631313427	0.08845277631313427	0
0.970458984375	1593332	0.37578249408212455	0.3839214160428929	0.4119976840206314	29286	0.09796306324016602	0.09796306324016602	0
0.9925537109375	2265416	0.409510963901146	0.4188114059470304	0.4229244059968897	30142	0.11354466573286581	0.11354466573286581	0
0.926025390625	2727930	0.3890546608154179	0.3929102659314492	0.44087379839492025	28480	0.0900084942284264	0.0900084942284264	0
0.9969482421875	868386	0.36162817480245985	0.3729881502057604	0.346325825891328	28308	0.0655302947115481	0.0655302947115481	0
0.9776611328125	1840078	0.39202311951386043	0.3969793408629205	0.41159000882356916	28880	0.09939331812822266	0.09939331812822266	0
0.9990234375	1980182	0.3735473118195851	0.38243120039173545	0.40393471050127877	29654	0.08019116472667066	0.08019116472667066	0
0.9990234375	1076268	0.3259557315302754	0.33397664031564456	0.3947289121744979	29370	0.07467307601895401	0.07467307601895401	0
0.990234375	2229264	0.3833503326041759	0.3887342225732548	0.40962830122667065	28534	0.06381051556827352	0.06381051556827352	0
0.9932861328125	1523986	0.40113358979574326	0.4125919097092367	0.3901734099435457	29288	0.09123067167294142	0.09123067167294142	0
0.895751953125	1523694	0.3396663757208109	0.3447869764917128	0.432571337997212	27536	0.08874245588333735	0.08874245588333735	0
0.9935302734375	2891624	0.41923609282344393	0.4269053754285608	0.4213682103158602	29982	0.09841658628489969	0.09841658628489969	0
0.9990234375	1590824	0.3491031472274581	0.3621416688200964	0.4120411786483344	30280	0.08505303360129862	0.08505303360129862	0
0.99853515625	1564060	0.382186936019854	0.3928284556007569	0.39714675917857356	29706	0.08228067817327221	0.08228067817327221	0
0.9931640625	1211006	0.3754075257634087	0.3854615984643956	0.3815215307574959	29408	0.08315531244974411	0.08315531244974411	0
0.9990234375	1425624	0.4119444286545077	0.4211088176220256	0.3624796183038437	28914	0.0677388414579738	0.0677388414579738	0
0.9962158203125	1603562	0.3826726399626051	0.3890777972612646	0.40906798041060405	30334	0.09625007811604874	0.09625007811604874	0
0.910888671875	4104042	0.4174996393086092	0.42176286880193187	0.4620500125716136	28986	0.08533093094666977	0.08533093094666977	0
0.996337890625	1230050	0.3493155899596468	0.35795714746633917	0.3733281555318706	29076	0.08451839800787209	0.08451839800787209	0
1.0	1437074	0.33789032873475633	0.35206138694054684	0.3918589193626092	29148	0.0793001332626819	0.0793001332626819	0
0.9627685546875	2182634	0.3710047386965745	0.3765655467004461	0.4315591854344467	29204	0.097995680721997	0.097995680721997	0
0.998046875	1304734	0.3661457125077696	0.3777207460597374	0.3898647181012234	29796	0.0981506688131014	0.0981506688131014	0
0.997802734375	1794552	0.39753965785906104	0.407710639937188	0.40394773481373664	29904	0.10462596085923413	0.10462596085923413	0
0.9478759765625	1352422	0.34748574676202365	0.3545173108329471	0.4256285852127986	29610	0.10703070315123953	0.10703070315123953	0
0.9990234375	1030082	0.2898937574695288	0.3005446708892968	0.3937869363074997	30672	0.08517792192264993	0.08517792192264993	0
0.926025390625	1174142	0.33621837088171075	0.3421835105395104	0.3763530784324989	27432	0.08863140115916945	0.08863140115916945	0
0.9776611328125	2825872	0.39747801615503864	0.4018811536533773	0.42943702098935543	29978	0.07922722617033862	0.07922722617033862	0
0.9990234375	1389490	0.38236533940033596	0.3912778304271524	0.3804167554835878	29264	0.08746183436798662	0.08746183436798662	0
1.0	1531056	0.3318773956375505	0.3414438367876245	0.4171132138416133	29704	0.07426233470004641	0.07426233470004641	0
0.998291015625	2823930	0.39609279706510175	0.3988787479205343	0.43817237678101856	30376	0.09600900603087288	0.09600900603087288	0
0.9990234375	965348	0.36871014065970714	0.3795315926439899	0.3486727147575921	28694	0.08681099334245806	0.08681099334245806	0
1.0	1354156	0.39180612619430955	0.3996811031171646	0.36986310635273906	28744	0.08677578932978341	0.08677578932978341	0
0.9886474609375	1543374	0.39470108491809874	0.40165693231424054	0.3866316932947523	28940	0.09517372474243546	0.09517372474243546	0
0.9404296875	1313240	0.3611715653054439	0.36980414531874706	0.4147490102736066	28934	0.1066717921658001	0.1066717921658001	0
0.9947509765625	1585394	0.37080589795412927	0.38205210593971267	0.4014847255616458	29462	0.07555315289261723	0.07555315289261723	0
0.9755859375	1264182	0.35358382862274707	0.3635845352092167	0.38629650228037743	29022	0.09858157598841132	0.09858157598841132	0
0.9755859375	1924962	0.35763993677601796	0.36687024989750494	0.4102831797063746	29284	0.0892412181499715	0.0892412181499715	0
0.9952392578125	2741634	0.42923779623417796	0.4337621873646589	0.39818699360319015	29186	0.0742065919334446	0.0742065919334446	0
0.940673828125	1199168	0.33715693989554923	0.34356411612510973	0.3802268469724446	27932	0.09196727876955853	0.09196727876955853	0
0.9478759765625	1847318	0.324355683515934	0.3296583934208203	0.4178639609242163	28832	0.08507380198696451	0.08507380198696451	0
0.9908447265625	1232538	0.3657211754997443	0.3730267931470767	0.37257480654597147	28576	0.08021029791027412	0.08021029791027412	0
0.969482421875	2185540	0.4272865692840986	0.4348092566932455	0.4156875997440545	29138	0.10581638389530362	0.10581638389530362	0
0.9478759765625	1680972	0.32386410055795595	0.3339645572101908	0.4279624850359081	28768	0.08616693891027029	0.08616693891027029	0
0.99755859375	1252252	0.37057012725731164	0.3790088372257275	0.37272961697070195	28986	0.0809923775579081	0.0809923775579081	0
0.9925537109375	2270024	0.4103393212009494	0.41497374792216535	0.40599847432246633	29404	0.07654244923017718	0.07654244923017718	0
0.9627685546875	1965896	0.410398400736206	0.4175378257193601	0.41456249865630174	28978	0.10254179622449709	0.10254179622449709	0
0.9847412109375	1823854	0.44338785900445465	0.4487239567727936	0.3751541203877488	28114	0.08282110337524458	0.08282110337524458	0
0.985107421875	1647584	0.3707106789381435	0.3792259763883113	0.42021175633994057	30314	0.10708238464002638	0.10708238464002638	0
0.9627685546875	1131282	0.31475046275664226	0.3236242330723191	0.3923471578990003	28382	0.08271808688933639	0.08271808688933639	0
0.895751953125	1286724	0.32441980587505154	0.3318109414345264	0.42247974137186706	27494	0.08524907098959922	0.08524907098959922	0
0.9493408203125	907794	0.31370043107552936	0.321532959826339	0.3988436273204332	28688	0.08605259979746971	0.08605259979746971	0
0.9921875	1544768	0.3722525096126248	0.3874271482507324	0.39767001867650625	29232	0.09171842863125512	0.09171842863125512	0
0.990966796875	1920474	0.42490371882456235	0.4359571046651778	0.41513741147335254	29920	0.10261301525047269	0.10261301525047269	0
0.999755859375	1193276	0.37702742234836145	0.3866407260299056	0.38552496403097763	29462	0.10082710942618263	0.10082710942618263	0
0.8585205078125	3140114	0.39150281569657847	0.3942524428086855	0.4541026942643807	27374	0.07743395105189757	0.07743395105189757	0
0.99609375	1921532	0.3982991715843312	0.4082717241846647	0.410373242606536	30204	0.08602990055080141	0.08602990055080141	0
0.99267578125	1535546	0.40567127245845874	0.4145999505636729	0.3972103272309526	29704	0.10932920433952514	0.10932920433952514	0
0.9964599609375	1247278	0.3565783818733535	0.36394560279672317	0.3761861272210533	29114	0.08303776181106924	0.08303776181106924	0
0.9334716796875	3127238	0.47567678404301755	0.47843013105835674	0.4483443429963081	29726	0.09293272881591254	0.09293272881591254	0
0.955322265625	2520574	0.3868109477660806	0.3914729395728144	0.424838108472449	29006	0.07306095621358467	0.07306095621358467	0
0.9334716796875	1965172	0.42155060381379084	0.42961590510172254	0.41970073977805034	28050	0.10088093244209456	0.10088093244209456	0
0.9974365234375	1982464	0.39855431638128946	0.4064012453418982	0.41169872100033067	30024	0.08339289178635584	0.08339289178635584	0
0.9951171875	1450132	0.3941205295662988	0.4012169035626894	0.39202381397458375	29530	0.11079951235811807	0.11079951235811807	0
1.0	2619122	0.40200836752822755	0.4057273540264561	0.4092089310635783	29734	0.07235895508196467	0.07235895508196467	0
0.970458984375	1865520	0.3948062632088385	0.4039427773354063	0.41582997382574893	28642	0.09394168492062861	0.09394168492062861	0
0.998291015625	2146806	0.38333471808592084	0.38808219704760877	0.41876141041860465	30350	0.0814746330908895	0.0814746330908895	0
0.9478759765625	2947200	0.4126965391789168	0.42059568034874867	0.42980711097008134	28504	0.10561191217518662	0.10561191217518662	0
0.9969482421875	1192638	0.36864229098691553	0.3775953312012002	0.3695345318238324	28926	0.08657715667524463	0.08657715667524463	0
0.97021484375	1827034	0.3146789911599907	0.32426588407313023	0.4187466716677957	29062	0.07345256992266531	0.07345256992266531	0
0.9925537109375	2430686	0.4027394150838794	0.4107460352661023	0.4060242908065059	29362	0.0704380230615365	0.0704380230615365	0
1.0	2265460	0.38255519461216164	0.38546576749934686	0.42121966122848753	29074	0.08829060935558336	0.08829060935558336	0
0.9627685546875	2352844	0.3810224164325366	0.3830733890711242	0.4374679233866523	29360	0.07612529745846454	0.07612529745846454	0
0.9920654296875	1538720	0.40709217849301377	0.4142139364315236	0.38673597298954815	29036	0.10117240529681587	0.10117240529681587	0
0.9915771484375	1662686	0.3794995209258967	0.3902067975008894	0.4082273030071088	29994	0.09468324264949397	0.09468324264949397	0
0.99267578125	1509464	0.3985477184225134	0.4033909355504118	0.3823945397953959	28888	0.09872776141280633	0.09872776141280633	0
0.9478759765625	2007652	0.3365939509016081	0.3462055963607276	0.4097373324870108	28530	0.06872276812618362	0.06872276812618362	0
0.9927978515625	1600574	0.33859279499651534	0.3507417647522367	0.41638819098350294	29358	0.08134818352620335	0.08134818352620335	0
0.998779296875	1523022	0.39128238362758605	0.3982666007411419	0.386580608853639	29380	0.08230482966720412	0.08230482966720412	0
0.999755859375	1593088	0.35391248134682657	0.3617820910141001	0.42028558378177866	31020	0.08998092784503386	0.08998092784503386	0
0.9180908203125	3110862	0.3759624902143927	0.3779070564743508	0.46891431353938734	29130	0.07551232609168537	0.07551232609168537	0
0.955322265625	1911954	0.3856202464990551	0.393700492781154	0.40326195011944915	28432	0.09089492502501038	0.09089492502501038	0
0.99755859375	2517828	0.39883112424171024	0.4054171148182613	0.41959309938914763	29146	0.09859954862561719	0.09859954862561719	0
0.9404296875	1374028	0.31000135323924044	0.3191882484012614	0.41603911166600777	28762	0.05838476952640719	0.05838476952640719	0
0.99609375	1585288	0.40721345938759446	0.41234417803534135	0.39066135063309176	29698	0.08992887009940136	0.08992887009940136	0
0.9478759765625	974270	0.3235278621347925	0.33124723190656996	0.38080017784847126	28336	0.08484235434921467	0.08484235434921467	0
0.9853515625	1640500	0.3930731189937073	0.40461781543242736	0.39746126814799987	29194	0.0774824314022607	0.0774824314022607	0
0.99755859375	2981704	0.37259856364142135	0.3785090495596685	0.43621403106338535	30870	0.0674198691927878	0.0674198691927878	0
0.998779296875	2942158	0.394639815068001	0.4034380186339758	0.4293713525174531	30256	0.07191212543097217	0.07191212543097217	0
0.9951171875	1549158	0.37149074949519534	0.3782146308863619	0.4002562271406737	29966	0.07622476040794282	0.07622476040794282	0
0.999267578125	1239318	0.35964361804990813	0.3659281261267573	0.37665453586468695	29264	0.08409687070265665	0.08409687070265665	0
0.9334716796875	1285494	0.34628566215861983	0.3550721119142351	0.4170261755127534	28610	0.08494031579158061	0.08494031579158061	0
0.9404296875	2166822	0.34703626856752295	0.35153739772748466	0.43904930811837034	28792	0.07380777309099588	0.07380777309099588	0
0.969482421875	1818506	0.36215354559545604	0.37101511082805777	0.41143952714337967	29228	0.09369648724896316	0.09369648724896316	0
0.9952392578125	1326942	0.3801167851976252	0.38925999087314045	0.38609350272727494	29552	0.09389240773607677	0.09389240773607677	0
0.9776611328125	2948896	0.3842750421663414	0.39082917796881556	0.43836183342941054	30148	0.07753511667247392	0.07753511667247392	0
0.97021484375	2849752	0.384303018299248	0.39080771741457526	0.4431955099851206	30238	0.08167104118286188	0.08167104118286188	0
0.974609375	1574914	0.40141282741300427	0.41262215829054855	0.3901036823072028	28518	0.08569190723850534	0.08569190723850534	0
0.9925537109375	2520468	0.3886114758037213	0.3980365997675017	0.42548771191282136	30318	0.08838196018763116	0.08838196018763116	0
0.9990234375	1572954	0.38377981549446566	0.3930761628541916	0.4017240821316579	30020	0.10123061520168519	0.10123061520168519	0
0.9915771484375	1541798	0.385545732642621	0.398650099288787	0.39095354156095197	28714	0.10216146605101399	0.10216146605101399	0
0.999267578125	1847924	0.36110974352601355	0.367720495680023	0.4017064512199804	29748	0.08393504266832692	0.08393504266832692	0
0.98779296875	1685540	0.4365176838070628	0.4439340781824106	0.38429428855611797	28720	0.1035549000415054	0.1035549000415054	0
0.9969482421875	3178956	0.44066907247899806	0.44382658703155925	0.41126941254121974	29698	0.08437115093643777	0.08437115093643777	0
0.997314453125	776602	0.3660595026171572	0.37418893696630495	0.34240283787992976	28554	0.08524444324946288	0.08524444324946288	0
0.9942626953125	1074936	0.30281329757920433	0.31425948025885914	0.3959631972741923	30056	0.05795889797776165	0.05795889797776165	0
0.9779052734375	1619790	0.3620697698966193	0.3723861370209048	0.40177019131001424	29080	0.06584934672168459	0.06584934672168459	0
0.99853515625	1301006	0.3640541215232605	0.3732664617114326	0.3819998460743235	29520	0.0759816966614301	0.0759816966614301	0
0.9180908203125	4352458	0.44481794005483644	0.44953215415385855	0.46195529317245326	28690	0.07353079622491719	0.07353079622491719	0
0.99853515625	2120176	0.3799315969090215	0.38552926526503084	0.4181760233397278	30350	0.08304068506910244	0.08304068506910244	0
0.9786376953125	1366642	0.41989329780154927	0.42673891271299125	0.39491842112579795	29478	0.12273629995932245	0.12273629995932245	0
0.998779296875	1763922	0.3628939206262512	0.3721723117567342	0.40599028164340045	29884	0.07774210866712501	0.07774210866712501	0
0.9979248046875	1914736	0.3430130519594612	0.3528988805773497	0.4137724741150388	30060	0.07936415339839513	0.07936415339839513	0
0.999267578125	1268246	0.39434974943102397	0.4052253970225815	0.35998238772279684	28486	0.07608406747870897	0.07608406747870897	0
0.9180908203125	3083742	0.3944563077922276	0.3997667046714644	0.44591876188249396	28662	0.08141948206636967	0.08141948206636967	0
0.97021484375	2370102	0.42643328117701257	0.43353092584336167	0.4162701543329172	29194	0.08894112874725679	0.08894112874725679	0
0.99951171875	1392296	0.3539037274891819	0.3620599424889425	0.39055989791626083	28166	0.0886250349287413	0.0886250349287413	0
0.955810546875	1566038	0.3776425945407691	0.3856674877468212	0.409053019384273	29192	0.08558495573717101	0.08558495573717101	0
0.993896484375	1397400	0.38641721586910505	0.39218449560127294	0.3761615214398289	28974	0.08733271955391353	0.08733271955391353	0
0.9481201171875	984442	0.2986732865639925	0.30750848453306584	0.408748955762444	28802	0.0701098168972807	0.0701098168972807	0
0.992919921875	2610672	0.4145080340157044	0.4197193452603975	0.4123732617070454	29678	0.08003290165563628	0.08003290165563628	0
0.995849609375	1511622	0.36625094334422714	0.3712163112820659	0.3995008439471884	29754	0.08834872723678455	0.08834872723678455	0
0.9478759765625	3945856	0.4019221209733892	0.40857389258026444	0.4539427757618553	29520	0.07267709213425129	0.07267709213425129	0
0.9925537109375	2814472	0.43130318024915265	0.4397093061790964	0.4128536132040917	29486	0.08350627007507382	0.08350627007507382	0
0.993896484375	1578484	0.4025979746979933	0.4091741558674362	0.3826209743768246	28692	0.10049896979144231	0.10049896979144231	0
0.985107421875	1376864	0.3503573838987519	0.3586091320235467	0.39997388752438584	29628	0.06392030946008037	0.06392030946008037	0
0.9990234375	2658012	0.40184226395716377	0.40797408852250583	0.41211688400470003	28660	0.07868888145444262	0.07868888145444262	0
0.991943359375	1423280	0.4066745597445672	0.41701740847754726	0.3777430628834048	29164	0.08292075915079626	0.08292075915079626	0
0.99462890625	1692950	0.3876096626002101	0.399989512934094	0.38922237164868684	29040	0.07623021405484866	0.07623021405484866	0
0.97021484375	1648144	0.3731974066779762	0.37790272901743155	0.4121645166101681	29252	0.09680340049867382	0.09680340049867382	0
0.9990234375	908962	0.34808228983232165	0.3587951653993547	0.3549430786751033	28946	0.08334780753486555	0.08334780753486555	0
0.995849609375	1908040	0.43799730170923995	0.4433845412958754	0.39319671256373906	29182	0.09817512961092793	0.09817512961092793	0
0.994384765625	2158610	0.3860597577808789	0.3895473072807237	0.42209333370342633	30474	0.08077820085635871	0.08077820085635871	0
0.9835205078125	1395196	0.3621320262025928	0.3739382393857614	0.39912259526642285	29460	0.09428766091663975	0.09428766091663975	0
0.9853515625	2906260	0.38944566467486696	0.3956013256881077	0.42782253893220684	29558	0.0848497745317028	0.0848497745317028	0
0.955322265625	2477798	0.4108613037065047	0.4188213393138453	0.43911572228070067	29494	0.08686571375779223	0.08686571375779223	0
0.9700927734375	1528710	0.3496160224642835	0.35895919358205347	0.40171522681454713	29070	0.08169846946013747	0.08169846946013747	0
0.98779296875	1248248	0.3823299180032734	0.3919017997301943	0.3607495791124657	28098	0.06580889646126463	0.06580889646126463	0
0.998291015625	1475694	0.36056417894976617	0.3687629508092937	0.39902731338699643	30152	0.08429262036980077	0.08429262036980077	0
0.8883056640625	3151614	0.3789063565538118	0.3849738721076872	0.45325914270820683	27558	0.0858607474964959	0.0858607474964959	0
0.9989013671875	1418018	0.3217989707670656	0.3290160768829223	0.4111499662755478	28130	0.08062502733804641	0.08062502733804641	0
0.9945068359375	2345614	0.40225906696445085	0.4084020185458699	0.41092431122508843	30026	0.08066389225107273	0.08066389225107273	0
0.9925537109375	2344178	0.41206342908827925	0.42017371621588273	0.4095292527001509	29590	0.07708225370902455	0.07708225370902455	0
0.92578125	2494492	0.33907301978181176	0.3427978762188208	0.41519779151093866	27634	0.06948464508763166	0.06948464508763166	0
0.996337890625	1586086	0.38807746952176375	0.39911974757958585	0.3994021845140769	29804	0.10043624012191503	0.10043624012191503	0
0.99462890625	3011134	0.38288622829222224	0.39316355391348395	0.42980639347156463	29966	0.06982891108759781	0.06982891108759781	0
0.9034423828125	1289426	0.32007938472230457	0.32807520921925243	0.4181782563931283	27822	0.07051085354707469	0.07051085354707469	0
0.9478759765625	1333436	0.34959474908117444	0.35808214994817567	0.4095086430583133	28904	0.09883515047028252	0.09883515047028252	0
0.998291015625	1060042	0.31081692035360126	0.3273062721452072	0.38790235004280604	29108	0.07627981508638412	0.07627981508638412	0
0.995849609375	1765054	0.3436603520760595	0.35117883198024513	0.4136846738438918	29890	0.08118930687581555	0.08118930687581555	0
0.9979248046875	1301682	0.3819978477135208	0.39153279730796525	0.3759898478789086	29174	0.08355204679746446	0.08355204679746446	0
0.997802734375	1211208	0.39453686575751196	0.40466618558886225	0.36829995114766073	28986	0.0909558714896956	0.0909558714896956	0
0.9776611328125	2398568	0.43405016309960426	0.44144729188781534	0.4292518157884122	29580	0.10696570102438065	0.10696570102438065	0
0.991455078125	1951066	0.3326467349626132	0.3372694326789718	0.41845733358562714	29550	0.06267858799342531	0.06267858799342531	0
0.98828125	1643074	0.412394826221305	0.42296046207310195	0.3977952934231545	29268	0.10503731026356787	0.10503731026356787	0
0.9329833984375	1901876	0.34947962100617613	0.3567008906055868	0.4293102348117251	29430	0.05634166498789159	0.05634166498789159	0
0.9779052734375	2236570	0.41278357510715097	0.4196212512360429	0.4267997438914008	29852	0.09404460025782015	0.09404460025782015	0
0.998779296875	2755490	0.3744310641477398	0.38009442894772133	0.4220392620354836	30272	0.068427319262253	0.068427319262253	0
0.981689453125	1581500	0.38883872755721005	0.3962372942086935	0.3854367407089188	28460	0.09043381498644408	0.09043381498644408	0
0.9990234375	1888684	0.404465325217247	0.412734922854163	0.40772768453154695	29850	0.1003097384034175	0.1003097384034175	0
0.99755859375	1569478	0.39611493374791396	0.4022027984870325	0.40511667622558895	29672	0.11629305217573727	0.11629305217573727	0
0.9967041015625	1274000	0.371728647122437	0.3821221717086194	0.371653152516654	28820	0.08101374982217513	0.08101374982217513	0
1.0	1467060	0.4037179386507435	0.4118881933968954	0.3934691126090439	28698	0.11807327952295128	0.11807327952295128	0
0.99609375	2290866	0.39756491130644916	0.40745059460387867	0.4053045425425386	29338	0.07460649610822605	0.07460649610822605	0
0.849609375	3680184	0.40859166832626087	0.4104876103679514	0.4633785047160926	27290	0.0688515166856136	0.0688515166856136	0
0.970458984375	2873236	0.39387533760968974	0.4017233354723015	0.4251690972133199	29096	0.07797562021907561	0.07797562021907561	0
0.9404296875	3093750	0.3860089701520761	0.38904533266857677	0.44230493785558717	29164	0.06679725164267232	0.06679725164267232	0
0.970703125	3244804	0.4166708267459774	0.42281879623131013	0.43794642596962124	29764	0.08161078354097785	0.08161078354097785	0
0.997802734375	1511486	0.4070096624189505	0.41833392462435254	0.37434083920887723	29070	0.07149107927777124	0.07149107927777124	0
1.0	1500306	0.33950033360820275	0.34563924021164233	0.4165494335384206	29434	0.09117496858210354	0.09117496858210354	0
0.955322265625	2535608	0.40338172352934226	0.4115601388469468	0.44036961429116683	29534	0.08311323164768973	0.08311323164768973	0
0.9976806640625	1603226	0.3429437500374386	0.3507411567387055	0.41270087467613226	29004	0.08988270241112854	0.08988270241112854	0
1.0	956158	0.3662004780490871	0.37481844536513026	0.36426829024840024	29224	0.09537905751831266	0.09537905751831266	0
0.9918212890625	3530000	0.40534033049271434	0.4127393974281384	0.43621340794201174	30230	0.0866847931728036	0.0866847931728036	0
0.9925537109375	1460286	0.3663682839675562	0.376403997937776	0.39884630853448644	29270	0.09744807662057949	0.09744807662057949	0
0.996826171875	1625548	0.4013201924590802	0.4081721385758779	0.40268839390706374	29958	0.11125663587215055	0.11125663587215055	0
0.98779296875	1593332	0.3881316078089285	0.3933156450180588	0.4100404739349363	30100	0.11129807518803671	0.11129807518803671	0
0.895751953125	2066790	0.4444133965788679	0.4532474736339291	0.4186126155864467	27916	0.07418371289415264	0.07418371289415264	0
0.994140625	1737046	0.43850681235861577	0.44829779856142277	0.3910066325852574	29356	0.10126917311624246	0.10126917311624246	0
0.9478759765625	1334812	0.33467134317344144	0.3447867715334061	0.4149987676551235	29108	0.08967204384561145	0.08967204384561145	0
0.98779296875	3007524	0.4154380740875821	0.41861986316896327	0.4115013292311898	29432	0.08261208419983278	0.08261208419983278	0
0.8438720703125	3136904	0.38003548320084435	0.38086340557634873	0.45963663825902	26312	0.06620290056272561	0.06620290056272561	0
0.98779296875	1540146	0.3891346883651727	0.3974986858923239	0.3977345641853018	29476	0.09642802829921625	0.09642802829921625	0
0.9974365234375	1484148	0.34528566226699237	0.35511167664010695	0.39315614472486465	29562	0.07275050422527572	0.07275050422527572	0
0.9483642578125	902678	0.33726893006560893	0.3479653567583405	0.391393542329521	28634	0.09841329426120228	0.09841329426120228	0
1.0	1487592	0.36758648679287326	0.37564005820583674	0.39388953512865416	29526	0.07918825351888407	0.07918825351888407	0
1.0	1918972	0.35073152637054283	0.36070572048503174	0.40203245632316653	29464	0.06390637963909213	0.06390637963909213	0
0.9935302734375	1913862	0.40149096573394494	0.4094143282695712	0.41067730672946207	30028	0.08302716593789297	0.08302716593789297	0
0.9183349609375	2341702	0.41080932696528477	0.41638724863757043	0.4239524685319931	27776	0.0924859590036622	0.0924859590036622	0
0.997802734375	1522346	0.3735268476823573	0.38521739681858164	0.39490128395142604	29580	0.08318386260293921	0.08318386260293921	0
0.9761962890625	2790966	0.4431108088090066	0.45151475545949293	0.40752959519480386	28536	0.09295308166794097	0.09295308166794097	0
0.988037109375	1549974	0.39412787590051485	0.40137145238595334	0.40051753864807926	29680	0.09525665223143875	0.09525665223143875	0
0.9329833984375	949900	0.32352210080790217	0.3345674089858725	0.3998096677878287	28610	0.07761670116567027	0.07761670116567027	0
0.97021484375	1684354	0.36205143232632797	0.366735843470199	0.42350223902815665	28854	0.11264805761988927	0.11264805761988927	0
0.985107421875	2234720	0.3799320028354242	0.38537939354509265	0.43164455761410275	29212	0.09254316361932664	0.09254316361932664	0
0.996337890625	1816772	0.3781810592276564	0.39064467601645964	0.4058586368105343	29492	0.08620948915844484	0.08620948915844484	0
0.97021484375	1338554	0.36223776990125245	0.3738830178888495	0.40664756820935355	29576	0.10506075904010391	0.10506075904010391	0
0.99267578125	1282198	0.3694332138825885	0.379562254529722	0.37491773890602986	28734	0.07340367389633623	0.07340367389633623	0
0.985107421875	2806670	0.3975029353702048	0.4078348860978412	0.4176776875163508	29292	0.06522551937600087	0.06522551937600087	0
0.9632568359375	2781530	0.3955649884590687	0.4021242234116586	0.42376308263255913	29142	0.07243204227157943	0.07243204227157943	0
0.97021484375	2347658	0.39262976822072515	0.3994077121414364	0.41578608296708947	29290	0.07509539376012304	0.07509539376012304	0
0.998046875	1544610	0.38893545907862787	0.39914746168221354	0.39252479087919423	29568	0.10737386882161983	0.10737386882161983	0
0.9630126953125	2760708	0.41906821650532694	0.4250726307322905	0.4233307054758832	29232	0.09355199880080552	0.09355199880080552	0
0.9603271484375	2201612	0.39493312400461433	0.4014787884123288	0.4109165534737152	28896	0.08229896040544009	0.08229896040544009	0
0.9776611328125	2515276	0.3830949346129106	0.392302071384757	0.41801291236976845	29362	0.07964953242250096	0.07964953242250096	0
0.881103515625	2185184	0.3705662669373839	0.3744935829425092	0.4495793723233847	27798	0.09739949363037358	0.09739949363037358	0
0.998779296875	1532608	0.3903156295959039	0.40094395632359864	0.39483995088552765	29544	0.10109065925669097	0.10109065925669097	0
0.989013671875	1627200	0.39756022205640335	0.4052472084941712	0.38810315690294234	28906	0.09302313008503633	0.09302313008503633	0
0.97021484375	1412860	0.36391663214693054	0.3723639481779184	0.4149421540750489	30108	0.08366873997043194	0.08366873997043194	0
0.880859375	1313094	0.3814090726228563	0.39012513692718326	0.41630006020163934	26754	0.11835163560563976	0.11835163560563976	0
0.9630126953125	1423132	0.316181867673387	0.3270577309519127	0.4187119363633615	29720	0.07876542656378077	0.07876542656378077	0
0.9957275390625	1716300	0.3811636363475428	0.3888079618979046	0.4078243668064429	30234	0.0881997651414279	0.0881997651414279	0
0.994384765625	2856618	0.3763367309742714	0.3828337129808041	0.43754987189697386	30780	0.08351878651256502	0.08351878651256502	0
0.985107421875	2955230	0.3642771134069372	0.36940113843100564	0.44132336456226745	30340	0.06624893716457413	0.06624893716457413	0
0.99658203125	1865612	0.3465245115883573	0.3549366472130817	0.4185798188238526	30304	0.08819407435453715	0.08819407435453715	0
0.9925537109375	2310476	0.3997430234823871	0.40697615266694015	0.42775546051544183	30498	0.09730617628844145	0.09730617628844145	0
0.9542236328125	1196280	0.39173182954811697	0.3975565980094007	0.3730567069353705	28016	0.10390145768900431	0.10390145768900431	0
0.9478759765625	1156032	0.29873012212388234	0.30965844335963744	0.4008743650884941	28766	0.07907212420233171	0.07907212420233171	0
0.9970703125	1854408	0.4312172166481281	0.43913586503854213	0.39556599587907176	29272	0.09688951710926391	0.09688951710926391	0
0.9327392578125	1412948	0.35127051789533703	0.3600700115495626	0.41379894834325	28606	0.08803471107744659	0.08803471107744659	0
0.99951171875	1229846	0.35627772968348986	0.36526960866993985	0.3905305190622252	27956	0.12148825432733006	0.12148825432733006	0
0.97021484375	1593012	0.31526159750014415	0.32030106308088985	0.42157603127965926	29096	0.06879250987199391	0.06879250987199391	0
0.955322265625	2927744	0.39573141389464683	0.40033645203558105	0.44151482625995636	29584	0.08857182290158949	0.08857182290158949	0
0.95556640625	1332116	0.36575867109209725	0.37687842374527886	0.4001048193881067	28590	0.09379423926661405	0.09379423926661405	0
0.9031982421875	3973338	0.43276459146471774	0.43625748335999615	0.458110232389544	28854	0.08482808180238953	0.08482808180238953	0
0.9898681640625	1241324	0.3970442863792915	0.4066340232810633	0.35945468725542	27952	0.08210594707499093	0.08210594707499093	0
0.925537109375	1270546	0.3453023152756529	0.3539860865000583	0.41810858924696737	28454	0.11594867810808239	0.11594867810808239	0
0.9967041015625	1568860	0.397497221097209	0.4045846073259927	0.3968482739295525	29828	0.10808983595636501	0.10808983595636501	0
0.97021484375	1619052	0.35398717352498127	0.36027373600160906	0.4231897211587605	28832	0.10744822071682066	0.10744822071682066	0
0.981689453125	1834678	0.37065239007077433	0.3764782159178215	0.39656926045420593	29040	0.0711264154233873	0.0711264154233873	0
0.9478759765625	3040114	0.3917295380396282	0.39748626710732377	0.4483139346740588	29612	0.08296575991284895	0.08296575991284895	0
0.994140625	2711678	0.3947217475989619	0.4023617027917647	0.4208382864028741	30026	0.09028521400735527	0.09028521400735527	0
0.955322265625	3317804	0.3981160439717422	0.4007399157361739	0.4532550966729554	29716	0.08161092888111969	0.08161092888111969	0
0.998046875	2676596	0.3685257059952629	0.37364743163516806	0.43242164982789544	30932	0.06659873437908816	0.06659873437908816	0
0.9908447265625	1352696	0.36838599584437226	0.3769264908982714	0.39341444243541474	29570	0.10835243668294754	0.10835243668294754	0
0.955322265625	1609790	0.40468517467406784	0.41307769937336863	0.4047467220788547	28690	0.09284971394474872	0.09284971394474872	0
0.99951171875	1582566	0.3853147892603453	0.3915770664922851	0.3885421906223971	29184	0.08337330980297723	0.08337330980297723	0
0.851318359375	3013860	0.3919867255587031	0.3958707684102665	0.44982378964339614	27162	0.07124338045526499	0.07124338045526499	0
0.985595703125	1831442	0.4188937900314358	0.42558701581262065	0.3984937822293273	29158	0.0875682054089249	0.0875682054089249	0
0.998779296875	1951614	0.4128131252767239	0.4191134754798929	0.4053591629895465	29964	0.08789832325169827	0.08789832325169827	0
0.99365234375	1906858	0.37751189619401787	0.38494938788230854	0.41464909804640665	30360	0.07810044506801707	0.07810044506801707	0
0.9967041015625	1716764	0.37972848243533647	0.3866018846407852	0.41545125353822865	30460	0.09186307664882842	0.09186307664882842	0
0.999267578125	1980698	0.33003617666082447	0.3364788082805703	0.42330970258185663	30722	0.05957838552757771	0.05957838552757771	0
0.9630126953125	1322096	0.39815929711657466	0.41031380776984944	0.38297696574486517	27662	0.10492523231449742	0.10492523231449742	0
0.9970703125	1852548	0.3953204410190642	0.4025191054341059	0.40834031117849884	30186	0.07860312453445092	0.07860312453445092	0
0.9913330078125	2687938	0.3760601648146156	0.38444018079954684	0.42778573241625034	30230	0.06675322873481619	0.06675322873481619	0
0.996826171875	900240	0.35807535240150395	0.36963201149744856	0.34729159975160867	28206	0.07114655016048675	0.07114655016048675	0
0.997314453125	2340506	0.3732046633776119	0.3803185335318798	0.42612167170304655	30512	0.058337408486835086	0.058337408486835086	0
0.910888671875	2732042	0.414456255220728	0.41889459476873375	0.4438140881379598	28214	0.08725553614430132	0.08725553614430132	0
1.0	1009808	0.41843776571182567	0.42555326135999955	0.334873260455724	27698	0.08256411180472702	0.08256411180472702	0
0.993896484375	1974570	0.3716290737311421	0.38053281511808296	0.4271876801333255	30836	0.09437046134914802	0.09437046134914802	0
0.9627685546875	1896824	0.4278155891604203	0.43269094212430964	0.4049003150914367	28608	0.10385661616083774	0.10385661616083774	0
0.91064453125	838572	0.3155123902280209	0.3254076543362426	0.34747522165379735	26960	0.0770916049455166	0.0770916049455166	0
0.8883056640625	939894	0.2734134102709262	0.27759910276848637	0.41119321264901715	26816	0.05105856421886206	0.05105856421886206	0
0.995361328125	1505426	0.400901331466726	0.41072650701532254	0.3860408116887994	29228	0.08820443471048321	0.08820443471048321	0
0.985107421875	1543044	0.3631394177174123	0.3753345294273529	0.4030873839263586	29494	0.09823686566673717	0.09823686566673717	0
0.95556640625	1413824	0.34633192772447	0.355184580164124	0.4168669875261611	29294	0.09366726126129123	0.09366726126129123	0
0.9951171875	1483098	0.3528376814126825	0.36072634509770823	0.39329585135601824	29528	0.0820832264048345	0.0820832264048345	0
0.992919921875	1363610	0.3711419745923041	0.3807590361380677	0.3900468844399995	29502	0.09904998167205799	0.09904998167205799	0
0.94091796875	3098646	0.3721961740456115	0.37376376542360706	0.45783257038850816	29546	0.07465349896444212	0.07465349896444212	0
0.996337890625	1466638	0.3397668572234398	0.3483668398972699	0.40856879644239025	30562	0.09354148785428838	0.09354148785428838	0
1.0	1400138	0.3626656853102966	0.37483302496626486	0.3930984357012239	29480	0.09978606464505224	0.09978606464505224	0
0.985107421875	1214640	0.35100675614664406	0.36141249524270047	0.40373271682320033	29886	0.08778120619036288	0.08778120619036288	0
0.9864501953125	1936938	0.3499593029860049	0.35624786854063384	0.41972045277145603	30006	0.08823449058467049	0.08823449058467049	0
0.9478759765625	1099464	0.32437520695680305	0.3362435523331675	0.4077959643915072	28894	0.08247410841573362	0.08247410841573362	0
0.8885498046875	965128	0.27222333260325854	0.2783945950201124	0.41292758680045627	27018	0.05309246518555164	0.05309246518555164	0
0.9329833984375	1790800	0.3242032163060176	0.33000934262705944	0.434129856190053	28942	0.0744785028923614	0.0744785028923614	0
0.9776611328125	1992818	0.4162237283235124	0.42314871575448915	0.4148213449719917	29626	0.10054071177044621	0.10054071177044621	0
0.9969482421875	1191080	0.38233508345845807	0.39369916000694166	0.3800696740526471	29544	0.08977282731782134	0.08977282731782134	0
1.0	1543386	0.39673016474179207	0.40462002097221883	0.3855291249464939	29286	0.09661245578011486	0.09661245578011486	0
0.999755859375	2000950	0.3615788254245617	0.3698812543902959	0.40556233812323517	29942	0.06938901742583227	0.06938901742583227	0
0.9779052734375	1198654	0.3296433985188461	0.3422304905685587	0.40366308706161336	29916	0.09783800075779665	0.09783800075779665	0
0.9949951171875	1646536	0.39799014760391027	0.4076693924682842	0.4036008000844948	29694	0.09541400266099964	0.09541400266099964	0
0.999267578125	1704692	0.3711127798093338	0.37867233769965275	0.3986301014047931	29756	0.08511626129318021	0.08511626129318021	0
0.989013671875	2115598	0.40889022691816507	0.41679461863024847	0.40376562156953105	29360	0.07322152551542092	0.07322152551542092	0
0.9873046875	2407332	0.4846965812654736	0.490496925717757	0.40789184728182604	29434	0.11235529301426507	0.11235529301426507	0
1.0	1032632	0.33815181043037773	0.34262249580884113	0.3888485098396804	27552	0.09956212375270447	0.09956212375270447	0
0.9183349609375	951770	0.28862643059857973	0.2917404380397603	0.41004675883706637	27674	0.07245087815173591	0.07245087815173591	0
0.9989013671875	1228104	0.40255717516412254	0.411378903611989	0.36312381838744723	28516	0.09647761868363884	0.09647761868363884	0
0.99609375	1765334	0.3597226596464051	0.37157594131019095	0.4041568283870834	29592	0.07670312643559109	0.07670312643559109	0
1.0	1548352	0.3660676208737323	0.3731450802228183	0.40605628526742343	29170	0.09977904113000452	0.09977904113000452	0
0.9957275390625	1826320	0.3790301012482251	0.38779525267930914	0.4079614610795768	29876	0.09283619417267941	0.09283619417267941	0
0.9974365234375	3578164	0.46436593351722627	0.4668058324812523	0.4204289204849483	30362	0.08896293331312255	0.08896293331312255	0
0.985595703125	1587272	0.3711229802379989	0.3820387247933943	0.4000596463843204	29434	0.06941496645652673	0.06941496645652673	0
0.910888671875	1330200	0.3598498889357666	0.367331813271316	0.4099501359808313	27734	0.10078486303637864	0.10078486303637864	0
0.9945068359375	2205058	0.41035993080516203	0.41539296766508044	0.41153558434105736	30002	0.09089757669918823	0.09089757669918823	0
0.99462890625	3602656	0.49920352395401313	0.5036764748981888	0.41703743903916707	31138	0.08071321190286848	0.08071321190286848	0
0.92626953125	2859498	0.36606497425954965	0.36860047947018365	0.4436047228927899	28528	0.0808911437599725	0.0808911437599725	0
0.9976806640625	911610	0.38109684818835937	0.39172991675484153	0.3486336996101344	28762	0.09195613681205601	0.09195613681205601	0
0.99462890625	1453622	0.36038445797446816	0.3673289757113309	0.3901026494678423	29538	0.10017034853565482	0.10017034853565482	0
0.9971923828125	1289958	0.3957396659806001	0.40518316881290756	0.3768233610891492	28974	0.09762831721655822	0.09762831721655822	0
0.9979248046875	1428724	0.3723738431663654	0.38189893434985756	0.39125926610252026	29394	0.0839931622277268	0.0839931622277268	0
0.99951171875	2175600	0.41876317551066844	0.42291303603376296	0.4021158506042318	29330	0.08508930137174942	0.08508930137174942	0
0.9627685546875	2338482	0.3868371473062034	0.39580682144944507	0.42362665992382537	29044	0.07509009712530351	0.07509009712530351	0
0.9847412109375	1698938	0.4109935963098396	0.41929239788336076	0.3911864627253778	29112	0.08702158450567726	0.08702158450567726	0
0.996337890625	1553944	0.4080400642405781	0.41650933066281043	0.39340443669012615	30060	0.08859336507332434	0.08859336507332434	0
0.9989013671875	924074	0.3125408861784228	0.32112209048523815	0.38923027736301186	29214	0.09280485654519477	0.09280485654519477	0
0.9483642578125	1419752	0.329013508986232	0.3316719972512033	0.4272075217760057	28976	0.08991024584216105	0.08991024584216105	0
0.985107421875	919934	0.3160570710251793	0.32743129927300196	0.3602837783079483	27884	0.07376836879069326	0.07376836879069326	0
0.9979248046875	863986	0.398162015344387	0.40710949645555866	0.33496884125837484	28020	0.09163524638440823	0.09163524638440823	0
1.0	2071692	0.3920222187128017	0.4016325520171518	0.4093848109851479	29998	0.08078382638165976	0.08078382638165976	0
0.9990234375	2279422	0.4065032120934318	0.4110838198152002	0.3916066779457661	29130	0.06692222837977342	0.06692222837977342	0
0.993896484375	1298712	0.3616836831933128	0.3675448521096662	0.3778260067389869	28916	0.08431839834904119	0.08431839834904119	0
1.0	2333134	0.3737891243627817	0.38167880199601956	0.4185668674103186	29688	0.07715619052856376	0.07715619052856376	0
0.985595703125	1834586	0.3643803140266777	0.3739787394767709	0.40728344552330586	29376	0.06549232765079258	0.06549232765079258	0
0.998291015625	1481262	0.3911901548475458	0.3990465748625555	0.38464495567988827	28996	0.08399509805512669	0.08399509805512669	0
0.9749755859375	1206186	0.41406731794036816	0.42199534873395855	0.3648931374826709	28122	0.09743014537690244	0.09743014537690244	0
0.9920654296875	4911718	0.5385689262250047	0.5425271711204337	0.43031103273641075	30598	0.08326047700258578	0.08326047700258578	0
0.9776611328125	1823050	0.34873106713491975	0.3581826855403844	0.42046439934516133	29798	0.08953563300376317	0.08953563300376317	0
0.9627685546875	1907722	0.3460661848228757	0.3524556026780703	0.43608341799056033	30146	0.08919282454780925	0.08919282454780925	0
0.9630126953125	1673562	0.3468749095165183	0.35710352986209465	0.4218197116146651	29574	0.07023423747942031	0.07023423747942031	0
1.0	1522576	0.39394814687493174	0.40208049483702907	0.38372906907401627	29618	0.08462310936755509	0.08462310936755509	0
0.8885498046875	3998180	0.43010706960964756	0.43299822789726145	0.4539831822740634	27930	0.07644782047077435	0.07644782047077435	0
0.997314453125	1268930	0.3837790761853039	0.39312633194942764	0.380322013615712	29466	0.08719870076430652	0.08719870076430652	0
0.99560546875	1716164	0.3944727609490927	0.4045572980999426	0.3998620068493483	29806	0.0878550191080525	0.0878550191080525	0
0.989013671875	1104094	0.33750978954089783	0.3473972433961512	0.3753394354120399	28690	0.06603205341220679	0.06603205341220679	0
0.99951171875	1905084	0.3399767566973946	0.34837260092729433	0.4233694621041543	30782	0.07127367612347692	0.07127367612347692	0
0.9873046875	2668676	0.38149687038900376	0.38683004650540115	0.4356395946547212	30680	0.08508853918173952	0.08508853918173952	0
0.955322265625	3286938	0.3882989444929335	0.39226635657420544	0.4550648330120961	30378	0.07351905899971525	0.07351905899971525	0
0.9876708984375	1580500	0.3821402170264379	0.390782270028186	0.39006425183702736	29100	0.07358188486545585	0.07358188486545585	0
0.995361328125	2546586	0.4094251827437046	0.41777565566985003	0.4123683043017447	29952	0.08422588772648233	0.08422588772648233	0
0.955322265625	3154092	0.4381110398919261	0.4421875638270198	0.43554338142679644	29700	0.09330333874936003	0.09330333874936003	0
0.997802734375	1544286	0.3950522811182629	0.4018022183759615	0.38274692999385795	29064	0.08285445921446573	0.08285445921446573	0
0.9947509765625	1119994	0.38839582837345016	0.3980376289319001	0.3737752227709326	29146	0.09650339018321032	0.09650339018321032	0
0.992431640625	1025408	0.416490689773051	0.42534114986204224	0.3582405534477919	28592	0.10721605111783793	0.10721605111783793	0
0.9925537109375	3700648	0.390694759053511	0.399515368547132	0.43480133381021563	29618	0.06456528354099174	0.06456528354099174	0
0.99853515625	1581136	0.35271503853652747	0.3586557029551691	0.41665256178451243	29196	0.10390350465813752	0.10390350465813752	0
0.925537109375	1480718	0.32348958784265563	0.3272088695814153	0.41120332719295205	27934	0.10968647001098841	0.10968647001098841	0
0.97021484375	4039094	0.436271432243256	0.4431812690477261	0.44963729584047635	30132	0.08615286854262066	0.08615286854262066	0
0.998291015625	3889336	0.4245995722688842	0.42743065257751905	0.434854642834843	30728	0.07091575503279393	0.07091575503279393	0
0.9981689453125	1565088	0.37697869483864493	0.38654172873054343	0.39721690117032016	29816	0.0761908883514927	0.0761908883514927	0
0.9031982421875	1182062	0.3373123008150924	0.3475171163491144	0.3972419749159947	27186	0.06729639777694797	0.06729639777694797	0
0.996337890625	1731726	0.36083490762704834	0.37011941599013065	0.4106034334562258	30292	0.07706500204380906	0.07706500204380906	0
0.9627685546875	3040610	0.3501799387853608	0.3574740144259286	0.45196675749672927	30092	0.07142771711063939	0.07142771711063939	0
0.9776611328125	1545420	0.3647131821587337	0.3721063607995634	0.4065923361471752	29328	0.0861100444143681	0.0861100444143681	0
0.999755859375	1241550	0.397628279007822	0.4063579814751423	0.37393528043574964	29336	0.09747985446467516	0.09747985446467516	0
0.9404296875	1108460	0.3685074059109674	0.3791713527043738	0.3598248139562629	27494	0.09270280704184986	0.09270280704184986	0
0.99755859375	1171924	0.38518296405502067	0.39262470019647244	0.36642422099189464	29034	0.09593896445060014	0.09593896445060014	0
0.9835205078125	1603602	0.36676249759601715	0.37297761805585905	0.4123072846577464	29712	0.09434605208560125	0.09434605208560125	0
0.9481201171875	1323568	0.34791997430622607	0.35776551220462277	0.41102183590986846	28982	0.09408013031568162	0.09408013031568162	0
0.9989013671875	2201392	0.4081793318102965	0.4134019970986021	0.39775656640194185	29836	0.0737044297455047	0.0737044297455047	0
0.9925537109375	2198908	0.34234905925638087	0.34920625225199675	0.43714555849893055	30940	0.07209160300945967	0.07209160300945967	0
0.9329833984375	2936282	0.4317015238531194	0.43924826665238786	0.42416350047139684	28626	0.0650275053076105	0.0650275053076105	0
0.991455078125	1548702	0.3690064849045962	0.3777622384131105	0.4018291254487236	29868	0.10342483656493184	0.10342483656493184	0
0.95556640625	1559080	0.33869029199088985	0.34655498108219485	0.4055063543774986	28602	0.07336214074735577	0.07336214074735577	0
0.9989013671875	2846976	0.43039339957756767	0.4354630784472788	0.4152705461117374	30056	0.09412728181216845	0.09412728181216845	0
0.998291015625	1573264	0.38984264063529867	0.3972702326486981	0.39263048318523364	29740	0.09060748948484708	0.09060748948484708	0
0.9627685546875	1410744	0.32489425434845287	0.3333679993458752	0.41525806670576987	29412	0.09251809045369207	0.09251809045369207	0
0.9478759765625	2863292	0.40970964953675454	0.4178045387742209	0.43034858329853004	28856	0.07459006746932419	0.07459006746932419	0
0.9404296875	2886938	0.3982921636094683	0.40268218651044557	0.4414470658772305	29088	0.0915404272959167	0.0915404272959167	0
0.8585205078125	1037184	0.3153093661342998	0.32492221131196086	0.41053317395604444	26446	0.0723865733127463	0.0723865733127463	0
0.995361328125	1943740	0.3954463568303477	0.4055061851419677	0.40863965006627395	30034	0.07354190029164301	0.07354190029164301	0
0.9031982421875	1337902	0.339721738331141	0.3453090458330248	0.42039014971834	27686	0.08419218603866424	0.08419218603866424	0
0.9927978515625	2681538	0.40828090205970874	0.41949106665461494	0.41720750378109833	29478	0.08825029376353388	0.08825029376353388	0
0.9478759765625	1589684	0.3713631058903623	0.38043621112768894	0.40118210964795825	28168	0.07090453705180678	0.07090453705180678	0
0.9786376953125	1860540	0.41825836323257054	0.4259929326829149	0.39044572899118357	28378	0.09498214960678701	0.09498214960678701	0
0.9925537109375	2671846	0.37189877038932656	0.3795288100888108	0.4403623145434424	30934	0.09036393024478355	0.09036393024478355	0
0.985107421875	2688324	0.42762190988200294	0.4343002530555593	0.41601943775132927	29484	0.10104382196737986	0.10104382196737986	0
1.0	1834118	0.36102312825056454	0.3708905857714629	0.4068379464752869	30040	0.08521675726693924	0.08521675726693924	0
0.9892578125	2658496	0.4037805700056824	0.40692544674252984	0.41244918302491645	29772	0.07532847023507618	0.07532847023507618	0
0.999755859375	1206318	0.39152442298714907	0.4012429633334767	0.36047857283505275	28596	0.08177664018395754	0.08177664018395754	0
0.9937744140625	2712310	0.40395642196672304	0.41190876990036845	0.42094966827463276	29990	0.08744407908268335	0.08744407908268335	0
0.999267578125	964298	0.37538901729033514	0.381630910163072	0.3454085552720894	28324	0.07399241535677549	0.07399241535677549	0
0.9912109375	2674936	0.3917316877929342	0.4006805308455886	0.4267412149968395	30156	0.08305589280392144	0.08305589280392144	0
0.9896240234375	1318416	0.3661466390631089	0.37675542718750604	0.39263904061902694	29420	0.08172475269070538	0.08172475269070538	0
1.0	1608798	0.4302879373218123	0.4374087887962233	0.38131541203215225	28968	0.09983492344602825	0.09983492344602825	0
0.970458984375	1777620	0.3661536118389053	0.37493544046928545	0.4106346464968098	28862	0.08090544022519176	0.08090544022519176	0
0.9925537109375	2765478	0.3829079831868805	0.39268600624043404	0.42459787001799193	29872	0.07303701482224119	0.07303701482224119	0
0.9959716796875	1792538	0.38033279743315235	0.39149143710665796	0.4036890478567223	29670	0.08596947565883584	0.08596947565883584	0
0.9478759765625	2743074	0.39208466241989287	0.39781484050400623	0.4553374711394896	29832	0.08826388739628449	0.08826388739628449	0
0.9664306640625	1178582	0.39908901923920986	0.405569909692942	0.35573138470290777	27632	0.09155008380246792	0.09155008380246792	0
0.9779052734375	2625396	0.3533847097464537	0.3595279798495879	0.4388184908069885	29318	0.07645024214658107	0.07645024214658107	0
0.9630126953125	2993396	0.3447955077854498	0.34936582370076724	0.46049450198588665	30490	0.06371521463404242	0.06371521463404242	0
0.9630126953125	1671906	0.4044276761628949	0.4145210452501275	0.4159469926783321	28892	0.10658102780427031	0.10658102780427031	0
0.866455078125	1135850	0.38481864698997487	0.3926076050347598	0.40226895070010155	26522	0.09887542063540457	0.09887542063540457	0
0.9781494140625	1389686	0.338663562894689	0.3497410752304178	0.41331369252810823	30062	0.09319711163155701	0.09319711163155701	0
0.9404296875	2733662	0.39426314710007354	0.3998108662550013	0.45336137534519666	29036	0.08436605467430179	0.08436605467430179	0
0.9990234375	1228688	0.3665865971648154	0.372595733427606	0.37682590694987644	29116	0.09794479863024312	0.09794479863024312	0
0.99365234375	1755868	0.3780039385309762	0.3882484920812666	0.3942276008976653	29166	0.08966823391360847	0.08966823391360847	0
0.9404296875	2007944	0.39943467263865284	0.4064517256941897	0.43169826540139383	28874	0.09673891512176619	0.09673891512176619	0
0.9940185546875	1814886	0.3385875837157118	0.34486132004244463	0.4067090489022178	29694	0.06078784918578672	0.06078784918578672	0
0.9404296875	1647866	0.4088223333407457	0.4154024028735772	0.4174030484230489	28836	0.10949793490004407	0.10949793490004407	0
0.9481201171875	1027550	0.28350037444338577	0.2858600982107323	0.41029063126023163	28520	0.05685927636324867	0.05685927636324867	0
0.970458984375	2271862	0.3478764088943225	0.35453743536719823	0.4502199722281546	30864	0.08926740330564766	0.08926740330564766	0
0.9984130859375	2559930	0.3451656392615119	0.35008094587380656	0.4386786931350968	29524	0.06616197791767757	0.06616197791767757	0
0.991455078125	1408876	0.3365566761798496	0.34496759949537353	0.3892628022766204	29480	0.05674311167522272	0.05674311167522272	0
0.9630126953125	924344	0.31742215845646465	0.3233823356372897	0.36000481818662405	27472	0.055120130097691254	0.055120130097691254	0
0.99755859375	1081856	0.33956301843563125	0.34801830886093227	0.4051332398547895	28898	0.12708886419280402	0.12708886419280402	0
0.99755859375	1524828	0.3504704008848117	0.35967942535429676	0.39409969334341083	28432	0.08011874707916476	0.08011874707916476	0
0.9755859375	2362320	0.4369236380222048	0.4414574943341401	0.396824545232443	28930	0.08632895934176511	0.08632895934176511	0
0.9896240234375	2576700	0.4196253860827024	0.424379477588027	0.40693709903310094	29494	0.07728409849339234	0.07728409849339234	0
0.97021484375	1926582	0.41347432616493535	0.4185364253344716	0.4200784200866386	29982	0.10086491706701041	0.10086491706701041	0
0.995361328125	1638350	0.43509131140064405	0.4462433922837641	0.3762488320120237	28704	0.1015475184889803	0.1015475184889803	0
0.9927978515625	1567848	0.3499052246350296	0.35943210518586227	0.4090075522321561	28590	0.08371698035308829	0.08371698035308829	0
0.967041015625	2519966	0.43151696370278847	0.43707466282302526	0.3999925648492985	28488	0.08754000545321287	0.08754000545321287	0
0.9853515625	2778238	0.3679583960242807	0.3749635532363192	0.43569189994175744	29480	0.07339522065677632	0.07339522065677632	0
0.99169921875	2600534	0.41503376940770703	0.4176227454335242	0.39953093781604276	29082	0.08764249923547439	0.08764249923547439	0
0.97021484375	1316834	0.35943077217315783	0.3694336598710684	0.4056780830517927	29700	0.08520738481849595	0.08520738481849595	0
0.9180908203125	1430012	0.33066901570337737	0.33902502074007373	0.3896777865164501	27308	0.0751632849674368	0.0751632849674368	0
0.985107421875	1622028	0.3761508153869586	0.38692476695489003	0.4011653799461106	29348	0.07604619867890747	0.07604619867890747	0
0.9627685546875	1314270	0.33861746488510946	0.3507837119514807	0.40571042145069414	29188	0.07894432561823911	0.07894432561823911	0
0.9627685546875	1041922	0.3511256526335003	0.3543528177318549	0.41081850648761287	28490	0.11549807264117413	0.11549807264117413	0
0.955322265625	2367464	0.3416714544485027	0.34720100436391843	0.4522595580972104	30090	0.08388822065809635	0.08388822065809635	0
0.99853515625	2000194	0.39710238583125285	0.4048790916395979	0.4090108234537276	29630	0.09301470170110755	0.09301470170110755	0
0.9329833984375	2165690	0.32058352495390047	0.32399594192371617	0.46111914787712655	28690	0.08196801972467362	0.08196801972467362	0
1.0	2459856	0.3879860869250737	0.39470352503677236	0.40629580332632625	29516	0.06186245714854167	0.06186245714854167	0
0.9925537109375	3649540	0.4075888913920154	0.4135523788345867	0.43961517229517727	30230	0.08834402672003512	0.08834402672003512	0
0.91064453125	1319120	0.371173260913634	0.37898106946333704	0.4167471940802696	28018	0.1154025793327977	0.1154025793327977	0
0.99951171875	2613062	0.38843688120496483	0.39464575978175803	0.4221123841231811	30496	0.08133613367153661	0.08133613367153661	0
0.99169921875	1927768	0.4099333389509239	0.41864463749439335	0.4077210740570638	29844	0.09033787197092667	0.09033787197092667	0
0.9866943359375	1957042	0.44925063641505286	0.4614119005296087	0.39050127254993067	28620	0.09349248142832495	0.09349248142832495	0
0.9779052734375	2280324	0.40498318443889264	0.4122441778267822	0.41467951207571335	29734	0.07943322157186689	0.07943322157186689	0
0.9630126953125	1525326	0.3878842239686932	0.39930028651446176	0.3972525002390994	28108	0.09067436160788335	0.09067436160788335	0
0.99755859375	1786790	0.343548429551274	0.3514492079062661	0.4096117591778902	28292	0.08640295307015068	0.08640295307015068	0
0.9884033203125	1122402	0.38007414630301933	0.39004173470620657	0.36696403759502894	28740	0.08283542357401902	0.08283542357401902	0
1.0	1067446	0.2908926463671825	0.30154664682795357	0.39408570806256377	29772	0.046762203113227076	0.046762203113227076	0
0.9404296875	1297886	0.35274303489431014	0.36268311417789034	0.39343175732084207	27800	0.10588905087819002	0.10588905087819002	0
0.99951171875	1169950	0.37681293786010506	0.3878357219372655	0.3702783666783254	29246	0.08892523638424209	0.08892523638424209	0
0.9849853515625	2526378	0.40752962956807126	0.41426606827096873	0.4140602617709352	29748	0.08031256017262808	0.08031256017262808	0
0.99951171875	2485716	0.4579164143677707	0.46321533763817535	0.40535867385542995	29754	0.10184674278653309	0.10184674278653309	0
0.97021484375	2248512	0.3585377484205055	0.36653330610387386	0.4466529554463772	30438	0.09293380181228011	0.09293380181228011	0
0.9180908203125	1030772	0.3448275509542594	0.35872681247999844	0.3975244779050298	27514	0.09028481260239068	0.09028481260239068	0
0.9920654296875	1350546	0.36096949739368517	0.3686919765555276	0.39672104959895443	29834	0.09359626678369333	0.09359626678369333	0
0.9478759765625	2313706	0.3632453610189002	0.3675263015050434	0.4305704869802347	29270	0.04881049708467447	0.04881049708467447	0
0.999755859375	2870988	0.37268804548641904	0.3764284283458858	0.42609738865629354	29054	0.06309199463270178	0.06309199463270178	0
0.9180908203125	1594982	0.3518071188051584	0.3574190637961711	0.3945063192880672	27218	0.09676878786586739	0.09676878786586739	0
0.9031982421875	2089176	0.3300951100827359	0.33408042911207175	0.4580874549655438	28374	0.10159515516019169	0.10159515516019169	0
0.9478759765625	2700924	0.3921377077271941	0.398231831289507	0.43003824390519135	28854	0.07140155622796229	0.07140155622796229	0
0.994384765625	1347526	0.365165371311545	0.3732591041148377	0.39208686331858744	29874	0.09072258017312924	0.09072258017312924	0
0.9991455078125	2172744	0.3711053334897281	0.378121045376339	0.4270197829738868	28806	0.08631810980470656	0.08631810980470656	0
0.9959716796875	1863734	0.3616012496692364	0.373236840007702	0.4043668686404827	29542	0.0713545834900512	0.0713545834900512	0
0.955322265625	1710478	0.35720806435064434	0.36421929342709064	0.4285882273354303	29196	0.09497392011103367	0.09497392011103367	0
0.9990234375	2230732	0.39386705937121214	0.39878478781576493	0.4091420314444347	28996	0.10626868929927374	0.10626868929927374	0
0.9776611328125	1460336	0.3783355385733187	0.3881587441344129	0.3924249117952689	29028	0.09228116802250828	0.09228116802250828	0
0.955322265625	1187186	0.36510575528036865	0.37729789607762454	0.3705254992367499	27918	0.08842272936679714	0.08842272936679714	0
0.9632568359375	4257174	0.5043428563297191	0.507220088988694	0.44395700744483707	29738	0.11037729306628319	0.11037729306628319	0
0.999267578125	1772484	0.3850240364100143	0.39184117247352873	0.3986274114198574	29510	0.09297838128047103	0.09297838128047103	0
0.925537109375	1284240	0.32589459560170114	0.3339458120214376	0.4181310534592897	28418	0.08214403817702479	0.08214403817702479	0
0.9486083984375	2263428	0.38598495974543406	0.3894740569597656	0.4279633612198786	27570	0.11704052530661609	0.11704052530661609	0
0.97021484375	2521022	0.3519416019095695	0.35605657742962177	0.429600615980565	28960	0.06376114568229856	0.06376114568229856	0
0.9945068359375	2729098	0.36654032602007186	0.37254553420646214	0.4233303974703179	30308	0.0595461958011024	0.0595461958011024	0
0.9447021484375	3306656	0.3706766415641403	0.37777793446498614	0.4568248598380194	30060	0.06839563163273316	0.06839563163273316	0
0.9866943359375	1714856	0.3468700876726649	0.355882414535098	0.40925934853916024	28868	0.09659254056404044	0.09659254056404044	0
0.925537109375	3526848	0.4294460568326562	0.43390784284834694	0.454371506842372	29466	0.09381477245917341	0.09381477245917341	0
0.9976806640625	1320902	0.35707655179519876	0.3683394899079402	0.3819401863934211	29400	0.08627726650702629	0.08627726650702629	0
0.9627685546875	1965902	0.31865812253436826	0.32488247620444816	0.4417237741790228	30422	0.07677145639648687	0.07677145639648687	0
0.9945068359375	1347112	0.3775315630288363	0.38713593457372464	0.38163385623296003	29256	0.08627424310817315	0.08627424310817315	0
0.9755859375	1251538	0.407658740190247	0.4132215458782655	0.3712971208376726	28380	0.09756960475009423	0.09756960475009423	0
0.9627685546875	1643514	0.35812071756544794	0.36861685330065774	0.4221479380272415	29562	0.09713069737346695	0.09713069737346695	0
0.9334716796875	1225174	0.33400729058359097	0.3437682713848609	0.413759814060096	28424	0.0898263689929568	0.0898263689929568	0
0.9627685546875	1919856	0.38364142981978494	0.3936551222688016	0.4157220481181351	28986	0.08649643686470863	0.08649643686470863	0
0.9329833984375	2690316	0.33483444167655624	0.3435524253664621	0.45281017332962525	29176	0.07006188711050045	0.07006188711050045	0
0.91064453125	1164692	0.3362673746071978	0.34551231530933046	0.40601197434079195	27690	0.08239317622821248	0.08239317622821248	0
0.998779296875	1288168	0.3870995300633591	0.3913559286275512	0.39698892210808606	28730	0.1198545642239514	0.1198545642239514	0
0.9478759765625	3181606	0.36250504752702534	0.3665655726287694	0.4590487951751201	29494	0.07476324081019853	0.07476324081019853	0
0.9481201171875	2499072	0.4184942920980783	0.4274289026117933	0.4444546877513171	29424	0.10479883275508889	0.10479883275508889	0
0.9979248046875	1855276	0.37166812615352157	0.3778415504812284	0.4009514797698499	29490	0.09505287431825216	0.09505287431825216	0
0.9404296875	1110782	0.32484205803099303	0.3311374418837911	0.37258584661724026	26740	0.07477124347203667	0.07477124347203667	0
0.925537109375	1303768	0.3302744008367857	0.3325542024407548	0.4295923504105274	28100	0.09874936584854126	0.09874936584854126	0
0.9913330078125	2720790	0.3910350883956415	0.3977767415392428	0.42033530815379655	30058	0.05667575910189579	0.05667575910189579	0
0.925537109375	2017992	0.317759107858304	0.32404716339183853	0.4440765435853819	29316	0.062085651729579104	0.062085651729579104	0
0.970458984375	3356616	0.3999415964955382	0.4048027394302118	0.4458074761090594	30230	0.08009185290851471	0.08009185290851471	0
0.9847412109375	936184	0.3460424551514467	0.35426535547126053	0.3585022111656375	28578	0.078046885515719	0.078046885515719	0
0.985107421875	1566278	0.37601444952740404	0.3835746936494224	0.39872021445185896	29274	0.07400577052039156	0.07400577052039156	0
0.9478759765625	1310016	0.31978067867609417	0.33071870553369764	0.41232692371952145	28930	0.0782354865574124	0.0782354865574124	0
0.9632568359375	1381872	0.3857970245196056	0.3996148431635684	0.3938006091982292	28154	0.10680769624660075	0.10680769624660075	0
0.9979248046875	2326424	0.4028022661861026	0.4062940807026177	0.4221609309826146	30616	0.0907678630746367	0.0907678630746367	0
0.9111328125	1331732	0.33483610728928864	0.3420594360524301	0.42308667208149586	28148	0.08377804065607429	0.08377804065607429	0
0.9913330078125	1072026	0.34104174625861844	0.3507903076200742	0.36971505523902964	28906	0.07262632463546263	0.07262632463546263	0
0.969482421875	2197200	0.43065816409267854	0.4385485623780918	0.39023124924646596	28580	0.08030931656991983	0.08030931656991983	0
0.9776611328125	2452498	0.426683250012957	0.43507528537153556	0.42811556965096353	29710	0.08633709035627207	0.08633709035627207	0
0.9952392578125	2720708	0.4069925317666358	0.4132279662382181	0.41500091482306883	29680	0.07448186436307405	0.07448186436307405	0
0.955322265625	2883058	0.4237615441081874	0.4300142745644961	0.41940224962002587	28620	0.08937790073981322	0.08937790073981322	0
0.9478759765625	999662	0.2913014086618399	0.307483822558708	0.3974229341109183	28926	0.056470301947662054	0.056470301947662054	0
0.994384765625	2288828	0.4416310709921718	0.445315739499418	0.3924889923471848	29238	0.089295202756472	0.089295202756472	0
0.997314453125	1854014	0.3694230771579457	0.3796691356085309	0.40419322656177775	29706	0.09445773805555234	0.09445773805555234	0
0.9483642578125	1163436	0.3668283588463501	0.3740707366444494	0.368696191714752	27812	0.09002133182560708	0.09002133182560708	0
0.9976806640625	1184012	0.3905527703340838	0.3977892820316428	0.37172713708759103	29406	0.09278410755032335	0.09278410755032335	0
0.999267578125	2622524	0.3858614695304956	0.3946715154077462	0.41541150007747146	30042	0.07253198969768966	0.07253198969768966	0
0.9979248046875	1543626	0.37476129149677484	0.38228490840489276	0.40078206800744715	29962	0.1079368809199082	0.1079368809199082	0
0.999755859375	2080038	0.39230255905926475	0.3994605752093838	0.412279134333195	29716	0.09098160873929455	0.09098160873929455	0
0.97021484375	2120682	0.46011184737190663	0.4662315290967769	0.4294851369101802	30858	0.10118927758661171	0.10118927758661171	0
0.9404296875	2749994	0.3918025209709175	0.3969721936399974	0.4319821744531862	28596	0.06314018201006459	0.06314018201006459	0
0.9478759765625	1132014	0.3504102109079008	0.36061222634503753	0.3922403022203955	28272	0.08796389170373563	0.08796389170373563	0
0.9990234375	1579696	0.4021007622865775	0.40854778277458476	0.3980634889311094	28464	0.10462855524550586	0.10462855524550586	0
0.895751953125	888452	0.2824033346788817	0.28697406718852386	0.4053512994018307	26868	0.057338613027982356	0.057338613027982356	0
0.99609375	2369692	0.4742199227559735	0.4850852554112462	0.3862994435311579	29144	0.1055412750815568	0.1055412750815568	0
0.9970703125	1321174	0.36935093049130585	0.3811680232948864	0.3970862366850782	29922	0.10577526340025306	0.10577526340025306	0
0.97021484375	2359520	0.3931998151608122	0.4007295468430186	0.42130409211134423	29356	0.06535541533890042	0.06535541533890042	0
0.925537109375	1199618	0.33859898392869464	0.35140461234437	0.398191601753938	27996	0.06947459151538916	0.06947459151538916	0
0.997314453125	2608270	0.42309332035420505	0.4294113741012184	0.4114004700965764	29726	0.09852894093027643	0.09852894093027643	0
0.990966796875	2060904	0.41126053387907335	0.4210776348644088	0.4208974751502274	30148	0.09278480924625045	0.09278480924625045	0
0.985107421875	3204970	0.42503145239858225	0.43165695870280724	0.43249928526305803	29934	0.0876606176318328	0.0876606176318328	0
0.9989013671875	1527818	0.3486070859269281	0.3581285341606784	0.40330190860019854	30000	0.09467691949194562	0.09467691949194562	0
0.9632568359375	1566160	0.37009547173959456	0.37391355571236756	0.4124241268511921	28350	0.09923131107856752	0.09923131107856752	0
0.9847412109375	2046552	0.3974044382262125	0.4048885445963227	0.41753422419619185	29900	0.08103132068165521	0.08103132068165521	0
0.9180908203125	1514148	0.3740452334210849	0.3792709082833672	0.4251191321461823	28686	0.09140345021002501	0.09140345021002501	0
0.9989013671875	2638622	0.40549944664217	0.41214197059012775	0.3984792119638158	28860	0.07764888948370825	0.07764888948370825	0
0.9627685546875	2616140	0.3833424219648592	0.3901815549809499	0.4403766439780294	29676	0.07083074345462366	0.07083074345462366	0
0.99951171875	925398	0.32542146508332803	0.3361754027284795	0.3645963927579751	29454	0.07502141228743069	0.07502141228743069	0
0.925537109375	1326520	0.3371068630932521	0.3407359043813099	0.42765040837576374	28148	0.09551985421127772	0.09551985421127772	0
1.0	1801240	0.38153626436544	0.3904191332368252	0.4062746958968284	29658	0.09183754766505593	0.09183754766505593	0
0.998779296875	2114254	0.39926452255613726	0.4074530765540889	0.4192825328403537	29190	0.09771453538212682	0.09771453538212682	0
0.9990234375	1403890	0.33375819344092705	0.34477760397955093	0.4055492394917563	28482	0.08889883197896102	0.08889883197896102	0
0.9957275390625	1778572	0.3680254835408204	0.3786326033767223	0.41548711529203447	29970	0.09293087404478738	0.09293087404478738	0
0.9964599609375	1233678	0.3961710320583886	0.4061762882679951	0.3665311630269857	28862	0.0945034055471035	0.0945034055471035	0
1.0	1311600	0.3746012911870828	0.38258233983264417	0.3825773352844586	29300	0.08115944693909882	0.08115944693909882	0
0.9971923828125	1527672	0.37757869468965466	0.3872960674233201	0.3971384306204237	29716	0.10329639832520852	0.10329639832520852	0
0.99560546875	1667320	0.38063269928217286	0.38976173256820595	0.41000824255720203	30262	0.09728001164300047	0.09728001164300047	0
0.9478759765625	2669058	0.4444953870389321	0.4465266856633841	0.4359390255113547	29438	0.10163408479849141	0.10163408479849141	0
0.9776611328125	1569978	0.331553976210271	0.3368789977262219	0.42955134410751694	30536	0.08769381288474382	0.08769381288474382	0
0.9925537109375	2816824	0.3788318605452654	0.3854199535413465	0.43352766936105275	30440	0.06786343283887884	0.06786343283887884	0
0.9984130859375	2288194	0.4050000306261985	0.41337220560622256	0.41205856347327036	29766	0.09360580845812745	0.09360580845812745	0
0.99267578125	1942678	0.44316707888904855	0.44924089253504085	0.3831660077272876	28360	0.09397574702792257	0.09397574702792257	0
0.999267578125	1585280	0.3687733775911756	0.3789420095597278	0.40151888489056203	29560	0.08971216804429168	0.08971216804429168	0
0.9820556640625	2615280	0.40859877473118095	0.4164653396541018	0.41514711573003044	29370	0.08470282351970469	0.08470282351970469	0
0.998779296875	2697918	0.38457556229863976	0.39047757335982286	0.4259569805754631	30424	0.07382750147344437	0.07382750147344437	0
0.9927978515625	1506612	0.3578050556895816	0.3677727347064754	0.396738189869533	29238	0.07863402470708053	0.07863402470708053	0
0.9779052734375	2163386	0.41430488617476957	0.42451881456853496	0.41506948424007883	29194	0.09874045126400709	0.09874045126400709	0
1.0	877666	0.3224455113734974	0.3261964026897365	0.3713087182254511	28196	0.0800818219477627	0.0800818219477627	0
0.9949951171875	2522928	0.4150117725843688	0.42321888796057433	0.43161292871402007	30608	0.08649685460764377	0.08649685460764377	0
0.9990234375	1829592	0.3579488150230607	0.36622341759948646	0.4071196683130192	29932	0.08854361592298697	0.08854361592298697	0
1.0	1927998	0.37453444021977655	0.3793627359479084	0.4111910576102808	30138	0.09452268411534431	0.09452268411534431	0
0.999267578125	1239218	0.3877850429841918	0.3946841459662378	0.38005367033500326	29536	0.09683865953373948	0.09683865953373948	0
1.0	1542852	0.32526350730593495	0.3336213474292837	0.41944326451152447	29188	0.07928672757841239	0.07928672757841239	0
0.99658203125	2088210	0.39453748629985225	0.40448800386261974	0.41490117460651854	29862	0.09499093572602435	0.09499093572602435	0
0.993896484375	3245744	0.47187269551571404	0.4759509369363482	0.4120510243168956	30480	0.08733639656630633	0.08733639656630633	0
0.9853515625	3223668	0.4058533593909455	0.4112018614606654	0.4318507727194975	30032	0.08292854577430847	0.08292854577430847	0
0.9776611328125	1812496	0.3418028568049518	0.3498630532726788	0.4277223202266245	30356	0.07389643278474005	0.07389643278474005	0
0.9776611328125	2249810	0.34895832580666997	0.357126557218228	0.41768698010832095	29482	0.06504398881555082	0.06504398881555082	0
0.955322265625	983800	0.3140882277245237	0.3262564903607547	0.39727882736142367	28994	0.07197267856501179	0.07197267856501179	0
0.9776611328125	1473950	0.44131659187596806	0.44927956225908133	0.37875371850614803	28404	0.10195776951809499	0.10195776951809499	0
0.971923828125	2384158	0.41341928518220067	0.4212561946215451	0.42020803596636513	29210	0.07394161477063718	0.07394161477063718	0
0.985107421875	2314016	0.4137541557774174	0.4201764981774501	0.41261166996665194	29794	0.08056139333385272	0.08056139333385272	0
0.9925537109375	2844548	0.4098484506165258	0.4169550765143916	0.4277957779148592	30116	0.0881165620539709	0.0881165620539709	0
0.97509765625	1294130	0.37759780950043303	0.38673063730142404	0.39492540458804465	29244	0.10777401412259345	0.10777401412259345	0
0.9630126953125	2579688	0.39669933272432717	0.4013490698523094	0.40891088073448995	28502	0.08274281222832443	0.08274281222832443	0
0.99609375	1996626	0.4420322296537647	0.45261782496763536	0.4034569936027712	29606	0.10566100967928084	0.10566100967928084	0
0.9908447265625	3669968	0.41083224134556895	0.41553674053060297	0.4278484248099097	29876	0.07447223953784561	0.07447223953784561	0
1.0	1802088	0.40252882158349074	0.409318866089805	0.3962284035203761	29336	0.09551988160450971	0.09551988160450971	0
0.9993896484375	892136	0.38960627906431283	0.3971504036573961	0.3507301338644073	28730	0.10855726808088252	0.10855726808088252	0
0.9947509765625	1518946	0.3946825716168723	0.4067800734146801	0.39568183391852707	29804	0.1031255800871418	0.1031255800871418	0
0.999755859375	1179888	0.28943280469567745	0.300095672039119	0.4070355929928971	29918	0.05639077268524189	0.05639077268524189	0
0.997314453125	1674342	0.3742213955063573	0.3831758416612944	0.4098664855631842	30010	0.09256110510336642	0.09256110510336642	0
0.95556640625	1741212	0.3444801645246988	0.35227849259307437	0.43221314576997605	29646	0.1015872752950992	0.1015872752950992	0
1.0	1756104	0.3774765375569378	0.38248327469314153	0.4262835147922202	30190	0.10339516747590749	0.10339516747590749	0
0.985107421875	2253374	0.4190633437371896	0.42912840240512806	0.41369270748062964	29650	0.0903441594232365	0.0903441594232365	0
0.9776611328125	1652220	0.35627869046111943	0.3620781935695172	0.4275442888928858	30538	0.0971398279202375	0.0971398279202375	0
0.981689453125	1327442	0.351211481533853	0.3623442799778953	0.38004112289572145	28538	0.06890480715961085	0.06890480715961085	0
0.997314453125	1286370	0.3825622679479144	0.3923988922281812	0.37136621343722886	28858	0.07702211485222674	0.07702211485222674	0
0.99951171875	1132436	0.3836241427767815	0.39444517243496446	0.3690526905196017	29278	0.08657396962436249	0.08657396962436249	0
0.97021484375	1554256	0.34947401634478953	0.3615269156253749	0.4076662599406214	28962	0.08996054470125497	0.08996054470125497	0
0.99951171875	1609828	0.3551040945613502	0.36820173513652515	0.40522451056627995	29968	0.08687173599479654	0.08687173599479654	0
0.999267578125	1521892	0.3681223559195647	0.3780600942891756	0.40081694878543844	29426	0.10179853795340832	0.10179853795340832	0
0.955322265625	1642586	0.3389064138578963	0.3468537880569482	0.4256636441593022	29622	0.08351369101582524	0.08351369101582524	0
0.97021484375	1245414	0.37303442558756866	0.3802827145671411	0.3736875641137099	27856	0.10309120771303171	0.10309120771303171	0
0.995849609375	2695258	0.37887244786954066	0.3830200549332648	0.41587309136895007	29892	0.052723373512788614	0.052723373512788614	0
0.981689453125	1696122	0.4053378081913721	0.41118716576469166	0.3967206913255723	29064	0.09568507367134978	0.09568507367134978	0
0.9478759765625	2061816	0.35357624476209876	0.36130321004483407	0.42522705128197474	28562	0.08340938242073875	0.08340938242073875	0
0.925537109375	898666	0.33763895739024957	0.34570367831305254	0.39974920988515666	28338	0.0966299625099188	0.0966299625099188	0
0.9990234375	2491782	0.39381283818094587	0.40099893992103103	0.4068095916601972	29902	0.06866061995093471	0.06866061995093471	0
0.955810546875	2845766	0.3798844321541348	0.3817728037258627	0.442356201479752	28994	0.07186742447503526	0.07186742447503526	0
1.0	1887742	0.363852914598319	0.3736232867930509	0.41453806077702415	30354	0.08125137714143059	0.08125137714143059	0
0.955322265625	1509166	0.32393525793798655	0.3340560874101705	0.414173898378315	29108	0.07740775066017573	0.07740775066017573	0
0.970458984375	5180510	0.5638126750552718	0.5647612134992249	0.45071886475292205	30900	0.08488040038999857	0.08488040038999857	0
0.9776611328125	4264294	0.4585404285841923	0.46398226528933334	0.44274850380673997	30044	0.07526749465398898	0.07526749465398898	0
0.910888671875	3203996	0.41835003632690965	0.42109707979862604	0.45222953748862244	28726	0.10057747453989783	0.10057747453989783	0
0.9991455078125	1886008	0.36395839051018714	0.3705707995131638	0.40152689976303485	29472	0.06938412680111379	0.06938412680111379	0
0.990478515625	1314528	0.3933942471666638	0.40058174303770505	0.37100548806691447	28682	0.09520804528528236	0.09520804528528236	0
0.8734130859375	3085238	0.4169140933424942	0.4184232975079433	0.45719056332036256	27462	0.0957435859500615	0.0957435859500615	0
0.9951171875	1993720	0.4206833546748298	0.4281384873930827	0.41186908274832934	30188	0.09210692581601741	0.09210692581601741	0
0.9927978515625	1553584	0.3551232379208462	0.3651249711467184	0.4131655959660134	29824	0.10761649286485497	0.10761649286485497	0
0.970703125	1290220	0.381664152205816	0.38981973453599655	0.39095000395094504	28626	0.10217607093552582	0.10217607093552582	0
0.9404296875	1399400	0.32858010626093376	0.3381792326308933	0.4148180830273735	28844	0.0684309756298293	0.0684309756298293	0
0.910888671875	2367102	0.4036180998785049	0.40916282331835024	0.4535076114504127	28794	0.08234805214308562	0.08234805214308562	0
0.9478759765625	1301436	0.39124149807063674	0.4024343427868731	0.389182218347417	27722	0.10201715456732223	0.10201715456732223	0
0.9930419921875	823016	0.382505563080942	0.39165170168063357	0.3472169187738714	28868	0.10642293884916398	0.10642293884916398	0
0.998291015625	1454962	0.3849475286346038	0.3933751602801927	0.385489293070217	29218	0.08705556161192866	0.08705556161192866	0
0.955322265625	2901102	0.3609849599059733	0.36537245713675254	0.4440620450547412	29278	0.06365842309897624	0.06365842309897624	0
0.9969482421875	2314462	0.4111618240718553	0.4205261882500406	0.40151934773794834	29758	0.057800050932838694	0.057800050932838694	0
0.9931640625	1248524	0.38013711509157194	0.38997048701112913	0.3878851580427099	29630	0.09340883936154291	0.09340883936154291	0
0.9478759765625	3187950	0.4260225968658546	0.4336677834385636	0.44006656967999386	29470	0.09271415100372792	0.09271415100372792	0
0.9478759765625	1185042	0.31016863461013944	0.3156665375396726	0.39346307501009653	27528	0.0876552408809821	0.0876552408809821	0
0.9329833984375	2137118	0.37295453374951343	0.3763616748879777	0.4116664771101326	28458	0.08817449056877946	0.08817449056877946	0
0.955322265625	1612626	0.40455785524982996	0.4144842776558261	0.40617984846696226	28756	0.10484932524135125	0.10484932524135125	0
0.9404296875	1481500	0.3454525076352224	0.3499770518946794	0.3993766724164843	28434	0.09887306859064061	0.09887306859064061	0
0.999267578125	1361950	0.36793732512192195	0.37497510954505753	0.3851133106487334	29502	0.06982682387196318	0.06982682387196318	0
0.9332275390625	1423724	0.3389287012627347	0.3434958435625004	0.3905214934510848	26874	0.07607535011644391	0.07607535011644391	0
0.97021484375	2181290	0.41499745636649066	0.4206834155714598	0.4228441040147501	29646	0.09699448710478299	0.09699448710478299	0
0.9478759765625	3132272	0.4134505880305011	0.41768299131119885	0.43840722504158935	28858	0.07537610887151609	0.07537610887151609	0
0.999267578125	1545292	0.3572558669881471	0.3656455259862666	0.3898903381304968	29224	0.06526139800690163	0.06526139800690163	0
0.97021484375	2072718	0.3563535567284002	0.3677071512212027	0.42559884367659406	28952	0.08660023114366844	0.08660023114366844	0
0.993896484375	1343114	0.3410388278015554	0.3517798197118887	0.386368189980329	29674	0.05451347000109271	0.05451347000109271	0
0.9404296875	1154382	0.33921111134354986	0.3489468512852743	0.396100449910993	28524	0.10645945379679357	0.10645945379679357	0
0.998779296875	2013844	0.4118190454496297	0.4177562521039402	0.40507072968914204	29914	0.09704868698672546	0.09704868698672546	0
0.9329833984375	1279018	0.34200431906865775	0.350847466214887	0.4142768194474584	28630	0.08873558575994256	0.08873558575994256	0
0.999267578125	1481976	0.3988572127123697	0.40405022503676613	0.37903408311610964	28996	0.08331810359285721	0.08331810359285721	0
0.9891357421875	1286366	0.3896279101704807	0.3995872680883978	0.37089226407482373	28772	0.10221167791835896	0.10221167791835896	0
0.9478759765625	895798	0.32350007208267034	0.33671557857353834	0.3600902502687713	27660	0.08647620032916042	0.08647620032916042	0
0.9478759765625	857680	0.32682187838961824	0.339044179462568	0.3596454946446121	28034	0.060736052926765705	0.060736052926765705	0
0.9984130859375	2311598	0.3630703181422065	0.3690118149981503	0.43298812581069357	28942	0.08177317508219319	0.08177317508219319	0
