Utilization	Connections(A2A)	Lvl1TraffRatio(A2A)	Lvl1TraffRatioNoIndirect(A2A)	RatioIndirect(A2A)	Connections(AR)	Lvl1TraffRatio(AR)	Lvl1TraffRatioNoIndirect(AR)	RatioIndirect(AR)
0.8758758758758759	166854	0.5384386019642599	0.5370652306572864	0.44645867416426216	6556	0.1927398906470568	0.1927398906470568	0
0.7942942942942943	202524	0.42516275721597535	0.4227531992393354	0.44689512074927334	6084	0.18611091259000354	0.18611091259000354	0
0.8068068068068068	204848	0.4780026047911526	0.4774843297251109	0.45730298204072845	6150	0.17635424634296407	0.17635424634296407	0
0.8053053053053053	137184	0.48433361400417707	0.48101603123466646	0.444010629265933	6274	0.16946428724632862	0.16946428724632862	0
0.8118118118118118	145854	0.4413604640124572	0.4423786831860703	0.42814648109297	6146	0.16418805152912763	0.16418805152912763	0
0.8658658658658659	161336	0.4453956834106825	0.44578723185537655	0.4447676136699665	6620	0.16764897233890755	0.16764897233890755	0
0.7447447447447447	119632	0.4410167694233359	0.4407267675200483	0.4348132447917157	5712	0.1894124691971019	0.1894124691971019	0
0.7297297297297297	163430	0.5029941397207446	0.4996859861873128	0.4434499715104229	5602	0.17078714793737967	0.17078714793737967	0
0.8818818818818819	160390	0.3771129137145026	0.3786964926118622	0.4458995914576999	6686	0.1785845607262996	0.1785845607262996	0
0.7657657657657657	128948	0.4521906000576478	0.45055568928278306	0.4478122111089899	5700	0.1802604780941281	0.1802604780941281	0
0.7952952952952953	100034	0.3147326306142673	0.317892433161999	0.4314559890211005	5966	0.15886306944104556	0.15886306944104556	0
0.8498498498498499	250664	0.5126504065423787	0.513497432045011	0.4466603017693502	6370	0.19327955117605372	0.19327955117605372	0
0.7417417417417418	132466	0.4945030872577231	0.4962997221134412	0.4279205519726505	5580	0.16064488036194938	0.16064488036194938	0
0.8243243243243243	220382	0.4676027381110444	0.4694793795457325	0.4571171055164515	6386	0.1923364132339577	0.1923364132339577	0
0.8203203203203203	151396	0.42672743941671387	0.4234374095344093	0.4370608378953884	6182	0.18648632519064345	0.18648632519064345	0
0.8203203203203203	182874	0.3028505137993637	0.3090431510674042	0.45000816760598344	6198	0.13810952726117026	0.13810952726117026	0
0.7307307307307307	146600	0.5175294937553159	0.5195702999002002	0.44473129308603626	5514	0.16590937813325782	0.16590937813325782	0
0.7992992992992993	179458	0.48894098319382223	0.4874353555615098	0.45329179925610474	6162	0.16029867109612872	0.16029867109612872	0
0.7097097097097097	162034	0.3320379324173452	0.33127942203618166	0.44687299729952873	5310	0.1617787421270897	0.1617787421270897	0
0.7172172172172172	224952	0.4571882716314111	0.4572627522267599	0.45683371692195746	5496	0.1520304423927255	0.1520304423927255	0
0.9094094094094094	103098	0.25724340615453306	0.26403431284162066	0.4312012242884291	6802	0.12747377829252188	0.12747377829252188	0
0.8313313313313313	133032	0.3965602521137627	0.39880334811761853	0.4455146186728712	6236	0.15209347604366782	0.15209347604366782	0
0.8433433433433434	134582	0.3830111385852591	0.3858811377323414	0.43806433300614983	6246	0.16395403303645936	0.16395403303645936	0
0.8903903903903904	177806	0.484762873251408	0.4852947844665202	0.43913894507888845	6658	0.17026697390329437	0.17026697390329437	0
0.8958958958958959	137112	0.4257175201038037	0.4255828476039703	0.4376537127663049	6560	0.16191102518950504	0.16191102518950504	0
0.8773773773773774	156296	0.4416800729915106	0.4410763636897637	0.4456779804842408	6652	0.16705138284784124	0.16705138284784124	0
0.8533533533533534	121616	0.4704093808709585	0.47207307913202057	0.4164820442879678	6544	0.21293676061106703	0.21293676061106703	0
0.7632632632632632	199620	0.4857679037635932	0.4849569235321315	0.4518932256197758	5906	0.17542758454615373	0.17542758454615373	0
0.7537537537537538	114600	0.39967650446154546	0.3986936842067346	0.43964034674338665	5650	0.16416314658214365	0.16416314658214365	0
0.8343343343343343	146066	0.3362241357764862	0.33933292388235775	0.4271737874096048	6212	0.17366123894094923	0.17366123894094923	0
0.7502502502502503	278626	0.5524387021925019	0.5506392414997028	0.4574495778835516	5668	0.1479252795803723	0.1479252795803723	0
0.6911911911911912	107648	0.4725957759609218	0.47254883267690173	0.4355817681867847	5066	0.17028438224931655	0.17028438224931655	0
0.8793793793793794	151414	0.516452215194777	0.5146934772314926	0.4466838072207204	6582	0.17946471346060594	0.17946471346060594	0
0.8723723723723724	193774	0.4033987980489435	0.40558820512935334	0.4535773445956421	6598	0.18089168629699157	0.18089168629699157	0
0.8108108108108107	165610	0.4810699160029547	0.4797422066813087	0.4418724691230566	6262	0.17238158735203193	0.17238158735203193	0
0.7937937937937938	131284	0.46924375632594273	0.46940172915063083	0.43963704881422244	6078	0.18584799898943846	0.18584799898943846	0
0.8378378378378378	166572	0.45045795273967926	0.44932583064510195	0.43410665576976476	6350	0.174937746351632	0.174937746351632	0
0.8568568568568569	133468	0.49427611105776914	0.49538494697858165	0.43280973717574756	6348	0.1854225812333363	0.1854225812333363	0
0.6776776776776776	127970	0.43715330416402737	0.4351924848435591	0.4380020503937964	5072	0.16706459694389594	0.16706459694389594	0
0.6761761761761762	109606	0.35585650510681655	0.353628936948579	0.44310597154970327	5138	0.13719241784031	0.13719241784031	0
0.8733733733733734	140124	0.4302398075632636	0.4328192712320798	0.4429102177141257	6674	0.17902248078779384	0.17902248078779384	0
0.7452452452452453	101996	0.4646704907187821	0.46425774641815243	0.4346108388636523	5610	0.1668690126111685	0.1668690126111685	0
0.7942942942942943	124652	0.40504013597598737	0.4066127027212028	0.4417278082046307	6060	0.1795811739009043	0.1795811739009043	0
0.8138138138138138	192878	0.48249998004320016	0.48222440999407035	0.4274517385489059	6094	0.19772130967939788	0.19772130967939788	0
0.7472472472472472	138884	0.4358153829608739	0.4359592734454811	0.44035833936735563	5720	0.17685020660879294	0.17685020660879294	0
0.7962962962962963	194180	0.39062641928521036	0.3934302484391941	0.45164007415877566	6118	0.17255152595684087	0.17255152595684087	0
0.8448448448448449	132706	0.34847355925428525	0.35145480751281577	0.43971622960189566	6514	0.1946695634012623	0.1946695634012623	0
0.8193193193193193	107354	0.41348293310759254	0.4166252659391808	0.42461946606456574	6156	0.2159867813992539	0.2159867813992539	0
0.8303303303303303	292172	0.5446605796485607	0.5436447725676946	0.4319730243607529	6054	0.14572084899806245	0.14572084899806245	0
0.8128128128128128	101402	0.4263462369137048	0.4243724841016424	0.4365257995179783	6106	0.17678474751958884	0.17678474751958884	0
0.8178178178178178	112582	0.3636012731533483	0.36404216713059556	0.43504627128373374	6228	0.17584231752015195	0.17584231752015195	0
0.7902902902902903	106378	0.2791400448931566	0.2793052534429097	0.433514032167071	6012	0.1696055759180741	0.1696055759180741	0
0.7502502502502503	175984	0.38180025897602754	0.3814969374090016	0.4546303140920911	5850	0.1595519535785806	0.1595519535785806	0
0.8153153153153153	124510	0.31987165486696034	0.3238805221177334	0.4357049304814203	6126	0.18757644503251822	0.18757644503251822	0
0.8133133133133132	167364	0.41285362067108183	0.4104284864610251	0.43777197031138165	6180	0.19949368649985064	0.19949368649985064	0
0.8428428428428428	120856	0.37537081829865643	0.37870321131466456	0.4342794825610114	6352	0.19214993057608137	0.19214993057608137	0
0.7922922922922923	140258	0.43138207066295636	0.4305691647194783	0.4417888559014737	5928	0.16733947565010682	0.16733947565010682	0
0.8103103103103103	183726	0.4653715467695542	0.46524925230493597	0.4463915407395516	6198	0.15991955139179723	0.15991955139179723	0
0.8288288288288288	196918	0.4596995714269997	0.458723784777665	0.45191735081581247	6298	0.20929896640034626	0.20929896640034626	0
0.8593593593593594	161176	0.44276008920126625	0.4414622073371179	0.44463818500510627	6638	0.20550565741930027	0.20550565741930027	0
0.8093093093093093	101872	0.32569283678899613	0.33299253082484254	0.4171228864643814	6114	0.14593381537161487	0.14593381537161487	0
0.7967967967967968	104576	0.3647637170093346	0.3650393647755533	0.42254750616851305	5896	0.15477750256356876	0.15477750256356876	0
0.7557557557557557	118588	0.3629005369661686	0.36863069439791407	0.43889398899763266	5740	0.18282283541437622	0.18282283541437622	0
0.8763763763763763	175298	0.34748349357371566	0.35275889449066844	0.4506005223304499	6720	0.17308573357663617	0.17308573357663617	0
0.6571571571571572	94786	0.27921997577907426	0.2818009218472027	0.4393797622441249	4830	0.1595194387086785	0.1595194387086785	0
0.7827827827827828	137808	0.2628422303136202	0.2674114166438682	0.43005255381407026	5956	0.13853105815590128	0.13853105815590128	0
0.8143143143143143	101320	0.37056334870073276	0.3745751748238936	0.43379680163515094	6246	0.1745672759565717	0.1745672759565717	0
0.7672672672672672	114764	0.4528325533369863	0.4569408960365221	0.43814831448172487	5830	0.15985000255362236	0.15985000255362236	0
0.8168168168168168	170098	0.5016809853022886	0.49851007212731147	0.44885429908301133	6256	0.18360782327604497	0.18360782327604497	0
0.7912912912912913	133714	0.4426724086903858	0.4431769642930545	0.4370896953705541	5960	0.2010290659964734	0.2010290659964734	0
0.8498498498498499	224524	0.5508895196773675	0.5529168479616888	0.44597686772811596	6524	0.1888051518967274	0.1888051518967274	0
0.7992992992992993	150006	0.3856850418899725	0.38832267086060684	0.44126104492892254	6140	0.16195709283930287	0.16195709283930287	0
0.8063063063063063	112164	0.43260783451515206	0.4335801281098789	0.43652149058808837	6126	0.17873107230140453	0.17873107230140453	0
0.7912912912912913	191432	0.39907865470998993	0.4020449407807146	0.4526189814831167	6000	0.16972203077242082	0.16972203077242082	0
0.6481481481481481	96768	0.35691176448420775	0.35548514412079896	0.4402971616497509	4856	0.15767951197593524	0.15767951197593524	0
0.7352352352352353	264178	0.492699925285028	0.49503684154152366	0.4582173308591266	5602	0.17654594633974705	0.17654594633974705	0
0.8933933933933934	206850	0.49598007899686014	0.49660067227476634	0.44267694399571056	6766	0.1922528857363478	0.1922528857363478	0
0.8013013013013013	207520	0.34403168070634654	0.34522184733487143	0.4550342932599514	6160	0.17673602640279235	0.17673602640279235	0
0.8023023023023023	224490	0.44154194309473893	0.4414327177618593	0.450350627561199	6074	0.15862858828519366	0.15862858828519366	0
0.7672672672672672	126004	0.36189789584796234	0.3633503854690381	0.4434757501283506	5862	0.14882071130594732	0.14882071130594732	0
0.8233233233233234	119304	0.4178958295490095	0.41959033687409214	0.4123227377266305	6172	0.20625965689666192	0.20625965689666192	0
0.8493493493493494	195836	0.42879476974734004	0.4287513552637908	0.44523553334640703	6446	0.18374084136965674	0.18374084136965674	0
0.7857857857857857	109392	0.45410042950296364	0.4580398498211035	0.4281689189220684	5928	0.16101234069916745	0.16101234069916745	0
0.8413413413413413	162076	0.48374354828839666	0.48305300944355495	0.4521530088726508	6426	0.18495663635193926	0.18495663635193926	0
0.7902902902902903	150714	0.37196611846505645	0.3728416441475368	0.4507969119585915	6158	0.18322588425243855	0.18322588425243855	0
0.8278278278278278	125442	0.3290526637309656	0.331097943752903	0.4334027181144813	6228	0.16494456401754345	0.16494456401754345	0
0.7852852852852853	150698	0.464649624663479	0.4639613720906424	0.43837973871019226	6056	0.17605701922397085	0.17605701922397085	0
0.7132132132132132	157922	0.5058181280356395	0.5019278480712192	0.4377342423060529	5388	0.17897060929349573	0.17897060929349573	0
0.8078078078078078	214726	0.4125913636901832	0.4148066329555131	0.45629495223918365	6212	0.17702892466805986	0.17702892466805986	0
0.7782782782782782	148052	0.4686414685908777	0.46851848677115376	0.4430488001611607	6042	0.20767737114170692	0.20767737114170692	0
0.7327327327327327	213646	0.5305190301365657	0.530196277163795	0.4579817284329429	5738	0.1705910201340421	0.1705910201340421	0
0.8508508508508509	273478	0.5880769255980928	0.5872932859388942	0.4488420183557156	6358	0.17864480400621013	0.17864480400621013	0
0.7697697697697697	152182	0.4606671571347323	0.4600288141466036	0.44920699740779746	5980	0.2187973051508843	0.2187973051508843	0
0.91991991991992	86826	0.3744641150263851	0.3776679304415119	0.4178794400639556	6866	0.2160040079972128	0.2160040079972128	0
0.9054054054054054	266994	0.5259339311850293	0.5260857346339445	0.45467143189522563	6956	0.2094689765378505	0.2094689765378505	0
0.8258258258258259	153130	0.31612305246719585	0.3159256524569012	0.44940241300702666	6352	0.12233000587750478	0.12233000587750478	0
0.7252252252252251	111660	0.40410498869302236	0.4018009259361021	0.44104622029600343	5424	0.1544084498098107	0.1544084498098107	0
0.8578578578578578	114024	0.31251131563135354	0.3190060057443736	0.4372314065223654	6640	0.18233165073909433	0.18233165073909433	0
0.7282282282282282	157346	0.3781982431858095	0.37898316909744495	0.44898012855997643	5602	0.17876734515539153	0.17876734515539153	0
0.8438438438438438	188212	0.2930555875037578	0.29507470321249846	0.44802579652437896	6422	0.15707201877397756	0.15707201877397756	0
0.8443443443443444	122040	0.4371565403262465	0.43771938122875487	0.4348045921597863	6284	0.17167739411712477	0.17167739411712477	0
0.8343343343343343	183420	0.5040825321491134	0.5011824283969842	0.4474796573304376	6426	0.18426087399091445	0.18426087399091445	0
0.8193193193193193	136416	0.45951687181437695	0.4562280934122283	0.4414310366599829	6190	0.17097002592369462	0.17097002592369462	0
0.6976976976976976	94032	0.16076939441057794	0.1664807829101737	0.43274857452224685	5238	0.1414806837203328	0.1414806837203328	0
0.8628628628628628	199326	0.4285838724280088	0.4340494148761612	0.4497413007367265	6492	0.16671255936570994	0.16671255936570994	0
0.7332332332332332	110460	0.3710110674310301	0.3705661849890465	0.43724558286669973	5642	0.16193003794413646	0.16193003794413646	0
0.7157157157157157	100444	0.374144776502101	0.37566758542914963	0.4372363891872046	5448	0.19830829263948244	0.19830829263948244	0
0.7327327327327327	144824	0.49930690411964873	0.4959833953650175	0.4462543905111264	5606	0.15917295680297766	0.15917295680297766	0
0.7922922922922923	126512	0.39104014570999435	0.39277781920435884	0.4423607168448365	6028	0.1907530083392776	0.1907530083392776	0
0.8288288288288288	141624	0.38137152175454786	0.3891813674703051	0.4435593316156825	6162	0.18853636940621443	0.18853636940621443	0
0.7312312312312312	156234	0.36004693933934917	0.3591243289082574	0.4347354918557486	5464	0.14508701433704096	0.14508701433704096	0
0.7247247247247247	150420	0.36151586771482336	0.3635941493994888	0.4454285160280375	5494	0.12485181073752245	0.12485181073752245	0
0.6626626626626626	109384	0.3226138886626458	0.32624798825868684	0.44005322162708366	4884	0.14515823859601337	0.14515823859601337	0
0.8303303303303303	137710	0.38386610539223864	0.38566161393539583	0.44133918846131515	6198	0.17554008334935298	0.17554008334935298	0
0.7962962962962963	191396	0.3990925163883601	0.3989629428479532	0.45094288705053187	6098	0.16376792304855134	0.16376792304855134	0
0.8338338338338338	85588	0.45232130225730666	0.4521903164640386	0.4174567312118315	6274	0.20752421539645322	0.20752421539645322	0
0.8078078078078078	193346	0.38946851402987015	0.38728006338025345	0.44112003689677054	6258	0.18516132471595845	0.18516132471595845	0
0.7792792792792793	125196	0.45409530932715514	0.4542958328912107	0.4459976555938617	5884	0.1667521410236746	0.1667521410236746	0
0.8583583583583584	217906	0.38980992633249745	0.3914427106581772	0.44779505616978404	6606	0.17677275434784814	0.17677275434784814	0
0.8383383383383384	149308	0.5232070378530486	0.5221001330553353	0.43115070663545185	6268	0.20083175702182102	0.20083175702182102	0
0.7642642642642643	167002	0.5379918505698571	0.540339543713046	0.4470885432432122	5772	0.1585763660896965	0.1585763660896965	0
0.8018018018018018	224216	0.5233443386028414	0.5203082099917362	0.4345164382469908	5994	0.13203480127937756	0.13203480127937756	0
0.8508508508508509	236160	0.5611981732912865	0.5563833727317736	0.45881126721377813	6552	0.1942671880580436	0.1942671880580436	0
0.8263263263263263	192716	0.4511560477010916	0.4474202295019568	0.4439310265002186	6344	0.16978158748138175	0.16978158748138175	0
0.7617617617617618	175502	0.4733589267432516	0.4739732138037682	0.4473443976900297	5818	0.155695807092613	0.155695807092613	0
0.7522522522522522	159928	0.3696250699831344	0.3704605209289164	0.4507083744286331	5802	0.18316266238614695	0.18316266238614695	0
0.7112112112112112	93536	0.30808580949580155	0.31190914709637146	0.43367642463367057	5320	0.14651024102751578	0.14651024102751578	0
0.8648648648648649	159230	0.4514433573160039	0.4538875794648265	0.437957589403335	6482	0.17287959818333754	0.17287959818333754	0
0.8468468468468469	95274	0.3287769154041135	0.3349438913443204	0.417164451280434	6314	0.17802852806195144	0.17802852806195144	0
0.7357357357357357	188110	0.3883587654058724	0.3904358510055098	0.4547751433111899	5654	0.16905566397561214	0.16905566397561214	0
0.8013013013013013	113426	0.4637654791246386	0.4635936707109673	0.43279745478183534	6132	0.20440431546549856	0.20440431546549856	0
0.8338338338338338	242632	0.5211115742016621	0.5201816824607232	0.4460501446203595	6304	0.17587923608319	0.17587923608319	0
0.7257257257257257	195072	0.375263927493655	0.37849407524416395	0.4586132352393068	5562	0.16297550132053235	0.16297550132053235	0
0.8668668668668669	110862	0.4014104821007131	0.4107754328616142	0.4310866081992522	6428	0.20141585868756748	0.20141585868756748	0
0.7857857857857857	150206	0.500307219392065	0.4987766423734584	0.447641528010626	5976	0.19403282391249396	0.19403282391249396	0
0.9184184184184184	250370	0.44331199882518535	0.44423476304373094	0.4538156827293151	6874	0.16678880262172072	0.16678880262172072	0
0.9064064064064064	143588	0.33449975732908405	0.3410253384269463	0.4359734795572236	6896	0.18000261545646037	0.18000261545646037	0
0.7677677677677678	129320	0.32295696004103314	0.32423824360293624	0.4261050929559948	5754	0.15326649565776143	0.15326649565776143	0
0.8968968968968969	158628	0.47336575333585557	0.47250920689937587	0.43840655603414197	6758	0.189433417340045	0.189433417340045	0
0.7482482482482482	175994	0.45929733070466006	0.4618136457705743	0.44410078442390066	5564	0.18658436685073718	0.18658436685073718	0
0.7717717717717718	153210	0.4058192780062022	0.40098902540500897	0.4480840825762835	5910	0.17639949673782945	0.17639949673782945	0
0.8513513513513513	136044	0.47876026454867904	0.4772631485244913	0.43732442216512696	6348	0.18451112939232628	0.18451112939232628	0
0.7777777777777778	152060	0.39349652679757413	0.39440987576948006	0.4523326958376818	6004	0.15351846791086002	0.15351846791086002	0
0.7452452452452453	172492	0.42914351463766054	0.4320861592480824	0.4434607220333991	5552	0.19573272169771505	0.19573272169771505	0
0.8703703703703703	246636	0.4765235183397299	0.4773774682166619	0.44958065219558746	6574	0.17924109255994147	0.17924109255994147	0
0.8578578578578578	141890	0.37679387532240366	0.3811194437028562	0.4380780558407545	6550	0.17969287724620867	0.17969287724620867	0
0.7592592592592593	175228	0.5106489612381839	0.5067477158908325	0.44726860135568014	5874	0.17987541145969166	0.17987541145969166	0
0.6111111111111112	198232	0.46829829377429666	0.4673095465256064	0.4518513338901223	4670	0.12263860063879432	0.12263860063879432	0
0.8208208208208209	101614	0.33812408931462223	0.33614083187022653	0.43946322527455445	6298	0.15560154093290493	0.15560154093290493	0
0.7747747747747747	138734	0.39025544859886	0.3895015756691809	0.43958050506761154	5790	0.15063232946730062	0.15063232946730062	0
0.8268268268268268	268294	0.4069875807081929	0.40921763718559223	0.4505887592331714	6210	0.15560857273187287	0.15560857273187287	0
0.8718718718718719	160614	0.48539044819780947	0.4855319591513889	0.44767858961474843	6698	0.18691309422606844	0.18691309422606844	0
0.7482482482482482	106848	0.4365285196383323	0.4386148109870204	0.43731554122084626	5560	0.1796565494483917	0.1796565494483917	0
0.6926926926926926	84490	0.37663420821478627	0.3781185598058169	0.42584070116751377	5262	0.21588362541732822	0.21588362541732822	0
0.8013013013013013	202546	0.5043314670549739	0.5027984923906692	0.4372927717676962	5928	0.15574450253265965	0.15574450253265965	0
0.7507507507507507	173356	0.44171663086202295	0.44148640844266757	0.4476343891121424	5738	0.18333183746871626	0.18333183746871626	0
0.8163163163163163	161956	0.4108588304286767	0.4100882969576271	0.44688955592084173	6234	0.19112050251871213	0.19112050251871213	0
0.7762762762762763	139292	0.4179472061933815	0.41901846949416366	0.44745148339577495	5850	0.16640463581031692	0.16640463581031692	0
0.7047047047047047	191812	0.5572448912626312	0.5561377398120694	0.45784920963898873	5432	0.1472698669284014	0.1472698669284014	0
0.7557557557557557	282728	0.5318333473008058	0.5303427958158984	0.45967028217554534	5828	0.15499071939062653	0.15499071939062653	0
0.8908908908908909	116818	0.3154597381123193	0.32324467623522984	0.43655201093039914	6734	0.1729005757401974	0.1729005757401974	0
0.7447447447447447	88744	0.33985553541801433	0.3410957165922795	0.4325401793864376	5606	0.17695508633742515	0.17695508633742515	0
0.7847847847847848	152210	0.42262859178446666	0.4225105677521038	0.4395689257087942	5838	0.1650780782661986	0.1650780782661986	0
0.7977977977977978	125472	0.4218078671078922	0.42041674358990955	0.4370033400541335	5968	0.21310264869303627	0.21310264869303627	0
0.7717717717717718	162568	0.4308331614139282	0.43291706506359134	0.4325630640603077	5724	0.1660842125804709	0.1660842125804709	0
0.8668668668668669	303368	0.48542713149014816	0.48618571110480074	0.44466701167413475	6646	0.15925549776208622	0.15925549776208622	0
0.7402402402402403	166880	0.4349466863650242	0.43797980977923545	0.43700778012920877	5626	0.20975657468076267	0.20975657468076267	0
0.7267267267267268	123336	0.38025998505647757	0.3831030834867015	0.4362900748707299	5582	0.19577239885808131	0.19577239885808131	0
0.8578578578578578	212272	0.5417627616978178	0.5418900688783534	0.4514648864968942	6486	0.18939117973509662	0.18939117973509662	0
0.8053053053053053	118016	0.31570090491247704	0.3204634217671338	0.44307562415378476	6276	0.15679951356267133	0.15679951356267133	0
0.8413413413413413	210676	0.5463234316484802	0.5445920576790451	0.45388595176948593	6374	0.2031254797643656	0.2031254797643656	0
0.8373373373373374	159700	0.46693177728492036	0.47072020771859896	0.4427678969585209	6378	0.21854564163354373	0.21854564163354373	0
0.8433433433433434	334152	0.603516540906033	0.6008275199643961	0.4631690227083223	6474	0.17666624372175646	0.17666624372175646	0
0.8278278278278278	118064	0.38314919730406805	0.3864260810270459	0.4333145486100842	6222	0.19575431259494203	0.19575431259494203	0
0.8748748748748749	181062	0.4418975090110633	0.44086795777766624	0.4473688959921651	6656	0.1825433890848242	0.1825433890848242	0
0.8128128128128128	169672	0.5089987231392535	0.5099531258458064	0.4490591197049936	6142	0.1814090703889278	0.1814090703889278	0
0.9124124124124124	133674	0.4017353528228757	0.41071841133998427	0.4334943018637391	6936	0.1894711257774916	0.1894711257774916	0
0.8408408408408409	140794	0.3063773876145331	0.31193561121737273	0.444379624508303	6580	0.161877466695024	0.161877466695024	0
0.8913913913913913	160056	0.43203819049775427	0.43107575179270013	0.4403704231348524	6790	0.19658396774080145	0.19658396774080145	0
0.6746746746746747	237070	0.5410461841469559	0.5402778415958533	0.456630959834484	5204	0.12490764864037845	0.12490764864037845	0
0.5945945945945945	119076	0.2569858809688373	0.26307674045653395	0.45203001170880325	4438	0.1003230020075156	0.1003230020075156	0
0.8523523523523524	150466	0.37218736324402923	0.3740852651702071	0.4389232041915286	6578	0.2024173426853193	0.2024173426853193	0
0.7632632632632632	160640	0.4888271112227749	0.4896549875374514	0.44798139079101557	5816	0.20084391870194854	0.20084391870194854	0
0.8473473473473474	200762	0.4878974396993183	0.4893501802448833	0.44543927388801713	6386	0.20712015346274626	0.20712015346274626	0
0.8078078078078078	185212	0.5148690788364255	0.5119863718823903	0.44850728518303323	6056	0.1426464054404036	0.1426464054404036	0
0.8513513513513513	166304	0.38390456981277277	0.38746761552918485	0.44176663308783587	6540	0.16495325660484672	0.16495325660484672	0
0.7727727727727728	152322	0.4440878249418219	0.4439064741447345	0.44614156706433256	5928	0.18057908321699218	0.18057908321699218	0
0.9214214214214214	214562	0.4382398531047742	0.4386117701045263	0.4567141292278764	7100	0.20458735224373545	0.20458735224373545	0
0.8678678678678678	218318	0.45490666739302577	0.4528189194880377	0.45089264521177214	6624	0.19346232392703314	0.19346232392703314	0
0.7762762762762763	166702	0.41839423369503614	0.41733008173552527	0.4376344594453196	5742	0.14955282671736062	0.14955282671736062	0
0.8098098098098099	122620	0.4248637405882274	0.4268918334117935	0.43863243974041133	6182	0.17992956200656468	0.17992956200656468	0
0.7987987987987988	213094	0.40508846992834363	0.4072251080325373	0.45231245286029215	5982	0.17329073644353785	0.17329073644353785	0
0.7432432432432432	214060	0.494186368428003	0.4935249242101712	0.4580435370120502	5700	0.15212539284482002	0.15212539284482002	0
0.8078078078078078	113468	0.401407095450901	0.4044108320169216	0.43085469524069436	5996	0.1735050406986013	0.1735050406986013	0
0.6456456456456456	80404	0.34088475604978036	0.34416868914212817	0.42363463520797623	4818	0.1544126266005391	0.1544126266005391	0
0.8413413413413413	161316	0.4648229640876747	0.4631483350802935	0.446705877680219	6414	0.16840389900166142	0.16840389900166142	0
0.7437437437437437	178188	0.49591418857008845	0.49529657332221605	0.4449060927369124	5568	0.18964635391983756	0.18964635391983756	0
0.8883883883883884	213586	0.3687587986657746	0.37228270442224054	0.45139772872982137	6672	0.18889951439074634	0.18889951439074634	0
0.8138138138138138	111928	0.4148722817646121	0.4152207211227057	0.440411816487114	6062	0.20084632871137895	0.20084632871137895	0
0.8278278278278278	173346	0.3457726692420724	0.3500054829165678	0.4409307906096995	6282	0.1330751977846664	0.1330751977846664	0
0.7272272272272272	164930	0.42554039893200796	0.42175456499902125	0.4509676596023107	5492	0.16356010042231114	0.16356010042231114	0
0.7667667667667668	107464	0.4931888434777619	0.4920556637172067	0.4395258984537848	5872	0.19325441160313792	0.19325441160313792	0
0.8628628628628628	149060	0.4895997081394118	0.4919931920022312	0.44314449370191306	6532	0.16905302579388143	0.16905302579388143	0
0.7962962962962963	171592	0.5320001061470125	0.5318246459907132	0.45158441804588095	6118	0.1853294301098656	0.1853294301098656	0
0.8258258258258259	152420	0.4203282845782651	0.4212212023947594	0.4475762663006419	6368	0.18687991706581003	0.18687991706581003	0
0.7737737737737738	133788	0.269788205153908	0.27009584280574406	0.4472651719331313	5990	0.16495346490951523	0.16495346490951523	0
0.7667667667667668	124280	0.3495466224571364	0.35035041627264474	0.441095372091407	5726	0.17008492386444113	0.17008492386444113	0
0.7557557557557557	149194	0.3324180682587673	0.3353199275117565	0.4444309870924627	5718	0.1596635767565401	0.1596635767565401	0
0.535035035035035	106074	0.30044080364132825	0.3026041399699499	0.45176640674555285	4030	0.1540304864631683	0.1540304864631683	0
0.7167167167167168	162474	0.37476972774192735	0.38102438234438085	0.43331209701528417	5408	0.17690904265439403	0.17690904265439403	0
0.8578578578578578	129738	0.3465153923416122	0.34929677953467353	0.4374980155226728	6410	0.1516306355740846	0.1516306355740846	0
0.8818818818818819	178338	0.4113002872994746	0.41543740903688064	0.4458659285376542	6630	0.18297878714797589	0.18297878714797589	0
0.7112112112112112	113608	0.4285177347207067	0.42879249809796965	0.44648623965499273	5454	0.1644518207827863	0.1644518207827863	0
0.8638638638638638	125102	0.39234468827294544	0.39521747086297243	0.43988018301462345	6470	0.18244169860241513	0.18244169860241513	0
0.8013013013013013	159050	0.46234358243104523	0.46419849868242447	0.44106881751143995	6046	0.15857330417586457	0.15857330417586457	0
0.7857857857857857	186112	0.47474534912325056	0.47569878389758175	0.4489789123681363	6044	0.18892879184918066	0.18892879184918066	0
0.8233233233233234	115772	0.4135623595394797	0.41532494450263163	0.4428503360839473	6228	0.1863358171266339	0.1863358171266339	0
0.8378378378378378	198682	0.5892431280924975	0.5870148643796118	0.4525644552491548	6296	0.22304797597646142	0.22304797597646142	0
0.8708708708708709	138318	0.4040965842807772	0.4058025188406567	0.4445295042214752	6680	0.18971834420227215	0.18971834420227215	0
0.6566566566566567	130232	0.2500362453676894	0.2517380098187507	0.444686745789497	4998	0.1202268954910003	0.1202268954910003	0
0.7377377377377378	147224	0.4840598132915703	0.4831072502476282	0.447217532553908	5638	0.17162488175658358	0.17162488175658358	0
0.8698698698698699	187044	0.3259637524299545	0.32908376375577114	0.4493898755093271	6646	0.186919821758683	0.186919821758683	0
0.8243243243243243	179444	0.38349369720159654	0.3859015248291865	0.4474365299937495	6338	0.16669570218506932	0.16669570218506932	0
0.7897897897897898	163378	0.3693055580857101	0.3681435826923769	0.44557751635057086	6100	0.14299735813147513	0.14299735813147513	0
0.7532532532532532	160498	0.4044830176216234	0.40874513548833835	0.45062898447441196	5738	0.16351505402961755	0.16351505402961755	0
0.8633633633633634	155884	0.38033860300638234	0.3840522368758427	0.444256585004962	6652	0.2009260674616882	0.2009260674616882	0
0.7952952952952953	123946	0.3590122420790559	0.36676424643178596	0.4419205216636186	5930	0.16175747079513034	0.16175747079513034	0
0.8423423423423424	103630	0.3071915132561173	0.31369907293197646	0.4238499656033157	6272	0.17201984831574493	0.17201984831574493	0
0.8018018018018018	175568	0.45334273944018955	0.4551549275500047	0.44967313476005044	5982	0.17991951845980172	0.17991951845980172	0
0.7117117117117118	115990	0.2844752933738274	0.28737768278117215	0.4304170315446081	5316	0.14002608246007484	0.14002608246007484	0
0.8518518518518519	148902	0.44686108004624514	0.44761294558192183	0.43808881519303955	6298	0.1997611697912246	0.1997611697912246	0
0.7552552552552553	127202	0.3803294032817921	0.3793345383357251	0.4208166394120874	5690	0.189958952291701	0.189958952291701	0
0.8288288288288288	118500	0.39823247029290954	0.39913622599523	0.4329465287430385	6350	0.19984081500260195	0.19984081500260195	0
0.8118118118118118	226152	0.44022489922030816	0.443573172730147	0.45193126196692496	6122	0.155126288033301	0.155126288033301	0
0.7577577577577578	125376	0.42793979363390444	0.4293447396031327	0.4470311896463011	5636	0.18152818324930978	0.18152818324930978	0
0.7167167167167168	115350	0.2586159491795799	0.26837101840252653	0.42057235703351364	5290	0.16396667261912332	0.16396667261912332	0
0.8558558558558559	183406	0.48041249026658955	0.4807868793133146	0.44889205931763065	6642	0.19141475706777128	0.19141475706777128	0
0.8298298298298299	237996	0.5298506562093822	0.5265990585542741	0.4438018389936662	6200	0.2096288449841555	0.2096288449841555	0
0.8013013013013013	158192	0.4676549958318823	0.4641104512668753	0.4518290079544594	6122	0.19257772643429558	0.19257772643429558	0
0.8308308308308309	245982	0.4388102376279183	0.44384931477579026	0.4452501417299806	6240	0.1595451688655213	0.1595451688655213	0
0.8188188188188188	198888	0.5652854670052732	0.560235848284893	0.44990111143200817	6182	0.17632705570012414	0.17632705570012414	0
0.8683683683683684	148686	0.3203154342931793	0.326746312349253	0.43967485844345094	6450	0.16815123719776476	0.16815123719776476	0
0.8483483483483484	181472	0.5128011494543566	0.5124740449387893	0.4528355701743699	6540	0.1885738819584285	0.1885738819584285	0
0.8608608608608609	111594	0.4081054241334245	0.4157791318531586	0.43701993231442676	6322	0.15835136860615562	0.15835136860615562	0
0.7562562562562563	256130	0.5430016454220399	0.5394103413752482	0.444654971644115	5672	0.17703642225001537	0.17703642225001537	0
0.7752752752752753	159840	0.5199682554355874	0.5168870035515404	0.442888801431143	5766	0.1683395195961222	0.1683395195961222	0
0.7887887887887888	143618	0.4403817594000456	0.44106998079804927	0.44945246133371247	6070	0.1927713037847297	0.1927713037847297	0
0.7567567567567568	87424	0.3172035599631002	0.3138467350769624	0.43483245242377594	5720	0.15430339227577378	0.15430339227577378	0
0.8653653653653653	141168	0.42859796386224186	0.4355572323323426	0.4294162762815353	6420	0.18366480837996774	0.18366480837996774	0
0.7012012012012012	113166	0.27518470304887666	0.2783911917337957	0.44031805042838906	5292	0.17801874553219318	0.17801874553219318	0
0.7667667667667668	161450	0.5474382264233315	0.5483784376128513	0.4389654660976671	5944	0.1884510715793683	0.1884510715793683	0
0.8093093093093093	111614	0.44731145698673636	0.44877657316081804	0.43095527365184466	6034	0.1972957891334451	0.1972957891334451	0
0.8413413413413413	180208	0.40912711971449156	0.4082735513499128	0.44952174309772847	6434	0.18266251177194623	0.18266251177194623	0
0.7422422422422422	152094	0.2172876725927589	0.22291287251314	0.44563909184032213	5770	0.15588611058165364	0.15588611058165364	0
0.7762762762762763	122054	0.4105006238628032	0.40794852486947614	0.4371043759887863	5960	0.16278514899219593	0.16278514899219593	0
0.8783783783783784	103756	0.33699886797321926	0.3382377617579304	0.435676910834815	6682	0.15484238119947996	0.15484238119947996	0
0.8243243243243243	123126	0.3213053345191234	0.32199953166466583	0.4372464132927239	6272	0.15180385656666656	0.15180385656666656	0
0.7632632632632632	120818	0.4498049151492177	0.45285826279075053	0.4383936083399856	5748	0.1813850160729994	0.1813850160729994	0
0.8093093093093093	183306	0.5475488061444252	0.5486818323805305	0.4539919918676046	6212	0.20319171543303832	0.20319171543303832	0
0.7892892892892893	147916	0.42484408320604394	0.42461117846196283	0.41010746277824844	5760	0.1631255988793262	0.1631255988793262	0
0.8083083083083082	152760	0.45811615235419756	0.4640182412418562	0.4331078799712577	6144	0.18199354306272453	0.18199354306272453	0
0.8233233233233234	115170	0.439286329605071	0.4394350956247783	0.44125649070211176	6104	0.17241860558788263	0.17241860558788263	0
0.8078078078078078	233614	0.5110180376004876	0.5126615574373117	0.4305452740325157	6138	0.16429869657540508	0.16429869657540508	0
0.7002002002002001	194942	0.4458483311627036	0.44542218050883964	0.4506726345909812	5428	0.16656237600776158	0.16656237600776158	0
0.8373373373373374	169104	0.44880729421819526	0.44907029018550704	0.44776710997105656	6442	0.16452247608197354	0.16452247608197354	0
0.6431431431431431	150286	0.32721789204244556	0.32988936862016394	0.4537881536923796	4912	0.16160563365118813	0.16160563365118813	0
0.7982982982982982	178094	0.48156240494648667	0.48174778000591534	0.44231189982027846	5928	0.19824820093511467	0.19824820093511467	0
0.8178178178178178	212200	0.5278291748672996	0.5226031431613629	0.4495142307228255	6168	0.18884307621076918	0.18884307621076918	0
0.7302302302302301	118554	0.33914220037184484	0.3406583605094824	0.43456280451909385	5450	0.20307237932135003	0.20307237932135003	0
0.7707707707707707	111826	0.4459699786997566	0.4503442512904246	0.44133002483967476	5988	0.17492087449146776	0.17492087449146776	0
0.7687687687687688	162710	0.24593928590630343	0.24863536576464362	0.4459070817709591	5924	0.15189439939939686	0.15189439939939686	0
0.8583583583583584	196596	0.33056459680259315	0.3290221991185534	0.4470844598208495	6650	0.17794607957028377	0.17794607957028377	0
0.8623623623623624	263864	0.5111348849152434	0.5109684603370767	0.44919768657394704	6644	0.21043578562109444	0.21043578562109444	0
0.8283283283283284	333354	0.5063005345474995	0.5061774505086117	0.45803436291387706	6382	0.19252926476344825	0.19252926476344825	0
0.7967967967967968	201696	0.43898773053360457	0.435232816237208	0.4346761551497537	6172	0.16944990237656893	0.16944990237656893	0
0.8348348348348349	193982	0.343997371289802	0.3476594921261632	0.44480027358776825	6338	0.1642566531196658	0.1642566531196658	0
0.7602602602602603	170648	0.2950287090375761	0.29514249843643336	0.4484477150459964	5852	0.13645284013766198	0.13645284013766198	0
0.8193193193193193	315696	0.47073073448422137	0.47425613547720263	0.45755646824896007	6260	0.19682116751659218	0.19682116751659218	0
0.6756756756756757	133630	0.3877526662264445	0.387718199520903	0.4484597478633279	5244	0.1918157083811263	0.1918157083811263	0
0.8073073073073074	194490	0.44117155025415833	0.4449136620763006	0.4404128049580888	6074	0.1578987548463842	0.1578987548463842	0
0.8128128128128128	151102	0.37607109048038334	0.3832901208119468	0.4428803330023039	6232	0.18374010392330334	0.18374010392330334	0
0.8413413413413413	164214	0.5027318424258318	0.4999065748457023	0.44708974060457946	6498	0.18866873715052188	0.18866873715052188	0
0.8553553553553553	126900	0.5183403687782842	0.5148852738065025	0.43230513892857503	6324	0.19394852303334095	0.19394852303334095	0
0.7867867867867868	149402	0.42730997588892494	0.42708318821392427	0.45031716293749907	6008	0.15327348323587295	0.15327348323587295	0
0.8363363363363363	177696	0.4344491220394992	0.4351850742324477	0.4460721386214554	6294	0.17735542716571254	0.17735542716571254	0
0.8388388388388388	164118	0.5317578498118102	0.5304494159258984	0.44599918665079236	6300	0.1679314505784236	0.1679314505784236	0
0.8483483483483484	193646	0.4322749306509108	0.4307280669737604	0.45293004998518954	6500	0.17215141719761923	0.17215141719761923	0
0.8193193193193193	196656	0.49778420763560655	0.49819551481322066	0.44620651619664026	6226	0.1516591087023204	0.1516591087023204	0
0.8993993993993994	146196	0.35883351678862857	0.3615379248974628	0.44343466395504155	6818	0.18299976352511324	0.18299976352511324	0
0.8553553553553553	209808	0.43677617723067125	0.43529265294860486	0.445818729689597	6536	0.19276863656791154	0.19276863656791154	0
0.7462462462462462	132684	0.37372150893189154	0.37450265339836647	0.4360113713239506	5768	0.16771953112680651	0.16771953112680651	0
0.8953953953953954	188858	0.45600078949748524	0.4571092741075337	0.4517637430093587	6856	0.2051063901445259	0.2051063901445259	0
0.7577577577577578	160238	0.32954848016045135	0.33208924585346095	0.4487176937732436	5900	0.1680075124650555	0.1680075124650555	0
0.8458458458458459	171916	0.3980975694836762	0.4027038988451596	0.44486095792283176	6366	0.1441083058504313	0.1441083058504313	0
0.8333333333333334	186098	0.420332242063618	0.421948951733337	0.4442847019742726	6204	0.1766971593459411	0.1766971593459411	0
0.8033033033033032	176176	0.4889716085220827	0.48785489800174664	0.45255649937626213	6244	0.2110618870078118	0.2110618870078118	0
0.8248248248248249	200310	0.4571807468922038	0.4590776165562828	0.45204815356299294	6252	0.17568857622079026	0.17568857622079026	0
0.8313313313313313	158346	0.39547340456517915	0.3969706124844543	0.4464743168245304	6312	0.1692989003432341	0.1692989003432341	0
0.7202202202202201	97544	0.4464438175200642	0.44533087035008406	0.4375621023333798	5522	0.17154590157659214	0.17154590157659214	0
0.8283283283283284	146126	0.3005946531744963	0.29924922373223434	0.4159879779441685	6266	0.17294910428442492	0.17294910428442492	0
0.8083083083083082	186922	0.351168386925415	0.3513174008373923	0.4548306268605182	6200	0.19741827885791072	0.19741827885791072	0
0.8258258258258259	164668	0.3509673218079207	0.35238572374125365	0.4521199939414719	6184	0.15913520932772257	0.15913520932772257	0
0.7507507507507507	143524	0.4767476438580158	0.4770739803022619	0.42866818080053437	5548	0.14213557896936613	0.14213557896936613	0
0.7747747747747747	132056	0.3311605880862494	0.3347500146875172	0.44775053105932194	5850	0.16778361310141965	0.16778361310141965	0
0.7927927927927928	245476	0.4975997496200021	0.4998810796382715	0.45605126408736507	5964	0.18406320273202229	0.18406320273202229	0
0.6946946946946947	116210	0.3650586749631083	0.36499527526638903	0.4445293295788997	5352	0.16347414248775527	0.16347414248775527	0
0.8848848848848849	184054	0.42031964600726485	0.42140414246968755	0.44156940420543106	6680	0.19562996204366687	0.19562996204366687	0
0.7782782782782782	204360	0.397875654087951	0.3972054129747081	0.45497397390449246	5894	0.14419160555773394	0.14419160555773394	0
0.8483483483483484	141458	0.39516387712223233	0.39738542524836934	0.42545302411893404	6290	0.19614082906138125	0.19614082906138125	0
0.8408408408408409	187506	0.43357603811438233	0.4332939644050371	0.440841848392359	6404	0.2049262511187193	0.2049262511187193	0
0.8628628628628628	129996	0.331412019610573	0.3342673233156093	0.4404548735735538	6450	0.13517806705923507	0.13517806705923507	0
0.8238238238238238	175432	0.4413524551781094	0.4414568484027143	0.45215618826182874	6322	0.15078796344740886	0.15078796344740886	0
0.7037037037037037	116632	0.37115674941588567	0.36973162967767614	0.4479775326357394	5282	0.16631446936529443	0.16631446936529443	0
0.7742742742742743	147042	0.41280929151080015	0.4096731592421437	0.4404663546111887	5982	0.18779230008892578	0.18779230008892578	0
0.8308308308308309	165818	0.4947044750436043	0.49434189094038045	0.4403915211441374	6352	0.1886852430175385	0.1886852430175385	0
0.8353353353353353	196806	0.4216402592375043	0.42097223901759906	0.4479833175648586	6420	0.188171353703371	0.188171353703371	0
0.7942942942942943	131418	0.4713956092984575	0.46837960407488843	0.4430607752360794	5998	0.18369250952770347	0.18369250952770347	0
0.8688688688688688	346956	0.5922903160113498	0.5927049779699045	0.45808031639225616	6650	0.18170141024507028	0.18170141024507028	0
0.8208208208208209	137066	0.31753976055137334	0.3188452081301112	0.4412636065538818	6228	0.16030137035762018	0.16030137035762018	0
0.8458458458458459	184728	0.34733656826599774	0.3483725883804112	0.45438753947702487	6516	0.1533500422882797	0.1533500422882797	0
0.8123123123123124	129080	0.5058979673869362	0.5023175204912127	0.4392578595261018	6166	0.18915540573647796	0.18915540573647796	0
0.8558558558558559	138742	0.48522772949130166	0.48670719208372276	0.4409473408929216	6308	0.18344334010083352	0.18344334010083352	0
0.8718718718718719	248572	0.5034856947309776	0.49919786989271103	0.444538068394041	6734	0.17033302494428368	0.17033302494428368	0
0.8213213213213213	172386	0.2975058959629737	0.30181081109444996	0.4478220363487207	6306	0.16715720900271586	0.16715720900271586	0
0.7837837837837838	206428	0.4536969297912547	0.4554468772528432	0.4538768491983481	5958	0.1956707565646061	0.1956707565646061	0
0.7632632632632632	228788	0.3869505841428821	0.38922105345057195	0.45288138037231174	5818	0.17235873017994963	0.17235873017994963	0
0.8478478478478478	194538	0.43290048868257375	0.43131863279482824	0.4450793053677096	6480	0.19074219950814392	0.19074219950814392	0
0.7592592592592593	140884	0.4697302896055616	0.46975308832986545	0.44701456162250713	5818	0.20901486778057923	0.20901486778057923	0
0.7507507507507507	157204	0.4901559088395791	0.4865637322207592	0.4472426403901327	5746	0.20844781571274232	0.20844781571274232	0
0.8378378378378378	74172	0.38169708312520517	0.38163622510417317	0.41197124658240875	6282	0.18839836229798504	0.18839836229798504	0
0.8398398398398399	197034	0.5237492079724275	0.5234817809615312	0.4342035820947529	6342	0.1944985992920877	0.1944985992920877	0
0.8113113113113113	99152	0.5121168324051772	0.5129859728625782	0.4339845756140365	6146	0.19751145238292736	0.19751145238292736	0
0.7657657657657657	154852	0.3554132996148147	0.3567868106508153	0.445261073013119	5874	0.17473598743907529	0.17473598743907529	0
0.8288288288288288	147076	0.4763028155603768	0.4714105129610474	0.4421457061219929	6214	0.21511223072494035	0.21511223072494035	0
0.8238238238238238	183336	0.4620299001700335	0.45929639032324776	0.4440416068444097	6198	0.16480425409793337	0.16480425409793337	0
0.7817817817817818	144470	0.35197267096664625	0.35397889071304006	0.44602071548806993	5984	0.1616969302083525	0.1616969302083525	0
0.8398398398398399	225904	0.46844667127395556	0.46943853850227885	0.4533165556782357	6400	0.18707462200583594	0.18707462200583594	0
0.7387387387387387	101790	0.3667338137897495	0.3731425571875703	0.4296795702293253	5426	0.12993914072326365	0.12993914072326365	0
0.7882882882882882	130664	0.47594854874911463	0.4731302007359402	0.4453176332933733	6112	0.19956959974640676	0.19956959974640676	0
0.8038038038038038	169064	0.5512728577846734	0.5530313792352307	0.45289788551366456	6212	0.2141006361817321	0.2141006361817321	0
0.8293293293293293	162852	0.35537058774478525	0.357908313719014	0.4415317120196088	6416	0.14485289277368765	0.14485289277368765	0
0.8048048048048049	165978	0.42076854717346657	0.4187468912164091	0.43969447387117144	6086	0.18800862490021644	0.18800862490021644	0
0.8893893893893894	175308	0.3168824342998287	0.3233004017810194	0.4483225180000043	6754	0.15533115504727682	0.15533115504727682	0
0.7667667667667668	158638	0.3802051960276853	0.3821889113528482	0.45210865704024245	5814	0.17581315010277193	0.17581315010277193	0
0.7727727727727728	354460	0.4915625252520188	0.4915593637407471	0.46225360225192175	5984	0.1710000033902982	0.1710000033902982	0
0.8038038038038038	114278	0.4831977321334883	0.48148305682853687	0.4268219171176381	5940	0.15679016178453303	0.15679016178453303	0
0.7607607607607607	282648	0.5562878595350713	0.5555177307939808	0.4472276660613284	5716	0.17599530512996914	0.17599530512996914	0
0.8473473473473474	132598	0.3929930225528759	0.39530459066895657	0.4275796894204457	6340	0.1438429434375267	0.1438429434375267	0
0.7887887887887888	115970	0.421772719983137	0.4234043507917027	0.4387278426668759	6038	0.1817478220294315	0.1817478220294315	0
0.7557557557557557	136870	0.5014537920229577	0.49777306022264284	0.44510633983292486	5806	0.1962961836617115	0.1962961836617115	0
0.8213213213213213	178192	0.3663384011684206	0.3674762706306561	0.4508209057114238	6112	0.16621028629355797	0.16621028629355797	0
0.8123123123123124	212932	0.4807439765933529	0.4809385771580398	0.45043001432145724	6118	0.17114031811635647	0.17114031811635647	0
0.8088088088088088	143312	0.41233030972143037	0.4146357097713472	0.44719415072236757	6072	0.1831271482312492	0.1831271482312492	0
0.7817817817817818	285680	0.514440789563397	0.5176558216389109	0.4591747233825613	6106	0.17810698695215207	0.17810698695215207	0
0.7492492492492493	167874	0.41418379483431716	0.41352182297046386	0.4468966777419563	5606	0.16164242760786363	0.16164242760786363	0
0.8843843843843844	287796	0.48905878440667705	0.48809772687433534	0.44551872001319404	6686	0.15423587545908934	0.15423587545908934	0
0.8038038038038038	251542	0.4644191153685793	0.4654981155494658	0.4508298851290404	6138	0.16158815389444786	0.16158815389444786	0
0.8983983983983984	225834	0.5308492262441454	0.5290265072477423	0.4523043081152252	6888	0.20416199621786482	0.20416199621786482	0
0.8158158158158157	125034	0.47469805746953175	0.4781168613780549	0.4297164585942146	6078	0.17949803908460324	0.17949803908460324	0
0.7807807807807807	163120	0.5515190505109926	0.5491580504217616	0.44644602768414043	6072	0.20241826345962582	0.20241826345962582	0
0.7942942942942943	150372	0.43417142045828677	0.43304041952411326	0.4422930881627343	6064	0.1766589674259672	0.1766589674259672	0
0.8423423423423424	133252	0.3321780275249329	0.3377089705788889	0.44114345166398317	6486	0.16820929906100096	0.16820929906100096	0
0.8433433433433434	160480	0.36718496400981776	0.36860167941313854	0.4397034425412936	6398	0.1556830708364714	0.1556830708364714	0
0.7807807807807807	133298	0.4188805416291963	0.423515197471135	0.42440670255419893	5796	0.14888135213207826	0.14888135213207826	0
0.8448448448448449	173808	0.39735084429809653	0.3988522034824149	0.45297540197298924	6440	0.19760955764391366	0.19760955764391366	0
0.7237237237237237	127888	0.4900613791489396	0.4867818916071522	0.4374729877284403	5428	0.21034785299366876	0.21034785299366876	0
0.8298298298298299	146836	0.3049619036261178	0.3062152415232604	0.43803228868179284	6310	0.16806642629785085	0.16806642629785085	0
0.8648648648648649	237292	0.41926975958039037	0.42112948931689587	0.45554449522871937	6566	0.16930083377143737	0.16930083377143737	0
0.8543543543543544	180980	0.4700352490782451	0.4738168791795015	0.44191853011933996	6218	0.17310137405571252	0.17310137405571252	0
0.8398398398398399	138454	0.5059275976718196	0.506119492918785	0.44718798820529293	6372	0.21272998712632699	0.21272998712632699	0
0.8153153153153153	163676	0.42570782894080667	0.4233123077963686	0.4488744633605248	6350	0.221308736434143	0.221308736434143	0
0.8263263263263263	135440	0.45440815423484615	0.45978221335428743	0.44656823547971763	6088	0.1367687495986063	0.1367687495986063	0
0.8193193193193193	138790	0.44316521439669754	0.44419584123351835	0.434590987889026	6154	0.1858461230836522	0.1858461230836522	0
0.7797797797797797	197136	0.49943572943108444	0.50088729830353	0.4555062495317373	5958	0.16633722820542252	0.16633722820542252	0
0.7527527527527528	151840	0.39027845558393975	0.3892811124695051	0.4308998839481833	5684	0.2091881865658817	0.2091881865658817	0
0.8838838838838838	126284	0.5048026296811047	0.5018235691580376	0.436215649321771	6726	0.19471896393780333	0.19471896393780333	0
0.7987987987987988	91586	0.4393348118798545	0.4444532668190479	0.40057518477433557	5934	0.13409335382250234	0.13409335382250234	0
0.8618618618618619	197556	0.3367822164590843	0.34024968637555586	0.4482040053754601	6460	0.14557212004190373	0.14557212004190373	0
0.8248248248248249	190306	0.4525112768166647	0.45335993090933685	0.4563688220034338	6390	0.18010655450418428	0.18010655450418428	0
0.8103103103103103	127890	0.2943721229505706	0.2982774738949811	0.44205620875945545	6098	0.17708010500107405	0.17708010500107405	0
0.8068068068068068	113340	0.3239252467932028	0.3289127686754059	0.39546887463442504	6102	0.16641505762141787	0.16641505762141787	0
0.7712712712712713	102642	0.38939284325608936	0.39285717256031066	0.44189915455014545	5800	0.1647701718204224	0.1647701718204224	0
0.7752752752752753	118052	0.42077869693743747	0.41776206502220115	0.4444641493900126	5876	0.17567670260847476	0.17567670260847476	0
0.7922922922922923	114476	0.4205963733384596	0.42397151155256385	0.41840198077220553	5920	0.19773080694806563	0.19773080694806563	0
0.7722722722722722	166964	0.42733311873713625	0.42996085009955	0.4498794864886993	5860	0.181354476366344	0.181354476366344	0
0.7872872872872873	126324	0.2737289173980923	0.2740356497389609	0.4438367163897672	6134	0.15476528636146186	0.15476528636146186	0
0.8003003003003003	175854	0.39375441593263594	0.3966985592220361	0.44076344299210773	5898	0.15499383702751834	0.15499383702751834	0
0.7962962962962963	214188	0.47841077486658684	0.4803674953869851	0.4460319402738253	6086	0.1804987282320851	0.1804987282320851	0
0.8263263263263263	202250	0.37457909808140283	0.37561257072441956	0.4375618358039983	6030	0.1668348506541649	0.1668348506541649	0
0.57007007007007	94414	0.3054253059199705	0.30942442765621647	0.4463814808988524	4294	0.13757587184732442	0.13757587184732442	0
0.8313313313313313	150748	0.47452980781004217	0.4752034522819738	0.4414750349351529	6408	0.16653896542901872	0.16653896542901872	0
0.7892892892892893	137150	0.43661385944382963	0.436725882652859	0.4089383370818558	6020	0.1961465420470294	0.1961465420470294	0
0.7202202202202201	190702	0.4812478664580262	0.48186075786094473	0.4409330739939248	5444	0.19678223063162845	0.19678223063162845	0
0.7662662662662663	138694	0.2548611189729466	0.25757729201439317	0.4331998710421614	5822	0.13777055440499608	0.13777055440499608	0
0.8553553553553553	157316	0.37738594421047583	0.3803470037785825	0.44869982287676474	6474	0.17369617983068739	0.17369617983068739	0
0.8388388388388388	128258	0.40623184469699314	0.40769529347879413	0.43296009962521165	6326	0.17784233145517975	0.17784233145517975	0
0.8408408408408409	128198	0.37684379024879605	0.3826311024012986	0.4361503912348707	6220	0.1742663941279315	0.1742663941279315	0
0.7197197197197197	205822	0.3772951682365846	0.37794906853433	0.44119539915760814	5512	0.15951633056306713	0.15951633056306713	0
0.8738738738738738	244580	0.42809753512593646	0.4305402973883224	0.45482957712753597	6730	0.15186192545527033	0.15186192545527033	0
0.7782782782782782	138000	0.35121839569564284	0.3505476306635165	0.4339071812334508	5872	0.1910906237389513	0.1910906237389513	0
0.6886886886886887	104800	0.3304847810845837	0.33536314478877893	0.444382345829966	5182	0.15144409643928086	0.15144409643928086	0
0.7752752752752753	84794	0.3614935616367451	0.36913695656269774	0.3961213046032504	5530	0.12531084439980442	0.12531084439980442	0
0.8473473473473474	168222	0.4539526540909318	0.4559927246895992	0.45339237656466475	6440	0.19131831303088434	0.19131831303088434	0
0.8193193193193193	135250	0.4395682991614572	0.44159505358919393	0.446888409020116	6306	0.19001653172133579	0.19001653172133579	0
0.7092092092092093	134486	0.4093986701208605	0.4115836145233552	0.4456528646601417	5272	0.1553822951848085	0.1553822951848085	0
0.8538538538538538	131206	0.2593100699465516	0.26953763796782654	0.44043124335169187	6292	0.1628777675913256	0.1628777675913256	0
0.8053053053053053	118634	0.30601052048746025	0.3071627167559433	0.44554293693182956	6184	0.17919222600012413	0.17919222600012413	0
0.8088088088088088	177658	0.45979119707838295	0.4562888023981959	0.41596386988605794	6058	0.13893173070438608	0.13893173070438608	0
0.7212212212212212	237086	0.4332406465099359	0.4325707755327624	0.454769342177491	5504	0.1653773427621337	0.1653773427621337	0
0.7407407407407407	162442	0.39515319846461955	0.39605078087346895	0.4470498359158465	5708	0.18919808228089868	0.18919808228089868	0
0.7792792792792793	241380	0.5365892826233672	0.5343551227456683	0.4494396233344615	5948	0.18390485498018241	0.18390485498018241	0
0.7452452452452453	161346	0.4732398107006359	0.47207977344127977	0.45472744274940485	5762	0.15493355721941712	0.15493355721941712	0
0.8333333333333334	81050	0.2973945216631886	0.29893752694171233	0.4139451916213807	6282	0.17433092626965577	0.17433092626965577	0
0.8728728728728729	143536	0.3985328495853578	0.3966146872267996	0.4408647601421396	6706	0.1831093351453289	0.1831093351453289	0
0.7812812812812813	116452	0.2905551301851843	0.2987553093841287	0.4287534649239513	5698	0.14189371413531757	0.14189371413531757	0
0.7692692692692693	221252	0.41913575013494314	0.4180821218739318	0.45608280837376375	5908	0.1769709573548911	0.1769709573548911	0
0.7057057057057057	131776	0.46138520008893424	0.4607913161679888	0.4413193995308258	5320	0.17099953101761184	0.17099953101761184	0
0.8088088088088088	137146	0.3806041804081037	0.38134402425144065	0.44318922953404866	6056	0.1599052590795227	0.1599052590795227	0
0.7637637637637638	204240	0.4343493310060663	0.4323785383704257	0.4562240044083857	5790	0.18530148022473963	0.18530148022473963	0
0.8213213213213213	195040	0.3628324042710197	0.37084131007929266	0.4288595223838698	6136	0.1422363471978522	0.1422363471978522	0
0.7582582582582582	176856	0.43087223426968674	0.4340998061984381	0.42300370903742723	5824	0.17407088993221456	0.17407088993221456	0
0.7907907907907907	176806	0.3974763129388274	0.40238109977769404	0.4490237528511578	5914	0.17563901415082758	0.17563901415082758	0
0.7892892892892893	118922	0.4442478171309017	0.4413722174395342	0.44451604221446434	6090	0.16338091065391777	0.16338091065391777	0
0.7922922922922923	132384	0.2692449105065024	0.2727682904159331	0.4477330012602088	6130	0.18647741793026018	0.18647741793026018	0
0.7217217217217218	137888	0.4077821440762987	0.40566070886641026	0.448429808360357	5374	0.14869558688035822	0.14869558688035822	0
0.8123123123123124	114554	0.4712071312549012	0.471918539981853	0.4349506658704479	6104	0.1822828154401672	0.1822828154401672	0
0.7847847847847848	173292	0.41891695552326513	0.4181041786391882	0.4233034755424088	5934	0.1884233619601176	0.1884233619601176	0
0.7502502502502503	227818	0.5099579499813884	0.5093599185643762	0.45494061219763204	5728	0.1856611137035529	0.1856611137035529	0
0.7522522522522522	105542	0.43402006653918784	0.43253687753118863	0.442482461627067	5854	0.19425537747102034	0.19425537747102034	0
0.8618618618618619	126338	0.35151430704325914	0.3522399182465774	0.44143797632876103	6584	0.16150859739177834	0.16150859739177834	0
0.8413413413413413	147640	0.36172021437764007	0.3706971938672484	0.44195633700297265	6272	0.15095640072924732	0.15095640072924732	0
0.8593593593593594	158590	0.47230230726752725	0.4714761946759193	0.4483783895270616	6598	0.17774852716823106	0.17774852716823106	0
0.8033033033033032	132796	0.48925912923640713	0.48585489052833963	0.43411403000638266	6110	0.16104046099085215	0.16104046099085215	0
0.7762762762762763	205532	0.4452130004160293	0.443922223598058	0.44523368157284055	5804	0.17793691370405187	0.17793691370405187	0
0.8813813813813813	162404	0.3972228742040827	0.40166407517788416	0.44353308864359264	6680	0.15967131940200177	0.15967131940200177	0
0.8723723723723724	188222	0.3829950102687135	0.38439751278072903	0.44670966787064836	6644	0.18249843419262085	0.18249843419262085	0
0.8623623623623624	149196	0.34091687268779264	0.3453913259854521	0.43928945758302823	6516	0.16259671842406725	0.16259671842406725	0
0.8593593593593594	247476	0.456464828395795	0.4582674132589197	0.45209937666496947	6666	0.1921538895642653	0.1921538895642653	0
0.8258258258258259	131972	0.42217386479814595	0.4260201956414175	0.43399280744947905	6210	0.18049792833030706	0.18049792833030706	0
0.7717717717717718	106614	0.34406737488437444	0.3405649298573587	0.43595879851078195	5892	0.15834499467829125	0.15834499467829125	0
0.8003003003003003	96622	0.4054323073391177	0.4037633035370017	0.43056196454115575	6168	0.18298730075759612	0.18298730075759612	0
0.8188188188188188	112664	0.42625451362798966	0.4266022642619591	0.4347047909449826	6184	0.17233687933152544	0.17233687933152544	0
0.7652652652652653	76082	0.34078040855148656	0.34672498904220433	0.4279250839754111	5838	0.20467054384521233	0.20467054384521233	0
0.7952952952952953	127848	0.321625589747189	0.3247363069756039	0.425869090147828	5960	0.1982490710797347	0.1982490710797347	0
0.8128128128128128	119252	0.47561432334216913	0.47455866681873893	0.4395838595331407	6026	0.1756181347990524	0.1756181347990524	0
0.8778778778778779	130036	0.4109675456414315	0.41107424730662256	0.44077477430118933	6634	0.21213082093952162	0.21213082093952162	0
0.8323323323323324	126434	0.3831191609041013	0.3851666600475348	0.42392017062971443	6254	0.19413834865793145	0.19413834865793145	0
0.8698698698698699	120236	0.42826526413427357	0.4273544469730171	0.44398836657629287	6526	0.20562379474120815	0.20562379474120815	0
0.8648648648648649	136962	0.43701199065673973	0.43689994661333825	0.4434760025067543	6546	0.19158584910482304	0.19158584910482304	0
0.8763763763763763	131348	0.3489802878669989	0.3557088724955012	0.43771775480163605	6568	0.1897107968162796	0.1897107968162796	0
0.7392392392392393	150562	0.45098101436091026	0.45158237710745	0.4451928802998896	5634	0.1770441598411277	0.1770441598411277	0
0.7077077077077076	236212	0.47116422004765673	0.4696808236797007	0.44497097739866914	5384	0.13244327453812776	0.13244327453812776	0
0.8203203203203203	165278	0.5489513814300183	0.5494588968908612	0.4408721858037621	6286	0.20601960045367743	0.20601960045367743	0
0.8753753753753754	192274	0.4001004403440568	0.3999813401041461	0.4481389092577845	6728	0.16934140872469589	0.16934140872469589	0
0.8163163163163163	256210	0.5025033988701793	0.5027459136526676	0.4573025014865982	6232	0.15845275069616332	0.15845275069616332	0
0.8048048048048049	184576	0.3590160902833111	0.36109693211396354	0.4452468305262434	6048	0.1908893126482347	0.1908893126482347	0
0.8518518518518519	243644	0.46613547880170797	0.4666837757687688	0.4566262175070188	6532	0.17103713593694103	0.17103713593694103	0
0.8198198198198199	201206	0.46867082984647523	0.46966997433813545	0.4481325492260399	6286	0.18142293417218863	0.18142293417218863	0
0.8118118118118118	184910	0.4229111591979885	0.4261071403191777	0.4488669249442143	6260	0.1565172111062305	0.1565172111062305	0
0.8313313313313313	136362	0.42883923429856113	0.4315662784473991	0.43066106650479213	6320	0.19708410525918246	0.19708410525918246	0
0.8193193193193193	168214	0.41487723344202015	0.41512282324976807	0.4499677516968974	6318	0.1856567746380104	0.1856567746380104	0
0.8233233233233234	125646	0.49032679357917236	0.48700465516886	0.43080638361279755	6210	0.17770069445007242	0.17770069445007242	0
0.8628628628628628	129374	0.37265310647038496	0.37545761622516394	0.4399784191118324	6542	0.1714306269386774	0.1714306269386774	0
0.7187187187187187	146900	0.21591475250683634	0.22150103771751736	0.4541110267432475	5548	0.14005859727509265	0.14005859727509265	0
0.7182182182182182	140142	0.4621742054511184	0.4646740662303066	0.4427280187698988	5468	0.16602727421554336	0.16602727421554336	0
0.8133133133133132	156848	0.3439693752385836	0.3488673400024958	0.448252891638254	6314	0.19426368136925704	0.19426368136925704	0
0.7127127127127126	141256	0.32252141058216577	0.3228047013460933	0.4425052778076692	5474	0.16563947833716655	0.16563947833716655	0
0.7927927927927928	129920	0.26403692083695196	0.26624284673235726	0.4408936219116202	6102	0.16214233511797269	0.16214233511797269	0
0.8863863863863863	227850	0.5594377015802923	0.5574923701684008	0.45371140916534397	6770	0.20723976135241406	0.20723976135241406	0
0.6826826826826826	167024	0.4871391588887044	0.4880503703929212	0.44940108967903775	5146	0.14422192711243184	0.14422192711243184	0
0.8218218218218218	86046	0.41328708602640585	0.41277246371874243	0.4182872258045156	6120	0.1799913865568108	0.1799913865568108	0
0.7937937937937938	155738	0.36765062157623507	0.36461095441567976	0.4524340094615314	6102	0.17481579838119607	0.17481579838119607	0
0.7977977977977978	162312	0.39753282420174296	0.4011587678617516	0.4459599482280648	5970	0.16194728044952209	0.16194728044952209	0
0.8413413413413413	157646	0.29470438385086245	0.2985861887681657	0.4380128741828933	6450	0.1686455544704688	0.1686455544704688	0
0.7527527527527528	230480	0.5046807904363675	0.5058770190800523	0.4472262050044715	5640	0.15976964843458857	0.15976964843458857	0
0.7482482482482482	154026	0.507015638230994	0.5071274506865994	0.44761424572776337	5760	0.21324060133657996	0.21324060133657996	0
0.8113113113113113	195760	0.3940922985696071	0.39630086411477317	0.44321270730084555	6156	0.17814871769074858	0.17814871769074858	0
0.8783783783783784	177120	0.3547522617135535	0.35717497414443616	0.4431133925666229	6726	0.20414361912280007	0.20414361912280007	0
0.7577577577577578	121172	0.3767289425634045	0.379085540756616	0.44361719055036936	5628	0.16772865863309416	0.16772865863309416	0
0.8503503503503503	150728	0.343083838030341	0.3455798962611035	0.45092812090745915	6504	0.18179844398036812	0.18179844398036812	0
0.7262262262262262	107308	0.3866673549268487	0.38366803474329786	0.44215010575991737	5542	0.1827577661620995	0.1827577661620995	0
0.7127127127127126	109806	0.44841630545717076	0.45011849188001474	0.4345431799451558	5382	0.16558108132513571	0.16558108132513571	0
0.7392392392392393	156844	0.4919314143129865	0.49091397624994443	0.44176814657517594	5630	0.17125746551442314	0.17125746551442314	0
0.8573573573573574	100830	0.3935447938983981	0.3935304421619116	0.42919336452155643	6658	0.19501731822013524	0.19501731822013524	0
0.7902902902902903	87810	0.37769616626542807	0.3786365643458514	0.4294716760136015	6090	0.15310658476055394	0.15310658476055394	0
0.7072072072072072	201958	0.4270284373046089	0.4322133879054772	0.4500519666130421	5376	0.1286662870386197	0.1286662870386197	0
0.8178178178178178	347664	0.525814088595571	0.5235226800956508	0.46256363737718	6208	0.1720848172607855	0.1720848172607855	0
0.6701701701701701	79284	0.25950328168652653	0.2674459277293542	0.4328055227069785	5052	0.15386009587168076	0.15386009587168076	0
0.7017017017017018	220832	0.32597829940856854	0.32621788466467166	0.46012938622872596	5358	0.1133107186485671	0.1133107186485671	0
0.8153153153153153	160394	0.4286444419349467	0.42911986127703006	0.44945496921364386	6236	0.15550195586573815	0.15550195586573815	0
0.8403403403403403	107550	0.46105650825300964	0.46370132335577563	0.42730974838775665	6338	0.17059746927279168	0.17059746927279168	0
0.8228228228228228	166548	0.5291316090881829	0.5271969456345454	0.4345475328507	6222	0.17779438533467654	0.17779438533467654	0
0.8398398398398399	158934	0.41659697429586906	0.42180384566428397	0.44309762473422604	6414	0.19390927618667683	0.19390927618667683	0
0.8823823823823824	135880	0.4108910270517733	0.41140840180612387	0.43708323628486245	6722	0.1613652981854267	0.1613652981854267	0
0.8138138138138138	132974	0.3372464040930779	0.3422189262025682	0.42894639820157027	6230	0.1549462907575417	0.1549462907575417	0
0.8948948948948949	112498	0.38272882796504015	0.38974893523943	0.4303557198438577	6968	0.18100725407849524	0.18100725407849524	0
0.7587587587587588	283544	0.567356275754954	0.5666167062187436	0.45332550087761936	5726	0.1596657129331193	0.1596657129331193	0
0.8598598598598599	115948	0.3940347812381088	0.3980314008955462	0.43334506358139296	6584	0.2035540941630513	0.2035540941630513	0
0.58008008008008	168906	0.35108656811073474	0.347427284708549	0.42979871192388125	4336	0.15347611674633382	0.15347611674633382	0
0.8783783783783784	147060	0.3638331816929737	0.3664560578726973	0.43930322250900483	6714	0.1897626124592697	0.1897626124592697	0
0.7857857857857857	125978	0.33558080530036977	0.3420725433295703	0.43278049322000517	5734	0.17537590829049765	0.17537590829049765	0
0.7372372372372372	126572	0.39467680152570583	0.4006694014974156	0.4463616767608945	5598	0.1949764511847052	0.1949764511847052	0
0.8793793793793794	155822	0.5121127827312032	0.5084625485658657	0.4469719495942189	6660	0.17195839821208084	0.17195839821208084	0
0.7847847847847848	214674	0.5353042266584328	0.5347642935946653	0.4436093998926099	5998	0.16940454354313683	0.16940454354313683	0
0.7817817817817818	215168	0.5168110939953483	0.5156233659048133	0.453644379528828	5986	0.1970228211865489	0.1970228211865489	0
0.8333333333333334	150540	0.4653051846559353	0.4660449588015385	0.44556418332712666	6260	0.1901420402585696	0.1901420402585696	0
0.7807807807807807	250392	0.4699780288589257	0.47086816707354545	0.44481950992281666	5802	0.16134410797048102	0.16134410797048102	0
0.8583583583583584	175936	0.45633774772343116	0.45702653830097795	0.45222151161663454	6634	0.2006049675912475	0.2006049675912475	0
0.7172172172172172	151668	0.5002235259240319	0.5009288464413689	0.45080520016121683	5424	0.1727102084858655	0.1727102084858655	0
0.8763763763763763	299070	0.5024169993651815	0.5023908047295467	0.4545035367689947	6722	0.2026839258494797	0.2026839258494797	0
0.7732732732732732	139280	0.49261074061333443	0.49375286685542724	0.44122177562386816	5742	0.16470254084411629	0.16470254084411629	0
0.7472472472472472	114188	0.48497838971183926	0.4834074815962641	0.4478812659546067	5706	0.17202443974035836	0.17202443974035836	0
0.8103103103103103	184984	0.47225022665192745	0.46807047553770254	0.4479799513993636	6056	0.17927924669768885	0.17927924669768885	0
0.8623623623623624	166048	0.4127564546342222	0.42063396178914897	0.4354322181035548	6408	0.15784149406968018	0.15784149406968018	0
0.8133133133133132	177208	0.4916493221657471	0.4906223449265752	0.4477524658217684	6280	0.18908366579483962	0.18908366579483962	0
0.8768768768768769	237420	0.4624923177611213	0.46470881465676717	0.44550213757952223	6612	0.15858255298726115	0.15858255298726115	0
0.7182182182182182	117836	0.4128458298815674	0.41310975070009426	0.4404213228760856	5528	0.16994857651037631	0.16994857651037631	0
0.7937937937937938	192194	0.43866738086333307	0.44010659727914064	0.4534143026994812	5992	0.19618783702279463	0.19618783702279463	0
0.7772772772772772	122108	0.23001615233260583	0.23555335214234221	0.4424170951848505	5934	0.15498078047806488	0.15498078047806488	0
0.8563563563563563	197350	0.5331500840670754	0.5294426747540119	0.4476498950431753	6506	0.1741185188254755	0.1741185188254755	0
0.7967967967967968	121432	0.3996832424055465	0.4001374392177615	0.4436954526869435	6088	0.1683089012522676	0.1683089012522676	0
0.8813813813813813	175402	0.42566931410715614	0.42416064744264753	0.4442495095682906	6652	0.1933932755862282	0.1933932755862282	0
0.7667667667667668	116748	0.3412741726594608	0.33846515573628244	0.43456605190951	5758	0.12082299782043772	0.12082299782043772	0
0.8538538538538538	206558	0.4838128322817808	0.4861982264792601	0.43929774664724813	6284	0.1903198927122642	0.1903198927122642	0
0.8253253253253253	226250	0.45834309468006273	0.46099014858488113	0.4525315246755211	6312	0.1685985037820026	0.1685985037820026	0
0.7977977977977978	141552	0.34794340121897094	0.35280329982420616	0.437245239266386	6164	0.163185522637529	0.163185522637529	0
0.8338338338338338	153598	0.2698954850265749	0.2744875658383527	0.44094944674226827	6310	0.16725814103263176	0.16725814103263176	0
0.7892892892892893	117030	0.37545847370755264	0.37641486687132925	0.4364423478444463	5940	0.1765524020031084	0.1765524020031084	0
0.8533533533533534	163976	0.5186868528952612	0.5155441631660815	0.4470958294063103	6450	0.20077194298689516	0.20077194298689516	0
0.8183183183183182	149870	0.4704011839968246	0.46802095167541724	0.4431991742957821	6140	0.21026520610827903	0.21026520610827903	0
0.8038038038038038	142752	0.3813480041858377	0.3890415113817211	0.4435317405327292	6056	0.1460446073674428	0.1460446073674428	0
0.8578578578578578	179680	0.32932489581287755	0.3340807548256845	0.43828840184045276	6500	0.17871736762122312	0.17871736762122312	0
0.7697697697697697	110210	0.28295070442169573	0.28764411701307735	0.4342828832094008	5822	0.13974315103924337	0.13974315103924337	0
0.7562562562562563	135032	0.47091781506682456	0.4727134467611153	0.4409759581201195	5724	0.16868503410220567	0.16868503410220567	0
0.8103103103103103	129240	0.2923626515566489	0.2952217742507397	0.4468144552146969	6106	0.14395072257403502	0.14395072257403502	0
0.7302302302302301	136316	0.42448377880084814	0.4232781684594685	0.44315512426601017	5642	0.18921663786013784	0.18921663786013784	0
0.7982982982982982	179930	0.4197439496278016	0.42048439048918185	0.45233450242801276	6196	0.18060072449593104	0.18060072449593104	0
0.8608608608608609	263298	0.4570195337505858	0.4569133092124229	0.4565050643042943	6636	0.1879440722916193	0.1879440722916193	0
0.7677677677677678	105390	0.41673969995199117	0.4190811143922292	0.4308524840649328	5750	0.15829662544084025	0.15829662544084025	0
0.8458458458458459	129114	0.552146124130081	0.5494998126995632	0.4390574131358953	6094	0.17833622723960113	0.17833622723960113	0
0.6881881881881882	168434	0.46453610346450974	0.461522900609621	0.434972971315611	5072	0.13589091015836627	0.13589091015836627	0
0.8558558558558559	208622	0.41561602060308944	0.4199452076887855	0.4574787113624977	6602	0.1934870371215503	0.1934870371215503	0
0.8713713713713713	241774	0.4488234946767426	0.44974162308264237	0.4504092075781427	6602	0.17055364589550817	0.17055364589550817	0
0.8068068068068068	127284	0.2829315644214469	0.2830939763296427	0.4135540175207839	5918	0.16314471153233637	0.16314471153233637	0
0.8793793793793794	196640	0.4013843063227226	0.40212914862567123	0.4508994159977995	6758	0.20508947912598657	0.20508947912598657	0
0.8383383383383384	201158	0.4203755248950527	0.42393565820581514	0.4523478099583426	6398	0.19706588471779904	0.19706588471779904	0
0.8228228228228228	146016	0.5126066537144539	0.5111430118272683	0.43962537687175435	6126	0.14475032107035077	0.14475032107035077	0
0.7342342342342343	129220	0.5024233027146425	0.5005767305174703	0.4372650266880261	5608	0.20152465956596777	0.20152465956596777	0
0.8388388388388388	133262	0.2713668039749989	0.2741071167664852	0.44240032297795384	6404	0.16240100239832964	0.16240100239832964	0
0.8933933933933934	207116	0.47858159613075824	0.4818929217402391	0.4478978075262389	6752	0.21124881085325364	0.21124881085325364	0
0.7957957957957957	235604	0.48081097922719357	0.4826225116765364	0.44517910406036726	6068	0.16765162203327685	0.16765162203327685	0
0.7897897897897898	191248	0.5185983068623432	0.5152481899209351	0.45464976701099613	5898	0.1565151755694044	0.1565151755694044	0
0.7667667667667668	168624	0.38802850182726983	0.3886682683843343	0.43437453341945376	5756	0.16059848224873582	0.16059848224873582	0
0.6621621621621622	111764	0.41224723631280225	0.4107529476683491	0.4553416290121044	5126	0.18852268929612698	0.18852268929612698	0
0.7827827827827828	185824	0.37032611249833397	0.37100082270112344	0.44616092301521704	5926	0.14760551612244255	0.14760551612244255	0
0.7782782782782782	116210	0.44165511776174243	0.4440137268514566	0.42855208666165795	5796	0.15956794377030767	0.15956794377030767	0
0.7447447447447447	94374	0.30952411183427186	0.3111957959791815	0.401966569985665	5682	0.1783949258404823	0.1783949258404823	0
0.8748748748748749	127154	0.4240971539530897	0.42781922450005366	0.43829305852557227	6590	0.19444571011497064	0.19444571011497064	0
0.8098098098098099	243498	0.5817172150399711	0.5777719504734992	0.4620952992269016	6198	0.18365323672647932	0.18365323672647932	0
0.6846846846846847	133844	0.3283247625776331	0.3363070632689279	0.43938340841782025	5090	0.1385708091636894	0.1385708091636894	0
0.7717717717717718	288382	0.530059310066009	0.5274197734491054	0.45423415979628107	5770	0.14774438407231033	0.14774438407231033	0
0.8423423423423424	159818	0.3699486579443486	0.3753581103505821	0.43901598954284554	6260	0.1739481982146007	0.1739481982146007	0
0.7702702702702703	189224	0.5631204797603894	0.5638527170202738	0.44239726461830964	5796	0.18531040850484365	0.18531040850484365	0
0.7187187187187187	184184	0.43698263138672777	0.43479369080880587	0.44392633521482533	5412	0.19357092831830072	0.19357092831830072	0
0.7307307307307307	132034	0.43019424405863704	0.42805893760901104	0.44310488065548864	5520	0.16427693792462436	0.16427693792462436	0
0.7702702702702703	172732	0.4979357954035927	0.49909277216375647	0.4484394879050211	5842	0.15858597168675187	0.15858597168675187	0
0.7897897897897898	160606	0.48951326974028025	0.4867729537429871	0.44279035864126937	5998	0.20220959416639447	0.20220959416639447	0
0.8063063063063063	177464	0.3640588604848473	0.36635041339395086	0.45287827899381156	6264	0.17371009584057956	0.17371009584057956	0
0.8043043043043043	229374	0.46237545305834654	0.46194610122707913	0.4532731800987753	6236	0.15606445162953111	0.15606445162953111	0
0.8363363363363363	128850	0.4043977737727291	0.40690465268362613	0.4303293173100571	6350	0.1883491142367111	0.1883491142367111	0
0.8363363363363363	248452	0.5287201110375453	0.5245498703990176	0.4505599886278751	6296	0.17090303932454778	0.17090303932454778	0
0.8123123123123124	155428	0.46954086228666425	0.46889371604008057	0.4488642681115691	6222	0.19052441528000721	0.19052441528000721	0
0.7522522522522522	103088	0.41518674088180757	0.41689774035516625	0.44186093769619844	5632	0.19046959210658587	0.19046959210658587	0
0.8153153153153153	146948	0.369384200764199	0.37140219206680974	0.4436058569208075	6220	0.1792686035034825	0.1792686035034825	0
0.7602602602602603	108694	0.3912761961534677	0.3926906334657397	0.4407166826592339	5846	0.17623583822907601	0.17623583822907601	0
0.8088088088088088	161918	0.3608775790088384	0.3648101201826695	0.44295530022991886	6116	0.16809335550753965	0.16809335550753965	0
0.8323323323323324	193330	0.5009943844544614	0.4991692278255474	0.4465658480684794	6246	0.1720468962653242	0.1720468962653242	0
0.7902902902902903	115632	0.364964242082718	0.3664773316113659	0.4318975201449404	5882	0.1622650723608806	0.1622650723608806	0
0.8143143143143143	166196	0.2918244260424208	0.295696625191418	0.4493647087713721	6294	0.17280326280743455	0.17280326280743455	0
0.8028028028028028	98590	0.4603246047434781	0.4575777664652946	0.4341268393516697	6164	0.21273636537627294	0.21273636537627294	0
0.8403403403403403	143716	0.3791469680754597	0.3832217237361109	0.44686636767056437	6460	0.17763203224469584	0.17763203224469584	0
0.8153153153153153	130436	0.25119309702991793	0.2586022782020065	0.4398161442703619	6318	0.14423202371296642	0.14423202371296642	0
0.7307307307307307	279916	0.4703115433732996	0.47053090592083585	0.4456755881626742	5438	0.17244387624086396	0.17244387624086396	0
0.7027027027027026	79226	0.33248967018647324	0.33571476492084984	0.40267946504974317	5104	0.1411508840799351	0.1411508840799351	0
0.7767767767767768	127156	0.3418934360521019	0.34126533175756296	0.43232805682823167	5794	0.1581373473822918	0.1581373473822918	0
0.8068068068068068	122132	0.4111740206816402	0.41229856832307216	0.43614716895913297	6120	0.17034674618043624	0.17034674618043624	0
0.8163163163163163	129254	0.399749919264732	0.40623356333414234	0.431840016876411	6100	0.16508908991799515	0.16508908991799515	0
0.8698698698698699	200308	0.4550702809035439	0.45639684827097304	0.4548604772902958	6606	0.1981814844442359	0.1981814844442359	0
0.6666666666666667	111552	0.50767215242463	0.508267553307673	0.4401464508564004	5052	0.18816367818238383	0.18816367818238383	0
0.7597597597597597	119652	0.3334339328448446	0.33801428685034324	0.4283474463932902	5768	0.1515517398977097	0.1515517398977097	0
0.8203203203203203	199904	0.4650873564046247	0.46408559766740554	0.45430256651057666	6334	0.19027747430621256	0.19027747430621256	0
0.8278278278278278	169450	0.5174747958243586	0.5158127050663425	0.4352564634844367	6298	0.16721369962131027	0.16721369962131027	0
0.7932932932932932	138602	0.329344341359192	0.32654516206918865	0.4431690572697546	6000	0.16523643766647714	0.16523643766647714	0
0.8378378378378378	166386	0.4312289929428742	0.4316248641163209	0.43700743196067376	6290	0.16725773552138024	0.16725773552138024	0
0.8848848848848849	292410	0.5631474538224938	0.5619211746419198	0.456682307418201	6816	0.16097970350689547	0.16097970350689547	0
0.7742742742742743	131214	0.41213465002964794	0.41520697923101507	0.44142192529650726	5986	0.18074076433499492	0.18074076433499492	0
0.7902902902902903	219314	0.4843628877058927	0.4866401661931796	0.4411859926575488	5840	0.16763436091560532	0.16763436091560532	0
0.7187187187187187	90160	0.4274005080932062	0.4260281839831905	0.43522614200476645	5534	0.18893277704651157	0.18893277704651157	0
0.7417417417417418	189098	0.5090000687142071	0.5081782855195086	0.448142557977806	5694	0.17781053754399062	0.17781053754399062	0
0.7947947947947948	156076	0.37386289945980206	0.3752832810796264	0.4399602612778799	6086	0.14761030237428688	0.14761030237428688	0
0.7512512512512513	156976	0.3487442297723756	0.3510686220279691	0.4461496092420418	5486	0.15228113107026875	0.15228113107026875	0
0.8123123123123124	163796	0.44669977656482873	0.4440951031836475	0.44895797550762023	6286	0.21104549558804314	0.21104549558804314	0
0.8583583583583584	244364	0.46812635959470605	0.4623589633520023	0.4521956871600162	6432	0.18092216594175828	0.18092216594175828	0
0.7852852852852853	134076	0.40665302041961965	0.41121448237333114	0.4436203833389713	6028	0.18116790822614237	0.18116790822614237	0
0.7917917917917918	130982	0.4814582044769411	0.4851042464750487	0.43005603466218617	5774	0.15744588008286978	0.15744588008286978	0
0.7912912912912913	122788	0.4247502899059651	0.42089144357134667	0.44357717590642626	5936	0.18437001212618487	0.18437001212618487	0
0.9139139139139139	125796	0.43453180924093643	0.43370201601356595	0.4403146717413433	6906	0.17428534112197694	0.17428534112197694	0
0.7937937937937938	127114	0.5064179470409154	0.503928063771852	0.4453347210484701	6058	0.19800549909162823	0.19800549909162823	0
0.8073073073073074	238292	0.47398979127759544	0.4755765159997764	0.4545635032071667	6158	0.16893629322012824	0.16893629322012824	0
0.6806806806806807	152952	0.4574374480894279	0.4562723512628512	0.4454281533206604	5090	0.1715749292842732	0.1715749292842732	0
0.6241241241241241	81256	0.35445640598042555	0.3564569718684013	0.4335250462006672	4628	0.15059266308844463	0.15059266308844463	0
0.7982982982982982	128008	0.4841044868102952	0.4831024683004664	0.44149417645183525	5982	0.21046599722528422	0.21046599722528422	0
0.8073073073073074	102184	0.31306485139568246	0.3137870697415206	0.4339793033812273	6070	0.18520764205667425	0.18520764205667425	0
0.9274274274274275	180596	0.4711876472457432	0.47209035580767544	0.4484372875382647	6942	0.17924042685121658	0.17924042685121658	0
0.7922922922922923	133640	0.36871997082767854	0.36597275563803305	0.44862331414759593	6122	0.17376261616542252	0.17376261616542252	0
0.7667667667667668	259502	0.5086842218900827	0.5071692607058212	0.4639396136880684	5792	0.15530432234627914	0.15530432234627914	0
0.8378378378378378	130016	0.4013456036375317	0.4015552503076956	0.4440857639110727	6388	0.15946379273352498	0.15946379273352498	0
0.7402402402402403	127920	0.29615766479597294	0.3009588821789372	0.4383252468436447	5532	0.16565446952911875	0.16565446952911875	0
0.8158158158158157	177668	0.38583803688629936	0.3884195884589837	0.4474383953213768	6074	0.1488076940727105	0.1488076940727105	0
0.7707707707707707	162134	0.5006341916908056	0.4983974709439293	0.4438240274828285	5810	0.19549357975943327	0.19549357975943327	0
0.8363363363363363	205192	0.4781331283759509	0.47918341626419364	0.44982631994547034	6374	0.1868474029725713	0.1868474029725713	0
0.8438438438438438	131480	0.5131809568649736	0.5117393109750045	0.4290709484805584	6308	0.18411727543460227	0.18411727543460227	0
0.8213213213213213	185510	0.4310392464064777	0.431147437852871	0.44031254364673406	6248	0.19321037586597814	0.19321037586597814	0
0.9019019019019019	265120	0.49856381117035004	0.5001674027630709	0.4576990091590792	6830	0.1901632945448571	0.1901632945448571	0
0.7792792792792793	146218	0.39534768519001856	0.3944035530845764	0.44413153965454244	5852	0.19560270490177764	0.19560270490177764	0
0.8348348348348349	156668	0.43902543889991785	0.4435963935101344	0.44065305599217947	6242	0.18269535548210045	0.18269535548210045	0
0.7527527527527528	103676	0.34434901965514375	0.3472437130177395	0.42479892335257735	5762	0.19060881890080494	0.19060881890080494	0
0.7992992992992993	104516	0.4059836214385155	0.40676247330093496	0.43020991801219727	6056	0.20307110467529765	0.20307110467529765	0
0.7837837837837838	208042	0.46231737206885587	0.46117502652631787	0.44087597366561565	5908	0.17817631909111414	0.17817631909111414	0
0.9069069069069069	223710	0.5215732302804358	0.5211371829896672	0.4405934951710997	6860	0.1973732362588978	0.1973732362588978	0
0.7622622622622622	151934	0.4020019078490946	0.40090198291917684	0.43996276708912446	5784	0.2215699650952987	0.2215699650952987	0
0.8323323323323324	183464	0.4338523636276461	0.43444215686942983	0.4461154113212406	6270	0.15149114800158586	0.15149114800158586	0
0.8578578578578578	205668	0.35324585410074893	0.3544439738458661	0.4470277801540065	6588	0.15835465274031013	0.15835465274031013	0
0.8173173173173174	151144	0.43286688291176467	0.4331126490433108	0.4457650666113611	6230	0.18558506966320418	0.18558506966320418	0
0.7287287287287287	155760	0.5102068485806133	0.5131394562860087	0.43777836172496243	5244	0.14713017697923922	0.14713017697923922	0
0.8508508508508509	169586	0.37262706397824835	0.3759509874005258	0.4448281977044608	6496	0.15346728542918503	0.15346728542918503	0
0.7492492492492493	119960	0.41799965403639855	0.419448258826988	0.44676594439813905	5760	0.1618793924577366	0.1618793924577366	0
0.7827827827827828	213414	0.4947102312455208	0.49390492024098404	0.44946889888042607	6084	0.1639275815681808	0.1639275815681808	0
0.8783783783783784	132436	0.38587477176430485	0.3894690691901204	0.43962313078749604	6626	0.21055782362752587	0.21055782362752587	0
0.8698698698698699	151592	0.427361557756189	0.42549368968294937	0.4484635165970629	6562	0.19693393377039475	0.19693393377039475	0
0.8628628628628628	178632	0.46000431788539237	0.46314065437872354	0.45108421445752983	6622	0.17677356476102235	0.17677356476102235	0
0.7527527527527528	187020	0.4082728272436748	0.4106858230998834	0.44812647985857806	5564	0.17832435310279574	0.17832435310279574	0
0.7302302302302301	224890	0.5256796556323999	0.5259459438388537	0.4619618941973014	5604	0.16194700700102913	0.16194700700102913	0
0.7817817817817818	105372	0.4740034122177647	0.47190412029769224	0.43278287920122116	5904	0.18443867354305077	0.18443867354305077	0
0.7952952952952953	111910	0.48062904434522663	0.4818784595393809	0.4421170574086368	6106	0.21835182250375731	0.21835182250375731	0
0.7172172172172172	122218	0.4464708848523618	0.4457942389460219	0.4419986264480986	5394	0.17172390199404175	0.17172390199404175	0
0.8188188188188188	161768	0.43119392241975935	0.4258904750708814	0.4415211179429408	6238	0.17154560657772086	0.17154560657772086	0
0.7312312312312312	196090	0.3363147752868308	0.33353799871109935	0.4491805603223633	5568	0.15066421810381023	0.15066421810381023	0
0.8163163163163163	177992	0.3749116968768038	0.37713635565203185	0.454169795744855	6128	0.1574523615821792	0.1574523615821792	0
0.8773773773773774	124312	0.3618562303529569	0.36349894928842585	0.4384301141514401	6682	0.1594230665448592	0.1594230665448592	0
0.6606606606606606	88484	0.4053437939887947	0.41041258455023594	0.43539526770682735	5024	0.14392679702832079	0.14392679702832079	0
0.8398398398398399	203684	0.46611542455534044	0.46809538798890776	0.4461865526939222	6292	0.17376931589850017	0.17376931589850017	0
0.7862862862862863	213118	0.4637813195460359	0.4625189323014997	0.45105156631498894	5852	0.16050793361256321	0.16050793361256321	0
0.7482482482482482	209204	0.4758097646292012	0.4799682500112397	0.4591293948600832	5584	0.14674378616778389	0.14674378616778389	0
0.8513513513513513	293466	0.4441106202682009	0.44366594091854994	0.454750832911226	6646	0.18395002397980986	0.18395002397980986	0
0.7467467467467468	148544	0.4452695570260186	0.44816157414280733	0.4485701818387496	5662	0.1681865868726041	0.1681865868726041	0
0.8138138138138138	150914	0.41950911778014277	0.4167428270055894	0.4483783809935256	6208	0.17152877070132205	0.17152877070132205	0
0.7842842842842843	135922	0.39070063252477094	0.3941379363654281	0.44483598363923643	5988	0.18741653520908597	0.18741653520908597	0
0.7382382382382382	157610	0.5226048390348085	0.5170098967911356	0.4496723535268496	5662	0.1575668936253909	0.1575668936253909	0
0.7897897897897898	157810	0.48134640870770623	0.48106417109104144	0.4421873051329824	6044	0.18136345985156593	0.18136345985156593	0
0.8048048048048049	210656	0.536843913006919	0.5366218257004025	0.4463876803270627	6136	0.18226996551422042	0.18226996551422042	0
0.7642642642642643	202810	0.5554399631198693	0.5541550815833681	0.44839604441589803	5744	0.17296449648708884	0.17296449648708884	0
0.7037037037037037	134104	0.3205007759510062	0.3241853888724714	0.44782747269235185	5226	0.1655634328539918	0.1655634328539918	0
0.8128128128128128	240166	0.5176342343602327	0.515760320352644	0.4564257232544983	6260	0.20915821571780407	0.20915821571780407	0
0.7862862862862863	107388	0.32290535659877884	0.3256714791885514	0.4403955908443049	6024	0.1853750970069188	0.1853750970069188	0
0.8168168168168168	273378	0.5790533976333759	0.5785915053670051	0.4578763103911235	6240	0.18168006165531678	0.18168006165531678	0
0.8668668668668669	217592	0.49032247817922464	0.488356957098959	0.45237798039088845	6652	0.20686884087732	0.20686884087732	0
0.8733733733733734	239298	0.4805635016265273	0.4828026800136727	0.4551017062958194	6630	0.18340579879436378	0.18340579879436378	0
0.7517517517517518	144730	0.3817280590235524	0.3840957508845261	0.44971140849973423	5684	0.1504633143326807	0.1504633143326807	0
0.8263263263263263	235008	0.444302209608506	0.4432038092089133	0.453807166894866	6246	0.19163101829860976	0.19163101829860976	0
0.8188188188188188	123524	0.48931080041175257	0.48776752528552597	0.43601056392201115	6078	0.19780645362336075	0.19780645362336075	0
0.7617617617617618	285780	0.5776050856319168	0.5765952651501163	0.4454396953831001	5808	0.13185872289616704	0.13185872289616704	0
0.7967967967967968	207756	0.35412988389779504	0.3554771565209058	0.4464406473071749	6070	0.17682362771641946	0.17682362771641946	0
0.7967967967967968	149532	0.3913249538358012	0.39406799726384206	0.44154446640554856	5920	0.1521632867960004	0.1521632867960004	0
0.8723723723723724	208606	0.41953250496460637	0.42002171024872814	0.4535692381314827	6720	0.18773462202361346	0.18773462202361346	0
0.8328328328328328	149984	0.4946034642562872	0.4917360231630143	0.4429685280730678	6394	0.1988735784753848	0.1988735784753848	0
0.7847847847847848	174080	0.20560507183228774	0.20704461755433268	0.45197175465758344	5900	0.1633996750015312	0.1633996750015312	0
0.7647647647647647	142686	0.327874167130034	0.3273956620084062	0.45055414845935565	5762	0.13434234896554445	0.13434234896554445	0
0.8008008008008007	120756	0.37004002959749216	0.37299826710599454	0.4350650593088072	6014	0.16869323189787833	0.16869323189787833	0
0.7072072072072072	142666	0.42188792389061386	0.4202150762936706	0.4460529014131122	5488	0.18435498297334127	0.18435498297334127	0
0.7802802802802803	112524	0.40049992318242317	0.40537152632016404	0.43750709982791286	5818	0.16709405991422185	0.16709405991422185	0
0.7962962962962963	86172	0.4216246327999436	0.4243590732983868	0.43087354622925256	6036	0.1745895154576673	0.1745895154576673	0
0.8048048048048049	138678	0.4585582311478154	0.4598111904761254	0.44006906193791395	6072	0.20917851070154028	0.20917851070154028	0
0.8778778778778779	198630	0.4603006440580716	0.4620455798522018	0.452991247764525	6712	0.1966902490251066	0.1966902490251066	0
0.8373373373373374	222334	0.419515160320791	0.4188991710354409	0.4556850537541192	6434	0.17904370253582333	0.17904370253582333	0
0.7922922922922923	212856	0.41663739717586146	0.4163172702119655	0.44775416203466256	5970	0.15722093423362427	0.15722093423362427	0
0.8398398398398399	171166	0.3986198248713404	0.402766914741768	0.4443246800092307	6502	0.19095141450310643	0.19095141450310643	0
0.8803803803803804	120336	0.2957703585138821	0.30042640065061155	0.42196906753978686	6500	0.16853468296112475	0.16853468296112475	0
0.7942942942942943	123416	0.2595471028054909	0.26942954303339184	0.43071394448921824	5968	0.1516911485645008	0.1516911485645008	0
0.8073073073073074	113410	0.3580678043762354	0.36080647880306754	0.4426587671932498	6102	0.1583401284226983	0.1583401284226983	0
0.7357357357357357	205660	0.33898991429783865	0.34007510233384397	0.4511479508802127	5670	0.1633899828465601	0.1633899828465601	0
0.8088088088088088	89244	0.27841220368896874	0.28886250432773897	0.39915013083549916	5922	0.12812838438449595	0.12812838438449595	0
0.8968968968968969	177410	0.510872427058259	0.5060563108483087	0.4479632284549205	6814	0.1863829312356436	0.1863829312356436	0
0.8608608608608609	179414	0.48045774020673937	0.48046766465826574	0.44665561651968666	6496	0.16448666910561738	0.16448666910561738	0
0.8178178178178178	135288	0.3581149268426583	0.36022961727995784	0.4178638679930455	6004	0.17206181210613172	0.17206181210613172	0
0.7582582582582582	170338	0.5125917268527751	0.5096338085323527	0.45478917603866126	5780	0.16884661891163785	0.16884661891163785	0
0.6711711711711712	118324	0.3516598688651643	0.35347822512092875	0.44271101026117177	5148	0.14901245301827779	0.14901245301827779	0
0.8623623623623624	222528	0.5021302252935371	0.5006958871440815	0.4514222171321614	6452	0.1892577005831656	0.1892577005831656	0
0.7917917917917918	112068	0.3234242046852653	0.3276557809604352	0.43339947509967414	5958	0.18339957920085087	0.18339957920085087	0
0.7847847847847848	129714	0.3951661834430437	0.3944656259292979	0.4369146345100523	5932	0.1885541645601119	0.1885541645601119	0
0.7902902902902903	179348	0.5152417415332539	0.5120413919980705	0.437795442524554	5928	0.1819169886674511	0.1819169886674511	0
0.8608608608608609	164020	0.2816969749042676	0.2873432525670849	0.4420118051676218	6620	0.21375368720271673	0.21375368720271673	0
0.7447447447447447	206372	0.46326957398036794	0.4636252861777165	0.4537145919722801	5710	0.1676231345219237	0.1676231345219237	0
0.7262262262262262	121556	0.38262647371734926	0.38138016498113003	0.43869261335800375	5560	0.20040620532236683	0.20040620532236683	0
0.7637637637637638	185616	0.2944098266284345	0.2998180059659592	0.4560288757875259	5756	0.1353121063645266	0.1353121063645266	0
0.8418418418418419	92688	0.4129541248188963	0.4159348441144428	0.4339549445123845	6442	0.18601213607212738	0.18601213607212738	0
0.6426426426426426	127004	0.3470830014164214	0.34712195898339926	0.4378184367070752	4812	0.13292965611004093	0.13292965611004093	0
0.6736736736736737	112508	0.24953087115652525	0.24873341966421308	0.44576388111064885	5216	0.1575403113094619	0.1575403113094619	0
0.6341341341341341	94418	0.2277027265440458	0.2306260792676825	0.4406398805509735	4774	0.1450902942335185	0.1450902942335185	0
0.8363363363363363	238996	0.405449820462548	0.40949053200791213	0.4576696052896314	6566	0.15443377365811142	0.15443377365811142	0
0.7592592592592593	134834	0.5151415433681629	0.5125413709030046	0.4270262018425466	5768	0.19470571163018416	0.19470571163018416	0
0.7782782782782782	170352	0.3677394073312793	0.3695995526253537	0.4466021828952594	5810	0.17062135085054553	0.17062135085054553	0
0.7462462462462462	127484	0.42438611224742834	0.4261737239700974	0.44025016175787673	5738	0.14656168875047174	0.14656168875047174	0
0.7277277277277276	170850	0.48654909269156027	0.4872159732847871	0.45027680455473956	5536	0.15449076989430283	0.15449076989430283	0
0.7197197197197197	186198	0.47140642911448094	0.4685152136495411	0.456883008952004	5522	0.16768919404101407	0.16768919404101407	0
0.8503503503503503	175386	0.43780688825158104	0.4397544790461959	0.4513831671118063	6554	0.20300830017847782	0.20300830017847782	0
0.8588588588588588	134962	0.36854599179145076	0.3704353682553871	0.4433343825728948	6482	0.18309980916869378	0.18309980916869378	0
0.8298298298298299	242862	0.5034296625289463	0.5030856169602205	0.454296272116621	6342	0.19084203692209947	0.19084203692209947	0
0.8733733733733734	155306	0.41232155172384444	0.412257207562891	0.446763383204727	6668	0.20125943562169135	0.20125943562169135	0
0.7837837837837838	120280	0.5050703411938301	0.5033358111991811	0.4209659386921624	5944	0.18075461027629036	0.18075461027629036	0
0.8038038038038038	180542	0.37456180714724063	0.3769840449349601	0.44167533799446884	6068	0.1818054416173255	0.1818054416173255	0
0.7042042042042043	188138	0.48750612657360687	0.4857212002076865	0.4508100837469124	5444	0.1863759212241636	0.1863759212241636	0
0.7377377377377378	177688	0.3812685468682472	0.38270623315126634	0.4445264155586026	5532	0.18763631226549252	0.18763631226549252	0
0.7997997997997998	158326	0.5064000575598933	0.5073563979236525	0.42012209719546195	6026	0.16780634093002006	0.16780634093002006	0
0.7642642642642643	160062	0.41542938115798683	0.41806982371257445	0.4344928116102133	5704	0.1843438186743137	0.1843438186743137	0
0.8013013013013013	160348	0.5218442313819601	0.5218409030544884	0.4483871803102779	6062	0.1641286865051247	0.1641286865051247	0
0.8948948948948949	229618	0.47929088443757834	0.4793537816069035	0.45783280972836743	6952	0.1841051829223369	0.1841051829223369	0
0.8373373373373374	105632	0.34580504879697915	0.34957552099142036	0.42671512946783946	6256	0.15213326152046727	0.15213326152046727	0
0.7782782782782782	210738	0.5015256173331719	0.4991595026268779	0.4420046632317362	5942	0.18008948424901153	0.18008948424901153	0
0.8503503503503503	159290	0.3806478400437151	0.38338215416059374	0.4494523487730466	6656	0.19924747815274507	0.19924747815274507	0
0.8083083083083082	134368	0.3813692996304786	0.3840313816994875	0.4489132335514492	6128	0.14335795146461952	0.14335795146461952	0
0.8053053053053053	203932	0.3573266418101101	0.35906555362549686	0.452946626204743	6026	0.18391405922297493	0.18391405922297493	0
0.8533533533533534	136760	0.4472590401658897	0.4473993874214536	0.44113136268924175	6314	0.1683333391432191	0.1683333391432191	0
0.7862862862862863	153468	0.3803325840541456	0.3813865181552746	0.4498081438946004	5890	0.19010239127618977	0.19010239127618977	0
0.7642642642642643	149642	0.4068561234792344	0.4098091600488623	0.4464730682750601	5858	0.17473536882674134	0.17473536882674134	0
0.8783783783783784	139086	0.5160079369522999	0.5165319068661822	0.43831684462671633	6566	0.17944869914132988	0.17944869914132988	0
0.8253253253253253	114032	0.2754116953082925	0.2859707042218987	0.438100898645196	6170	0.1294096349487838	0.1294096349487838	0
0.7122122122122122	184912	0.35542530369140596	0.35767366730765415	0.44672879310429653	5488	0.17962125346717472	0.17962125346717472	0
0.7852852852852853	118180	0.44066690044456386	0.4507108700391653	0.41923678311400453	5790	0.18077913372757798	0.18077913372757798	0
0.8333333333333334	141610	0.3636389378710875	0.3684935280132604	0.4472649851196464	6370	0.1869062130600552	0.1869062130600552	0
0.8148148148148149	215646	0.4071348050363347	0.4083993727243444	0.4454331404486494	6236	0.1883585982632528	0.1883585982632528	0
0.7692692692692693	156514	0.48864212189681944	0.4901234410231265	0.4546574164286307	5688	0.1706376229641173	0.1706376229641173	0
0.7982982982982982	94012	0.3673402902537326	0.37167705975419163	0.43005593379171264	6042	0.1620416966773646	0.1620416966773646	0
0.7037037037037037	97212	0.36960227004339014	0.37260836933370034	0.4271718735078223	5254	0.1637620043022225	0.1637620043022225	0
0.8068068068068068	111494	0.4242514012532802	0.4250994776188791	0.4366657488189603	6126	0.18237687527757676	0.18237687527757676	0
0.8273273273273274	163972	0.4525819013308603	0.4549564455963458	0.44930061082244316	6228	0.16481302292035346	0.16481302292035346	0
0.8658658658658659	259518	0.5091366835090816	0.5105000290367157	0.45135307815921716	6502	0.1985371641494545	0.1985371641494545	0
0.8243243243243243	112680	0.46017127703184124	0.46351843458384673	0.44030806955497453	6304	0.19248673384679102	0.19248673384679102	0
0.8028028028028028	202906	0.5032848664764804	0.5056508847621867	0.4510681315914454	6176	0.21579440427644897	0.21579440427644897	0
0.8438438438438438	230086	0.3833295297674461	0.38357412587013173	0.4557492004831845	6542	0.1704511668732351	0.1704511668732351	0
0.8828828828828829	155850	0.34871775873997607	0.3541432765863322	0.43763391124074547	6604	0.18581448683904694	0.18581448683904694	0
0.7407407407407407	125912	0.3838760215483144	0.38424879667174955	0.4411764717751157	5682	0.16680169258208133	0.16680169258208133	0
0.7577577577577578	187454	0.3754387449131968	0.3815252048209909	0.4412778134913844	5658	0.15751259134636222	0.15751259134636222	0
0.7362362362362362	216316	0.5250373719079723	0.5249568227135316	0.4638331436498833	5556	0.1809632033650206	0.1809632033650206	0
0.7017017017017018	219982	0.4365452268867841	0.4364052074572206	0.45573052100057826	5278	0.1353635611558943	0.1353635611558943	0
0.8058058058058057	135710	0.3451020889085058	0.3485505278866039	0.44303173222661146	6166	0.15821151332647118	0.15821151332647118	0
0.8458458458458459	138598	0.41267455706357686	0.4151342924487511	0.43558744762377605	6348	0.1583731576456358	0.1583731576456358	0
0.7437437437437437	119652	0.39556809249428776	0.3913018731533197	0.4393926447768082	5622	0.18741979907544376	0.18741979907544376	0
0.7352352352352353	121760	0.27282009050611256	0.27771295238756627	0.4443950816058995	5552	0.1763379305946091	0.1763379305946091	0
0.9034034034034034	197684	0.3818844936718077	0.39097718174134294	0.43853188269108334	6782	0.16944622858815409	0.16944622858815409	0
0.7127127127127126	156206	0.37484791837952053	0.37367579305058973	0.43601829496323075	5450	0.14351654913437975	0.14351654913437975	0
0.6716716716716717	116604	0.4197777366215163	0.42383427479299934	0.44661156812190383	5098	0.1397579105489804	0.1397579105489804	0
0.8568568568568569	185428	0.46600388203715404	0.4668839597612465	0.4495539314836332	6546	0.18779586738401927	0.18779586738401927	0
0.8438438438438438	114336	0.3155482824493572	0.3145055910875566	0.4318146258518907	6446	0.17724012336628586	0.17724012336628586	0
0.7722722722722722	182802	0.4293136870566373	0.4278141083663882	0.44154700892540605	5930	0.19212576827107358	0.19212576827107358	0
0.8443443443443444	148548	0.3442579607435822	0.3465937650166486	0.4447498183730425	6456	0.1629314445525026	0.1629314445525026	0
0.8728728728728729	364828	0.5247073159205808	0.5226295901223589	0.4570825858199397	6662	0.16691763112406377	0.16691763112406377	0
0.7367367367367368	122708	0.37798424702841255	0.37879261664816327	0.44457519399513884	5524	0.13486906375270852	0.13486906375270852	0
0.8163163163163163	209232	0.46290052916778945	0.4577091460928613	0.4507566193532913	6308	0.17367280298575907	0.17367280298575907	0
0.7892892892892893	166990	0.40281534116091533	0.40234892405363765	0.43657253647385547	5920	0.17584878176939694	0.17584878176939694	0
0.7987987987987988	220876	0.5727290372968541	0.5734143853841687	0.4512666132176126	6198	0.2014499630558271	0.2014499630558271	0
0.8813813813813813	202572	0.5064118944293523	0.5069463081800631	0.44887035667098996	6612	0.19266076872220403	0.19266076872220403	0
0.8253253253253253	158590	0.4388245339813948	0.4423956999178451	0.4448193186240937	6300	0.18871525722626079	0.18871525722626079	0
0.7792792792792793	102508	0.2919376106462616	0.2958713688041516	0.43943972809546866	5938	0.1574880157955758	0.1574880157955758	0
0.7822822822822822	167396	0.3714965383676403	0.3723136306157256	0.45071679620814425	5974	0.17859489427103917	0.17859489427103917	0
0.8708708708708709	205764	0.43747589533558345	0.4396975206233015	0.4547399868960272	6644	0.17254268599133007	0.17254268599133007	0
0.6691691691691692	133036	0.3337817105333859	0.33145127138843444	0.447112827837076	4950	0.14955916409099132	0.14955916409099132	0
0.8393393393393394	190522	0.4419498609443267	0.4416778921575616	0.453671533631492	6452	0.17943648000180415	0.17943648000180415	0
0.8438438438438438	209112	0.30566105622384115	0.3087163451989174	0.4477625342566216	6458	0.14915443860369645	0.14915443860369645	0
0.7312312312312312	116174	0.4652743579434887	0.4636339804159528	0.4389436239971802	5508	0.18817716066097734	0.18817716066097734	0
0.8488488488488488	128354	0.3526165109057137	0.3562309746807198	0.4374283973197179	6520	0.1799921947957704	0.1799921947957704	0
0.7132132132132132	146154	0.3839799727017166	0.3870428794150427	0.44689800893175674	5270	0.14353435095034392	0.14353435095034392	0
0.7582582582582582	82966	0.36503538643973155	0.36205617649720223	0.4257594447439379	5600	0.16016148097936828	0.16016148097936828	0
0.7912912912912913	170192	0.26180367983205605	0.2668514169253341	0.4494413722840367	6012	0.13747202684749713	0.13747202684749713	0
0.8258258258258259	167032	0.4448059824498418	0.44827156595488626	0.42694455626745814	6156	0.17131891940640995	0.17131891940640995	0
0.8473473473473474	204076	0.4994141270260193	0.4960523012443932	0.45270921960385624	6478	0.19321043638866858	0.19321043638866858	0
0.8123123123123124	123138	0.4016415715373788	0.4047251457416847	0.42875102205496624	6186	0.17386353152545933	0.17386353152545933	0
0.8653653653653653	236680	0.5047091290167633	0.5073956739997013	0.4418799153881832	6496	0.17759514259117487	0.17759514259117487	0
0.7477477477477478	164574	0.46011358371296174	0.46082232998196637	0.4454083576259491	5586	0.17630772854736088	0.17630772854736088	0
0.7957957957957957	140816	0.4728844193525432	0.47075511384395496	0.4466954491540889	6192	0.19330287018422238	0.19330287018422238	0
0.7957957957957957	135638	0.47922931584408823	0.48014591280857793	0.43049115478241373	6020	0.17218327058429217	0.17218327058429217	0
0.7127127127127126	130250	0.46212014560134124	0.45821580591604805	0.4204203427875444	5384	0.17322600456187226	0.17322600456187226	0
0.7732732732732732	164262	0.44765232932234256	0.4470991345586715	0.4546556456991742	5986	0.20668711331035047	0.20668711331035047	0
0.7902902902902903	137896	0.5354913507085326	0.5345318482827303	0.44354411622638	6060	0.20206916141307352	0.20206916141307352	0
0.7987987987987988	224140	0.4400525464980849	0.44139483071190644	0.44350269542753823	6000	0.13309754443466132	0.13309754443466132	0
0.6861861861861862	175820	0.5173335464340248	0.5110317712684272	0.44935206035971764	5172	0.19774535445408312	0.19774535445408312	0
0.8543543543543544	119690	0.3890827708235214	0.3903986197244582	0.4408187009703652	6432	0.17162090674652397	0.17162090674652397	0
0.8578578578578578	120488	0.4161020081569114	0.41490738119600007	0.43759794090056453	6598	0.1979912411973953	0.1979912411973953	0
0.8358358358358359	142340	0.3580322030556192	0.36238213815683773	0.44282114679629886	6082	0.1539228570568844	0.1539228570568844	0
0.7742742742742743	185186	0.3414534543189886	0.3413332059394767	0.4528453934272474	5960	0.17600822556495183	0.17600822556495183	0
0.8398398398398399	145124	0.3751423128617905	0.3725289611954087	0.44164170467855485	6398	0.1871655056291522	0.1871655056291522	0
0.7392392392392393	104146	0.33857681142845275	0.34204016775507073	0.4367149369447314	5570	0.1457341183299052	0.1457341183299052	0
0.6866866866866868	132348	0.312117824619397	0.31376829688866326	0.44059967758739366	5202	0.17406400423170926	0.17406400423170926	0
0.7847847847847848	126418	0.33946143519777255	0.3443305786836604	0.43107098720916753	5908	0.14211285656311257	0.14211285656311257	0
0.7442442442442443	138470	0.42053258905640567	0.419494004977453	0.44670067193589397	5670	0.174312141387128	0.174312141387128	0
0.8563563563563563	173240	0.3728388464783568	0.37449261360530806	0.44807099924531285	6442	0.1826587077705681	0.1826587077705681	0
0.7122122122122122	204654	0.42961868451793	0.4303320824719249	0.4545766776190856	5354	0.1517342122629672	0.1517342122629672	0
0.8158158158158157	139856	0.38355790670559975	0.3864129488649699	0.43985719195439477	6132	0.17712475772486738	0.17712475772486738	0
0.7182182182182182	110286	0.4003081657238502	0.39968401817901594	0.44224447191539284	5460	0.20012728161333576	0.20012728161333576	0
0.8563563563563563	159292	0.31099842456535043	0.31298559880496785	0.4492574918486702	6584	0.20116031396084277	0.20116031396084277	0
0.6261261261261262	119116	0.5010925446139528	0.5002407012823084	0.4458237705927219	4764	0.16541121380871465	0.16541121380871465	0
0.8198198198198199	145876	0.4770292770836129	0.4769278312520003	0.44276693765445235	6256	0.1804214445963797	0.1804214445963797	0
0.8348348348348349	99564	0.3379230878285617	0.34317534659129684	0.4265709739079064	6300	0.14672218903250173	0.14672218903250173	0
0.6771771771771772	140472	0.43956032114497773	0.43890389078558584	0.44511227545021076	5262	0.1665490303198125	0.1665490303198125	0
0.8103103103103103	249496	0.45850317838163135	0.45846876082875543	0.44670658362917276	6152	0.1730402780666869	0.1730402780666869	0
0.7667667667667668	213862	0.5496177459208031	0.5476733759175245	0.44911213801304767	5838	0.1848969954762185	0.1848969954762185	0
0.7512512512512513	95546	0.3788041336861563	0.3829595488738884	0.4341581220080884	5652	0.18669039647949018	0.18669039647949018	0
0.8553553553553553	151190	0.4893424420059789	0.48808765526411874	0.4432478694451438	6554	0.21342754074554132	0.21342754074554132	0
0.7602602602602603	172706	0.4207052698519873	0.4199418721448286	0.4545843271619807	5744	0.1378736041425505	0.1378736041425505	0
0.7662662662662663	121954	0.3954741103669609	0.4053458076142519	0.4239351235064232	5650	0.1415330663493122	0.1415330663493122	0
0.8313313313313313	154256	0.38435978442542756	0.3859859698659973	0.4437730142300493	6402	0.17583322487345854	0.17583322487345854	0
0.8308308308308309	165936	0.359650132545651	0.36194869711803657	0.42517825877040333	6170	0.17369602012579213	0.17369602012579213	0
0.7937937937937938	208358	0.4373959229699751	0.43633176127419554	0.44892029110715415	5910	0.17434840241399052	0.17434840241399052	0
0.8123123123123124	114018	0.29584843300366914	0.2982306665498458	0.44243138744722477	6280	0.1791532797941041	0.1791532797941041	0
0.7907907907907907	151694	0.4612264844012409	0.4603637177962485	0.44394961436328484	6112	0.1908003722667089	0.1908003722667089	0
0.7177177177177176	140750	0.45133737062077295	0.45142142249725453	0.4443018254937905	5442	0.16010443185353948	0.16010443185353948	0
0.8613613613613613	213618	0.4663064166702151	0.4659555215273326	0.4547647924893126	6612	0.20382863203638904	0.20382863203638904	0
0.7392392392392393	158918	0.38810167432572407	0.3937748409361104	0.4388180617014021	5516	0.16285998179857544	0.16285998179857544	0
0.7477477477477478	124692	0.3577048422439155	0.3574234123844191	0.44341042121954716	5668	0.15539650147319556	0.15539650147319556	0
0.7297297297297297	155302	0.5425233228816324	0.539159738931154	0.4386159895001369	5462	0.20923519606431257	0.20923519606431257	0
0.7857857857857857	153414	0.4698752058525485	0.4732462973603703	0.4509304694302356	5878	0.17434768876275622	0.17434768876275622	0
0.7852852852852853	141992	0.22257781459556542	0.2302090706045112	0.44698251180704135	5872	0.1375973682250804	0.1375973682250804	0
0.7177177177177176	127468	0.3561073979054261	0.3555928834347154	0.4268690015994108	5362	0.1546709310514113	0.1546709310514113	0
0.8623623623623624	144040	0.44238753457742397	0.4439246217903929	0.43559654919018503	6522	0.18330673008555062	0.18330673008555062	0
0.7682682682682682	138422	0.3181445746842507	0.32386883729419474	0.44387158718426906	5916	0.16493941574294654	0.16493941574294654	0
0.7977977977977978	173548	0.48103660207036536	0.47986745211550486	0.4455411303220629	6138	0.19646079129574864	0.19646079129574864	0
0.8588588588588588	151200	0.46532575965145856	0.46500356491684025	0.4499262621268875	6574	0.20089189318712217	0.20089189318712217	0
0.8768768768768769	193398	0.4492610085176842	0.45213861290377405	0.4482594518826515	6738	0.18159596089185764	0.18159596089185764	0
0.8293293293293293	169836	0.42844672327643807	0.4279501480474237	0.43930130295372466	6230	0.1508740425492781	0.1508740425492781	0
0.7967967967967968	152138	0.46218130574986466	0.4620862610190769	0.4291066634147704	5942	0.16119286213266928	0.16119286213266928	0
0.7167167167167168	111688	0.4315420167519063	0.4313681796669239	0.44026027428986886	5428	0.18701841575000683	0.18701841575000683	0
0.7927927927927928	143180	0.3458514360740641	0.35154096088082726	0.44374298943327467	6128	0.16338932977660045	0.16338932977660045	0
0.7777777777777778	117836	0.41713136802400314	0.4166142407906971	0.44008246626198555	5918	0.16124744242796002	0.16124744242796002	0
0.7347347347347347	161450	0.2747334897231599	0.27232668066024407	0.4476797584164524	5572	0.14973524016573694	0.14973524016573694	0
0.6616616616616617	272672	0.5201373405597031	0.5175117598221077	0.46047920973135487	5012	0.13984491474198238	0.13984491474198238	0
0.8008008008008007	145402	0.4002789187308218	0.39789669957887763	0.43806561753929607	6134	0.17206988932306072	0.17206988932306072	0
0.8483483483483484	124586	0.3492948534585137	0.35243147329819585	0.4388443981348886	6416	0.18389189990824842	0.18389189990824842	0
0.8913913913913913	173202	0.4546695329014985	0.45449312200673186	0.4442680634607185	6764	0.16680528365222108	0.16680528365222108	0
0.8728728728728729	119490	0.43713606716020875	0.43538751776210755	0.4378105402607817	6626	0.19576744192363815	0.19576744192363815	0
0.7067067067067068	142214	0.3181982668525342	0.318795374215918	0.4390175952283754	5310	0.1351729457048276	0.1351729457048276	0
0.7887887887887888	177710	0.44715452939540973	0.4508686958586415	0.43175941208156576	5930	0.16579481527449752	0.16579481527449752	0
0.8003003003003003	214032	0.49555578209247514	0.4919322197529112	0.4461274464499885	6110	0.17678046803442754	0.17678046803442754	0
0.7872872872872873	163470	0.3825241389668297	0.38355916968530895	0.4378453970720577	6048	0.16215295828364334	0.16215295828364334	0
0.7397397397397397	241146	0.505920703823171	0.5034954659256333	0.45770131971589306	5642	0.17528829491045164	0.17528829491045164	0
0.8083083083083082	121024	0.4219862453105907	0.4222589518560809	0.43271263773477103	6168	0.2040976035400063	0.2040976035400063	0
0.7412412412412412	193606	0.4994412644690626	0.5002276485954461	0.4448698629153865	5582	0.18319602783463032	0.18319602783463032	0
0.8928928928928929	150678	0.2749254627153962	0.2863141150801423	0.40649005871273974	6552	0.14216841155918497	0.14216841155918497	0
0.7767767767767768	139348	0.35132680969804553	0.35509554658854203	0.4382065541604789	5900	0.1484414956092342	0.1484414956092342	0
0.6501501501501501	110926	0.4395271954594648	0.44062533368251083	0.44663492563491963	4950	0.17856946462488532	0.17856946462488532	0
0.8258258258258259	101456	0.33491450963321634	0.34129060521770543	0.41016799774607565	6176	0.16926571993209305	0.16926571993209305	0
0.8313313313313313	128224	0.4778471777310568	0.47979845986137987	0.4399416055443927	6290	0.19518009781054774	0.19518009781054774	0
0.8493493493493494	197370	0.413928462863711	0.4133406453200504	0.45062705464914776	6462	0.1365953603347159	0.1365953603347159	0
0.8003003003003003	228980	0.47818897013045925	0.4760523010781211	0.44646472925093766	6138	0.16201144354212502	0.16201144354212502	0
0.7677677677677678	156696	0.38294707647719123	0.38593771881303474	0.44087015938924123	5830	0.16421483938787224	0.16421483938787224	0
0.7972972972972973	103532	0.44476261309355275	0.4448940029930688	0.441272157166293	6096	0.16999237012619695	0.16999237012619695	0
0.8338338338338338	156986	0.42518816605452353	0.4252293764213595	0.44723227515107444	6188	0.16221164864893245	0.16221164864893245	0
0.8673673673673674	153588	0.49148931019332015	0.49597279178050535	0.4504461117232648	6646	0.1851178717056431	0.1851178717056431	0
0.6766766766766767	156358	0.49400595427870864	0.49189083896589075	0.4246867583740417	5090	0.14057180602834748	0.14057180602834748	0
0.8608608608608609	163722	0.40886717049508875	0.40616572061530587	0.4482607386967486	6626	0.17992437053625288	0.17992437053625288	0
0.7852852852852853	186178	0.5414659335068143	0.5410808919112835	0.4537310643701842	5906	0.21198239617983056	0.21198239617983056	0
0.8463463463463463	144296	0.4558751631685131	0.45516912745814386	0.44700317783816895	6514	0.20893894496974066	0.20893894496974066	0
0.7862862862862863	183318	0.465877600550661	0.4666270534439287	0.4483776815096574	6004	0.16913225356696943	0.16913225356696943	0
0.8108108108108107	202610	0.5008947932048954	0.5022308381319387	0.4533752078160653	6126	0.17232832633605535	0.17232832633605535	0
0.7307307307307307	144738	0.39944748503490773	0.40029169012665683	0.4472513412575911	5548	0.16002725806963428	0.16002725806963428	0
0.7332332332332332	117410	0.37127504887031365	0.3748645053395044	0.43115402961309784	5622	0.16192650452813087	0.16192650452813087	0
0.7502502502502503	163698	0.39910953607086636	0.39978839140155614	0.4515762502261056	5778	0.1716873209225367	0.1716873209225367	0
0.8143143143143143	99194	0.3039119335308575	0.3079579782047326	0.4138016286849379	6162	0.16098393272464845	0.16098393272464845	0
0.7987987987987988	171520	0.40273210084360755	0.4009128871396525	0.4491249545004122	6032	0.13692575552234182	0.13692575552234182	0
0.8573573573573574	151328	0.3582715411489847	0.3625325718064302	0.44285091149350514	6566	0.17104498962985515	0.17104498962985515	0
0.7342342342342343	99866	0.3297620933777944	0.33489215624038454	0.4244983023517579	5480	0.13108503075737293	0.13108503075737293	0
0.8313313313313313	145668	0.4536385175281983	0.4551617778061766	0.43563526558162113	6372	0.20313154598931404	0.20313154598931404	0
0.7427427427427428	107218	0.39621677482638096	0.40103007322510903	0.43086608565902007	5690	0.15379064143609444	0.15379064143609444	0
0.7817817817817818	167110	0.4630604583444271	0.4638401788252075	0.44929470120035114	6030	0.16225749739584655	0.16225749739584655	0
0.7917917917917918	150182	0.4223349959938905	0.42256863342019213	0.4387214821061422	5994	0.19143286986960312	0.19143286986960312	0
0.7287287287287287	184224	0.3401858549914304	0.3387653736280806	0.4450228624999644	5596	0.17473770177666365	0.17473770177666365	0
0.8393393393393394	110986	0.2921813027899322	0.2996110393764046	0.42994957042309245	6446	0.16959537474443367	0.16959537474443367	0
0.8638638638638638	211384	0.40335172641195655	0.40675390034982845	0.4545716410349882	6602	0.19100701606537887	0.19100701606537887	0
0.7897897897897898	142780	0.37882616801941177	0.3785928158109571	0.446227474663398	5896	0.15268306934882592	0.15268306934882592	0
0.8013013013013013	109178	0.4406721943363485	0.4435828556985546	0.43064914477378596	6020	0.17108633083689026	0.17108633083689026	0
0.8193193193193193	261416	0.4908305067117929	0.4938357474816166	0.4546092834215079	6202	0.17593962424384058	0.17593962424384058	0
0.8163163163163163	172728	0.47687239058507724	0.4769817729017854	0.4452653974021976	6126	0.1632393217161512	0.1632393217161512	0
0.9119119119119119	289662	0.4965243389325183	0.4973732280365356	0.456074355008712	7010	0.17871508180847961	0.17871508180847961	0
0.8128128128128128	121032	0.4369600099234537	0.435524073653253	0.43971364977884814	6216	0.1733752292771359	0.1733752292771359	0
0.8268268268268268	153312	0.3937161938685059	0.3952322171332972	0.44518775878600186	6094	0.1719390182031989	0.1719390182031989	0
0.7382382382382382	230658	0.5431685697891915	0.5417099213066153	0.4490129740677485	5674	0.1497133978759203	0.1497133978759203	0
0.8663663663663663	161928	0.42395548720304793	0.42382473099511964	0.4366813735404254	6564	0.17772331247049877	0.17772331247049877	0
0.8248248248248249	204104	0.398549880499189	0.4037500970154483	0.44401433747470764	6360	0.1913408615674197	0.1913408615674197	0
0.8508508508508509	190258	0.39926047007481186	0.4007796911642199	0.4442701415305877	6456	0.184030166248191	0.184030166248191	0
0.7967967967967968	99580	0.460579507596435	0.46253185684229936	0.4351136702408172	6092	0.19436080417419202	0.19436080417419202	0
0.8163163163163163	115570	0.410029964380902	0.41040630891298036	0.4305507340329729	5944	0.15767399488051614	0.15767399488051614	0
0.8148148148148149	144000	0.36762968137517404	0.3684409786788737	0.44641303668285975	6216	0.18513213240934664	0.18513213240934664	0
0.7417417417417418	169120	0.5052615655037809	0.5035418418822512	0.44148516430924084	5706	0.17492945890075112	0.17492945890075112	0
0.8543543543543544	222596	0.42691366054889124	0.42635227697953393	0.4355350377320317	6522	0.148546918551755	0.148546918551755	0
0.7667667667667668	131606	0.49368172813170585	0.4909298905914009	0.42830511491509277	5886	0.2089450031994818	0.2089450031994818	0
0.8088088088088088	132454	0.34894312419389495	0.34818117386196706	0.44569414072809516	6214	0.19782268155552535	0.19782268155552535	0
0.7567567567567568	145170	0.49153310089950597	0.48759081374021557	0.45024643439049816	5804	0.1754618534221551	0.1754618534221551	0
0.7662662662662663	226836	0.3208483050309396	0.32104025817458215	0.459328798947684	6004	0.14113486411885073	0.14113486411885073	0
0.6931931931931932	203078	0.3689688075081778	0.3683467546147304	0.4559744996871779	5190	0.13194694023673614	0.13194694023673614	0
0.8308308308308309	219238	0.4483706212002208	0.44868524945318045	0.4485874826338723	6242	0.18363716729323987	0.18363716729323987	0
0.7547547547547547	119834	0.39305492745845894	0.39195328338646573	0.438169181644359	5532	0.1711735805543828	0.1711735805543828	0
0.8393393393393394	165326	0.38397279880410634	0.38701331723717014	0.44355897517021364	6370	0.1648726183286257	0.1648726183286257	0
0.8128128128128128	175108	0.40813957970242276	0.4113005635289766	0.45191375944307643	6176	0.1681011480874455	0.1681011480874455	0
0.9089089089089089	346556	0.4571373990613543	0.46005992311372745	0.4529775134635794	6864	0.1846802260313806	0.1846802260313806	0
0.8253253253253253	259560	0.4592213923647271	0.4592196385438103	0.4569767145337658	6326	0.19296678307873177	0.19296678307873177	0
0.8488488488488488	193274	0.40154790161165493	0.4079635755821387	0.4444275527487043	6420	0.18372236885169604	0.18372236885169604	0
0.8173173173173174	154424	0.3652521121779782	0.3705781480086229	0.44525541575874733	6214	0.1532043919129522	0.1532043919129522	0
0.8073073073073074	160218	0.24450547837543782	0.24649912152501652	0.45109867217170757	6138	0.18113564963391932	0.18113564963391932	0
0.8548548548548549	124460	0.4618019494183329	0.4600552112442561	0.4203659872139955	6588	0.21889511123110228	0.21889511123110228	0
0.8728728728728729	168816	0.445946471727792	0.44493370563185924	0.4494018742112495	6698	0.20166449072989567	0.20166449072989567	0
0.7972972972972973	152636	0.5125381309735558	0.5061916528594675	0.44340758569932065	5982	0.1783857342960676	0.1783857342960676	0
0.7952952952952953	139352	0.48160451895824036	0.48396336173983395	0.43917644978695874	5938	0.17783061264520852	0.17783061264520852	0
0.8423423423423424	154764	0.3223529509327505	0.32620024308776185	0.4379172448908835	6270	0.15145708527707163	0.15145708527707163	0
0.7532532532532532	174960	0.5191915526758528	0.5188127429853614	0.4518360339948047	5688	0.17366934908533646	0.17366934908533646	0
0.7627627627627628	214924	0.3958636057989996	0.3974920185082122	0.45420403154553485	5754	0.16660501118115104	0.16660501118115104	0
0.8128128128128128	146628	0.5244436233291094	0.5265504311956429	0.4447957318765896	6234	0.2177099477043252	0.2177099477043252	0
0.7462462462462462	156928	0.40814370063443767	0.408886405551944	0.44453740303187866	5694	0.1668975661320695	0.1668975661320695	0
0.7717717717717718	113002	0.42456575576770605	0.4251099965521183	0.4445304154070104	5842	0.19995539559483239	0.19995539559483239	0
0.7577577577577578	179120	0.3773914848613829	0.3780617196412686	0.4580174046179186	5644	0.1438258814946745	0.1438258814946745	0
0.7777777777777778	141500	0.45248552440164097	0.4494514416858114	0.4388458859890569	5908	0.19853726438251615	0.19853726438251615	0
0.8548548548548549	128076	0.47713869752752663	0.4746242181146979	0.4414358817761339	6444	0.1551825994487965	0.1551825994487965	0
0.8303303303303303	150032	0.5118657013456005	0.5093067693219536	0.44772365382296725	6284	0.19541170537104505	0.19541170537104505	0
0.7992992992992993	134520	0.43806670610746096	0.434438560903519	0.43971276253996927	6084	0.18173751425160328	0.18173751425160328	0
0.8598598598598599	167994	0.4155551784442702	0.4181370579747245	0.43709104534329035	6550	0.1956929147588929	0.1956929147588929	0
0.7787787787787788	101586	0.3875369720891429	0.39088056755957645	0.4366508782303629	5904	0.16258936310656816	0.16258936310656816	0
0.7842842842842843	127550	0.4685861725590444	0.4661311283241452	0.4379547815325511	5894	0.16483270607494	0.16483270607494	0
0.8693693693693694	187974	0.4768830524304064	0.4747854141059209	0.4467499675289624	6660	0.20797372246038123	0.20797372246038123	0
0.8898898898898899	169970	0.34971605272945244	0.3513575702524203	0.4481926382349173	6778	0.1969839732799513	0.1969839732799513	0
0.8293293293293293	126188	0.44567479333677795	0.44750499171669245	0.4383119184541741	6296	0.19478469949280633	0.19478469949280633	0
0.7927927927927928	166100	0.3597365789920329	0.3598210046966009	0.4543136642465116	5968	0.14380793442786147	0.14380793442786147	0
0.8213213213213213	130224	0.4812456368387505	0.4818536153484356	0.4429926645438506	6282	0.20053538032200174	0.20053538032200174	0
0.7612612612612613	152300	0.2462929368781177	0.25303105953570076	0.4535164495443474	5854	0.15726793803408068	0.15726793803408068	0
0.7527527527527528	111970	0.4091594276544857	0.4048689407437975	0.4291618345691359	5734	0.17415280479753728	0.17415280479753728	0
0.7902902902902903	174274	0.5126342097184946	0.5110294758670814	0.44207285767368026	5794	0.17898205589689495	0.17898205589689495	0
0.7897897897897898	110174	0.4209727069382559	0.4225271714870932	0.43514583640026466	5854	0.17517037128414042	0.17517037128414042	0
0.7912912912912913	169488	0.5714149328506861	0.5709359000633172	0.43641642046602386	5952	0.20078285264633677	0.20078285264633677	0
0.8383383383383384	139092	0.2542162450052854	0.2586990850770422	0.44167180839943226	6316	0.1757334582842823	0.1757334582842823	0
0.8348348348348349	147272	0.42525475189413237	0.4278176414978238	0.4315473855921818	6296	0.19149749740331784	0.19149749740331784	0
0.8278278278278278	183176	0.4501028616090422	0.4494143223295271	0.44753368921607245	6236	0.17360651975905364	0.17360651975905364	0
0.8503503503503503	194166	0.5017891914754915	0.5009463390961973	0.45031450120332767	6452	0.1671352418094105	0.1671352418094105	0
0.8498498498498499	203072	0.4772455570742095	0.47383239303811253	0.4523683794982985	6542	0.18305785559945845	0.18305785559945845	0
0.7277277277277276	123274	0.39756404952831165	0.3975037004045184	0.44386986721886035	5532	0.15338365295104453	0.15338365295104453	0
0.7487487487487487	150098	0.34880393770571905	0.3501853391128469	0.4510011935886687	5674	0.1777558602820159	0.1777558602820159	0
0.7602602602602603	130094	0.27194390986197897	0.2740978498363894	0.4475900496935275	5692	0.11563946579722308	0.11563946579722308	0
0.7607607607607607	122064	0.49109059899712765	0.48717129724280345	0.4446482019541489	5736	0.16952952756146622	0.16952952756146622	0
0.8023023023023023	170206	0.4962826328024388	0.49391506566057086	0.44961345475778125	6236	0.2149219137839887	0.2149219137839887	0
0.8628628628628628	154230	0.31022170584882963	0.3237172135743278	0.43015473740485577	6520	0.1680685706793178	0.1680685706793178	0
0.6936936936936937	183996	0.4297309890582448	0.4291602016466759	0.4563043796729646	5388	0.1589002234224972	0.1589002234224972	0
0.6341341341341341	127544	0.312326746963279	0.31362596309410884	0.4468634170016607	4846	0.1349940364026153	0.1349940364026153	0
0.8148148148148149	161830	0.4364660338130666	0.4358611439321559	0.45130042906070117	6274	0.17827224460303387	0.17827224460303387	0
0.8273273273273274	210986	0.3894864983222247	0.3909670140933953	0.45412850796880405	6256	0.1497155736196487	0.1497155736196487	0
0.8418418418418419	107182	0.36287545759034967	0.3672495002139395	0.43372840492628256	6320	0.1721233323955165	0.1721233323955165	0
0.8383383383383384	197760	0.46006050604142307	0.4618964155161128	0.4482738985521267	6332	0.17964494362642458	0.17964494362642458	0
0.7122122122122122	102448	0.3981317389966477	0.40164215205244	0.44065966647147126	5372	0.1635592098167336	0.1635592098167336	0
0.9014014014014013	146930	0.4582877759430082	0.46239316316221696	0.4318027016144659	6754	0.18368899505714054	0.18368899505714054	0
0.7877877877877878	174588	0.3569351181712312	0.3584743851810018	0.4453117303240364	6056	0.1762529613641408	0.1762529613641408	0
0.8438438438438438	165652	0.22409520321447013	0.22964667590862786	0.44831684589344795	6484	0.17578978146751212	0.17578978146751212	0
0.8048048048048049	168804	0.43825754100740894	0.4380138818893224	0.4471682782337399	6196	0.20362430087493502	0.20362430087493502	0
0.8093093093093093	193352	0.32740686318727974	0.32924006448247073	0.44203916790178904	6260	0.1698935579303916	0.1698935579303916	0
0.7532532532532532	115830	0.3408621036249251	0.34489383692471665	0.433521894795662	5594	0.1738982824507671	0.1738982824507671	0
0.8138138138138138	128986	0.32583606404401005	0.332319872509207	0.44739068507867735	6232	0.1822673282260346	0.1822673282260346	0
0.8543543543543544	146018	0.40640278974264527	0.4057683536400822	0.43459728081430465	6538	0.1911793259822851	0.1911793259822851	0
0.7507507507507507	152386	0.4639625123739035	0.4639242939251311	0.4518532274300833	5688	0.17626788114001316	0.17626788114001316	0
0.7467467467467468	174810	0.4909167614654216	0.48980343761725603	0.4499419076511035	5710	0.16908403174703207	0.16908403174703207	0
0.7882882882882882	115034	0.25898148740061	0.27096319992589507	0.42145449201759794	6000	0.16936936996750407	0.16936936996750407	0
0.7412412412412412	141760	0.49358885380574286	0.491176062648225	0.45181141467707103	5678	0.19101474887819064	0.19101474887819064	0
0.8148148148148149	121824	0.2374664591858947	0.24164072602485437	0.43304186620801954	6260	0.16436389903328338	0.16436389903328338	0
0.8043043043043043	208794	0.32454881502708716	0.3266565228142356	0.450953076667656	6188	0.13568916037779286	0.13568916037779286	0
0.8483483483483484	159540	0.3370556561390436	0.3423913324613216	0.44174513293628587	6366	0.1665539474914598	0.1665539474914598	0
0.6901901901901901	129504	0.2858437658042993	0.29018331359021776	0.4415064746045285	5120	0.14121780712714288	0.14121780712714288	0
0.8543543543543544	274602	0.4474062959414053	0.4475249283788639	0.45529639608894373	6566	0.18846814734421408	0.18846814734421408	0
0.7727727727727728	156854	0.3426272868766807	0.3419709923696057	0.4494399313455711	5944	0.17470836805541268	0.17470836805541268	0
0.7607607607607607	106432	0.4639825233424614	0.46569955740222774	0.42059598453113334	5686	0.18486324479330257	0.18486324479330257	0
0.8293293293293293	214982	0.4798058027855428	0.47972331078976677	0.4498419208330908	6426	0.18280097314071325	0.18280097314071325	0
0.7682682682682682	162690	0.4059303386381504	0.40286087127201836	0.45047386435155606	5938	0.18706873703054647	0.18706873703054647	0
0.8803803803803804	158746	0.3818498796655722	0.38426936424920816	0.4475060052261175	6626	0.17494750681821053	0.17494750681821053	0
0.7242242242242243	106906	0.4174564265057788	0.41969870208952853	0.43939040512032923	5580	0.19122509531769322	0.19122509531769322	0
0.8098098098098099	288766	0.45077477499787283	0.4491762659961309	0.45189236673489264	6192	0.15816331110793339	0.15816331110793339	0
0.8028028028028028	276228	0.4393752389820471	0.4485223476026332	0.4528360079309836	6028	0.16205931702306195	0.16205931702306195	0
0.6981981981981982	120632	0.4018429943322684	0.4057671415322743	0.4523250365773164	5432	0.1440209758185859	0.1440209758185859	0
0.7717717717717718	242986	0.48689111557256237	0.4879336513273683	0.45124534553709933	5904	0.19853248094753578	0.19853248094753578	0
0.8018018018018018	126682	0.2760598640463076	0.2782941424152926	0.4208276829541191	6010	0.15708580590724067	0.15708580590724067	0
0.6826826826826826	94448	0.3632280956386733	0.36270783768177994	0.44011977688322473	5242	0.17256222463159898	0.17256222463159898	0
0.7112112112112112	147826	0.3391224059416995	0.3392078898253962	0.43551730129212274	5396	0.14374540489781007	0.14374540489781007	0
0.7677677677677678	105594	0.4517855146483206	0.4548927216713824	0.4380234036752603	5930	0.188121242220577	0.188121242220577	0
0.7627627627627628	132348	0.3314842439451953	0.3326214577910196	0.44181779060483756	5832	0.19852427014089988	0.19852427014089988	0
0.8463463463463463	163274	0.37271051419069606	0.37128174315796403	0.4500827495640129	6476	0.17248177822977304	0.17248177822977304	0
0.8383383383383384	198762	0.4374956398880653	0.43623708195969796	0.4567014618867067	6376	0.18104528297501146	0.18104528297501146	0
0.7627627627627628	145292	0.3358160360936297	0.3390130943125714	0.44905692682501375	5850	0.15797207204602626	0.15797207204602626	0
0.7022022022022022	82706	0.35768063312370235	0.36215091822949597	0.4257334810306799	5376	0.15146774740378713	0.15146774740378713	0
0.8628628628628628	237760	0.5052709848890468	0.505661231635183	0.4469213850680984	6418	0.16013153313891001	0.16013153313891001	0
