Utilization	Connections(A2A)	Lvl1TraffRatio(A2A)	Lvl1TraffRatioNoIndirect(A2A)	RatioIndirect(A2A)	Connections(AR)	Lvl1TraffRatio(AR)	Lvl1TraffRatioNoIndirect(AR)	RatioIndirect(AR)
0.98583984375	193218	0.301292320171952	0.300493966498424	0.4381849580111594	7672	0.10026273013638962	0.10026273013638962	0
0.98486328125	155174	0.39163625202493346	0.3925111634997779	0.4329473296626422	7662	0.11557301140766602	0.11557301140766602	0
0.9697265625	107954	0.24807886101743895	0.2529199806587385	0.4234280264097278	7484	0.11442097004969375	0.11442097004969375	0
0.998046875	182332	0.3394518232358537	0.34157989793767984	0.4154294792417282	7306	0.13150168756177633	0.13150168756177633	0
1.0	187406	0.42504194379218846	0.4225172639072057	0.4249930052791388	7704	0.11083902558676385	0.11083902558676385	0
0.9970703125	251024	0.3996278386041833	0.39845969040311713	0.44787818135855334	7920	0.1409394792843904	0.1409394792843904	0
0.99560546875	195266	0.24427563939812608	0.2522151450633637	0.43531868986211814	7840	0.11269075565098459	0.11269075565098459	0
0.9814453125	417362	0.5027096203843976	0.49907329146739104	0.45407531389042627	7578	0.11533256459367398	0.11533256459367398	0
0.99609375	203508	0.22358691358013255	0.23109652536901212	0.43182295322751046	7844	0.09484150469931268	0.09484150469931268	0
0.99072265625	385418	0.4735512051227188	0.47088883138753335	0.4587564756651939	7742	0.08456982854437345	0.08456982854437345	0
0.998046875	209420	0.29119357545069574	0.2921191502281242	0.4414604983495832	7734	0.10774826068733494	0.10774826068733494	0
0.99365234375	292972	0.41671556399370796	0.4187677451207839	0.44298436265050456	7742	0.10058878612776156	0.10058878612776156	0
0.99365234375	354174	0.405394608551838	0.4081020664182622	0.4324801431669134	7700	0.0800314038346699	0.0800314038346699	0
1.0	153916	0.43506783228049445	0.4390944048190821	0.4097964009823129	7792	0.1451123747023753	0.1451123747023753	0
1.0	209114	0.36614598431992795	0.36404212499895827	0.4308310842706496	7788	0.10361576805822491	0.10361576805822491	0
1.0	187742	0.42194973209638564	0.4212267536432794	0.43033795716312095	7732	0.1167799829396383	0.1167799829396383	0
1.0	194764	0.28183513388229564	0.2823958222569448	0.43302212062623924	7738	0.11355708486654623	0.11355708486654623	0
1.0	249434	0.3598084394788894	0.357796537841828	0.4458241735229376	7866	0.12192603763706732	0.12192603763706732	0
0.970703125	241638	0.4144461984825943	0.41293094432669913	0.4488576450649551	7536	0.10077633794974938	0.10077633794974938	0
0.98779296875	208946	0.2992053497925525	0.3009199903893852	0.441497814067773	7738	0.09880027542239078	0.09880027542239078	0
1.0	134362	0.3414627572464639	0.34610999508291357	0.42473682234101834	7744	0.1148771058302441	0.1148771058302441	0
1.0	226352	0.16732493103665802	0.17397477634488737	0.4268488140993442	7656	0.08301044195437432	0.08301044195437432	0
1.0	183884	0.2471154236052235	0.2542634202328859	0.42938597945901735	7524	0.10778497842551599	0.10778497842551599	0
1.0	285450	0.3592438489007143	0.3584477016559215	0.4447346940670925	7904	0.09839336696019574	0.09839336696019574	0
0.99267578125	136654	0.21972424984239777	0.22619827828643643	0.42577101884958535	7616	0.11444841523521838	0.11444841523521838	0
0.9833984375	159594	0.23341397145363726	0.23795403334968063	0.4458266835747878	7834	0.11553834985574493	0.11553834985574493	0
0.98486328125	188208	0.38465433783639985	0.3866573367492254	0.4305483474281488	7684	0.1076020694026835	0.1076020694026835	0
1.0	171092	0.3502949542652115	0.34881330519771664	0.42800420691741126	7658	0.11077264746842796	0.11077264746842796	0
0.958984375	252684	0.3679282883018798	0.3680947688107577	0.43080979713753603	7532	0.12206726304498303	0.12206726304498303	0
0.9951171875	271860	0.3220731115137558	0.32346012236713734	0.44121841434873893	7778	0.0871095643194911	0.0871095643194911	0
0.98583984375	153790	0.3116550398734718	0.31386762900330684	0.4392048454219946	7698	0.09809622047542078	0.09809622047542078	0
0.998046875	181180	0.32086228021775787	0.3251425362130215	0.43577041427535707	7754	0.11344526079612884	0.11344526079612884	0
0.998046875	180486	0.18884871021112173	0.1937868872263733	0.4349738594323238	7854	0.08891854906865537	0.08891854906865537	0
1.0	213046	0.33224364659289934	0.33485797698510983	0.43824995702098063	7728	0.11322627419231086	0.11322627419231086	0
0.98486328125	196724	0.25730203724846534	0.2614600262967921	0.4413418987752167	7692	0.09169619150707611	0.09169619150707611	0
0.998046875	180848	0.2666544606224348	0.2752905253146414	0.4181170168338486	7480	0.1051959470053543	0.1051959470053543	0
1.0	214126	0.28748112124065006	0.2874992661877875	0.4238847295574087	7696	0.11724085703634435	0.11724085703634435	0
0.9970703125	217548	0.44648654990846953	0.4449657427831729	0.4421220854978219	7878	0.10608492099926738	0.10608492099926738	0
0.994140625	208104	0.4323160660968605	0.4310697904484438	0.43598251603832977	7752	0.11979694891642317	0.11979694891642317	0
1.0	187016	0.35575895577538386	0.3557832723556683	0.43804416340672137	7774	0.1267364568847851	0.1267364568847851	0
0.98828125	138286	0.32442474066860616	0.33130566739421685	0.4169234873706001	7448	0.11079209504450943	0.11079209504450943	0
1.0	191620	0.38520729027488565	0.38514734476183493	0.4327643415799414	7754	0.11580477253888141	0.11580477253888141	0
0.95458984375	222592	0.40730487318699093	0.40782613789076644	0.44220296876203785	7392	0.10626370253496463	0.10626370253496463	0
0.98486328125	189116	0.30285207875951337	0.309731330956302	0.4286068628937531	7466	0.09608893709575277	0.09608893709575277	0
1.0	237202	0.408051459583413	0.40986900047879926	0.4299089309280579	7840	0.09333809478524921	0.09333809478524921	0
0.998046875	216974	0.42137920341493174	0.42238992654435764	0.43017557085386593	7544	0.10430295705976843	0.10430295705976843	0
0.9931640625	224416	0.38022644148779206	0.3827382090398018	0.42112173636151445	7722	0.10058656503918041	0.10058656503918041	0
0.98486328125	149734	0.27337756451064343	0.2768835347731437	0.42503624701965204	7656	0.09462010389544293	0.09462010389544293	0
1.0	174610	0.46435028144816853	0.4606658256879913	0.44007286169396953	7942	0.11786806404790233	0.11786806404790233	0
0.8486328125	113882	0.34225756823597897	0.34799561431443027	0.43603072162158285	6530	0.11428553139022701	0.11428553139022701	0
0.998046875	151070	0.19220577172484274	0.19536923359310202	0.42296616711314244	7866	0.09674923349025985	0.09674923349025985	0
0.998046875	172288	0.19976603760736636	0.2072225399169306	0.4314179470168058	7774	0.10215444695324119	0.10215444695324119	0
0.99609375	242756	0.3009440002672284	0.2986713762501572	0.44495193809202144	7820	0.12227802251475244	0.12227802251475244	0
1.0	161572	0.2785066747173403	0.28304923791918146	0.42386261957096383	7608	0.10806384816531847	0.10806384816531847	0
1.0	256052	0.32678307199754314	0.3313908909954244	0.4451717931058348	7806	0.10234903019344778	0.10234903019344778	0
0.9970703125	288404	0.42047551643369874	0.41915303295411943	0.4344863410455091	7744	0.10792585301349746	0.10792585301349746	0
0.9931640625	232766	0.18836507739497566	0.19499997496402818	0.43491993599695183	7660	0.0889991028992834	0.0889991028992834	0
0.98486328125	242590	0.3794564803537613	0.3816748160014715	0.439622683735575	7684	0.14538192149520185	0.14538192149520185	0
0.99365234375	186702	0.2631419318702786	0.2684236861248774	0.43433108836966444	7580	0.10377949106775619	0.10377949106775619	0
0.97216796875	205910	0.4161609125394766	0.4174776517462646	0.44515365765105	7668	0.1289531318760536	0.1289531318760536	0
0.98779296875	110742	0.22910668072813034	0.2367048441666602	0.4167997361608628	7558	0.0977866057830456	0.0977866057830456	0
0.9404296875	390770	0.4306637857129778	0.43084606860438934	0.4625627943872681	7380	0.11235700780957765	0.11235700780957765	0
1.0	226030	0.31261055097356977	0.3160381491075575	0.43882260798252787	7772	0.08688748211033048	0.08688748211033048	0
0.9580078125	205106	0.3531393830240622	0.3588422860182693	0.4521690080472522	7382	0.11441011693482915	0.11441011693482915	0
0.9921875	224360	0.29587303714992963	0.30015684332338094	0.4296769578018444	7558	0.10492385229683378	0.10492385229683378	0
1.0	182046	0.3177613418750508	0.32355532545672	0.4153391018258023	7582	0.12215133829194937	0.12215133829194937	0
0.99560546875	159808	0.283358389309569	0.2890271147503113	0.4322280723071639	7638	0.10651566987867107	0.10651566987867107	0
0.998046875	304990	0.3481161188968807	0.34959984918745624	0.43466531868101305	7732	0.0814252783858998	0.0814252783858998	0
0.998046875	229246	0.41319673195631185	0.41417038364007824	0.4331235628493811	7804	0.1090657898104367	0.1090657898104367	0
0.9013671875	93322	0.22211303220924736	0.2256460512998069	0.41931526691750093	7034	0.13146380497370155	0.13146380497370155	0
0.98779296875	228820	0.36220589982948176	0.36253870224984164	0.4404698766100001	7570	0.1157382394950432	0.1157382394950432	0
1.0	275102	0.38189091089435057	0.3828127223550955	0.4350881388983565	7724	0.12153554912576349	0.12153554912576349	0
1.0	139532	0.19076739346588684	0.19440139244039975	0.42055861434475356	7800	0.12098212485098904	0.12098212485098904	0
0.9697265625	294812	0.3793399612684938	0.3797022407494627	0.4437103802833647	7534	0.09968069113986802	0.09968069113986802	0
0.994140625	182872	0.39619459990821965	0.3967086397535586	0.42987642091838646	7882	0.11100564374857765	0.11100564374857765	0
0.99560546875	240752	0.3456893916086541	0.34702441971839526	0.43246844492592396	7576	0.08160385609233946	0.08160385609233946	0
1.0	261410	0.35551349288637396	0.36150898516356006	0.44793559758931467	7870	0.0953275435857403	0.0953275435857403	0
0.998046875	222092	0.28763674210987406	0.28816912597085637	0.437324195099664	7726	0.13823811609763795	0.13823811609763795	0
1.0	297146	0.45799359079506263	0.4563039588559112	0.44758199607720894	7896	0.10153404163518036	0.10153404163518036	0
1.0	224060	0.26706544063197335	0.2710332709006316	0.42614758142613823	7574	0.09735461164528825	0.09735461164528825	0
0.99560546875	172326	0.3340325399898449	0.33869859837102295	0.4303120100506828	7602	0.09819645562067296	0.09819645562067296	0
0.97314453125	220082	0.3408741326131718	0.3426215601502312	0.43175731049951827	7628	0.09162350836899413	0.09162350836899413	0
0.98046875	160312	0.33962552136572577	0.3479669848171243	0.4261733630396342	7590	0.1143240935123016	0.1143240935123016	0
0.99365234375	168798	0.3346694262164222	0.33528389682195303	0.4371272675001023	7658	0.11755919891929996	0.11755919891929996	0
1.0	127994	0.38534539465380063	0.3912920572398151	0.418593095828999	7854	0.11501591240766888	0.11501591240766888	0
0.95751953125	211540	0.32556700669128724	0.32188697619229584	0.4421183157550477	7448	0.1298757408934747	0.1298757408934747	0
1.0	224426	0.46131749848899295	0.46564989089450964	0.43457594512326025	7572	0.12533289215861718	0.12533289215861718	0
1.0	153268	0.3724988794052245	0.37159945379823955	0.4298750355547314	7760	0.11678361463480427	0.11678361463480427	0
0.99365234375	308260	0.47242209402658936	0.47449024680552404	0.4171559313327417	7512	0.110421047950749	0.110421047950749	0
1.0	241358	0.3724114539819839	0.3751052396758754	0.43810224163508993	7744	0.11063282122930519	0.11063282122930519	0
0.9912109375	163056	0.3314442017200571	0.33269908097216616	0.4269091517417287	7804	0.1142257258223712	0.1142257258223712	0
1.0	188594	0.26236204737809904	0.2661841825491338	0.4225139103836957	7686	0.09870668330068254	0.09870668330068254	0
1.0	144958	0.34427846393804457	0.348709998472193	0.41940031228211533	7652	0.10141131819321683	0.10141131819321683	0
1.0	252878	0.3041286342019176	0.3045430132804485	0.44128475810764245	7804	0.09362562730281615	0.09362562730281615	0
0.998046875	131436	0.30993987602155026	0.312939046324199	0.4303703618262286	7806	0.11223583095369787	0.11223583095369787	0
0.9716796875	148708	0.3421394341301386	0.34573683434591196	0.426917022870753	7366	0.133809413463436	0.133809413463436	0
0.998046875	208648	0.36005057693220066	0.366940871454373	0.42378515698316255	7542	0.1062111049579408	0.1062111049579408	0
0.9833984375	247736	0.3699616233450343	0.36882919310217277	0.44500845167049863	7538	0.10738415030667775	0.10738415030667775	0
1.0	350844	0.43772746941416046	0.4360577312840806	0.45244958532102103	7912	0.09158677958668045	0.09158677958668045	0
0.99560546875	177880	0.21023881895593638	0.2180267707064243	0.4228170754194683	7660	0.10155719733076886	0.10155719733076886	0
0.998046875	213440	0.4130738494880749	0.41475484476601027	0.4375904949234192	7610	0.12237701711874815	0.12237701711874815	0
0.998046875	168664	0.25720013496336713	0.26051497858404155	0.44035292523580766	7796	0.0900072996864075	0.0900072996864075	0
0.9580078125	194162	0.2580734593131272	0.26505888633778296	0.44683111249333124	7656	0.1118817553122014	0.1118817553122014	0
0.998046875	246270	0.1876463236775526	0.2013153102852496	0.44788144738236535	7628	0.10198223288617772	0.10198223288617772	0
0.998046875	170204	0.3645074693837978	0.3702216005975198	0.4394832363211323	7678	0.09534055317078499	0.09534055317078499	0
0.9697265625	215070	0.35608976845232726	0.35828303158914215	0.437030027825346	7560	0.09880236725530188	0.09880236725530188	0
0.98974609375	171122	0.27057432760667943	0.27186003992326824	0.44169208205765426	7674	0.10951697054957371	0.10951697054957371	0
0.998046875	191784	0.31657511751233236	0.3213500983568272	0.4211016765387132	7578	0.10073790134752772	0.10073790134752772	0
0.99560546875	260340	0.4210573306553138	0.4222929617037957	0.4458444419342668	7778	0.10934043873379616	0.10934043873379616	0
1.0	282068	0.3803857748695048	0.38075391771452155	0.4418430276009449	7598	0.09484224839600722	0.09484224839600722	0
0.998046875	152302	0.3381123375603291	0.3438369354798945	0.42084015178656714	7666	0.11268947879458702	0.11268947879458702	0
0.99267578125	226770	0.3471781235651808	0.35158403162495927	0.42566704496839214	7490	0.10904077281075843	0.10904077281075843	0
1.0	173520	0.28099275361414977	0.2861599335762875	0.4238864392955716	7520	0.11508541881394783	0.11508541881394783	0
0.998046875	177174	0.456950228870305	0.45504538909491943	0.4300239039083678	7786	0.12020835725875144	0.12020835725875144	0
0.998046875	266324	0.3372556516318039	0.33928714401960475	0.44117967590139795	7816	0.10253166946856831	0.10253166946856831	0
1.0	164600	0.317328511864852	0.3196209841366792	0.43866827530362135	7778	0.10821107244267578	0.10821107244267578	0
0.99560546875	270378	0.4133320932738834	0.4138480413870731	0.4507881951798696	7798	0.11514266203336948	0.11514266203336948	0
1.0	234922	0.3699213781645956	0.3761386195659875	0.4326658022378431	7632	0.10953977182729166	0.10953977182729166	0
0.98486328125	231214	0.4200590999195784	0.41898401088158854	0.43886122281735246	7594	0.12376091339411593	0.12376091339411593	0
0.98486328125	235378	0.310125544208105	0.31624453349727155	0.4351975593182759	7568	0.10945001164606287	0.10945001164606287	0
0.998046875	148080	0.32419825910842076	0.3287021639138905	0.42323418510997807	7612	0.10124470635213233	0.10124470635213233	0
0.998046875	190510	0.32149672075292707	0.3242690566995912	0.42519681718647734	7762	0.1018412659760408	0.1018412659760408	0
0.98388671875	229672	0.35724351469888593	0.36125777885973	0.4382141722897132	7788	0.097315984743513	0.097315984743513	0
1.0	262968	0.33697826593856695	0.3370608469549716	0.4349693675367079	7776	0.09911367800534605	0.09911367800534605	0
0.98486328125	157312	0.3103734742653291	0.31109835129459124	0.4359123701333758	7654	0.09913522754671546	0.09913522754671546	0
0.9658203125	231708	0.34022575276708145	0.34551173939625046	0.4444424327089061	7622	0.11663368854204918	0.11663368854204918	0
0.98779296875	192688	0.3248466318687203	0.3251541505536813	0.4192787673365263	7420	0.09896650779330017	0.09896650779330017	0
0.9697265625	200324	0.2903700033097156	0.2979234915546326	0.4389839477456307	7450	0.10078136491586166	0.10078136491586166	0
0.98046875	228088	0.3762567511675521	0.37913153454982407	0.4349448808733923	7614	0.13035389600379993	0.13035389600379993	0
1.0	113958	0.24329446751486924	0.2515318669410176	0.4078744141603876	7514	0.11233158796599142	0.11233158796599142	0
1.0	167704	0.39055165831750027	0.399019864116009	0.41079389275225764	7416	0.10683277340474995	0.10683277340474995	0
0.98779296875	133048	0.3835198360422837	0.3820130468419779	0.417259548934658	7618	0.12072872839496683	0.12072872839496683	0
1.0	200250	0.4215575654009441	0.42734261299044557	0.4178214356051706	7660	0.11566425396433586	0.11566425396433586	0
1.0	190486	0.3071825463111468	0.31085779085128123	0.43855630250433036	7906	0.1042140467481722	0.1042140467481722	0
1.0	126418	0.30711029198565937	0.3108939845655904	0.416532659250386	7724	0.11515798348055693	0.11515798348055693	0
1.0	188322	0.40202459108902194	0.4009149257999045	0.4229056088965148	7838	0.13991879537807403	0.13991879537807403	0
1.0	180894	0.38193393748230464	0.38439443695007547	0.4289569012539371	7698	0.11234334084572903	0.11234334084572903	0
1.0	150426	0.30943956372384196	0.31291296137312397	0.42435857899351315	7608	0.1099257544399971	0.1099257544399971	0
1.0	181602	0.37680965184222015	0.37589211835853137	0.4314885047502887	7750	0.10872794971083646	0.10872794971083646	0
1.0	167236	0.33642027152016524	0.33975279384982365	0.4262434158304859	7576	0.11517811280238185	0.11517811280238185	0
0.998046875	184156	0.21539699138877147	0.22019544869835272	0.4233057959080999	7700	0.09001319193529574	0.09001319193529574	0
0.98486328125	204804	0.26773702095725854	0.27009046357541255	0.4337368139900913	7532	0.1201676316943877	0.1201676316943877	0
0.998046875	157714	0.3441940007129111	0.3491083042008868	0.42318665486723867	7598	0.11993599723110716	0.11993599723110716	0
1.0	260474	0.3648292057698771	0.36418739713190723	0.44559282391548566	7784	0.09811803857086196	0.09811803857086196	0
0.97607421875	141982	0.3245424562221883	0.32429696025830823	0.4275290761094568	7512	0.1442966772768706	0.1442966772768706	0
0.9912109375	204710	0.3179648208991277	0.3175561357593295	0.4363408792526617	7710	0.1023214576328226	0.1023214576328226	0
0.9091796875	213198	0.458290949106735	0.45687736264210554	0.4474359727468642	7070	0.11176503680125974	0.11176503680125974	0
1.0	245524	0.3634165107705125	0.3620544378567183	0.4369654991482154	7680	0.10829832045173818	0.10829832045173818	0
0.98388671875	156070	0.3317455854901988	0.34349045738588435	0.4334801942199813	7568	0.10014246225595869	0.10014246225595869	0
0.99560546875	207486	0.23874388700823249	0.24364045467457673	0.4385284056263619	7842	0.09263388800200803	0.09263388800200803	0
0.998046875	204968	0.39746042629283856	0.3998655158889548	0.4364818291352152	7896	0.10735565764733533	0.10735565764733533	0
0.99560546875	140776	0.21099215653883768	0.21990710657541676	0.430992237033188	7774	0.11043009289702801	0.11043009289702801	0
1.0	186744	0.29461801454226527	0.3021725315218345	0.42911943979384537	7722	0.1188808175587836	0.1188808175587836	0
0.998046875	212542	0.3297519820740355	0.3323334813236419	0.42943250930347193	7698	0.11102302033168344	0.11102302033168344	0
1.0	220682	0.20140159587176204	0.20836358373798508	0.44117618807798137	7872	0.0955589551173898	0.0955589551173898	0
1.0	183460	0.4253282878318432	0.42629933313565377	0.43282250824084806	7590	0.11050049930341972	0.11050049930341972	0
0.99560546875	236974	0.32667618872228277	0.3324496715718729	0.43886221826829425	7856	0.11249686865205274	0.11249686865205274	0
1.0	178774	0.35491535153963893	0.3538305810111065	0.4300293758375333	7586	0.11942509697530963	0.11942509697530963	0
0.998046875	223024	0.24245086588564055	0.25060425874953374	0.4513433604056625	7756	0.10538945640061945	0.10538945640061945	0
0.99609375	179976	0.37642764969624215	0.3787712633240113	0.4295084226662811	7588	0.11511760776116134	0.11511760776116134	0
0.998046875	236408	0.3849811171606145	0.38441355877036376	0.44312931222878144	7770	0.12283673860045076	0.12283673860045076	0
0.998046875	135108	0.2646356099897628	0.2675558769576988	0.4266385044542633	7720	0.11060827720129142	0.11060827720129142	0
1.0	234932	0.41259746969125954	0.41479471754736486	0.44332022062825543	7782	0.11107892645267846	0.11107892645267846	0
0.998046875	177550	0.40431630680356684	0.40533008559171635	0.41308626575145735	7636	0.12089844266785112	0.12089844266785112	0
1.0	212426	0.30968783443177533	0.3114634623499512	0.43367737146898805	7706	0.12677899073325785	0.12677899073325785	0
0.96875	162858	0.32016773549678373	0.3291865123379413	0.43410757158636964	7470	0.10254182339267723	0.10254182339267723	0
0.9931640625	324378	0.45343715632136444	0.45531959178259157	0.4235028524607089	7544	0.08652977466488204	0.08652977466488204	0
1.0	261162	0.3963576074345146	0.39582673174018346	0.4446758020263475	7872	0.11640347346775899	0.11640347346775899	0
0.9765625	175112	0.34012772333983027	0.3443239551332592	0.44092352828642306	7666	0.10630645868445254	0.10630645868445254	0
0.98193359375	144536	0.2957235619015737	0.29589449055263634	0.43360071946341866	7670	0.12222393637893364	0.12222393637893364	0
0.99560546875	227410	0.3698504736856822	0.3704636814493097	0.43069321047093645	7790	0.1017509341847076	0.1017509341847076	0
1.0	167740	0.33520118343504046	0.33841456271418857	0.42015401225609494	7676	0.0949681981091636	0.0949681981091636	0
1.0	186482	0.37105162712618445	0.37165742815218294	0.4363330251967084	7690	0.09979526303467738	0.09979526303467738	0
0.998046875	193604	0.46463369112025515	0.46613835316079666	0.41623447329571944	7588	0.135846824527717	0.135846824527717	0
1.0	264538	0.3589845365313557	0.3631571239922951	0.44662984844404735	7840	0.10565186007970083	0.10565186007970083	0
1.0	135056	0.3458759721961938	0.3470929857870936	0.4176607562940555	7680	0.1350997087238673	0.1350997087238673	0
0.98583984375	171028	0.44192998040431014	0.43832697101181173	0.4373733390323706	7708	0.1045795236842212	0.1045795236842212	0
1.0	188062	0.38635798546650185	0.3897874164309606	0.4277183139324751	7490	0.12230930109340836	0.12230930109340836	0
1.0	119970	0.24705065112761193	0.252499172849475	0.4217708709995551	7840	0.12675011965250163	0.12675011965250163	0
1.0	320866	0.45842177081331204	0.4569240553889189	0.44756973000267886	7932	0.0983979278091414	0.0983979278091414	0
0.99560546875	158564	0.22618082381242918	0.2374437762313808	0.43453456918030015	7666	0.12101686828045907	0.12101686828045907	0
0.98291015625	138802	0.234802552956896	0.23903770804066848	0.4213856953856327	7354	0.10493028220454285	0.10493028220454285	0
0.98291015625	134622	0.3583410360293373	0.35766252854552644	0.4247124407912499	7540	0.12193933279177924	0.12193933279177924	0
0.99560546875	210144	0.4159714962625138	0.41767830780304493	0.43455544420398245	7770	0.11478044178619866	0.11478044178619866	0
1.0	333594	0.4533536224649445	0.4538936875311311	0.44819286828685595	7742	0.08934238910030123	0.08934238910030123	0
1.0	162194	0.3747835083924126	0.3796204979232427	0.4164055252827781	7588	0.13316800854276167	0.13316800854276167	0
1.0	168684	0.23222088919740297	0.2402739080207203	0.4325853310225694	7774	0.09940062026373996	0.09940062026373996	0
0.998046875	203260	0.3758973895584477	0.37503696244860657	0.43244724644490423	7804	0.15662201966203357	0.15662201966203357	0
0.998046875	332680	0.47051808883601487	0.4667317580190331	0.4365579169949483	7544	0.10291877656268597	0.10291877656268597	0
1.0	131290	0.3049420712614828	0.3075029829433464	0.42610186580674925	7720	0.11245928596538599	0.11245928596538599	0
1.0	124992	0.26773145411749805	0.27553824890376216	0.4171635116601029	7554	0.10106375839398889	0.10106375839398889	0
0.9970703125	187066	0.38965932633827216	0.3914983189691603	0.4284965700197399	7556	0.1305418975451845	0.1305418975451845	0
0.9951171875	201418	0.32177889586402403	0.32253638820375646	0.43740631821976766	7826	0.10730944404782	0.10730944404782	0
0.98779296875	161666	0.21486524554110553	0.21661990854971142	0.44308335757789297	7796	0.09513594163977879	0.09513594163977879	0
1.0	173150	0.25427153536178393	0.25703393052894224	0.43843130443546924	7746	0.10585808464042436	0.10585808464042436	0
0.998046875	165362	0.29851504273456153	0.299321601460454	0.42183186772880976	7748	0.11692373291051505	0.11692373291051505	0
1.0	229284	0.4011004986217316	0.40317987964965935	0.4389214702804811	7906	0.10225943846346705	0.10225943846346705	0
0.998046875	147222	0.3001579288083391	0.3072936460684737	0.41663022768836727	7532	0.12493706460546687	0.12493706460546687	0
0.99609375	212716	0.4230945606008582	0.42419556082436527	0.4314224834451669	7680	0.12076015503777263	0.12076015503777263	0
0.99072265625	179558	0.41258979107579924	0.4158810069873702	0.438336343274872	7764	0.11463946123490325	0.11463946123490325	0
1.0	174702	0.3985539815650137	0.4015519168760241	0.43088931915549694	7746	0.11829324627484687	0.11829324627484687	0
1.0	198470	0.3248330447688658	0.32879222337444314	0.42608301517901853	7726	0.10406047357718154	0.10406047357718154	0
1.0	212744	0.2529962253315322	0.25441489278538243	0.4343832419160975	7756	0.09250422380117171	0.09250422380117171	0
0.998046875	165792	0.2753969020551744	0.2821795459069556	0.43140422841732895	7768	0.11412903296052682	0.11412903296052682	0
1.0	178846	0.3362543684537467	0.33673091183904347	0.42574258085701117	7686	0.10646907303373943	0.10646907303373943	0
1.0	214694	0.40396839484039226	0.4048198999595705	0.43350387521093414	7814	0.11251425191240026	0.11251425191240026	0
1.0	165738	0.25287981315608216	0.25543233694598333	0.44075543940860756	7878	0.12034580337026554	0.12034580337026554	0
1.0	187418	0.34180825849812574	0.34282142263179544	0.4396599904969816	7944	0.11175362498832045	0.11175362498832045	0
0.98486328125	166160	0.3462609187751019	0.3461399947349628	0.42735177464232094	7510	0.12490462456924374	0.12490462456924374	0
0.98876953125	225512	0.2614594102434481	0.2617767475650621	0.4471977814148516	7566	0.10386128407689059	0.10386128407689059	0
1.0	162670	0.25589801564632714	0.2578983657650039	0.4306378002362483	7796	0.12624889710135528	0.12624889710135528	0
0.982421875	208732	0.265597737296984	0.26966395483419303	0.43181027087471274	7464	0.09296788637561469	0.09296788637561469	0
0.974609375	196058	0.3524282608528994	0.35492686107786553	0.4394185157834655	7484	0.13053028573966993	0.13053028573966993	0
0.9970703125	180816	0.2682222611648219	0.27320803315578507	0.4328433040303951	7796	0.09812043779891857	0.09812043779891857	0
1.0	125158	0.3345890954484046	0.33637074057711597	0.4183683105935973	7696	0.11760491541451275	0.11760491541451275	0
1.0	235168	0.4686444999268633	0.46875383599147824	0.43862444141084594	7722	0.11083392772526586	0.11083392772526586	0
1.0	242120	0.2612433989316639	0.26700766332465026	0.44399458143343745	7712	0.10560069855307083	0.10560069855307083	0
0.98583984375	137500	0.207603540403247	0.21115368760402647	0.4311215670819264	7672	0.11709812594594474	0.11709812594594474	0
1.0	241726	0.39970535023755444	0.3977477790252406	0.4361889308221805	7658	0.12055535589498241	0.12055535589498241	0
0.998046875	242550	0.43125652022143757	0.4304448762974815	0.44717737288165077	7790	0.10893505432615883	0.10893505432615883	0
1.0	127240	0.24057243510641854	0.2459432384129344	0.4195214303803889	7790	0.11169253115055709	0.11169253115055709	0
0.9951171875	193360	0.2622437319611324	0.26952351274888703	0.43254664655128755	7758	0.10653333566038152	0.10653333566038152	0
0.998046875	230440	0.3562685105585325	0.3567437192991251	0.44493319875505266	7832	0.110190160712132	0.110190160712132	0
1.0	133486	0.29875962637375036	0.30668894207508374	0.4260708087374248	7480	0.09934352519872747	0.09934352519872747	0
0.99560546875	180730	0.3690217869024981	0.36905636942667275	0.42547381062085	7588	0.12067613837356929	0.12067613837356929	0
0.998046875	235230	0.39623072034235046	0.39644078629204443	0.4491473726714521	7924	0.10001849579334454	0.10001849579334454	0
0.99072265625	202706	0.36357542676967014	0.36273949524696936	0.44004001517774083	7730	0.0947315124342936	0.0947315124342936	0
1.0	204968	0.2517312754244835	0.25525829160871966	0.43611215249347524	7796	0.0991165253280639	0.0991165253280639	0
0.98779296875	151788	0.34811196126485655	0.35118596394939794	0.4212665024553262	7592	0.11091958790377032	0.11091958790377032	0
0.96826171875	223542	0.29475330090280955	0.2995362326333539	0.44921787195593904	7622	0.08925391425099799	0.08925391425099799	0
0.998046875	148828	0.25358712073632517	0.26068947180941227	0.43106909195091325	7740	0.10068392953286061	0.10068392953286061	0
0.9970703125	165270	0.3180632442132614	0.31958016532801575	0.42989642056546123	7794	0.12070595233075737	0.12070595233075737	0
0.9521484375	169696	0.36147100208209737	0.3655507419988794	0.42682992908609035	7514	0.13263313412075398	0.13263313412075398	0
0.9921875	152192	0.321485827348883	0.325605789062387	0.4250353322158202	7614	0.1074759675613864	0.1074759675613864	0
0.9697265625	196714	0.35108314979268074	0.3508833681280541	0.44572564535622505	7754	0.1181160753638052	0.1181160753638052	0
0.98974609375	300692	0.4187692228665005	0.4200796438769047	0.43974974191843713	7744	0.11159420002000574	0.11159420002000574	0
1.0	257594	0.3616382497338177	0.35989974846529404	0.4314588322699582	7742	0.12742858624650916	0.12742858624650916	0
0.9892578125	417212	0.4064386046448297	0.4062352022598913	0.44614133039409604	7788	0.08756193963592289	0.08756193963592289	0
0.970703125	169732	0.3118435349705215	0.3101291670163179	0.44461752169073515	7542	0.10482264749566725	0.10482264749566725	0
0.9912109375	147234	0.2186739221138909	0.22323681680970625	0.4346433426490974	7750	0.1038291663158922	0.1038291663158922	0
1.0	154178	0.27406480936003147	0.28383646860362366	0.4264000236602353	7908	0.08982177897825258	0.08982177897825258	0
0.98681640625	151920	0.3161402898331998	0.31954735896961745	0.4305110781491088	7732	0.11418271734006577	0.11418271734006577	0
0.99267578125	156358	0.21522631505096657	0.21836413401334875	0.4362313504922337	7782	0.11005894835730173	0.11005894835730173	0
0.998046875	226590	0.30113280022270644	0.30438456076150644	0.43454938017757305	7668	0.09324186082111285	0.09324186082111285	0
1.0	196096	0.28314916049794236	0.28725104277505087	0.4464774927297843	7720	0.11043140961086662	0.11043140961086662	0
0.990234375	200378	0.38490327529444557	0.38594902738328946	0.4447013718151705	7848	0.12913674174987191	0.12913674174987191	0
0.9970703125	222288	0.32643108890805594	0.33082850475296616	0.4414827476600258	7848	0.10011162559360728	0.10011162559360728	0
1.0	208256	0.2697940358530065	0.2743177295005729	0.4414471257555858	7836	0.10969423190625181	0.10969423190625181	0
0.99560546875	257720	0.4180774677225584	0.4182829631965083	0.44223758293728704	7848	0.10804432081699471	0.10804432081699471	0
0.98974609375	175818	0.29583851655164617	0.2943505455643662	0.43307672502581523	7608	0.1350725264379716	0.1350725264379716	0
1.0	247390	0.41404362838110087	0.4125576050435126	0.4431439142167633	7686	0.12277265499960228	0.12277265499960228	0
0.998046875	247298	0.4496039636694919	0.44764353021117537	0.41770924427191863	7452	0.12002279693900633	0.12002279693900633	0
0.98486328125	207554	0.2661823481759652	0.2697122866687264	0.43964047584427607	7688	0.13308614562054247	0.13308614562054247	0
1.0	151814	0.30893587610783696	0.30867488563604994	0.4288354672123178	7748	0.10584386986763263	0.10584386986763263	0
0.97607421875	219496	0.47085199828180635	0.4707804077027513	0.44092621257582604	7648	0.13934401816607242	0.13934401816607242	0
0.98486328125	187690	0.2665277337627885	0.2745096268383166	0.43752156347205085	7726	0.10671159375428144	0.10671159375428144	0
1.0	212876	0.2667863688891643	0.2685774561628998	0.4502138967232116	7906	0.11816467976651256	0.11816467976651256	0
1.0	145582	0.2624609384191514	0.27317718022240156	0.4231196321527145	7580	0.09235406633136073	0.09235406633136073	0
1.0	169440	0.38217065788089843	0.3835973577419242	0.4416148740330832	7834	0.12903410243335336	0.12903410243335336	0
0.998046875	153712	0.22144834543417674	0.227747281826186	0.4246906408545596	7510	0.10534775011930296	0.10534775011930296	0
0.99072265625	156804	0.38987946891069636	0.3896934708210074	0.4371351810105246	7794	0.11973444365788945	0.11973444365788945	0
1.0	133296	0.22942367583088774	0.23877546445289888	0.4205639086413983	7802	0.10699537557288914	0.10699537557288914	0
0.998046875	206060	0.28130850050034545	0.28103328573627967	0.43920081778086373	7746	0.10324883815618598	0.10324883815618598	0
0.994140625	167738	0.3859893997133848	0.3877676623432034	0.4293730720757302	7712	0.12979793614455232	0.12979793614455232	0
0.9716796875	206970	0.45617991312012185	0.45168968860479614	0.4325917783748265	7464	0.13343054805811821	0.13343054805811821	0
0.99609375	211496	0.22471021788496126	0.2275307553423716	0.43633487605542287	7632	0.09879298730904792	0.09879298730904792	0
0.98486328125	208874	0.32761334155311217	0.3349997985916641	0.43697523357873647	7722	0.11142061117704138	0.11142061117704138	0
0.98486328125	203742	0.3436866131364644	0.34663189560329893	0.4380497485838814	7628	0.10104819530362061	0.10104819530362061	0
1.0	231822	0.3820403470362582	0.3853389995241287	0.4367002634927348	7760	0.09336198255782566	0.09336198255782566	0
0.98291015625	243456	0.333580348426296	0.33779437143728674	0.4222087717642009	7578	0.10166203948645115	0.10166203948645115	0
0.9921875	261478	0.4637775152576832	0.46545830429563684	0.4393641043572723	7758	0.11181715562727579	0.11181715562727579	0
0.9970703125	216180	0.4150373253769223	0.41660382786814	0.43578932753429184	7866	0.10501317352440595	0.10501317352440595	0
0.98828125	208784	0.4050370964727185	0.4082532750682043	0.43288542988488504	7622	0.1321803038333584	0.1321803038333584	0
0.994140625	297016	0.36978913015682313	0.3692621174259939	0.44137896584511377	7608	0.09388200786757991	0.09388200786757991	0
0.9697265625	203110	0.24808885342315795	0.25265316278281613	0.4294581774071378	7314	0.10460492237886235	0.10460492237886235	0
0.99560546875	228414	0.38271816221006405	0.3790266912858358	0.43854939623722117	7730	0.12661791376627388	0.12661791376627388	0
0.99267578125	201700	0.1675879450209555	0.17131195255334664	0.43831526429600204	7664	0.08364215397569458	0.08364215397569458	0
0.98583984375	206442	0.37555632100089803	0.37750559809465956	0.44212226829435436	7692	0.11983053011117026	0.11983053011117026	0
1.0	212364	0.4234652834262033	0.4197005920807389	0.4340414288435221	7768	0.13621237660849642	0.13621237660849642	0
0.9453125	208152	0.3461852338577257	0.3484563213442482	0.4476248439096108	7406	0.12280883933605381	0.12280883933605381	0
1.0	262560	0.41238910609015283	0.41160807322751763	0.4351080530913702	7546	0.10134610660872298	0.10134610660872298	0
1.0	188590	0.21977250658172132	0.2231095654946812	0.4429156199471301	7988	0.1111691804013162	0.1111691804013162	0
0.98876953125	302300	0.44408784675382845	0.4457312040074668	0.4526377252469616	7582	0.11051736898710789	0.11051736898710789	0
0.99560546875	199424	0.2632042998911035	0.26598576556016534	0.4354783078495675	7620	0.10655795763356575	0.10655795763356575	0
0.9697265625	217694	0.4376525153891285	0.43616853364963365	0.44501616418365947	7576	0.11542621718611197	0.11542621718611197	0
0.994140625	221146	0.2898671623175442	0.2954578283605499	0.43121238805294665	7634	0.0998710580707373	0.0998710580707373	0
1.0	183148	0.39414053669023985	0.39794271072858417	0.4336924515234895	7782	0.12106313821867318	0.12106313821867318	0
0.9931640625	211270	0.3348643222463684	0.33461334323561603	0.4392694185022504	7850	0.10725898305227015	0.10725898305227015	0
0.99609375	234074	0.396061047232907	0.39857906921944364	0.42959064289498233	7710	0.11665464433569259	0.11665464433569259	0
1.0	214606	0.3579829157317576	0.36401488020356865	0.4368158526561006	7742	0.10303303968275311	0.10303303968275311	0
0.98486328125	155856	0.3281788142766269	0.3305789391027745	0.43117570354057694	7544	0.11425003435822516	0.11425003435822516	0
1.0	201378	0.3418634924782255	0.34357394102511085	0.44064376773984565	7816	0.1089603008557538	0.1089603008557538	0
0.99560546875	170770	0.3743202500408678	0.3784680062615972	0.43467940340179095	7728	0.12642357309197735	0.12642357309197735	0
0.9521484375	231780	0.35620100438714175	0.35941549433715336	0.4383827940339165	7336	0.1162133761208548	0.1162133761208548	0
0.998046875	239332	0.42548228543748484	0.42491103596492824	0.4437312871728143	7858	0.11230929816673761	0.11230929816673761	0
0.98779296875	135888	0.2917167197474545	0.2977138181046586	0.41977601826686683	7710	0.11439844760655746	0.11439844760655746	0
0.998046875	170160	0.31296259455829206	0.3189722229650602	0.43853102768695185	7748	0.11413293416945934	0.11413293416945934	0
0.998046875	216022	0.2095209382126659	0.21462270608902878	0.4222644290014422	7558	0.11116004065367158	0.11116004065367158	0
0.98486328125	159578	0.33515353195713915	0.3354531045255922	0.44129468801971844	7676	0.1219119654398221	0.1219119654398221	0
1.0	150336	0.32621867262204546	0.3291197700275194	0.42035997583351176	7556	0.12083883954746215	0.12083883954746215	0
0.9951171875	179824	0.2845795240236024	0.28561262826021966	0.43585384295040863	7702	0.08396428200436284	0.08396428200436284	0
0.99609375	306966	0.41055232508405626	0.4124564591834059	0.4492412574391798	7882	0.11526631656912846	0.11526631656912846	0
1.0	154856	0.29768045158380163	0.299703635449161	0.42195576249148586	7546	0.13849588218290254	0.13849588218290254	0
1.0	153378	0.2857430820816633	0.29106459761914616	0.43535297075092255	7780	0.09713212481942272	0.09713212481942272	0
0.9658203125	201662	0.3044057172926828	0.30702767160293504	0.43850106566835634	7480	0.0951852919646383	0.0951852919646383	0
0.98388671875	303192	0.42388473030111906	0.42082124826939865	0.4462626405113701	7666	0.08729184119297945	0.08729184119297945	0
0.99560546875	204984	0.43020056563613635	0.4282470173602746	0.4321072591895219	7600	0.11833794293702365	0.11833794293702365	0
0.98486328125	177756	0.29775862240330103	0.3023362608208499	0.43613297790155015	7698	0.10337820606128831	0.10337820606128831	0
0.9912109375	273944	0.23643228202473643	0.24828258049709648	0.4390278523265378	7738	0.09651646498222383	0.09651646498222383	0
0.9775390625	175604	0.2856654331825775	0.29525065890751945	0.4382967484398726	7400	0.10447077411667846	0.10447077411667846	0
0.99365234375	192576	0.3889388403893969	0.38961290255115005	0.43740394504534147	7628	0.11233202095102852	0.11233202095102852	0
0.998046875	189590	0.19483992277993292	0.19801496672396993	0.42535528659404376	7552	0.1264328750181805	0.1264328750181805	0
0.9423828125	193056	0.3838650457446963	0.3887014546433992	0.4337071571592605	7370	0.1267504821598196	0.1267504821598196	0
0.97607421875	306098	0.47091578894742947	0.4683733496811259	0.4476510053929346	7562	0.10873821690940942	0.10873821690940942	0
0.92919921875	216528	0.3978437386858378	0.39896774245199185	0.44034387335915864	7148	0.10946454981643648	0.10946454981643648	0
1.0	246934	0.38298962673053033	0.38544527113936733	0.42872468534938624	7832	0.1167088379680195	0.1167088379680195	0
0.9765625	314820	0.31469267000360446	0.3176260502086889	0.4449708694754044	7714	0.08627627419613594	0.08627627419613594	0
0.939453125	141982	0.37351189167994053	0.37197056399650086	0.4293868901380726	7418	0.1225692114944947	0.1225692114944947	0
0.9697265625	194274	0.4057287042037167	0.4032048820378008	0.44097020466443687	7706	0.11686932886482737	0.11686932886482737	0
1.0	174264	0.27228608044584846	0.27610895027986165	0.4341193944838486	7856	0.10375955864454013	0.10375955864454013	0
1.0	189590	0.2822341027846894	0.2899590882617499	0.43593441353328294	7812	0.11726864373168176	0.11726864373168176	0
0.99560546875	254766	0.42501605867007397	0.42669266694861235	0.43462369387775635	7706	0.13166633326019292	0.13166633326019292	0
0.9697265625	203222	0.32378684563428833	0.3238442785615887	0.4275545599409358	7436	0.10803233970911151	0.10803233970911151	0
1.0	193384	0.2553346317904055	0.2583103520288256	0.4201576155109581	7652	0.08306683013924915	0.08306683013924915	0
0.97021484375	183548	0.3683279420657939	0.36936085875534785	0.4421768563690525	7816	0.10098385157286628	0.10098385157286628	0
0.97265625	235540	0.26455085452699223	0.2677636457403079	0.4330591325598041	7612	0.12594478616981486	0.12594478616981486	0
1.0	249566	0.40729402777328516	0.409409976980107	0.4417909150602	7876	0.11497149763987632	0.11497149763987632	0
0.99560546875	186386	0.4030484523963898	0.4014649807605866	0.4262664213936466	7570	0.11368499623431307	0.11368499623431307	0
1.0	204180	0.3929347604202373	0.39442911520950846	0.44034605001968385	7892	0.11620320591416662	0.11620320591416662	0
1.0	198856	0.37091514011200055	0.37160468956520154	0.43077544441756577	7766	0.11379398200906916	0.11379398200906916	0
0.98486328125	255822	0.4078915563200505	0.4074909592433719	0.4317091875836183	7464	0.1070336446430554	0.1070336446430554	0
0.98779296875	138628	0.2806517215509776	0.28470893250102314	0.4265709132401494	7648	0.10772672082445986	0.10772672082445986	0
0.998046875	177674	0.2612672167617606	0.2639067110896414	0.43751933651708447	7708	0.1257810671597347	0.1257810671597347	0
0.970703125	203362	0.3288744513135282	0.3296845513781999	0.44692759844664204	7628	0.11439143640772817	0.11439143640772817	0
0.98779296875	314530	0.30563845218438	0.3104634929280611	0.4519061335263619	7768	0.11009027049394746	0.11009027049394746	0
0.98779296875	227194	0.3526102519942959	0.3539041766141642	0.4404102234208454	7596	0.11488063659486841	0.11488063659486841	0
0.99072265625	162172	0.24429799481357892	0.24690514098448105	0.43941599252454383	7888	0.0978850646441372	0.0978850646441372	0
0.98583984375	182386	0.3477209886784925	0.3476413145429072	0.42776678181494	7698	0.11435764817143716	0.11435764817143716	0
0.9921875	159606	0.3687935456562439	0.37032044778821993	0.4307006243464829	7650	0.13473434446473667	0.13473434446473667	0
1.0	164538	0.3017373087848867	0.3025859380375673	0.4303386873191491	7834	0.11003878146506459	0.11003878146506459	0
0.998046875	248252	0.4221186296924646	0.42259885169016315	0.43945683284352915	7896	0.12204761819706013	0.12204761819706013	0
0.98876953125	185346	0.3170471988973247	0.3230984556621381	0.43197836151252117	7678	0.10509526788990953	0.10509526788990953	0
0.9697265625	154204	0.3674550516176862	0.3706374348712942	0.43707742897404955	7346	0.1081461824315996	0.1081461824315996	0
1.0	211088	0.2907522880333857	0.2957898846233713	0.4378687744651166	7810	0.09621927882846482	0.09621927882846482	0
0.95947265625	197574	0.47227997265953137	0.4694917268462029	0.4293180180053701	7364	0.12397814686536852	0.12397814686536852	0
1.0	209892	0.31028152007790444	0.3177296112983081	0.4390554430505782	7844	0.10354468275022118	0.10354468275022118	0
0.9833984375	145612	0.32878011612956665	0.33194728937338247	0.4330629307866305	7600	0.12190606560871464	0.12190606560871464	0
1.0	242182	0.3559695947622398	0.35385812900157165	0.44633187385560086	7758	0.10377424032881923	0.10377424032881923	0
0.98681640625	239702	0.397944521993059	0.4007707297549278	0.4269854326197117	7508	0.1163426303422419	0.1163426303422419	0
1.0	159514	0.32619095614915233	0.3278228027625968	0.4279156351964876	7694	0.12063358502951779	0.12063358502951779	0
0.9970703125	157956	0.31224042872059754	0.3192280467297266	0.43067913227892785	7664	0.1132314173302979	0.1132314173302979	0
1.0	350662	0.45418270970529984	0.4567887107507207	0.45257579829212885	7756	0.10233154706707356	0.10233154706707356	0
1.0	193506	0.21622933716437231	0.22300492477980213	0.44122161865965964	7726	0.09466207771167874	0.09466207771167874	0
0.9970703125	180172	0.1919096938747029	0.19860775000055797	0.4201888071487949	7716	0.09936903882247808	0.09936903882247808	0
1.0	220906	0.36416266107515505	0.3649618558539445	0.4332318741910081	7726	0.10025908806105976	0.10025908806105976	0
0.998046875	249724	0.41184631738972066	0.417569390327232	0.4373764357472363	7736	0.08457745221257773	0.08457745221257773	0
0.9697265625	156288	0.30118061597664875	0.3063970448539754	0.43705733666884505	7630	0.11890908917007276	0.11890908917007276	0
1.0	151064	0.3606095512440553	0.36213635885231804	0.4210094349886759	7596	0.12090256172079637	0.12090256172079637	0
1.0	207050	0.3475358256782368	0.35402746514782363	0.4420603991296264	7782	0.12473457391552725	0.12473457391552725	0
0.97265625	183724	0.3975168125915379	0.3963347393675155	0.43041828983695235	7538	0.11329284198042902	0.11329284198042902	0
0.9970703125	224894	0.46574565418457725	0.4637981149731689	0.42388258099684545	7588	0.11550430308231568	0.11550430308231568	0
0.998046875	201410	0.2504971690909349	0.25401706405333013	0.4371328216242023	7586	0.1033281250667991	0.1033281250667991	0
0.998046875	167304	0.33706627151615487	0.33795983280568037	0.43094994845498685	7680	0.12398888930104507	0.12398888930104507	0
0.98046875	209276	0.270794646470013	0.2725531173335909	0.42741273161006127	7502	0.11769156410284637	0.11769156410284637	0
0.99560546875	249864	0.3359374714878395	0.3372098497365444	0.43729404166083347	7724	0.09359107179964077	0.09359107179964077	0
0.98828125	180438	0.3188530159988301	0.32170968403349764	0.4387901902148608	7738	0.13048624538199952	0.13048624538199952	0
0.99609375	271090	0.42246204924065084	0.42586698347337304	0.4383053719925393	7714	0.10837926292221664	0.10837926292221664	0
0.98779296875	235772	0.29163422771042385	0.295522798057163	0.44587711975727035	7738	0.10671059423548288	0.10671059423548288	0
1.0	146374	0.3932591899268295	0.40219513004129126	0.424002521885994	7766	0.10727946494104935	0.10727946494104935	0
0.98583984375	185240	0.31898969354584916	0.3211554674427894	0.4396085186305638	7520	0.11527025939053005	0.11527025939053005	0
0.98974609375	155184	0.25761104339984525	0.2604526268491435	0.4349033064524929	7680	0.11274574935171164	0.11274574935171164	0
0.998046875	203388	0.4251948601897133	0.4247657369365256	0.4298517772211829	7782	0.11324432602557413	0.11324432602557413	0
1.0	193904	0.2356246223738698	0.23747766441756826	0.42882597345002443	7760	0.12519432781819387	0.12519432781819387	0
1.0	133806	0.26441361974173067	0.2673172777678116	0.4236795366451868	7794	0.13544991980903837	0.13544991980903837	0
0.99267578125	156212	0.3050108062897719	0.30946198129592034	0.4319237519771417	7806	0.11836889491732006	0.11836889491732006	0
0.98486328125	271380	0.43060104400086774	0.4313179922336303	0.4364682215789755	7538	0.10946374625374503	0.10946374625374503	0
0.92529296875	173242	0.46446158240486185	0.4623775235267766	0.44171320703674327	7026	0.11937226377871414	0.11937226377871414	0
0.99267578125	267798	0.35897623546281887	0.3582597610090404	0.4510930089525147	7814	0.10021719252961955	0.10021719252961955	0
1.0	298474	0.3840495344384501	0.3809353518310226	0.44511874588372646	7630	0.11055845969146384	0.11055845969146384	0
1.0	157068	0.23532871428910304	0.24313259730429249	0.43248052445062757	7758	0.09151560689347311	0.09151560689347311	0
0.998046875	131536	0.29292335060277963	0.30044021365394386	0.411098750080835	7660	0.10713631107952512	0.10713631107952512	0
0.998046875	201606	0.33466243611517665	0.3400020005079067	0.43900361167945645	7718	0.09769416398047048	0.09769416398047048	0
1.0	254740	0.4379436323368808	0.43729501506090834	0.44799152194984065	7846	0.09615322314498648	0.09615322314498648	0
0.990234375	202934	0.3677638091585489	0.3710328817890742	0.4346179720450567	7614	0.14209800258676927	0.14209800258676927	0
1.0	198062	0.3436186473054781	0.3469229686408218	0.4370256245927649	7690	0.09228912776008107	0.09228912776008107	0
0.99560546875	170086	0.2289378804173922	0.23057275903621682	0.4324681251559987	7774	0.11219710794338085	0.11219710794338085	0
0.98681640625	202572	0.286366552049084	0.2866335315532556	0.43720380098612827	7600	0.12775887341822642	0.12775887341822642	0
0.9912109375	210950	0.378546313552555	0.37974305593463104	0.43656491984580653	7844	0.12334474544950408	0.12334474544950408	0
1.0	198224	0.29729587052430395	0.3027203046472	0.4344552051930192	7758	0.10454437876666142	0.10454437876666142	0
1.0	297782	0.358798106428053	0.36520540694125897	0.44174338490686854	7664	0.0863764405971338	0.0863764405971338	0
1.0	109042	0.2537966199895476	0.2666036251215695	0.40813417465415563	7612	0.11211036656301449	0.11211036656301449	0
0.99560546875	297708	0.34832814977278775	0.35062895407089645	0.4402257646447938	7944	0.11025089984753192	0.11025089984753192	0
1.0	183164	0.4328572972955411	0.43199873988763926	0.4279993059031428	7818	0.10398673603564318	0.10398673603564318	0
0.99267578125	199190	0.3476460036877881	0.3505244267700226	0.42945272602302126	7588	0.13108411428693498	0.13108411428693498	0
0.98779296875	127384	0.3106771063011034	0.32083960053594307	0.407066232151845	7314	0.1009274882614793	0.1009274882614793	0
0.99609375	184446	0.39052859365985193	0.3933275636040974	0.4346929622263968	7630	0.1247297481895832	0.1247297481895832	0
1.0	244968	0.35171925825453876	0.35380155379337097	0.44499582750359373	7804	0.11706332557891229	0.11706332557891229	0
1.0	214898	0.32452215217841857	0.32490800303262307	0.4350039267321772	7888	0.10071007256475062	0.10071007256475062	0
1.0	150238	0.2756357511705181	0.2799810668747616	0.4156862493748217	7518	0.11222925907311339	0.11222925907311339	0
0.99560546875	197672	0.2895614006507877	0.29069794566543383	0.4424768079195902	7904	0.10575141399213482	0.10575141399213482	0
1.0	199058	0.3940665988554505	0.39382180244912696	0.43413378054554835	7670	0.12188854864046604	0.12188854864046604	0
0.99609375	158434	0.3789510885189939	0.3799779211575163	0.43238282488738	7720	0.1388620623456495	0.1388620623456495	0
0.998046875	137712	0.26352795934812184	0.2650256225166323	0.42454766532383276	7584	0.10518369804699361	0.10518369804699361	0
1.0	300302	0.3715960405894101	0.37100033257211396	0.4418465220366956	7840	0.09840037877178238	0.09840037877178238	0
0.99560546875	268836	0.33617668041573384	0.33700572370900117	0.44907912812422185	7810	0.10359572168777509	0.10359572168777509	0
0.98828125	258160	0.3763539543592758	0.3835852443416133	0.4346810107360817	7732	0.11535374582886751	0.11535374582886751	0
1.0	217628	0.3542419611218519	0.35645820562662184	0.43084568603064527	7756	0.11101009353753676	0.11101009353753676	0
0.99560546875	205222	0.29757668230568585	0.30097136424821996	0.4428106112767484	7886	0.09711675645601975	0.09711675645601975	0
1.0	133456	0.35730287759187324	0.35663571820152185	0.4154780714429596	7526	0.12442964061851801	0.12442964061851801	0
1.0	297282	0.3654171995269011	0.36547573020039703	0.4437306069620712	7722	0.08374391427847712	0.08374391427847712	0
0.9853515625	181268	0.216684251970158	0.22369404036047796	0.43699727949136363	7670	0.09999315588317688	0.09999315588317688	0
0.97119140625	145550	0.35798766160817375	0.3618640403504335	0.434918972371045	7492	0.14385065670892555	0.14385065670892555	0
0.9951171875	217116	0.3829431995214864	0.3866870695653089	0.42806881125529284	7816	0.10220955658250207	0.10220955658250207	0
0.98486328125	178260	0.35800123481057394	0.3611733222801642	0.42301105067568257	7630	0.12322533317266403	0.12322533317266403	0
0.998046875	195930	0.29871868394155665	0.3012875746426655	0.4347817307105805	7704	0.10998728660372868	0.10998728660372868	0
0.9677734375	149638	0.23489160614128157	0.24162169439271328	0.4412049977677988	7596	0.09344520832481856	0.09344520832481856	0
0.99560546875	218940	0.25781425041843303	0.25962015551559636	0.43763302289897993	7872	0.11288450329673555	0.11288450329673555	0
1.0	274288	0.3429320246844074	0.3469792313386222	0.44419743764274	7756	0.08598455976735662	0.08598455976735662	0
0.97607421875	329564	0.37265122187072647	0.3783964078336279	0.43059682550626993	7512	0.11379905325964444	0.11379905325964444	0
0.994140625	228172	0.302486563781708	0.3059307515008906	0.432063746795019	7754	0.10598439589380733	0.10598439589380733	0
1.0	295122	0.42047246548306316	0.4220363149360088	0.42825655820540226	7630	0.09935693049276445	0.09935693049276445	0
0.9912109375	205624	0.3522381072224363	0.3521874865024243	0.43633025132080433	7664	0.12536958700492773	0.12536958700492773	0
0.98583984375	229176	0.33747897076213684	0.33561655035386395	0.4351027679051352	7528	0.10894995657183873	0.10894995657183873	0
1.0	194790	0.2677392932094424	0.273468332380062	0.4199692908817045	7438	0.10446673935986114	0.10446673935986114	0
0.98583984375	186404	0.41969244157164165	0.41777625442525224	0.4405668468994554	7652	0.11257070195930378	0.11257070195930378	0
1.0	196132	0.27576025302151935	0.27732671804974246	0.439027448540281	7822	0.11669158272846109	0.11669158272846109	0
0.9892578125	125110	0.28471642496589455	0.29232218540036037	0.42289332053668294	7804	0.10179437112933461	0.10179437112933461	0
1.0	113890	0.2965848811171027	0.2972845696951301	0.4169486642168188	7672	0.10478090609775532	0.10478090609775532	0
1.0	154902	0.44461697307983655	0.4461266311216173	0.42491546387079776	7510	0.12219608106156053	0.12219608106156053	0
0.99609375	176680	0.28221315361351573	0.28665687427726344	0.43028314204888857	7734	0.10379024220112784	0.10379024220112784	0
1.0	255050	0.39945857426411063	0.3985978063158412	0.4289817159124604	7720	0.09690941654047881	0.09690941654047881	0
0.9794921875	233190	0.36330470698581985	0.36848824491157506	0.4365768836326079	7594	0.11639825946455691	0.11639825946455691	0
1.0	198830	0.27560911268627347	0.28324653131822863	0.4318278347673801	7610	0.09230722472555133	0.09230722472555133	0
1.0	176622	0.3001012503769301	0.3058466632391708	0.4334001494526281	7660	0.11171057868007085	0.11171057868007085	0
1.0	232208	0.3245606877381329	0.33279444820198717	0.41987546155808825	7666	0.1028459733065039	0.1028459733065039	0
0.99072265625	219608	0.3701407410754376	0.3714270118719217	0.4271454285720084	7594	0.09860985834620473	0.09860985834620473	0
1.0	296740	0.37141500336316985	0.37722956399352925	0.4470528232053285	7606	0.12017490514224809	0.12017490514224809	0
1.0	220636	0.36107283031018256	0.36280235316841886	0.44053389051459146	7766	0.0965595822722818	0.0965595822722818	0
0.99560546875	193746	0.3807678953110519	0.3847724088073776	0.4264880239140183	7678	0.10644475118651796	0.10644475118651796	0
0.99560546875	156784	0.3934143122469045	0.39417172776411047	0.4203355478794446	7712	0.12280493261357844	0.12280493261357844	0
0.998046875	173676	0.3046556010271077	0.3053429143359503	0.43155603356010563	7840	0.1012931672401923	0.1012931672401923	0
0.94287109375	171508	0.2729023715742274	0.273191492730533	0.43747684038385226	7382	0.14800626398801686	0.14800626398801686	0
1.0	203848	0.2537853947154049	0.25454763476069353	0.41888409438874613	7564	0.12741608587761385	0.12741608587761385	0
0.96044921875	251924	0.3264177908332693	0.3300642512939794	0.44391985801693773	7454	0.11640036040015683	0.11640036040015683	0
1.0	157870	0.34988033381453854	0.3569550089491304	0.4123574824385056	7550	0.1173661334732483	0.1173661334732483	0
0.98876953125	243650	0.4938747452794135	0.49568816892744066	0.43487950723134744	7648	0.10661629051678033	0.10661629051678033	0
0.98486328125	224632	0.34179943575742877	0.34798146118705153	0.4427288072069107	7816	0.10577087625466877	0.10577087625466877	0
0.99072265625	205222	0.2797666140844382	0.2849071556880891	0.43774875509431105	7720	0.08105100146233077	0.08105100146233077	0
0.998046875	157400	0.28380491157629256	0.2880259432652035	0.4233042125832949	7676	0.10160063812987269	0.10160063812987269	0
0.998046875	178000	0.36625863639582096	0.3667276089340447	0.42878843027203756	7742	0.12544358248763984	0.12544358248763984	0
0.99560546875	202446	0.3583343526570328	0.36521340685930626	0.4363293177260506	7626	0.11623148749097596	0.11623148749097596	0
1.0	134160	0.365606842679285	0.3694102998041795	0.42905626281705067	7922	0.1193791810566957	0.1193791810566957	0
0.970703125	151126	0.3818406534385637	0.37985905355004945	0.42576714490895257	7558	0.11072322845927848	0.11072322845927848	0
1.0	131172	0.23363210915562432	0.24320962317804123	0.4042979955759158	7500	0.10770029823952827	0.10770029823952827	0
0.998046875	190892	0.30474242951752883	0.3069372911836122	0.4405006168255763	7814	0.10570452838517647	0.10570452838517647	0
1.0	194050	0.26537671465915885	0.2669992867638228	0.43884847456060355	7804	0.13338749716085832	0.13338749716085832	0
0.98486328125	172846	0.28570408466566466	0.2929061112395932	0.43766004634948313	7730	0.10872356039177729	0.10872356039177729	0
0.98486328125	153618	0.37520073657370023	0.37946295791828344	0.42990917329566813	7686	0.1120536757479502	0.1120536757479502	0
0.96630859375	208228	0.3138222301852603	0.3169294722072769	0.4309880219009375	7476	0.15186042341958395	0.15186042341958395	0
1.0	234744	0.36523492306322725	0.36768557203166735	0.43667371847117753	7822	0.11926478355694944	0.11926478355694944	0
0.998046875	240202	0.36015890699441905	0.3621458708819748	0.4307528464834309	7736	0.10080669657497396	0.10080669657497396	0
0.998046875	229578	0.40271039569515976	0.40209919050046194	0.4495083119412924	7708	0.12611159722082632	0.12611159722082632	0
0.98779296875	220100	0.3647975345088218	0.36584715552117103	0.4363199214700259	7678	0.10280603265255457	0.10280603265255457	0
1.0	175602	0.3413807885716375	0.3437756112704339	0.43855177894223757	7794	0.1332586064196633	0.1332586064196633	0
0.99267578125	222614	0.2257467678343683	0.23041182705914764	0.4478180602289106	7816	0.11271109547732365	0.11271109547732365	0
0.9794921875	147936	0.3088503551560111	0.3164155820723984	0.41469754007338144	7326	0.13117601871561851	0.13117601871561851	0
1.0	138410	0.34553543288260014	0.35231932664789545	0.4158322954529277	7588	0.10747610560695164	0.10747610560695164	0
1.0	148258	0.21064738404315425	0.216782994667517	0.42702745112506185	7698	0.1117073014091687	0.1117073014091687	0
1.0	222848	0.4372215931553882	0.43572861499835847	0.43612631832243337	7818	0.12180788982592114	0.12180788982592114	0
1.0	200396	0.2761664186725373	0.2770645719442599	0.4411221596162856	7810	0.11048754169447168	0.11048754169447168	0
0.98583984375	240064	0.43577673193465705	0.4329965666166184	0.44659461793552174	7770	0.12115568883488285	0.12115568883488285	0
1.0	228226	0.4418846835282284	0.4406916582736914	0.4351248465372142	7638	0.11095317043838569	0.11095317043838569	0
0.9697265625	252376	0.3740119457813296	0.3748997808222268	0.4367978001462165	7574	0.12280489332242292	0.12280489332242292	0
0.978515625	156916	0.3138500722556802	0.3149363435417706	0.4252871409883377	7674	0.12614247276480675	0.12614247276480675	0
0.98583984375	170344	0.3096709435493874	0.31076806926230083	0.42600775280269376	7496	0.11289291269325806	0.11289291269325806	0
0.98291015625	192040	0.2184626190528119	0.220912211862656	0.4466555478294881	7636	0.11440896177063334	0.11440896177063334	0
0.9951171875	167780	0.3300102728646915	0.33043427649336204	0.43590090532815745	7808	0.11415710759040006	0.11415710759040006	0
0.99560546875	192468	0.26947673548483403	0.27334614099446586	0.43183843113132	7784	0.10612387442453787	0.10612387442453787	0
0.98779296875	207196	0.26297543278557184	0.2704478535488788	0.4384778206215029	7750	0.10620162767448998	0.10620162767448998	0
0.87890625	196530	0.33440160061806923	0.3373588944095046	0.44345113391375807	6852	0.09949398825598353	0.09949398825598353	0
0.994140625	136894	0.3501963273003908	0.3563080812809236	0.4232291019254131	7780	0.11719861854987561	0.11719861854987561	0
0.9921875	191310	0.39257590738135334	0.3902585006033924	0.4431433673176755	7804	0.11502661497007007	0.11502661497007007	0
1.0	119670	0.3465237942671012	0.3541202905277691	0.41852680434274053	7730	0.11190633577598146	0.11190633577598146	0
1.0	199398	0.2592099431916024	0.2657203686794208	0.42564437515955905	7620	0.09445340145457387	0.09445340145457387	0
0.98681640625	228830	0.2326301794837708	0.23367344068039111	0.44291974025247427	7854	0.09904868621372928	0.09904868621372928	0
0.998046875	149660	0.37195022843046477	0.3762849725502358	0.43073706822601165	7746	0.11469993678094978	0.11469993678094978	0
0.98486328125	195706	0.28440025368065874	0.28554760634534276	0.4368240028881378	7444	0.11580080840818133	0.11580080840818133	0
1.0	234280	0.35009422350682406	0.3511642405088341	0.4417092345123957	7796	0.10859558162597649	0.10859558162597649	0
1.0	203478	0.32920292047808036	0.333887382153584	0.4253778915502089	7624	0.10958799299098503	0.10958799299098503	0
0.98974609375	209120	0.3549618815519412	0.3552270797503055	0.4351745965845941	7686	0.10732174424739772	0.10732174424739772	0
1.0	250332	0.34467341127827966	0.3442154760259532	0.4359248621397161	7664	0.08837705444003571	0.08837705444003571	0
1.0	163312	0.11594372891815824	0.12331019972057347	0.42197498424877194	7518	0.06741854775757998	0.06741854775757998	0
0.978515625	192636	0.3119200563954682	0.3153385736659204	0.44245305303213045	7750	0.13999550610362957	0.13999550610362957	0
1.0	132590	0.2943275515272523	0.2988440479297863	0.4223720098221338	7718	0.11528956775000031	0.11528956775000031	0
0.939453125	157114	0.257322969489819	0.2617113865544152	0.43991512899009927	7288	0.09922934422517252	0.09922934422517252	0
1.0	221328	0.4025396639169498	0.4032063960386876	0.4343025301010049	7914	0.1143804831322486	0.1143804831322486	0
0.970703125	222748	0.3050322814925966	0.3082410652343264	0.43092904223624423	7266	0.1338888275467864	0.1338888275467864	0
0.939453125	175536	0.37029102014895776	0.3695732360845578	0.4292284616931481	7232	0.12358669636807024	0.12358669636807024	0
0.998046875	193900	0.29222779503792523	0.29769029401705305	0.43341368006747505	7586	0.10028011927016188	0.10028011927016188	0
1.0	251542	0.4151999071114297	0.41868087073603594	0.43670551584561984	7738	0.11808670772463041	0.11808670772463041	0
0.998046875	167108	0.25487558772701624	0.2566465278736384	0.4291762232433191	7920	0.12401530583203225	0.12401530583203225	0
1.0	226016	0.3167465719610748	0.3220652592591556	0.4294446458869993	7698	0.12585554559876536	0.12585554559876536	0
1.0	261826	0.38933963156182816	0.3914374548061983	0.4358396020323308	7770	0.11261500508191453	0.11261500508191453	0
0.99560546875	151502	0.2924889193534846	0.2938891984512061	0.42238895570650076	7682	0.11021616891925907	0.11021616891925907	0
1.0	290300	0.4392034217486455	0.44167765346667925	0.44263380210515063	7784	0.09883660520521245	0.09883660520521245	0
0.99560546875	163594	0.24714356757089487	0.2478140862280909	0.4241962480605748	7702	0.09696836682899102	0.09696836682899102	0
0.99560546875	234322	0.3184519055455965	0.3208262604337368	0.42913238009205495	7676	0.12980979269553808	0.12980979269553808	0
1.0	257802	0.4142073224058749	0.4145890466398532	0.4426290420930042	7766	0.13226784055163135	0.13226784055163135	0
0.98779296875	250082	0.3910524914761782	0.3929544623593132	0.44304394995225377	7632	0.11347089593035219	0.11347089593035219	0
0.99560546875	224132	0.35566150761809323	0.3577457744645791	0.43886251252091474	7782	0.12307052487424769	0.12307052487424769	0
0.99365234375	222614	0.31049301872171126	0.31441614221457215	0.4341414390632557	7722	0.10632170303396452	0.10632170303396452	0
1.0	260894	0.42131700521463106	0.4260222913177839	0.4337249014230344	7678	0.11312646750337906	0.11312646750337906	0
0.98193359375	261760	0.29008348786358207	0.2929607188395923	0.43673044779563613	7684	0.09533612168980694	0.09533612168980694	0
0.99609375	191232	0.28699911351268226	0.292498007899749	0.43812138683836493	7856	0.11625113843351549	0.11625113843351549	0
0.9697265625	180108	0.3585783398037124	0.36062194267568326	0.43320600421194344	7492	0.10858716769312456	0.10858716769312456	0
0.9697265625	177530	0.2543512662672276	0.26414480040114713	0.43898357047524333	7544	0.09938874851129734	0.09938874851129734	0
0.998046875	191374	0.33941528804187804	0.3389427003209575	0.4375009984288239	7816	0.11065462706289286	0.11065462706289286	0
0.98291015625	210554	0.3430096253152557	0.3487088452502881	0.44418700650075066	7652	0.1093386503300608	0.1093386503300608	0
1.0	172676	0.37624875531382707	0.3782150085895804	0.4205525016066214	7692	0.117573161055438	0.117573161055438	0
1.0	204176	0.30274001299704556	0.30608151922023125	0.4272355787310824	7730	0.09105055464828457	0.09105055464828457	0
0.998046875	254306	0.3880748393561745	0.3869264959667451	0.4420262981754182	7872	0.11428077002831011	0.11428077002831011	0
0.998046875	227656	0.20668797986222895	0.21304956819828938	0.44041618840693114	7806	0.10702122722739502	0.10702122722739502	0
0.98779296875	229140	0.27580629332450446	0.2765280397480389	0.4500179710535308	7754	0.08708769896124988	0.08708769896124988	0
1.0	308276	0.4183425098748656	0.4169716220230447	0.4499638296477153	7870	0.11467115904309234	0.11467115904309234	0
0.97412109375	203306	0.40473231529695397	0.4058214899436508	0.44215894655575316	7698	0.11643354338868331	0.11643354338868331	0
0.998046875	326158	0.49199520969056587	0.4909145237004	0.4379737980695156	7760	0.11511880229164737	0.11511880229164737	0
0.998046875	181332	0.35321566749779343	0.3547368878467517	0.43381476263504665	7638	0.11015658978279083	0.11015658978279083	0
0.99560546875	187280	0.3153005257136489	0.31471392362922057	0.42969608291066996	7872	0.13197505787911407	0.13197505787911407	0
0.96826171875	193824	0.3606740248350332	0.36262007851738154	0.4320291432688719	7506	0.11905137942004333	0.11905137942004333	0
1.0	233604	0.36924282480258297	0.3680833087481552	0.43388510661770313	7730	0.11411224850484009	0.11411224850484009	0
0.98779296875	207652	0.22432860732588017	0.23564327783578112	0.43369021010267267	7626	0.10286037531302648	0.10286037531302648	0
0.98486328125	200866	0.3536889448620703	0.3541498563025978	0.436715940556099	7422	0.11491598090730254	0.11491598090730254	0
1.0	268736	0.3113964364620798	0.3126082342836797	0.4553336648220591	7788	0.09922711634541855	0.09922711634541855	0
1.0	166056	0.3705264329583737	0.3742683142312049	0.4273909744447993	7728	0.10288420637303669	0.10288420637303669	0
0.89404296875	168566	0.2946724387045844	0.2975330290600427	0.4304498985592818	6890	0.11122670938820389	0.11122670938820389	0
1.0	221754	0.36977906661534965	0.3699478693377185	0.44236071121437653	7764	0.11184369454113512	0.11184369454113512	0
0.998046875	150578	0.29358119280592343	0.3022527539898112	0.4168768603367643	7588	0.11627565145824807	0.11627565145824807	0
0.98486328125	195754	0.3685295949620039	0.37458837029764175	0.4367893888254677	7696	0.1074983188966397	0.1074983188966397	0
0.97607421875	177566	0.4115544368840587	0.4125143440828337	0.4383315872067716	7458	0.13097536334159085	0.13097536334159085	0
1.0	249856	0.3667061057664814	0.3690673940486699	0.4466438833444571	7806	0.08722399700655026	0.08722399700655026	0
1.0	262714	0.39690016797840544	0.3992194226373021	0.4360108376462797	7722	0.10684454573601203	0.10684454573601203	0
1.0	201850	0.34590213045715196	0.34703112047132306	0.4326521147162039	7708	0.1097396726787803	0.1097396726787803	0
1.0	214896	0.38359487792367364	0.3883272779264164	0.4386184669521205	7868	0.10511166548482671	0.10511166548482671	0
0.99560546875	254626	0.21672542325847108	0.2174431624662602	0.4521969357587474	7874	0.11803427517166042	0.11803427517166042	0
0.998046875	197756	0.29765579528799385	0.3018604326109384	0.4354360780793151	7754	0.10541402038085437	0.10541402038085437	0
1.0	130224	0.28666162979433146	0.29139028015905205	0.406098761101178	7508	0.15190522811293494	0.15190522811293494	0
0.99560546875	194598	0.3725140962813476	0.37101515091735016	0.4294730114604777	7780	0.10806622689425893	0.10806622689425893	0
0.98583984375	208642	0.4447538423245752	0.44516267463971704	0.440482089139502	7786	0.11394571943609502	0.11394571943609502	0
1.0	228294	0.3763612662074757	0.3766522613430834	0.4286348530974069	7590	0.12247426093146595	0.12247426093146595	0
0.98486328125	181836	0.44147736828637846	0.4428447074645777	0.4372345279033079	7492	0.09647132795770949	0.09647132795770949	0
1.0	186744	0.3649835627087196	0.3655121572587817	0.4363012488873739	7950	0.11139052243605885	0.11139052243605885	0
0.98486328125	112742	0.2730032732677189	0.28198859492235856	0.4194163521867616	7602	0.10577503923228988	0.10577503923228988	0
0.99609375	299166	0.36398770194929136	0.36584914502659427	0.44483902716827267	7864	0.0998307534375346	0.0998307534375346	0
1.0	308182	0.4709040506201178	0.46715096877136286	0.43896167520442103	7626	0.09794708199193553	0.09794708199193553	0
0.99560546875	195634	0.2159085183799533	0.21854889195867033	0.4351030472035837	7658	0.12103374211494915	0.12103374211494915	0
0.9912109375	175138	0.2914409500950304	0.29880174682911137	0.44192535224106116	7754	0.09995560030632467	0.09995560030632467	0
1.0	222096	0.3629808942980443	0.36417587544882773	0.43900368433332004	7822	0.14574706537577933	0.14574706537577933	0
0.9921875	190564	0.31894615962742423	0.32120370986447583	0.42597565969548673	7702	0.08761911187434085	0.08761911187434085	0
1.0	292880	0.46431323153261145	0.4619050559685218	0.44543028527734935	7910	0.11416255394443604	0.11416255394443604	0
0.97900390625	277370	0.33393950255789157	0.3359363793962994	0.4433647511095331	7572	0.10469645915240404	0.10469645915240404	0
0.99609375	330510	0.4499523694076059	0.4499853190306805	0.4462511866660293	7798	0.1189634456445519	0.1189634456445519	0
1.0	214300	0.3375661493552211	0.3359270597562707	0.4349985827956104	7874	0.11048103144174995	0.11048103144174995	0
1.0	153468	0.2753009438267988	0.27822269971718316	0.43296716169527555	7782	0.10469502868507237	0.10469502868507237	0
1.0	190410	0.2588345667240883	0.2622378147512563	0.4245895377717713	7606	0.08803004785892642	0.08803004785892642	0
0.9970703125	202276	0.3372763541212462	0.3366489101904661	0.4281424757094732	7704	0.11891112072767508	0.11891112072767508	0
0.978515625	213020	0.41925414935045197	0.42243630592567144	0.42768424811559563	7454	0.10089963616498937	0.10089963616498937	0
0.9697265625	147780	0.34896199797910993	0.3529042183235143	0.4264858655001415	7496	0.10701286264213136	0.10701286264213136	0
0.998046875	170546	0.40710472373026585	0.4086514202136156	0.4242242396473623	7700	0.11893608304890876	0.11893608304890876	0
0.98876953125	222080	0.37573701730630465	0.38070023109860335	0.43719099472151224	7658	0.08619045760018951	0.08619045760018951	0
0.998046875	309920	0.39529543394080713	0.39289868687266694	0.45040643863973906	7730	0.09557713965668105	0.09557713965668105	0
1.0	272254	0.3825028036304743	0.3832218540374054	0.43847806707730247	7802	0.11337887389610646	0.11337887389610646	0
1.0	236418	0.3573661253020873	0.35866311526720757	0.44966321951545035	7926	0.11858200318262989	0.11858200318262989	0
0.97607421875	218534	0.4034068691672065	0.4021068325784973	0.44177560927054715	7660	0.1410223291596347	0.1410223291596347	0
0.99560546875	191300	0.3155380154570004	0.3183558036203028	0.4347008187808703	7716	0.1047154243169576	0.1047154243169576	0
0.9697265625	201010	0.24834591082836882	0.2536582479600971	0.4373769084364953	7648	0.09958190693531575	0.09958190693531575	0
1.0	142912	0.3555158060994864	0.3518242896502067	0.42888048538027507	7680	0.10786620414864652	0.10786620414864652	0
0.99560546875	192240	0.1976510905938143	0.20481980658669574	0.42504978796547804	7616	0.10476849215880742	0.10476849215880742	0
0.99169921875	218702	0.3419945154783314	0.34693108051196275	0.43966374337717573	7788	0.08039408393423263	0.08039408393423263	0
0.99560546875	218810	0.30996303076666964	0.31555803482420103	0.4364334690144159	7670	0.10968961762778745	0.10968961762778745	0
0.9931640625	156542	0.3698042680363067	0.37237827616586744	0.4242586917552822	7686	0.12416003882960723	0.12416003882960723	0
0.9873046875	234634	0.2972103031868509	0.299131703524884	0.44813904676931676	7730	0.11678485246619394	0.11678485246619394	0
0.9931640625	153800	0.28209702892759175	0.2855930945567956	0.4197802003393616	7584	0.06871117987993898	0.06871117987993898	0
1.0	226046	0.429967994365252	0.4294711103385544	0.43710750732928044	7790	0.10357891988745827	0.10357891988745827	0
0.9697265625	184336	0.2923109428545527	0.29328757664303745	0.44239458417680194	7524	0.11263656975359466	0.11263656975359466	0
0.998046875	138546	0.2594923570692699	0.2664923314995433	0.43099004110427863	7758	0.09951533991812597	0.09951533991812597	0
0.98779296875	173890	0.40715433759292213	0.4113988481048827	0.43137730737211877	7468	0.11912091355873947	0.11912091355873947	0
0.998046875	176328	0.33663318049478275	0.34117165505387964	0.42385474052825517	7518	0.10010044171716088	0.10010044171716088	0
1.0	183934	0.44532307409432914	0.4496047900388254	0.4240704501175688	7722	0.11671962795110222	0.11671962795110222	0
1.0	306778	0.33522146416091464	0.33759102593838886	0.42767858053385227	7670	0.1029138671148388	0.1029138671148388	0
0.99560546875	258680	0.39357278196839307	0.3987685874432044	0.43199069895568926	7808	0.10448878408684954	0.10448878408684954	0
0.9912109375	194260	0.2523169731426135	0.25400901365959316	0.4401550851767333	7852	0.098750676197764	0.098750676197764	0
0.98486328125	230892	0.43370946879841527	0.43237331888156794	0.4435463169310583	7678	0.10515236125412397	0.10515236125412397	0
1.0	232912	0.4414952003031019	0.439867277195684	0.43411296820741657	7626	0.11967504854507474	0.11967504854507474	0
0.99560546875	227442	0.38843547236856846	0.39930759648032854	0.43798173735756746	7636	0.0977399545374183	0.0977399545374183	0
1.0	198986	0.35404369500353877	0.35233530404058444	0.432121964017727	7788	0.10769277162839015	0.10769277162839015	0
1.0	137072	0.2917087923752758	0.2967045113491872	0.41972841274591793	7650	0.10280072734324353	0.10280072734324353	0
0.998046875	256634	0.33389545066889154	0.3302348753836338	0.442773555916209	7776	0.12872946984278866	0.12872946984278866	0
0.98291015625	205886	0.31473827921162983	0.3203216622251578	0.426533921682447	7674	0.09865113968863609	0.09865113968863609	0
0.99560546875	216792	0.21969242742699593	0.22039485842567366	0.44016006637278865	7712	0.10084601505412177	0.10084601505412177	0
1.0	267800	0.37625721140766416	0.37497483830382694	0.4325951720051724	7652	0.10428037441240767	0.10428037441240767	0
1.0	138132	0.2547749888669092	0.25653482040149883	0.4265524506933769	7748	0.1360775060953323	0.1360775060953323	0
1.0	209606	0.3918393222953607	0.39463246807738656	0.44171356613629903	7774	0.1231838534286903	0.1231838534286903	0
0.94873046875	198540	0.46876489019720874	0.4661535352180784	0.44628799340266956	7448	0.14481451423283223	0.14481451423283223	0
0.98291015625	142392	0.3286817242786738	0.3355753729421222	0.42743310290884606	7502	0.13653402788994035	0.13653402788994035	0
0.99560546875	228668	0.3446444442506763	0.35250322283655006	0.4511995925663627	7794	0.10902121897238348	0.10902121897238348	0
1.0	313880	0.4835652052097001	0.4831405644782301	0.4467940449016922	7784	0.1080241612568914	0.1080241612568914	0
1.0	188174	0.30306798497997683	0.3049699584981587	0.43154757400203697	7910	0.12025513977156835	0.12025513977156835	0
0.9892578125	157118	0.3654080612864364	0.36701619073681785	0.4318169601448955	7788	0.12586418612271266	0.12586418612271266	0
0.9951171875	173136	0.25817237632622125	0.2607828015232766	0.4352164833030976	7798	0.0952163135578771	0.0952163135578771	0
0.998046875	222182	0.40792486416780754	0.4086180957007058	0.44955819677806746	7660	0.10616909932791888	0.10616909932791888	0
0.98486328125	149158	0.2393677834308549	0.2429887756935129	0.42871264213032073	7556	0.11686529958069113	0.11686529958069113	0
0.998046875	280026	0.4525843099568966	0.4520743263218236	0.43819406932638616	7844	0.11543634573604507	0.11543634573604507	0
0.998046875	127438	0.38533946956062204	0.3858556583931846	0.4210442912574712	7704	0.13238198981003024	0.13238198981003024	0
1.0	199116	0.30311348690552886	0.3054662010778421	0.43931756187954746	7804	0.12467707006987926	0.12467707006987926	0
0.9501953125	221032	0.43309791331432174	0.4340218043072343	0.4399673409349274	7476	0.0932201084737233	0.0932201084737233	0
0.98486328125	200204	0.28848538185013345	0.2880906317634463	0.4327774263164661	7632	0.08922960987008988	0.08922960987008988	0
0.99560546875	222798	0.26451506486720033	0.26895239049098985	0.4355873664995011	7608	0.09559670469893468	0.09559670469893468	0
0.9921875	159318	0.24534727609397503	0.25390313367812856	0.42908080971851	7608	0.11375241388703898	0.11375241388703898	0
0.98583984375	205864	0.28487319384549764	0.2844695590803469	0.4476347548165998	7746	0.10796667178266028	0.10796667178266028	0
0.98388671875	155200	0.3471288079167864	0.35200349393981256	0.4251031677730963	7438	0.122731382192342	0.122731382192342	0
0.998046875	166424	0.23732474631596764	0.24113011009797283	0.4351202245998404	7772	0.11619671875176213	0.11619671875176213	0
0.998046875	173686	0.27205414177690146	0.27387175249865925	0.4261661297928609	7738	0.10300736890950964	0.10300736890950964	0
1.0	256862	0.3055406588170642	0.3128638726105561	0.44453187985034964	7934	0.12566390068636518	0.12566390068636518	0
0.99609375	239954	0.39523715303401363	0.39123124149043687	0.43354295480500826	7718	0.1405595965160003	0.1405595965160003	0
1.0	138358	0.18648251953267117	0.19593520664805794	0.41352422137446493	7342	0.10504712730072395	0.10504712730072395	0
0.9833984375	320330	0.2097205191078255	0.21606124472478824	0.4326749424988292	7494	0.10881993933527903	0.10881993933527903	0
1.0	181188	0.3323319068494107	0.3314222939522077	0.43664985270156703	7726	0.08920713277835732	0.08920713277835732	0
0.916015625	199954	0.3481919383103002	0.35085823534951427	0.44617131582939784	7200	0.11420515605893357	0.11420515605893357	0
1.0	206558	0.3917809549336267	0.3981703222185165	0.43541101740413807	7628	0.10005299892436634	0.10005299892436634	0
0.998046875	207374	0.3262802373594549	0.3257592644159926	0.447598774780456	7892	0.1091985468376086	0.1091985468376086	0
0.998046875	145596	0.28206324174388137	0.2912660492904964	0.4159759851454285	7562	0.08705633977877822	0.08705633977877822	0
0.96337890625	248470	0.32535385967543434	0.32553485711686153	0.45564205030290217	7546	0.12922238927660207	0.12922238927660207	0
1.0	206910	0.2937055730368785	0.2939819290301464	0.42861536981894716	7674	0.10179684151994521	0.10179684151994521	0
1.0	165774	0.3650141298918018	0.3659192880456236	0.4313896260749506	7642	0.1186708966341152	0.1186708966341152	0
0.99609375	146416	0.3800246942200144	0.3807009178605144	0.42928240111215826	7690	0.1356236585446914	0.1356236585446914	0
0.9970703125	222596	0.3109219943374497	0.3105910889726734	0.43498702214799106	7728	0.09338180674346011	0.09338180674346011	0
1.0	167774	0.20267756926899208	0.20585858606862362	0.43652818188685655	7884	0.09719506544112069	0.09719506544112069	0
0.9873046875	281560	0.36167092711019844	0.35898178594387475	0.4531488254076512	7712	0.10418246583915516	0.10418246583915516	0
1.0	175860	0.2634974269852197	0.27308703928912414	0.43272621264873296	7790	0.10821077122428471	0.10821077122428471	0
1.0	149226	0.28401053619765076	0.28928786335262063	0.4236156370169853	7736	0.10418252444924926	0.10418252444924926	0
1.0	173736	0.31719325504762524	0.32310557070023876	0.4267392261596208	7646	0.11273434106359853	0.11273434106359853	0
0.99560546875	191368	0.2734148222553567	0.2778711476330893	0.4389777349304093	7638	0.09194430419239315	0.09194430419239315	0
1.0	178312	0.3681445789833291	0.3703391854897174	0.43428106802228683	7878	0.10538633128516622	0.10538633128516622	0
0.99072265625	168036	0.3615825139366266	0.3659528867505099	0.4314768001341942	7740	0.11893007569875068	0.11893007569875068	0
0.99560546875	234034	0.3777632422601127	0.37952961926641215	0.43495947434947047	7864	0.0994222203991547	0.0994222203991547	0
0.99609375	206146	0.3423910146881145	0.3494135935284405	0.4332428376951459	7660	0.09215314211991989	0.09215314211991989	0
0.95458984375	225500	0.25366762408657945	0.2542950085177188	0.44085833521240536	7486	0.09541346882680507	0.09541346882680507	0
0.98779296875	177966	0.2273133204728425	0.23000628222525368	0.42082065418305464	7636	0.10600573289823274	0.10600573289823274	0
1.0	287376	0.30355368037147923	0.3088691731272481	0.44856424892674535	7788	0.09679924117989976	0.09679924117989976	0
0.99609375	189992	0.3617289182936378	0.3611433602175118	0.4220478270775941	7646	0.11683512956097292	0.11683512956097292	0
0.9814453125	296596	0.45292066015710747	0.4542256687586585	0.4478094254559581	7716	0.10460213328340424	0.10460213328340424	0
0.99560546875	253934	0.2851165638027019	0.28838516620459664	0.43689891015154547	7646	0.09863400056982785	0.09863400056982785	0
0.99560546875	138676	0.33429164196633027	0.34197614860717146	0.42893344035323744	7698	0.10129847171828066	0.10129847171828066	0
1.0	192714	0.27766925323285196	0.28139254993999196	0.438678685867595	7550	0.09773780517433676	0.09773780517433676	0
0.95751953125	186946	0.37081241019337247	0.36716348188547226	0.43603012518023126	7548	0.12592905887498437	0.12592905887498437	0
1.0	220616	0.3728894414335529	0.3750284687500364	0.42946081780026163	7714	0.08572618531976194	0.08572618531976194	0
0.99560546875	160660	0.33351739892236243	0.3337069228756714	0.42897382080999363	7618	0.10420111803713453	0.10420111803713453	0
1.0	150614	0.4003379765816077	0.40134228649477494	0.4271281535607508	7666	0.11588222909694408	0.11588222909694408	0
0.98828125	160918	0.321281756067277	0.32449069734431063	0.4356792135487717	7712	0.11244153212913155	0.11244153212913155	0
0.90087890625	150328	0.26610652929626355	0.2683034190255323	0.4277651037238142	7016	0.10095302223688422	0.10095302223688422	0
0.9755859375	203270	0.3420245255609573	0.340995671470608	0.44171872596461137	7748	0.09979167191290406	0.09979167191290406	0
0.998046875	156978	0.37468452407489683	0.3800083782452941	0.4292807308935221	7658	0.1288267658837892	0.1288267658837892	0
0.99560546875	172770	0.22724412799972246	0.23457075962006546	0.43638243325374093	7758	0.08722826343782591	0.08722826343782591	0
0.9951171875	139166	0.32443593741939275	0.32710140886159533	0.4244333955624195	7708	0.10108042858060502	0.10108042858060502	0
0.9970703125	180762	0.3019834189045854	0.3104475742830005	0.43611615281145727	7862	0.10556544225387801	0.10556544225387801	0
1.0	297380	0.3615686037120058	0.36259138259538604	0.4394082615785353	7766	0.10289860495673192	0.10289860495673192	0
1.0	164794	0.2377490780959212	0.24731017549003115	0.4327384871239808	7666	0.09181859578536454	0.09181859578536454	0
0.99560546875	208280	0.1711083375779969	0.1787702644814102	0.4294476754708652	7632	0.07228232143323494	0.07228232143323494	0
1.0	176678	0.42717786381749984	0.42433964949212566	0.43254817884086183	7606	0.13239218990891227	0.13239218990891227	0
0.9931640625	166104	0.33414396541395547	0.33229491763927327	0.433834078355696	7734	0.14180402738884482	0.14180402738884482	0
0.96044921875	151162	0.3790582016282445	0.3917021516820425	0.4045382974225869	7210	0.11551731334814613	0.11551731334814613	0
1.0	238726	0.4359642257705187	0.43508863988555174	0.43429408143746945	7654	0.10878971406100177	0.10878971406100177	0
1.0	263358	0.34420146700016363	0.34748491754212835	0.4282124736997322	7514	0.09871720676782192	0.09871720676782192	0
0.89404296875	144822	0.3598717566944747	0.36623235269951243	0.4277428789820182	6656	0.11187076812019747	0.11187076812019747	0
0.98681640625	220426	0.330062877663544	0.33249102540655406	0.42421113275966915	7442	0.11790666196107011	0.11790666196107011	0
1.0	153646	0.2933116310014129	0.29668962695970164	0.41098877939966716	7480	0.10972234299942452	0.10972234299942452	0
0.9970703125	203478	0.3836066871400762	0.38174888559394216	0.4367920528005352	7854	0.12535334991508154	0.12535334991508154	0
0.98974609375	193626	0.3150901684587144	0.31668376565660505	0.43511748231499664	7760	0.10788820536061192	0.10788820536061192	0
0.99609375	230308	0.3645727993908802	0.36653500180817505	0.4416390413076558	7900	0.11603852154734623	0.11603852154734623	0
0.98291015625	166124	0.39546792108671774	0.3968135417417505	0.4424555838267316	7704	0.12053338321126851	0.12053338321126851	0
1.0	222930	0.36162610888208124	0.3646110440966203	0.423871425659573	7638	0.11527375436729642	0.11527375436729642	0
0.994140625	187542	0.37261005805455005	0.373848757385561	0.4398512246010334	7674	0.10888269817722468	0.10888269817722468	0
0.98583984375	166324	0.3389620633260517	0.33913080496128795	0.43771416413097386	7588	0.10881183419912256	0.10881183419912256	0
0.9970703125	212572	0.32751521206903006	0.33062839483568846	0.4357465662193833	7610	0.11695914606599875	0.11695914606599875	0
0.98486328125	194630	0.4076507334409624	0.41178733598349726	0.4388869502223604	7686	0.1033963544113292	0.1033963544113292	0
0.98681640625	245932	0.42377066566243093	0.42649723000787615	0.44023831038732525	7724	0.10355072657536259	0.10355072657536259	0
0.9091796875	131414	0.3104924728774897	0.3166562041447761	0.43760062485819273	7056	0.1063912715060992	0.1063912715060992	0
0.9736328125	233838	0.4689296057618312	0.46717376716591014	0.444315438656731	7618	0.13035844648279699	0.13035844648279699	0
0.98486328125	152104	0.33694808369874035	0.34217044353506343	0.4233204189671909	7714	0.0984360335002458	0.0984360335002458	0
0.99560546875	263708	0.1714015795714993	0.17282592068122982	0.43358574488904605	7582	0.05900009320618964	0.05900009320618964	0
1.0	198282	0.2617855219026034	0.2671073755842743	0.42975151714071586	7742	0.10343421817265558	0.10343421817265558	0
0.98974609375	172200	0.3467873272384389	0.34540704217030993	0.4334526414906579	7694	0.1142324948149113	0.1142324948149113	0
1.0	281464	0.44407916251635937	0.442320923561705	0.45454499686082084	7790	0.10424964500991875	0.10424964500991875	0
1.0	181396	0.32255428096040606	0.32502857364634763	0.4394712176666662	7806	0.1245306539179204	0.1245306539179204	0
0.98876953125	206838	0.38899786251667223	0.3878211839348775	0.4408962406756694	7776	0.10565962964786375	0.10565962964786375	0
0.978515625	122172	0.30810148808892396	0.3083695787672718	0.42599467186821727	7680	0.1588647361381351	0.1588647361381351	0
0.99609375	200696	0.28256926786561076	0.2854900514640454	0.43306134599016644	7856	0.11144372346670213	0.11144372346670213	0
1.0	136442	0.3843581785571034	0.38584108976142834	0.4254602353903875	7608	0.10921431408983126	0.10921431408983126	0
0.9697265625	300788	0.31886805096688897	0.31902525742821586	0.45552911700532733	7474	0.09210195863703131	0.09210195863703131	0
1.0	173570	0.3804175018772636	0.37918469693777207	0.4389758311193561	7880	0.10299096234406849	0.10299096234406849	0
1.0	138758	0.31233124025027525	0.3167843311484844	0.4117586393099613	7630	0.11343886997959263	0.11343886997959263	0
1.0	325174	0.4201513428963452	0.4188772238501837	0.44169824245561395	7796	0.12056155136866928	0.12056155136866928	0
0.99560546875	167710	0.2925042037739819	0.2977372880521105	0.42895950475425276	7776	0.10218776606736796	0.10218776606736796	0
0.9951171875	240786	0.35107054297460455	0.3513081099106504	0.43782360571602097	7756	0.10020853931718066	0.10020853931718066	0
0.998046875	207550	0.27163854292439715	0.27593598396150315	0.4375080848547102	7722	0.1101746874649307	0.1101746874649307	0
1.0	143420	0.32573545007472393	0.3292716318572089	0.42293599603850107	7618	0.13276953906666808	0.13276953906666808	0
1.0	221780	0.3493460043499531	0.35665504801995984	0.4384305915387566	7674	0.10369332039584515	0.10369332039584515	0
1.0	180280	0.3846362897288391	0.3887430660482819	0.437461275707417	7728	0.14708426930148571	0.14708426930148571	0
1.0	251414	0.3127542823452721	0.30938378054378574	0.43647741900652615	7646	0.09403041329926391	0.09403041329926391	0
0.998046875	328716	0.4880989787428162	0.48433996779036614	0.44259845202487047	7776	0.09671218252216543	0.09671218252216543	0
0.95751953125	175442	0.25729183821793283	0.26152536685930255	0.44482562982420876	7338	0.13447679489524722	0.13447679489524722	0
0.998046875	182928	0.43973346971125254	0.4422373894730055	0.42544912083165554	7624	0.12555431738987133	0.12555431738987133	0
0.998046875	171394	0.30903332146518725	0.3125025843944843	0.440412280733534	7828	0.10857124282183565	0.10857124282183565	0
0.978515625	132908	0.30034211074787254	0.3029905975659549	0.418938640592688	7640	0.10776624567750288	0.10776624567750288	0
1.0	192120	0.37334833887964314	0.3784535028420035	0.4323025956972503	7464	0.1221598042901992	0.1221598042901992	0
1.0	203856	0.29934205365693645	0.30025591271283375	0.4433805720209551	7818	0.09613655253288712	0.09613655253288712	0
0.947265625	264948	0.2556067753501163	0.2575891408608138	0.43899478239915085	7480	0.08311130242517234	0.08311130242517234	0
1.0	171522	0.4016804693457024	0.4014659727645481	0.4215869455946475	7750	0.10041991501010346	0.10041991501010346	0
0.94580078125	196520	0.3371953009100423	0.3436182693982329	0.44077527156633556	7296	0.11987126455075756	0.11987126455075756	0
1.0	170950	0.295463715635354	0.3038492951600989	0.4254722383572327	7740	0.10182882060635716	0.10182882060635716	0
1.0	246990	0.2884820192139521	0.29280523364153777	0.439851700124505	7694	0.08517677289339085	0.08517677289339085	0
0.98486328125	162572	0.3246458620150742	0.3262636998022166	0.4287899068898495	7612	0.12951775509751395	0.12951775509751395	0
0.95458984375	142420	0.2043660723095023	0.2127925749984889	0.4308579908580094	7400	0.10209565850648206	0.10209565850648206	0
0.9716796875	181724	0.31998965697769216	0.31899163618671444	0.44517262661623175	7570	0.1131144208102091	0.1131144208102091	0
1.0	182128	0.43542136861196434	0.44208670540355643	0.439520913107689	7732	0.10778731697678333	0.10778731697678333	0
0.998046875	267872	0.43957289182283094	0.43920046965586684	0.4444871772271268	7736	0.11449827550534936	0.11449827550534936	0
0.9912109375	319530	0.43569982873006496	0.43440012593354	0.45664178971891994	7878	0.10267742492563148	0.10267742492563148	0
1.0	194788	0.33669159202444965	0.33941659504661226	0.43356910767527496	7838	0.09651188210341388	0.09651188210341388	0
0.998046875	200368	0.21510627660997075	0.22285172040798315	0.43701264749822083	7822	0.10866612133084824	0.10866612133084824	0
0.939453125	244908	0.40615462855287965	0.40815189536626195	0.4406512823583557	7344	0.11684868893386169	0.11684868893386169	0
1.0	271492	0.4280003621784542	0.4249877400370332	0.43081993580523864	7708	0.09234925027432912	0.09234925027432912	0
0.95458984375	174774	0.3405016814770409	0.34082050553446647	0.440380932059847	7378	0.12753887330703934	0.12753887330703934	0
0.998046875	199928	0.21644683589857097	0.22395884875802216	0.4330915496111149	7780	0.08700543143601767	0.08700543143601767	0
1.0	224404	0.3364837060278569	0.3372099987449091	0.4413293353123948	7894	0.10233735637046874	0.10233735637046874	0
0.9970703125	208800	0.3186736572100248	0.32455804070206556	0.40232796426297196	7390	0.10260287971074951	0.10260287971074951	0
1.0	175538	0.25623767552617305	0.26044822913677146	0.4374564158802083	7856	0.09880371893676158	0.09880371893676158	0
0.99609375	143042	0.33954343296221606	0.33994382344369334	0.42375360536635664	7820	0.12191685919468725	0.12191685919468725	0
0.98046875	203722	0.34162221738962806	0.34935313892188885	0.43528943218806115	7524	0.08989265683940141	0.08989265683940141	0
0.9970703125	194542	0.380187609333778	0.3943013765662148	0.4110392283481636	7614	0.10157378065463124	0.10157378065463124	0
0.98486328125	200860	0.4182479964803184	0.4189604478783664	0.43536965407458345	7612	0.10322927129133223	0.10322927129133223	0
1.0	183132	0.2806295992868131	0.27931885014259844	0.42881872130655857	7824	0.137388156887609	0.137388156887609	0
0.978515625	277036	0.3379251673188001	0.3461769771436331	0.43712267162350354	7502	0.1112017190243078	0.1112017190243078	0
1.0	168096	0.2818688801152025	0.28758847360385875	0.4274271018267683	7684	0.10623198555685287	0.10623198555685287	0
0.9697265625	207140	0.3661660831678936	0.3678528586658241	0.44007113710937995	7584	0.10834074980143978	0.10834074980143978	0
0.998046875	134370	0.2495559091949054	0.2586726037655211	0.4131735069409828	7652	0.11691384708678572	0.11691384708678572	0
1.0	206482	0.32698216826090026	0.32738587572687294	0.4468415285856862	7764	0.10952454972409839	0.10952454972409839	0
0.99609375	227646	0.41703017961876665	0.41722534381395937	0.4423182453384198	7866	0.12327719453344818	0.12327719453344818	0
1.0	229838	0.39721446682677525	0.3998172514148016	0.4428923589149838	7824	0.09768501892929149	0.09768501892929149	0
0.998046875	161946	0.3077731876539672	0.3095181403655663	0.427566835271407	7592	0.1030947492893907	0.1030947492893907	0
1.0	162792	0.3628828315937835	0.3648664653441434	0.4389362085102866	7814	0.11410597909696406	0.11410597909696406	0
1.0	247810	0.4174861458290131	0.41772688643520706	0.4444363139530574	7884	0.11524381128049876	0.11524381128049876	0
0.998046875	219736	0.3207427628009818	0.3244390107699843	0.44511675734380796	7718	0.09686572194126834	0.09686572194126834	0
0.998046875	264454	0.4514458710262164	0.44925815250513856	0.4506895259545614	7746	0.10769642225571092	0.10769642225571092	0
0.99072265625	273418	0.36289651964763264	0.36567242767956615	0.44886447488520925	7852	0.09577591412787437	0.09577591412787437	0
0.99267578125	203328	0.42373249985825323	0.4237846450174138	0.4435029298124027	7784	0.12275375496879119	0.12275375496879119	0
0.99072265625	171548	0.315998686428444	0.3198540073586715	0.43152375632642426	7618	0.1208509032321355	0.1208509032321355	0
0.962890625	180654	0.34799796732520943	0.3519973336287779	0.43990382902450587	7542	0.12257205187985218	0.12257205187985218	0
0.998046875	251086	0.36930355134439957	0.3725201308621459	0.42330956407905723	7470	0.09023404594223977	0.09023404594223977	0
1.0	211606	0.2268873511629705	0.2300446800789569	0.4296641568077472	7740	0.09354005955293067	0.09354005955293067	0
0.9697265625	246652	0.3193520823644078	0.32406199789878404	0.4415938228740777	7484	0.1116160722545429	0.1116160722545429	0
1.0	158972	0.3983874023692394	0.39600851611742055	0.4254730529718751	7690	0.11912552425583636	0.11912552425583636	0
0.99609375	199986	0.3681143782879809	0.3703487797999602	0.4383552859804096	7810	0.11031169663933234	0.11031169663933234	0
0.998046875	191592	0.43521864487021694	0.4351978951088534	0.43014613216810177	7608	0.11574422649356958	0.11574422649356958	0
0.98486328125	256122	0.3936241422705064	0.39454665601125266	0.4442445505158674	7640	0.1242007762002869	0.1242007762002869	0
0.96923828125	180192	0.23155470637931863	0.23237183459855465	0.43149959453444314	7498	0.09204570682296365	0.09204570682296365	0
0.998046875	179676	0.25780218395159754	0.2601353156252408	0.4329795048832546	7882	0.10352278365487519	0.10352278365487519	0
1.0	239484	0.24684974477591803	0.25006431186864336	0.4335342558067738	7766	0.1047389257975028	0.1047389257975028	0
0.99609375	358752	0.37736253122257013	0.37798390858708153	0.45392586021469733	7774	0.10881444721475217	0.10881444721475217	0
0.98828125	286284	0.45901151033156223	0.45796020022036865	0.4477173905564244	7736	0.11506617956271793	0.11506617956271793	0
0.998046875	190470	0.24597834362143461	0.24896223953726243	0.43487198460309373	7830	0.09384605348220884	0.09384605348220884	0
1.0	322468	0.45612782320001916	0.4540691364748179	0.44751535384596447	7828	0.11858264871023777	0.11858264871023777	0
1.0	236118	0.2826636247620302	0.28445888699435407	0.4366932780270876	7838	0.10278211903922507	0.10278211903922507	0
0.99609375	275788	0.39778975094656804	0.396394403140853	0.45150080562320016	7824	0.11220818152146926	0.11220818152146926	0
1.0	188890	0.2418722632139786	0.2485955422716346	0.4375596027333042	7670	0.10680255325439329	0.10680255325439329	0
1.0	133412	0.33242717953947304	0.33450311890787254	0.4199996123747378	7614	0.12230074420406835	0.12230074420406835	0
0.99609375	232546	0.35644629521703436	0.35881847617374657	0.43585151823191576	7820	0.09227475804353116	0.09227475804353116	0
0.9970703125	212942	0.3641937967732341	0.36565166732022747	0.4463185802358376	7766	0.1279383380416581	0.1279383380416581	0
0.98681640625	317226	0.37067927768715647	0.37484113969198335	0.4485847271408725	7592	0.11270565212522103	0.11270565212522103	0
0.998046875	205972	0.31502077442562126	0.3140625889565805	0.44244741717491154	7684	0.11885729844809541	0.11885729844809541	0
0.98876953125	248652	0.20046716787190824	0.20930967545511714	0.4465410813492172	7694	0.08605757038391341	0.08605757038391341	0
0.98681640625	167782	0.31120882572218506	0.31309956146288526	0.40699368757845966	7416	0.10756245637447891	0.10756245637447891	0
0.99560546875	168118	0.23620089989830206	0.23921086121492535	0.43709581724346064	7852	0.1237353491262507	0.1237353491262507	0
0.98486328125	132406	0.23849643848116725	0.2462364099758671	0.42158610385283485	7568	0.10378309653241594	0.10378309653241594	0
0.9921875	219366	0.3678784063967541	0.3637155190857641	0.42901095296663216	7530	0.10871126153574244	0.10871126153574244	0
0.99560546875	197558	0.2836428473703935	0.2871332513084497	0.42582711674742296	7862	0.11091437884811514	0.11091437884811514	0
1.0	163322	0.2767410543698047	0.280686800044599	0.43648439442539927	7882	0.1305225367308121	0.1305225367308121	0
0.9873046875	279572	0.3321958459158622	0.3311866381678118	0.4425083648734987	7760	0.1049158187869336	0.1049158187869336	0
0.998046875	161636	0.32839306930318396	0.33197839419405617	0.42343814896511955	7598	0.1233383135437252	0.1233383135437252	0
0.99609375	165282	0.45652238305815895	0.4623325721402359	0.42187491321798	7702	0.11268034919169528	0.11268034919169528	0
0.99560546875	158290	0.23413006961470884	0.23656011136904767	0.43833280784345585	7792	0.12064658234174035	0.12064658234174035	0
1.0	130790	0.3183537918958673	0.31975331697183457	0.428829206465837	7772	0.10576521751805698	0.10576521751805698	0
0.998046875	192398	0.27037334055335405	0.2749094918765113	0.4263157198344106	7658	0.1237562691156388	0.1237562691156388	0
0.9814453125	144784	0.3263177623044062	0.3273123710101838	0.4297292686804139	7718	0.11609137507800181	0.11609137507800181	0
0.98681640625	161162	0.31433217216274945	0.32171867982499125	0.4272524030130676	7626	0.11707982193557688	0.11707982193557688	0
1.0	208088	0.35072132555166047	0.3509452483460414	0.44873371636273657	7786	0.11479154606155977	0.11479154606155977	0
1.0	243220	0.3565448589253131	0.35958267929489596	0.4415627761810022	7838	0.11612736001989371	0.11612736001989371	0
0.998046875	244374	0.40808145785322475	0.40942174856268676	0.44191827177804094	7652	0.1299011431558424	0.1299011431558424	0
1.0	134104	0.31622780139068174	0.31410313264701656	0.4257088096478933	7656	0.1279438859267133	0.1279438859267133	0
1.0	229108	0.2748441754915534	0.2793899839066541	0.4257894905498447	7754	0.11636724040882288	0.11636724040882288	0
0.9970703125	152236	0.25944438616944027	0.2616224347167555	0.4244343573720612	7572	0.1083924114455013	0.1083924114455013	0
1.0	124482	0.2417760587282766	0.2469423451278066	0.4074185913794555	7602	0.11913711146920967	0.11913711146920967	0
1.0	219670	0.27498945406798875	0.28305406338082595	0.4281785180507451	7750	0.10584750443605814	0.10584750443605814	0
0.98828125	300374	0.4574711675344361	0.45688881227984257	0.4359454060884868	7554	0.1316025633688466	0.1316025633688466	0
1.0	322926	0.5045174810239067	0.5032555894254285	0.4292810738564718	7674	0.10246002005438813	0.10246002005438813	0
1.0	174490	0.33942880066452585	0.3383578845327359	0.4305993711623033	7794	0.10549077341561142	0.10549077341561142	0
0.98779296875	191262	0.41356880538892116	0.4158675601061246	0.4263581065309136	7534	0.10299169214236015	0.10299169214236015	0
1.0	162182	0.31285871603980875	0.3148156499033739	0.4307336974634792	7886	0.12038028138718909	0.12038028138718909	0
0.99267578125	252934	0.34829649158493436	0.3541805522462634	0.43540714324197166	7600	0.09834765329398978	0.09834765329398978	0
0.99609375	200662	0.37066606315389733	0.3759071672336563	0.436149340477696	7620	0.11207982568091819	0.11207982568091819	0
1.0	165976	0.32502694139025207	0.33244621708156796	0.4253235107936386	7722	0.12769409031180687	0.12769409031180687	0
1.0	170976	0.30703597534304444	0.3039055590913726	0.42874663816373254	7760	0.09602768904531102	0.09602768904531102	0
0.998046875	300212	0.4114141666473066	0.4094736118695119	0.4444309435588642	7874	0.11512150704023075	0.11512150704023075	0
0.99365234375	151854	0.31627118459583736	0.31748593727090446	0.43607470516832	7702	0.09644988122403338	0.09644988122403338	0
1.0	239456	0.4630876171686374	0.4633890196025	0.44062399936565694	7720	0.12906541211555111	0.12906541211555111	0
0.96044921875	308994	0.4140574605311421	0.4133710508573027	0.459029008508755	7564	0.11366548705431362	0.11366548705431362	0
1.0	113700	0.26779422060355024	0.2731642762562221	0.4159837577933778	7784	0.1116761549763	0.1116761549763	0
0.9150390625	138532	0.3641753183602216	0.3636129100185438	0.4370120267041447	7226	0.1339419730987949	0.1339419730987949	0
0.99560546875	214432	0.4533253642565903	0.4513123255303865	0.43794968132324236	7460	0.10365088131906933	0.10365088131906933	0
0.9951171875	250736	0.2785074276998322	0.2829376654818323	0.43182812999547276	7750	0.0942043976004795	0.0942043976004795	0
0.99365234375	208768	0.4476470310705586	0.44529158333025554	0.4320165320178733	7630	0.13332141306752268	0.13332141306752268	0
0.990234375	154228	0.3130495055898224	0.3142983597322348	0.41623837816164455	7588	0.11324988001704377	0.11324988001704377	0
1.0	274068	0.32330671052651033	0.3233399326462651	0.43031426991155314	7714	0.1316550439506349	0.1316550439506349	0
1.0	178838	0.3285401691097451	0.33080705595606413	0.42680904607443454	7700	0.10820496323934779	0.10820496323934779	0
1.0	193080	0.31473075125784183	0.3217483116618434	0.43187431105072865	7876	0.10435787726480066	0.10435787726480066	0
0.98486328125	286590	0.39439751946032753	0.39432209546376346	0.4525588261930071	7684	0.09530104716824656	0.09530104716824656	0
0.994140625	233948	0.36831900892196584	0.3709314644155284	0.4280985581695373	7604	0.11500024832771313	0.11500024832771313	0
1.0	170972	0.2946289258127008	0.2987449491077182	0.4159368299373147	7554	0.09698418714641015	0.09698418714641015	0
0.9853515625	135484	0.2442889620037201	0.2511555398910971	0.4283367928978959	7638	0.10263425556242077	0.10263425556242077	0
0.99560546875	162104	0.2984825216935106	0.29851321434871864	0.41728073132825094	7744	0.10972861732886649	0.10972861732886649	0
0.99560546875	227754	0.3388364484558471	0.3420654938934738	0.43979778850741935	7666	0.10106303943031353	0.10106303943031353	0
0.998046875	174272	0.41734695547269185	0.41960698224117965	0.42646577404851055	7644	0.09276467017034407	0.09276467017034407	0
0.994140625	186664	0.4220737595233825	0.4231421138064517	0.42649919972595557	7592	0.14383099060183754	0.14383099060183754	0
1.0	210864	0.35032565148708833	0.3504942544775757	0.435235678541632	7744	0.12922547568190237	0.12922547568190237	0
1.0	168694	0.29531622685097925	0.2964631250925687	0.4275924889048104	7576	0.1395494630126568	0.1395494630126568	0
0.9716796875	224144	0.5056120315974557	0.5030872399413482	0.44964088943189906	7494	0.13666795592984018	0.13666795592984018	0
0.998046875	180638	0.3914890913752484	0.38946056004456714	0.4303755485154628	7592	0.11211473511145978	0.11211473511145978	0
0.998046875	174386	0.25853783604229896	0.26098436278622933	0.42767516896272806	7772	0.1228376234306281	0.1228376234306281	0
0.95068359375	136188	0.2421994920111293	0.2476551084040026	0.43202611566827415	7442	0.12004950026073778	0.12004950026073778	0
1.0	223460	0.3692916502663695	0.36779694434564775	0.4345520780080468	7698	0.10831133104775034	0.10831133104775034	0
0.99560546875	245136	0.33469505755634865	0.3359221217494328	0.42601880127311503	7704	0.08750961601958318	0.08750961601958318	0
0.98828125	307344	0.46124996876884394	0.4620286259243384	0.44308444542923775	7658	0.10922947064367644	0.10922947064367644	0
1.0	214002	0.3830948471007398	0.38261945941374614	0.44211496849865006	7766	0.12404933263858964	0.12404933263858964	0
0.98828125	208844	0.2952438985405699	0.2981150422026587	0.43705816598657976	7676	0.10479189484608606	0.10479189484608606	0
1.0	259246	0.34109380731551275	0.34126628755055044	0.4427491012465468	7916	0.09417221636610974	0.09417221636610974	0
1.0	229038	0.23502669937762768	0.23762144868494373	0.42977988365239034	7716	0.09102050099340075	0.09102050099340075	0
1.0	234816	0.3646377451060351	0.3623754720862054	0.44300923306253104	7744	0.12725827257890324	0.12725827257890324	0
1.0	239054	0.4508607178504134	0.4477096341800778	0.43956932782296576	7634	0.13644889056594323	0.13644889056594323	0
1.0	155230	0.3402399720754254	0.34609711344080824	0.42733741915596374	7768	0.12379646067840142	0.12379646067840142	0
0.998046875	193352	0.3018610812441842	0.30424738495241277	0.435420102784859	7632	0.10491680173014396	0.10491680173014396	0
0.99560546875	177872	0.26136050474684447	0.264375752439276	0.4282341219368217	7618	0.10312602012641618	0.10312602012641618	0
0.97607421875	268078	0.21010145291373283	0.21386025442003345	0.44032506483362305	7588	0.09622417041519135	0.09622417041519135	0
1.0	219052	0.17809005470458447	0.1822883424881401	0.4318329832163881	7740	0.11499372370611284	0.11499372370611284	0
0.99560546875	332934	0.40738519430422393	0.4088058978032897	0.44544789664320145	7706	0.10060704159574489	0.10060704159574489	0
0.998046875	233668	0.4088975246619017	0.40596018567937164	0.4442605493390261	7952	0.10189330395833857	0.10189330395833857	0
1.0	211060	0.32453024013397513	0.32791724059688243	0.43550097755715167	7894	0.11988777734678603	0.11988777734678603	0
0.98486328125	209824	0.34462782252024254	0.3520788823585627	0.431066354148638	7590	0.11155365369853718	0.11155365369853718	0
0.998046875	328996	0.3342812993220803	0.3330074871157042	0.4464392450628925	7598	0.10333614982983749	0.10333614982983749	0
0.9970703125	219850	0.2774020722925785	0.2796942908924203	0.43642181067718216	7652	0.10130485268639661	0.10130485268639661	0
1.0	178698	0.31100438796512603	0.3157697183289731	0.427142873234627	7636	0.1158960413116342	0.1158960413116342	0
0.9912109375	211538	0.37919078155324	0.379434445588364	0.44630231006215104	7818	0.13817164711778945	0.13817164711778945	0
0.9833984375	188956	0.2716922220017621	0.27330791128563253	0.43949053030319213	7644	0.11722191412354063	0.11722191412354063	0
0.95458984375	149162	0.20733569816340544	0.21052945117711158	0.4329457379121098	7474	0.1092815254273908	0.1092815254273908	0
0.939453125	185534	0.31422159778855924	0.3210868711987278	0.43907011433750903	7320	0.1034348283449454	0.1034348283449454	0
0.98779296875	134708	0.2971869823314207	0.30681877854264133	0.42341591784805455	7574	0.11168146648020649	0.11168146648020649	0
0.98486328125	266548	0.4245667265072245	0.42399700013842284	0.4524975267678579	7852	0.12468507949024529	0.12468507949024529	0
1.0	235366	0.37836535995047177	0.37478118836297336	0.4366200727808541	7742	0.11219049797458779	0.11219049797458779	0
0.96630859375	185918	0.2803532104851581	0.28486981207510226	0.43806343514195084	7508	0.1092787363218069	0.1092787363218069	0
1.0	317754	0.4756290276320839	0.4732717487386887	0.44259700816203634	7872	0.10745835645401282	0.10745835645401282	0
0.9697265625	212382	0.38918708074581526	0.38976164979109185	0.43885772946830953	7438	0.11926246691975576	0.11926246691975576	0
0.9697265625	218680	0.3778508774623495	0.3782756510523114	0.4310402632215955	7414	0.09643438161125667	0.09643438161125667	0
0.99169921875	168034	0.2594200813965414	0.2628613435384605	0.4295763205148941	7628	0.1581617080523803	0.1581617080523803	0
1.0	188496	0.3346852870123108	0.33850645074147157	0.43461036251882584	7880	0.09566665259074496	0.09566665259074496	0
0.998046875	247710	0.41981409823766747	0.4204136551463899	0.4177660875159348	7536	0.11083697659627101	0.11083697659627101	0
0.98828125	165390	0.4176826106876552	0.422757254205885	0.4405816235532807	7764	0.1329617627729346	0.1329617627729346	0
0.998046875	146148	0.33467743453497917	0.3352718486155186	0.4213125353932468	7732	0.13571663029334682	0.13571663029334682	0
0.998046875	264674	0.455073724582408	0.4522355642787936	0.43533334702089005	7802	0.12618760387550046	0.12618760387550046	0
0.998046875	169544	0.2830176416904588	0.28838129595268397	0.4266193428012816	7702	0.11001508916885255	0.11001508916885255	0
1.0	276112	0.3993272723592374	0.3998207740116166	0.4447266525281195	7790	0.1034246011416862	0.1034246011416862	0
0.9951171875	244042	0.2299041854626082	0.2322368043846727	0.4294701633088618	7832	0.07214453611666323	0.07214453611666323	0
1.0	255616	0.43488856342589105	0.43406115089170616	0.43349331817112136	7538	0.10899334513651508	0.10899334513651508	0
0.99609375	198842	0.3212168163906658	0.3264661228847503	0.4446930887938223	7778	0.10117382993200644	0.10117382993200644	0
1.0	192726	0.28163646188798086	0.2844693396241063	0.43454320258373674	7842	0.09975765152513143	0.09975765152513143	0
0.94970703125	251920	0.2636043756184493	0.26527637998731834	0.42155363841778937	7188	0.08310205874079422	0.08310205874079422	0
0.9951171875	169238	0.4554655044405297	0.45718177875323374	0.432952147540648	7724	0.1339628331701793	0.1339628331701793	0
1.0	126554	0.32352563738687107	0.3316762430492241	0.41476458526563426	7588	0.1175391926360966	0.1175391926360966	0
0.9814453125	198080	0.226497070286717	0.23138347811290785	0.44345249164116796	7536	0.09984133102468426	0.09984133102468426	0
0.9970703125	310056	0.3823508971138994	0.3869735652735847	0.4481773360164402	7776	0.09776085595990298	0.09776085595990298	0
1.0	195124	0.22636602433571898	0.23454288631935497	0.42332324727401144	7816	0.0854613258182672	0.0854613258182672	0
0.998046875	194262	0.27949472554637694	0.2802290710264207	0.4380185372473541	7658	0.10441451648293099	0.10441451648293099	0
0.98974609375	252244	0.2667276639122553	0.2667939001791809	0.4310085227199232	7760	0.10211335070318071	0.10211335070318071	0
1.0	199570	0.39086535509233594	0.394216910412864	0.4405907589494395	7872	0.1094154825450847	0.1094154825450847	0
1.0	172982	0.33390857476922453	0.3379512931759646	0.4394813423399803	7884	0.10328589390084222	0.10328589390084222	0
0.99560546875	185902	0.38748590273125155	0.3856089135316916	0.4270287126538845	7740	0.09672020799483604	0.09672020799483604	0
0.998046875	173288	0.37695046332727894	0.37794070817746317	0.42163056946912364	7680	0.12233275206107619	0.12233275206107619	0
0.9912109375	145956	0.3888846000233297	0.387916277531139	0.424735416072576	7748	0.13501147663787658	0.13501147663787658	0
0.9697265625	228854	0.3560928008959363	0.35666109002981045	0.45309910276787096	7528	0.12296518977139216	0.12296518977139216	0
0.97314453125	177724	0.3374367057201484	0.3397357244955233	0.43125664711496486	7568	0.13122552548515626	0.13122552548515626	0
1.0	158490	0.21901106494991857	0.22294453627242522	0.4354348039712414	7896	0.10843373320154784	0.10843373320154784	0
0.98779296875	137670	0.21492524305908306	0.21583829173037095	0.4279221770603707	7822	0.11852324184816324	0.11852324184816324	0
0.99267578125	201550	0.29226348385827544	0.2952477984258387	0.4359666326133264	7658	0.12441529720381532	0.12441529720381532	0
1.0	318316	0.3967255711011413	0.3987389177486644	0.45358828955017083	7908	0.08817119623524756	0.08817119623524756	0
0.99609375	193318	0.3695768616707251	0.3696044782240938	0.44211311937073877	7894	0.10912465182989829	0.10912465182989829	0
0.998046875	253086	0.3145425356918032	0.32123810551941734	0.44608332552330926	7854	0.09204172962596141	0.09204172962596141	0
0.99560546875	320094	0.4297917105768664	0.42810000352228866	0.44555693748714137	7738	0.09927954181056589	0.09927954181056589	0
1.0	135118	0.26339542114703784	0.26600351941841494	0.4252903023563867	7750	0.1037346799197649	0.1037346799197649	0
1.0	165636	0.32869298872429953	0.3327392618789144	0.4392143605954853	7800	0.10443046907377732	0.10443046907377732	0
0.95458984375	235184	0.28347064552571527	0.28616203701650017	0.4463397539507812	7330	0.09498651969555102	0.09498651969555102	0
0.939453125	291942	0.3340966693884403	0.33576023972612556	0.45240263031997796	7378	0.12796752939543515	0.12796752939543515	0
1.0	195124	0.4014482201316214	0.404263422037711	0.4387934126387046	7884	0.09429551176743495	0.09429551176743495	0
1.0	179764	0.35163965016424464	0.3539229487963458	0.43411234862554665	7728	0.1162124402578354	0.1162124402578354	0
0.998046875	211750	0.38247208532941473	0.3835543192305172	0.43357953274049593	7810	0.09771020231230551	0.09771020231230551	0
0.99560546875	164668	0.43503459210425405	0.4387258348155172	0.4270190952189365	7736	0.12041685633645391	0.12041685633645391	0
0.99560546875	166618	0.3065091368993605	0.3102581638172646	0.4337585734319782	7634	0.10863337278081917	0.10863337278081917	0
1.0	187622	0.3285642235906093	0.3293211922207841	0.4359296139545325	7772	0.12248892537069025	0.12248892537069025	0
0.95849609375	171466	0.382678710284512	0.3849803054962468	0.4384116364950031	7518	0.10158204871632591	0.10158204871632591	0
1.0	254840	0.39028472235541734	0.3884421189128975	0.43280521239295244	7566	0.10487821672342533	0.10487821672342533	0
0.9833984375	333892	0.4376262828292058	0.43708196713310915	0.448177696121237	7700	0.1042844567846864	0.1042844567846864	0
0.998046875	177536	0.40509865888046914	0.40300296753332293	0.43076330693604525	7716	0.12368323352355572	0.12368323352355572	0
1.0	315526	0.30481655786124073	0.30572156316942634	0.4469060864056092	7796	0.09339121385634336	0.09339121385634336	0
1.0	291106	0.3664148260690419	0.3665307205035595	0.45148389846751286	7898	0.11238830760578514	0.11238830760578514	0
0.98779296875	211890	0.28206896583263114	0.2912668492718018	0.4432486229863892	7552	0.1065694795296223	0.1065694795296223	0
1.0	281654	0.40626252050462364	0.40861725389114634	0.4356655957879733	7806	0.10017062562290399	0.10017062562290399	0
0.9931640625	151988	0.3395426896588882	0.34498457818381373	0.42212245687451344	7754	0.09989747651713006	0.09989747651713006	0
0.9716796875	196242	0.2644861782447418	0.2665011892102951	0.4322372437226886	7542	0.10211585625272565	0.10211585625272565	0
0.9951171875	235932	0.27300864239403233	0.2775022454367709	0.43714083456513353	7710	0.11727219641411125	0.11727219641411125	0
0.9736328125	164690	0.31571917155530727	0.3196891013117354	0.4399581640149346	7616	0.12065101218221855	0.12065101218221855	0
1.0	161390	0.28984493401391875	0.29956192202927867	0.4269537691342451	7656	0.09466763856130134	0.09466763856130134	0
1.0	163378	0.30766030788195753	0.31475721105637866	0.4354762936300099	7700	0.12364051204806417	0.12364051204806417	0
1.0	211222	0.3684959789274792	0.3686906171007219	0.4382442729861235	7732	0.1206940152277412	0.1206940152277412	0
0.998046875	145210	0.3779356312427631	0.38044150395959103	0.4069694397945141	7550	0.14159843083805793	0.14159843083805793	0
0.99609375	217230	0.3499335865979088	0.35468076831204826	0.44473945910172863	7754	0.10402466331615716	0.10402466331615716	0
0.99267578125	168238	0.331394756504621	0.330875621184711	0.4188098654508186	7590	0.10887243859956271	0.10887243859956271	0
0.998046875	141148	0.3749819991186196	0.3743909627388643	0.42120729666443957	7492	0.10748042090618368	0.10748042090618368	0
0.99072265625	173484	0.2229907520593515	0.22607641238502674	0.43962872130532377	7980	0.11309492023996033	0.11309492023996033	0
0.99560546875	252486	0.38637228890624836	0.3886926442858781	0.44337333830420717	7748	0.10784569064879168	0.10784569064879168	0
0.99609375	197380	0.4822608505452394	0.4785479622451102	0.43450718879772127	7742	0.1219020066046512	0.1219020066046512	0
0.95751953125	213888	0.4242038092909143	0.42552377335169683	0.42646216450401986	7426	0.10602120426764054	0.10602120426764054	0
1.0	182658	0.32382213783819114	0.32816647871178234	0.4294306190171469	7600	0.12819409829819997	0.12819409829819997	0
1.0	204742	0.3773590158709045	0.38228380116942245	0.4305990998543379	7674	0.11541723121516231	0.11541723121516231	0
1.0	220110	0.5044558471647086	0.5045499349696403	0.4288685803305911	7710	0.10272408582567705	0.10272408582567705	0
0.96630859375	148778	0.2198760605565715	0.22175405312586044	0.4249140975932179	7540	0.13916621603159285	0.13916621603159285	0
1.0	229996	0.3543294803101929	0.3591540832260444	0.44407239943795723	7808	0.09621037805324793	0.09621037805324793	0
1.0	175996	0.36778375926620255	0.3712588612436609	0.4274143069485166	7776	0.11868100163751044	0.11868100163751044	0
0.9931640625	145884	0.38164210284010813	0.3848419229410936	0.43298026161825126	7804	0.12464692708859104	0.12464692708859104	0
0.99560546875	254264	0.40399715167378514	0.40234002376539807	0.4430901847963047	7874	0.1004424661061053	0.1004424661061053	0
0.998046875	200796	0.36958242667497637	0.36808126065431146	0.43439551703722773	7772	0.12176740955172748	0.12176740955172748	0
0.998046875	184180	0.3520931364582509	0.35352056324099124	0.43914436937983187	7798	0.10652748083790077	0.10652748083790077	0
0.998046875	164568	0.22782674199119146	0.23088696960171096	0.4316201348438597	7866	0.09360550960507373	0.09360550960507373	0
1.0	122036	0.2854228305161916	0.29146508504513857	0.4260765107718727	7774	0.10739137540979338	0.10739137540979338	0
0.98046875	225626	0.4492048356861844	0.4505478994680376	0.4414674454139807	7646	0.10257465118961048	0.10257465118961048	0
0.98779296875	178382	0.32179671543188587	0.32585792294117893	0.4299192179650051	7674	0.09332553199128464	0.09332553199128464	0
1.0	232994	0.31598705527252513	0.31962227430974655	0.4280206809822025	7662	0.10115227120675957	0.10115227120675957	0
1.0	243858	0.43188227661850925	0.4334625355322148	0.4403563754092608	7720	0.13835557309263433	0.13835557309263433	0
0.9775390625	220780	0.32358943662462686	0.32151590705130917	0.4513617689656302	7682	0.13002576343665742	0.13002576343665742	0
1.0	234620	0.37802477205992535	0.377001661102466	0.4477151618915483	7776	0.14158758223838933	0.14158758223838933	0
1.0	216354	0.36072968386282867	0.3623614306228376	0.4466091362862627	7986	0.12334009048710262	0.12334009048710262	0
1.0	149970	0.29497278756480566	0.3025627172986459	0.42509333674514216	7668	0.11462726879651415	0.11462726879651415	0
1.0	255980	0.32955392335552314	0.3316139059388732	0.42949304348208533	7750	0.10689556280217526	0.10689556280217526	0
0.93701171875	216470	0.42288421203898946	0.42035061632885257	0.4495177010343642	7308	0.12688163504054006	0.12688163504054006	0
0.9951171875	297524	0.40492157578563825	0.4064700205229347	0.43426686451059976	7758	0.10894899974348564	0.10894899974348564	0
1.0	167686	0.263953349712859	0.27190801662062175	0.42236559996467254	7734	0.10268233168388194	0.10268233168388194	0
0.9697265625	153544	0.24127964833810858	0.24259813411705053	0.42284620278955537	7454	0.09901988445204934	0.09901988445204934	0
1.0	164142	0.23770446077044513	0.24019749029229417	0.43244510846570683	7658	0.10665286631194328	0.10665286631194328	0
0.9677734375	148352	0.33631731612949606	0.3389239198650377	0.4298176810969856	7536	0.1275677230989886	0.1275677230989886	0
1.0	127150	0.20473562848748905	0.21691337468425181	0.42570535286881594	7826	0.09239952198841252	0.09239952198841252	0
0.9873046875	161620	0.32343633239355407	0.32646994789152545	0.4387541350544418	7782	0.11331240038945377	0.11331240038945377	0
0.998046875	198106	0.3644705603635649	0.36774040712787576	0.44211327379399895	7830	0.12699612611272693	0.12699612611272693	0
0.99072265625	156096	0.3396290703689671	0.3422205285409796	0.42546853632386733	7752	0.10064034264749593	0.10064034264749593	0
0.97412109375	178482	0.44957757926853614	0.450083867529273	0.4365908256957369	7666	0.12614507984440332	0.12614507984440332	0
1.0	132710	0.35979343273122155	0.35954031643412226	0.4283577381631638	7692	0.11388457277732031	0.11388457277732031	0
0.99560546875	148258	0.3384017458536336	0.33987232988678034	0.4349528359970564	7804	0.11592007826261369	0.11592007826261369	0
1.0	208924	0.3829021447930409	0.3878849041151913	0.42913266553917523	7928	0.1265889709633831	0.1265889709633831	0
0.99267578125	173160	0.3889104740981692	0.39397821534825855	0.42118784214809163	7610	0.12885616624121113	0.12885616624121113	0
0.98779296875	180106	0.3759151708886561	0.37662705582566236	0.4343929742462907	7580	0.1400531223356537	0.1400531223356537	0
0.99267578125	120084	0.3396237972881714	0.3421389243869732	0.4140062635127682	7626	0.12587907989703054	0.12587907989703054	0
1.0	165524	0.40536635289716105	0.4071958745993566	0.4385053235587994	7736	0.13265319247661758	0.13265319247661758	0
0.99560546875	214450	0.3088856139004551	0.3147313675476138	0.4284891770468889	7752	0.10601952705301006	0.10601952705301006	0
0.96728515625	193300	0.1895476894885496	0.194089457331324	0.43837441550899076	7416	0.09151073017532474	0.09151073017532474	0
0.998046875	323908	0.47970840866998676	0.47834583458976	0.44712298694793656	7772	0.1018171597408464	0.1018171597408464	0
0.998046875	229868	0.38909506895845536	0.390259337827612	0.4428603736000909	7674	0.10135587314709564	0.10135587314709564	0
0.9931640625	251386	0.385929241246273	0.38616110533398956	0.44357548375487577	7876	0.09090741275349375	0.09090741275349375	0
0.99169921875	213870	0.3646240893825198	0.37029169815920865	0.4395156440860531	7614	0.10538287787456464	0.10538287787456464	0
1.0	159302	0.30562883018334003	0.3104763320964916	0.44040914407822335	7798	0.13185542510117454	0.13185542510117454	0
0.998046875	142558	0.2532101464688742	0.2568640029535377	0.41459432787343103	7712	0.10709293225495778	0.10709293225495778	0
1.0	243678	0.30975322607514244	0.3115244320181711	0.43330678596543315	7724	0.10608718565057883	0.10608718565057883	0
0.98486328125	139524	0.3256828820583215	0.3340239197643622	0.4231416786278896	7492	0.099322126095493	0.099322126095493	0
0.9970703125	135086	0.28838572012905744	0.29648708530941387	0.42417255341771654	7732	0.10948553699788463	0.10948553699788463	0
0.998046875	181202	0.33084615760574904	0.3360575796271645	0.4349666264360896	7626	0.1202425324512703	0.1202425324512703	0
1.0	261820	0.42025594200158717	0.42018450466376583	0.44427176383751776	7856	0.09577263846525522	0.09577263846525522	0
0.998046875	114398	0.2651215420577084	0.2676360447318888	0.41038399324291164	7542	0.10225867036702413	0.10225867036702413	0
0.9970703125	189320	0.4023440556046655	0.40249161234851727	0.4388321143809039	7808	0.0989636845951308	0.0989636845951308	0
1.0	287136	0.31073043486478125	0.310945519390298	0.4453960238011356	7822	0.08681416645148048	0.08681416645148048	0
1.0	282232	0.30558388124688385	0.31065596051309824	0.4462361506296742	7770	0.12315524598144398	0.12315524598144398	0
1.0	137028	0.2973741218538665	0.30071439904548936	0.40374261937423683	7522	0.10341626481792125	0.10341626481792125	0
0.99560546875	257728	0.3556812476602381	0.361838690694381	0.4259430034421489	7688	0.11912778817035638	0.11912778817035638	0
0.99560546875	178312	0.18692756756132464	0.19775968557971368	0.42541077447887415	7588	0.10921649231260813	0.10921649231260813	0
0.98779296875	166086	0.28041826759095206	0.28476650300164	0.43949980475506717	7762	0.09849176276706548	0.09849176276706548	0
0.92529296875	234880	0.43297252880086984	0.4327358410652556	0.4479703116694312	7284	0.11830364034946977	0.11830364034946977	0
0.998046875	231358	0.4206328816484582	0.4234461024814726	0.438321039956799	7886	0.11665762838329848	0.11665762838329848	0
0.99560546875	139498	0.26534232829690735	0.27595879715238036	0.4273508210409498	7792	0.11017257209212708	0.11017257209212708	0
