Utilization	Connections(A2A)	Lvl1TraffRatio(A2A)	Lvl1TraffRatioNoIndirect(A2A)	RatioIndirect(A2A)	Connections(AR)	Lvl1TraffRatio(AR)	Lvl1TraffRatioNoIndirect(AR)	RatioIndirect(AR)
1.0	184542	0.1083953346776197	0.10837578219762975	0.3365740188302227	7378	0.12740600961049195	0.12488630453959203	0.20043222265279795
1.0	202012	0.017459474781295094	0.01779755530155083	0.34572588302193	7656	0.043325066118830226	0.04714441368577495	0.21426981409910129
1.0	173504	0.24918448438985444	0.24946566191841665	0.35408544643783624	7874	0.1734601587071806	0.134549704188061	0.21994601867356536
1.0	152714	0.11480800952526711	0.11422061251988973	0.34428966957760804	7730	0.07528449328462058	0.06690350199684687	0.20653788902348078
1.0	220100	0.06840729531412464	0.06866690166257822	0.3610968048700393	7784	0.09253526118092098	0.101312221609468	0.2153946706049178
1.0	188014	0.0038270099554569064	0.003730952222834311	0.3544672895093249	7680	0.009093644288316419	0.012036574536574536	0.21633433662530646
1.0	243620	0.1087483623550288	0.10993261744611076	0.3815073063561647	7750	0.08954175594192616	0.0783128594026915	0.22222349690863
1.0	161356	0.04518759182402012	0.044981766513696425	0.35367863258426196	7632	0.04208489488943077	0.05877437369213686	0.21243724098400965
1.0	210016	0.16218585127373616	0.16203892049645705	0.35998104191067926	7500	0.10282803543121011	0.10711084128724249	0.21218590651198763
1.0	194524	0.040113952854043476	0.03974286613317849	0.3620395962305005	7812	0.040430126322988987	0.04220583756326842	0.20831498616490984
1.0	173190	0.08031395853805022	0.08001120606490411	0.35648724944282945	7552	0.13587373893130125	0.14713908915739102	0.2127329743071398
1.0	294624	0.03488036941029067	0.03547983793476846	0.3661296496003197	7594	0.06360311417308342	0.0717501997935892	0.2163379674739838
1.0	170890	0.055223110343711974	0.054415200383734964	0.35227538592783464	7808	0.09614039955591824	0.08148044021248978	0.20988075393721425
1.0	157210	0.053810012640607134	0.053723699645741516	0.3499587778174502	7852	0.07754296233466247	0.13022077991190004	0.1983881731948196
1.0	206392	0.14362774237687984	0.14462895523192887	0.3655456397256874	7782	0.11456966362320693	0.10879255689940698	0.21637993720362858
1.0	156194	0.09877570227197001	0.0986679746851786	0.35013122571161454	7646	0.11217186017079514	0.1008488258812379	0.20343097182557054
1.0	162666	0.14733626193017188	0.14583577773317957	0.34495978303565367	7764	0.13616254976964307	0.1294975998380967	0.21618028835363498
1.0	236746	0.09984880813643135	0.09937504918923946	0.38167682612205106	7838	0.09193715822296748	0.11277379119587394	0.20702638271361362
1.0	187066	0.329636285639893	0.32849484829865616	0.34287331673768034	7738	0.09929514017049844	0.1309471778221778	0.2000142948395396
1.0	158310	0.1833829460761289	0.1833405509686246	0.3503627737582546	7762	0.10611505646812773	0.11237291494347947	0.21225897998491583
1.0	256028	0.03979105523215882	0.0395392231758981	0.355693998405425	7550	0.09133642276747439	0.13316905907372284	0.20553791737276192
1.0	204666	0.2651696082957422	0.26594899664248717	0.3572427955572175	7680	0.10028859484480333	0.08829465106359692	0.21150112631576992
1.0	139158	0.13041672984671562	0.12964339406564113	0.33621003071918665	7652	0.08587444035337523	0.06972943262569203	0.2017947931346327
1.0	246238	0.1496458555695249	0.1500872288408391	0.3826129424363633	7726	0.10616115281735823	0.08879955949306201	0.20598116630542015
1.0	324190	0.2868618671538343	0.2868791136875417	0.39984351226222964	7782	0.13101002353272734	0.14333781301381604	0.22620575542497579
1.0	150408	0.030241704520913355	0.029915122486561797	0.35800623293683853	7632	0.06008179981539639	0.05846808488352606	0.20704474858704477
1.0	285780	0.2786018994306888	0.2792266742609224	0.382889819955474	7654	0.1207586734034731	0.12238746757079096	0.21754179027373097
1.0	149010	0.23164638776766983	0.23096086321934375	0.3505810668180549	7860	0.10926182126641003	0.1094913073223705	0.22388477786338765
1.0	144246	0.10334429012421603	0.10194927883064563	0.3531990115997628	7732	0.11036982297206609	0.10470241034363063	0.21128434468443982
1.0	189258	0.16759379580930264	0.16775321433151288	0.3479022228970979	7616	0.14650491581598638	0.14327640457886998	0.2234114490256199
1.0	217872	0.036506694100039455	0.03724413221437317	0.3740500111552271	7596	0.06671677844584144	0.06260891885891885	0.22321872609563473
1.0	200378	0.03730459294775679	0.037144087326507085	0.34952989015215413	7712	0.044766942881752654	0.04862477948390029	0.21145146183118346
1.0	213572	0.206668033800058	0.20599164715775134	0.364434224306245	7814	0.07921737927922308	0.07742895363229745	0.20865555751047346
1.0	150982	0.1884618575063475	0.1885779646612441	0.34869416454509633	7852	0.07770570155523111	0.08254152660813845	0.19796067557713404
1.0	185442	0.16546936833136147	0.16367443164908313	0.34953106723559313	7706	0.10790768134832424	0.08277721660397418	0.21926395516681255
1.0	243092	0.010480780315549871	0.0101669673814716	0.37369049002230564	7768	0.04344104006213359	0.04133126028807127	0.21481079288349966
1.0	146510	0.043110845609721206	0.042615611254418415	0.3541261182287927	7814	0.04587680461905706	0.043077680453030925	0.2055801846635923
1.0	189518	0.22527230961431186	0.22388293756095384	0.36296034391026244	7730	0.1265352128714492	0.1221337918778114	0.19726215470898556
1.0	192456	0.10079527476654501	0.100113106113556	0.3702411704166541	7618	0.13550256391881307	0.15841282619345293	0.20814164747970568
1.0	198828	0.03882473383388373	0.039056982837046464	0.3554540333805937	7750	0.11651695145642277	0.0955281023938176	0.22021762519179855
1.0	177050	0.029471094375885007	0.029634822924914473	0.3661069670514758	7660	0.10527788750032326	0.10439473217428398	0.20675989214584645
1.0	268860	0.17802627887953065	0.1770392085058622	0.37009688680809005	7946	0.09224848342365272	0.12042011807434773	0.21999380567936633
1.0	218248	0.10646245260516399	0.10585116285600461	0.3641009884270671	7770	0.04001020148369838	0.045831594416623586	0.22046681480791572
1.0	183866	0.01746313343379411	0.017168071255421052	0.35592441337121	7726	0.059437879671627565	0.055702530639036435	0.2149651031218759
1.0	278556	0.010258107973647686	0.01011624121752378	0.38906474520745654	7868	0.06458192533312662	0.06477539583484261	0.20868204968140613
1.0	193590	0.02396790974488705	0.023776521742617508	0.37511321595802577	7810	0.03942488977163986	0.04321667098188961	0.21552013719994004
1.0	222492	0.014171905941718	0.014251403340876054	0.36037368014864213	7750	0.03618737488243276	0.029461594162529435	0.21284599664791792
1.0	202298	0.153845808776652	0.15251515699524487	0.37039808586339945	7934	0.16848792348400846	0.18274163784110278	0.1904129200144418
1.0	169018	0.2947893607310494	0.2964072014871222	0.34983915178692876	7486	0.1185422465618212	0.16267529789502536	0.20273461618862884
1.0	248200	0.18107953957526055	0.18003791734712635	0.3753678982867523	7918	0.10788235507260474	0.11568821218558689	0.20949138739723253
1.0	143262	0.04396733629741924	0.04438207237476512	0.33898249355863924	7706	0.030381556929271768	0.02772513350169465	0.20944468586863027
1.0	199514	0.049125004863286297	0.049600917202167395	0.36121596985705257	7760	0.045837020922330995	0.05204640548946048	0.2160240626663099
1.0	199188	0.0935587295684435	0.09332156520579284	0.3630024882786082	7750	0.06762236827639115	0.0724975736113666	0.22081291704909264
1.0	159678	0.131392340400074	0.13243652261537228	0.3429232432859279	7640	0.05500678579046164	0.05245208567536252	0.21270127128754243
1.0	156792	0.16101732450887093	0.16015059482138574	0.3573724169882082	7852	0.11172646041749387	0.0954291158187524	0.22056352461358772
1.0	244710	0.09600759605553005	0.09466625107656902	0.36717836500999046	7674	0.1430601643405542	0.14146374142442297	0.2153350175114336
1.0	255704	0.12239637794739555	0.12244316648510414	0.38496569242500067	7688	0.12189514630183022	0.10443089024707516	0.2145371918320583
1.0	185708	0.050175004593979944	0.0497892703051651	0.3558981238294671	7796	0.03737614267009125	0.03319567507252553	0.2071387750997594
1.0	184270	0.014299201884509845	0.014039415419114683	0.37140219743888503	7700	0.05723091321032107	0.07917734120566769	0.21866496825734572
1.0	222154	0.07549260409017881	0.0758465145282302	0.3655519473572037	7726	0.04294959551933586	0.03190907606052293	0.21419342398087052
1.0	218604	0.05677385732141787	0.056791907139687264	0.35326934005117616	7620	0.06923366447566943	0.05760559208455253	0.21441091979363833
1.0	190682	0.1543325292681048	0.15342261013766634	0.35473195717720335	7864	0.12443396968535082	0.1224302836871398	0.1838499828789519
1.0	160378	0.02066402900896295	0.020035643312457743	0.3608459853988158	7798	0.04527702850089003	0.03983691165259698	0.2191858675459145
1.0	258550	0.16524435790019829	0.16531663127624868	0.37677296491645046	7716	0.12191135532741662	0.1349326222466178	0.22624260853047254
1.0	189284	0.025353269489206156	0.025910872289136015	0.36472661991694283	7776	0.06878919938085018	0.06760435921641599	0.2163450682047414
1.0	206098	0.17110698603899968	0.17059307745802557	0.37018258320400266	7984	0.10737609330905086	0.1150708116199346	0.2172536587811071
1.0	182490	0.1996779518203743	0.19898522891609213	0.3550982168032895	7726	0.08661903015060904	0.07014934978051676	0.2083464433602854
1.0	177828	0.06698376702990272	0.06783838972022388	0.3662553867909299	7778	0.11014953488356541	0.11234739913484106	0.19718484742455458
1.0	136536	0.059559532731373745	0.059887094820373216	0.34312529630022176	7772	0.056503353059136285	0.07093006634318555	0.20391357456639045
1.0	259688	0.18870267128682708	0.1892905556089437	0.38024757555157523	7804	0.049644033006618765	0.0404904376268026	0.2270321953013682
1.0	226720	0.03776692320955606	0.037607426760857786	0.3718010055372511	7914	0.05857764370544334	0.06275652508826726	0.22094919332299068
1.0	211980	0.24897297586739864	0.24971005294088985	0.3721083172070139	7758	0.1367724719426038	0.13383169549366977	0.21598771553723797
1.0	198572	0.03320800656972082	0.033914499198378564	0.35856963109936535	7606	0.019397131564400122	0.01724871131121131	0.21750369373817716
1.0	331740	0.2895602354223626	0.2898383488474952	0.38124331485257446	7792	0.07359264814358232	0.10112504521324703	0.22092996759010627
1.0	216304	0.30103328244771665	0.30124520424304885	0.3698005757213468	7760	0.10565387202698438	0.13122728505926132	0.2136351628329907
1.0	236132	0.2001391476289782	0.19813940161170035	0.3652051875468095	7774	0.12231853423816182	0.12048439063981911	0.2201272609025279
1.0	197094	0.17861431352024046	0.18048854464713723	0.3595109684142677	7666	0.1262422203875772	0.11414233608207741	0.21520255605018057
1.0	203810	0.10602807508343148	0.10690252025481539	0.3686223363701357	7888	0.13108218848944636	0.09904600253377474	0.21696220589655038
1.0	283050	0.15280342100488936	0.15245184358570862	0.3753453967553016	7816	0.12986611200980183	0.11153331082645496	0.2252789094861599
1.0	270756	0.3052962450146603	0.3053991479013002	0.3655573756103813	7692	0.0631364797871801	0.05200871268563656	0.21928835082859946
1.0	173630	0.10706041342526085	0.10785065322388275	0.344879324569374	7666	0.07074293907784428	0.061958796824672355	0.21710755717781904
1.0	208092	0.14507157237483997	0.14582350518784423	0.3685546846611887	7646	0.10968457903053923	0.09789744195386357	0.2195990381036456
1.0	368962	0.08471017125295276	0.08477740555404185	0.3798667791368204	7870	0.10691193892975077	0.11982701584480332	0.21959645776453854
1.0	367012	0.04908232168766318	0.04885812981223926	0.3937468749597961	7772	0.0714069501260281	0.07039284273326267	0.2280751769901338
1.0	158158	0.03535408595397272	0.034290624334794705	0.352911100372778	7680	0.06640133144334075	0.05369308394662545	0.1910449956729702
1.0	209568	0.1353913114255559	0.13437708118207656	0.3703639860515198	7772	0.08092833837563025	0.08825939561092885	0.23671685602879677
1.0	242496	0.17299015900252263	0.17299236368566545	0.36276348589654767	7754	0.11504287008944869	0.08718679306438412	0.22107527618358333
1.0	174102	0.1343777369572396	0.13334899878150203	0.36100583408781173	7802	0.08146736848111209	0.11209951570883525	0.2155994142868268
1.0	199862	0.11233448747478235	0.11129512523523032	0.36943839848366306	7828	0.0862356801640753	0.06223365676689971	0.18980138909764901
1.0	164636	0.025663543815044827	0.025557258550641095	0.35913592099702196	7838	0.07433075399595998	0.0624385676740949	0.20966402273221774
1.0	160830	0.14389631013631893	0.14198734229823354	0.33920335380877226	7492	0.06348224835846615	0.05750613180032637	0.20524849107323798
1.0	109456	0.05780424381054178	0.05806616934092439	0.3200559841413782	7792	0.08482612243031322	0.07277693992587367	0.20156366102191106
1.0	177224	0.15472650087994036	0.154295183247751	0.3588431755642185	7708	0.1599381301331539	0.16301324786504617	0.2054657478981755
1.0	290280	0.29361569520829506	0.2951441322144954	0.3656601087949425	7678	0.11193620396823885	0.12422830633156311	0.2108103995888209
1.0	165644	0.0217340390641687	0.02215191510202826	0.3410112547452316	7548	0.03916404007133851	0.03935370717945898	0.21121410900227514
1.0	154370	0.05963488888504848	0.05960876133450707	0.34881562384684067	7862	0.028624466393858832	0.030338830076379726	0.2171677982509106
1.0	229198	0.02606672706288747	0.025684873551443742	0.36220866951654385	7678	0.05570901704718696	0.04350638107053234	0.2078577877330262
1.0	172124	0.09539556690277956	0.09496091488154834	0.36242571575930893	7772	0.060431090386415115	0.08006506338530804	0.19578808691598185
1.0	241436	0.07377616667718195	0.07270845871986147	0.3774065859054437	7746	0.07608990816763254	0.06308909893287191	0.21998963410963024
1.0	239150	0.23195988616391258	0.23168518308148153	0.37800385784643614	7958	0.12625093664511394	0.13081992059627137	0.22015704219660626
1.0	214690	0.035732445844469427	0.03580939891857073	0.36528448339280534	7898	0.025300920166283453	0.025191258705426565	0.2104988358278004
1.0	219642	0.1371920820657129	0.1384299749777479	0.36751488299406243	7844	0.08474519801471544	0.06300747635330646	0.21242119845570048
1.0	132798	0.020362949354948506	0.02026378587225093	0.3352206323832317	7830	0.02381933728727819	0.028699357707509882	0.20624268979770619
1.0	172202	0.12403429163362323	0.12305991863193506	0.36025519705163855	7744	0.08949366319272493	0.09071632641644259	0.20922402497271378
1.0	182502	0.03343826002438577	0.034503780310649976	0.3693827348450925	7772	0.05162948442662151	0.057422437167382025	0.223512886607084
1.0	213458	0.037097339244512105	0.03661955327611812	0.3744188081571827	7774	0.0832059498021521	0.09051274841716017	0.21658193232337553
1.0	202244	0.03453595285215422	0.0340776415833719	0.36683437661567037	7666	0.08525971620708592	0.08556234797491284	0.21402614306712628
1.0	178614	0.04065292139610007	0.03984724417981534	0.34394520938512213	7706	0.07342753237187806	0.10345583441733824	0.20795141769367018
1.0	263366	0.07876237995966355	0.07849329603235618	0.38906841814878645	7774	0.07366579333199315	0.06851197862536247	0.232217803656212
1.0	169800	0.19116267871834455	0.1925129767317984	0.35152777898590176	7636	0.10489582834519202	0.09081027949109327	0.21365578512147912
1.0	145978	0.047493963401457465	0.04761029025088993	0.3390876654258583	7600	0.0843123805855946	0.07271677299185478	0.20050995229571425
1.0	256352	0.16933440369730982	0.17048691659156281	0.36630563883737954	7776	0.08108405731628529	0.0732228622450453	0.2180632743166808
1.0	181066	0.333854615488298	0.3349870440120932	0.3521619069411455	7692	0.11571525730029358	0.10689288752867844	0.1968378666549351
1.0	293534	0.25555006346512743	0.2555511344930444	0.37680122667065086	7646	0.1257948083012119	0.13181411881138172	0.2171919897910984
1.0	297308	0.045135663472124686	0.04435702671732158	0.3743677025376459	7802	0.10778137426237062	0.09205216757576817	0.21593107648745516
1.0	238830	0.03585783793239057	0.03566375389469314	0.35982291974294195	7790	0.07877456167465653	0.06332582010202333	0.2203039330724598
1.0	124756	0.10232958028278198	0.10198789846764166	0.33772588514519514	7668	0.09056592375607347	0.10208557206726714	0.21556766231595156
1.0	201850	0.039449181309895005	0.0391971069509885	0.35078285335153586	7632	0.0902301215604332	0.10174649079766968	0.21589207883845649
1.0	255772	0.15619075293066229	0.1558224449609747	0.371925253182821	7618	0.10475903038895737	0.09893721840170493	0.22285559013981346
1.0	215910	0.3580715748278364	0.355765031994164	0.35919766822953786	7790	0.13835081799505616	0.1315665267500979	0.21811841885574845
1.0	248826	0.24287373171266732	0.24288867284149232	0.37689132994186	7822	0.14995694854958844	0.12418448575961888	0.21703274844265522
1.0	158468	0.3099777337381465	0.3102545074492736	0.3525522551487125	7690	0.17245779192538924	0.17890531627696	0.20869428011134813
1.0	195160	0.020352668214526304	0.020938423567359653	0.36026546211661964	7612	0.07580302340081661	0.06181167355541569	0.2145889639095235
1.0	167250	0.07347503706813861	0.07292016180720133	0.34462694977291547	7752	0.10977529595975552	0.10016387978244594	0.20762832317749244
1.0	211438	0.019531858171756625	0.01960830011253889	0.3580794359472659	7328	0.04115006598441705	0.04440936678127551	0.2263727978817984
1.0	206262	0.026469571053492146	0.026868370918628485	0.37426147136960664	7864	0.08490594875480044	0.08211662364585723	0.2139292876722263
1.0	138212	0.24048910041486488	0.2386105197517398	0.34301359503128315	7706	0.1542023130231365	0.1293004169024502	0.21788935673752965
1.0	177192	0.028187337016732008	0.02918795501698851	0.35476834609966806	7834	0.03763852368189731	0.03887294428806157	0.2108087396179921
1.0	327066	0.22468003055251828	0.22255282527904358	0.39526349675685796	7742	0.09452295261239298	0.0964219459831672	0.21539105571205672
1.0	266672	0.2797225465919073	0.2806344130677981	0.38011042252775046	7832	0.11526731928659945	0.14573278019738223	0.21357414353089746
1.0	141068	0.10354448062967202	0.10500783809254409	0.34747273390211	7816	0.13390981496640425	0.1570672127965504	0.22390999084985044
1.0	171836	0.09211122516584058	0.09121627649595863	0.373803543361128	7924	0.09282154538412543	0.09041565083672863	0.20004491654534798
1.0	164672	0.01613643821482868	0.016182692876952124	0.33736386167156884	7552	0.041723824059976655	0.038350615264846566	0.20220116663177234
1.0	199964	0.051931892046569755	0.05202652264813697	0.3674334847581883	7794	0.06779304692194649	0.07755289757756866	0.21483370668805057
1.0	193222	0.11299049268073078	0.11368741754520933	0.36645951140758903	7814	0.06433156912950527	0.06974229787970003	0.2171517068170052
1.0	175524	0.0332146415304836	0.03349150898091927	0.3582791427917475	7910	0.05248116962603423	0.051549402592806354	0.20753740173059435
1.0	179124	0.07372775822544295	0.07343451540103044	0.36928900271949044	7664	0.05621007276074949	0.06575771687435294	0.2181504361721337
1.0	160530	0.021906198063027422	0.02109522565944187	0.34545522305207327	7704	0.06860724718210709	0.09149534305784304	0.2018350368574865
1.0	307792	0.20434475017060824	0.20413040686516648	0.3766690595136562	7654	0.07500869125208473	0.09831168651939083	0.21939965373289097
1.0	221652	0.07981043837049871	0.08036112382086612	0.377467885151922	7860	0.06067176902998986	0.07273046981632518	0.2175821583969106
1.0	169560	0.11230763526318549	0.11105047795006902	0.3528624421991799	7984	0.07061406102121019	0.060555262868030375	0.1950982403319853
1.0	166112	0.05123533814163121	0.05196560138796382	0.3504733803973609	7736	0.10808050452771102	0.12147012972166757	0.2103753386474435
1.0	184754	0.07460304629628464	0.07518666435811304	0.3643782825633648	7616	0.09882590462080464	0.10016894020579227	0.2187830321190595
1.0	192418	0.10036943300528739	0.1005446809344613	0.3637064219042352	7680	0.11134247731493743	0.11054433887177613	0.20613848018006983
1.0	225426	0.25553614266709257	0.2557259141102941	0.3630769243059943	7706	0.0739846910347172	0.06863458739975893	0.21286660712709274
1.0	134088	0.13847032807124013	0.13818917394678107	0.3305839686574386	7926	0.12308640394338433	0.12683560857261683	0.21147010239897432
1.0	193942	0.056288508101078646	0.056075357838380045	0.36453434521130174	7886	0.08617383908574876	0.07316850213636344	0.2139421634533991
1.0	117740	0.04715365099310153	0.047556918367893566	0.34283954749802353	7780	0.049915266547665996	0.04503730029947431	0.194927215536035
1.0	182374	0.01867825179711	0.01884038953468698	0.36754004789599687	7798	0.022886082655366353	0.03106681015452937	0.21705050553056693
1.0	177170	0.012606052413132493	0.013029278352296544	0.3634995458442763	7684	0.030246960290779522	0.0247115491169392	0.22668269192320556
1.0	208358	0.05032080531702493	0.05091396379119708	0.3539384574646471	7738	0.05526185492009027	0.05502075425429179	0.2081261752556436
1.0	163448	0.09991748846315629	0.09821547672773023	0.3475012911340148	7580	0.05971251749059967	0.0520174038007872	0.21976067049353762
1.0	217476	0.2835444358677945	0.28392283020271875	0.36719227988944986	7856	0.13964217557034714	0.12421188140034567	0.21707028055920619
1.0	160992	0.14882899437336264	0.1494647716219686	0.35384397657616523	7546	0.22452071094945597	0.21049386427630212	0.208962965570858
1.0	227078	0.14838656919484164	0.15021867932465158	0.3636212543549821	7500	0.06600444087140873	0.059264090602084284	0.22045320604308183
1.0	162156	0.00798405689109882	0.0077663357257866245	0.3550701909605809	7688	0.017673808396464645	0.022830141672053435	0.21972714711894695
1.0	161716	0.06808907674197291	0.06870049105980175	0.35038758090038674	7798	0.08140802589110993	0.09217200662249228	0.20761281364577275
1.0	149838	0.08681550457642565	0.08749901611323672	0.35840869715421175	7804	0.07291579974858525	0.06458904692110819	0.21024306565636872
1.0	132774	0.13404991621268397	0.13470640244047313	0.3227808159985656	7634	0.10417088388944294	0.1075113440682266	0.20695363014380552
1.0	195824	0.10003402487019109	0.09905964357841676	0.3617145353277275	7798	0.042699365312012016	0.05915044525080916	0.20762168768480024
1.0	200670	0.12720229841900046	0.12726986990465486	0.3763165533551956	7680	0.1098306058022181	0.1222860928512061	0.2052545979171131
1.0	167222	0.14120867626195993	0.1434915060927641	0.35870318969179	7752	0.0799471941679516	0.08647213876167584	0.21327511911201602
1.0	154156	0.06894158165489858	0.06963887872245222	0.3487657704388885	7740	0.04426008730603885	0.04563103194019833	0.21292533687366785
1.0	133686	0.08656399754347105	0.08611560167511269	0.337527419905535	7610	0.06339222692059532	0.05832006747894219	0.20748526939631506
1.0	155928	0.03730432490231302	0.0364535683004235	0.34801294632460755	7788	0.08540543738343907	0.0671931103316973	0.2150247037502793
1.0	184280	0.009292271097975504	0.008997071658532068	0.3613747211508653	7672	0.04092903314559241	0.04022711326303103	0.20737872962311485
1.0	216834	0.11504386659247251	0.11553085073511703	0.3593544114703329	7906	0.09680681924382341	0.08934890848071789	0.2033094929890099
1.0	172746	0.2987683190353433	0.2987591304280823	0.35181422324384487	7700	0.17061687572923817	0.12007824634463511	0.21220049096559515
1.0	194840	0.12133043949275511	0.12202159613788982	0.3306512298506127	7668	0.06628564814131106	0.06928325545942109	0.2213824468524096
1.0	216098	0.07388339273313319	0.07299265391977712	0.3612956911595002	7700	0.06914161535501265	0.05813424349662786	0.20263361914004888
1.0	278736	0.015108372417746659	0.015215265516030635	0.36975800635777994	7738	0.04398837787941284	0.0565269470623331	0.21785681774641993
1.0	171836	0.05642424290727719	0.056183042611851135	0.3617251345024402	7680	0.08053245196458064	0.08667924371577312	0.21461211912566944
1.0	262134	0.15049535996355107	0.14910820280940254	0.377089205410372	7894	0.09679789404904007	0.09082721201931569	0.21466024262866334
1.0	181868	0.15510790988169673	0.15724349719675987	0.3503758405715774	7592	0.11080302043156597	0.10701235749035329	0.2137205158029782
1.0	287588	0.159452394303849	0.15948982116440066	0.38810648874783243	7982	0.11141096552113192	0.09405323199592228	0.22882910688262617
1.0	165122	0.1508792909584951	0.14971699233134025	0.3486535444494065	7694	0.06393988140451567	0.05785984156957191	0.20350823379774194
1.0	141908	0.10778407521456437	0.1068728984673649	0.3559952712593844	7774	0.11548050018797872	0.136582081060273	0.2051752228493118
1.0	209684	0.14474906683161018	0.1444427982562475	0.3798744642659819	7922	0.12944415106490081	0.1500965885626166	0.20063169458499552
1.0	166468	0.04108575104172005	0.03992190909550242	0.3604936519368663	7814	0.060107490212749776	0.054884316556311666	0.21895257502744273
1.0	398918	0.17754417755538535	0.17906217275511271	0.39951654004315945	7824	0.14892586560724538	0.1421425437467155	0.21844806201507652
1.0	229760	0.281182464871469	0.27956889442146254	0.3664707098161751	7822	0.15608830363107096	0.15423238945004333	0.2119954840934686
1.0	266102	0.017492032172022894	0.017633888743411534	0.37194348445882136	7746	0.04715800765248001	0.04755183169656853	0.2155141178599452
1.0	245866	0.0022470573622919783	0.002147709238053512	0.3693586193277587	7764	0.024939313015976572	0.02880122456179441	0.21696399668285926
1.0	168240	0.17745024483139474	0.17685979387073802	0.3375149663073201	7378	0.15240737903408816	0.15256541951457203	0.20978782928611872
1.0	202940	0.05636368236579205	0.055710020548838154	0.38199557787338434	7912	0.08855813226452257	0.08041186462979821	0.2324842607428461
1.0	306572	0.042326987075593285	0.04233224835254728	0.37519797354007056	7906	0.04763476859776669	0.03863537727696095	0.2250957627019905
1.0	189238	0.01921465984363095	0.01957895334977227	0.3490790904949846	7676	0.058433619069648425	0.06019605453446033	0.2095740616634194
1.0	204744	0.129677117776278	0.13026733829443443	0.3671095461374125	7850	0.04017832572761704	0.04175589822683572	0.2196919314843494
1.0	225202	0.07557397329158658	0.07482704572320191	0.36753205486659635	7792	0.04490430579314833	0.05672889445369352	0.2166381255943843
1.0	313664	0.16978590448866687	0.16830497830979058	0.37897418786913106	7746	0.10622825085787317	0.10073135752949153	0.22391877808091384
1.0	189430	0.09008378049776387	0.09044810220672034	0.35137136867888047	7666	0.10361796427697408	0.10366402188117216	0.20587790005529616
1.0	183632	0.05095405795668788	0.049833798408658564	0.35767234803053144	7804	0.1312867975754288	0.11858759605602903	0.21373724699774643
1.0	193388	0.011261601614392422	0.011450932177550197	0.3719481069460309	7724	0.0380439268551833	0.04118254196729912	0.22021382975725376
1.0	191838	0.19547247293801392	0.19653554765867937	0.35710689994879	7664	0.10788137636017661	0.11975685173187575	0.21227418134661435
1.0	167038	0.08300181063640845	0.08230726576471678	0.3439293234791723	7746	0.09691948374355015	0.09913111462492354	0.2197949932092481
1.0	138914	0.045137586482276025	0.04601615458185818	0.35464102398821423	7872	0.09530832140404337	0.08262291174264391	0.20967301974327313
1.0	159360	0.034408812035100114	0.034439669110302586	0.35057050379738425	7680	0.05366716570859252	0.0403641575912673	0.19727178089002573
1.0	158042	0.18069970555396145	0.18170586017952756	0.3483251752803234	7748	0.10268462634724591	0.09819100940666135	0.2114380839581865
1.0	215638	0.1532550713948297	0.15269496436007082	0.36867698305765567	7780	0.08524982111398073	0.07308131124584971	0.21704964546220903
1.0	130702	0.13291658373404197	0.13276853331426466	0.34494130059497746	7778	0.06749464856308018	0.05668148038116662	0.2151009094579935
1.0	212984	0.023019799857442968	0.023591261398831657	0.3461233818289668	7774	0.039090762975343966	0.04332177454747867	0.21443942885164524
1.0	172926	0.11931290862100186	0.12075295431006075	0.3656357373801266	7548	0.11054524753991007	0.11901575655124741	0.21282937948737943
1.0	206736	0.2612258820792994	0.26173533204267513	0.37104136909228697	7802	0.11852364085550536	0.13176608589579322	0.2188446634550458
1.0	214390	0.020494289351587914	0.021013467991007593	0.3662418167240548	7848	0.059986995468838594	0.06605235324661385	0.2141438380167181
1.0	180752	0.04744213671627777	0.04844328565944895	0.3495062175068943	7616	0.0658867499426923	0.05982463794090895	0.20378698925615038
1.0	215648	0.023042192279733958	0.022836177559536354	0.36156064097278634	7868	0.061094316169232346	0.06481402545318889	0.21959164665946848
1.0	215886	0.020881418627662386	0.020684410192153665	0.3774721596865334	7746	0.06592878785448789	0.0708293662379458	0.21974215011297338
1.0	258150	0.13240757615632984	0.13269657850612526	0.3719875682600367	7700	0.11643372723073285	0.10874665799748685	0.21945836040966907
1.0	218024	0.09678760366791044	0.09664979137550847	0.3740308215518593	7756	0.06548570659757007	0.06870693690841327	0.21130415812387537
1.0	206176	0.0315431402379504	0.03179958279290396	0.3575421822387311	7932	0.06163073551891874	0.05082342848966256	0.21988093500228842
1.0	240670	0.15039544893064305	0.1502258763537948	0.3591236033658221	7606	0.10228748571146783	0.11427524453370236	0.21316518566534268
1.0	256732	0.20141412942165846	0.2001214977599401	0.3552344586703214	7734	0.13515128488290337	0.11545058526178893	0.2145975247629912
1.0	270500	0.23435699879010136	0.23385556235394783	0.3855920168905436	7928	0.14331727669371064	0.13231193759810797	0.21664033417709103
1.0	169916	0.1355764020739154	0.13703445443867002	0.3624952491545647	7728	0.13303411643813445	0.10225620838568034	0.2240881985261214
1.0	197720	0.1087387954241338	0.10814893357371183	0.36364719804268786	7686	0.09637812932547045	0.09816144577173991	0.21260012012141963
1.0	148588	0.03624654776901562	0.03562717451390609	0.346565838596306	7810	0.06419745048103499	0.0690647956583681	0.2175265344313284
1.0	177240	0.29347482108662154	0.29681478884521073	0.34501399759365	7662	0.08692140725054114	0.07037912360134606	0.2175602837791428
1.0	229168	0.332563079003623	0.3320088856164725	0.3691417018531351	7682	0.13503148009929672	0.13021577259905218	0.20897855596498371
1.0	224546	0.34895823286443906	0.3465730220090899	0.37157641741256225	7686	0.16437850347670133	0.18675599105700003	0.21357194501656593
1.0	239108	0.31161626639223194	0.3144074880176583	0.37302008673226345	7766	0.1077555152880415	0.1405028803812396	0.22278360673081596
1.0	148256	0.028134109647167425	0.027687214539078287	0.35670679875148864	7914	0.09079257160804592	0.06957982484809135	0.20492662679485926
1.0	170858	0.07163130868067992	0.07025995763971318	0.35428706822972106	7714	0.08831448176373129	0.08135705978840135	0.2125001438080264
1.0	181156	0.06362046559604671	0.06346203687501271	0.35692345581323703	7822	0.09605956682344417	0.11745185096560276	0.2166205197666753
1.0	182622	0.17403882122384728	0.17414391641810595	0.3495504874118432	7726	0.06319710777117964	0.0688562303994932	0.20924110504755034
1.0	171378	0.03969789598480577	0.040743979146006304	0.35850634387492647	7778	0.06823749984312175	0.09500320997659611	0.21905435690790198
1.0	182176	0.06903336219696449	0.069443571996653	0.3602889703805489	7738	0.06073789374637963	0.04945656030646019	0.20215415886479216
1.0	217548	0.18585433242855884	0.18685299793463256	0.35880838584818003	7834	0.07730169279361238	0.06057946381922062	0.2041182829992639
1.0	220268	0.1931084562299208	0.1939549378447708	0.36135271087192894	7450	0.1019836327515761	0.10145390084674508	0.22646211376939104
1.0	235648	0.2096356925829739	0.20958706871709912	0.3566264748999768	7770	0.060866543800749254	0.06854266703821253	0.21729864880531524
1.0	157234	0.06167515027676594	0.062234368722775955	0.3531555092042773	7680	0.08088129770077852	0.08832150108692856	0.21798953765115148
1.0	123920	0.09584434416396749	0.09617912615494822	0.3529528324447282	7668	0.08538047753750896	0.08830739712473908	0.21610784546238346
1.0	140584	0.09013859271439424	0.0899551776771561	0.3441380086184777	7666	0.09809033046317098	0.10226543408181724	0.2017203679652472
1.0	206312	0.2061721951904086	0.206648038678968	0.36794190849726244	7574	0.13743279528983693	0.10896835308031622	0.20777085513724156
1.0	165090	0.17406741002724038	0.1728315988772447	0.35512118135098736	7642	0.14653005690761595	0.17274133439554612	0.20583391879743937
1.0	215804	0.1562230161523968	0.1561142155637144	0.37138452295952645	7778	0.07755113918021833	0.0798702745577211	0.21388078498569063
1.0	160354	0.04061363703616203	0.040408892009459935	0.35151365915469035	7742	0.08300016822103212	0.09852172890965995	0.21859369185662028
1.0	240974	0.018902669281152633	0.018630333381165248	0.35975070977675255	7724	0.06586840007294492	0.08430660189996915	0.20790993277429914
1.0	297100	0.278349748976103	0.2759345486494261	0.38033186273597247	7510	0.09926479162098766	0.12075968438560349	0.20891557118736573
1.0	167128	0.017896287103831083	0.01768458721763059	0.35613332018839183	7768	0.04600785135137624	0.04438983525347725	0.21906388091759532
1.0	183824	0.1682430509066632	0.16736094679924565	0.34739964405862184	7858	0.08603671974945927	0.08691388336351938	0.2059666375286767
1.0	218018	0.17410418911930162	0.17368385792872276	0.3689322682900648	7750	0.10627025799413219	0.12337669968056517	0.2172148305652721
1.0	231056	0.2547078116016444	0.2537976413075418	0.3648369809062617	7692	0.14499546628470303	0.14292594796550995	0.21810069576800603
1.0	140690	0.15789932249281616	0.15834666195060268	0.3430203890982899	7816	0.1088704162336498	0.06283260214347713	0.19502105063294173
1.0	303514	0.057296893475062435	0.057741611776204425	0.3896727275985436	7830	0.08822018677219796	0.09798904917309702	0.22499826657141797
1.0	249538	0.2283729938443939	0.22803899495717742	0.37033977877248564	7694	0.1235210085979005	0.143563629775897	0.21133859528337529
1.0	215462	0.06125434639590589	0.06120491827967751	0.353363746793327	7654	0.07775640944225204	0.08057433477317287	0.22367024842230834
1.0	167502	0.21622159189233095	0.21742788748880193	0.3581296495827398	7792	0.081038554671042	0.08742822854177877	0.21142796677923756
1.0	184274	0.048600945018660725	0.04912563029562786	0.3612835447472011	7604	0.04615847848355813	0.047083064438403315	0.2105047432873776
1.0	285500	0.2643770939643835	0.2648198506492257	0.36902033447110055	7800	0.10138144404973899	0.08640549045982517	0.22004399020814125
1.0	150016	0.24969163539867772	0.25032346790162907	0.3435471600239695	7778	0.10976852235180214	0.1334039490219369	0.1899528019720473
1.0	238830	0.10332042868449799	0.10369825575464339	0.38007058478643246	7762	0.0913461530117822	0.09538360820813033	0.2302263054981408
1.0	239096	0.10891763599497015	0.10847999349343662	0.3694002727886077	7884	0.07932555343887268	0.07578906033644135	0.21514785633321998
1.0	155992	0.2067139227712155	0.20842173577747952	0.3482110107151366	7704	0.08316981523040091	0.057487922813745866	0.20852839183044136
1.0	175646	0.13664344829533137	0.13682177100951345	0.35890187356894127	7702	0.12979310709971384	0.14316218837302058	0.20618292690148357
1.0	194600	0.18181614061766915	0.182414863760149	0.36369160654714516	7686	0.10707876718481692	0.08647284806792659	0.2148231301682452
1.0	222506	0.17364949076714703	0.17354758652821517	0.3764570498124366	7876	0.1266023689435366	0.12904853484735884	0.2212594487459716
1.0	180920	0.057621934209746456	0.0575961613109217	0.3448686944360086	7696	0.025692711429849826	0.019689494202119972	0.2057161326819377
1.0	196954	0.10681674754733037	0.10701313157382736	0.35980008759374554	7728	0.07156276138763827	0.07189218841650344	0.21516300207801822
1.0	160118	0.1261095693040796	0.12603612489331067	0.350738457227143	7730	0.09860557285146244	0.10299116742715649	0.19682962548813057
1.0	187856	0.06392345100699456	0.06376111127227087	0.3639230053760351	7646	0.06533386127033897	0.06190268607899861	0.20029633600751576
1.0	197166	0.1934051901224826	0.1924504991072907	0.35910467163300175	7846	0.1438006246045791	0.13714198696369248	0.21755059432704724
1.0	179900	0.06647555464161836	0.06735621071240917	0.35814935845335255	7748	0.1037536473104337	0.12406661692508662	0.2109599778173732
1.0	197606	0.040200830310660095	0.04056623663812626	0.35948993078520136	7902	0.08321187952234053	0.07978723426798742	0.2261976370707484
1.0	162952	0.0420277722626392	0.042694255871470854	0.3532424537366108	7662	0.0609254677838331	0.05598359346914547	0.22190167664389382
1.0	150102	0.06186259738353943	0.0617849962128385	0.36360720537467656	7840	0.12495302508460869	0.16971940374184816	0.21205249402539508
1.0	206838	0.11848535554444534	0.11892473562979233	0.37610534636037535	7884	0.1751253754630223	0.15777993444165875	0.2220874105905003
1.0	373310	0.24099931759188914	0.2408175898703856	0.3925592168494055	7882	0.08113761774593778	0.09550004250411097	0.2242814711747578
1.0	235928	0.050280550430291074	0.050111497643115385	0.36206740558199096	7722	0.06916841410688786	0.09390150654771458	0.20681936361312192
1.0	254874	0.34695168440493057	0.34508296998403626	0.35726052981279616	7768	0.09781451326025462	0.10589287993524527	0.20972545106138
1.0	183012	0.038709061657166914	0.038809061745015604	0.3608377058030337	7698	0.09447893105648242	0.09696817964649845	0.20234064167141916
1.0	229876	0.11017887095859324	0.10975522130533871	0.3778724140406667	7942	0.07836244325722459	0.10122325753351312	0.205877981322513
1.0	153674	0.08728512354374882	0.0865568638427056	0.3515536877380625	7828	0.16171046853570467	0.16040438640862767	0.2040615193824854
1.0	164352	0.21246387901727293	0.21385316099207793	0.35813246634929746	7646	0.06291442679591003	0.052006274681167065	0.21066451804025832
1.0	156778	0.07076262080086651	0.07217863184559546	0.3526893681420582	7654	0.06945827612709253	0.07537530297192872	0.20373089034818556
1.0	251314	0.2756591817032111	0.2755406655130401	0.3581939582169917	7636	0.08952273111341037	0.08688304493225428	0.22670631774298244
1.0	216578	0.15023436815962188	0.15203201939753355	0.3577253451454525	7880	0.07319735447373832	0.06995063033158455	0.21036016208130684
1.0	117206	0.023336907626002556	0.023046580148110684	0.3282527780572808	7700	0.06296093031115886	0.08628843047263018	0.215728806248331
1.0	396424	0.07797444200316335	0.07767920467877328	0.39034723822612594	7840	0.06885638583936383	0.057286113828088195	0.21833341004860427
1.0	199660	0.11616289064835679	0.1163204816048233	0.3589858306980425	7760	0.030823332345997666	0.020409697240130177	0.2049940245902212
1.0	182956	0.0350221223589649	0.03522542775022495	0.3580379977026351	7888	0.0230237826136871	0.021052218056528398	0.2141341041089985
1.0	187702	0.09450788551442287	0.09594979042363126	0.36055052920029523	7606	0.08629546528627513	0.08831145750824662	0.20745405632215796
1.0	196568	0.23558442995143927	0.23480615383128872	0.3752453353780602	7798	0.1314538953713721	0.13602898870753322	0.21585137199819085
1.0	307074	0.41726582595838263	0.4167265571006128	0.346717602028026	7638	0.09719114987724287	0.12302605213345952	0.2123647098193855
1.0	179130	0.16099260973272056	0.16084740964606167	0.3724387262794406	7854	0.07635102218189763	0.0667317427148864	0.20430594231541235
1.0	167926	0.0034521286750626872	0.00309609894289962	0.3420860613474533	7588	0.010141855698150024	0.011481794621120043	0.20793356246104575
1.0	215034	0.14170189699607294	0.14197465078555888	0.3686944821122302	7786	0.1011815843336348	0.09706286584835097	0.21752598166300655
1.0	315612	0.2562145211535487	0.25611314145532527	0.379869233215455	7734	0.10589138116595684	0.0943613840114168	0.2165215643090981
1.0	195618	0.03406930787339736	0.03431338978625739	0.36962792858212473	7646	0.0465611760554442	0.0497354923966978	0.22550066809037225
1.0	202556	0.01734924526912209	0.016856259696229763	0.37192901720971633	7658	0.05278238822211223	0.06694934156739077	0.215183245820468
1.0	165478	0.0011935344666423782	0.0011483830705798313	0.3509745982221901	7692	0.01581965775215707	0.015320308812641062	0.20747290437493981
1.0	203532	0.07521601572166833	0.07529488531332498	0.36363625010426887	7882	0.1019116170626356	0.08310850830563486	0.21175993440918814
1.0	215906	0.18581221350492513	0.18702203013536173	0.3620290636206444	7848	0.061150348996002954	0.07753331901235826	0.20676455214450476
1.0	172128	0.058773867279844606	0.0578721731896886	0.3563953239246973	7536	0.05759531523959753	0.05496220560442785	0.20739403524048303
1.0	305884	0.005745997317309619	0.005743510649302473	0.3844056531227947	7718	0.03152285451624949	0.03588364837025042	0.2186857631969659
1.0	231370	0.24091795353794687	0.24234172970890966	0.3699095344479734	7766	0.09953151272969055	0.0853888019175843	0.22714915510062028
1.0	199094	0.06359386084429922	0.06409976973636147	0.3521548338625436	7762	0.04767344812257499	0.04328655530126209	0.21675023504002597
1.0	167978	0.11189752678577192	0.11303692823366177	0.3560927426156681	7696	0.09589628273494431	0.1236946151297374	0.1903750768441527
1.0	137512	0.04223993205968011	0.042452304469809146	0.3283458290431796	7600	0.11551785114004356	0.1411889124775443	0.20163004305950386
1.0	137238	0.0690559799374516	0.06866174693642522	0.3369087751752704	7542	0.10924272934532048	0.10144338532881324	0.21493805709964156
1.0	214186	0.14839696742762948	0.14789532167942201	0.35909199881187814	7610	0.12082599104023625	0.1569421178593358	0.22033313466498472
1.0	348576	0.10682362762289978	0.1063616508642568	0.3861068360903647	7728	0.0682591025533861	0.07255790890026266	0.2257185261556661
1.0	193294	0.14781614532458898	0.14698322733128535	0.37551000964222697	7730	0.1247277680828307	0.10870050551535416	0.21158280595671464
1.0	163048	0.04874047798566951	0.0484063116114028	0.3499781984241334	7670	0.08496741197138155	0.08205592149116044	0.21093202602252178
1.0	221980	0.14539517667600022	0.14586563248300324	0.3779148364207648	7790	0.10674320222052451	0.10111482226575018	0.22350357494875608
1.0	186628	0.03804019849415248	0.03731637743508526	0.35541763498485146	7550	0.059219535644618904	0.045731195601284795	0.22070272471371669
1.0	175116	0.0485107041111961	0.04902902019194027	0.357064139530803	7650	0.08024995234618518	0.1011387464708889	0.21226311425280153
1.0	186000	0.1966815982749279	0.19665329368518675	0.3465974227094288	7690	0.12133551380695173	0.1315263956084795	0.22084232254187938
1.0	136652	0.037263442204919804	0.03811287541365963	0.3395133349545388	7454	0.08886336001106618	0.11459478350058984	0.2129439022180979
1.0	151792	0.04181445829935913	0.0413449835375981	0.3615138415018791	7842	0.06403841074639066	0.07451763443169869	0.21172799247857899
1.0	299712	0.023494476606724515	0.02347645137993284	0.3535944246154443	7778	0.0546142995021289	0.06471384917274199	0.21499504947485457
1.0	216670	0.27342795038657014	0.27276947343639074	0.3755189887744872	7772	0.1361537760928056	0.15312215017831396	0.21225124112613994
1.0	181844	0.14616463926421683	0.14461804223407665	0.35667244821562455	7604	0.131458638412803	0.12573890988256972	0.21984117644474385
1.0	160978	0.057518592091482454	0.057324248046195014	0.36763365023462935	7712	0.05315855972041501	0.05006424499436675	0.19495656526117625
1.0	207676	0.03389613402440189	0.03360606282499338	0.3640965024200474	7668	0.08507981155981419	0.04313249821267913	0.2073382266395797
1.0	215276	0.20531102628611092	0.20551045133646967	0.3636587793199009	7768	0.08702185805891625	0.08748856156227422	0.2278121888351358
1.0	185240	0.07689893295005189	0.07723702097201143	0.34496122594516404	7728	0.06864388740721544	0.06222603870716863	0.21472363304700634
1.0	215190	0.059284301106941266	0.05888977447945777	0.3657525964530806	7744	0.10201300964771064	0.10662152884744032	0.2177599991062135
1.0	189538	0.09293555705487455	0.09261387645139504	0.35787878639132736	7940	0.1044569335769344	0.09855217443391372	0.2087771030447058
1.0	115218	0.14579794928954315	0.14384197565407464	0.32803500726617457	7820	0.1038273107448783	0.10521304535378477	0.2182027086564001
1.0	222352	0.01513738484504281	0.015179000688122243	0.36938558946417127	7738	0.062314478038102805	0.06953023534620274	0.21748104847375874
1.0	198578	0.040055051637693996	0.040237826485951055	0.36152239486353643	7784	0.08504201765501607	0.0731605733970914	0.19950337416656794
1.0	270556	0.20702685183113811	0.20726815421183384	0.36585691001368476	7962	0.14968736562657173	0.1499495023325873	0.2180720777766824
1.0	164898	0.08029787333937094	0.07994272226770349	0.35961653187686227	7674	0.09939587102310946	0.09863886860052119	0.2125308735814014
1.0	240948	0.11558673425010516	0.1143705689353346	0.37060013234223693	7798	0.1309566797781463	0.12353998145493147	0.2227340356717806
1.0	127442	0.07675844665882024	0.07598291269939128	0.33020661356237796	7656	0.09275276751317418	0.07729263885870442	0.19151443661992443
1.0	215208	0.22335646058402886	0.222282262297526	0.35861345241112325	7830	0.13046981207462427	0.11754702364067787	0.2189154534910148
1.0	202274	0.02930725199045995	0.0291645292758422	0.37527703568200504	7960	0.0647373835044926	0.06811534302358138	0.21739241537514054
1.0	229566	0.03480119385029886	0.03388027697610742	0.36283467968052546	7572	0.11687681259566748	0.14668645317469783	0.21815755710669235
1.0	198156	0.007407987610062495	0.007026369292614219	0.36132048451143217	7604	0.040499081706740304	0.035951093952958514	0.21974337442321812
1.0	129894	0.03608621576351184	0.035895568142310603	0.33717255618931213	7840	0.02276959789190419	0.015167065968875178	0.21247678624020164
1.0	193232	0.04384958852348529	0.04455529117225297	0.36211331404897473	7848	0.08739754657201809	0.08452713565447219	0.20889296338620578
1.0	207356	0.009413093245251134	0.009541967282525397	0.35697471892736576	7676	0.03615962407292124	0.04062855132047722	0.19985183608992588
1.0	204772	0.14172352026044174	0.1410721960287187	0.36457569074367596	7652	0.046979060737624485	0.04735390951623798	0.2011869344553846
1.0	174612	0.14795642615112928	0.15018039682928053	0.3548699906390251	7790	0.09740332994931371	0.10582239075401767	0.21699251687864332
1.0	195632	0.008319472506459922	0.008377932800060424	0.35672352287240616	7536	0.0346304453049713	0.030119492906896486	0.2067304809541339
1.0	214390	0.2220581145912822	0.2235618875997295	0.3699242997453866	7740	0.12207995958413023	0.10161457722905184	0.20575871984392768
1.0	187152	0.10120456946181718	0.10151517422152	0.3599661061283293	7738	0.0956009046891334	0.08739343226159858	0.21311098533007333
1.0	253580	0.19569251812936972	0.19657745819838654	0.37774286391708767	7744	0.06518842447568443	0.06561372762441048	0.22027223109933036
1.0	236966	0.020479259972368397	0.02075585746286609	0.36383997015040137	7572	0.03002312780644367	0.04127733549560175	0.22416032101443564
1.0	212496	0.11844978837592586	0.11932377625744711	0.3744276292708497	7672	0.17636651872581816	0.17303408206676912	0.20784962198333012
1.0	173820	0.12325634384537296	0.12316004572923074	0.3493313468837003	7796	0.06508865369525275	0.076406354232641	0.21303185178379194
1.0	359348	0.06082076602796982	0.06097077587397856	0.3895668530049357	7854	0.06568772194079	0.053155507532286456	0.22474551605977677
1.0	141444	0.023957995036380186	0.023263866510179858	0.3473183068081818	7680	0.04178685381091944	0.04555401351051381	0.19743526752371454
1.0	126888	0.1074978912934126	0.1079418570983784	0.3443873837686369	7572	0.035283432428743655	0.011438300554901302	0.20482732325889888
1.0	192676	0.019326640846287366	0.019546684220783712	0.35526736751333043	7498	0.05380653798900256	0.05474197372616147	0.20496550321838403
1.0	164896	0.09025126651961836	0.09098170144927076	0.35278342577204413	7792	0.09182750399012289	0.08618446010925736	0.2085626256347949
1.0	208826	0.3238803934992853	0.3272573179758493	0.3643069134578237	7778	0.08373297830544502	0.08927997205915197	0.21429957047606848
1.0	235828	0.0551871088289053	0.055405941855442294	0.36981443250359375	7890	0.07590795662030503	0.06413007232789034	0.21271442551105255
1.0	153264	0.02344630762449184	0.023397226390703005	0.34803892954783966	7862	0.060932194980159955	0.04560443087573171	0.2128604266490691
1.0	126478	0.0767255236331194	0.07591003351950457	0.3385190609710113	7758	0.09685002549434951	0.10031471374781795	0.20489974097736485
1.0	195416	0.08433370880070552	0.08418261664824819	0.3515650122064889	7768	0.07198535524422008	0.07104529094727347	0.20115143874929506
1.0	209074	0.025151182242191133	0.024437049489046306	0.37223386481126	7608	0.052730158751382344	0.04409379728748924	0.21093235976179991
1.0	188024	0.15845404617411887	0.15781173013965819	0.35874596883557547	7768	0.15530152924273619	0.13474028426875276	0.21041707096838635
1.0	260112	0.11479340104791524	0.11386587053410022	0.38195261105888867	7814	0.09289846141346685	0.09162824558294899	0.21568622195231477
1.0	316750	0.04091452791115027	0.04090562431319163	0.3834012747223486	7782	0.048116313066447515	0.04713336407781314	0.2212311898885544
1.0	164522	0.056702711994729475	0.056104423744525685	0.35469855226756725	7586	0.09431183240674276	0.13216664051543353	0.20568751199564494
1.0	188210	0.023282970857361075	0.022843832520069378	0.35685157033975723	7894	0.0744244595367908	0.06875016316833751	0.2166178180104261
1.0	279278	0.01700636806331392	0.01694505977704812	0.36924554014252314	7810	0.03562741382158942	0.02903123749790188	0.22061142415348647
1.0	133072	0.03244841302606479	0.03167220337580162	0.34047635251389646	7844	0.008921224804541336	0.00926959178084	0.21715751478078246
1.0	259454	0.0025115155914518846	0.002287717023548988	0.3645707399048413	7622	0.01669162133972519	0.014590189666116776	0.21980613852523986
1.0	238494	0.19448354068903076	0.19502164248819928	0.3727955599876313	7880	0.17233295238655402	0.2149522611932226	0.19662337282370088
1.0	248362	0.011885157647470041	0.012103044699576857	0.3756411828246129	7902	0.021556544251134496	0.021146902146402028	0.2277860291095698
1.0	253988	0.0892977869348889	0.08841204717296859	0.38544806910400203	7882	0.0656241003878287	0.05996672478097391	0.22207943472700672
1.0	198856	0.1161486933182874	0.1169946448749399	0.3629766776793775	7790	0.17689553827189453	0.22181390319361804	0.2123848844904727
1.0	137166	0.10359743947541099	0.10267883979791328	0.34154895192066403	7644	0.05836182215126756	0.03907430637781876	0.20414703217431882
1.0	187814	0.05554358420364518	0.055823388391659644	0.365744634528987	7718	0.049420495112957305	0.028825634078940565	0.21613089953973522
1.0	133584	0.022309055998179665	0.022592891529547965	0.34050780045597495	7798	0.027410024508790383	0.0356642338691585	0.2034389938057454
1.0	188502	0.03700959791668545	0.03613643274203409	0.3639144239611707	7680	0.08290843861547827	0.06841680341562378	0.2103251658622323
1.0	150932	0.032575199301898894	0.033597757313645	0.34125336094849607	7848	0.04182606986446904	0.04328085785783493	0.19671730947905383
1.0	159090	0.06417075233572415	0.06456766220232524	0.3571010513037187	7786	0.05412501257227367	0.0604609671861943	0.20970872852238184
1.0	148264	0.08237366906812871	0.08235981623363281	0.3497411592873405	7814	0.099491900482543	0.1326704319364324	0.218182784758985
1.0	187590	0.09274592837298692	0.09202536489297497	0.36535898577562603	7800	0.13437858165527694	0.1462901572112098	0.22013741783399088
1.0	133854	0.06505501503576405	0.06638058756890296	0.3370448984435553	7656	0.08891692540308102	0.09089838744202133	0.2200294343529828
1.0	233200	0.297138599372221	0.2964106948917545	0.3599327939892858	7756	0.10119274648375862	0.13068480929881354	0.20250839382836264
1.0	304396	0.10773737749768815	0.10656179778365478	0.3898597761975253	7870	0.04800620853324486	0.04623758449570172	0.21124187016785978
1.0	132990	0.0869016693156406	0.08731649321954064	0.33887142892702293	7794	0.09449506856493532	0.08626526393040353	0.2209455467080272
1.0	215066	0.13888731427040987	0.13709335832066025	0.3677164014893009	7848	0.09657577633385521	0.07992038805021501	0.19977516750033955
1.0	161912	0.057613397214341604	0.05719569968610824	0.33889461253453806	7686	0.03404272849417009	0.03421214433015258	0.21140044238993994
1.0	212282	0.14437946289998005	0.14533746757494034	0.3844220014340944	7658	0.11094733194063477	0.11603632348696409	0.21436786679762374
1.0	181440	0.06305327934842922	0.06234320086599289	0.3712035452257834	7842	0.0981592640308323	0.10023274584689662	0.22790422357473675
1.0	158284	0.007268038895889225	0.007753093681684414	0.35114691487438865	7696	0.030369507004265543	0.024226670808588674	0.21603483723912628
1.0	147624	0.09855438369316137	0.0969476089960348	0.347360276902126	7726	0.05506686186288716	0.062277353330132804	0.1942738271785175
1.0	224234	0.19174193594798533	0.19110695607836484	0.37338888383555807	7868	0.1382352904952943	0.12388294932074452	0.22078241772758703
1.0	266932	0.21081041972143943	0.20941556435509204	0.39267011195222595	7814	0.1389693297306743	0.14991609820082202	0.21400679573068948
1.0	263816	0.33614880245311024	0.33563912305936516	0.36313110580444236	7676	0.08956444664614815	0.09100158173710723	0.20936443377273126
1.0	216670	0.21045534584243158	0.21149760749290708	0.3575761853691101	7750	0.10559080199526497	0.1211632097402827	0.2120142905956719
1.0	118422	0.078106124073994	0.07662720712228507	0.32061275880766416	7550	0.0522183711763168	0.06008604300578516	0.21228283948725993
1.0	225190	0.08383555525738155	0.08417164029568662	0.3632261394953072	7716	0.054544395462299985	0.04564670528351846	0.2207678644201414
1.0	388090	0.008334231644108717	0.00857095783098745	0.398939457208587	7814	0.03459628500907207	0.0405916608761036	0.2208737969020986
1.0	172644	0.12764405084056113	0.1273614679240582	0.35552922430095824	7706	0.10749625140877456	0.11081878957212063	0.2211456713292981
1.0	145684	0.03533878119456648	0.03481128175401264	0.3430207955635612	7676	0.10110069929458816	0.10801222538354892	0.20564079149055867
1.0	146854	0.0891553941616511	0.08997017792982359	0.3513406064213227	7790	0.17382324890285727	0.19323393336281044	0.18165160020422846
1.0	256578	0.177439816384316	0.17778143812276662	0.3662481481820568	7746	0.08524524808268714	0.06555670770889949	0.2248992993574055
1.0	146598	0.019644589857775716	0.019506376211573764	0.35119571051772697	7776	0.05173848382881061	0.047876517907379554	0.2073174428943724
1.0	204766	0.10010084264660275	0.09860925680804739	0.37123064395015987	7778	0.06955909166189946	0.07140164431926924	0.20420596821615392
1.0	162280	0.05590991616046842	0.056343897649991426	0.34413735889389024	7748	0.04404479326038488	0.04390217898198842	0.220243661362304
1.0	179436	0.025405418693652745	0.02542146107436714	0.3591809393866656	7698	0.06839099729884712	0.057020903151179914	0.21706033792201587
1.0	202932	0.06214782201115657	0.06186607981861575	0.3509226902499625	7812	0.08151974859625591	0.09381569306053289	0.20636593359388578
1.0	244136	0.02029267156947701	0.0203540635300371	0.37764529800235164	7886	0.07889157083789067	0.08199211468163776	0.20960371352416607
1.0	239056	0.028671909762477823	0.029299191764647115	0.3716160141761539	7550	0.057090084326024054	0.06395811706336067	0.22212110827974108
1.0	199386	0.12785864515068898	0.1254568764474305	0.3775387464046707	7954	0.12217368365614655	0.12731670762744626	0.2053421369672557
1.0	209178	0.051717527700081575	0.05225916702967227	0.36365744108943293	7858	0.04703445042418883	0.035515521549528896	0.22588270175928907
1.0	167396	0.004014623836209756	0.0037858060549463327	0.36255308038822287	7876	0.03990350308281788	0.03703832505629346	0.21194638891002504
1.0	184756	0.12699283877064327	0.12779996534334148	0.3553648600225494	7992	0.1008283951916537	0.11071063893290548	0.21265693106406455
1.0	195976	0.045463095113161524	0.04638314546744409	0.3579033440041737	7762	0.10072607204452912	0.09818810865929506	0.2122251745186875
1.0	208468	0.08981775102692595	0.0896886485811101	0.36936942730201433	7750	0.07430414265199316	0.07074005172668153	0.2139536496456268
1.0	223938	0.2614631509942564	0.26083542444347985	0.35783006321549576	7742	0.1035978025607611	0.12473612160952446	0.20767043896980886
1.0	143364	0.11105890225159303	0.11244736456404845	0.3523873321270215	7868	0.05953132653642475	0.05901783127030451	0.21247685980513606
1.0	179556	0.1493851380143882	0.14832610666578314	0.3572137369729807	7706	0.1435183978898421	0.167379888359502	0.21493242454754102
1.0	161612	0.09567231276675069	0.09594049421424271	0.35287820553095983	7716	0.054884606160628645	0.04848617570143063	0.206640553681287
1.0	210856	0.08534356024900949	0.08543470011681638	0.3712414914149911	7894	0.08841499729023657	0.09505853431205441	0.21636406475407624
1.0	148342	0.029677209714138928	0.02897092494869484	0.3457279304857224	7894	0.054642508504583534	0.048165028064098676	0.19883604871213723
1.0	200590	0.061251317580000096	0.06136444003424242	0.35977662293263707	7936	0.08761197504170203	0.10372118590716639	0.20872664667473959
1.0	134306	0.08363344156483087	0.0827018032990197	0.3294898481242352	7640	0.08587787306241479	0.1020670326507816	0.211172901014141
1.0	270500	0.2849475285526076	0.2849736837601723	0.38090883048031715	7736	0.09833764298152299	0.08780057538655735	0.2195924505039457
1.0	166734	0.054889233856981565	0.05523934814454819	0.354834948513367	7616	0.0529148995792251	0.0554834702949092	0.20457726421069466
1.0	202354	0.02500820586739897	0.024851373277886692	0.34718595071896075	7794	0.04466455041068141	0.04587996074834296	0.20845497944729932
1.0	257812	0.22263538931099966	0.2232970467206938	0.36198542880747975	7788	0.09846297129773719	0.10167811531466558	0.22619290063131495
1.0	149606	0.07276788732534428	0.07205372195768811	0.34307674982410363	7548	0.07908808853523092	0.0853554849303616	0.21413417463514492
1.0	283334	0.0467872945797152	0.04646642880064696	0.37028088563607847	7918	0.034571948879740216	0.03254125755817199	0.21493653716116443
1.0	171160	0.09620340609615498	0.09670492994189184	0.35360197235712526	7824	0.11944521344978037	0.1109359191317134	0.20761641824123056
1.0	161734	0.06096108529167012	0.06205696203679111	0.3572831049162437	7744	0.11945777342297334	0.14475031510790973	0.1992422581781027
1.0	99448	0.06589022717951211	0.0653828564633861	0.32938578357868353	7572	0.09638066519661904	0.09044046108830897	0.2167380782680315
1.0	289922	0.16215388341871562	0.16148742219327375	0.3732767010973697	7554	0.08452647527888618	0.11053035600449301	0.21504610272223654
1.0	195206	0.036019037147897455	0.036312211044175244	0.37178924470949903	7784	0.03679163147237571	0.032994707954785964	0.20984162596279002
1.0	242488	0.07033765622730097	0.07108728766328726	0.3630265595231212	7508	0.07530206880278859	0.09810228142209576	0.20678624413897462
1.0	268902	0.17377107939858566	0.17389217883166608	0.369284066623305	7722	0.10922171955328235	0.10099130344532001	0.22005381703850999
1.0	183996	0.09397659005833496	0.09479861240407796	0.35562099511935136	7812	0.07006025571973293	0.06675286679130359	0.20342440746966886
1.0	170610	0.030549692296529915	0.030558344639182305	0.3584481104054324	7780	0.0736075044634101	0.08122204606451532	0.21443687806949605
1.0	203610	0.08748239994270787	0.08739504030285493	0.37601820307083594	7854	0.07766044891094301	0.07447615870566227	0.19988584400565954
1.0	214350	0.24869402286290812	0.2479728406990471	0.36567794211926724	7760	0.10649369480242112	0.07859836531888775	0.21065845803026584
1.0	182404	0.06711308649489774	0.06636963871931469	0.35395729727203534	7752	0.06705671855160204	0.06489334970616177	0.21337395971474993
1.0	188474	0.2764867104314614	0.27634304731764253	0.35695294569031016	7694	0.15312902474088266	0.12166763304967382	0.22657555649907327
1.0	181592	0.05152988151909381	0.051375578629648526	0.3598517235371324	7852	0.0560273228201338	0.06341362251327469	0.21961164339644113
1.0	189432	0.024449140169587314	0.024180679938675197	0.36307100644543105	7820	0.03084469742416846	0.02524126231881461	0.21633321316383844
1.0	201228	0.01611926800946661	0.0161869940827842	0.3668181952133509	7838	0.07129694031167316	0.07211505416307147	0.21398473399158738
1.0	233504	0.03926204477284453	0.03921657610690328	0.3724955044380709	7868	0.05510136865783281	0.05725520883579211	0.22589263471902407
1.0	208742	0.030797294923299898	0.030907827655716293	0.36555113472862444	7806	0.029910400263030542	0.031023048893141513	0.21839022168872754
1.0	208382	0.16447284373505933	0.16451263357296725	0.37674637942427	7954	0.12450069657338679	0.12667201544696177	0.20670812937696037
1.0	310300	0.3012650688844775	0.30265754973550685	0.38936953081719833	7798	0.10118528157375316	0.08902385319874957	0.22144298504054305
1.0	199260	0.07866620488845542	0.07840297016302128	0.36532928275477494	7768	0.06950069084533353	0.06280727996496883	0.21970490049130523
1.0	173702	0.05192612911579755	0.05156490203557078	0.3563227233696232	7678	0.05157974623478723	0.05787413631659068	0.2227190327138507
1.0	219844	0.07141016266373199	0.0723035133286601	0.3657628568376056	7714	0.06880986331317711	0.07919540704523578	0.22330442810409276
1.0	272950	0.07732620509373163	0.07768793680723718	0.38337869855811796	7794	0.1064587707290187	0.11934637579007674	0.20621589194215598
1.0	143848	0.16599999783401065	0.16528305880370517	0.3345465952002766	7474	0.15685079422373616	0.1821322626891383	0.21223014525470899
1.0	180550	0.01699869948941009	0.016918087729174112	0.35681702827828404	7630	0.08218181350557156	0.06367771788833358	0.20605466478499526
1.0	205874	0.13425672689267232	0.13472300436074902	0.351418938251257	7576	0.061219350863127846	0.05350079581958708	0.22426782352204574
1.0	282034	0.2001876728840731	0.20044621851805772	0.3674531481464365	7762	0.10662205942450668	0.1052249176744661	0.21039338531784177
1.0	224694	0.07622736497767647	0.07723132447245439	0.37367357057124545	7678	0.08478734393327493	0.09276690319250072	0.21948981356646532
1.0	203460	0.14555863210548126	0.14616138366790601	0.36807676403425355	7628	0.0967600198592434	0.11385523843088029	0.21811532399273784
1.0	267014	0.1979139031092822	0.19736979288686496	0.381514708852978	7810	0.10691020579873335	0.11084789415000902	0.21886461124591686
1.0	245402	0.004660719939781186	0.004535579916453046	0.36315377322851444	7800	0.034245728810212685	0.04453705864316329	0.2268538512647658
1.0	249796	0.06249798766825262	0.06259226309032652	0.37851030974220556	7918	0.08348589465346484	0.08124960004541429	0.22455955688437426
1.0	218310	0.15987562484073944	0.16122274315251153	0.3706464182200093	7708	0.07515868395190604	0.07310214557163291	0.22158980713321008
1.0	138070	0.041997146977665885	0.04018245682564646	0.3507878341628936	7870	0.09644055037577899	0.09395778933204399	0.21630972758716252
1.0	128266	0.2627323440628288	0.262565069339388	0.33816814707795334	7538	0.12886141975152526	0.13663471664451843	0.20130641852587527
1.0	178800	0.22055487337644314	0.21981952203867758	0.3473059283200964	7632	0.06213080781807106	0.05098244008876094	0.2093033413161324
1.0	181078	0.0752461330234171	0.07464581406041292	0.3628432571198604	7522	0.09457996252309787	0.0875615829143596	0.2165358602380617
1.0	261914	0.08687443313860181	0.08797361981034223	0.3703400728449229	7768	0.09515806744586042	0.08432724646198188	0.2228883124941989
1.0	180844	0.09204039295150053	0.09108626987566758	0.3601632114532601	7574	0.1363861841382579	0.16421256534038606	0.21630607921808154
1.0	169226	0.16882967669561919	0.16870052458592968	0.36166609957435664	7736	0.1295000340201963	0.10644240534794382	0.21576520236842525
1.0	249664	0.06260380047621512	0.06389954844240771	0.3787558411946335	7798	0.0557010256956278	0.06767481485910619	0.21744084651773202
1.0	194604	0.056200485336838656	0.05622233226009895	0.3629518156378595	7722	0.0722247507420038	0.06930699154069714	0.2029932337000622
1.0	171174	0.17821827091380368	0.1785346255505324	0.35851533535634506	7746	0.0961498245523576	0.1141221115056802	0.2042269485656871
1.0	217228	0.18294257039275058	0.18283307439535498	0.3640406431349763	7882	0.1086274183402814	0.12855820138197688	0.2169043527600499
1.0	209936	0.026802052566546403	0.026830127654883334	0.36244016364718007	7776	0.06471275745864838	0.08721855707620231	0.21129626043519215
1.0	189950	0.05367841446122717	0.05320293225898319	0.3607669342001303	7598	0.05333167362534047	0.040422700228380376	0.20092210268362556
1.0	215156	0.010072810121672163	0.010131987202758928	0.3650240814650422	7842	0.025167671071222177	0.018200698073085095	0.2268371953540809
1.0	242724	0.08335232313738561	0.08215880615808138	0.37794127873905414	7914	0.11187630354440149	0.12879656795786698	0.22426532118624506
1.0	143176	0.038050202638026887	0.03844622688900163	0.33771488634947716	7758	0.03222440760913579	0.03352260485354058	0.1921388111322876
1.0	199546	0.050784858726736194	0.050451735420432596	0.36609168953528787	7858	0.06730345869376027	0.06841986421545294	0.20566822629559234
1.0	172258	0.17477984789094328	0.1750361811402348	0.36072294832647706	7634	0.05470944091763492	0.060491906411625426	0.2153072587167343
1.0	196846	0.22972985165534182	0.2280899510870392	0.35351966576202015	7674	0.17042605407573608	0.16655561538683142	0.22192323326959743
1.0	151172	0.05187871463221834	0.052773017430991075	0.35818772238300084	7716	0.0635168382952294	0.06408927903432349	0.20368331586779875
1.0	188506	0.08071383846964802	0.08120718181299949	0.3678043671493469	7652	0.11925216005412966	0.12949070892942147	0.20385968166211657
1.0	238024	0.274831132906691	0.2743612669916812	0.3583464824475175	7652	0.10139222895215516	0.13953290908532104	0.21195961777296488
1.0	234864	0.0816594233910695	0.08199027012732753	0.36930626081057477	7724	0.08209238586958661	0.08165864739838571	0.2215833790043286
1.0	220304	0.17898671178001593	0.17813154768553396	0.3600665268242118	7668	0.0664491438631157	0.06869987216733106	0.2145914870621423
1.0	173238	0.23874399683046316	0.23876620990393538	0.3595781359498272	7868	0.07570454732096736	0.07609507977263259	0.21705630914524845
1.0	137100	0.036743448600922976	0.03679277767607758	0.34740734773979276	7660	0.09186896139920357	0.09666191544425416	0.20997481986538444
1.0	279988	0.1958180709407162	0.19641259734889385	0.39305261600269237	7808	0.11743128939752373	0.12322288519206377	0.2250413425458827
1.0	189860	0.03400267865619291	0.03457623373527432	0.3600165295928766	7760	0.0634847296405651	0.061284025500081524	0.20962669973362605
1.0	241572	0.10975939470038121	0.10880308435145	0.3720318633987038	7622	0.15865570053975214	0.10161210856807515	0.22826461540351725
1.0	205574	0.11654996121596102	0.1170489108630193	0.3647895824632897	7532	0.09109108062155108	0.09884241222758634	0.21125284236318806
1.0	218748	0.24027223857828667	0.24067943089581448	0.35806106524965564	7770	0.11712466397552763	0.1108584212934618	0.2174946525511613
1.0	211042	0.20297570139440538	0.20167160377702797	0.3665376284785051	7848	0.11682381611275	0.12255470612604503	0.2217282891604491
1.0	156216	0.1860069024823447	0.18737282518224582	0.35499370841563666	7872	0.12221239052550331	0.11041723732432455	0.22179331654719459
1.0	257352	0.052132147754040715	0.05216864315826857	0.38113470540427224	7912	0.04885545807373859	0.04569972427155983	0.22228362799954862
1.0	193660	0.06310275597589567	0.06307909868414903	0.3668414159517332	7874	0.10437754974783485	0.13258715497575418	0.20564485267830748
1.0	258842	0.30073170277198663	0.3012190550090758	0.37155769578149683	7844	0.18236858204899473	0.14346277856334078	0.22171808160300965
1.0	171644	0.10423534083559907	0.10303796449222288	0.3646944323742118	7712	0.10010287611450566	0.15261400042735748	0.21367893301638238
1.0	325768	0.3230515388708136	0.3226621879859135	0.3796122709632954	7876	0.08374952810181457	0.07956503429933726	0.21952824002327395
1.0	129184	0.027421073394137744	0.02752473868567241	0.3392453158319349	7654	0.07695502388221273	0.06289088363512706	0.21611675775117334
1.0	289168	0.3172160427413654	0.3166433583285879	0.3868199172673927	7736	0.07989297636138362	0.08212183471497654	0.21053950380535988
1.0	224622	0.031945628219008065	0.03176348642389857	0.36760910865318547	7848	0.07776965838754413	0.05465119619085038	0.21295817053980637
1.0	187264	0.12656158005053542	0.12723949077378366	0.366171188136683	7800	0.0945639431319302	0.07912451984829175	0.22593847593180183
1.0	161752	0.0022867895214145144	0.002344244385758436	0.3361898654133498	7632	0.027964573723048933	0.036883415388083166	0.20979899155881435
1.0	204862	0.37869165589965575	0.37924362023625247	0.34428897818751397	7794	0.0993172447248532	0.08424765080869367	0.2231448064778465
1.0	223730	0.27760321022917794	0.27945116631483113	0.36814591781219835	7848	0.11962984756612734	0.11545111398292343	0.22133485300883315
1.0	214838	0.00592815737508455	0.005759548505212082	0.3557296961253989	7868	0.013873650822264121	0.012884004332279778	0.22444553666405195
1.0	283382	0.16484258878006688	0.16508404826183903	0.3733333014229072	7802	0.1373605164493309	0.13431431182822312	0.21978890703162177
1.0	240606	0.0456835511545957	0.04579132073203828	0.383421411946997	7784	0.045124321064297895	0.054644324502640194	0.20661872086909386
1.0	180644	0.0812555225894992	0.08143180229917986	0.3566203270946797	7638	0.08264949816992695	0.11261479297068455	0.20248006553559095
1.0	171808	0.20632879742532526	0.20734483340698373	0.36829646817036515	7820	0.12722932319711336	0.13582445645547825	0.20362022817985162
1.0	201434	0.0059288178926026	0.00594612588606496	0.365944885032347	7800	0.019116022296157574	0.012225878969918582	0.2100363431242557
1.0	220616	0.17350463618255868	0.17420307493464735	0.37394915294178066	7624	0.09869682762447585	0.10262543701113067	0.22067725230030213
1.0	367106	0.30396434877913936	0.30486671170658125	0.38929793446478095	7822	0.08174914972525667	0.10374089339196607	0.22107407611649568
1.0	216538	0.1400607042107889	0.13970434770553447	0.381839353365252	7834	0.09820839327428615	0.09960944008605621	0.21667932935073844
1.0	189074	0.02419382705161937	0.023996066432171906	0.37690723193877756	7736	0.0653553088636168	0.05708419434957748	0.20987328718942874
1.0	350618	0.04036695980490393	0.039631092540059185	0.3908260314493262	7738	0.07134124001326084	0.06095125482240185	0.22997702662583638
1.0	160038	0.12456944247456626	0.12472041603020935	0.3447123058092767	7658	0.07471880931553881	0.08059643422284547	0.203239300803429
1.0	160356	0.04847751210174634	0.048687099400780996	0.33973571969864924	7716	0.03842399815714453	0.04280883603403839	0.21931649356044536
1.0	282720	0.12928288423657647	0.12800583121451808	0.3765587405103475	7590	0.08477185963313763	0.08026202237137862	0.22374124924807012
1.0	228350	0.15083472978160495	0.15025533899395324	0.3747423706293025	7850	0.1196640648091608	0.14170565507021202	0.21485084393033824
1.0	244792	0.10827230388283293	0.10947992430019576	0.3882912845303262	7926	0.07025834531034991	0.06710318256034961	0.21182065634294348
1.0	189866	0.12077759424139459	0.12156511622504061	0.3651612302475309	7668	0.06702935682171626	0.05886739156294204	0.20361707219518801
1.0	217260	0.28155884617153915	0.2828575458214876	0.3544465130806551	7834	0.1110804909563425	0.10087445398509522	0.21393683347261808
1.0	212894	0.018273049708553146	0.017998139202889684	0.36494123594496286	7544	0.07150786455485393	0.047281417466266414	0.2045751388228154
1.0	222550	0.033361414060399865	0.03286376805018339	0.37829820467423464	7680	0.05671684519269523	0.03982602855319885	0.2189515931752263
1.0	141426	0.01972236688366888	0.01986765019428403	0.3531759406202987	7598	0.03074747032721726	0.03146413004430482	0.2150331940543376
1.0	165458	0.09303297499941648	0.09151366558523191	0.3605745948239287	7602	0.07726253219349875	0.07012905612769361	0.20922211914230562
1.0	214028	0.2929369438480193	0.2937106311872408	0.35726973189509464	7586	0.08163142007924316	0.08471795846382817	0.2089777916931126
1.0	204916	0.041931866905358536	0.04239628456649034	0.37249695782424225	7872	0.10650631933456477	0.07378519505487252	0.2121683849798273
1.0	179702	0.21984256163068172	0.21777337185341805	0.3563336056778088	7770	0.10102213116353637	0.07125311820826367	0.2108348518235086
1.0	254972	0.06254405762566405	0.06253971567322111	0.36534833009987766	7600	0.09957896477068978	0.08123194267659994	0.2244122774903163
1.0	169810	0.06465458104054371	0.06422943568435294	0.3475785958474174	7600	0.09327564845663618	0.06373368279485249	0.20943429701664684
1.0	166938	0.06714735173924197	0.06812015587029716	0.35930980359816017	7858	0.08107417545640182	0.09343780876932548	0.21196454478943913
1.0	192010	0.18979761110030913	0.19064525181536837	0.3632988484164918	7794	0.09713290909048654	0.11733675258449541	0.20927812336797688
1.0	216372	0.2638397207334478	0.2641970692570752	0.36879944700098993	7880	0.1420943465337426	0.15203171283518427	0.21769637312657394
1.0	232472	0.08701448153794479	0.0869816670724805	0.3705191904067702	7812	0.13369154645027057	0.1323813419651952	0.20863930048510518
1.0	190106	0.03893187312581946	0.039044454610720924	0.3483106117620933	7694	0.059544426868635855	0.06070126720483848	0.22273923709042207
1.0	210688	0.1689984356168277	0.16860331580756083	0.35840996801893565	7508	0.0945525295944982	0.09937338879595795	0.21177139026150293
1.0	159672	0.2049365437623159	0.20548418341322225	0.3416430855742345	7844	0.12008476747211985	0.12330050808131209	0.209116491172589
1.0	163232	0.07504597592185906	0.07506711246315263	0.36153125980138373	7758	0.08617082675493613	0.0725416698017614	0.20812329404390684
1.0	221608	0.046291335505820624	0.04608578249576699	0.370238464744788	7888	0.03680854002848495	0.04248848389210361	0.21772819931185708
1.0	191076	0.22277966737299515	0.22355341860922015	0.34750898455022455	7774	0.10910590475911583	0.08053280256065583	0.21546500349134123
1.0	202072	0.29753436357186985	0.29703602448548105	0.37230409439369744	7764	0.140153505593255	0.15649004477844577	0.19801750152051253
1.0	148666	0.014822294291031782	0.014259467188790816	0.3530989578714503	7622	0.02684434807942981	0.026894530602877893	0.20548134262546633
1.0	252156	0.04566801754073411	0.04609474027926275	0.37008683799283987	7886	0.05012521847508437	0.048640498981027964	0.20015322864345386
1.0	202096	0.23244796500805856	0.23333211660819209	0.3533073210567892	7540	0.10628792822000242	0.10448837562549067	0.19914597014668511
1.0	144858	0.07067330951639285	0.06980535278220895	0.34785486301103447	7442	0.07745581701229806	0.09504369907731139	0.19992209415577358
1.0	211654	0.11660522445067148	0.1166692002034243	0.36488132322680017	7832	0.05218680371208541	0.07257152889512174	0.21506948465931108
1.0	270182	0.03284174885013461	0.032493577948889435	0.37539316972967346	7674	0.0733782703092579	0.08284395664882639	0.21310214398074437
1.0	158170	0.10541006900473543	0.10747647310323458	0.3427688807699103	7858	0.06526740042525764	0.06793854145881219	0.21293268560802173
1.0	166882	0.16679671320736023	0.16615462079641044	0.34496045109348183	7744	0.0479989492747331	0.053658609328862655	0.20493821679106114
1.0	183090	0.021678476170623566	0.02171429637807966	0.35556697922514596	7546	0.057548244359551616	0.05578663963337245	0.20851527858281835
1.0	203196	0.16415053559497225	0.16574128942343747	0.3596818170026275	7756	0.10251858292960876	0.0935414250768041	0.20964566108770685
1.0	182890	0.005684999330632482	0.005717881565979154	0.35566211655112706	7664	0.01771642054724252	0.017969620366738225	0.21345459284331936
1.0	241494	0.04981923066916988	0.04979431209953392	0.3810347386695349	7778	0.03749239199931338	0.0410066210979749	0.20967882135109436
1.0	133164	0.013433175163095373	0.013744589352638755	0.3399487113004433	7786	0.10003684580581722	0.09715790425971878	0.19718366094224807
1.0	179342	0.09538233449153896	0.09566594635775734	0.3617606022502098	7852	0.05621590364247474	0.060042790180848585	0.20761526844870903
1.0	166814	0.018916190040685763	0.01882846784731117	0.3491312514940541	7562	0.019408062160365402	0.02018929421273171	0.21395448616453508
1.0	199662	0.04172320826274238	0.042045352112261944	0.345218494878901	7658	0.05815236402462885	0.06117076526233789	0.20787790892157698
1.0	269516	0.27300977605900256	0.27365542519848324	0.34677998142012284	7690	0.10534205683255993	0.13406060917006235	0.21839433865858482
1.0	259208	0.2174976314280451	0.21715863913625244	0.3799799703476902	7860	0.07662469838986347	0.06775566982772194	0.2228390846068776
1.0	236004	0.018972678105388125	0.018971290737943517	0.3764605272872494	7792	0.04400759935218723	0.045843282828477265	0.2126975474981926
1.0	143788	0.22040394794709353	0.2190165816232519	0.3426843999001443	7708	0.12059602761848359	0.16171304115181218	0.18560866173703303
1.0	131160	0.05406005197554411	0.05347168677476838	0.3332640751645831	7540	0.061008726405133586	0.05840213907469342	0.20925621507982273
1.0	208310	0.2539620459379437	0.2542681752798963	0.3460193139637875	7548	0.1248023154697303	0.12092359397948796	0.21294476539849083
1.0	172920	0.07348035462425519	0.07305874462553799	0.354132381252452	7782	0.03217657020386034	0.03699683020864438	0.21291716324783524
1.0	251034	0.07935798731820255	0.07902271491114526	0.3692466306184033	7864	0.08409769628773917	0.07792348795168962	0.20630386462326109
1.0	157906	0.16816396274468068	0.168676023037969	0.3515692844150422	7654	0.10946855076549006	0.09527481442388396	0.21657064728825426
1.0	258124	0.07553727031860152	0.0754153947456671	0.3882318471366319	7728	0.13939363954479664	0.14975773812471058	0.21908989923591438
1.0	135560	0.10428820949050774	0.10349578045644046	0.34556051956736056	7626	0.1192852218911214	0.13298739193242695	0.20699118013510576
1.0	145740	0.2120471913906745	0.2130780872060512	0.3477038564272433	7752	0.08830737352329988	0.09074721661588271	0.2039840895303375
1.0	232550	0.05216072382764472	0.051992627716678785	0.3682626606596579	7670	0.03822109117932065	0.0414989654730149	0.21325003555781588
1.0	133768	0.016284319386129644	0.01624004722412542	0.3408055350727677	7838	0.05190035043414119	0.048034997315778344	0.20765290274071282
1.0	199736	0.27360570451994165	0.2749387856074513	0.34550528780431183	7766	0.10937828641844251	0.09967141321855083	0.20534913448941605
1.0	240544	0.04918137044764108	0.049513087927224635	0.36419162128851096	7878	0.04274483940131925	0.03813826952088075	0.2137518593385661
1.0	199776	0.10364088819394726	0.10405473725012848	0.3743040713735863	7836	0.0589046545330882	0.06072892624077909	0.20747934966731377
1.0	348574	0.31052466173480303	0.3112347341907382	0.38931260553780095	7704	0.16043509395374117	0.1480612440211939	0.22698963645798245
1.0	173814	0.1117819558419115	0.11186584162773093	0.3507400850517397	7714	0.05309094256594536	0.04578151015705279	0.21942007038696876
1.0	206696	0.12013904664584449	0.11962991629616876	0.3731920562662765	7844	0.07355863024882073	0.060839081418409345	0.2193856264842907
1.0	229526	0.07015960685431391	0.07062771411055645	0.3574942840279051	7788	0.08060415191343855	0.06584079377965821	0.21740315155068327
1.0	234902	0.24869504848025928	0.24806644113619467	0.369062775184621	7790	0.15423552624057665	0.15614330278236352	0.20871240061005936
1.0	151150	0.15854832831940627	0.1594415512672846	0.33739617222074214	7412	0.0870891523108522	0.07669556257918328	0.21317621923988897
1.0	211656	0.0405796696457957	0.04062162571186412	0.3722440488908565	7720	0.0689677152940655	0.061124821076992075	0.22336679035925755
1.0	232060	0.09309450545805863	0.09299757899304625	0.3713759321460806	7800	0.12761322431970257	0.08471629801631908	0.21882824043855123
1.0	220446	0.05918756793040049	0.058771645500427724	0.37341185127646265	7942	0.07117786975845544	0.0723227849929185	0.22656373715387657
1.0	164298	0.22688357346432692	0.22839382765026967	0.33731540063764376	7566	0.06807570206162496	0.06699139789468367	0.2190920055352347
1.0	156794	0.1541734952808465	0.15519269480427733	0.3536087834331325	7794	0.06095105504192283	0.05331815145782213	0.21650228955948314
1.0	221932	0.0993074555564572	0.09877328639501154	0.3541139453328184	7656	0.06053251717679519	0.051201356590425934	0.21334001606722783
1.0	156408	0.07625336045991175	0.0768167403511113	0.3485723359827632	7790	0.060208627688314684	0.07649995067043211	0.2122392490206396
1.0	187402	0.04823303868487886	0.04821559300964932	0.36140333747838677	7662	0.056604576215345495	0.05824951184132585	0.19982895144034263
1.0	212200	0.16004540493917568	0.16007186371781307	0.36562406879635395	7832	0.10308509336453145	0.1199483220664009	0.21328161695043968
1.0	157844	0.10551720255297208	0.1061152752601962	0.3559260986583963	7584	0.0720212010435707	0.06739752630427727	0.21709315227771717
1.0	189882	0.008888871786053364	0.008710643362337416	0.35286326600129314	7758	0.036258531083742294	0.02621452771315682	0.21066268312626313
1.0	132796	0.07801620694418063	0.07630861884668332	0.341316087266599	7784	0.09605485787085632	0.08954596689747116	0.19643411899475452
1.0	316682	0.24024293379436593	0.23982873150111741	0.38960763511470975	7830	0.11974437890930027	0.11970198609784832	0.2270483233414193
1.0	170946	0.08821661851898115	0.08791537618923324	0.360984277362519	7646	0.09197733296780199	0.087142629338066	0.21934500330251283
1.0	239880	0.013609497639070357	0.013731596403522622	0.3678619997318193	7904	0.019521758118252394	0.018370471346923812	0.21904617774913862
1.0	154150	0.035130711683900764	0.035443768318147995	0.35942056024883323	7790	0.06633225692919871	0.08265798554005321	0.20654751913604733
1.0	174236	0.20089513962233607	0.20108784047184325	0.35521035098102033	7830	0.12832144160578055	0.1397185687422442	0.21251836299213941
1.0	221306	0.10550902337072098	0.1047861543623531	0.36716962516779933	7568	0.09198477564719897	0.09123525522582102	0.21351105838397966
1.0	150498	0.1488333443621573	0.1484931161697563	0.35284262929265053	7560	0.10625989991979018	0.08609788558339011	0.20287269139014252
1.0	132832	0.25020403322108814	0.25221660260642786	0.3377684618870731	7628	0.09209898790511903	0.09492344734943418	0.18790842185738565
1.0	193102	0.01819906565132571	0.018494198662766193	0.3602343752522342	7758	0.07579893422599891	0.0859333319965942	0.21274221070049423
1.0	275194	0.027398607837439623	0.02726946568546245	0.3788777522754438	7812	0.04047620741208401	0.03675059590696306	0.2197164969101775
1.0	145238	0.1279280477902492	0.12782491273604066	0.3507824729271616	7770	0.17439659568448365	0.21962262634461652	0.21149034437763256
1.0	283828	0.025984965323220737	0.025545962662034415	0.37446229025692684	7708	0.08148760222388715	0.052542361942595615	0.2221651895907798
1.0	191480	0.10510879994808603	0.10471300462898189	0.35423013143836496	7570	0.06135283509287997	0.06238066404543687	0.21945369217360577
1.0	258416	0.2092761011333371	0.20952953351289436	0.38257948986607504	7816	0.11951931503985981	0.12312563251555106	0.21898008684942682
1.0	141298	0.023021674305667324	0.02289729071917008	0.35074846374268837	7926	0.05448387851938944	0.05764918145898193	0.2227097267218022
1.0	166520	0.15782234170037546	0.15815933659061307	0.34608532127402564	7754	0.14849842688430545	0.15302328742978943	0.2035495152772869
1.0	190726	0.06091601941322891	0.06009050301882424	0.36526790202878506	7664	0.08286634944904897	0.08569940805570726	0.23036678415582582
1.0	182678	0.08188624422977252	0.08229206308885527	0.35428258218642905	7794	0.12961695736205858	0.14877151239283587	0.20460917113647925
1.0	180504	0.05026551014258791	0.0506372185375098	0.34827713955069134	7632	0.042800957930913056	0.04185188069159456	0.20587607945286265
1.0	204796	0.2753787643907679	0.2775387051239559	0.3725791008616832	7774	0.09876004631711599	0.09849463435294606	0.2074081316513577
1.0	149828	0.030670494432965083	0.031460706401986054	0.350824423322379	7802	0.08741038806953505	0.07811535074402723	0.212135936482699
1.0	242014	0.02208230081924422	0.021836741428082274	0.36233951725119695	7862	0.03545126721708537	0.04067663222849653	0.2104251953067892
1.0	144718	0.041221050872154774	0.040735274369371424	0.3546523107477962	7572	0.07254338885422676	0.07671488363216768	0.19890080999104998
1.0	150066	0.018298586867909895	0.018306601286696415	0.34681720225300633	7548	0.06372794991723721	0.05859786350931537	0.21043045581243677
1.0	212538	0.060482267110187296	0.06152139917705896	0.34805635656806566	7670	0.09853460556546681	0.11999428376796528	0.21876523413337076
1.0	226544	0.10329240569166791	0.10308896677007758	0.37768048992221104	7674	0.037488806626608404	0.03791931508030375	0.21280486719347005
1.0	195074	0.07057616619447578	0.07177865363451316	0.3716265596242743	7842	0.045766888720371546	0.041766871952346414	0.21691746915589852
1.0	183266	0.02045480156974353	0.020391817093881822	0.3676803201145145	7856	0.04774862209389841	0.04911732638819859	0.21684455118226484
1.0	131336	0.21194735286116273	0.21331105718297216	0.34500493551246264	7820	0.14259791029584165	0.11030456344085257	0.21033394498149707
1.0	183370	0.05331286942480166	0.05391545120597415	0.35640022111761693	7826	0.06991798317053567	0.06588422280380647	0.21226493254998666
1.0	287034	0.09742650036490196	0.09639019075300206	0.3785678225310536	7864	0.07313214372755313	0.07590719206911578	0.21964880000299228
1.0	240062	0.0498813770058679	0.05062463140072413	0.37294790571456166	7850	0.06792616998633572	0.0696022006921846	0.2051279284746528
1.0	195140	0.047221839695408836	0.04755404673884561	0.36519826243397285	7678	0.09652744687008225	0.07412839746494465	0.2137720956680785
1.0	229350	0.045679201835760616	0.04567674859338876	0.36753140644728344	7980	0.033485577034968024	0.03539526514225083	0.20866913399315393
1.0	218152	0.18869143930588558	0.18937005077817426	0.3771020781111049	7928	0.10447875270085924	0.09989884203350471	0.21565199661400258
1.0	135272	0.217542525121523	0.21829084156971626	0.3434676678672899	7788	0.06847679550723357	0.06972319921692792	0.20763451239284045
1.0	166926	0.2245657231107478	0.22602322135841077	0.3615052385350718	7636	0.0951105256134483	0.09094719525380081	0.21691825069538662
1.0	237284	0.1507590082843696	0.14923605360198308	0.35707730803191456	7772	0.10768735483318663	0.10845601765054315	0.21367105768185024
1.0	239326	0.044865307746021564	0.04476495194601948	0.3523181855185833	7506	0.09798628503744654	0.10542409825503524	0.22728476586315036
1.0	192758	0.21975854008303697	0.22042565660689997	0.37070861376983166	7848	0.12386441741381754	0.1258077054182603	0.21513896416789444
1.0	211558	0.011187954345255715	0.0111702962792814	0.34985913471829844	7848	0.052265214621356124	0.050209198903622715	0.21761115303008657
1.0	140330	0.009842019048310637	0.00991740813520729	0.340527163148274	7690	0.020810195737611763	0.02623476052554482	0.20013940930121762
1.0	180864	0.030195057256859385	0.03014576893779079	0.3618122241189812	7776	0.07701357456638501	0.061718610087839326	0.22310007682743074
1.0	227270	0.3483368179232118	0.3502925698984595	0.3643260150995602	7748	0.06759420831537376	0.06128619523945826	0.2022247762889424
1.0	351430	0.33770593455182246	0.33750923460618554	0.3771071003541396	7896	0.10835761756684373	0.10769794275639678	0.21961159545137596
1.0	280148	0.1275061491948075	0.12689270982002754	0.39181378678154627	7764	0.09744925556308069	0.0971204092453523	0.23325423350386965
1.0	188208	0.028662863082641238	0.02839945058718845	0.3692231992504238	7594	0.05934507968853657	0.062398492168012645	0.21981857699554655
1.0	174740	0.030073867842221123	0.029668456703688208	0.34384204797843543	7618	0.03580716330743618	0.03961520992304279	0.21030394241842812
1.0	250388	0.26284448440001473	0.2618630740906227	0.38280973436448096	7808	0.12345180016218398	0.09949258622761345	0.20894870097461685
1.0	151076	0.17325702014394997	0.17198300173365585	0.33220091784213357	7722	0.08313633723963681	0.12032764082160012	0.22123011643514143
1.0	258486	0.3167583502637875	0.3175605090178686	0.3727362678367601	7612	0.14082293277290236	0.13964465914895874	0.20952819706798062
1.0	199780	0.03131350365812461	0.03077148607896102	0.3520689091241111	7688	0.0447385121437182	0.04220712280688456	0.2032279463947898
1.0	204872	0.23721070761211935	0.23668422995254607	0.35701186367968596	7562	0.14389996475078845	0.17306449076249472	0.20937902602985206
1.0	228258	0.004902032594099572	0.004983712984415432	0.3704681414632485	7560	0.03537081836755034	0.04390455147513272	0.22440473963509885
1.0	173946	0.12275303617752376	0.12288633104705288	0.3560325077595618	7930	0.09978325125059914	0.10717310063157665	0.19286922867773448
1.0	137324	0.2301451954539943	0.23088112634145494	0.3472990366984325	7506	0.12855176782386984	0.11422808623798494	0.19232088910435685
1.0	217490	0.1845101921995896	0.18290752566027405	0.37995708745313345	7826	0.06074315477290135	0.07587506189597473	0.2055297669026365
1.0	224582	0.020328777932352386	0.02052283452165138	0.3705242392707156	7776	0.0633612210470492	0.057834839480621854	0.21066487911572426
1.0	234120	0.05892385647364029	0.0586338411194221	0.3678892544909154	7602	0.07303520592510443	0.08658258324851742	0.20358971020258562
1.0	279922	0.19788227205444547	0.19871764453470567	0.37622485507045983	7872	0.060875272925811345	0.06896579320268369	0.2198015311925112
1.0	197370	0.2668566214351508	0.26769650575905846	0.3403007232577299	7486	0.09972342818486189	0.08531564078823928	0.21594856959608558
1.0	254670	0.022555851614903352	0.02245483413371082	0.36634065709514146	7826	0.03697753999835875	0.04161553892002346	0.22495202216241164
1.0	244336	0.18461896317954565	0.18535795328050095	0.3820811467796503	7890	0.13719811937925613	0.15065335540719	0.20501251769989529
1.0	208184	0.05848941542154479	0.059078142126180545	0.3472168492798792	7598	0.06019613312133613	0.04717077890928887	0.22337299936685961
1.0	154370	0.13087093553817358	0.13413161603790608	0.35577043376268747	7846	0.06318592558836869	0.060596962537362124	0.21319863558103866
1.0	229520	0.027212284053665256	0.027348224497393655	0.3691239659141418	7836	0.11450400958377273	0.11764056084682604	0.22341289615733775
1.0	134830	0.06655743571957244	0.06505570932510152	0.33544103532267106	7770	0.07145494538727994	0.06910424721828998	0.202266893294084
1.0	193866	0.10851212169500758	0.10867119157395283	0.3642790889261129	7570	0.11811311904682167	0.12616652703008532	0.20534735625661912
1.0	191612	0.23145486647033953	0.23062246893308705	0.3508254430044852	7704	0.11929530366711472	0.14562465089099633	0.21790954187252765
1.0	163480	0.09086492703476966	0.09119613673429607	0.35504829914722724	7816	0.0600164094219272	0.04716564996812475	0.20199128719067583
1.0	166054	0.09535579048794104	0.0963591874189484	0.35399162663018907	7858	0.11262456731852259	0.12451932515231656	0.22748863240250652
1.0	171554	0.0359247283544453	0.0357290505906956	0.3411478963783339	7588	0.06745335911573512	0.06756991692985974	0.1989056259498052
1.0	296900	0.2092964396551699	0.20796314128957405	0.37611207246000933	7840	0.10830662091012445	0.13424003516006772	0.2207216098617004
1.0	208950	0.007054981417161758	0.0073351584739941265	0.3602460230048561	7776	0.03407540290366664	0.024996940452295696	0.21583757985175825
1.0	172694	0.019445447038359327	0.019297282830335747	0.35822072118496934	7870	0.026148594954334494	0.04028482564721001	0.21735101898427722
1.0	177938	0.04834678051774501	0.04865638472565131	0.3502985096013815	7622	0.04427885036006931	0.043163668316557255	0.21166260684257246
1.0	210404	0.10233079426118799	0.10307437668911242	0.35660444495518023	7648	0.1318755370658674	0.12436660278763437	0.21197014308888204
1.0	282514	0.005610963008491274	0.005561202194409384	0.38409601057482207	7772	0.031263799273027255	0.042022171503401776	0.22153282065142554
1.0	172764	0.00669270280920055	0.006446968002067446	0.35499381098330773	7660	0.03271678179392529	0.03751413360474278	0.20342696667433977
1.0	269480	0.1329920614713305	0.13208709497952084	0.36616892976509324	7786	0.08673956823036046	0.08937765575829297	0.22525590962717587
1.0	126486	0.012217392149680019	0.01201245873187732	0.3379849039386755	7654	0.051071885216651174	0.05607658350416811	0.2117759476902948
1.0	153714	0.03393282365996857	0.032693935165482	0.35613300534563314	7646	0.043730291234983926	0.03015189148576097	0.22005820726609215
1.0	163386	0.020213452393413617	0.020496410512760174	0.34451524912974585	7846	0.045918732049079175	0.04033872913278147	0.21600051387027044
1.0	211098	0.205133681889515	0.20497920670878023	0.3712868741741709	7678	0.13266152375168588	0.16212580313495678	0.21600445038664665
1.0	248052	0.12690404029167804	0.12821766509832713	0.37385623487208425	7736	0.07329517759377362	0.07275201052640502	0.23895576439101462
1.0	250226	0.052276787522840845	0.0521210999982017	0.37262470834616446	7890	0.08847123215197272	0.12192345032594874	0.20829746236870142
1.0	158004	0.11098513035333789	0.11134673821801909	0.33718951048310736	7588	0.08945443264858068	0.07341676947416167	0.2076301205515686
1.0	226394	0.2146409294969945	0.21533751846337726	0.34170161227023826	7652	0.07569082731721205	0.09061054846639158	0.22093272831516267
1.0	246450	0.2988025811026055	0.30102700969396834	0.37412179933433626	7736	0.19279928289739975	0.2221591959681814	0.19764393306763528
1.0	163324	0.07665972316469026	0.07733700123878208	0.36038948903537454	7704	0.12209519246294141	0.1227466557859703	0.20332733489299296
1.0	212316	0.2521553100186425	0.2522587988447409	0.3628600169995473	7878	0.17715951602185218	0.13555455281218892	0.22939762001056604
1.0	322724	0.05188092839527141	0.05205952304581778	0.3851687222025095	7668	0.05346924306253988	0.05588560830847583	0.2142303018084448
1.0	182304	0.04597495361547382	0.04519486916436921	0.3680404272109281	7932	0.07970229481500474	0.07688614483843283	0.20914337633725055
1.0	160016	0.004451241499926424	0.004034331242037855	0.35444120058924683	7668	0.030916715901292163	0.03549227275854938	0.20593629292898227
1.0	255404	0.08886365867133617	0.08850125777752887	0.3805785522589748	7742	0.06431713147636059	0.08342617519048282	0.20820411638865266
1.0	327060	0.2771106839824617	0.2770939156983953	0.37228091771735244	7712	0.07945357776362677	0.06916887967212104	0.22536351795011136
1.0	194464	0.055166163192884594	0.05447791507706295	0.3624712293891937	7734	0.0968364512814122	0.07745316807783258	0.20633159869891246
1.0	145090	0.0891720588974553	0.08822736313799855	0.3449024248783339	7734	0.04016822465947824	0.036398012906633595	0.20826110132920816
1.0	140022	0.06498264582911405	0.06468339593109412	0.3446365089526615	7720	0.07170995792537832	0.0708526834832772	0.19453530228859917
1.0	188566	0.07925864726831193	0.0802513057323829	0.35448787757582245	7638	0.07959690630823224	0.08486628107030879	0.20066997270188117
1.0	183168	0.20538615722370232	0.2079816419990942	0.36337383687655955	7786	0.10497834646686846	0.12074085457576199	0.20790525825913173
1.0	186928	0.030705233809132888	0.030804693125253024	0.35061810450236197	7792	0.024111089654335737	0.022831800068255817	0.21296433733697986
1.0	213490	0.029947637596553216	0.029380454027104423	0.3623070210843476	7742	0.06723325132158847	0.07869349105275432	0.2201494932363405
1.0	259706	0.2483706091333919	0.24882271796054165	0.38502640667163696	7916	0.15462825542215758	0.16092719430821303	0.2152506648093767
1.0	267866	0.31800575126001646	0.3179163100153225	0.3656099116443925	7808	0.07555658742815467	0.07410152984142519	0.2246591295375772
1.0	208536	0.11151183913344961	0.1109321184287563	0.3619536005062758	7754	0.09384117326576903	0.08856522939272407	0.21697635538466561
1.0	151192	0.06258231363934598	0.062069243812469595	0.3506106203075798	7738	0.10543607436759733	0.11291442811924814	0.20452372713397093
1.0	187372	0.17399307518028134	0.17465357415740762	0.36813308962502006	7942	0.14996684075437838	0.1514623150528837	0.21339930725176137
1.0	122832	0.05027852179108364	0.04925035662621546	0.332762837183814	7652	0.060985146230976874	0.062103830299394806	0.21387136755384972
1.0	231838	0.22630910794024325	0.22652006506211764	0.3763784009661688	7672	0.0965374864176533	0.0996884519268266	0.2158275998857042
1.0	173076	0.17613320935402332	0.17593647142179933	0.35783603542089154	7762	0.10133785123586243	0.08719258946123398	0.2053294549880508
1.0	294382	0.18382766466772119	0.18432332875689414	0.36498814665136714	7782	0.07730390563422276	0.058551877670388636	0.22750425647349817
1.0	161982	0.06924854755944242	0.06993531478533555	0.3599056158754484	7618	0.14997482940169435	0.13679464000476074	0.21651091455669969
1.0	242576	0.13230184657151478	0.1322014096294812	0.36778694276383767	7868	0.13097513949243464	0.18391038471178106	0.21140057025109382
1.0	237494	0.02033799417206763	0.020003597918058447	0.36622530397826086	7754	0.03067779265608973	0.03727332451923296	0.21298034109539987
1.0	192368	0.08947318899234373	0.08919209808824645	0.3710700298627396	7680	0.13459732956466158	0.1420811186713462	0.210336524594947
1.0	164786	0.22578160703232578	0.2274485372019207	0.334419222666158	7816	0.10824827599062375	0.11508590662995084	0.21313183834478408
1.0	221374	0.034725249815172644	0.0343757574501322	0.3698740549706285	7886	0.10164176610600253	0.13694866856270388	0.22686581938548345
1.0	138392	0.0753720213407856	0.07497217983600137	0.3467124828868506	7774	0.1858289887358654	0.20580868715426442	0.19295276114789298
1.0	175878	0.08114597332979634	0.08130717632785604	0.3567330161615819	7716	0.06446991492513815	0.06569145946101963	0.21949891042519712
1.0	240772	0.1275690176465975	0.1270734737306196	0.37630943527663924	7928	0.09960338631902896	0.102015485973593	0.21898342261567869
1.0	175124	0.058473874351820554	0.058193629965135725	0.3563417441916537	7790	0.1351774440590359	0.13236468793115974	0.19793366332709847
1.0	141276	0.1585685390454596	0.1591552385208255	0.34254045304550435	7732	0.09708711717953111	0.13911001095831027	0.2264948067156053
1.0	310364	0.25122430101386917	0.25171776188286815	0.386914348882448	7736	0.1268288262877637	0.12593655870564083	0.21710145800931135
1.0	189540	0.2367813584274817	0.23830855407968146	0.34331004554224037	7582	0.0985875406080144	0.0853206050442823	0.18696064013932198
1.0	240546	0.0828219182968065	0.08307582914811487	0.37776580487327643	7898	0.07017642959147395	0.09366399140428378	0.21148158423873234
1.0	209394	0.015278946529303495	0.014989897361370763	0.3623397826820745	7692	0.01897364752144612	0.01893856076354104	0.2075808800923942
1.0	168776	0.20477763450387762	0.20578235299626477	0.3487422577647172	7762	0.13309003193309513	0.14862126035194914	0.21751120355180453
1.0	287978	0.10737203928875526	0.10752826329048676	0.37834120020210893	7856	0.07684980040460658	0.06821355833903968	0.23398272386130126
1.0	180006	0.10966923097275491	0.1091137647979866	0.35272621805424276	7674	0.07814070853969803	0.08451347230385961	0.2007015054537736
1.0	193590	0.024893178117344636	0.024533169502658995	0.3596516014712849	7790	0.013755685560768503	0.016204139054785304	0.2085208682274555
1.0	180148	0.013703560046040989	0.013734636819763217	0.3455437976177718	7756	0.051271680875439124	0.05887012945585639	0.2001416970958221
1.0	256214	0.14845352448530247	0.14766295281468125	0.3680510842745765	7722	0.11996822865037203	0.13130752013140162	0.21634046800330076
1.0	221546	0.18685183525101573	0.18676820005982375	0.3586237339156331	7752	0.08453557924292761	0.06929626520975277	0.2182046803891612
1.0	161726	0.16194770726431712	0.16174256645069002	0.3687038740652269	7858	0.16293919153995007	0.13294731289210046	0.21884315017477343
1.0	185598	0.14620886894787471	0.14617901401198224	0.3594960310975766	7838	0.07208313780215764	0.08150531345164497	0.21004793555906418
1.0	137414	0.03943415784111537	0.039600812699569526	0.3492182735500969	7584	0.05415982141182695	0.07256916837872086	0.18712593621792953
1.0	182004	0.08143849833247249	0.08052803726606504	0.3704428957764631	7896	0.142729055346468	0.17916450925567443	0.2064810117668041
1.0	157670	0.03994116137605669	0.039719956803887686	0.3530028575760739	7646	0.0774617424595335	0.06045738675233642	0.1967590023883955
1.0	248380	0.03753917619638843	0.03671898972546756	0.3675949707364122	7734	0.05134757657823212	0.041564481298087035	0.23137774165022496
1.0	267244	0.2821729347344256	0.2821811659917521	0.3742498083781551	7810	0.09158870218815106	0.10650704641513459	0.2073172167586307
1.0	180048	0.17726048029974423	0.17745875263359168	0.36399838097037596	7856	0.18778661324702045	0.19169152437627424	0.22132489501206543
1.0	209030	0.14381467792036767	0.14453508144568053	0.37789157283214564	7770	0.08702662937720872	0.08340408895076291	0.21864258424493319
1.0	231972	0.15167927626290123	0.15149961394918401	0.380732709048413	7882	0.13320624023153269	0.15093443048233113	0.21408214890704713
1.0	195164	0.16106178486609526	0.15962913406285714	0.36591235075221223	7844	0.11521008668540457	0.10460608200677131	0.22034595424980177
1.0	139782	0.11303208872522844	0.11327067110468612	0.34244007353032413	7730	0.10267739257707705	0.10671709138814403	0.1971530425610224
1.0	230506	0.121499905276991	0.12149050095226487	0.3692371825744874	7746	0.06117606873148074	0.05125343634606322	0.22248048853559718
1.0	219166	0.07227857474443254	0.07272576840664047	0.37602306976939887	7870	0.02461667267456982	0.028436290565804122	0.2194095289957273
1.0	162636	0.19482110195885707	0.19410492860631273	0.3357822375491512	7760	0.1662250094626331	0.12769333388274137	0.2096108856094939
1.0	242204	0.2927090618597387	0.29172706770724166	0.37216604823487304	7862	0.16211517973067946	0.16113547325864808	0.21343303027991237
1.0	170130	0.09225538270971201	0.09270146758882945	0.3632819397017561	7646	0.08680949066238164	0.09553514965370179	0.20750422547884906
1.0	171480	0.21181903114086262	0.21107611977660964	0.3466280444189169	7808	0.0927223584355809	0.07792963011737712	0.22116956832643195
1.0	189904	0.03988984120964521	0.03969939683722537	0.35768569898618024	7900	0.08773475052288573	0.07738466674974215	0.2210565774811972
1.0	114248	0.05355320396042177	0.05294677145549854	0.31025479815991613	7664	0.09614129825591775	0.08712276149776148	0.20663119142089884
1.0	160902	0.06788015799958755	0.06692557373001957	0.3555801985794953	7798	0.07938174929126052	0.09162061725717412	0.20251789384044908
1.0	243034	0.13424860942085012	0.13277593355450776	0.3795666125358072	7796	0.11515836427335148	0.13027504911299914	0.2119450435842611
1.0	180370	0.17216136860310036	0.17121913965838867	0.3623605125022988	7840	0.08892686735377252	0.07449061739057955	0.20618356908330437
1.0	234704	0.046864608985127065	0.047479404339857374	0.3806262845147923	7796	0.08241971623296165	0.08087780078350684	0.21442997278561834
1.0	237258	0.02674523956586232	0.026360207004924273	0.38048554067303253	7766	0.03039631095603812	0.037908254398581795	0.22045348764188466
1.0	190070	0.13480559137930626	0.13455213842890032	0.3602270529058004	7906	0.1645085732477265	0.20318952205059893	0.20486318267271708
1.0	209376	0.09228185873571053	0.09195305869089579	0.3526101837693318	7696	0.10295236635155998	0.11210214573118178	0.22311289514060748
1.0	259548	0.2891619231771302	0.28966515140323834	0.37415930773770373	7634	0.1483953099372593	0.1376633763103857	0.22870679109543043
1.0	158250	0.15504672356803853	0.15544820410123197	0.3564185145605238	7608	0.0889249552209374	0.10324577484803064	0.22076989065322153
1.0	211068	0.25084380702530273	0.2502608152802147	0.3601499611128982	7796	0.10693380861377146	0.08605251704013026	0.22719059671944739
1.0	205214	0.2647458290100609	0.2654691508371828	0.3640256668772706	7634	0.13404645706936447	0.14335805855970146	0.22950566073310277
1.0	162256	0.041875541519001955	0.04156379432596774	0.35300678190074386	7652	0.06157312353491647	0.0677607911982912	0.19632629625423895
1.0	184000	0.06775038447428589	0.06724211104785072	0.36367117997960685	7734	0.1445275558389308	0.12318906489580092	0.21286718346126735
1.0	141614	0.04787137709722934	0.04811906939071793	0.3550272003583744	7664	0.08333981885749878	0.09715358910734799	0.2116969995629282
1.0	210138	0.18152311648855132	0.1818508951816373	0.3652046809665824	7672	0.1124180974109286	0.10976226320972218	0.22342965225141667
1.0	231214	0.19758641626618892	0.19732348351617846	0.3556401564603195	7772	0.07419573283084505	0.08411943304937564	0.20907870309034093
1.0	189732	0.19660094478360746	0.19705191997658975	0.3582603143257483	7656	0.12117334455418086	0.10449229865171973	0.20842744073900174
1.0	286364	0.28053860240339956	0.28041643081534895	0.3764666634450751	7906	0.09239395385825275	0.08132807323835549	0.2174737158511855
1.0	159610	0.10018262774653071	0.10175430992592495	0.36179861591225976	7784	0.06279050940751138	0.05520180189949841	0.21436524948668778
1.0	161582	0.18906160261066834	0.1900062832388338	0.34701616488276477	7780	0.16285820211353777	0.22698702879087604	0.19028959230030706
1.0	193902	0.03500599124414513	0.035831225242524696	0.36706457862028424	7908	0.03714742620016646	0.0236521219091768	0.22200189445347487
1.0	202862	0.05770275247616975	0.0574897897434052	0.35703713326277065	7550	0.05036515518848845	0.048732968730584844	0.21093544632119512
1.0	135420	0.1281063991317745	0.12900554570209902	0.3290837743344281	7586	0.10446747042579169	0.11732464614681817	0.20815949696193756
1.0	246052	0.037972216492801567	0.03720319558078031	0.36883394302058975	7832	0.08095500900369096	0.08060611820163098	0.21085983979543899
1.0	166384	0.009160684807711785	0.00903036334503287	0.3514620193680918	7742	0.023402589213419322	0.019307925742612617	0.20394978605266811
1.0	227350	0.11907621939574296	0.11886649155265153	0.36910686387477015	7678	0.09194432303464341	0.10963969976281317	0.2200560160797732
1.0	186570	0.04855584106252614	0.04784542521931343	0.36443252412030086	7740	0.06375141930013173	0.0841837043127041	0.2195721517814612
1.0	260366	0.10429345072903229	0.10370079100517934	0.3823906000575153	7754	0.08455291462888512	0.08831575386407318	0.22331757338271366
1.0	149884	0.059197512812185486	0.05947881326377448	0.3556279947630569	7740	0.06107503212248671	0.06500581826710596	0.20505652603199384
1.0	196220	0.2627495774861793	0.26158865145517424	0.3592061414596694	7778	0.13698922864689345	0.13182455844340202	0.21945101004106252
1.0	171002	0.10323720583530718	0.10307904824717218	0.36570505167317063	7740	0.07657272190822918	0.0842978917280445	0.20204141327032796
1.0	156862	0.037690513183967427	0.03718618328220886	0.3541234011949344	7794	0.024600550169957634	0.024017917042764913	0.21937738055108455
1.0	155008	0.1868259500903592	0.18594759742455946	0.3464762111799357	7806	0.07757565498259746	0.07350054712090315	0.21060012582618104
1.0	185930	0.06674649256933736	0.06579204594162125	0.3551157136375634	7724	0.0808113275634728	0.0749343183818853	0.22136295827361893
1.0	244662	0.11815289614714503	0.11817598599503804	0.3578350286777514	7618	0.08789756698360777	0.11086251772670183	0.21559453397009784
1.0	198026	0.07906309983081859	0.07892851661261853	0.36192169938959795	7672	0.04627587394170751	0.055161742637875225	0.2219114187537781
1.0	178584	0.030106809627464145	0.030308787014099624	0.3553289959735442	7844	0.09231935075195256	0.0975047289815435	0.20151296132060262
1.0	253906	0.03509755195382852	0.03446490278241179	0.3583302782608974	7738	0.05442457306969934	0.05410782469066666	0.2159994903268516
1.0	157950	0.04885631271209878	0.04884680858389655	0.3349153489490256	7760	0.07914653355020503	0.07918063481060136	0.2089420342619671
1.0	195202	0.04304204005382593	0.04332233346382045	0.3793178726791791	7862	0.05917309231088179	0.04975055779063931	0.20048738649325296
1.0	199470	0.14086803071218437	0.14072741248072415	0.35829672650978367	7738	0.092461085342572	0.10252465612412576	0.2213605344978041
1.0	163356	0.13311807017189442	0.1357213527463023	0.3501608355025289	7742	0.10645175501179083	0.10132403190991085	0.2155099636083223
1.0	200706	0.32082222659208	0.3211822439578271	0.358233078259025	7704	0.15531060031095728	0.1638911232048219	0.22425174937238757
1.0	142628	0.037793410125000246	0.03880964007434104	0.3476308527369521	7726	0.065715164662404	0.07204821268112312	0.20451579404650208
1.0	228998	0.15789324196008403	0.15740339904479075	0.3845201189412155	7942	0.09068670794290777	0.08370385148085008	0.22414147202623638
1.0	186462	0.07114648764029267	0.07147635794057133	0.3619587973140734	7762	0.05142172358125646	0.03894179764477081	0.2233589938225414
1.0	221384	0.3204784049029071	0.3216139598806804	0.35253247026863216	7574	0.08485449313576976	0.08804009693094729	0.20747410029286942
1.0	160430	0.02272857788935015	0.021779719876894987	0.34368701133629603	7528	0.05374095362518627	0.047827282415977265	0.2109864549063021
1.0	200260	0.1429267196840813	0.14332282675378336	0.3543715638031584	7656	0.09443375139761155	0.08905906562543724	0.20445865178504455
1.0	177624	0.058292838410790575	0.057960741055445714	0.35127509679888397	7698	0.08486258991810544	0.059697646210334784	0.20847257581602338
1.0	264560	0.37475496650681295	0.3758116608406502	0.36175748752747916	7730	0.10002339009230073	0.07530360232860331	0.20169190382680793
1.0	115674	0.039092612572044876	0.038781760153397744	0.3299699955227807	7568	0.056743480222601214	0.06174588658623984	0.20366851725086946
1.0	261118	0.12072570530395933	0.12175075457384427	0.3754608543469055	7924	0.09898993921936523	0.12831301424064215	0.2122440540216879
1.0	133744	0.05131673006304871	0.05317042569652326	0.34544401408747927	7582	0.08285927381184714	0.09553490941442726	0.20580341219984377
1.0	255288	0.27016791415962244	0.26948618848799544	0.3762247464627421	7742	0.08825562972744355	0.11320348127912865	0.2111404668302214
1.0	314460	0.16908921741844346	0.17088847204402094	0.3785267113370268	7794	0.12757951725980954	0.1481322733628136	0.22505552706913434
1.0	196914	0.04722101141245526	0.04733577135788929	0.37936770143499704	7798	0.08495038806031989	0.08226779559061975	0.20631382546246646
1.0	166564	0.170213926135991	0.1715833167444418	0.35992440901156714	7560	0.11947206759088937	0.09866839124115298	0.21828608617172504
1.0	305934	0.07027003630828753	0.07094927731091533	0.378775186327262	7826	0.06708523109500263	0.07475409576409123	0.22292165747474957
1.0	203240	0.013973999671540569	0.014023827231807166	0.3664452068895678	7900	0.04737732934982699	0.03617651636844601	0.18961372994671824
1.0	140376	0.16089627677460008	0.16047890869334658	0.33236277206214476	7606	0.14478796811349134	0.1399361863633332	0.21856603875114952
1.0	146764	0.1656902280210555	0.16673056257117222	0.3514805503568155	7822	0.08228962379639108	0.0892391480031497	0.21022992918531627
1.0	232254	0.2476798951322581	0.24742842506529472	0.35488471675120564	7780	0.0894146295074242	0.06832642044206874	0.2244429139441242
1.0	175754	0.0737192888291612	0.07452417687534521	0.3487268029071417	7772	0.1349373493292076	0.1210017366467497	0.21839541826109896
1.0	162780	0.012425211310167458	0.011801182877334946	0.3503101646932915	7616	0.02324713523249514	0.01287287810148663	0.2191358992434447
1.0	200866	0.02048907455836286	0.020519405698123033	0.36421758021350237	7748	0.05683981461651327	0.050134855764701836	0.2159591060264466
1.0	308598	0.2384734852215407	0.23893401954145496	0.3842308766259049	7804	0.13497088269993418	0.13004201546576927	0.21962005057581446
1.0	110956	0.024145143711305436	0.02348029752298306	0.3275771947585805	7728	0.06220371318407632	0.07165353957578349	0.20169892769802322
1.0	163454	0.2818541467410093	0.2816634105981467	0.3470545357699211	7754	0.17564870886272374	0.12630271526992345	0.2149689784292529
1.0	155640	0.16306096104730625	0.1637707234339307	0.35210846100279963	7676	0.11223623507107197	0.08988397209891781	0.21618358806047686
1.0	171806	0.10297965036279004	0.10167913879365607	0.36761439938003976	7802	0.1288859656041431	0.13129133466745307	0.2223127539831827
1.0	239982	0.025013422094726512	0.02481066028757036	0.36797033422229974	7856	0.06081415573815029	0.06446637458972466	0.21868903751377777
1.0	108298	0.011932322731831747	0.011071018727996545	0.327962725007247	7824	0.0482640066505442	0.06267493039871255	0.2205094476772164
1.0	141388	0.22723410485059006	0.2270326610505146	0.3522872634835958	7742	0.1113050807631884	0.12339974772700701	0.20749322726609698
1.0	225324	0.020700485634385583	0.020570118923522986	0.3624842228659358	7852	0.0644066507507348	0.058471089760867366	0.2104898280636821
1.0	140648	0.008927910198277357	0.00943340738605783	0.3478218296908165	7572	0.03156194766623532	0.03488258813575329	0.2096013993456802
1.0	233498	0.04706694231599756	0.04728794495458873	0.3697195318405806	7688	0.07537196138923173	0.08731143888529781	0.20894557872211536
1.0	176324	0.08957646178469247	0.08955302791065511	0.3601414738247059	7678	0.12893347322037907	0.11796674732582399	0.20472060062960504
1.0	157338	0.1291369957015668	0.12893152602245905	0.35145295027636286	7768	0.09031921127446753	0.06772400354751111	0.20805278837694455
1.0	199408	0.26324339068746627	0.2636407335707466	0.36154095999672914	7862	0.1516803822813459	0.19210981299008015	0.19681325434979446
1.0	171590	0.2480217489446246	0.2494170937095918	0.3484736420391903	7822	0.1337650744317565	0.1371409938872179	0.214703070632293
1.0	220946	0.01280983345853411	0.013143735603354138	0.36285042836870174	7822	0.050315214688467884	0.06830149667641464	0.21461305644510487
1.0	277360	0.220400370681029	0.21980801892460966	0.3673748875147061	7742	0.07528563221529992	0.07177450001014493	0.22256677549790507
1.0	126756	0.0845184723183949	0.08304380136009777	0.32930728478405763	7518	0.13456642064776128	0.1615050432517305	0.2027335048517757
1.0	223368	0.2695489311909947	0.27022255236149784	0.3660874268892904	7542	0.12973032868746665	0.10298205836061941	0.21029381456286292
1.0	170530	0.05677776961646887	0.05698974982085973	0.34194485641681904	7806	0.0894954453001223	0.08400579359472615	0.2134952185381239
1.0	175092	0.1405799611464399	0.14015488346204444	0.3548074688407589	7744	0.08938553560159694	0.09095069596564943	0.20748369192652427
1.0	202544	0.0072218682849413	0.007237283487627896	0.36774863596818835	7830	0.022736591639680004	0.027423476406805657	0.21467909223025128
1.0	359624	0.09749220085736429	0.09810815752490905	0.3909161841797208	7840	0.06450772770763831	0.05529023579535966	0.22847089629433656
1.0	202062	0.13324897596641994	0.13323031129478705	0.3767100195194876	7598	0.09219997119259811	0.11179427161749307	0.20435452355016218
1.0	258324	0.1957986900413956	0.19653325233535682	0.37695404539544214	7742	0.1430517635630361	0.16680070998083252	0.20202635417148315
1.0	270068	0.09214624859134833	0.09136857410125952	0.3597163652516358	7726	0.06097289434892876	0.058603009114217675	0.20564139900847503
1.0	204918	0.07653312815535579	0.07804692892113653	0.35823019951533647	7640	0.08264566564448411	0.0944926778010164	0.22240471539888873
1.0	227942	0.08798241629200076	0.08731901635710834	0.3760289239623335	7700	0.16643649360159468	0.16490631812123177	0.20562690645057513
1.0	187818	0.06092074174999676	0.06120137583774883	0.3623113645714286	7864	0.07710220296708233	0.06557585258243152	0.20148947515944352
1.0	129100	0.04816806274168441	0.04825513142491735	0.338955229369405	7682	0.07905500790489077	0.07803047268700114	0.2013480733593754
1.0	241656	0.04603854251069864	0.04611348327237781	0.354993067838135	7640	0.05448667283988554	0.04683628134264343	0.22028754808323858
1.0	208512	0.01766548859294541	0.017769975057237986	0.3526533067880579	7764	0.05547171650132714	0.054299190119607155	0.21579952373362266
1.0	158232	0.10034310595277583	0.09961612289580803	0.366212455763425	7966	0.06549708292793001	0.06091102356291623	0.21060790544255228
1.0	156256	0.07579488288559912	0.07650683667145144	0.35689107935771264	7736	0.06844599566385319	0.053597928362423636	0.20933297124732977
1.0	289794	0.36811143981058886	0.3679607344494312	0.36881119330774687	7574	0.13345028699022674	0.1402751684340328	0.21038192959428745
1.0	287894	0.27904387006246006	0.27931729950191264	0.3706055188696687	7758	0.09132088575728715	0.08531870673540487	0.2240611087068719
1.0	222590	0.26889075066517326	0.2691660032221606	0.37164975640006787	7698	0.12707301963712453	0.11464759912466563	0.23053318389045016
1.0	280068	0.09123653643085865	0.08997989658051726	0.3774476260302946	7854	0.10483002729607066	0.11114176307702218	0.22765828423833978
1.0	194202	0.2723942804051553	0.27152001942047654	0.35836365913169793	7894	0.1115258572828914	0.09676250850610496	0.1985256880765773
1.0	308906	0.36435344043746254	0.36450378750971724	0.3684785969415682	7648	0.08505629723773145	0.07349643516733896	0.22410552526419622
1.0	118994	0.07941998921880934	0.0811320583804031	0.3322408991155504	7648	0.08646258030086267	0.11614444452651353	0.204756371228867
1.0	225532	0.0822802898622433	0.08183873219352704	0.3778644895799008	7838	0.08769680173903645	0.08967156315263321	0.22232548022546814
1.0	152284	0.09781745923274061	0.09794496381406868	0.3593855670911184	7784	0.06478487218747231	0.05981342300444254	0.2172727334276371
1.0	185992	0.12930886166350625	0.12922458926883426	0.3571095445323956	7688	0.08988146875476452	0.09698068644416735	0.22053757539965577
1.0	233168	0.024370471232959535	0.024455359349116933	0.3699838612406507	7734	0.08575069517627633	0.12515697304552612	0.2047128880142152
1.0	220194	0.03732506034053909	0.036815052052342624	0.3518502726401945	7446	0.03556545586295937	0.03397198142996397	0.21672086453578918
1.0	276734	0.2878332851037522	0.28736003233933033	0.3747449437406342	7780	0.09696928574171428	0.09287522440651888	0.22779124945599846
1.0	232400	0.09367687227492616	0.09347021948282348	0.37645447612113797	7740	0.09257837048492479	0.0964166177723163	0.22509687045701288
1.0	241838	0.0422452233586625	0.04219082271129508	0.37980550103392813	7742	0.06112302500264756	0.06436334441238918	0.2250352385521933
1.0	189278	0.0458346584020624	0.04638229209417213	0.35659917526408885	7896	0.03586434647995714	0.027979698703628684	0.21075109512096013
1.0	108772	0.009649894713898292	0.009847928649192431	0.32756269570586516	7586	0.021418621644839198	0.015600966472464315	0.18677281406050758
1.0	246496	0.2682379939041467	0.26816023146991735	0.36884265352630646	7758	0.13707445365766188	0.1106095861665867	0.21914929225296972
1.0	149134	0.011631409203532141	0.011141500701482275	0.33962490017066194	7796	0.038724693900788504	0.052259734154836264	0.2090697531160531
1.0	154536	0.07984876666693172	0.07933071778193404	0.3428805195911226	7602	0.09628878704660863	0.09445706755496136	0.20361679775460442
1.0	224668	0.055366518643411536	0.05514362962013301	0.378813346189951	7990	0.0815861931074277	0.09400395535083354	0.22184990630361753
1.0	155774	0.0810047471774954	0.0808370723005301	0.33762107319384	7828	0.07212970769972182	0.06610223113633105	0.20557430158198878
1.0	224162	0.08500206250769532	0.08508035257299248	0.3555226809230418	7750	0.12853646310651182	0.11940769408079424	0.2129854319377933
1.0	198770	0.4091446611196407	0.4103497708822947	0.34043515675677494	7332	0.16799840478844438	0.15944001823781329	0.20968332922748897
1.0	176506	0.07131238266697587	0.07125210516653487	0.36560532193099565	7766	0.12263734805470618	0.09815489292479637	0.21452424456866304
1.0	184048	0.11073162047560499	0.11223681977743566	0.36260506175644974	7712	0.13745557076238968	0.16830578528425405	0.21226018751360776
1.0	171106	0.08866872710403542	0.08764611995182388	0.3547358157741365	7678	0.08280583310244388	0.07393338952712178	0.21435008719830342
1.0	210060	0.08774947786666919	0.08749632918495154	0.37372322710054506	7724	0.1196755137927533	0.11605836517654436	0.2203383870552852
1.0	340722	0.17366155575660766	0.17245699781723148	0.3899638491519914	7850	0.09023092715959678	0.07916242387179588	0.2346935314138738
1.0	222552	0.20110170235167849	0.20141165899713603	0.3632331680512125	7846	0.1305488295330396	0.13529946605133933	0.20960710523984008
1.0	194518	0.09748056475931388	0.0973836378093976	0.35740110352695403	7664	0.10476453099934473	0.11056784362017943	0.21418188729734175
1.0	222984	0.03133442424057134	0.030958512081974546	0.36543771610059905	7750	0.03820919530105503	0.04535123810577439	0.21465610939132285
1.0	166588	0.012507061288996441	0.012338227620287556	0.3442420463654668	7600	0.04427445107138875	0.0423026580683762	0.2048022321002039
1.0	163466	0.22188979834346015	0.22131400708256313	0.36090749182679066	7838	0.09056514016991193	0.114517067331613	0.19599605024603395
1.0	241162	0.2751373306938705	0.27278573225716446	0.37138894169553843	7842	0.08165760741528831	0.07308511367848433	0.22735899878426533
1.0	204764	0.20142140101151595	0.20075292806797995	0.36354459457400506	7716	0.059796379764807284	0.05216837342224338	0.20987002321966197
1.0	167614	0.03911679929908593	0.03816846373534109	0.34490278265563284	7636	0.06230808559188707	0.05374526092306378	0.20837038215868445
1.0	186760	0.11344448320161707	0.1135253742864562	0.3521800993642114	7704	0.06633380803243927	0.08988003547839664	0.22680746902783078
1.0	139224	0.09555997534745993	0.09564567563210107	0.3440861382775104	7698	0.06816545050531843	0.05929085791689205	0.20386180709053767
1.0	217934	0.06834367544377286	0.06763330588868402	0.36573888976651564	7600	0.09281625988937184	0.1207194391874677	0.22153421027572587
1.0	120734	0.03680365869894187	0.03632916151133315	0.3387458072512591	7800	0.06282002684257805	0.06658342018799206	0.20155743137967677
1.0	219800	0.3307844106679777	0.33140957600267135	0.36319594516397763	7838	0.18154713761596236	0.1989563804200341	0.21913061074048343
1.0	150152	0.21375129801270398	0.21411891887441706	0.35212127314578995	7778	0.10966878843611275	0.11873383833336364	0.2137585606450648
1.0	187810	0.016193358938437832	0.01631885631265586	0.3631888800184829	7780	0.03272235072894677	0.03411358107757856	0.2217315069974292
1.0	181810	0.052721466263715315	0.053607659085656366	0.3596835837249854	7720	0.09918305084425542	0.10214907902912225	0.21020856461206572
1.0	158156	0.19872707772455278	0.19896385245360795	0.34350957240662877	7824	0.08832632728508209	0.07945723965653304	0.2054379488441442
1.0	225638	0.0016554550176850246	0.0015966235308456575	0.3614884625733487	7888	0.023806587815362764	0.024008969907407408	0.21900719788580902
1.0	174344	0.024787248253132766	0.024625833229639977	0.3554216031994002	7800	0.056851639585248685	0.04335081524985745	0.21753629156785073
1.0	177114	0.12904882229986717	0.129678717583714	0.36114384755758966	7878	0.053770750378076056	0.04466762303278979	0.19640900822875093
1.0	290170	0.03816395166594801	0.0379672060285365	0.39249441612023356	7766	0.08180672346492944	0.06853906722275654	0.22806112612369558
1.0	192822	0.061784362051491425	0.062103524257045115	0.35718346954955976	7702	0.039702704256770596	0.04415698714380489	0.20341609910750355
1.0	273616	0.08033895688092575	0.08049079578658516	0.36605117324150055	7786	0.10701506827805478	0.09370221328291638	0.22351495056675222
1.0	179902	0.13312243834355764	0.13525333287791383	0.3514301323572096	7794	0.14885941662137453	0.14073947909996812	0.2137160150742863
1.0	293692	0.04221463625805869	0.04210938153490767	0.3805613118107618	7538	0.0894716572059337	0.08451545768054403	0.2189176235169551
1.0	207632	0.11994905456535344	0.11901286809276047	0.36823169152424673	7600	0.09814776793134597	0.08945068237778418	0.21311839966703336
1.0	220956	0.10967805115432981	0.10942639042774445	0.35240846590035596	7830	0.09477860315907669	0.08869112838036669	0.21727203463203956
1.0	195572	0.16483373654276992	0.16323463220339365	0.35639008709303993	7412	0.06426520941107706	0.06861696607790359	0.20880129029552785
1.0	170632	0.04776194887376762	0.04789915715492447	0.3543925443358468	7700	0.07931548951097481	0.0972790366154998	0.2044046504268705
1.0	131536	0.03659996988228819	0.03722030138606701	0.3477274683926186	7550	0.043656005706214925	0.0426794616194122	0.21263191798469327
1.0	197808	0.1547515292882143	0.15431881980784282	0.36921658522432055	7886	0.12804909868425238	0.13063066295730968	0.2217335528337653
1.0	168670	0.0886680178565622	0.08951866424130586	0.3535949342329212	7668	0.08554915003009911	0.05549085743630034	0.2036136813248773
1.0	197856	0.12145808253080463	0.12149284208933735	0.34828159967856703	7900	0.1416850581834942	0.14846109249153974	0.19785899502967727
1.0	237298	0.1553733893994958	0.15504756374862394	0.363328651483321	7634	0.10275904192662333	0.10111309126728532	0.22736307342893622
1.0	203202	0.07687513294391783	0.07720273486937665	0.3643238621228258	7828	0.07618851136302975	0.07082156865023026	0.2062011343146252
1.0	189076	0.08306355523953639	0.08300111487690234	0.35287257036738867	7742	0.03366691314137497	0.03081741831651142	0.2061940788508684
1.0	173140	0.006179525296024445	0.006174488337651743	0.3491305409261059	7746	0.02392865662043171	0.021208638351435934	0.222924759437004
1.0	257436	0.11938990176320656	0.11816866471303301	0.3779375886053818	7794	0.0808518023569226	0.0670364509120081	0.21794197790663658
1.0	163424	0.05952576844216344	0.058023123141292356	0.35969957306559847	7702	0.12664278539507454	0.13573741334461967	0.19432565794523024
1.0	119938	0.041560550945204514	0.0403148348452772	0.3271974162066947	7492	0.09472822075046523	0.08738156085002842	0.19430297761163293
1.0	173280	0.11595295095148833	0.11687403515737609	0.3607074979845814	7776	0.06680928194728507	0.08962037775165078	0.19916435154984632
1.0	315982	0.39346832615219474	0.3934721378698592	0.3865234484213335	7812	0.12138798667622554	0.1332661693215644	0.22179536931495034
1.0	162682	0.09233332787873921	0.09270238574838943	0.3521773439177194	7692	0.13871672761622583	0.1349587873276676	0.21476962220445125
1.0	136768	0.019685197983184452	0.019157412401296887	0.3402212501957977	7542	0.06987624380757201	0.09297685519961484	0.2102733582502209
1.0	148490	0.04992238902875796	0.04969715241759801	0.3391107568473482	7732	0.07335312821438292	0.07060293797326246	0.2134349919728827
1.0	170490	0.04921747569680234	0.04904889578029732	0.3578201130209402	7668	0.05621425740515545	0.05301201348814877	0.20701574923207464
1.0	216792	0.09224459498545597	0.09157858007876792	0.37067427537499853	7728	0.06260516911817574	0.06524069437606257	0.2105768752061611
1.0	286888	0.04225762518520431	0.04259230075363146	0.3792734397447801	7798	0.1020639199857867	0.09427141256636197	0.21936081278355388
1.0	194566	0.03974109286398411	0.03975179872228143	0.3625004763410476	7766	0.059198985970564735	0.06985777278927434	0.20808470709548813
1.0	178858	0.06745283145107543	0.0674932636836074	0.35909072130900616	7858	0.09093113967381078	0.10100085373028159	0.2144401152861338
1.0	176666	0.15446844408125	0.1557269152764314	0.36174991408193574	7680	0.10298198959548784	0.10783586957244325	0.21380462557392707
1.0	174940	0.2659674314443498	0.26751018003482374	0.35214361400021366	7688	0.06280758911950562	0.06136599213178401	0.2180209682507542
1.0	165826	0.2686121019920149	0.26891056604034036	0.35025957298893423	7792	0.18148722944430512	0.18190545762936264	0.21139096908949137
1.0	176612	0.08726939502803235	0.08799757247750563	0.34837338912396704	7580	0.1177949696559801	0.09802471791338097	0.19933037348951357
1.0	209080	0.07881469069704627	0.07874933133484811	0.3765667196498015	7808	0.09857778068731735	0.0893454885506061	0.22438569255807014
1.0	208708	0.03468901664998102	0.033929589322421905	0.3682707188266454	7700	0.07658685254230477	0.08083616423626992	0.22927830545059136
1.0	203848	0.11776838936518097	0.11778774015983245	0.3651728453782808	7664	0.10107469932216902	0.1083863957751342	0.2035322518917451
1.0	284344	0.1842239537071877	0.18245972856413614	0.3920214400882512	7780	0.15835424918289992	0.18165225887446126	0.22587635204222625
1.0	193034	0.04437739318738592	0.04350014654785218	0.35631705536796626	7756	0.051930335333547815	0.04048512569806762	0.2086088109117723
1.0	190000	0.036280679959547146	0.0368394110895443	0.3509586549697516	7914	0.08219689127141232	0.11215301208464568	0.2080903352079915
1.0	182386	0.11342202183220992	0.11451580936851498	0.35815994383468724	7678	0.1379592792267328	0.17534616866251798	0.21838282024400227
1.0	258444	0.0362055161616143	0.03613423456291681	0.36829253290706876	7702	0.07617600645364696	0.057618879242849544	0.2129986548711105
1.0	172938	0.1050558389171522	0.1055175458389192	0.36179393544957206	7696	0.12418775391268921	0.11772405966547184	0.2159895678384487
1.0	144712	0.17442088882268758	0.1733456382529579	0.346801950958302	7560	0.0808589170761822	0.07006841972133188	0.20521357837146006
1.0	175926	0.01132474175443632	0.011261865699321971	0.35284817383666184	7740	0.016288740122148315	0.019510855108450516	0.20669171515077242
1.0	223722	0.2580554518781328	0.25839945269769454	0.37128096129879645	7670	0.08583633857255556	0.08149610296819125	0.215946560693515
1.0	226060	0.08042732186181624	0.08083780755194009	0.371350597478682	7572	0.05759985981918045	0.05338262413791988	0.21230217404305185
1.0	239744	0.10989927972637321	0.11098302114650603	0.3907180033916801	7910	0.07191197452186028	0.05497886799536173	0.22818461543281862
1.0	150852	0.1016983642789971	0.1024898163042399	0.3522218963791716	7776	0.03791068790414373	0.03188012100023466	0.2137471529130812
1.0	172712	0.26669967585128684	0.2652800914381073	0.34815064248354194	7844	0.08212656671617939	0.08970336123584668	0.20936263914363354
1.0	249864	0.22734299240430186	0.2279762426313627	0.3701305787275157	7676	0.10752817916024662	0.09275516568421516	0.20278839092501758
1.0	162550	0.1456478256538944	0.14705249034305723	0.35718613348472533	7910	0.08503621505002536	0.10001507350281219	0.21965227557919179
1.0	147904	0.14872540414223478	0.14808851409632795	0.34524864960673374	7742	0.08512562523468747	0.10155695505306299	0.1954856479467886
1.0	200402	0.025095654790896635	0.02475908966704513	0.36607716471258406	7952	0.1028833407463789	0.11609440262276041	0.21141189691385487
1.0	168490	0.0801530593360988	0.0806518350252395	0.36088413477575315	7856	0.09146736545277491	0.08210309207648414	0.21512648088872974
1.0	234336	0.0034535271753503346	0.0031518143186731575	0.37111383964165684	7770	0.025723878232183674	0.02542920241091607	0.20675877871453618
1.0	154134	0.17911227851109018	0.17929004299066575	0.338657080626151	7698	0.07014852475863187	0.08365447526179937	0.20662762156884418
1.0	234936	0.23640456397402565	0.23685976140424053	0.37419770552091275	7816	0.08626247373918415	0.09651111919360461	0.21183338165391197
1.0	147412	0.10634877157928514	0.10641545679189768	0.34610091779219215	7718	0.10207971112346498	0.13459364440555274	0.2033447852668289
1.0	151252	0.0892157391132941	0.09040825839730798	0.3412523000454926	7842	0.10258027035287318	0.11907655360440687	0.2241790083023019
1.0	201452	0.1866769948193329	0.18451249628361796	0.36119703374744483	7806	0.14762004562454467	0.1614677178386894	0.2216163026649498
1.0	234672	0.1948968767615036	0.1938631967524082	0.3651773358133821	7824	0.09240508905646587	0.1016612890696988	0.22142085706550393
1.0	177548	0.06994733185047503	0.07122028503051744	0.3649179440312867	7638	0.11175996492673744	0.08468638684468072	0.21476508192374877
1.0	135222	0.07796394729664956	0.07668322950475341	0.344184170073016	7648	0.046502825684315054	0.04120611301975257	0.19208757149500075
1.0	296822	0.3804762070154064	0.3804850041300464	0.3933599214073787	7944	0.10266423414885277	0.10030282716706014	0.2271853836247878
1.0	170064	0.06534209769501687	0.06501396943246614	0.3537149801014245	7784	0.07438193934033062	0.07569518905430576	0.20828172830016148
1.0	165710	0.019848642701586372	0.019043303174349886	0.34937466577821036	7844	0.050025234927295194	0.06142221230507975	0.20663139471406888
1.0	172434	0.05332882851019367	0.05364486952599064	0.35244818467936384	7688	0.05821613222453926	0.06359234392681769	0.1984059826145147
1.0	153916	0.24503795536005127	0.24450599882232857	0.3408273204413965	7828	0.15231096960678717	0.23029306982227593	0.21078823473632138
1.0	308136	0.04139139630814685	0.04117899272877875	0.39363361066225583	7908	0.0754970212866082	0.09239949040293992	0.22356110168110568
1.0	219668	0.3091393369064588	0.3098284471879129	0.3623827697215503	7756	0.09033485305286344	0.08716610715562066	0.22125121108099963
1.0	186918	0.02470000434634685	0.024940164102944314	0.36397762826165597	7636	0.05261384232601703	0.06413462259376837	0.21009661321554193
1.0	190258	0.030624468596363683	0.03043633929556701	0.33441140136345177	7838	0.05399735610170201	0.06547521095102313	0.20713748337322613
1.0	148628	0.16556790409912703	0.16407236523569857	0.32954750930119164	7778	0.06509536951237271	0.05747506290668303	0.19621711976284437
1.0	170472	0.17740087944610958	0.17652844509090007	0.36018785829287353	7694	0.1066614927812913	0.07613064441332462	0.19976768256828828
1.0	190228	0.024479017054213584	0.024041932553769307	0.3679492639686963	7608	0.04098840346081398	0.03977393981505824	0.21623516818699992
1.0	210332	0.05424778040719742	0.05423756736236059	0.37852862891580247	7790	0.06564577676973647	0.06247946349679325	0.20588374841467094
1.0	156300	0.07656018493283617	0.07737941693874972	0.36253583091241776	7788	0.0740524394259536	0.06347829712793729	0.2172263066770308
1.0	165922	0.15311568585727073	0.15339136245836102	0.35263937985141164	7868	0.16998117554213987	0.13353397597989428	0.20822809520328747
1.0	220490	0.10119214331609862	0.10118306198660415	0.37022633773921476	7822	0.15114224825813852	0.13170302200995113	0.21240411106228874
1.0	260714	0.21242806182581844	0.21268913236697928	0.38426869149845916	7844	0.07789267156880036	0.08898577714983967	0.21446251346232773
1.0	190562	0.08151787943735274	0.08067615646970998	0.3575691602673532	7672	0.06519329843543104	0.05788135026899633	0.22504096174973673
1.0	227022	0.03554349275569074	0.034566256279542636	0.367978082293736	7778	0.06733347646222038	0.06847561955455499	0.21783028026808862
1.0	247214	0.0513107861370809	0.051188914890360815	0.37477331803819425	7746	0.08115369009566926	0.10896136556909584	0.2287068114161622
1.0	201532	0.08300413041846971	0.08240937026636468	0.35263499895194866	7722	0.054182104555731164	0.05422179187682665	0.20640862931847329
1.0	323512	0.13194867662524412	0.13116708654347028	0.3758526372536783	7794	0.09695853560022293	0.08773125739845053	0.217350920388776
1.0	194374	0.07470248791221709	0.07455201927244404	0.353076142557621	7486	0.15297533040151004	0.17008493196138524	0.21973516734740786
1.0	267552	0.22493247354290932	0.22423233435018192	0.35347092334416913	7738	0.059576457524563975	0.04894490514483026	0.21167933557557786
1.0	223180	0.11665256657099057	0.11536611041966031	0.3534434094547667	7662	0.09394316222066033	0.09054847105228415	0.1971753127828291
1.0	247088	0.2280103329318058	0.2278832892994983	0.3610551141433597	7640	0.10201696676434806	0.11778965462411381	0.22214813826332533
1.0	223900	0.061193018085835264	0.06188704000959362	0.3748433369634541	7932	0.1357022922431345	0.1451456057814781	0.22140163706881302
1.0	228408	0.044039534572689026	0.04360630813664882	0.35967902774402805	7656	0.072780671244352	0.07098419707526545	0.20855421118554032
1.0	200312	0.196165821699784	0.19641931741551988	0.36317939219077927	7674	0.08214911584205856	0.07804469708975681	0.20987088230135834
1.0	211144	0.19251066136219708	0.19205528469124186	0.35826652979715146	7612	0.14777796416917427	0.10497888241387318	0.20260388335398383
1.0	149258	0.011732671047144736	0.01201262448959016	0.3383800439249252	7716	0.0368559547174154	0.03503203020900294	0.19416354019858273
1.0	243728	0.23300448553299105	0.23283930592073868	0.36135542752600586	7816	0.06802753292655178	0.07211643069548102	0.21616105805412866
1.0	188014	0.10299013204366117	0.10189236261993635	0.36888402057430697	7934	0.058275964449095524	0.06745637111299509	0.21857762452992355
1.0	237884	0.22157660969369955	0.2217052680349575	0.37043111103596527	7832	0.13482418244521482	0.15793022005257007	0.2168611998116038
1.0	191320	0.09966267446737068	0.0991494608854348	0.34636419998405304	7790	0.08517373366120998	0.07683046793181954	0.20516893534410627
1.0	186002	0.10750383575553978	0.10670432278700193	0.35597740962852714	7580	0.05615879502568433	0.0567947211469134	0.2210832022387754
1.0	196350	0.045228565563611975	0.044755484397761135	0.36109323129510895	7796	0.048125322415240826	0.049081924005443436	0.2148574902081476
1.0	141170	0.029720471017960815	0.029803768860645483	0.3479809418717919	7592	0.04786867484279353	0.0495543415299317	0.19563578762550451
1.0	196696	0.13758196499092037	0.13857675032329103	0.36730475462989615	7868	0.16603259049092722	0.14617055763781425	0.20994314574749492
1.0	356486	0.38720358552115103	0.3880844796168865	0.38562337746889375	7606	0.1825482294254396	0.20336910117904544	0.21017964636840755
1.0	213598	0.05605437409202742	0.05558624032955621	0.364957624118226	7806	0.029107436405877287	0.024473132656742894	0.20216058520310257
1.0	142942	0.03416131676028628	0.034518445381724695	0.32672591452167943	7556	0.08963853178222483	0.0880646130978081	0.17990613503104189
1.0	248082	0.22238680359205965	0.22323853765085733	0.3786708600022764	7842	0.08064524062649903	0.07804292042810723	0.21952482194338407
1.0	227096	0.0913220878331214	0.09105360551507094	0.36815178801878434	7816	0.10059457815353193	0.09012126194567635	0.2132558904514187
1.0	172734	0.029764529135691536	0.030142917598850398	0.3510962730884397	7720	0.06753509945523764	0.06950452398343909	0.2186296987505165
