Utilization	Connections(A2A)	Lvl1TraffRatio(A2A)	Lvl1TraffRatioNoIndirect(A2A)	RatioIndirect(A2A)	Connections(AR)	Lvl1TraffRatio(AR)	Lvl1TraffRatioNoIndirect(AR)	RatioIndirect(AR)
0.8624416605256694	1215064	0.566513582593886	0.5717713837863468	0.41748585870725624	25106	0.22488747663342634	0.22488747663342634	0
0.8330876934414149	1779688	0.5475205041647707	0.5548957371671962	0.44402190870395675	24984	0.15951935795727235	0.15951935795727235	0
0.8054532056005895	1639744	0.5302345099434836	0.5402707236505849	0.4298585958221994	24192	0.16390316833998944	0.16390316833998944	0
0.776590518300172	1578476	0.5868853896915026	0.5904711850865461	0.43410206312053484	22562	0.24310632347763514	0.24310632347763514	0
0.7907148120854827	1294644	0.5368268325372207	0.5450803278704798	0.4186179509761407	23514	0.18313654183950898	0.18313654183950898	0
0.8591255219847703	2609540	0.6419761860707125	0.647031334915051	0.44495911431075386	24850	0.18262796350137936	0.18262796350137936	0
0.8126995824121838	1967510	0.597041837160168	0.6019020629563102	0.44125082899431906	23672	0.21894989427270517	0.21894989427270517	0
0.8126995824121838	2648448	0.6216239766982761	0.6244653246373809	0.4596615758643265	23930	0.2150730381128522	0.2150730381128522	0
0.8951117661508229	2325894	0.6178856925368741	0.6219388155393963	0.4406117054330681	26614	0.1763314373293505	0.1763314373293505	0
0.7302873986735445	2396616	0.5311679546384591	0.5343548153713037	0.4510239650712351	22248	0.2212868075989705	0.2212868075989705	0
0.8355440923605993	2472750	0.5651240149909429	0.5716605887586182	0.4134573603327829	24890	0.14387470990149695	0.14387470990149695	0
0.8192090395480226	1360308	0.5830880597511033	0.5888715931475136	0.42621878945372943	24566	0.23366488028504503	0.23366488028504503	0
0.883075411446819	1078250	0.5190813457177276	0.5327467361788519	0.40832222667098733	25622	0.20403669588017825	0.20403669588017825	0
0.850159665929747	2395412	0.49718842480735836	0.50325178120634	0.45111593657791205	24766	0.17804616468713844	0.17804616468713844	0
0.8801277327437976	1073384	0.545613014150463	0.5568948639681007	0.3913221055829519	25162	0.20530642310836392	0.20530642310836392	0
0.9266764922623434	1072768	0.4996914097669864	0.5084043442971392	0.3923672884166953	26460	0.20313887160145042	0.20313887160145042	0
0.7935396708425448	3352854	0.6277679500489898	0.6295237301258914	0.4521721022110791	23236	0.1891773937400327	0.1891773937400327	0
0.8233849177106363	1170034	0.538979517649809	0.5464286237844389	0.4217429618135878	24040	0.22675659615587884	0.22675659615587884	0
0.7827315155981331	772458	0.6368124234770958	0.64521731526151	0.4010245341862113	22870	0.3272731835093859	0.3272731835093859	0
0.8054532056005895	1058032	0.5398781406502774	0.5501341606635869	0.41619499563537193	23912	0.19774157767791703	0.19774157767791703	0
0.8801277327437976	1431876	0.5691349815784792	0.5756907965305494	0.41072839999613775	26052	0.18721735076448784	0.18721735076448784	0
0.7679931220830263	1671570	0.6314073790915777	0.6338959799007458	0.44480350553418996	23022	0.2608176999270762	0.2608176999270762	0
0.9175878162613609	2459736	0.5609718951110008	0.5698740736017265	0.418597325794791	26620	0.11834518372280455	0.11834518372280455	0
0.8876197494473103	2760180	0.6629890943375418	0.6671465706070348	0.42562943950240645	25952	0.1840372033473647	0.1840372033473647	0
0.860599361336281	3767168	0.6542413724999031	0.656147859018976	0.4382760807644812	26572	0.1742974948500704	0.1742974948500704	0
0.7902235323016458	717432	0.5367641298894972	0.5462149408509573	0.3955043007901269	22436	0.27020579295079356	0.27020579295079356	0
0.8726357160402849	949666	0.623199800859798	0.6265771296734757	0.40983707065866143	24930	0.29625473397017765	0.29625473397017765	0
0.8951117661508229	2146280	0.613025999401614	0.6188896891825656	0.44940069788318543	26932	0.21982060616250124	0.21982060616250124	0
0.8651436993367723	1653996	0.5559576832700934	0.5626144454623008	0.42222768096521807	25242	0.1688348093628583	0.1688348093628583	0
0.8516335052812577	2643858	0.627060883556459	0.6297211848706226	0.44656779601835833	25610	0.1875325399594887	0.1875325399594887	0
0.8426676492262344	1717038	0.5659729613699779	0.5713260862997934	0.43531248899448377	25466	0.15450873198430012	0.15450873198430012	0
0.8259641365757799	1114610	0.5569841022864802	0.5640919862763386	0.4195171705847402	24374	0.27577453879511843	0.27577453879511843	0
0.866617538688283	1436976	0.5834342533237898	0.5868003856410325	0.423978467235039	24902	0.18798358480104435	0.18798358480104435	0
0.7602554654875952	947006	0.593739650750416	0.601952064021983	0.41236468585895736	21476	0.2706308133759197	0.2706308133759197	0
0.7600098255956768	987792	0.6128954491966574	0.6174762225223488	0.4192687204035939	22282	0.28547922446188584	0.28547922446188584	0
0.8651436993367723	1238502	0.5186672778978195	0.5254681902259222	0.4223201084993504	25760	0.21715123036183095	0.21715123036183095	0
0.8171211004667158	2376018	0.5466276280081792	0.5531373915920476	0.44710785711626944	24204	0.1998421613863247	0.1998421613863247	0
0.9026037828543355	1144756	0.5130257531918355	0.5279103179947775	0.42576927583767793	26350	0.23528990374876646	0.23528990374876646	0
0.9026037828543355	768408	0.5355370450561343	0.5491300184958289	0.39414920567497763	25790	0.26667552418443513	0.26667552418443513	0
0.8878653893392287	870700	0.5030902888916111	0.5125451919632169	0.4069292321421682	26126	0.20159872167633633	0.20159872167633633	0
0.8421763694423974	2044796	0.6138979071762795	0.6192701779141484	0.4463288150689995	25946	0.19840246279902643	0.19840246279902643	0
0.8951117661508229	3782050	0.6721294226063379	0.675307051349766	0.4446076513303072	26632	0.14550145127142908	0.14550145127142908	0
0.827683615819209	1166490	0.6023760038294792	0.6075066619770443	0.41974061379523037	24518	0.2747208746347457	0.2747208746347457	0
0.9394497666421027	1751682	0.5218386219868288	0.5312345310189205	0.4064668469574202	27888	0.1365969211754911	0.1365969211754911	0
0.7827315155981331	925662	0.3835003482068923	0.3951528739863448	0.4109582848054629	22652	0.14927051476308947	0.14927051476308947	0
0.8726357160402849	1912418	0.5178958491331922	0.5240697851793478	0.4310902141852106	26136	0.1451549313267134	0.1451549313267134	0
0.8506509457135839	2645384	0.5911246570599099	0.5951173496618186	0.44008842942804566	25738	0.1418879879453546	0.1418879879453546	0
0.8395971505772537	1139044	0.50200416229096	0.5123185749723449	0.4223568448293604	24596	0.19205979251761565	0.19205979251761565	0
0.8126995824121838	3231974	0.6423864357681633	0.6434475773205337	0.4671898699895358	25120	0.18650754829146318	0.18650754829146318	0
0.8817243920412675	2094520	0.5862453600162559	0.589624529315791	0.4284235118389293	25784	0.18662945932246378	0.18662945932246378	0
0.8201915991156964	1054454	0.6101362570003365	0.6198255488753124	0.40627108863788414	23470	0.2720100167407296	0.2720100167407296	0
0.6798084008843036	1267882	0.6510567577518227	0.6533085936519831	0.4354055653018098	20362	0.27441276656546526	0.27441276656546526	0
0.9220093343158929	2453898	0.6487530435454401	0.651589689806762	0.4195170462723648	27668	0.1767795794956345	0.1767795794956345	0
0.8281748956030459	973408	0.578271084238599	0.5846685734906577	0.40530940051860403	24056	0.24930299304264325	0.24930299304264325	0
0.78322279538197	829490	0.4752589935157796	0.4842943989524216	0.40660411177541805	23198	0.22430032643218564	0.22430032643218564	0
0.9204126750184229	1852862	0.5515688229662539	0.5582332316656236	0.4346601599491322	27598	0.2005569746243879	0.2005569746243879	0
0.7907148120854827	1009176	0.5782404249780296	0.5881199707606853	0.40439109917171595	22702	0.2368229989223076	0.2368229989223076	0
0.8515106853352985	2442696	0.5969016272727902	0.604022215606815	0.42982504097824287	25476	0.13484828016941502	0.13484828016941502	0
0.8351756325227218	1336812	0.5863395706942914	0.5950490119858667	0.42240735348326397	24208	0.2384657439620034	0.2384657439620034	0
0.8351756325227218	2054480	0.625523693075701	0.6299340765218603	0.43859004572694227	24890	0.18457283032201247	0.18457283032201247	0
0.7651682633259641	1028078	0.5464547436350917	0.5520042082491723	0.424030086773398	22438	0.22112141408709976	0.22112141408709976	0
0.8726357160402849	1473670	0.5503525045550186	0.5564547791202747	0.41591635927156806	25968	0.1822748931781538	0.1822748931781538	0
0.7844509948415623	1917404	0.6046586121572006	0.608404546728322	0.44014416900040576	23414	0.2088569123517027	0.2088569123517027	0
0.8651436993367723	1126266	0.5525994326721683	0.5599156448893282	0.4040881752263296	25022	0.22425309724203343	0.22425309724203343	0
0.8393515106853353	1242682	0.5858776768313674	0.5961501516075067	0.4145039968368011	25468	0.21472632689555735	0.21472632689555735	0
0.8395971505772537	1124544	0.5294428316190277	0.5348528294578903	0.4272530273982487	24324	0.23285073403928247	0.23285073403928247	0
0.7784328174895603	2450318	0.6461696159126701	0.6531150274774085	0.4276941650856341	22932	0.1982721135391801	0.1982721135391801	0
0.8585114222549742	1703870	0.5755165590498607	0.5825547651149837	0.4294991292073423	25496	0.16649282003716623	0.16649282003716623	0
0.8522476050110538	1468812	0.5459799743113072	0.552972493051202	0.4271193896215699	25768	0.2219356157033349	0.2219356157033349	0
0.8351756325227218	997796	0.5708845998964421	0.5796985832510078	0.4142194897758249	23974	0.2680498161182802	0.2680498161182802	0
0.8548268238761975	1043242	0.5320063552103905	0.5414827355765074	0.41127946759325257	23914	0.24511584917054066	0.24511584917054066	0
0.8354212724146401	1220952	0.440924729178916	0.4518941228275748	0.419236626333272	24298	0.15823927913690827	0.15823927913690827	0
0.7979611888970769	2421092	0.6774881553049575	0.6804346985749854	0.4313395348676184	23804	0.19250181307636882	0.19250181307636882	0
0.8726357160402849	1315318	0.5544685454565077	0.5652740581609759	0.4043071437867656	23978	0.20305254305464313	0.20305254305464313	0
0.7286907393760746	2375784	0.5408392130171987	0.5442151108294319	0.4534604491899176	21986	0.24360572866409247	0.24360572866409247	0
0.850159665929747	1322736	0.5415292781317532	0.5510955763434949	0.41742142293357815	24092	0.16541637085420668	0.16541637085420668	0
0.827683615819209	950952	0.5211497156916972	0.5315591757431203	0.39679136610119903	23884	0.21723356156735493	0.21723356156735493	0
0.8975681650700074	1276372	0.577637379827522	0.5847530889197113	0.40263787381467914	25872	0.2443940661836449	0.2443940661836449	0
0.8429132891181528	1662876	0.5923990442155413	0.597354442080504	0.44481462667326205	25022	0.20082398414992908	0.20082398414992908	0
0.8822156718251044	2626890	0.6219408037185467	0.6257261037607188	0.45148177202949685	26734	0.13752411773465162	0.13752411773465162	0
0.7382706951608942	964718	0.6071383806488108	0.6139371936574157	0.4145263005478909	21414	0.35919720776833336	0.35919720776833336	0
0.8951117661508229	2497156	0.5921278551094115	0.5964257238185705	0.43488945950716823	27040	0.18795328986635815	0.18795328986635815	0
0.8351756325227218	3766404	0.6618128687475954	0.6637453939149758	0.4628374721807462	25116	0.18708594200216022	0.18708594200216022	0
0.7977155490051584	1066934	0.5792888433911286	0.5844318362654711	0.4243539281934276	23570	0.2458496908875348	0.2458496908875348	0
0.7620977646769835	1940758	0.5864158191055441	0.5930743116863344	0.43969334686120215	23460	0.18559310016933017	0.18559310016933017	0
0.7754851387865389	938250	0.5819623249127849	0.5895347719543288	0.41229050992547095	22464	0.2417414443817306	0.2417414443817306	0
0.8504053058216654	1180024	0.5696246227881443	0.5754821868335172	0.43026314987753383	25966	0.23767384214513043	0.23767384214513043	0
0.8351756325227218	815832	0.536094544489072	0.5436465405143415	0.40202178006933814	23544	0.28149587101312057	0.28149587101312057	0
0.7999263080324245	965930	0.49418883021528576	0.5038239460710338	0.4085112157272554	23112	0.23547565599403564	0.23547565599403564	0
0.8355440923605993	803434	0.5120598733096219	0.5181969003034688	0.40779782283208627	23822	0.2551194260114336	0.2551194260114336	0
0.9026037828543355	1279392	0.5645515523384297	0.5716177200075867	0.4292047528624648	26718	0.22807735182222247	0.22807735182222247	0
0.9205354949643823	1160282	0.5267863450810671	0.5385873167096088	0.40847205977689427	26282	0.19382932687884222	0.19382932687884222	0
0.6849668386145911	1306866	0.5427040794157405	0.5506283020198726	0.43543264508499097	20154	0.245183811216966	0.245183811216966	0
0.7197248833210513	944588	0.5590840234308204	0.5623573944764989	0.42745014286228705	21348	0.28466171348918684	0.28466171348918684	0
0.8203144190616556	1939148	0.6506490710045685	0.6507301421541273	0.4473360366622092	24246	0.21960691574650648	0.21960691574650648	0
0.8637926799312208	2098152	0.630625814683531	0.6318461321740252	0.45681497815864563	26308	0.20257122725240476	0.20257122725240476	0
0.7902235323016458	786890	0.4649347304821076	0.4748447978703528	0.4129435686562335	23596	0.2115737598356265	0.2115737598356265	0
0.8575288626873004	1500392	0.5586028699983526	0.5639797787963607	0.4260367663818498	26476	0.18618105632737678	0.18618105632737678	0
0.9064112011790715	885568	0.43775427423696334	0.45402787966634134	0.4049518977054316	26486	0.17808600641125585	0.17808600641125585	0
0.9026037828543355	1756760	0.5623065816248107	0.5695058694377334	0.39850453390683743	27072	0.1765281828341182	0.1765281828341182	0
0.813927781871776	1382652	0.5139102879916974	0.5202786619756133	0.43958050227451256	24412	0.18178977741633118	0.18178977741633118	0
0.822156718251044	1259242	0.5579579963076224	0.5653098770792441	0.43480773479810875	23994	0.19693103612072693	0.19693103612072693	0
0.81171702284451	3109268	0.661806808695342	0.6672305453064721	0.42938909998294816	24702	0.1423856373694376	0.1423856373694376	0
0.8635470400393024	1100994	0.5791696532876919	0.5862836956905945	0.4093336285855009	25362	0.20850345841097492	0.20850345841097492	0
0.8653893392286908	1325100	0.547253004522124	0.5562419432634149	0.4078531823930012	25322	0.15185554799161927	0.15185554799161927	0
0.8241218373863916	1291844	0.5952548890498438	0.6002242668765717	0.41086231180919425	22720	0.22321857322821567	0.22321857322821567	0
0.8739867354458364	1049336	0.516842954975523	0.5287096953593913	0.42130098714782704	25960	0.1896586167476723	0.1896586167476723	0
0.8647752394988946	904294	0.5439646292025475	0.5544990087408487	0.4095667927369797	25622	0.2294437213877545	0.2294437213877545	0
0.8246131171702284	1142424	0.5001371475506121	0.507383911018175	0.4204558197966492	24876	0.19821915756600114	0.19821915756600114	0
0.8456153279292558	1930588	0.6178545181589713	0.6233410004460388	0.44405875661441724	25544	0.18980853906323433	0.18980853906323433	0
0.8027511667894867	2153428	0.5669989046845514	0.5726043998805145	0.4314598749544631	23246	0.19686701518409397	0.19686701518409397	0
0.7915745517071973	1166972	0.5503001067395757	0.5556272130174951	0.4194068890901683	23670	0.2776317217695055	0.2776317217695055	0
0.8506509457135839	1551154	0.5388039963115964	0.5452961889642738	0.4056276782086093	24246	0.15276714922015938	0.15276714922015938	0
0.8475804470646033	3095600	0.5963741277653233	0.598801954715207	0.46128722726096094	25946	0.17294538549471894	0.17294538549471894	0
0.8273151559813314	2044356	0.581058587144968	0.5848401794187937	0.4530006376272196	24988	0.2033750843556749	0.2033750843556749	0
0.8216654384672071	999534	0.6056535383868806	0.6119088448629907	0.4038454081176292	23042	0.23714060717578367	0.23714060717578367	0
0.7752394988946205	2358766	0.5867202604632117	0.591656576441388	0.4399637707723833	23600	0.18793939125549705	0.18793939125549705	0
0.8426676492262344	1416528	0.5832296190920686	0.5873020596732962	0.4317631348054418	25268	0.2524613006411067	0.2524613006411067	0
0.866617538688283	1414990	0.6183371413365514	0.6233569698887571	0.4221930738555057	25114	0.23616651780705863	0.23616651780705863	0
0.81171702284451	1307788	0.4984874431242939	0.5053312883457384	0.4327392943084112	23754	0.20866343067288184	0.20866343067288184	0
0.7901007123556866	1553170	0.6551737297866368	0.6589387002808853	0.4238290447293737	22722	0.24211468762448263	0.24211468762448263	0
0.827683615819209	2324696	0.6272838424968598	0.6295993574493607	0.4451234082109301	24944	0.2750499345481739	0.2750499345481739	0
0.8351756325227218	1304166	0.5815167789800648	0.5860596258345824	0.43363341986714826	25108	0.2466268438889562	0.2466268438889562	0
0.8252272169000245	1045442	0.6304944328009222	0.6417461738647495	0.41078255942870795	23246	0.30469651765979816	0.30469651765979816	0
0.9191844755588308	1156348	0.5244765676559806	0.5331770288056954	0.40083065772748694	26944	0.19765648252776127	0.19765648252776127	0
0.8876197494473103	991700	0.5691708829796495	0.5755819015156426	0.39929572159453713	24888	0.29232805800462197	0.29232805800462197	0
0.708056988454925	890206	0.6070834218845302	0.6117639258740105	0.4287676723244023	21302	0.3258744179888223	0.3258744179888223	0
0.827683615819209	733358	0.5019968832980974	0.514037611671383	0.4209794403977504	23658	0.2608288698803766	0.2608288698803766	0
0.9265536723163842	1500146	0.5380118762130358	0.5432642056565334	0.4258523193030879	28116	0.19098943099331733	0.19098943099331733	0
0.8226479980348809	1925224	0.5770572607743062	0.5871383376259637	0.42659430125902903	23406	0.18614754385851098	0.18614754385851098	0
0.840825350036846	2891352	0.616901582261568	0.6196830711271271	0.43496371157044295	25212	0.18970357775638347	0.18970357775638347	0
0.7706951608941293	985362	0.5250228164607614	0.53197193990328	0.41485236353196003	21818	0.24858115316987336	0.24858115316987336	0
0.8291574551707197	1471780	0.535765221075754	0.5425066268065977	0.44187848911884164	24600	0.1978719037255683	0.1978719037255683	0
0.8774256939326947	1121688	0.5398265913051821	0.5507319678523562	0.40122244497791315	25136	0.23384235617168006	0.23384235617168006	0
0.844141488577745	1226218	0.5599802886500694	0.5696491319512613	0.4142645878520805	24298	0.19874048596910857	0.19874048596910857	0
0.8728813559322034	1112718	0.5487651727247316	0.5582614442302235	0.39341038184108384	24924	0.18448591862635197	0.18448591862635197	0
0.8516335052812577	2695678	0.6113564072899398	0.615349092595502	0.43357192673474576	26258	0.15989254396825775	0.15989254396825775	0
0.8574060427413412	1378016	0.4980068646409957	0.5103650979153448	0.41766745362948754	25126	0.13556877351445307	0.13556877351445307	0
0.8280520756570867	1166436	0.5540564436705361	0.5614723788179444	0.41491326379637306	24486	0.24465412103513692	0.24465412103513692	0
0.7531319086219602	1029330	0.593758901764945	0.601113937620743	0.4145700580186127	21576	0.24010311144832439	0.24010311144832439	0
0.9100957995578483	1186108	0.5921504250974532	0.5985156410815455	0.42337075492691095	27098	0.3029182119099097	0.3029182119099097	0
0.8836895111766151	1432288	0.5876779503813041	0.592763241217907	0.41484400157143825	25200	0.17778859605343914	0.17778859605343914	0
0.8801277327437976	724988	0.5433790951642054	0.5545493217118146	0.39446188701128065	25064	0.2301618060596997	0.2301618060596997	0
0.850159665929747	2061294	0.5401609936477033	0.5485527791707624	0.42886340672272927	25336	0.18430888635045595	0.18430888635045595	0
0.8801277327437976	1553732	0.571643176635613	0.5801530227206957	0.4260817484686952	26812	0.19524330898689465	0.19524330898689465	0
0.7213215426185213	733446	0.5386388357560281	0.5478057365985846	0.4061707947766798	20642	0.29572630086420876	0.29572630086420876	0
0.7990665684107099	1560566	0.6102566278779719	0.6146746353254255	0.42949175819262336	23216	0.19967127420686412	0.19967127420686412	0
0.8987963645295995	1246794	0.572575186125892	0.5843388099517567	0.41352237139612996	26414	0.2015387539744936	0.2015387539744936	0
0.8635470400393024	1084176	0.5477415074182851	0.5542296684715499	0.41264443844630966	25150	0.23140145154671768	0.23140145154671768	0
0.8366494718742323	1850020	0.6175464082236737	0.624583753752773	0.41446097897544026	25092	0.1639923994513309	0.1639923994513309	0
0.8130680422500614	770512	0.4285320551195131	0.43410107794073216	0.39027285784243754	23484	0.22998624919529706	0.22998624919529706	0
0.7117415868337018	981944	0.5965054639785942	0.5991664157076787	0.4272910331445281	20936	0.2660509718167234	0.2660509718167234	0
0.8458609678211741	1197394	0.6092616407136159	0.6165950125461374	0.41627370123706847	24954	0.2686369203201598	0.2686369203201598	0
0.7452714320805699	2290850	0.6082863976301146	0.6116449728629375	0.43692778084114486	22052	0.21842712272663325	0.21842712272663325	0
0.8435273888479489	1209392	0.49908695583953055	0.5066947184146944	0.4051187656693664	25626	0.17005795997520692	0.17005795997520692	0
0.8130680422500614	1200764	0.6079165257204638	0.6126260584780243	0.420464488460065	24030	0.2519562294894627	0.2519562294894627	0
0.8653893392286908	2153516	0.6017560888161765	0.6074397456839735	0.42403556935350367	25246	0.2108000478598072	0.2108000478598072	0
0.857897322525178	1092398	0.4910178329736319	0.5035213427622601	0.4125564857238015	25228	0.22089722355957767	0.22089722355957767	0
0.7377794153770572	1657770	0.5671694530931736	0.5699821404539885	0.44298313999469996	22712	0.20403973130756436	0.20403973130756436	0
0.8216654384672071	1623894	0.5926021425945244	0.5975604436948853	0.4344691013787192	24500	0.17043561917267055	0.17043561917267055	0
0.776590518300172	1604934	0.6310923658510937	0.6352334060615844	0.441117501281868	23308	0.23435721546056767	0.23435721546056767	0
0.7726602800294768	1341132	0.5644010948849281	0.5702889723048651	0.4295506139626713	22948	0.2332851824585216	0.2332851824585216	0
0.8576516826332596	1049020	0.5563400862762958	0.5619534335663383	0.4148602586684673	24834	0.2570179520722184	0.2570179520722184	0
0.7916973716531565	701794	0.456770252953034	0.4687600582815034	0.3983888670211307	22834	0.19284743532893456	0.19284743532893456	0
0.8321051338737411	1350328	0.5505794954435916	0.5580588632357587	0.41990538653958226	23826	0.2341942884623783	0.2341942884623783	0
0.8743551952837141	1552134	0.5684093587127775	0.5749599304418223	0.42357138158680874	26354	0.20901816362582618	0.20901816362582618	0
0.827683615819209	1669336	0.6453515832522245	0.6506187012586305	0.4316087446732098	24046	0.2935705930730304	0.2935705930730304	0
0.8279292557111275	1000188	0.5444523555153356	0.5507831248207846	0.41366981173471334	23978	0.2245188670199935	0.2245188670199935	0
0.8802505526897568	1766268	0.6021424139502006	0.6070798294228329	0.43603984139105306	26390	0.2342051874485912	0.2342051874485912	0
0.8082780643576517	1668114	0.5801891416829533	0.586217189931601	0.4307687724792591	23792	0.20509492486399916	0.20509492486399916	0
0.8876197494473103	2493500	0.5470747140093063	0.5538121995578366	0.4291081701281323	26450	0.14162126534817324	0.14162126534817324	0
0.7532547285679194	1520544	0.5680304359169032	0.5743016813707573	0.442716666865377	22146	0.24495095534623176	0.24495095534623176	0
0.7780643576516826	1773776	0.5396152087498333	0.5461760264814821	0.4393578283298147	23670	0.2094307923582193	0.2094307923582193	0
0.8177352001965119	1049192	0.5943005333948382	0.5999509312895942	0.4220549846320933	23466	0.30255919635290657	0.30255919635290657	0
0.833701793171211	2475918	0.6489354567845246	0.6540108944028539	0.4380481316706896	25350	0.17783756260130087	0.17783756260130087	0
0.9260623925325473	911748	0.4922586755040211	0.5031416805467775	0.37465982776573226	25494	0.21729588064162966	0.21729588064162966	0
0.7606239253254728	1316186	0.5552017443032704	0.5593747784722688	0.4147444269485929	21926	0.20286173663041454	0.20286173663041454	0
0.7527634487840825	1366674	0.4857183761069306	0.48814552424892454	0.43162518840303626	22630	0.19479367534791395	0.19479367534791395	0
0.8129452223041022	3002302	0.6516112700763151	0.6538642673696112	0.4526681507536427	24988	0.15612756530581845	0.15612756530581845	0
0.8431589290100712	827904	0.5639219140938107	0.5730605028179266	0.4027399121208323	24866	0.2684112989615835	0.2684112989615835	0
0.8743551952837141	1906118	0.6111666136156263	0.6144239743899909	0.42379865439804587	25078	0.20136281438503253	0.20136281438503253	0
0.8818472119872267	928728	0.5102846964069448	0.5248613465325506	0.39911690984251064	25530	0.2276749375610596	0.2276749375610596	0
0.7977155490051584	1232162	0.5776123041653712	0.5833251224393688	0.4185887208680075	22706	0.24530390767443847	0.24530390767443847	0
0.8188405797101449	1249784	0.5779023256039367	0.5847206785863756	0.4107635951945596	24028	0.19981882464899614	0.19981882464899614	0
0.8651436993367723	1288754	0.4948118231378193	0.5017485465252077	0.42512982690364937	25006	0.2022569112587008	0.2022569112587008	0
0.8371407516580693	1149156	0.5080911530090836	0.5171089954310292	0.4259454784713855	25416	0.22726393408541115	0.22726393408541115	0
0.7977155490051584	1135674	0.529255007624733	0.5342086372211287	0.42069665786847277	23564	0.23847769878818062	0.23847769878818062	0
0.8426676492262344	875068	0.6065191358926771	0.6169376595863841	0.42053114590068413	24154	0.2904567095648936	0.2904567095648936	0
0.827683615819209	2022848	0.6233288730083345	0.6275228518652728	0.4236360856135279	23506	0.25852157798160613	0.25852157798160613	0
0.8126995824121838	2512564	0.5830759851915825	0.5868071181923017	0.4587047448561678	24674	0.18561584099163506	0.18561584099163506	0
0.9179562760992386	1314028	0.5893560213650709	0.5931934875950375	0.3975671234879345	26444	0.22750672830077567	0.22750672830077567	0
0.8651436993367723	1103586	0.49439784404615333	0.5016747111860019	0.4135209344090735	25162	0.22345001112401183	0.22345001112401183	0
0.8351756325227218	2538218	0.5565098024228751	0.5612922016743772	0.4485947800282131	25400	0.15047861153697817	0.15047861153697817	0
0.7916973716531565	952268	0.5357889131737569	0.5425817333257578	0.4244834051927919	22686	0.24067717319830917	0.24067717319830917	0
0.9042004421518055	1673796	0.5741189767130259	0.5819463030821983	0.4246896737536918	27000	0.191618349664516	0.191618349664516	0
0.7452714320805699	1277310	0.4709413068537693	0.4766616566497725	0.4273908604610365	21398	0.16945264178663808	0.16945264178663808	0
0.9026037828543355	1724040	0.5779096935561115	0.5857545201644178	0.42187760698630566	26352	0.16551946626483463	0.16551946626483463	0
0.8461066077130925	2652732	0.6150190898684085	0.622133339364453	0.43364773262003736	25668	0.19783317521962862	0.19783317521962862	0
0.8129452223041022	980346	0.4876003250736028	0.49346520650451575	0.41788410337450826	24178	0.22993715017947156	0.22993715017947156	0
0.8351756325227218	1517440	0.5257056560125244	0.5315692222278715	0.43624667211681434	25498	0.20968413122624832	0.20968413122624832	0
0.7977155490051584	1195650	0.5612639654260411	0.5686344822254634	0.4247827863809481	23640	0.20960437326302997	0.20960437326302997	0
0.8208056988454925	1573530	0.5317524346390484	0.536741864516578	0.4231401486394426	24078	0.1563421080691562	0.1563421080691562	0
0.8700564971751412	3647166	0.6859610261817172	0.6893214796579645	0.4384879362807684	26334	0.20351990465306538	0.20351990465306538	0
0.8470891672807663	827408	0.46285007226075403	0.4705299186627711	0.4181209438114894	25084	0.2282774510888701	0.2282774510888701	0
0.7527634487840825	2577278	0.6600233879003007	0.660623696670179	0.45408361105017225	22754	0.2287295110216224	0.2287295110216224	0
0.8704249570130189	1693380	0.5897831513869869	0.5959063541031953	0.4261213577629514	26188	0.16405123812193104	0.16405123812193104	0
0.8381233112257431	1328356	0.5558627815888298	0.5600632814941882	0.43684550838987074	25056	0.22601423045692978	0.22601423045692978	0
0.8958486858265783	1578184	0.5029046128840345	0.5096380791561835	0.41405698016529185	27500	0.17488468924571143	0.17488468924571143	0
0.7759764185703758	2023410	0.5665833143077731	0.5689396237691401	0.41669627985438834	22482	0.1955138711496854	0.1955138711496854	0
0.805207565708671	1038684	0.5922822048206333	0.5972774291451454	0.4093548705416498	23238	0.25312192874142414	0.25312192874142414	0
0.7902235323016458	1247916	0.5461688592305635	0.552031108572922	0.42750165001947144	23518	0.1862297634358251	0.1862297634358251	0
0.7721690002456398	2072592	0.5558309080431764	0.5615582588042951	0.42761796276446434	22864	0.17926188753167074	0.17926188753167074	0
0.860599361336281	1983112	0.5913042367918758	0.5932631482185261	0.4257052927416151	25528	0.20521735066550553	0.20521735066550553	0
0.8032424465733234	670548	0.5426645215213611	0.549556539275548	0.39927372722806953	23516	0.28728897095406647	0.28728897095406647	0
0.827683615819209	1320522	0.5265182393371307	0.5337921614616871	0.4432793674226155	23768	0.2025967275995851	0.2025967275995851	0
0.8279292557111275	1652736	0.6019033077207331	0.609504629148067	0.42471183399018386	24214	0.2117472290401646	0.2117472290401646	0
0.7692213215426185	1101804	0.5345498609306448	0.5380335549612483	0.43584646954425316	22638	0.2697812485729643	0.2697812485729643	0
0.8517563252272169	1226422	0.5459146979182354	0.5532860618788221	0.4245469612003053	25086	0.25932299259520475	0.25932299259520475	0
0.9340456890198968	1043810	0.5625852686559932	0.5730885224196967	0.3989721403617071	26308	0.21557024843565542	0.21557024843565542	0
0.8429132891181528	1737520	0.5787241634060035	0.5875967216407973	0.431268242805584	24534	0.2184469863812745	0.2184469863812745	0
0.8576516826332596	732582	0.501106081058411	0.5114114477095958	0.39026179707308123	24486	0.23627250684206216	0.23627250684206216	0
0.8856546303119627	1432326	0.5853328233819676	0.5902590306774969	0.433367140559225	26518	0.2129392928626399	0.2129392928626399	0
0.8291574551707197	923302	0.46524555660411027	0.4768269188970024	0.4048783648381294	23652	0.20799812816654464	0.20799812816654464	0
0.839719970523213	706138	0.6175502658428357	0.6247158785887383	0.39554384662327324	24190	0.3203083605484733	0.3203083605484733	0
0.805207565708671	747894	0.5605077248443595	0.5685895516676216	0.40214693018988856	22994	0.27772109743287404	0.27772109743287404	0
0.8244902972242693	1708318	0.6218438361988005	0.6290738849505565	0.44043718338937793	24820	0.21033917323452378	0.21033917323452378	0
0.7827315155981331	2846096	0.6380054738057034	0.641924458065357	0.4353822864538766	22710	0.1878739329101907	0.1878739329101907	0
0.8064357651682633	871776	0.4990305617678972	0.5088589197117456	0.4154498126702682	24212	0.23281543758697307	0.23281543758697307	0
0.8516335052812577	2560824	0.6227725113486487	0.6260345991783899	0.4268536757169889	23962	0.1970951099031336	0.1970951099031336	0
0.8506509457135839	1083812	0.5796098447908412	0.589047472311775	0.3991227725829651	24680	0.22994546674319824	0.22994546674319824	0
0.7374109555391796	1039626	0.5454578517464678	0.5496160167350599	0.4363194749662962	21960	0.24763070733557901	0.24763070733557901	0
0.8876197494473103	878628	0.3914855516199	0.4068183707701838	0.40547666172241587	26308	0.165478282266552	0.165478282266552	0
0.7267256202407271	1019448	0.5840698679692317	0.5876462983778484	0.4255404987713633	21318	0.228824269434161	0.228824269434161	0
0.8456153279292558	1502704	0.5110030649984639	0.5162686752997713	0.4374743147656704	25240	0.1653064346008918	0.1653064346008918	0
0.8126995824121838	2325806	0.5641655233390092	0.5711280532055683	0.4305262478866665	24272	0.1631584685103751	0.1631584685103751	0
0.86551215917465	2561652	0.6465897191564626	0.6521492614155796	0.42548407946495675	26106	0.1875444597809388	0.1875444597809388	0
0.6918447555883076	935346	0.5817953391322005	0.5851240026407462	0.4204464284391323	20224	0.2684012659589834	0.2684012659589834	0
0.9042004421518055	1088230	0.567232193942093	0.5772502613666771	0.419093839608752	26788	0.24133833067239377	0.24133833067239377	0
0.8726357160402849	1117560	0.5601663334007395	0.5647828637999871	0.41595909727153874	25444	0.21207416824749573	0.21207416824749573	0
0.8279292557111275	1007108	0.43291643915492234	0.44591745504529934	0.4108743994676573	24428	0.1597953570117273	0.1597953570117273	0
0.8201915991156964	2476654	0.6335024483802297	0.6363780808140119	0.43172688253207797	23958	0.23469513869653955	0.23469513869653955	0
0.8126995824121838	1682622	0.6125135904815299	0.6173669205245119	0.4420392260696233	24604	0.25569681689294427	0.25569681689294427	0
0.8506509457135839	1218310	0.5476832228406312	0.5564875500701856	0.39985492581622256	25574	0.20633120236426014	0.20633120236426014	0
0.79746990911324	3670608	0.6024243253069043	0.604885829894043	0.4460215760360166	24116	0.13953724056200387	0.13953724056200387	0
0.8307541144681896	998978	0.5942370897962522	0.6047436295700442	0.40860025264677186	23726	0.2593275561670935	0.2593275561670935	0
0.9250798329648735	1373784	0.6256303181909778	0.6318782819899487	0.40269325846470433	26764	0.21610891281882474	0.21610891281882474	0
0.7246376811594203	1268322	0.6477423124131269	0.6541218055849826	0.43937087575876727	21634	0.32973982750354675	0.32973982750354675	0
0.8185949398182265	1016538	0.47125129743536226	0.48400824866773834	0.4154431306494782	24550	0.19377568945388876	0.19377568945388876	0
0.8728813559322034	1656464	0.5996631822913642	0.6053638659160983	0.42545343003439023	25598	0.17816044570207903	0.17816044570207903	0
0.8354212724146401	1104080	0.5765275574967894	0.5843549100308619	0.42368780217398094	24110	0.25520058581635835	0.25520058581635835	0
0.8671088184721198	1040308	0.5070777891013474	0.5183067067458488	0.4167393289077374	25570	0.24339811982866524	0.24339811982866524	0
0.9183247359371162	1835798	0.5384158991481108	0.5451049832904266	0.43580671668196763	27010	0.19771933313079626	0.19771933313079626	0
0.8876197494473103	1189898	0.4909682563975952	0.4992586738128073	0.42193646883910824	27076	0.1899104256353641	0.1899104256353641	0
0.8785310734463276	1774502	0.6539623407952201	0.6600949410657132	0.4272226730329467	25816	0.1928302346149007	0.1928302346149007	0
0.8318594939818227	1143252	0.5379935596365436	0.5481383860600832	0.42287949671711367	23936	0.2394927996657421	0.2394927996657421	0
0.8126995824121838	1318746	0.563428109849016	0.5686094974313705	0.4250149661897878	23036	0.23044080838187733	0.23044080838187733	0
0.8678457381478752	2542090	0.6162117083387574	0.6228798275075224	0.4233860322541388	25728	0.1930550491534447	0.1930550491534447	0
0.8343158929010072	2168252	0.5892302524737736	0.5968682986782948	0.44785824301655386	24274	0.2563206292956279	0.2563206292956279	0
0.8725128960943257	2355580	0.5863914260766745	0.5894063655771191	0.4333305673383325	25690	0.18217034340698182	0.18217034340698182	0
0.8328420535494965	1644456	0.6087909516149538	0.6114538026483815	0.4444743174939647	24852	0.23535868708881358	0.23535868708881358	0
0.802996806681405	1635150	0.539684656770329	0.5466627037532633	0.4320117674816253	22684	0.16510192416159228	0.16510192416159228	0
0.850159665929747	2297332	0.544212144784159	0.5484564729181871	0.4455092665708125	24756	0.21773749169109802	0.21773749169109802	0
0.8351756325227218	1710212	0.5963977603649084	0.599830651139414	0.4509800149444741	24878	0.22338932544796777	0.22338932544796777	0
0.8082780643576517	2338556	0.6323401053596975	0.6385267057064777	0.42535633086398317	23506	0.20407704949251324	0.20407704949251324	0
0.8651436993367723	1083976	0.5241594243113873	0.5374474553298968	0.40210583713380604	24546	0.2264671964849847	0.2264671964849847	0
0.866617538688283	2395524	0.6174807907168428	0.6222754676732286	0.437780827402977	25352	0.20378099370785965	0.20378099370785965	0
0.7013018914271678	952472	0.6048078494531764	0.6091438856974586	0.42729208505224653	20846	0.3006013878801142	0.3006013878801142	0
0.760746745271432	591602	0.5403989343116179	0.5508930428703492	0.40205201319803024	21700	0.33101609117556224	0.33101609117556224	0
0.8488086465241955	3120122	0.6518208830170249	0.6539352392489897	0.4551411187568694	25850	0.15668672099298175	0.15668672099298175	0
0.8201915991156964	752394	0.5172046324247291	0.5250378999753634	0.4020492864942537	23708	0.25822100941909354	0.25822100941909354	0
0.8613362810120364	2115566	0.5810639336528102	0.5879053480729084	0.4272425881507622	25016	0.17131010782687162	0.17131010782687162	0
0.7977155490051584	1276094	0.6206655485608126	0.6268554390073111	0.43343951237144	23430	0.2838503575467792	0.2838503575467792	0
0.8426676492262344	1473102	0.5781507167102165	0.5847139232208374	0.4155932633837996	24042	0.24887103329690885	0.24887103329690885	0
0.7580447064603292	1267428	0.6066520417040101	0.6120415571166479	0.4240415645500835	21508	0.28937273586845885	0.28937273586845885	0
0.8895848685826578	1205068	0.6457453288191753	0.6498681120782565	0.41075031297721387	25764	0.2903375689518511	0.2903375689518511	0
0.8965856055023336	1130908	0.5612458976225267	0.5686785654725818	0.41320396920115243	26500	0.21505769483393175	0.21505769483393175	0
0.8651436993367723	953076	0.5513710433546191	0.5569346713033582	0.41079967903933284	24444	0.25226562498409516	0.25226562498409516	0
0.8743551952837141	1058514	0.5899515452294373	0.5970293819931636	0.39332463434845466	25240	0.20472757520815696	0.20472757520815696	0
0.8726357160402849	1396592	0.5101453088144602	0.517797848532876	0.43272717057943266	25952	0.1672614604285054	0.1672614604285054	0
0.8801277327437976	1424804	0.5615938384038587	0.5689759221823645	0.40480400206165407	25502	0.21006603320995132	0.21006603320995132	0
0.760746745271432	1000348	0.5369213075146139	0.5409944066690155	0.43164996379671106	22656	0.24679332207293248	0.24679332207293248	0
0.8709162367968558	2524128	0.6086503743636085	0.6137854014150576	0.4484861724657028	27446	0.17897221399112487	0.17897221399112487	0
0.877057234094817	2597174	0.5668284675038452	0.5728182742913245	0.4495441687571138	25870	0.1606515509976255	0.1606515509976255	0
0.9400638663718988	1146354	0.5157548190089365	0.5246417555741504	0.4149388201800544	27372	0.21949562317936103	0.21949562317936103	0
0.8693195774993859	975540	0.5648358394282352	0.5747270602975166	0.4103688478718042	25608	0.25859551911521267	0.25859551911521267	0
0.822156718251044	2320100	0.6194282071018697	0.6250300798934838	0.44183108820555966	24678	0.1684672339589843	0.1684672339589843	0
0.7677474821911079	895890	0.49557018878608233	0.5007556213321563	0.39999845173727605	20960	0.19444575102701403	0.19444575102701403	0
0.8129452223041022	858868	0.521083851868475	0.5317087780460749	0.41152140386837427	23652	0.26322065447033316	0.26322065447033316	0
0.8651436993367723	864452	0.5112007512261219	0.5241120567260208	0.4060328910924933	25234	0.21201106982428164	0.21201106982428164	0
0.8145418816015721	872242	0.5361060332547521	0.5438059504308166	0.39014079217009723	22064	0.24891049868894857	0.24891049868894857	0
0.7802751166789487	1352686	0.6066550192507781	0.6100317607626424	0.43032727187334746	22894	0.2507394675937777	0.2507394675937777	0
0.8386145910095799	1075368	0.6321891679954205	0.6392290029017152	0.4170279420807146	23070	0.30794156698796904	0.30794156698796904	0
0.8192090395480226	1303222	0.6156881609054001	0.6192410608847888	0.43498955792478416	23988	0.2793105068694143	0.2793105068694143	0
0.8827069516089413	2400308	0.6399868360872131	0.6440295895045923	0.4346486212172586	25736	0.2164278319977765	0.2164278319977765	0
0.8651436993367723	1701982	0.5778507963508318	0.5854332871133445	0.4328004858484355	25852	0.1826236611576224	0.1826236611576224	0
0.8201915991156964	1299608	0.6142488742861348	0.6208667114275094	0.39659514367491205	23592	0.23081101622449093	0.23081101622449093	0
0.8983050847457628	1079584	0.5396768019942876	0.5523089294712207	0.41103926321872103	25332	0.2547160011449366	0.2547160011449366	0
0.8495455661999509	1142410	0.6043756442400656	0.6102631197174001	0.3913327973358028	24764	0.2243197085068184	0.2243197085068184	0
0.8133136821419799	1922338	0.6362129155840021	0.6431533649207268	0.42310980965634054	23854	0.18286130340176462	0.18286130340176462	0
0.7602554654875952	1582828	0.5948897129885736	0.6041966433496889	0.42745365115458717	22462	0.18142837253516286	0.18142837253516286	0
0.8742323753377549	1408050	0.6164695474460321	0.622974322235741	0.42734479810848547	25324	0.2598252629364722	0.2598252629364722	0
0.9175878162613609	1799268	0.5921185254078482	0.5998148653780735	0.41817233608412024	26794	0.21981144118347393	0.21981144118347393	0
0.8576516826332596	1490920	0.4969868188358831	0.5048665640217237	0.43323615721491876	25376	0.1780414657998102	0.1780414657998102	0
0.8426676492262344	729412	0.5379335074058703	0.5493524379911484	0.39199290290592703	24858	0.2545681118753418	0.2545681118753418	0
0.8216654384672071	2014688	0.5525246960945576	0.5601446542128014	0.4360495079906952	25138	0.16486872736546912	0.16486872736546912	0
0.827683615819209	1116146	0.5012195511398442	0.5122667148980476	0.40930753989452784	23050	0.1976534870916832	0.1976534870916832	0
0.8169982805207565	2664728	0.5893364852849042	0.5916914753543313	0.4426132071467632	24504	0.1939174559433174	0.1939174559433174	0
0.8651436993367723	1294016	0.5953339328118525	0.6001474575801382	0.42951591174769493	24770	0.26813497915676715	0.26813497915676715	0
0.8878653893392287	2101798	0.6065408936729187	0.6127909116852078	0.4071269550165863	25460	0.17949132614746877	0.17949132614746877	0
0.827683615819209	818964	0.5225491318505343	0.5341041072656304	0.4013904777307755	23330	0.27969866593955367	0.27969866593955367	0
0.9175878162613609	2409464	0.54249754369885	0.5505842526763436	0.4300041353543696	27010	0.15044457709822315	0.15044457709822315	0
0.8726357160402849	1753800	0.5854052820010595	0.5890240910607065	0.4202863505972261	25878	0.1877540335804965	0.1877540335804965	0
0.9100957995578483	736622	0.5810175302611221	0.5940232796370077	0.3774954860166702	25374	0.2681389287568722	0.2681389287568722	0
0.9444853844264308	1112336	0.6028614225443295	0.6098354199238682	0.3942774160637948	27488	0.2248871984601514	0.2248871984601514	0
0.8081552444116924	683828	0.43928639445789724	0.4513438054448162	0.4066352266959194	23060	0.24105647524778895	0.24105647524778895	0
0.8576516826332596	674094	0.4150861814058789	0.4286232310464275	0.3801438463040147	23790	0.15645089921091326	0.15645089921091326	0
0.9100957995578483	978672	0.4336845354527794	0.45018558083589116	0.40961183384808114	26898	0.1381521396891274	0.1381521396891274	0
0.8259641365757799	1309814	0.43641169913447125	0.44946129574100446	0.4177235914732457	23084	0.13911918606337767	0.13911918606337767	0
0.8362810120363547	1434964	0.5047773987841333	0.5116155080059518	0.4120950891678401	25492	0.17824849671647047	0.17824849671647047	0
0.8126995824121838	1442192	0.557374059126507	0.5630811556615856	0.4437688698085984	23824	0.2645090587574333	0.2645090587574333	0
0.8333333333333334	1297684	0.5707981568211346	0.5780997149086325	0.41746560384988146	23616	0.2163949180272733	0.2163949180272733	0
0.8351756325227218	1042132	0.5784550330104518	0.581750013043951	0.42091214059616977	23946	0.26248236647092044	0.26248236647092044	0
0.8204372390076149	916506	0.5755976211972001	0.5854229144662192	0.3997822199653241	23234	0.2801871099882455	0.2801871099882455	0
0.883075411446819	1156332	0.5734548053321413	0.5798333926664064	0.4071932427662866	25410	0.2039271334007731	0.2039271334007731	0
0.7752394988946205	1093656	0.5092177520714085	0.5192409361729716	0.4257488671153559	22938	0.21311402986044595	0.21311402986044595	0
0.8505281257676247	1324654	0.5282994017308847	0.5367048805367775	0.4059791902362025	24386	0.16311163727221648	0.16311163727221648	0
0.8311225743060673	737928	0.5622739200792095	0.5709288206231348	0.3974690535967011	23488	0.25265680958502573	0.25265680958502573	0
0.8635470400393024	3455866	0.628362479794096	0.6319148012250386	0.44364740215254156	25806	0.16687853321836676	0.16687853321836676	0
0.8909358879882093	1656204	0.5993875802831176	0.6044092909422331	0.4347556621722147	26158	0.2571586965135967	0.2571586965135967	0
0.8726357160402849	752990	0.5695228463152834	0.5774173670645486	0.3940212227776534	24316	0.27903641000448504	0.27903641000448504	0
0.8819700319331859	1744890	0.5796832209332822	0.584655767491699	0.44305332154273763	26140	0.25144470063841123	0.25144470063841123	0
0.8351756325227218	1097408	0.5623168440873618	0.5722322467875175	0.4196494268019367	24342	0.26974476562590183	0.26974476562590183	0
0.8801277327437976	3026698	0.6432028652057523	0.6446044872259584	0.426866607620728	26216	0.14190079375926645	0.14190079375926645	0
0.9253254728567919	2111020	0.5876208765813989	0.5951466340691999	0.41282572595271855	27046	0.20137057660001798	0.20137057660001798	0
0.850159665929747	1349794	0.5491902971572313	0.5538768957777126	0.4228952401764217	24536	0.2964325459863398	0.2964325459863398	0
0.8115942028985508	3440878	0.6297352325794443	0.631720959017222	0.46496055802182673	24142	0.1965044298195856	0.1965044298195856	0
0.7602554654875952	1324446	0.6465366446583596	0.650529387182447	0.4332864942470136	23622	0.289569190999673	0.289569190999673	0
0.8440186686317858	1568702	0.5598419858070387	0.5643091374979322	0.4397267551832482	25962	0.1728456083304516	0.1728456083304516	0
0.829280275116679	2306404	0.6197733598508656	0.6219442248280223	0.4519147558757028	24934	0.2082975543998313	0.2082975543998313	0
0.750307049864898	1716898	0.6061813959367746	0.608940159388322	0.44243455083370026	21816	0.20559524280040586	0.20559524280040586	0
0.8876197494473103	1167438	0.552290737696734	0.5658351982641238	0.3940538192936854	25138	0.21502441688412563	0.21502441688412563	0
0.8515106853352985	3008020	0.6071671561163804	0.6098662670533996	0.4470872301805539	25266	0.17360942850047087	0.17360942850047087	0
0.8330876934414149	1322460	0.5840273943669607	0.5904245967218654	0.41302495881593154	24888	0.19049135424721206	0.19049135424721206	0
0.8653893392286908	1040408	0.5562926263196103	0.5631896512602675	0.41718269698622273	24256	0.24684664108341337	0.24684664108341337	0
0.8063129452223041	3634310	0.6503125307615859	0.6512062020916186	0.43957052453683737	24040	0.15811984793600334	0.15811984793600334	0
0.8149103414394497	1243966	0.6261684838032946	0.6323214571273107	0.42506230806787637	23178	0.25347887911983663	0.25347887911983663	0
0.8426676492262344	1137006	0.6080189245630944	0.6144565108967436	0.4236721187465049	24212	0.27302372416748005	0.27302372416748005	0
0.6408744780152297	615274	0.5920908997098046	0.5994179883689066	0.42119452624695364	18822	0.30577342542088254	0.30577342542088254	0
0.8279292557111275	795752	0.4784074268023549	0.4897858877638018	0.4141627186451295	24344	0.21268232079075247	0.21268232079075247	0
0.8651436993367723	1171272	0.5486381532906509	0.5588302597034288	0.41544633321073765	24748	0.23509029463150444	0.23509029463150444	0
0.9400638663718988	795888	0.49910348827979695	0.5138920358306527	0.38703180399012865	25746	0.20596045969237112	0.20596045969237112	0
0.7646769835421272	1193236	0.5841428155260707	0.5939001699951997	0.42888793939854736	22460	0.2600626021364376	0.2600626021364376	0
0.7842053549496438	956610	0.41342338685117436	0.42505466159210886	0.4304859637263679	22868	0.24456491673315287	0.24456491673315287	0
0.8209285187914517	1711698	0.5695972502546433	0.5758230902102018	0.43475206152968476	24716	0.25049911569801336	0.25049911569801336	0
0.805207565708671	980454	0.5654601651142386	0.5734339239270317	0.40711827944002255	23136	0.2549611668557245	0.2549611668557245	0
0.8351756325227218	972666	0.4876611350672593	0.49860186107359517	0.41610223960854054	24982	0.21735966990323194	0.21735966990323194	0
0.7902235323016458	739632	0.5166566424034894	0.5228994550148592	0.4047263531268926	23134	0.27068168199806164	0.27068168199806164	0
0.7617293048391058	1642778	0.5664984009072319	0.5718655480534941	0.4415958249261543	22950	0.1766651680146514	0.1766651680146514	0
0.8634242200933432	1406558	0.5784873071796485	0.5860488306438533	0.42317061723992627	25368	0.22446522597030963	0.22446522597030963	0
0.778801277327438	1059348	0.6013274627132702	0.6094982372987435	0.42264514480340876	23604	0.2878476699603833	0.2878476699603833	0
0.7902235323016458	2189914	0.6080707929825113	0.6147326044545932	0.4432842042831035	23974	0.21986057456805067	0.21986057456805067	0
0.7677474821911079	1355954	0.4980366979101217	0.5035361286518191	0.42313941891878576	22528	0.17573262414369725	0.17573262414369725	0
0.9115696389093588	1520766	0.5654786542123754	0.5727674643964692	0.42930861012846827	26936	0.2175785366938997	0.2175785366938997	0
0.7827315155981331	844678	0.5738914351258929	0.5801913813364935	0.425471767639834	23116	0.2910308697064834	0.2910308697064834	0
0.8477032670105625	2686250	0.6286833278034573	0.6346049542939605	0.43270162590028366	24898	0.17494872098138267	0.17494872098138267	0
0.8484401866863178	2335098	0.6196871488171697	0.6210663257466036	0.44964289381093536	26206	0.18555974611263296	0.18555974611263296	0
0.8355440923605993	1294362	0.5661741435082029	0.5700712993374141	0.42881339177747746	24218	0.22964147627776085	0.22964147627776085	0
0.6911078359125522	1557950	0.5976472856293946	0.5992438135198249	0.4401215826420761	20118	0.2005214831423161	0.2005214831423161	0
0.8597396217145664	803084	0.5832630852172037	0.5897285091433925	0.41991316884116286	25526	0.2951618981535292	0.2951618981535292	0
0.9040776222058462	1509730	0.5217344827882969	0.5293443764082971	0.43783145097793086	26974	0.1930526837111115	0.1930526837111115	0
0.861704740849914	1625960	0.6147015319338681	0.6179275770818807	0.4253341389715548	24382	0.22217163264653017	0.22217163264653017	0
0.7806435765168264	1298530	0.5977305929946293	0.6006902128263498	0.4115247618005799	23108	0.2691433990611564	0.2691433990611564	0
0.8516335052812577	913994	0.5381465930556719	0.5448592901088679	0.40942384170495477	25474	0.24242230368815046	0.24242230368815046	0
0.8726357160402849	2691548	0.6156376142814107	0.6194515402647667	0.4308907994447624	26094	0.2109480086381755	0.2109480086381755	0
0.8108572832227954	1444348	0.5408460371042226	0.5443666465561469	0.4356593451824111	23976	0.20872937368791075	0.20872937368791075	0
0.8410709899287644	2685652	0.649875854329564	0.6533572824745589	0.4413808976036395	24656	0.16172078903832282	0.16172078903832282	0
0.8929010071235569	2047544	0.6236334995404802	0.6267156243967699	0.4283887312525197	26554	0.21118130085347422	0.21118130085347422	0
0.6928273151559814	901262	0.5608098056430396	0.5651605350554009	0.43252707633051823	20488	0.26764668656484847	0.26764668656484847	0
0.8065585851142225	2612112	0.5797656726193049	0.583444786669863	0.45788125779773087	24014	0.21705374187822016	0.21705374187822016	0
0.8505281257676247	997344	0.5691400789286932	0.582747735204002	0.4053921005845038	24488	0.2527923540575982	0.2527923540575982	0
0.914394497666421	1485342	0.49784607434858735	0.5050839521739509	0.4350705972316597	27090	0.1554229728493939	0.1554229728493939	0
0.881478752149349	2034980	0.6289828182727913	0.6346716595009637	0.4299167085584996	25966	0.17198360747745908	0.17198360747745908	0
0.7246376811594203	2242254	0.6617038294998461	0.6648427756410779	0.44166813787641984	21584	0.26656872242646207	0.26656872242646207	0
0.9274134119380988	1567410	0.5707751695075981	0.5776474940045708	0.3962313584417591	27614	0.1983982620993081	0.1983982620993081	0
0.7979611888970769	757826	0.46389489582432547	0.4742869139512264	0.41411575889680746	23714	0.25239258186181057	0.25239258186181057	0
0.7752394988946205	692082	0.4620808030218692	0.47081971294994646	0.4061165205205404	22660	0.20910414561223448	0.20910414561223448	0
0.8801277327437976	806580	0.4686007622936	0.4801136603484077	0.39837216826057315	25664	0.22264273388386213	0.22264273388386213	0
0.850159665929747	2545886	0.6136405014651612	0.6179831073598143	0.45074384651195554	25904	0.21229866186772547	0.21229866186772547	0
0.857897322525178	1078448	0.5243934615448852	0.5312706384644496	0.40965638881282307	24834	0.208797898853288	0.208797898853288	0
0.7008106116433308	875238	0.45473838560625274	0.46052110755971665	0.43500521004528503	21350	0.2194596787880099	0.2194596787880099	0
0.8648980594448539	1207564	0.5735709062858677	0.5825867577377183	0.40929498092031036	25368	0.21599825050222246	0.21599825050222246	0
0.8429132891181528	806718	0.5307436287648694	0.5396993276244877	0.4038305244520461	25392	0.23103375492242562	0.23103375492242562	0
0.8504053058216654	1048488	0.561749334738732	0.5709222002524995	0.3985743312136656	23426	0.20892064419045944	0.20892064419045944	0
0.9325718496683861	1611900	0.5719148168833869	0.5815608247435381	0.40682000536426144	27082	0.15372725119573707	0.15372725119573707	0
0.9223777941537705	1986330	0.6269553609401278	0.6314381664083276	0.4112557477625376	26806	0.17785725813299547	0.17785725813299547	0
0.8377548513878654	1196038	0.525720200303447	0.5319552174548666	0.42460810795784737	24790	0.22008745926129614	0.22008745926129614	0
0.8201915991156964	1072242	0.5235614318865258	0.5350875386698447	0.4247566556174411	23946	0.17938027270124926	0.17938027270124926	0
0.8653893392286908	1192328	0.5517216399650894	0.5598087190774125	0.4127354831207713	25732	0.1908911046044496	0.1908911046044496	0
0.7075657086710883	1124782	0.6425411791428073	0.6453784655284643	0.43197432704483285	20270	0.2746371147273783	0.2746371147273783	0
0.9265536723163842	1177016	0.5497191123836042	0.5601495151881398	0.3973653423657326	26412	0.22165948523403123	0.22165948523403123	0
0.850159665929747	1464952	0.5650152826949469	0.5708530393360073	0.4370701783353848	25602	0.24298203631706253	0.24298203631706253	0
0.7726602800294768	1317178	0.5089634007481265	0.5134125023511552	0.4266558571783188	22628	0.19259648952192643	0.19259648952192643	0
0.8726357160402849	1591422	0.527844137862983	0.5339867644533055	0.44412246934466165	26764	0.18394690558508245	0.18394690558508245	0
0.8650208793908131	1552942	0.5399757667893954	0.5438608516235955	0.43095509591231934	26208	0.1851810486055608	0.1851810486055608	0
0.7977155490051584	950520	0.43359138843928896	0.44529768001912867	0.4107795374163919	23214	0.18815349351744504	0.18815349351744504	0
0.8720216163104888	2159514	0.6003227753405728	0.6061640636975001	0.4324893116172622	25854	0.2297938526644211	0.2297938526644211	0
0.7181282240235815	1299234	0.5306495681169466	0.5334252025748513	0.4391531139976725	21384	0.23200201906987428	0.23200201906987428	0
0.8728813559322034	2490520	0.6038250520672926	0.6095267680039393	0.422880968094376	26250	0.22646780861603924	0.22646780861603924	0
0.8506509457135839	1744160	0.5704554071956153	0.5792604203278718	0.4280831516747385	25834	0.20877915438706315	0.20877915438706315	0
0.835912552198477	1594376	0.6042871692289322	0.6102073552515227	0.4296458972120829	25176	0.20588389410599475	0.20588389410599475	0
0.7227953819700319	2997762	0.6426001440535404	0.6434028094015555	0.461653189252121	22446	0.20711638604732827	0.20711638604732827	0
0.7851879145173176	2127016	0.6058972899967903	0.6149707681079923	0.42300070786196736	23922	0.21452315163866817	0.21452315163866817	0
0.8878653893392287	1292640	0.5804905208095011	0.5877886590498569	0.4248480158261812	26586	0.21564314631496342	0.21564314631496342	0
0.8785310734463276	1683650	0.5946742286550418	0.6012449597234152	0.4175394579408238	25594	0.20706400692205137	0.20706400692205137	0
0.8576516826332596	1086654	0.45965261480282643	0.46713577537312595	0.42598914528184145	24556	0.19920568434782682	0.19920568434782682	0
0.7736428395971506	2060330	0.5993139739326898	0.6045216281402613	0.4385765907325298	22504	0.21811749793848356	0.21811749793848356	0
0.8429132891181528	1469954	0.5639036887984045	0.569300971566453	0.42527901364273707	24434	0.23829333201976188	0.23829333201976188	0
0.8350528125767624	1054036	0.5157365048208878	0.5259944030339428	0.4216914191225753	23612	0.25072542252014834	0.25072542252014834	0
0.827683615819209	847724	0.5784351797492862	0.5866033920978334	0.4186236607962868	23862	0.2879604113501795	0.2879604113501795	0
0.736551215917465	1046626	0.5255174503409252	0.5304891785230079	0.42550130371429384	21530	0.23488455113712756	0.23488455113712756	0
0.827683615819209	1341600	0.6237823049787669	0.628565473112175	0.4127637678925393	24434	0.24663225641475459	0.24663225641475459	0
0.9250798329648735	1216584	0.5236437169318308	0.533704642286807	0.419180302806795	27712	0.22517639852191773	0.22517639852191773	0
0.8997789240972733	2182840	0.6058523751572197	0.6121634981156898	0.429506986449447	27186	0.1949436289635991	0.1949436289635991	0
0.9070253009088676	1802798	0.5319690796510098	0.5393455424945894	0.42481857279421137	27230	0.21907515407249814	0.21907515407249814	0
0.8876197494473103	1539384	0.45652963749817915	0.464233953405873	0.4187769445498934	26342	0.1752675074121193	0.1752675074121193	0
0.7902235323016458	922428	0.47334924564093916	0.4840461868871972	0.4121769975691502	23220	0.21433605404541822	0.21433605404541822	0
0.8333333333333334	1130424	0.6005946240630822	0.6070218198678035	0.4135813983154056	23958	0.23659407438186178	0.23659407438186178	0
0.8780397936624907	2322270	0.6070175507243082	0.6117824685760093	0.44154674888137996	26564	0.1393819370266969	0.1393819370266969	0
0.9190616556128716	1815550	0.5322749497670624	0.5370004583035726	0.4284114460076142	27988	0.20211184239833055	0.20211184239833055	0
0.8893392286907393	2170176	0.5637109236481206	0.5675475824927217	0.4397848913164057	27592	0.1778857278091374	0.1778857278091374	0
0.857897322525178	831104	0.490537250116365	0.49839905146446234	0.40429241808247207	24996	0.2362764980738564	0.2362764980738564	0
0.9026037828543355	2095258	0.6362821610416095	0.6435441741763863	0.3979895494569468	25998	0.2102917317684528	0.2102917317684528	0
0.8739867354458364	2483392	0.5988015904771434	0.6068856199842606	0.4145731512504523	26220	0.1592354386997595	0.1592354386997595	0
0.850159665929747	1402526	0.5323509633496791	0.5378149088805683	0.4230297820698085	25632	0.19926426208219572	0.19926426208219572	0
0.8994104642593957	3489524	0.6225834190360305	0.625935657628254	0.45409203485292643	26794	0.1939862389225132	0.1939862389225132	0
0.9057971014492754	1787526	0.5306783427254071	0.535864999628866	0.4353511442394225	27758	0.1724404252116626	0.1724404252116626	0
0.8126995824121838	1312666	0.5231359894221588	0.5277095970797477	0.4448605999750597	23866	0.20331321848580763	0.20331321848580763	0
0.7990665684107099	1571656	0.5417630273175539	0.5472743654132736	0.4303556227791194	22610	0.21722449849677186	0.21722449849677186	0
0.9324490297224269	1328988	0.5346228052621365	0.5444942641583844	0.3984004781223565	27640	0.15519498972524393	0.15519498972524393	0
0.8651436993367723	759578	0.4782204931202414	0.4909686607710532	0.4096302556591736	24180	0.24382083532816104	0.24382083532816104	0
0.8716531564726111	2507316	0.6151892843508387	0.6209237376448721	0.41984781175659314	26122	0.20387013406203291	0.20387013406203291	0
0.7757307786784574	1371162	0.5536318209694041	0.5609257584428123	0.4244604435059412	22678	0.18353807621369392	0.18353807621369392	0
0.7272169000245641	709028	0.4882604060751023	0.4957747297416935	0.41483094303288603	21212	0.2957834737334855	0.2957834737334855	0
0.9070253009088676	3039732	0.5855567251532082	0.5905259771515435	0.4367671695352899	27384	0.16140612332137325	0.16140612332137325	0
0.8351756325227218	2497566	0.5631717697768899	0.5665739757752003	0.4487844724720431	25294	0.1772616312006092	0.1772616312006092	0
0.9026037828543355	5083186	0.6858369519991445	0.6862188385513696	0.45907959113605573	27436	0.1542229290084686	0.1542229290084686	0
0.8556865634979121	2047026	0.6124275695190279	0.6146032467273802	0.43460007645914245	25608	0.21438290504509117	0.21438290504509117	0
0.8426676492262344	1686250	0.5745706458631827	0.5807510295679766	0.42751439291600324	25064	0.18051268296194958	0.18051268296194958	0
0.8133136821419799	1212576	0.5198358450523598	0.5238867024345286	0.41248998338493476	22640	0.2474038799576356	0.2474038799576356	0
0.843036109064112	1231770	0.5295764876051711	0.5409083561376005	0.42088590423850025	25024	0.19678486521867988	0.19678486521867988	0
0.7918201915991157	1385736	0.6192724514626035	0.6234164210578655	0.41870859685041545	22640	0.23079884399235698	0.23079884399235698	0
0.7602554654875952	972646	0.6197809230206918	0.6242723623569938	0.4233732424710311	22690	0.2865736895912477	0.2865736895912477	0
0.827683615819209	956866	0.6231836386519408	0.6329850860438372	0.41429372778772117	23272	0.3285328995581452	0.3285328995581452	0
0.8669859985261607	1157908	0.5391163119148342	0.5458570565990458	0.40863496649812636	25476	0.22637545964096084	0.22637545964096084	0
0.8338246131171703	1348580	0.5919192640623705	0.6016526681828683	0.39974381075810705	24132	0.1787657267106367	0.1787657267106367	0
0.803488086465242	937274	0.42530075066294587	0.4335638744884572	0.42294119526761437	24546	0.15942461255724852	0.15942461255724852	0
0.8206828788995333	1148898	0.5511983678978852	0.5601359277942272	0.4265081389170024	24092	0.22173107054991822	0.22173107054991822	0
0.8547040039302383	1053954	0.5112789687482532	0.5205133764860589	0.42105272741985306	24680	0.22105018248320385	0.22105018248320385	0
0.862810120363547	1661862	0.5753782181431676	0.5812172720820549	0.43899089167384814	26246	0.23116006723071947	0.23116006723071947	0
0.8410709899287644	2421910	0.5741956499773003	0.5806349195610397	0.4258083768720098	24948	0.1444672957206388	0.1444672957206388	0
0.7732743797592729	1943364	0.5573485207536467	0.5629997826138381	0.44161655404220307	23678	0.209807464833627	0.209807464833627	0
0.9253254728567919	1698118	0.5364472429187371	0.5445834993507549	0.4053660754293569	26740	0.17525170534049792	0.17525170534049792	0
0.8086465241955294	1375628	0.5922623780892838	0.5969911644987826	0.4216486339400167	23684	0.1718416727920132	0.1718416727920132	0
0.8726357160402849	2284904	0.5933262170355805	0.5990017689142775	0.4398897606936265	26196	0.1668018763205038	0.1668018763205038	0
0.805207565708671	1842752	0.5827584730298204	0.5865823330596631	0.4360083654755726	23734	0.16061849256213528	0.16061849256213528	0
0.805207565708671	729106	0.5489161363193854	0.5596168577024022	0.40576457189058196	22170	0.3119767536195061	0.3119767536195061	0
0.7856791943011545	1430182	0.6230858433494278	0.6277371356218499	0.42794880734866636	23562	0.23635197162940602	0.23635197162940602	0
0.8905674281503316	1470222	0.5961403768234091	0.5993143865253732	0.4260175734549343	27038	0.2353156998372039	0.2353156998372039	0
0.9250798329648735	1002340	0.5231839742732282	0.5352135348040192	0.39419538602419196	26926	0.2007579669451466	0.2007579669451466	0
0.8576516826332596	1603166	0.6071226583320053	0.6122125752280219	0.43108661449760266	24658	0.18703945700270772	0.18703945700270772	0
0.850159665929747	1562908	0.5745895105609929	0.5777064304203922	0.3950157194808717	23990	0.2230064203543357	0.2230064203543357	0
0.8381233112257431	2736170	0.538860890120692	0.5413125384663461	0.4545526978200683	25540	0.15203386204418395	0.15203386204418395	0
0.8576516826332596	1404140	0.5318949864226047	0.5382888102495857	0.4264042076740005	25560	0.22755289178234564	0.22755289178234564	0
0.9253254728567919	1197816	0.50511068749654	0.515319424736966	0.40686946494971094	26864	0.20353159235648444	0.20353159235648444	0
0.8138049619258167	1442706	0.6547986061841252	0.6587121182338921	0.43223584741864585	24354	0.2491531810514002	0.2491531810514002	0
0.7232866617538689	670302	0.4458012395606045	0.4578460847971517	0.4162387502137504	20474	0.24238920712951317	0.24238920712951317	0
0.7227953819700319	729200	0.5368020223860229	0.5427204524266198	0.4153561450198666	21538	0.25880118352085374	0.25880118352085374	0
0.9026037828543355	2238740	0.6479832613784346	0.6519163107626498	0.4277039583533817	26020	0.24381103654394556	0.24381103654394556	0
0.8426676492262344	1648834	0.5748656239176076	0.5823000343892376	0.42567634894233786	24310	0.1781246073072187	0.1781246073072187	0
0.807909604519774	2858676	0.6023249422026776	0.6039659933539865	0.4436558163687691	23754	0.12491803408430298	0.12491803408430298	0
0.9010071235568656	2513740	0.5991301828883876	0.6064874598327173	0.41889563005510905	27034	0.1750614288646094	0.1750614288646094	0
0.8893392286907393	2831914	0.6542393580064798	0.6592450750091613	0.4160770985858108	26776	0.17198750557985343	0.17198750557985343	0
0.8491771063620732	1794038	0.610199347466852	0.6142883787736068	0.43954828211920655	25428	0.24708551993105574	0.24708551993105574	0
0.7902235323016458	809470	0.581721248691284	0.5909886480681966	0.3945050791431079	21904	0.28942843463384754	0.28942843463384754	0
0.8490542864161139	2677664	0.6331512150489106	0.6386374787647121	0.4303229017636096	25676	0.19517518714162882	0.19517518714162882	0
0.8979366249078851	2518642	0.6035543940298761	0.6091709788436633	0.42381716772832995	26460	0.16171130035843106	0.16171130035843106	0
0.9075165806927045	3093826	0.5952426761951356	0.5997185261067774	0.44921924284294196	27532	0.21337123780444256	0.21337123780444256	0
0.8726357160402849	1094074	0.5369342257320128	0.5469055980104279	0.409146566212743	25246	0.2115569509939045	0.2115569509939045	0
0.8576516826332596	1312784	0.5164305825584736	0.5234155862875786	0.4304340509587386	25074	0.2031272193864997	0.2031272193864997	0
0.7979611888970769	1018272	0.3819357542231335	0.39232067106132185	0.42478101347106184	22342	0.1362876065650002	0.1362876065650002	0
0.8876197494473103	2037758	0.6268345087640774	0.6320969390207346	0.44288334338850016	26844	0.18954043725366268	0.18954043725366268	0
0.8529845246868091	2344162	0.624021126304048	0.6299274730293425	0.4292015279134021	24918	0.18152945996896483	0.18152945996896483	0
0.8590027020388111	2595268	0.5529065686581175	0.5597920049592316	0.4433718892213163	26756	0.1842060589487334	0.1842060589487334	0
0.7347089167280767	837886	0.5822015184542545	0.587647480950808	0.4207499859786917	21186	0.31478399307697524	0.31478399307697524	0
0.8216654384672071	1920082	0.5792817133702847	0.5850950219976488	0.45106216658497295	24520	0.18766005432027344	0.18766005432027344	0
0.7756079587324982	1840538	0.6371417875457897	0.6408361736316083	0.42717917224596375	22972	0.24017357905380873	0.24017357905380873	0
0.8494227462539916	1417152	0.5940615020197557	0.5989631551681298	0.4254913169996973	24904	0.24552001970652226	0.24552001970652226	0
0.760746745271432	1350818	0.5929055953326475	0.6003554186228716	0.42866651793092575	22408	0.24543125711562816	0.24543125711562816	0
0.7752394988946205	2267356	0.5517366806935576	0.557104730512065	0.4393170216984567	23006	0.17818742814196795	0.17818742814196795	0
0.7532547285679194	1493582	0.4454361966685099	0.45168531379814847	0.42856998918127626	22060	0.16439456155049798	0.16439456155049798	0
0.7973470891672807	2300372	0.6046619967885914	0.6076238097990347	0.42850835816449945	22934	0.171311059800466	0.171311059800466	0
0.7752394988946205	771264	0.5533549947494373	0.5624550642593947	0.41231312441864	21974	0.28405085857334317	0.28405085857334317	0
0.79746990911324	1915758	0.5896434676040354	0.5940333035157876	0.448919746176533	23594	0.1652024917585775	0.1652024917585775	0
0.8531073446327684	1458530	0.627802660654769	0.6353535733636443	0.4345575915796353	24928	0.25507754228686935	0.25507754228686935	0
0.8204372390076149	927848	0.4744555925125786	0.48427459792432836	0.4131300233099275	24914	0.2073542439276598	0.2073542439276598	0
0.8355440923605993	1043602	0.5985659203888566	0.6049401875492548	0.39322414403564077	24366	0.2262736421343476	0.2262736421343476	0
0.8351756325227218	1066460	0.614220937510429	0.6251918525447596	0.4065109287492119	24460	0.2679681392506268	0.2679681392506268	0
0.7563252272169	1968720	0.5248751217435356	0.529652994609159	0.4534072484055158	23156	0.17552006097224848	0.17552006097224848	0
0.8426676492262344	1643162	0.582150702532464	0.5860416216905971	0.43567811499193976	24524	0.2423866734106315	0.2423866734106315	0
0.8755833947433063	2617070	0.6311220104197369	0.6360121356641947	0.43374079505016166	25772	0.15850134133299412	0.15850134133299412	0
0.7682387619749447	1232914	0.5633826974026127	0.5678091615843938	0.4306890572049515	21948	0.21911655797806687	0.21911655797806687	0
0.8201915991156964	2658394	0.6195766887577708	0.6222593506993773	0.4614050635665592	24950	0.21066738169151322	0.21066738169151322	0
0.8621960206337509	1432960	0.5750283359172305	0.579797625870751	0.4386871134284079	25528	0.22694827317871272	0.22694827317871272	0
0.7819945959223777	1047522	0.5724301027206561	0.5786897027353698	0.43006484595030253	23148	0.29586214203750916	0.29586214203750916	0
0.9084991402603783	1766394	0.5521882032853874	0.5565278541442433	0.4222577609303533	26166	0.1876871887984384	0.1876871887984384	0
0.8800049127978383	880834	0.4934449535158804	0.503941481224944	0.40741977096718696	25944	0.21653178011914376	0.21653178011914376	0
0.8515106853352985	1170034	0.5265291405486999	0.5336640968246077	0.4173162454230373	25282	0.19876103204717757	0.19876103204717757	0
0.677843281748956	967202	0.46787223382314336	0.47410697790060974	0.4287186056032582	20382	0.2253922338567096	0.2253922338567096	0
0.9130434782608696	1307196	0.6009874019992839	0.6080630267499421	0.4224884984347841	26510	0.25785031498089206	0.25785031498089206	0
0.8876197494473103	1315332	0.5489021427012489	0.5563468629571499	0.43000788498027537	25892	0.23232582164406912	0.23232582164406912	0
0.78322279538197	1302522	0.6006220778493604	0.6064628907298697	0.41236960927966876	22508	0.21688624597497705	0.21688624597497705	0
0.8742323753377549	1269396	0.5673032824275825	0.5716650315244115	0.4219089159352911	25346	0.2930279771088451	0.2930279771088451	0
0.8426676492262344	1982562	0.545954098162902	0.5509423507973503	0.42396587074343	25158	0.17700560055504058	0.17700560055504058	0
0.8351756325227218	811444	0.4586496328971883	0.4704244444601174	0.39974423774054396	23974	0.22622178438581886	0.22622178438581886	0
0.7752394988946205	1981032	0.6737796230713666	0.6760291619907653	0.42529368981898324	21830	0.30548089136817913	0.30548089136817913	0
0.8801277327437976	2764374	0.6107734758217395	0.615865260906339	0.4242915007413591	26356	0.17491928204368212	0.17491928204368212	0
0.7961188897076885	1431698	0.552243512909404	0.5602567896714375	0.4226466729745734	24044	0.1822151358625984	0.1822151358625984	0
0.8700564971751412	858928	0.5556682050959778	0.5634371488291982	0.40380695170438896	25142	0.23150227500752743	0.23150227500752743	0
0.8771800540407763	1154868	0.5373252542624908	0.5465513681142837	0.412538884184854	25552	0.2216111694176083	0.2216111694176083	0
0.8876197494473103	1072842	0.5578313562359095	0.5654862467560483	0.4021938664325626	25360	0.22078870494946792	0.22078870494946792	0
0.7982068287889953	2611762	0.6245011546181414	0.6277311972529831	0.4276771160800965	23176	0.2076918453304061	0.2076918453304061	0
0.8576516826332596	1182004	0.5827954221776925	0.5864922400970362	0.41680798712381434	25708	0.23872994298302389	0.23872994298302389	0
0.7732743797592729	2368212	0.644470342770537	0.6479875927505226	0.4444719657276963	23186	0.2565408636043059	0.2565408636043059	0
0.844632768361582	3356890	0.6299188574696727	0.6329523267266205	0.45231933287195886	25686	0.1747329845568757	0.1747329845568757	0
0.8801277327437976	1227766	0.5228140377529601	0.5303954870411798	0.4129423112313227	26156	0.22395271606813816	0.22395271606813816	0
0.9026037828543355	1235398	0.546318428445594	0.5524538250809229	0.40993929299919213	26406	0.24784743294189418	0.24784743294189418	0
0.827683615819209	1445392	0.5736231799801653	0.5785886366145528	0.4244344742028088	24452	0.24910728784481762	0.24910728784481762	0
0.8721444362564481	1765308	0.599277206387837	0.6054304452952209	0.441420650339365	25502	0.20556745668692578	0.20556745668692578	0
0.880373372635716	2493794	0.5565963035996037	0.5629246037069539	0.42903888960443154	25360	0.16062581211165708	0.16062581211165708	0
0.7510439695406534	1587978	0.6208802456468574	0.6244937497389911	0.44295091812618215	21742	0.25288582535101195	0.25288582535101195	0
0.7977155490051584	790606	0.5720928430509966	0.580698215807593	0.406777612031276	23154	0.31248539944497106	0.31248539944497106	0
0.850159665929747	1209082	0.5548953923618117	0.5647112772723657	0.41286968093824544	25374	0.19451034879376075	0.19451034879376075	0
0.8860230901498404	1117018	0.5833229329690245	0.5888745794117358	0.41420391255043604	25872	0.23118138108466615	0.23118138108466615	0
0.8915499877180054	2227800	0.5865102625461801	0.5955699059274112	0.4191670210522203	26100	0.15259949923700666	0.15259949923700666	0
0.77057234094817	1510608	0.6021660576297543	0.6065061586134404	0.43528357780308014	22750	0.23652334899440206	0.23652334899440206	0
0.8785310734463276	3079724	0.6499598389909601	0.653467399293572	0.44147682428422463	26826	0.16215545880240526	0.16215545880240526	0
0.7889953328420536	2413206	0.6039206390139592	0.6059820945622905	0.4319266805003929	23326	0.1924869458361591	0.1924869458361591	0
0.9250798329648735	736532	0.5172319724338453	0.5305176569130375	0.395652394282677	25770	0.23889007727430367	0.23889007727430367	0
0.830385654630312	2057696	0.5726029035355069	0.5766680812541237	0.45749123377408174	25680	0.21264876302250404	0.21264876302250404	0
0.7682387619749447	1404106	0.573723018082239	0.5776732432159871	0.4291744557666057	23114	0.2301514073816537	0.2301514073816537	0
0.8201915991156964	1308278	0.48756349397812726	0.4938497971908518	0.42299792566337735	24412	0.2251529510995605	0.2251529510995605	0
0.8216654384672071	2178212	0.5730341662881903	0.5768616872945184	0.4554012115273845	24956	0.17117044854995725	0.17117044854995725	0
0.7767133382461312	1051506	0.5451452142259808	0.5523628262750344	0.40308372670953996	22534	0.22223263989386943	0.22223263989386943	0
0.902849422746254	1170282	0.5207838339923448	0.5284977660494017	0.4156548176964527	26616	0.2202063573938623	0.2202063573938623	0
0.9100957995578483	1227156	0.44412451767446554	0.45339649225795714	0.4168137922146827	26860	0.15812501613739255	0.15812501613739255	0
0.8782854335544092	1640380	0.57469897157586	0.5816255271759432	0.4166851860800682	25000	0.1744173359274761	0.1744173359274761	0
0.857897322525178	2147826	0.5845197621989395	0.5912269244700621	0.4284866804506647	25878	0.1998322309238797	0.1998322309238797	0
0.866617538688283	1997748	0.5650611422775752	0.5691294824834583	0.4279701539823986	24976	0.15616339794626438	0.15616339794626438	0
0.7977155490051584	2101628	0.6106612938657421	0.616601018487918	0.42567021673810984	23500	0.17680827509810562	0.17680827509810562	0
0.8845492507983297	1133428	0.4650113522288686	0.47166458760415847	0.4235858838817917	26014	0.200544351760063	0.200544351760063	0
0.8154016212232866	2590994	0.5234419046793234	0.5309657711098409	0.43718282432445027	24486	0.13814471496065187	0.13814471496065187	0
0.8219110783591255	973136	0.5896700597177217	0.5957414981355661	0.40798428239311774	23470	0.256421111379983	0.256421111379983	0
0.8965856055023336	1080872	0.48716668523495904	0.5011490453131721	0.3996026467638825	25804	0.20336282709155376	0.20336282709155376	0
0.805207565708671	1048536	0.5996374072842863	0.6041500012047721	0.4190337191847899	23674	0.2493013000702122	0.2493013000702122	0
0.7677474821911079	1501182	0.5809346950095212	0.5879923674868309	0.44299188676319573	22858	0.2737874451503199	0.2737874451503199	0
0.781012036354704	2281068	0.6119644857919787	0.6155232135681247	0.4458702068321301	23454	0.25273366392537366	0.25273366392537366	0
0.8364038319823139	1974272	0.6023166910349567	0.6045940888694828	0.4483215407186106	24454	0.18471780444131256	0.18471780444131256	0
0.8456153279292558	1407580	0.6191840602803999	0.6243291451549203	0.4266856471400393	24422	0.2286553227213474	0.2286553227213474	0
0.7635716040284942	2248698	0.6051112773283798	0.6078386455402461	0.4287859715761297	22638	0.24457129567458522	0.24457129567458522	0
0.8141734217636944	2040876	0.5464065390681364	0.5507420740579057	0.43461473254454996	24586	0.1498303484592567	0.1498303484592567	0
0.8515106853352985	1993506	0.6117375491629585	0.6144930276595633	0.4475862424406998	24918	0.17707928159727082	0.17707928159727082	0
0.7391304347826086	2019690	0.5942285847711338	0.6008297261063232	0.4215660946726861	21810	0.2012254665164989	0.2012254665164989	0
0.8351756325227218	1690210	0.5215885394911286	0.5297259904534803	0.4328170333242262	25530	0.18608745079171607	0.18608745079171607	0
0.8801277327437976	887302	0.5801139108775751	0.5839650241500677	0.4018025023302583	25430	0.2740930368488963	0.2740930368488963	0
0.8201915991156964	1057122	0.5745481394662074	0.5837015505053141	0.4068908417001819	23752	0.2597782959257423	0.2597782959257423	0
0.805207565708671	1315030	0.6188981861163634	0.6246457864066922	0.4228118889391941	23718	0.27314007104745336	0.27314007104745336	0
0.8048391058707934	2031788	0.5013221954638994	0.5090645956329501	0.4339086598992783	23968	0.19040030937863306	0.19040030937863306	0
0.8726357160402849	1378236	0.5726974013381745	0.5791594032028289	0.4253849872693601	25004	0.2126753461167992	0.2126753461167992	0
0.8669859985261607	1066354	0.5607822544770961	0.5715323327120446	0.4128709346495607	26032	0.23404689733322512	0.23404689733322512	0
0.9175878162613609	1285568	0.5722514152649236	0.579818071752791	0.4151431678503976	27070	0.251935995397377	0.251935995397377	0
0.7521493490542864	671888	0.5430606319904705	0.5513086360466088	0.3977808039996093	21474	0.298150946199875	0.298150946199875	0
0.7844509948415623	2052698	0.610922459358526	0.6138102446497047	0.45050224121925947	23354	0.2296421374316718	0.2296421374316718	0
0.8651436993367723	1108960	0.5568892444030558	0.5630037919726114	0.41396706662633015	25558	0.21942846284066278	0.21942846284066278	0
0.8351756325227218	1027800	0.5483686411575507	0.5571725737679484	0.41577993261455287	24098	0.28402504367702813	0.28402504367702813	0
0.827683615819209	1699786	0.564746902508825	0.567200454681819	0.44355390140664946	24508	0.19946748288479696	0.19946748288479696	0
0.8905674281503316	1431236	0.580786265586934	0.5902507345083958	0.42305677546584075	26130	0.2654968998509345	0.2654968998509345	0
0.8801277327437976	2500552	0.5659050678485333	0.5699232859958537	0.45559957276495083	26864	0.22037920684960874	0.22037920684960874	0
0.8576516826332596	1381260	0.6483775517508156	0.6494314595213696	0.42907447739838617	25388	0.2845362026435808	0.2845362026435808	0
0.828788995332842	2787604	0.6209005930462251	0.625932487159704	0.4449008544545489	25074	0.18440878728432009	0.18440878728432009	0
0.8129452223041022	1718898	0.5707838081202582	0.5755885966757909	0.43292470174699565	24074	0.18328767238987928	0.18328767238987928	0
0.8664947187423238	2158450	0.6068935741059873	0.6162432684275286	0.43089757417472746	25894	0.2054173061481587	0.2054173061481587	0
0.8126995824121838	2384162	0.5207206927247835	0.5248812440661433	0.44571478234467815	24016	0.15281780933353897	0.15281780933353897	0
0.8801277327437976	2665060	0.5829198943285316	0.5864951716681996	0.4366327255179996	26084	0.17074928517307023	0.17074928517307023	0
0.8291574551707197	1722378	0.6166609712030543	0.6217419809051574	0.43227570245441477	24866	0.2242425325110705	0.2242425325110705	0
0.7210759027266028	1452868	0.5929570790929733	0.5949785069600775	0.4317273435300473	21946	0.2251000857729688	0.2251000857729688	0
0.8651436993367723	1264910	0.5487119901909941	0.559223668452323	0.4340690646750453	25856	0.22282190122651066	0.22282190122651066	0
0.8351756325227218	1071466	0.5671246366597501	0.5745931239287106	0.4217148291055917	24158	0.2410687980656042	0.2410687980656042	0
0.8144190616556128	1309230	0.5594411499177533	0.5675419259372984	0.41484363061388857	23196	0.20379397473742175	0.20379397473742175	0
0.8426676492262344	1606140	0.5136758987103202	0.5201700321658979	0.44772800746270497	25708	0.2153997690262168	0.2153997690262168	0
0.8651436993367723	2142552	0.5810518673999193	0.5868614609900137	0.4286299848853201	25408	0.2087106069289868	0.2087106069289868	0
0.9325718496683861	845226	0.579468983849652	0.5886691299397412	0.39770477881712263	26384	0.26863010059241627	0.26863010059241627	0
0.7422009334315893	602326	0.5635745033576494	0.5726765144738003	0.40684354192814826	21518	0.32681508784987606	0.32681508784987606	0
0.8723900761483665	1738212	0.6332468502364424	0.6425493416971246	0.4188270349679597	24994	0.21488075319070374	0.21488075319070374	0
0.805207565708671	1975042	0.6088050482461319	0.6117214471994196	0.44855221987566146	23648	0.18483368810247466	0.18483368810247466	0
0.7781871775976419	691860	0.5318227761213256	0.5382170819083905	0.424189070446563	23410	0.26721323778977973	0.26721323778977973	0
0.913289118152788	2476484	0.6041552763308279	0.6076592421347269	0.4396221753579152	27952	0.17354595450325064	0.17354595450325064	0
0.8951117661508229	1638956	0.5952692942653497	0.5993896817995732	0.4296015647060965	26858	0.2046342225463911	0.2046342225463911	0
0.8593711618766888	1624420	0.6313013493500504	0.6340735474974379	0.44018641927649377	25404	0.28656418153537694	0.28656418153537694	0
0.7827315155981331	705970	0.4872496465063367	0.4956945722665172	0.40993460884935257	23426	0.2208138962387923	0.2208138962387923	0
0.8422991893883567	1838448	0.5747773869750424	0.5787542807629263	0.42590477740087596	25420	0.16545966997385045	0.16545966997385045	0
0.7827315155981331	1330644	0.627758324730665	0.6348166870953623	0.4096392639017911	22384	0.27868988837486924	0.27868988837486924	0
0.8959715057725375	1021482	0.5487713844741813	0.5618195003541765	0.401768481528054	25382	0.24383861064609724	0.24383861064609724	0
0.8470891672807663	1060702	0.5280305081758615	0.5396870651213242	0.4046917811590576	25126	0.203162662643433	0.203162662643433	0
0.893515106853353	1105090	0.4487295500920965	0.4587823580194321	0.4206867821823061	26356	0.1845278815081809	0.1845278815081809	0
0.9325718496683861	836342	0.5469816492367106	0.5595995852288532	0.41030543552799	26602	0.23753940369195034	0.23753940369195034	0
0.8467207074428887	2345888	0.5701403339171056	0.5770117839813764	0.4210906399491577	23972	0.16617477186679733	0.16617477186679733	0
0.7994350282485876	1012250	0.5297674348994871	0.5345236922361531	0.4141803883708817	22420	0.2339181788456224	0.2339181788456224	0
0.7679931220830263	1006986	0.5521571245925793	0.5568371471211548	0.416034827196039	23052	0.22824854650745807	0.22824854650745807	0
0.8576516826332596	2230646	0.6400865166500204	0.6436979236660288	0.4413212969729287	25538	0.20386322719789343	0.20386322719789343	0
0.8890935887988209	1082266	0.5490402874795223	0.5567964260319916	0.4061624263710304	25828	0.2129455048549197	0.2129455048549197	0
0.8346843527388847	1650516	0.6017357428007856	0.6049479917872197	0.42417188550877344	24880	0.22180695253807517	0.22180695253807517	0
0.7377794153770572	961496	0.5201051696280842	0.5273081005798154	0.40684706929686265	21630	0.18135163478943217	0.18135163478943217	0
0.7677474821911079	1045466	0.5919986421965976	0.60260897323844	0.41233531907395427	21774	0.30860532240918453	0.30860532240918453	0
0.7677474821911079	1390148	0.5792253387689235	0.581601159098863	0.4390177710575174	23392	0.2550622061022632	0.2550622061022632	0
0.7726602800294768	1698332	0.5971846075075248	0.600338609147676	0.43564604544363544	22832	0.24152407231124906	0.24152407231124906	0
0.7791697371653157	2621900	0.6155599856762722	0.6195354763958724	0.44612419544924325	23616	0.16773727998155208	0.16773727998155208	0
0.8725128960943257	2361534	0.6087689062836142	0.6157159185423211	0.41817019672718114	24020	0.17403647886193266	0.17403647886193266	0
0.8515106853352985	1465112	0.5926439317371034	0.5983079786523737	0.4227589534083143	25466	0.2107933417177551	0.2107933417177551	0
0.7456398919184475	1238118	0.6061802385054068	0.6102411323561902	0.4285328784729472	21804	0.18874087587851532	0.18874087587851532	0
0.728936379267993	2660410	0.6052662422663877	0.6126430214425694	0.45805989858535123	22578	0.21536982320309328	0.21536982320309328	0
0.730533038565463	725888	0.5280147737291425	0.5371326055678424	0.40634480665551104	20662	0.24241936752026627	0.24241936752026627	0
0.8380004912797838	1805614	0.6032523534897285	0.6084181988321175	0.4429070709207798	24702	0.21471918638605245	0.21471918638605245	0
0.8965856055023336	3032714	0.6696371480207559	0.673558297258117	0.43628868734561693	26222	0.15902958295090042	0.15902958295090042	0
0.8351756325227218	729420	0.519587804201061	0.5291308277834298	0.4051122086634075	23402	0.2519574228887175	0.2519574228887175	0
0.8995332842053549	4206350	0.670067400391563	0.6732609206284873	0.4452734583937367	27130	0.1835480739718444	0.1835480739718444	0
0.8064357651682633	1023526	0.44656295847942357	0.4568539459681045	0.412046915588139	22544	0.18086173612407627	0.18086173612407627	0
0.8443871284696635	2701546	0.5946201980528527	0.5993283365103533	0.4463371065275186	25196	0.16295719745837592	0.16295719745837592	0
0.8524932449029723	1162276	0.5824294516390266	0.5914398001034781	0.4087701047167	25304	0.19072281615260864	0.19072281615260864	0
0.830385654630312	1094342	0.5717515556238487	0.5824740755429529	0.4099309915881148	23900	0.237770904889534	0.237770904889534	0
0.8698108572832228	1486262	0.5427345313130788	0.5496056646389121	0.4188133294413549	26002	0.1540758945822576	0.1540758945822576	0
0.7724146401375583	1142106	0.5547921911615081	0.5588699967179569	0.429444578592449	23094	0.1911976231578618	0.1911976231578618	0
0.887988209285188	1729260	0.5270369267777537	0.5370398643864127	0.4142633794802582	26056	0.13854485907341788	0.13854485907341788	0
0.8470891672807663	1327582	0.6327583188175335	0.6372785397735817	0.4066591666529536	24384	0.2567932936961928	0.2567932936961928	0
0.7757307786784574	3097632	0.6503693704246692	0.6528740467942716	0.4542283488532442	23876	0.179384713536725	0.179384713536725	0
0.7871530336526652	1362882	0.580832262815901	0.5860006348735547	0.4224113199331494	23118	0.2649629459756507	0.2649629459756507	0
0.8204372390076149	1662120	0.6259579374511723	0.6298113870256637	0.43254455279106835	23532	0.2776446568742779	0.2776446568742779	0
0.7977155490051584	1365514	0.5962140331568814	0.6004849708290763	0.4336250102159091	23562	0.20198506589146872	0.20198506589146872	0
0.8689511176615082	2414322	0.5991551146658652	0.6066433431791497	0.4422384030704663	25976	0.20478061886100207	0.20478061886100207	0
0.830385654630312	1496988	0.5869173569837624	0.5909440609628626	0.4293536172781023	24876	0.2065431152822128	0.2065431152822128	0
0.8426676492262344	778716	0.5167228410556356	0.5282920622430525	0.4032289062657209	24692	0.2464631671554811	0.2464631671554811	0
0.7274625399164825	1012466	0.5622860074887287	0.5669020959703444	0.42374456418697365	21440	0.22608845016940518	0.22608845016940518	0
0.8671088184721198	1751636	0.624441288949375	0.6318365893526732	0.431235074108957	26084	0.17739278297010597	0.17739278297010597	0
0.8351756325227218	2649604	0.5713524720758297	0.5744682019551244	0.4424307449694393	24340	0.17475433135647955	0.17475433135647955	0
0.8129452223041022	806336	0.5552026383670292	0.5620080584750881	0.41360816352171326	24054	0.27134557308197554	0.27134557308197554	0
0.902849422746254	2194172	0.5783810537526136	0.5879920722995112	0.4169698484258601	26936	0.19930731696694257	0.19930731696694257	0
0.8801277327437976	1824260	0.5952427263761179	0.5993728020723331	0.4398970794042769	26362	0.20104584975998496	0.20104584975998496	0
0.7467452714320806	1046394	0.5841237756757779	0.5892922047975503	0.44188671512544087	22052	0.24651442995688935	0.24651442995688935	0
0.9022353230164579	825372	0.5273780576647263	0.5420411027949017	0.3983469151416474	26376	0.24046331371302912	0.24046331371302912	0
0.8065585851142225	1027496	0.47045772029262345	0.47795491034979326	0.4113975462129724	23642	0.197259508681104	0.197259508681104	0
0.730533038565463	532214	0.4636548558397091	0.4704813589973642	0.4026977080284142	21226	0.25632360395229303	0.25632360395229303	0
0.8576516826332596	1274468	0.5738182126419428	0.5806158149318627	0.42659904204174154	24984	0.2305933179823564	0.2305933179823564	0
0.8700564971751412	1430418	0.4941374837117312	0.5020532092794602	0.42896067817587363	25664	0.19040823337796153	0.19040823337796153	0
0.827683615819209	2933318	0.6481800016531468	0.6499235947244298	0.4544933144893089	25390	0.21015263326675993	0.21015263326675993	0
0.8790223532301645	1811248	0.5634846307143729	0.5692830097891703	0.4311987887504982	25876	0.18751011677984744	0.18751011677984744	0
0.850159665929747	1057662	0.5936360565591273	0.6024907197014145	0.40823783777906136	24354	0.2390498178165427	0.2390498178165427	0
0.8505281257676247	1045658	0.49472117181953057	0.5075424407531125	0.3887003127428914	24606	0.14921291959811053	0.14921291959811053	0
0.8321051338737411	1510094	0.5979235803408532	0.604796031180989	0.42853261805396653	25016	0.24972301118112464	0.24972301118112464	0
0.8351756325227218	845780	0.5269594006868288	0.5349902440062982	0.39803099025330374	24564	0.24214367289873007	0.24214367289873007	0
0.8351756325227218	1365830	0.5870806000270533	0.5943090612160324	0.4270208615475614	24680	0.24027360414545085	0.24027360414545085	0
0.8131908621960207	1135590	0.4979540473080999	0.5133021092640921	0.4125369534515942	23004	0.22738064557417478	0.22738064557417478	0
0.8366494718742323	1645092	0.6459221591483392	0.647276972676713	0.45247808378185056	25480	0.3141142393003897	0.3141142393003897	0
0.8102431834929993	881784	0.5066605377779431	0.518558826745332	0.4141919799084564	22728	0.22942766149374705	0.22942766149374705	0
0.8485630066322771	1727920	0.5340885766155831	0.5416383366645533	0.44070176775182485	25992	0.20374059252238153	0.20374059252238153	0
0.8427904691721936	2092192	0.5914411171439468	0.59610757696342	0.45037378179122967	26140	0.18292828609254233	0.18292828609254233	0
0.8576516826332596	886036	0.48460051153063705	0.493319013780074	0.41566724631855334	24950	0.22246440646800944	0.22246440646800944	0
0.8204372390076149	1083402	0.6185030145574295	0.6233135650214974	0.42125059981940227	24246	0.27063364493603964	0.27063364493603964	0
0.8203144190616556	2451044	0.5961586362712002	0.6001039322876774	0.4417243995154137	24022	0.17575718581332508	0.17575718581332508	0
0.8431589290100712	2657594	0.6164523757199468	0.6215897388295188	0.43626160710886225	24982	0.18369943158457128	0.18369943158457128	0
0.8494227462539916	2459992	0.6372563892193565	0.6389728010668689	0.43681771212528203	24776	0.19915664778822098	0.19915664778822098	0
0.8415622697126013	2814408	0.5799758539626944	0.5852701212501041	0.4269483062091315	25454	0.1717972755244667	0.1717972755244667	0
0.812822402358143	2113710	0.5522436330914007	0.554624639609984	0.4416520306897569	24018	0.208375975596958	0.208375975596958	0
0.8620732006877917	2237506	0.5308632279080604	0.5388662029036388	0.43672723351642406	24876	0.17327181128569732	0.17327181128569732	0
0.8198231392778187	1450882	0.5204950013361807	0.526169936448078	0.41632035619656477	23408	0.17427028509849962	0.17427028509849962	0
0.7554654875951854	1366012	0.5902236528335986	0.5951552753349126	0.4360693160148284	22316	0.2736645391422032	0.2736645391422032	0
0.7382706951608942	997986	0.5019384139771014	0.5081579643351376	0.4181634169169286	21544	0.19699321407190826	0.19699321407190826	0
0.8001719479243429	1095880	0.5454490560983054	0.5531579198229791	0.40986085232714925	23910	0.22057395160657398	0.22057395160657398	0
0.7977155490051584	2470860	0.5731112466204664	0.5790434722414305	0.443780674959114	24360	0.18501554254427396	0.18501554254427396	0
0.8801277327437976	772496	0.568368709006689	0.5826802011293345	0.38120131377944366	24786	0.2780585070527444	0.2780585070527444	0
0.8825841316629821	1871856	0.608964180586807	0.6133907986605581	0.43033809288575725	26300	0.18096707488497665	0.18096707488497665	0
0.8847948906902481	2056648	0.6176244491870942	0.6226519019861058	0.43204294164804363	25986	0.18370717056760635	0.18370717056760635	0
0.8517563252272169	2135240	0.5564700823778866	0.5645650055103545	0.4242859969179041	24526	0.21536934927739274	0.21536934927739274	0
0.850159665929747	1676410	0.5984126584765771	0.6029577234881202	0.4473814957558779	25796	0.2226088707975407	0.2226088707975407	0
0.8204372390076149	987490	0.572408220250193	0.5803466022555156	0.420607628554121	23822	0.2679048419547121	0.2679048419547121	0
0.8231392778187178	1054990	0.5493601986019006	0.5599126293065667	0.40574781175000835	22806	0.2461872672467562	0.2461872672467562	0
0.805207565708671	1138822	0.5657560210079295	0.5717515085548929	0.4147681971327555	24306	0.21791624201246043	0.21791624201246043	0
0.644927536231884	655726	0.5279196602430216	0.5310879796973541	0.410235334019972	18018	0.2508963643393812	0.2508963643393812	0
0.7484647506755098	1066678	0.6152059895688644	0.6224429834144728	0.4229997679496618	21886	0.33892442510484927	0.33892442510484927	0
0.8801277327437976	797280	0.47840014200034414	0.4874639234253277	0.40273078466426265	25072	0.21307649160946154	0.21307649160946154	0
0.8201915991156964	2445784	0.6486690588315472	0.6517943613151984	0.44557485914607514	24762	0.21971253870642973	0.21971253870642973	0
0.8728813559322034	780892	0.562318649470044	0.5753089324076862	0.3961794979218812	24212	0.2814156171464233	0.2814156171464233	0
0.827683615819209	2031202	0.5993491975530929	0.6064851136133177	0.4255414563605362	23598	0.2189644204082608	0.2189644204082608	0
0.8400884303610907	978376	0.5213954215340786	0.5321251783105743	0.41751552422765964	24946	0.227155399308264	0.227155399308264	0
0.8576516826332596	1201940	0.5247898317263167	0.5323356039723995	0.42018503737187446	25194	0.20572207515737503	0.20572207515737503	0
0.8980594448538443	1034280	0.4481844671404552	0.46515992849486126	0.3991825213256787	25630	0.16131345860226529	0.16131345860226529	0
0.8402112503070499	2187572	0.6318184660434684	0.6351622844892244	0.4222391326977097	25002	0.1981321963216609	0.1981321963216609	0
0.8576516826332596	1382754	0.6050754470546063	0.6127401922463563	0.4250159843931515	25970	0.259497350057704	0.259497350057704	0
0.8206828788995333	1103294	0.5162278440353621	0.5276249392626547	0.4143307810315862	24318	0.1904715186769925	0.1904715186769925	0
0.8949889462048637	1458590	0.5470444872625815	0.5553975099964407	0.43319601564181204	26336	0.1989392324072252	0.1989392324072252	0
0.805207565708671	1293120	0.5622642336428703	0.5711248623161361	0.4231116478629404	23150	0.21269753768720692	0.21269753768720692	0
0.7808892164087448	1107588	0.5184942515554055	0.5240156146650501	0.42815053372628076	23276	0.18991535074400193	0.18991535074400193	0
0.7876443134365021	1306870	0.5946476550117812	0.6050995450355111	0.4159277772230312	22498	0.2580147118244058	0.2580147118244058	0
0.8607221812822402	1925582	0.6072949578477423	0.6104091567480854	0.45777176757648347	26008	0.20886366353633204	0.20886366353633204	0
0.8636698599852616	1248938	0.5566522580831218	0.5624996293144788	0.4209419094361367	25348	0.21313255036123172	0.21313255036123172	0
0.8691967575534267	1009472	0.4779675975970694	0.48815641156337275	0.4184142711026613	26012	0.18883893265417925	0.18883893265417925	0
0.8201915991156964	1031696	0.5566428761977109	0.5660951607991017	0.4088350645090088	23468	0.2371790336421531	0.2371790336421531	0
0.8204372390076149	766398	0.5359665888820452	0.5483459031753953	0.411826574645541	23652	0.2762449160358874	0.2762449160358874	0
0.850159665929747	1003358	0.5069500179143838	0.5178050958950579	0.41080223462185644	24330	0.19565149567449439	0.19565149567449439	0
0.8951117661508229	1211566	0.45578843210695075	0.46692381193442506	0.4272020370242641	26070	0.19073231806872384	0.19073231806872384	0
0.8615819209039548	1646760	0.6360472111380253	0.6396937846036361	0.43260780786014275	24766	0.23879909536044722	0.23879909536044722	0
0.8576516826332596	830012	0.5119949113697504	0.5224442625171611	0.41270702712728874	25770	0.24433649407285815	0.24433649407285815	0
0.8154016212232866	2176548	0.5189299405210098	0.5204023567914425	0.45649970249074184	24792	0.16677947438281907	0.16677947438281907	0
0.8921640874478015	1087742	0.5569679234397069	0.5673790477280355	0.39810671570002887	26058	0.1797570169157687	0.1797570169157687	0
0.7902235323016458	1010920	0.6009286879199348	0.6047477815056291	0.4359347649364931	23210	0.2823200281037086	0.2823200281037086	0
0.8236305576025547	1094364	0.5338369851762593	0.5396205103951915	0.4325905546004314	23468	0.2669461640496644	0.2669461640496644	0
0.827683615819209	1059444	0.5699559653592255	0.5773858273577742	0.4160451969735366	24204	0.2752846724047477	0.2752846724047477	0
0.8642839597150578	1057538	0.5323703489316542	0.5380904285890019	0.41672363097495957	24570	0.2314234177052822	0.2314234177052822	0
0.8793908130680422	1158562	0.5091889230902877	0.5188162991344981	0.4111409057447011	25574	0.18750060366431506	0.18750060366431506	0
0.7571849668386146	2237876	0.6446884599611434	0.6486787953040923	0.42387912007785095	22638	0.2163175899097697	0.2163175899097697	0
0.8677229182019159	1177414	0.5648899663195951	0.5732964267496613	0.4172715991432865	25946	0.2881686005537264	0.2881686005537264	0
0.8661262589044461	1647764	0.5269302959927026	0.5358841960839581	0.4179422969068336	25828	0.12806909116937976	0.12806909116937976	0
0.8698108572832228	2557264	0.6125997813019198	0.616917939369717	0.44842184060079376	26106	0.2124091265092076	0.2124091265092076	0
0.752517808892164	1156714	0.6148140422621352	0.6207069877102268	0.42210027664981736	21730	0.25534679671506605	0.25534679671506605	0
0.827683615819209	2434066	0.6452856032044861	0.6511867452228074	0.41433325945752664	24022	0.18883366245438168	0.18883366245438168	0
0.8711618766887743	1572226	0.5477357478210316	0.555004817297377	0.4333722501608741	25650	0.23378941581130483	0.23378941581130483	0
0.8695652173913043	950714	0.5225680406276353	0.5312106570879801	0.40869126880535406	25326	0.21895333774459383	0.21895333774459383	0
0.8126995824121838	1123134	0.4583707776872657	0.46797998617389364	0.43472051428675185	24660	0.202488954254472	0.202488954254472	0
0.8726357160402849	1099448	0.5746439384621825	0.5820639406209428	0.4150818546354316	25852	0.25642744489976926	0.25642744489976926	0
0.8334561532792926	2043942	0.5288917160245894	0.5343434611920939	0.4380822717188602	25260	0.1823178353769507	0.1823178353769507	0
0.6925816752640629	904626	0.6097058513776666	0.6146862534506362	0.42368811000045636	19766	0.3260791889894299	0.3260791889894299	0
0.9114468189633996	2873986	0.5895790253007036	0.5935588344019199	0.4431250790157983	28174	0.13768316836331992	0.13768316836331992	0
0.7905919921395235	1120720	0.4186361890299944	0.43038792380332686	0.4161359184847429	23390	0.16149655863070708	0.16149655863070708	0
0.9147629575042987	3100872	0.6513412703111744	0.6532175507249772	0.4292968031521312	27926	0.16482515571207662	0.16482515571207662	0
0.803488086465242	2143268	0.5578916675338975	0.5662191239332518	0.427839968898978	22860	0.1732474933825137	0.1732474933825137	0
0.8528617047408499	963978	0.5758971295969124	0.5834255496889283	0.4107872668110086	25168	0.2840915469762041	0.2840915469762041	0
0.8504053058216654	2456688	0.6546085968344367	0.6575518697758814	0.4404926144095734	25370	0.253160169332556	0.253160169332556	0
0.8576516826332596	1494378	0.5239747904106365	0.528294764509323	0.44511135200460644	25288	0.21257727632661108	0.21257727632661108	0
0.8351756325227218	1316032	0.612804100520099	0.6185950729953873	0.41177578092157013	23784	0.24485817865917114	0.24485817865917114	0
0.8206828788995333	764888	0.4826398542088787	0.4943841288475512	0.4099136395321841	23440	0.1858396595344689	0.1858396595344689	0
0.8596168017686072	935872	0.5016981030692701	0.5091007853436623	0.41831770006123087	24896	0.2075885939342159	0.2075885939342159	0
0.7977155490051584	874222	0.5626609120189635	0.5718509932569001	0.3947187025479795	23222	0.2696584500584323	0.2696584500584323	0
0.8623188405797102	1412966	0.5942329086141924	0.6005645765936883	0.4220613200627537	25548	0.21870505694473952	0.21870505694473952	0
0.9115696389093588	796472	0.52232625591075	0.5300984874335931	0.4002554504573786	26326	0.24382403639004427	0.24382403639004427	0
0.8889707688528617	1641800	0.5962482050145689	0.6040842764496523	0.4158550093537789	25924	0.21109752596896933	0.21109752596896933	0
0.9253254728567919	1002248	0.5728108389008325	0.5820121374530235	0.39377261148846876	27090	0.23475302256226935	0.23475302256226935	0
0.7893637926799313	1709086	0.6042203609022784	0.6114326297729776	0.44386311118123817	23508	0.2229769472838159	0.2229769472838159	0
0.8071726848440186	1343600	0.6197369467224433	0.6243573158360097	0.41905361319640927	22880	0.2804559139129357	0.2804559139129357	0
0.7861704740849914	1260384	0.5715434178964681	0.5764581749180144	0.4253726742557801	22826	0.2504695749222159	0.2504695749222159	0
0.7902235323016458	719668	0.4752805894740284	0.48454140479611585	0.4109315271669142	23290	0.2275645855085864	0.2275645855085864	0
0.7377794153770572	2814188	0.6589947382880473	0.6605774292621284	0.46768632696600254	21910	0.22541741867307516	0.22541741867307516	0
0.8698108572832228	1743460	0.6083463123409604	0.6154566070166391	0.41488000492657434	25930	0.21881563116216537	0.21881563116216537	0
0.7827315155981331	2176674	0.6696515848607799	0.6712907897362476	0.4396623896116018	23506	0.1831125332593345	0.1831125332593345	0
0.805698845492508	1037794	0.5992548318183248	0.6065508015008781	0.40935722959436305	23356	0.26877670546015353	0.26877670546015353	0
0.8743551952837141	1972514	0.5814886509547912	0.5858685279845338	0.44365612596440673	25242	0.2006981395955285	0.2006981395955285	0
0.9055514615573569	1188108	0.5550811676585813	0.5630017678124705	0.4286963519245561	26736	0.24221537184483302	0.24221537184483302	0
0.8651436993367723	1521964	0.5492951167407575	0.5555923316802959	0.41955351638296906	25596	0.1967739084472778	0.1967739084472778	0
0.745885531810366	834718	0.5052550103031458	0.5178731659792831	0.3977427804298514	20088	0.19458307712209577	0.19458307712209577	0
0.8204372390076149	858400	0.4046594363271904	0.4142344503163686	0.4064277271683819	24724	0.15160030336791802	0.15160030336791802	0
0.8206828788995333	2037846	0.6197837186008494	0.627474668108677	0.40356131925478206	23808	0.19519951806860644	0.19519951806860644	0
0.9084991402603783	1841984	0.5749029777051121	0.5792571674152207	0.4272679692439656	27380	0.17989042244533884	0.17989042244533884	0
0.8953574060427414	2521124	0.5756199116891395	0.580378184649086	0.4302456805345199	27088	0.1855332336733093	0.1855332336733093	0
0.880373372635716	871226	0.4951351055482352	0.5064126579581353	0.39068530354233816	25258	0.19992048751225677	0.19992048751225677	0
0.7714320805698845	1200794	0.516434460400788	0.5246478660455322	0.4352346898377948	23082	0.15962791250670236	0.15962791250670236	0
0.8500368459837877	3819208	0.6973886857730389	0.6988621204620692	0.4615959094678555	25744	0.20224465226338442	0.20224465226338442	0
0.7980840088430361	1016458	0.5251935092528136	0.5401381385083078	0.4242414501489025	22926	0.22552273179392637	0.22552273179392637	0
0.8587570621468926	4388616	0.6546833123288933	0.6572558936169802	0.46157581370843187	26686	0.17212352196909378	0.17212352196909378	0
0.8398427904691722	2084844	0.593026812234174	0.5977977128782922	0.4313820704138512	24320	0.24475265922188347	0.24475265922188347	0
0.7959960697617293	1512614	0.6683761326254083	0.6704798869005075	0.43594767791076583	23290	0.2907701638649003	0.2907701638649003	0
0.8576516826332596	1362952	0.4924010523655799	0.4971798483373901	0.43607068157574025	24930	0.20195749075067548	0.20195749075067548	0
0.8126995824121838	686644	0.5053824039727334	0.5135906252165069	0.3955874363854743	22862	0.24792232204015074	0.24792232204015074	0
0.7668877425693933	756384	0.5412307512866926	0.5514076938391143	0.42203712930527715	22738	0.29220239458408487	0.29220239458408487	0
0.8351756325227218	844738	0.4657558660631034	0.4765747312416135	0.4132559669137235	24948	0.2167393719048666	0.2167393719048666	0
0.8429132891181528	1159412	0.5789174023041791	0.5861642537636936	0.4181509889435029	24972	0.24837875088554617	0.24837875088554617	0
0.8351756325227218	1111526	0.5352577853428492	0.5432763964437995	0.41347358534632866	24156	0.23461440944133752	0.23461440944133752	0
0.9178334561532793	1159972	0.5919467195660566	0.6016071094573326	0.3817950332817614	26534	0.22280064316272852	0.22280064316272852	0
0.8516335052812577	1294378	0.5595840003748006	0.5659818263144673	0.4268083941437275	25404	0.2792727089814449	0.2792727089814449	0
0.8931466470154753	2231486	0.6232729458581522	0.6341645632859103	0.4026059050247135	25992	0.16385699861890474	0.16385699861890474	0
0.827683615819209	1626752	0.5847030349816442	0.5918428012744755	0.43897517746717396	24194	0.21385442331248314	0.21385442331248314	0
0.7796610169491526	3398670	0.5939473205605876	0.5943857436143528	0.4399047060476993	23732	0.16145088365088914	0.16145088365088914	0
0.7980840088430361	768728	0.475859153243847	0.4920839668275816	0.39971578380720807	22244	0.22581776318150648	0.22581776318150648	0
0.8361581920903955	2687906	0.6107292852446892	0.614330424630414	0.4283731070800405	24516	0.1602578623076409	0.1602578623076409	0
0.8951117661508229	1194074	0.5261554416725173	0.5361309976327381	0.40748339640197057	26776	0.1697431026677598	0.1697431026677598	0
0.8951117661508229	1385520	0.5722094944977493	0.5811583853826	0.4354686632964527	26356	0.25499488688662864	0.25499488688662864	0
0.8795136330140014	1155574	0.579724685470053	0.5900740725288524	0.4195853836081309	26194	0.2027776294122957	0.2027776294122957	0
0.7382706951608942	1087290	0.5855376803068981	0.5896459239548538	0.41509891563355605	22026	0.24097919179919156	0.24097919179919156	0
0.8126995824121838	1146954	0.5606530073888225	0.5675590620113894	0.40853097747082523	22912	0.21477652565544705	0.21477652565544705	0
0.8126995824121838	1893136	0.6350985088525769	0.6357644805991131	0.44988307892965845	24194	0.20023023788107863	0.20023023788107863	0
0.877057234094817	1122174	0.5076282707236878	0.5155713786717578	0.4345716568175951	26174	0.25313446293626923	0.25313446293626923	0
0.8351756325227218	1360200	0.6338291993269336	0.6382819874533171	0.4326896264103092	24640	0.2898243115505949	0.2898243115505949	0
0.8208056988454925	761142	0.4525784637500445	0.46718714919098453	0.38377213190387477	23124	0.1955708914871532	0.1955708914871532	0
0.8453696880373373	784170	0.5909957302306963	0.601502908647593	0.3886505941497398	24118	0.27703889156099143	0.27703889156099143	0
0.7827315155981331	2596176	0.6743957413857862	0.6764033161050561	0.43783762216673355	23022	0.23458184048674502	0.23458184048674502	0
0.7510439695406534	959282	0.507575012468519	0.5140567256439129	0.42989134971891624	22452	0.22366588988357083	0.22366588988357083	0
0.7977155490051584	1298634	0.5518444467594865	0.5576380509562423	0.429787342809554	23736	0.18749332314720193	0.18749332314720193	0
0.7967329894374846	1349714	0.5836355497658471	0.5926760190096657	0.41755333686866164	22762	0.1932127863946774	0.1932127863946774	0
0.8205600589535741	1699722	0.5810716277796826	0.5877548788786748	0.43278121973764744	25198	0.17874599765468435	0.17874599765468435	0
0.8559322033898304	1096464	0.5787197528317976	0.5880202445503017	0.403103547740266	24822	0.2243331848635504	0.2243331848635504	0
0.8980594448538443	1393092	0.5720438532514117	0.5762096651194197	0.4249343323323011	25870	0.19619518198501593	0.19619518198501593	0
0.9026037828543355	1169918	0.5193740685222022	0.5312170776472908	0.4123893154835354	26120	0.2133203659572631	0.2133203659572631	0
0.760746745271432	714828	0.4544473803325055	0.4662998838122414	0.4033614704172277	21506	0.21687144460638288	0.21687144460638288	0
0.791943011545075	928410	0.55146310039249	0.563352101193061	0.41567481534795	22914	0.2314147522513752	0.2314147522513752	0
0.8206828788995333	1434586	0.6339836197467409	0.6384331030511531	0.4302416636270034	24584	0.27460479986434566	0.27460479986434566	0
0.8280520756570867	1279286	0.5781230176545572	0.5826659055614545	0.4173318281043797	23822	0.24367293846427096	0.24367293846427096	0
0.7877671333824613	2062740	0.5392302442640935	0.5473460352630484	0.42646742618958783	23600	0.18350893537176763	0.18350893537176763	0
0.8351756325227218	808930	0.4871376454132561	0.49886432843313816	0.39387164488224774	24494	0.2242097466800335	0.2242097466800335	0
0.8529845246868091	1264584	0.5852896228255315	0.5911142058746416	0.40987574752105954	23778	0.23159427066563518	0.23159427066563518	0
0.8201915991156964	1455924	0.4875274718321365	0.49522954280793247	0.413265619874583	23942	0.1409419109259204	0.1409419109259204	0
0.8576516826332596	1298992	0.5831040871934172	0.5899189580908036	0.4224769081307156	24444	0.24327070273300586	0.24327070273300586	0
0.8515106853352985	1321194	0.6265053520754136	0.6314509029194829	0.4270515603779219	24826	0.252007461855008	0.252007461855008	0
0.8473348071726848	1358248	0.5562206870211095	0.5649748159701363	0.41475173572930263	24640	0.2048607825351398	0.2048607825351398	0
0.7706951608941293	1074930	0.5285562298957128	0.5353724315827366	0.4334517660831522	22856	0.22100894630160636	0.22100894630160636	0
0.8504053058216654	1604604	0.5934603661362726	0.5971464826310365	0.42300175831547676	24674	0.1884667524046345	0.1884667524046345	0
0.7752394988946205	1353832	0.46360419333020003	0.4719679393641834	0.4261922689301647	22550	0.12126550052605846	0.12126550052605846	0
0.8467207074428887	1932954	0.6178483050335665	0.621873624570912	0.43464959585172486	25478	0.2176100842934393	0.2176100842934393	0
0.8612134610660771	1629526	0.5891130740601176	0.5939509978481525	0.433896622859655	25564	0.22250829220843785	0.22250829220843785	0
0.8447555883075412	1687152	0.5906538718307458	0.5971301004165236	0.44697309274130487	25174	0.241482086293017	0.241482086293017	0
0.9266764922623434	1720354	0.6018117758130824	0.6061134422616979	0.4307038915306442	27280	0.15689063227616398	0.15689063227616398	0
0.731638418079096	1518874	0.521608533866608	0.5261585304520325	0.4229993712177873	21588	0.15626107178797846	0.15626107178797846	0
0.8126995824121838	2419808	0.5843845544393814	0.5878256479148501	0.43277864039611114	24198	0.1595387005193967	0.1595387005193967	0
0.877057234094817	2576712	0.6053147609581514	0.6086591050725244	0.426855607091811	25836	0.21001114577260024	0.21001114577260024	0
0.7720461802996806	2045758	0.6201954551515451	0.6258530412381468	0.42682423489825916	22482	0.2286611886588568	0.2286611886588568	0
0.883075411446819	2495188	0.6203376900990293	0.6252846457013062	0.43994096371753094	26660	0.19609761724806316	0.19609761724806316	0
0.7404814541881601	949352	0.629621089599916	0.6333670611763563	0.40997370692707885	21338	0.292200149383075	0.292200149383075	0
0.8683370179317121	2522668	0.576443103981425	0.5802458456394135	0.42899839527434463	26252	0.1385891068063966	0.1385891068063966	0
0.8055760255465487	1513838	0.5222688452188902	0.5312502209839208	0.43237798251760523	23754	0.1847968106988339	0.1847968106988339	0
0.9253254728567919	1888678	0.6188531033415944	0.6244692429055347	0.4151956659669899	27636	0.19558879294874912	0.19558879294874912	0
0.8130680422500614	1425408	0.5299634908182351	0.5360751673128344	0.4370907994000437	24072	0.1987990749652422	0.1987990749652422	0
0.8687054777695897	2211672	0.587375056785454	0.5951293753120198	0.4229993051309365	25908	0.17361370545632593	0.17361370545632593	0
0.7644313436502088	1552392	0.6158884140338478	0.6166797330518976	0.4339842594272718	23488	0.23299180194960586	0.23299180194960586	0
0.7902235323016458	1928450	0.6056942526978175	0.6088736323949011	0.4457425928681637	23742	0.19916756168429048	0.19916756168429048	0
0.8951117661508229	1237368	0.5256663806323437	0.5331082808266306	0.4095544566345952	26252	0.21281739567754987	0.21281739567754987	0
0.8006632277081798	1011446	0.5807064472555731	0.5882289813436571	0.42193053213055953	22566	0.23007897685431936	0.23007897685431936	0
0.9158683370179317	1203802	0.5142707501284345	0.5241513815971883	0.41612087362695643	26734	0.2220857556543641	0.2220857556543641	0
0.850159665929747	3029358	0.6075549103639282	0.6100001627096282	0.44342880869274665	25936	0.18763228216922537	0.18763228216922537	0
0.744780152296733	716342	0.5155506865774534	0.5285126081540271	0.40862150359563193	20706	0.2744953827368773	0.2744953827368773	0
0.8237533775485139	1082272	0.5273193754283593	0.5346982876393552	0.4114316909536157	23946	0.20500279790379528	0.20500279790379528	0
0.7677474821911079	1065406	0.6007511950764969	0.6061777938251066	0.42390719360901036	23104	0.287078815773434	0.287078815773434	0
0.833701793171211	1630808	0.6321301462665175	0.6382243549030686	0.42147808156142363	23820	0.1875335547767324	0.1875335547767324	0
0.8351756325227218	821826	0.536049177117435	0.5464492520117613	0.40118408501108	23868	0.26173062060037344	0.26173062060037344	0
0.8351756325227218	1722458	0.5359372727849709	0.5418445404973677	0.4497926012743781	24500	0.22001037564041415	0.22001037564041415	0
0.7366740358634243	1030658	0.5926040886193905	0.5967852251179572	0.4263179139138666	21630	0.3168156708650341	0.3168156708650341	0
0.8200687791697372	1799516	0.6101512086820585	0.6152991948342116	0.43811962576418023	24792	0.1691367348963633	0.1691367348963633	0
0.8381233112257431	2146572	0.5431486418640924	0.5472353739185891	0.4366974717417323	25402	0.22618454717498757	0.22618454717498757	0
0.8255956767379022	1203948	0.4939333517377085	0.5033835874846788	0.42528529746852106	24476	0.16383167868832746	0.16383167868832746	0
0.8801277327437976	973992	0.5725435971763886	0.5797835940979331	0.40728006989980586	24494	0.27852284490708673	0.27852284490708673	0
0.860599361336281	2730488	0.6605689564729188	0.6630504876617502	0.42754391838959904	26294	0.18487519820845713	0.18487519820845713	0
0.8351756325227218	928788	0.5907480504293273	0.6013708996515014	0.4007255353129527	23884	0.24900457526169964	0.24900457526169964	0
0.8169982805207565	2524402	0.5185124405113187	0.5197541437273075	0.4533551216108716	24852	0.1855065248613098	0.1855065248613098	0
0.8208056988454925	773858	0.5504205277814617	0.5603021084090204	0.39066663550965947	23534	0.2689818329306323	0.2689818329306323	0
0.8246131171702284	1236004	0.5563488725093838	0.5656578670588964	0.4208425701768445	23012	0.2414792305475669	0.2414792305475669	0
0.8107344632768362	1784658	0.5299367190981165	0.5370517273877348	0.4399361164306786	24588	0.1670226453178972	0.1670226453178972	0
0.8951117661508229	2176952	0.5314613595813091	0.5386830189978257	0.42219343525213276	26342	0.17427914323876106	0.17427914323876106	0
0.8281748956030459	1351416	0.5476658527261637	0.553772889955142	0.4111560866221043	24192	0.23504018529490178	0.23504018529490178	0
0.8187177597641857	1328480	0.6025716991725932	0.6105877196803547	0.4168431551925215	24038	0.19622469955444122	0.19622469955444122	0
0.850159665929747	1170238	0.5676058543636296	0.5741342094830206	0.41256393801771524	24500	0.21738854118298664	0.21738854118298664	0
0.8398427904691722	897280	0.5492597019722534	0.5606885272049302	0.41066303536914894	24456	0.2819716354938732	0.2819716354938732	0
0.7581675264062884	1701094	0.5330015493367465	0.537111396862486	0.4518942090877796	22934	0.17722528280824557	0.17722528280824557	0
0.7904691721935643	738584	0.4216720348652852	0.4361644453695414	0.39806703186414766	22070	0.19355109957488334	0.19355109957488334	0
0.8130680422500614	1540388	0.5811762369908606	0.5864436279407791	0.4435993551206818	24132	0.17531637695040392	0.17531637695040392	0
0.8031196266273642	2325278	0.5854990070009537	0.5897837276950049	0.431955477128001	23942	0.13351158286858852	0.13351158286858852	0
0.8335789732252518	1069886	0.5847529652182798	0.5962964046190272	0.4185739884088586	24482	0.2623960575742081	0.2623960575742081	0
0.7977155490051584	3422886	0.5899211431280226	0.5927757892143375	0.46754215010777567	24566	0.13535262145472512	0.13535262145472512	0
0.8426676492262344	777370	0.5456737233314916	0.5520697608583874	0.40944800228014816	24398	0.2539210506656198	0.2539210506656198	0
0.8951117661508229	1358800	0.5208058904700076	0.5290926600108418	0.41271767230827794	25244	0.19592400484590897	0.19592400484590897	0
0.888602309014984	1357972	0.5857737548944876	0.5937143802001013	0.3966674439412037	25026	0.202271994939893	0.202271994939893	0
0.8576516826332596	1732556	0.5766009005934188	0.5835830101093653	0.4216193612737497	25228	0.16043140351897758	0.16043140351897758	0
0.7969786293294031	830088	0.5496579072464882	0.5554678426432214	0.3980777268342663	23036	0.2196682928743743	0.2196682928743743	0
0.7585359862441661	2635066	0.6496939833868633	0.6535899706338827	0.4481468873120502	22728	0.16239309634612262	0.16239309634612262	0
0.9048145418816016	1204678	0.58078333260885	0.5885232709718508	0.42952478458997545	26694	0.2692480330035059	0.2692480330035059	0
0.884180790960452	1413272	0.49470022046904205	0.5005862712240788	0.4243071256373696	25580	0.19518189599289582	0.19518189599289582	0
0.8913043478260869	2842054	0.6254192860575211	0.6264720008098389	0.4565236144271272	26470	0.15249428936937978	0.15249428936937978	0
0.8726357160402849	2158632	0.5707636777826933	0.5757819530261282	0.4278604034735238	26028	0.22123460202375508	0.22123460202375508	0
0.805207565708671	991422	0.47548980892827336	0.48809470730086707	0.4270321491639104	22728	0.2311776618795642	0.2311776618795642	0
0.8403340702530091	1494688	0.5624321566768193	0.56837998610742	0.44161654075235846	24958	0.19898052930896923	0.19898052930896923	0
0.7973470891672807	1340994	0.5974503599561071	0.602883756202303	0.43016770047387093	23062	0.21443755703675468	0.21443755703675468	0
0.8728813559322034	2995510	0.49483624766318385	0.5000864987408492	0.4517417271150325	26854	0.13223699603437344	0.13223699603437344	0
0.8753377548513879	1363458	0.5890404590484817	0.5990243930918598	0.4297258330536044	26382	0.22986821189999862	0.22986821189999862	0
0.8726357160402849	1714530	0.5355507348315242	0.5407943896692575	0.4298421922669889	26164	0.17384398953884142	0.17384398953884142	0
0.8489314664701547	2131712	0.5480481443858934	0.5557100775276943	0.433927014083438	25788	0.18761802553100373	0.18761802553100373	0
0.8129452223041022	830424	0.49267178709084775	0.5015588320997363	0.4248734315476963	24376	0.2413458809551359	0.2413458809551359	0
0.8248587570621468	1169840	0.5887191052309343	0.5955828396413166	0.42469775274553473	24238	0.2271344969161944	0.2271344969161944	0
0.8157700810611643	1731190	0.59145595741594	0.5972659970061011	0.4305874165505519	24672	0.19188740019930048	0.19188740019930048	0
0.8660034389584869	1419214	0.5181126313858041	0.5307132570434787	0.41364926542073616	24700	0.17004156671746604	0.17004156671746604	0
0.9130434782608696	2920158	0.6110137804787258	0.6139493920000504	0.42983760915873237	27848	0.15370968167015375	0.15370968167015375	0
0.9071481208548269	1336022	0.597044679227064	0.604120154064173	0.4134004351132395	26140	0.22599223584720418	0.22599223584720418	0
0.8726357160402849	1097974	0.5031017676866313	0.5158417263718259	0.4081781441660089	25514	0.2049798122025462	0.2049798122025462	0
0.871039056742815	1022262	0.5640608054565166	0.5715852843867817	0.41686135240134087	25990	0.2721466563175693	0.2721466563175693	0
0.7119872267256202	2378274	0.6107440888646615	0.6168959318317739	0.4400537878804475	21630	0.17124075427149402	0.17124075427149402	0
0.7410955539179562	1098694	0.6178085166034852	0.6230811525301606	0.43653601393256797	22206	0.33078211240080063	0.33078211240080063	0
0.7827315155981331	653634	0.5235016813075649	0.5298220672544129	0.3952891339165037	21922	0.2590994707571367	0.2590994707571367	0
0.7855563743551953	719448	0.5554575709193527	0.5679517697449389	0.4078776694794303	22610	0.289575087512829	0.289575087512829	0
0.8192090395480226	1521574	0.6098242586861764	0.6129572190537643	0.4275719786213683	22652	0.23759675407089662	0.23759675407089662	0
0.7751166789486612	1551838	0.6027467464576962	0.6061999966608557	0.43537978751131945	23208	0.23838995018173212	0.23838995018173212	0
0.8220338983050848	947948	0.48063543357155697	0.4878808682478781	0.4116972848001596	23202	0.1879124064230339	0.1879124064230339	0
0.8726357160402849	1465220	0.5684588908390574	0.573603120174327	0.4247444036146435	25796	0.2279722029185627	0.2279722029185627	0
0.9030950626381724	2781618	0.6104886812113269	0.6163284763276117	0.43450145106599325	26366	0.16582002120990086	0.16582002120990086	0
0.8919184475558831	1057138	0.4713948978050508	0.4847153312288413	0.4070699091127737	25424	0.19725174903172984	0.19725174903172984	0
0.8251043969540653	1962998	0.6266554039012276	0.6293028030252996	0.44009655252707214	25020	0.1829718955500107	0.1829718955500107	0
0.8356669123065585	1364714	0.5715195268779334	0.5772285348540566	0.43091962459764876	24654	0.2242008759090288	0.2242008759090288	0
0.857897322525178	1552948	0.577868803770328	0.5829350363167213	0.43689765566552524	25838	0.21001627132584066	0.21001627132584066	0
0.8576516826332596	1020816	0.5760289645467882	0.5841857684043552	0.40225025822054317	24598	0.2753535968650364	0.2753535968650364	0
0.8833210513387374	1400446	0.6007741274248378	0.6062850747480921	0.425368489829328	26498	0.25191076771133136	0.25191076771133136	0
0.7429378531073446	1275990	0.6001519249437789	0.6048365450699076	0.43426087941279007	22324	0.24325107948402622	0.24325107948402622	0
0.7946450503561778	957484	0.49545472216725955	0.5057451198664894	0.41558139689448814	22092	0.2535109101509234	0.2535109101509234	0
0.7901007123556866	755812	0.5124857857335344	0.521083096105421	0.41003342063910736	22552	0.26169431845897534	0.26169431845897534	0
0.850159665929747	1408882	0.5310235465486827	0.537423581615767	0.4313079809561149	24298	0.2140604687976325	0.2140604687976325	0
0.760746745271432	603430	0.5278739431106118	0.5348989094558629	0.39317102797135645	21478	0.2866723070086459	0.2866723070086459	0
0.8351756325227218	1509352	0.5451869591940415	0.5517517336270603	0.4189735049093952	23866	0.19269932299477321	0.19269932299477321	0
0.8054532056005895	2204648	0.5582604773694907	0.5647493851227207	0.42612473736254824	24054	0.1516544079796982	0.1516544079796982	0
0.7796610169491526	936972	0.5729660329709609	0.5848282887450785	0.40699406172949	21268	0.287357096651913	0.287357096651913	0
0.8504053058216654	1068444	0.5048908775320142	0.514957124023741	0.40888570257224494	25268	0.17735214588215006	0.17735214588215006	0
0.7682387619749447	1238116	0.6590240529429169	0.6659316282034103	0.41365862749091864	22228	0.27840421694173956	0.27840421694173956	0
0.8426676492262344	1057802	0.5763144927549055	0.5828515601948301	0.4166470309024299	24452	0.2812370927397763	0.2812370927397763	0
0.8816015720953083	1066508	0.5114312879878843	0.5236387947772972	0.4066009541636884	24636	0.20488118716210077	0.20488118716210077	0
0.7550970277573078	674616	0.5040123643454041	0.5134085462273118	0.4158891469129973	21494	0.26416722935576514	0.26416722935576514	0
0.7157946450503562	1455978	0.5176966168083964	0.5230407758820905	0.44538772868045634	21778	0.2581084097179254	0.2581084097179254	0
0.8726357160402849	939596	0.5217517671531519	0.5332412599844005	0.3958676974293856	24234	0.20145886465968685	0.20145886465968685	0
0.8043478260869565	1291064	0.6015537744721731	0.6078988682942388	0.4285902072693399	23544	0.23754783817451022	0.23754783817451022	0
0.8951117661508229	982158	0.46438125442025274	0.47269659349368953	0.4175394069003278	24918	0.17385556185215464	0.17385556185215464	0
0.8728813559322034	1242452	0.5449080877382396	0.551087641996477	0.3998901025503683	25246	0.1789124521612516	0.1789124521612516	0
0.866617538688283	2466650	0.6090970205179371	0.6112131030762565	0.4550744806473132	26814	0.17590715434901358	0.17590715434901358	0
0.8279292557111275	1066272	0.562411486319989	0.5692928855309622	0.41813141668635095	24550	0.2672088764981127	0.2672088764981127	0
0.8651436993367723	2162550	0.5975056165123905	0.6041453058833445	0.4339215187318062	25968	0.21070709771226814	0.21070709771226814	0
0.8651436993367723	1344926	0.5390967722189038	0.5443897922758455	0.4284340814191307	25408	0.21815426285709552	0.21815426285709552	0
0.8801277327437976	2126144	0.5796052889651494	0.5857047123992545	0.4356096319748742	25652	0.1908249168710293	0.1908249168710293	0
0.8384917710636207	2645408	0.6170328574104831	0.6186759508312719	0.44038228937995244	25042	0.13914070977358436	0.13914070977358436	0
0.7876443134365021	1297570	0.5955628189620151	0.6025213218165699	0.4108632849895244	22666	0.2083519811088622	0.2083519811088622	0
0.7904691721935643	1261650	0.49595659990837837	0.5014532792449515	0.4285014048931141	23028	0.20760342174852145	0.20760342174852145	0
0.7369196757553427	1155882	0.6273597984711067	0.6336115965132466	0.4317072427614282	21194	0.2748773306145916	0.2748773306145916	0
0.918201915991157	1419784	0.5714693577644502	0.5770248473757092	0.40940430102243464	26544	0.1922967807011906	0.1922967807011906	0
0.8876197494473103	2333246	0.6147017839007218	0.6210773468885008	0.4229119559788223	26038	0.20962140369987295	0.20962140369987295	0
0.8366494718742323	1337886	0.45891673500815394	0.46960097419276936	0.4249434455479229	24530	0.1829532248429956	0.1829532248429956	0
0.8801277327437976	1845232	0.6009832483563026	0.6047569014253064	0.4379788492691515	25930	0.22465556351689234	0.22465556351689234	0
0.7516580692704495	2227906	0.6498416961211583	0.6547471644433194	0.42666493994565524	22150	0.1743326968170061	0.1743326968170061	0
0.8878653893392287	1371016	0.5920428421424566	0.5991897608933635	0.40963974785958523	25664	0.1724927829235394	0.1724927829235394	0
0.844141488577745	1610356	0.6050699386778208	0.6095742780835282	0.41956522855037437	24544	0.22554515838191783	0.22554515838191783	0
0.850159665929747	3016668	0.588161528154011	0.5920798662057525	0.4533500154022112	26074	0.14369930334139294	0.14369930334139294	0
0.8361581920903955	1805192	0.5515425623067347	0.5570165961595098	0.4337075303005111	24426	0.17722911590286175	0.17722911590286175	0
0.7934168508965856	1683956	0.5713399112134572	0.5765459105827204	0.448434917532764	23546	0.17790536147452882	0.17790536147452882	0
0.8118398427904692	2852008	0.6352259906686425	0.6369885633912448	0.4436950010145946	24568	0.18274146373556988	0.18274146373556988	0
0.8680913780397936	1127582	0.5400039000896159	0.5498188460630457	0.42201910061780185	25756	0.2682614422839396	0.2682614422839396	0
0.880373372635716	974354	0.5198149865310601	0.5290615054701414	0.4075799305339493	25918	0.23364258019333295	0.23364258019333295	0
0.7170228445099485	950416	0.550177683719696	0.5537213192986312	0.42152152866511766	20698	0.22369985424900718	0.22369985424900718	0
0.8473348071726848	2794350	0.6328932687017601	0.638002917655259	0.4385878932414459	25794	0.1609014757496104	0.1609014757496104	0
0.9100957995578483	2135426	0.6173668068685476	0.6216622973036932	0.4339762934704073	27136	0.17633118729123431	0.17633118729123431	0
0.8850405305821666	1150626	0.5910369161094154	0.5990787996449302	0.41549817517641735	24850	0.27751733392951367	0.27751733392951367	0
0.8533529845246868	1935428	0.6467353055982216	0.6492747964671014	0.4243950762318758	25130	0.1655366710874912	0.1655366710874912	0
0.7467452714320806	1423362	0.6139087251692293	0.6177783500798869	0.4328812941589741	22848	0.19377240261763842	0.19377240261763842	0
0.8651436993367723	1061886	0.547937753327803	0.554090902862629	0.4199636646124099	25320	0.24078030634046924	0.24078030634046924	0
0.8651436993367723	1236742	0.5291193489661989	0.5383859247523967	0.41339608859209437	25774	0.18088698837497183	0.18088698837497183	0
0.7232866617538689	1173004	0.5291157433600365	0.5315969696833821	0.43458594596912586	20740	0.1894426611472705	0.1894426611472705	0
0.8426676492262344	1283078	0.5813698827784969	0.5850910903136229	0.4185784445728374	24272	0.22566782153793682	0.22566782153793682	0
0.8576516826332596	1135580	0.5520714332289237	0.5578542978146143	0.4252801850950883	25434	0.24944792202470303	0.24944792202470303	0
0.7916973716531565	1382504	0.5803989816114226	0.5845653283776763	0.4222246721658242	22614	0.2529542983484171	0.2529542983484171	0
0.8085237042495701	1954602	0.6232554660958302	0.6290544916973682	0.44369887258478435	24060	0.1809918860029114	0.1809918860029114	0
0.8201915991156964	977164	0.5037268919977694	0.5107801050114362	0.42482626031931736	23800	0.24228649194018873	0.24228649194018873	0
0.7558339474330631	2538002	0.6444744331971137	0.645558465128079	0.45853065383778685	23038	0.18926599663480193	0.18926599663480193	0
0.760746745271432	3677992	0.6564562318837256	0.6578816829596694	0.4591943137113002	22670	0.2053036227503209	0.2053036227503209	0
0.8788995332842053	2257742	0.6389740253116809	0.6415197844962692	0.45395794660465955	26012	0.19971418553527429	0.19971418553527429	0
0.8228936379267993	906690	0.49818272842873673	0.511621863022501	0.41809342497003477	24230	0.22978934598305104	0.22978934598305104	0
0.8539670842544829	1783294	0.5817459878663408	0.5923505876983026	0.4268374146465883	25486	0.16432067717277313	0.16432067717277313	0
0.8651436993367723	2506748	0.6345649588518195	0.6389927017550451	0.4300709988733445	26006	0.15978074147022106	0.15978074147022106	0
0.8876197494473103	821022	0.5170134281372337	0.5279266590299713	0.39582306107024623	25402	0.22986046057707052	0.22986046057707052	0
0.8076639646278556	873894	0.4866210827480529	0.49337834334157765	0.4077765829857975	23920	0.21320025014581176	0.21320025014581176	0
0.7980840088430361	956928	0.5252058708808992	0.5335597978752001	0.41555786506016457	22614	0.23148923442600253	0.23148923442600253	0
0.8291574551707197	1668070	0.5360087497009738	0.5424149672980593	0.4413101625016688	25480	0.15588151320066929	0.15588151320066929	0
0.8192090395480226	775828	0.530379312286558	0.5448425480614187	0.41562981634745183	23296	0.2882798029209731	0.2882798029209731	0
0.8876197494473103	830254	0.47880314476929264	0.49138277362735533	0.4013701467144481	26472	0.19099770904134358	0.19099770904134358	0
0.9043232620977647	1951644	0.5653549650959091	0.5696261576918483	0.4413618382835613	27466	0.1991237154211224	0.1991237154211224	0
0.8726357160402849	1090350	0.513197814878712	0.525110192757755	0.42116643577078583	25938	0.20263009355700976	0.20263009355700976	0
0.8911815278801277	2016518	0.5583900543168735	0.5606221183004765	0.4263781523802785	26714	0.16571059158886242	0.16571059158886242	0
0.8680913780397936	2653306	0.6252000551091215	0.6302878051643024	0.4209064050055276	25592	0.15523936850686001	0.15523936850686001	0
0.8545811839842791	2715984	0.5939998430397387	0.6018951171275891	0.4327750440592797	24682	0.17669328531007963	0.17669328531007963	0
0.8395971505772537	1411854	0.5203656723109235	0.5310386243061747	0.4244511757960496	24730	0.15294115709083483	0.15294115709083483	0
0.9250798329648735	1164664	0.5185196255662989	0.5288413103211714	0.41104309334545386	26850	0.22075430213996317	0.22075430213996317	0
0.8126995824121838	1056596	0.566497108686027	0.5725783514285396	0.42770343962844803	24664	0.26247352367470084	0.26247352367470084	0
0.805698845492508	2106840	0.5923861605453072	0.5977501306318509	0.41733466246117223	23526	0.2048981659098419	0.2048981659098419	0
0.8951117661508229	2126862	0.5849774207775511	0.593570835660915	0.42800321285928633	26608	0.20956694111333096	0.20956694111333096	0
0.7602554654875952	1589226	0.5512724640554718	0.55587336578367	0.43269561238907267	22602	0.2605971821524519	0.2605971821524519	0
0.8335789732252518	1019388	0.6016633441718359	0.6092332222435181	0.41153995658758163	24192	0.29983793740360704	0.29983793740360704	0
0.7382706951608942	1539416	0.5973776247921343	0.6006094976029623	0.4249337286504848	22098	0.24475341638019713	0.24475341638019713	0
0.7483419307295505	937044	0.5856403922642943	0.5905548173344973	0.43080011068832375	21818	0.30562599749038377	0.30562599749038377	0
0.749692950135102	1255494	0.5696579994454015	0.5749864291373482	0.42549635810991115	20904	0.26632072084350544	0.26632072084350544	0
0.9120609186931958	2156168	0.6034869273040987	0.6086166394312376	0.423104114485696	26836	0.23392577866171707	0.23392577866171707	0
0.81012036354704	2573032	0.6535342188348684	0.6556193487169261	0.442775399806183	23512	0.21006597318700584	0.21006597318700584	0
0.8547040039302383	1478840	0.5618181885422776	0.5656627940644537	0.4534956128009647	25348	0.25763255221645215	0.25763255221645215	0
0.8878653893392287	1085128	0.5207565523399866	0.5299242942878445	0.408571028310076	25590	0.211127765560166	0.211127765560166	0
0.8410709899287644	1156478	0.4824198324670186	0.4927308328941371	0.4172467757756335	24654	0.22664263879700208	0.22664263879700208	0
0.7877671333824613	997520	0.6333120718247233	0.6387515798890556	0.4205333362524854	22580	0.31947943725284905	0.31947943725284905	0
0.8661262589044461	1160272	0.5425894537758781	0.550061681439734	0.41928045236934314	25202	0.2045125765081863	0.2045125765081863	0
0.8726357160402849	2659078	0.6392280660954734	0.6434379110135617	0.4349844922443038	26094	0.19115413471423073	0.19115413471423073	0
