Utilization	Connections(A2A)	Lvl1TraffRatio(A2A)	Lvl1TraffRatioNoIndirect(A2A)	RatioIndirect(A2A)	Connections(AR)	Lvl1TraffRatio(AR)	Lvl1TraffRatioNoIndirect(AR)	RatioIndirect(AR)
0.9784394250513347	159498	0.5371900840815403	0.541044744856644	0.3392125283856576	6218	0.21264609993018868	0.21264609993018868	0
0.9045174537987679	152944	0.01753385370214084	0.023409698646781867	0.36593962923154266	5990	0.06701598298531823	0.06701598298531823	0
0.9774127310061602	68522	0.10109937758221998	0.11019889130836907	0.2544380320739789	5372	0.16832632011988824	0.16832632011988824	0
0.8583162217659137	91416	0.28588554215520573	0.28929000875412353	0.3890654246340115	5394	0.21625307943158403	0.21625307943158403	0
0.9691991786447639	78344	0.12160579730817471	0.13213716373625742	0.31101769507532734	6230	0.18766123743871285	0.18766123743871285	0
0.9132443531827515	233384	0.6185160088932893	0.6313467462497503	0.3858608180978384	5668	0.15828328656953844	0.15828328656953844	0
0.9794661190965093	177292	0.5051328253067526	0.51039442727847	0.3462894162874394	6118	0.19666913273752626	0.19666913273752626	0
0.952258726899384	97956	0.0730200014466644	0.08339770661236115	0.3358406321137421	6180	0.15312134906348662	0.15312134906348662	0
0.917864476386037	95216	0.08349668659002865	0.09545263476037415	0.311968874753755	5436	0.11239790374405458	0.11239790374405458	0
0.9722792607802875	80142	0.060259292145202356	0.07128552865112397	0.27195706335560005	5590	0.1579774625480792	0.1579774625480792	0
0.971252566735113	81120	0.2505308372420788	0.2578916123189459	0.28379458865547846	5660	0.25763868948426283	0.25763868948426283	0
0.9938398357289527	71184	0.14787236998456166	0.15963629218533287	0.2779937705476383	5960	0.17105896757325367	0.17105896757325367	0
0.9045174537987679	160928	0.3947579860547903	0.39643812973576587	0.40282603868289657	6102	0.3268765559730216	0.3268765559730216	0
0.7222792607802875	78410	0.2357740545792698	0.24020224171318047	0.39404465768517966	4640	0.21518005899722997	0.21518005899722997	0
0.9815195071868583	143706	0.48822637962699206	0.5094206471214439	0.3239807117693101	5870	0.1890137637825609	0.1890137637825609	0
0.9045174537987679	171614	0.40684707583516777	0.4108845728661696	0.40336327399909305	6162	0.16309114227364047	0.16309114227364047	0
0.9856262833675564	95058	0.13276681509807842	0.15566419592868086	0.2873468268072657	5706	0.12221913263615268	0.12221913263615268	0
0.9835728952772074	52176	0.18541934486373063	0.20784762270574547	0.25330428584700343	5602	0.20587130937312825	0.20587130937312825	0
0.9753593429158111	156078	0.3155965457318871	0.3339130092071596	0.3432903339928634	6130	0.12530549159438695	0.12530549159438695	0
0.9702258726899384	133400	0.04035508476869332	0.0424006457718792	0.3452026064256319	6284	0.052376784247133594	0.052376784247133594	0
0.9948665297741273	88636	0.0907669406076196	0.10400755653226693	0.30060578280379413	6170	0.1466891339970732	0.1466891339970732	0
0.9830595482546202	192004	0.5324584028142663	0.5392084810618791	0.349617653638121	6250	0.24081586314074432	0.24081586314074432	0
0.9815195071868583	92210	0.2262797674269956	0.23564812607932925	0.3286775571722771	6374	0.22248056073366013	0.22248056073366013	0
0.9897330595482546	73250	0.14535054912579934	0.16251636903550262	0.28072139634629595	5782	0.15365399434895202	0.15365399434895202	0
0.9743326488706365	86172	0.13483569015038846	0.1497536387513874	0.3033016642681525	5916	0.17078346125595942	0.17078346125595942	0
0.9691991786447639	170376	0.4954999550282288	0.4996114655364813	0.34631615908855284	6178	0.16539004085224157	0.16539004085224157	0
0.8963039014373717	76502	0.07862339792471712	0.08755690403183464	0.29301487392436937	5218	0.18331470370810954	0.18331470370810954	0
0.9286447638603696	116344	0.35373853350533	0.35523921945204395	0.3716094151330703	5662	0.17189681694364436	0.17189681694364436	0
0.9224845995893224	112454	0.06798575357661946	0.0773674777292682	0.33403426138113573	5702	0.12670643592381284	0.12670643592381284	0
0.973305954825462	151628	0.466283784829229	0.47358119612201766	0.32313436185612615	5834	0.16655117964188085	0.16655117964188085	0
0.9845995893223819	101260	0.10465237174087384	0.10934429672423969	0.29479692752439607	5696	0.14842660095848864	0.14842660095848864	0
0.9548254620123203	81270	0.1147515357534419	0.13437641406578008	0.3090602684502208	5860	0.20868393273473912	0.20868393273473912	0
0.9907597535934292	129532	0.28606164511794124	0.29579615343181637	0.3598948388537653	6098	0.14990260627346455	0.14990260627346455	0
0.9722792607802875	108304	0.06999797964599715	0.07916151970089966	0.3162013979783958	6136	0.14174801499946893	0.14174801499946893	0
0.9768993839835729	81914	0.2834542131915938	0.2897908665429935	0.32547735611877254	6122	0.26310431461217787	0.26310431461217787	0
1.0	58012	0.12842778087904366	0.14714956421771463	0.2844867024905528	6178	0.17508100874715035	0.17508100874715035	0
0.9815195071868583	124494	0.33623949576694895	0.3526148751721136	0.3168664737745464	5744	0.14418628568037187	0.14418628568037187	0
1.0	56742	0.09463317933228722	0.11643860835094991	0.2470412356714964	5632	0.1318266138087104	0.1318266138087104	0
0.8629363449691991	186514	0.5692263386322504	0.5705719098902265	0.4209721874395123	5878	0.20295764333725883	0.20295764333725883	0
0.9543121149897331	92692	0.10399821333603183	0.11426157639561058	0.2955507979560667	5774	0.07999160761126853	0.07999160761126853	0
0.9317248459958932	181980	0.42713644742325624	0.4375283273763441	0.3692272479318222	6004	0.14801499295165918	0.14801499295165918	0
0.9815195071868583	101948	0.06558595724479714	0.07262414559341387	0.30105399984693915	5882	0.15746789689907573	0.15746789689907573	0
0.9681724845995894	99048	0.2640453348305474	0.2762928392228295	0.34650337959274463	5900	0.1859723155089772	0.1859723155089772	0
0.9779260780287474	167704	0.5270602633029	0.5280900352679474	0.3431409527752672	6142	0.19867597281006721	0.19867597281006721	0
0.9774127310061602	65260	0.12956269747003488	0.1421127732113456	0.27217693771969687	5610	0.23596995781616315	0.23596995781616315	0
1.0	50236	0.1509759737452604	0.17530565612588986	0.27664249531873153	6080	0.19303591313261337	0.19303591313261337	0
1.0	83312	0.09063041076852406	0.10406816927523185	0.285196119346747	5896	0.1249248282966848	0.1249248282966848	0
0.864476386036961	88490	0.16658261219566703	0.17136919306945295	0.3270885703917683	4848	0.16077428864725152	0.16077428864725152	0
0.7931211498973306	117034	0.3834096713202674	0.3875991809587842	0.3950393685758719	5210	0.20710788600795274	0.20710788600795274	0
0.8162217659137577	169286	0.5356589038809156	0.5366289429304798	0.3832681294669291	5384	0.1810246142142544	0.1810246142142544	0
0.9609856262833676	175972	0.5092189843032577	0.5104602006861876	0.3608017187651627	6248	0.20759852610266954	0.20759852610266954	0
1.0	53038	0.1567410864984154	0.17484026759995563	0.27887127665764294	6110	0.18029579693914785	0.18029579693914785	0
0.9938398357289527	73122	0.150256501010171	0.16768197008049784	0.29236823689464403	5926	0.15893051219733145	0.15893051219733145	0
1.0	39066	0.30421412962805744	0.33694565991798353	0.22124668744160858	5628	0.21699394243448572	0.21699394243448572	0
0.9650924024640657	52650	0.20485173007231494	0.22192350039895406	0.2975506393550809	5958	0.24096390244213128	0.24096390244213128	0
0.9676591375770021	91542	0.07410713500114233	0.08554729508294782	0.2885797232590264	5658	0.12747597989477444	0.12747597989477444	0
0.971252566735113	133674	0.3672901515249423	0.38834167405425163	0.28940116176777025	5646	0.14784176101235136	0.14784176101235136	0
0.9887063655030801	66242	0.07104554825653966	0.08484531504674543	0.2518318659822479	5514	0.10903445308912701	0.10903445308912701	0
0.8978439425051334	93408	0.35180182788690506	0.3555678211229088	0.35741968211849645	5552	0.17556254733729826	0.17556254733729826	0
0.9856262833675564	113498	0.1532388095411529	0.1615692667632822	0.34205489454316657	6428	0.17179515540174442	0.17179515540174442	0
0.978952772073922	210966	0.5416860819128186	0.5472218864513381	0.3355519661641581	5948	0.1776487845955304	0.1776487845955304	0
0.971252566735113	222170	0.5895165806887899	0.591378589833344	0.3672388419326191	6238	0.15818469602179314	0.15818469602179314	0
0.9794661190965093	149392	0.48863229294736027	0.5037810210528888	0.3561214747954939	6346	0.21396217149046443	0.21396217149046443	0
0.9630390143737166	77062	0.15214412706919567	0.16505573702549525	0.29279133173660715	5680	0.17419045005281855	0.17419045005281855	0
1.0	191914	0.5265537794637385	0.5334975668942766	0.34872033752012915	6116	0.1735876250486212	0.1735876250486212	0
0.7951745379876797	134662	0.28446226211121545	0.28806945745021945	0.4212046370422431	5578	0.15433521191086097	0.15433521191086097	0
0.9671457905544147	75466	0.08386826961883155	0.09239849662859778	0.2594931750362199	5512	0.1226212351353235	0.1226212351353235	0
0.9691991786447639	47636	0.1729600529630076	0.20684407699920154	0.2413253074080228	5246	0.19930072622311776	0.19930072622311776	0
0.8726899383983573	98682	0.28289264342100096	0.28385729849959757	0.33774333088250197	5530	0.18206241489188635	0.18206241489188635	0
0.9666324435318275	91208	0.08391312188675491	0.09181015788730669	0.29107212531394544	5720	0.10741945289806556	0.10741945289806556	0
0.9815195071868583	91524	0.2960484291286053	0.2986337221618273	0.30845410575436655	5936	0.2008587040665485	0.2008587040665485	0
0.8886036960985626	101850	0.0922564243911829	0.10983667019388005	0.31584318377350834	5636	0.08910736153641947	0.08910736153641947	0
0.9743326488706365	153180	0.4335264743853416	0.4369102721615116	0.33125949212751327	5936	0.17562118535453144	0.17562118535453144	0
0.9650924024640657	46178	0.20562277519553562	0.21567582290174458	0.27605312395977577	5946	0.23248341448205373	0.23248341448205373	0
0.9871663244353183	146410	0.45622546562566574	0.47743612709439176	0.325251495166652	6062	0.14557460506653214	0.14557460506653214	0
0.9876796714579056	64514	0.08509507753661998	0.09775818938043507	0.2517021182671864	5380	0.2111545433227479	0.2111545433227479	0
0.9691991786447639	94810	0.06937822973701706	0.08505640519906128	0.3139185089619915	6090	0.12606370949150436	0.12606370949150436	0
0.9917864476386037	73762	0.12726545786769036	0.13806548773795688	0.2831949589082358	5960	0.19786268550649747	0.19786268550649747	0
0.9938398357289527	69104	0.1931624439302724	0.2063595609739484	0.27067993784228334	5862	0.18690977263772515	0.18690977263772515	0
0.9835728952772074	40184	0.16478765764722006	0.1829806653195568	0.2308484011117421	5558	0.1327229138598962	0.1327229138598962	0
0.9722792607802875	102096	0.3264638081965742	0.3316071579123098	0.3347956101449519	5954	0.22040938487741207	0.22040938487741207	0
0.9861396303901437	88394	0.06316358426483726	0.0748555188661579	0.3137532404100433	6160	0.13481988192919353	0.13481988192919353	0
0.9727926078028748	121562	0.05814471348380933	0.06333056397888483	0.34440956826787184	6310	0.1175658019763579	0.1175658019763579	0
1.0	80622	0.16608358053015726	0.17705477183007648	0.3015677054345149	5978	0.19689387532078245	0.19689387532078245	0
0.9933264887063655	163730	0.4521662580490661	0.45796996766241826	0.33079257391313915	6002	0.19056837742410723	0.19056837742410723	0
0.9835728952772074	150070	0.5115004447805598	0.5146257437089425	0.3196852048392691	5776	0.19583997750417045	0.19583997750417045	0
0.971252566735113	83950	0.06775068568500356	0.07623409488869834	0.2923276207589901	5826	0.12720078764977605	0.12720078764977605	0
0.9640657084188912	134814	0.3151219381006763	0.3295449797195691	0.3379202544543261	5822	0.13190763014858997	0.13190763014858997	0
0.9327515400410678	59234	0.14960479772810437	0.16527913594681973	0.27068876720886004	5322	0.1714976274791511	0.1714976274791511	0
0.997946611909651	94800	0.11996317448088793	0.13290813321660813	0.32619802864518194	6408	0.18887015811004432	0.18887015811004432	0
0.9763860369609856	122374	0.038610178159755836	0.04695716722887399	0.3281233318586407	6124	0.10246524135781011	0.10246524135781011	0
0.9835728952772074	49498	0.1406212059718245	0.1635656902912894	0.2501149990488715	5488	0.16011814964675153	0.16011814964675153	0
0.9753593429158111	98842	0.08702169297165804	0.10042247247319233	0.3011970996062918	5768	0.17846352680023111	0.17846352680023111	0
0.9784394250513347	144484	0.4854170998144878	0.4891528995095172	0.3014330020956992	5486	0.10959867119061482	0.10959867119061482	0
0.9835728952772074	79102	0.11981156036350891	0.12923412734879855	0.28859585882387867	5824	0.21774348727936355	0.21774348727936355	0
0.9697125256673511	82566	0.19826002087062575	0.2021651415745593	0.3020925205605646	5906	0.17570216488257798	0.17570216488257798	0
0.9614989733059548	102958	0.02529425524142299	0.030847056796770685	0.3161000366676159	5916	0.11354243851383077	0.11354243851383077	0
0.9661190965092402	112254	0.05860118610115781	0.06593963845348633	0.3232328736716186	6154	0.06796220079282472	0.06796220079282472	0
0.9774127310061602	38526	0.25209222638742357	0.27860187847818263	0.21282926455052545	5380	0.2068681529099446	0.2068681529099446	0
0.9856262833675564	75060	0.12153021894527363	0.13911556108444773	0.3025612507468187	5978	0.19820533847388044	0.19820533847388044	0
0.9440451745379876	176154	0.45594809151987237	0.46840741573166894	0.3707006696156509	6220	0.16698920569757142	0.16698920569757142	0
0.973305954825462	137344	0.3130397775654374	0.3287707704043908	0.34321272340605335	6102	0.1469227138596212	0.1469227138596212	0
0.8993839835728953	119760	0.1664834549799765	0.1762669832911989	0.36809557933511344	5700	0.10697323205478358	0.10697323205478358	0
0.9650924024640657	109818	0.03889696758307893	0.04240536329036552	0.3321641575221912	6144	0.08648636077283525	0.08648636077283525	0
0.9137577002053388	116418	0.06787057815744603	0.08559229719742247	0.3534300792619271	5972	0.10915993169400152	0.10915993169400152	0
0.9440451745379876	114650	0.06732929970218951	0.07859336155924122	0.3253890959339553	5934	0.10367021337987933	0.10367021337987933	0
0.856776180698152	151808	0.34664138696460106	0.3577612183993382	0.3746329023035491	5404	0.19768112727806927	0.19768112727806927	0
0.9897330595482546	75366	0.11235143425264214	0.1295619802418054	0.2571579929575862	5738	0.12208148201521964	0.12208148201521964	0
0.9753593429158111	169964	0.5440399022601488	0.5457040707576679	0.34811501745013396	6290	0.20698665286734835	0.20698665286734835	0
0.9938398357289527	70354	0.2359918168668534	0.2501625009474624	0.28425605028945683	5946	0.1703438489077812	0.1703438489077812	0
0.9753593429158111	121702	0.34142218939898833	0.3579718659737282	0.3243748439153018	5974	0.1663959503462977	0.1663959503462977	0
0.9584188911704312	91942	0.048140316262400264	0.0561325303371123	0.3011401538669977	5646	0.0967884461786761	0.0967884461786761	0
0.9835728952772074	145710	0.30978343276210923	0.3305627247616153	0.32882364075470905	5912	0.13780253237514828	0.13780253237514828	0
0.963552361396304	69004	0.14911016757473675	0.16388793074303937	0.24439967742698554	5232	0.14939356152057767	0.14939356152057767	0
0.9681724845995894	111574	0.02320858034854942	0.030654437913748733	0.31724934371610797	6028	0.11753504973134864	0.11753504973134864	0
0.9815195071868583	81880	0.20958631968001493	0.21943712925292647	0.28922739809642967	5896	0.16932778203070525	0.16932778203070525	0
0.9774127310061602	152282	0.5211951779071445	0.5312380896741623	0.3272696690160036	5766	0.2170568371740379	0.2170568371740379	0
0.9815195071868583	96242	0.07644605262225007	0.08539398157231182	0.3317663892054076	6416	0.14441003400846542	0.14441003400846542	0
0.9958932238193019	178216	0.5684862775788342	0.5753282779968296	0.35774814674965255	6290	0.16333586945265638	0.16333586945265638	0
0.9835728952772074	116552	0.2739137772259156	0.27485548094229945	0.36595703756985104	6444	0.2041399060767937	0.2041399060767937	0
0.9753593429158111	98244	0.3169051943594858	0.322017360384286	0.320913556505526	6138	0.22961343808244417	0.22961343808244417	0
0.87782340862423	214658	0.4558681880907066	0.4551683550909261	0.4427599738152577	6336	0.2244469237255576	0.2244469237255576	0
0.8408624229979467	115736	0.39766881487431804	0.3990627523741709	0.41969034984119585	5894	0.2744350610860711	0.2744350610860711	0
0.9014373716632443	222986	0.5991378526324767	0.6027489642847361	0.3806946996911827	5816	0.16797723184206861	0.16797723184206861	0
1.0	67240	0.15618281018210622	0.17229467674309967	0.2640902812584525	5852	0.16509391100150753	0.16509391100150753	0
0.8121149897330595	137560	0.29815929887458337	0.3009822115163835	0.4386001122409588	5622	0.2080439416995594	0.2080439416995594	0
0.8952772073921971	114548	0.27512149839911376	0.2752467499493606	0.37005861852757466	5472	0.1832590920890874	0.1832590920890874	0
1.0	64988	0.2174595292785904	0.22914716127050413	0.2865541744732385	6250	0.1387928102993382	0.1387928102993382	0
0.9835728952772074	67816	0.16135615756466426	0.18163219375838413	0.2746798082421634	5744	0.19022995780533025	0.19022995780533025	0
0.9897330595482546	64962	0.14772158877376382	0.1624245522964571	0.2840579830844999	5902	0.21985834984929828	0.21985834984929828	0
0.9543121149897331	101904	0.0754116851761077	0.08357986445410359	0.3280750219007929	5820	0.17545439192638299	0.17545439192638299	0
0.9045174537987679	80330	0.27326355727259044	0.2896650766514066	0.3456645178825633	5536	0.14508882267688322	0.14508882267688322	0
0.9697125256673511	82280	0.09987716517247314	0.10463844345293125	0.3139056889498731	6308	0.14597933315411588	0.14597933315411588	0
0.971252566735113	63640	0.09435878657907865	0.10420772660453001	0.2889210851156737	5982	0.14024869435993179	0.14024869435993179	0
0.9958932238193019	57712	0.15714942891992353	0.17515515905172926	0.26217353128212645	5782	0.17108312351437244	0.17108312351437244	0
0.9815195071868583	101920	0.05349209139370696	0.0613882636925397	0.3088256550970138	6000	0.13378671922297852	0.13378671922297852	0
0.9681724845995894	73408	0.13923643888225168	0.15469633880295192	0.2718606065420361	5488	0.2053559034511911	0.2053559034511911	0
0.9691991786447639	63026	0.1324745069890857	0.1521122383007593	0.2662347556385552	5474	0.17194940312466372	0.17194940312466372	0
0.9722792607802875	172562	0.5323005231299845	0.5367563641697337	0.3485277594883678	6254	0.18209914031531574	0.18209914031531574	0
0.973305954825462	149960	0.4325309090363635	0.4390405679963872	0.32813092775708186	5886	0.163794335646462	0.163794335646462	0
0.9897330595482546	89670	0.05045595207616064	0.06139082670704037	0.3086172009013221	6252	0.12115070933299697	0.12115070933299697	0
1.0	82790	0.08798685821819532	0.09704383686237253	0.2875684720619376	5842	0.211646993017572	0.211646993017572	0
0.927618069815195	237868	0.6066565811509809	0.608870057958669	0.3973189555066003	6078	0.19313333726251558	0.19313333726251558	0
0.9969199178644764	152434	0.4700355608647513	0.475190846243539	0.33028099544451955	6234	0.18922698396656112	0.18922698396656112	0
0.9614989733059548	154048	0.5194059527750332	0.5273614220739417	0.3421184999728513	6120	0.18245369343678308	0.18245369343678308	0
0.9337782340862423	189234	0.5593778166833643	0.5593931522378238	0.3789496358088917	6186	0.2119329535878875	0.2119329535878875	0
1.0	47784	0.08784731017193077	0.1087451607810874	0.21957208946607523	5206	0.13828173383475706	0.13828173383475706	0
1.0	143604	0.273549619816106	0.292024829317399	0.34929953753274434	6124	0.17599396854204002	0.17599396854204002	0
0.9630390143737166	65966	0.15614032780559073	0.16946967889678546	0.2627692925540678	5352	0.250777039769372	0.250777039769372	0
1.0	72418	0.15364513659934065	0.17105723562197014	0.30431990134104786	6166	0.15961951815175007	0.15961951815175007	0
0.971252566735113	67082	0.1045498976040758	0.12326100039519296	0.24957354992363992	5352	0.16804079253947357	0.16804079253947357	0
0.9517453798767967	43694	0.2008258516746692	0.22162223206638165	0.23467417501421872	5054	0.19450563722371406	0.19450563722371406	0
0.9784394250513347	81994	0.1733436460810474	0.1809941423370894	0.3275737008183968	6150	0.23812131128516484	0.23812131128516484	0
0.9558521560574949	106570	0.03233646535293014	0.037683599835591955	0.31158130027567266	5856	0.11973998877147829	0.11973998877147829	0
0.9640657084188912	62638	0.150348401586494	0.1752874710987371	0.2579047387763397	5304	0.20856172758573763	0.20856172758573763	0
0.971252566735113	103704	0.15448832501724732	0.18120940943026917	0.3362264953840714	5962	0.11327173799815064	0.11327173799815064	0
0.9835728952772074	48870	0.12012266941138891	0.13811181753750648	0.24527551562186323	5594	0.1291568903704784	0.1291568903704784	0
0.9876796714579056	67594	0.16690738577666822	0.1804829527956117	0.2874142515672616	5846	0.1903467064273852	0.1903467064273852	0
0.9835728952772074	144370	0.4397180355937253	0.46489037529630556	0.32645987799220527	6088	0.13294567603017932	0.13294567603017932	0
0.9840862422997947	117900	0.2650096586551193	0.281960890275509	0.3514623368793787	6260	0.17979881802815956	0.17979881802815956	0
0.9691991786447639	151308	0.49305962222056743	0.4961761465047097	0.3217109057677934	5698	0.1509001893232105	0.1509001893232105	0
0.8993839835728953	175404	0.5357061559434017	0.5366233019338561	0.3894992027843632	5998	0.2056839587272803	0.2056839587272803	0
0.9815195071868583	159778	0.5149007647669331	0.513878570506918	0.3386339754432482	6148	0.19118381432234066	0.19118381432234066	0
0.9589322381930185	62866	0.120076580356829	0.13327945905916638	0.26679215847652327	5454	0.13845749600741913	0.13845749600741913	0
0.963552361396304	130398	0.31245638274629195	0.329479832843569	0.3407989416862102	6052	0.15628538653668064	0.15628538653668064	0
0.9630390143737166	155072	0.4488619324073046	0.4557263235547063	0.34920694819383863	6248	0.20269879848448324	0.20269879848448324	0
0.946611909650924	236584	0.6142167645985055	0.6226762510538814	0.3914470302761212	6196	0.16167980441561275	0.16167980441561275	0
0.9794661190965093	38168	0.2639122398426176	0.26968315541324184	0.23533095107143995	5468	0.20637966028230653	0.20637966028230653	0
0.9589322381930185	210216	0.5353453437426361	0.5388758501724511	0.388187553393411	6146	0.20251997899957339	0.20251997899957339	0
0.9912731006160165	68616	0.09246550833474536	0.11265175494996378	0.26433326768311277	5674	0.13242696795177694	0.13242696795177694	0
0.9825462012320328	109770	0.06532298728225397	0.07728871452984729	0.3328035993353676	6260	0.1655109215041821	0.1655109215041821	0
0.9779260780287474	163960	0.35257652529590855	0.36684445635055163	0.358385440431215	6048	0.2294066958067407	0.2294066958067407	0
0.9650924024640657	71024	0.1200052063953675	0.1375533444751454	0.2768138984329443	5476	0.17749056436447483	0.17749056436447483	0
0.9650924024640657	72082	0.08328044340669197	0.1044276103852547	0.2728992106734617	5480	0.1350603317764924	0.1350603317764924	0
0.9815195071868583	80610	0.22055290540826053	0.22938143151032764	0.28688671068851984	5608	0.1850358134336403	0.1850358134336403	0
0.9455852156057495	98586	0.09743215319363609	0.10446067972541048	0.33494517650611216	5878	0.20687069924669138	0.20687069924669138	0
0.963552361396304	79868	0.08361225879830973	0.09027228945302936	0.3046784885469551	5972	0.208131589452294	0.208131589452294	0
0.7797741273100616	117068	0.2566971616363818	0.26077425586015457	0.42638396770436954	5438	0.11488443545548253	0.11488443545548253	0
0.9794661190965093	85290	0.27061196858886816	0.27705172604390815	0.292296379313777	5874	0.23786450288525132	0.23786450288525132	0
0.8090349075975359	164244	0.4056122112347238	0.41152138689734546	0.4000444686715164	5304	0.24675263114201212	0.24675263114201212	0
0.9876796714579056	127846	0.34822992604764724	0.3749756583022178	0.32547843751162586	5912	0.18910734112683628	0.18910734112683628	0
0.9661190965092402	156264	0.4449349178557509	0.4640442831627964	0.33377032988550864	5980	0.13910411446127793	0.13910411446127793	0
0.9897330595482546	77008	0.10633551799936555	0.11649879941460078	0.2866406800739711	5860	0.18697385085052534	0.18697385085052534	0
0.971252566735113	163684	0.39778026766514546	0.4012164076035963	0.3517490400722141	6042	0.21591273266140432	0.21591273266140432	0
0.9876796714579056	86340	0.1339839357861346	0.1429039649497307	0.3081245374540213	6032	0.18862810384861536	0.18862810384861536	0
0.9794661190965093	82796	0.13650438449712596	0.15052905760366955	0.3058879959236341	6080	0.19853163335522964	0.19853163335522964	0
0.9851129363449692	63262	0.13007146826689642	0.1432615834694194	0.25583100484316107	5392	0.15342774202643894	0.15342774202643894	0
0.9871663244353183	164748	0.43163588629758654	0.4322041876647113	0.3326781555885825	5958	0.18541665647237862	0.18541665647237862	0
1.0	39330	0.34937517892233766	0.3724921335846325	0.18948593487484935	5116	0.26751523021767726	0.26751523021767726	0
0.9856262833675564	66544	0.17150722447404806	0.1921204782220125	0.27014178745297823	5560	0.2585503889640288	0.2585503889640288	0
0.9876796714579056	73486	0.12237225523329187	0.13594610398430582	0.25909095346979016	5512	0.22712831076643664	0.22712831076643664	0
0.8655030800821355	151532	0.4653273922423369	0.4681350795226756	0.4275162600923774	6092	0.2648388693219629	0.2648388693219629	0
0.9779260780287474	106026	0.37592713783135245	0.3832204316880859	0.3655301531384942	6244	0.1782059222318351	0.1782059222318351	0
0.9856262833675564	167134	0.3874393467425015	0.4150192542853139	0.3486529826971483	6276	0.1496163893991621	0.1496163893991621	0
0.9784394250513347	143608	0.41810597220027795	0.4288964975515248	0.32380731215266784	5732	0.1730785030028471	0.1730785030028471	0
0.856776180698152	114196	0.3129502152875483	0.3166985690529827	0.4234084977769754	5912	0.2144891803443939	0.2144891803443939	0
0.9589322381930185	70948	0.09698357455794834	0.1084704812550622	0.27481116762569296	5586	0.172047357582131	0.172047357582131	0
0.7772073921971252	68352	0.2317545466925392	0.24014549696762943	0.3540919220847257	5096	0.14519752883837508	0.14519752883837508	0
0.9794661190965093	60850	0.16022958567886228	0.17554240163513563	0.27449647049192966	5546	0.23190125933845687	0.23190125933845687	0
0.9260780287474333	228546	0.6332582693755701	0.6374744579010819	0.40361850567882346	5902	0.1732313100208916	0.1732313100208916	0
0.9204312114989733	109146	0.27767306924501794	0.2798652873985357	0.38362273577378914	6098	0.1634265301431371	0.1634265301431371	0
0.8886036960985626	166168	0.3754801970593427	0.38727231684710856	0.39035400693891503	5872	0.13274515424894098	0.13274515424894098	0
0.9368583162217659	169338	0.5387475365496095	0.5382303857002262	0.3721827727767318	6182	0.21094407389723466	0.21094407389723466	0
0.9691991786447639	154246	0.5462405947078717	0.547707060838369	0.3190057885323992	5912	0.17257161412586647	0.17257161412586647	0
0.9640657084188912	79978	0.3574690146253581	0.3650444018256158	0.2858677801226463	5586	0.15042092313695413	0.15042092313695413	0
0.9794661190965093	58742	0.17959533556973262	0.2037992356365669	0.27169630628422453	5720	0.2027217023650539	0.2027217023650539	0
0.9702258726899384	71038	0.12705937072064527	0.14880598754874813	0.3034437133103998	5872	0.20061123907214906	0.20061123907214906	0
1.0	66592	0.0996600556173487	0.11672578702110083	0.26265724098259735	5670	0.1644340784554099	0.1644340784554099	0
0.9676591375770021	170744	0.41336247912692536	0.42450424056225877	0.3693871443346904	6358	0.1871316006066638	0.1871316006066638	0
0.9876796714579056	83152	0.07822642007488323	0.09114099911358461	0.2840163554311315	5738	0.19828322021871939	0.19828322021871939	0
0.9650924024640657	73744	0.13903744465381968	0.14861759819801904	0.2888410374053921	5670	0.19464726318837794	0.19464726318837794	0
0.9594455852156057	120308	0.1025368470546509	0.10822797360539925	0.3412987044941591	6160	0.17640920671157054	0.17640920671157054	0
0.9383983572895277	99222	0.07891207713807412	0.08902207259664582	0.3157254604152176	5604	0.17963650050942503	0.17963650050942503	0
1.0	61206	0.14229547975461448	0.15828987640727932	0.26071859607533204	5718	0.20908795446824605	0.20908795446824605	0
0.9912731006160165	94476	0.2132654455535392	0.22330763494770178	0.2973785381850291	5936	0.18018996714835578	0.18018996714835578	0
0.9794661190965093	112200	0.1449369654263802	0.16264369641176285	0.3438295275906587	6262	0.10421479797795295	0.10421479797795295	0
0.9794661190965093	160480	0.5086890381914287	0.5128765547909367	0.3292280610979622	6120	0.1654971358341169	0.1654971358341169	0
0.9491786447638604	117040	0.0921589333917606	0.10005713030535016	0.3456806962157744	6220	0.1227693981418236	0.1227693981418236	0
0.965605749486653	91958	0.08814569334175998	0.09609455016975357	0.3137676759401555	5848	0.16396878875464194	0.16396878875464194	0
0.9794661190965093	152750	0.36985136230087157	0.3856043386664057	0.3328766671282509	6056	0.15886795555936167	0.15886795555936167	0
0.7674537987679672	98782	0.32794362666243226	0.3287265187392186	0.39523414178776867	4962	0.22927844619160642	0.22927844619160642	0
0.9784394250513347	75602	0.12202277903857958	0.13208988635675295	0.29226645948496593	5782	0.22590748824204976	0.22590748824204976	0
0.9774127310061602	97134	0.11457814529052791	0.13361262527082646	0.2900788716112163	5694	0.11770027468853768	0.11770027468853768	0
1.0	76336	0.1939064574321101	0.20283520396018603	0.2830435587639122	5940	0.1409238587110859	0.1409238587110859	0
0.9691991786447639	87838	0.06884124793991103	0.0779944154072388	0.3042466212882656	5950	0.17720835027242943	0.17720835027242943	0
0.9748459958932238	105158	0.07412716046883044	0.08839978496244008	0.32340799916631385	6088	0.16608252333556878	0.16608252333556878	0
0.9794661190965093	79126	0.19733719166315386	0.2049475274535884	0.3122014776857122	6112	0.19304006166494492	0.19304006166494492	0
0.9486652977412731	84706	0.08694354096562203	0.0995586122465267	0.3001542218601966	5524	0.1543420711478937	0.1543420711478937	0
0.9897330595482546	97290	0.30379507496395414	0.31627597774730415	0.3153875349485589	6146	0.17806593649739186	0.17806593649739186	0
0.9763860369609856	88556	0.07361659623824737	0.08568663284864456	0.304994418838552	5908	0.1547424740619047	0.1547424740619047	0
1.0	130844	0.29262623860786047	0.3152502775682999	0.35062823944241783	6454	0.16891143654963323	0.16891143654963323	0
0.9856262833675564	60964	0.11914179246604087	0.13882690733681244	0.2596156582374159	5638	0.17415487400068919	0.17415487400068919	0
0.9768993839835729	209604	0.5512773942129446	0.5627465125769898	0.36947689348934004	6124	0.1305425534986352	0.1305425534986352	0
0.971252566735113	85616	0.10965825307771361	0.1182057145470153	0.30730920770548276	5970	0.2079364712648413	0.2079364712648413	0
0.9666324435318275	98220	0.31376829125116246	0.3175456773809376	0.3393537816091137	6194	0.20806800380116217	0.20806800380116217	0
1.0	86662	0.07100473576761339	0.08715792449917827	0.284373747453967	5928	0.10393682117506531	0.10393682117506531	0
1.0	70242	0.106883845471617	0.1275413304563179	0.28281938048866373	6050	0.20197825305035053	0.20197825305035053	0
0.9563655030800822	87032	0.2995589594654378	0.3057797711330962	0.32519064709465095	5714	0.2267428366333203	0.2267428366333203	0
0.9681724845995894	192384	0.544401823955527	0.5491863795038109	0.38950686441869586	6402	0.22582477185132174	0.22582477185132174	0
0.9455852156057495	90612	0.07301995290932502	0.08070536906780006	0.3016615436700129	5572	0.11709558977477924	0.11709558977477924	0
0.9348049281314168	73468	0.08090661894804105	0.09322244904547256	0.2782741223655039	5380	0.15014922357994698	0.15014922357994698	0
0.9650924024640657	148394	0.3878259423623154	0.4050186421996533	0.3393144485507389	5918	0.15035082723419338	0.15035082723419338	0
0.9702258726899384	69476	0.13369426604876555	0.1435886081314844	0.2719183712198582	5530	0.15145807254229512	0.15145807254229512	0
0.9204312114989733	103604	0.2936025060697452	0.29840904307620236	0.3559877854513636	5878	0.1809265240851836	0.1809265240851836	0
0.9835728952772074	123688	0.4939462110650226	0.4961750283812587	0.32456530414022305	6058	0.21049923717116523	0.21049923717116523	0
1.0	52156	0.15296238992477987	0.17150924507880386	0.2628157962063586	5812	0.17762435527524548	0.17762435527524548	0
0.946611909650924	58836	0.1286767452416034	0.14723586127186916	0.27572968716227525	5556	0.15264658097417028	0.15264658097417028	0
0.9794661190965093	59088	0.2137720441618324	0.23227059302730754	0.2771497641303308	5654	0.2588892729447711	0.2588892729447711	0
1.0	37286	0.24376555674141492	0.2701417671982093	0.20736519302945752	5468	0.16611482599508234	0.16611482599508234	0
0.9753593429158111	83214	0.2044973134905687	0.21694845717669672	0.2790000544071351	5534	0.161071475910852	0.161071475910852	0
0.9691991786447639	83512	0.1337841792715087	0.14694152619923195	0.3103144521665286	5890	0.16031473561229573	0.16031473561229573	0
0.9774127310061602	68842	0.1435087364271838	0.1628914547604874	0.28618475406974436	5934	0.1939634324511747	0.1939634324511747	0
0.9507186858316222	95792	0.16243270433427992	0.18286136086648214	0.31693313366631043	5880	0.1715600223532232	0.1715600223532232	0
0.9507186858316222	103260	0.046361210811670384	0.05370270629584382	0.312776152184178	5600	0.12196277728257247	0.12196277728257247	0
0.9758726899383984	105504	0.08206273444170514	0.0933499873678215	0.2987628319517526	5730	0.14362128508859162	0.14362128508859162	0
0.811088295687885	140972	0.40197872310366095	0.40209264539279005	0.42459846356875736	5704	0.22503727893779563	0.22503727893779563	0
0.9845995893223819	104160	0.042860597419303814	0.05498627895216099	0.3129815920343538	5922	0.1217128914348555	0.1217128914348555	0
0.9815195071868583	85074	0.039813061196622465	0.049284626551466613	0.2684096004031918	5440	0.11700796396986607	0.11700796396986607	0
0.9681724845995894	130206	0.4081131443794175	0.41158599784277744	0.3643952466489149	5970	0.20076172042121554	0.20076172042121554	0
0.9856262833675564	89750	0.13037692751357763	0.1411262774751437	0.3144935352150008	6074	0.1572700549751073	0.1572700549751073	0
0.9671457905544147	75054	0.09243860696229203	0.10867418963680353	0.2712306772281452	5488	0.18969101948442862	0.18969101948442862	0
0.8844969199178645	68846	0.23952291568457063	0.2466442368608549	0.3810261396504376	5982	0.2257400945303975	0.2257400945303975	0
0.965605749486653	103612	0.37274783936174527	0.37709588895655216	0.3211536741178221	5920	0.204709357946407	0.204709357946407	0
0.9820328542094456	94370	0.08427895775301626	0.09681993187133144	0.28823340174424206	5720	0.16778289916147565	0.16778289916147565	0
0.9774127310061602	78200	0.09523931707406354	0.10605562932198376	0.29287214700124475	5990	0.14795666389440182	0.14795666389440182	0
0.9589322381930185	59310	0.12985061224276445	0.15264878624188516	0.27838518396398554	5468	0.24631783650493394	0.24631783650493394	0
0.9815195071868583	166918	0.4937753815737447	0.49648850378608383	0.3431319306554333	6266	0.1985376186702312	0.1985376186702312	0
0.9856262833675564	86030	0.10023305395666031	0.11823507063408996	0.2852649997490169	5902	0.15952546217846003	0.15952546217846003	0
0.978952772073922	160392	0.5371898348050719	0.5373477454131839	0.3730574917523028	6458	0.20100937373921351	0.20100937373921351	0
0.9784394250513347	166438	0.4940443418537914	0.5007980600650508	0.33227367387827095	6098	0.19455347597948638	0.19455347597948638	0
0.9958932238193019	98946	0.056121203001024904	0.06608988883588912	0.2903167103338304	5800	0.10953485667149253	0.10953485667149253	0
0.9589322381930185	104412	0.10431583186045304	0.11414808466387931	0.32560278855313624	5956	0.17994348075054156	0.17994348075054156	0
0.9342915811088296	185576	0.47762593240526985	0.48830552501178714	0.37486004886147556	6174	0.1614253249573873	0.1614253249573873	0
0.9594455852156057	91552	0.07268733422022902	0.08524164123378361	0.30557441427128357	5806	0.14067009146436177	0.14067009146436177	0
0.9753593429158111	69226	0.1753002452524838	0.18760030800026153	0.27959113993582857	5376	0.15332116547846242	0.15332116547846242	0
0.9856262833675564	38866	0.2730532309710225	0.2867350999382434	0.236602661488183	5646	0.2222547927195821	0.2222547927195821	0
0.9897330595482546	61110	0.14586358014542902	0.16050108804974278	0.26437838385519896	5772	0.22391709075077731	0.22391709075077731	0
0.971252566735113	96064	0.0630228508067671	0.0695487977726099	0.3196523551794712	6022	0.1349363518142824	0.1349363518142824	0
0.9938398357289527	91060	0.06629779763266183	0.08108034740910108	0.3149003595045758	6360	0.14056938209719103	0.14056938209719103	0
1.0	124750	0.3055772515238511	0.3269808154942692	0.32557273723274965	6196	0.15711021618468543	0.15711021618468543	0
1.0	65138	0.12261321626125797	0.1405557147863301	0.2586571432938081	5736	0.18390550603274322	0.18390550603274322	0
0.8116016427104723	85752	0.27558017187874706	0.2808129485825023	0.39142513698025655	5486	0.2388214581513674	0.2388214581513674	0
0.9568788501026694	102244	0.16544711010702026	0.17091047117131866	0.3244595797275829	5956	0.1619234041792186	0.1619234041792186	0
0.971252566735113	100898	0.1783785384066964	0.19116769490336524	0.324939251405946	6112	0.20121134564113768	0.20121134564113768	0
0.9794661190965093	74844	0.11710093257097111	0.1241079265505817	0.27022027363108453	5752	0.11814106759486492	0.11814106759486492	0
1.0	82436	0.09593984418083587	0.11444847162588201	0.29564160672281714	5950	0.16099502426735554	0.16099502426735554	0
0.9897330595482546	131282	0.266480258076147	0.28961655357776117	0.33106997648321085	6030	0.17195309393650435	0.17195309393650435	0
0.9774127310061602	99286	0.05749377781593755	0.0685089380003162	0.3006340889917419	5874	0.12827483286757324	0.12827483286757324	0
0.9604722792607803	74302	0.12453605487297385	0.1426305007826282	0.2906234142356083	5768	0.17919364874719348	0.17919364874719348	0
0.9753593429158111	70104	0.13415890806424624	0.14865120492016326	0.2866630989627866	5740	0.21344284280244077	0.21344284280244077	0
0.9958932238193019	67788	0.11565097214868185	0.13337452132833466	0.28834892092939046	6006	0.16124729731434737	0.16124729731434737	0
0.9722792607802875	80726	0.27385512760503455	0.28005159548035374	0.267337052583367	5344	0.20204154819063103	0.20204154819063103	0
0.9620123203285421	168054	0.5289916342305478	0.530441998053979	0.33898891575990203	5724	0.17100245299050496	0.17100245299050496	0
0.9476386036960985	114118	0.09937204697593142	0.10670350344702799	0.33959032333634553	6022	0.14292560277062402	0.14292560277062402	0
0.9753593429158111	87310	0.23167017884125257	0.23446172998070353	0.349083573172877	6118	0.2173687148463976	0.2173687148463976	0
0.952258726899384	147640	0.24660660903096984	0.2523937667063783	0.3440168907065895	5708	0.09686471116190337	0.09686471116190337	0
0.9537987679671458	75368	0.22977849732164768	0.2371852513298919	0.28382093720528917	5558	0.19477354812475636	0.19477354812475636	0
0.9815195071868583	149964	0.4515762301327897	0.4577658231929558	0.332714179285918	6028	0.1436575224885734	0.1436575224885734	0
0.9856262833675564	47048	0.11513925898866406	0.13583462645880418	0.22860385479960865	5326	0.13018821578337	0.13018821578337	0
0.9681724845995894	164584	0.5521053205898871	0.5555007701167037	0.3583985527164106	6164	0.1933261639867643	0.1933261639867643	0
0.9856262833675564	70584	0.1147404833534815	0.13196677698621323	0.2753093520668814	5802	0.13905353789664074	0.13905353789664074	0
0.9938398357289527	123252	0.4066152092084466	0.4198800192802425	0.3061625948465981	5920	0.13752913953075052	0.13752913953075052	0
0.9815195071868583	57320	0.11511161617613488	0.1345840679977078	0.2515581147600966	5584	0.15745275339936224	0.15745275339936224	0
0.8285420944558521	83336	0.2500626791241705	0.25501759656930567	0.3790096392255811	5314	0.25543159812997596	0.25543159812997596	0
0.9691991786447639	82550	0.1280810067543111	0.13974257759430733	0.30839410946818324	6010	0.1698497207392532	0.1698497207392532	0
0.9650924024640657	141602	0.4359355711216946	0.45747465635307877	0.32953164445412086	5784	0.14350290511334315	0.14350290511334315	0
0.9743326488706365	170982	0.5039345927103821	0.5122848999822498	0.33650394261299915	6040	0.18660732941781105	0.18660732941781105	0
0.9250513347022588	116476	0.032289693954160655	0.034705813746497595	0.3373985795216358	5864	0.07015597221140685	0.07015597221140685	0
0.9794661190965093	81756	0.12426241133454731	0.1370488910783492	0.29801757124785505	6018	0.15929392940656964	0.15929392940656964	0
0.952258726899384	141812	0.22242554780841073	0.231771437270837	0.3276748616677205	5690	0.10636981421599769	0.10636981421599769	0
0.9902464065708418	68248	0.12620693132601624	0.14195914286731012	0.28252883496239684	5882	0.16470518912534202	0.16470518912534202	0
0.9856262833675564	124748	0.35377078909424603	0.362969514511906	0.30611394146497956	5838	0.13601008109701684	0.13601008109701684	0
0.973305954825462	141792	0.4272312935077347	0.4416241144151851	0.31954476201740156	5598	0.15357880637515292	0.15357880637515292	0
0.9640657084188912	91870	0.0726357796658961	0.08511133161423659	0.3065257714119215	5956	0.12846872679422638	0.12846872679422638	0
0.9851129363449692	65100	0.1393663458451106	0.15386411582710516	0.2721142615225007	5758	0.17693945160367835	0.17693945160367835	0
0.8726899383983573	80234	0.24857406105394766	0.2587589125376637	0.36949412124802067	5632	0.22478973803630933	0.22478973803630933	0
0.9455852156057495	82800	0.0957503376463696	0.10429793841297494	0.2957074807478321	5676	0.18570651096901303	0.18570651096901303	0
0.9938398357289527	45444	0.18763269330182814	0.2146054322111981	0.23878363630533114	5580	0.18830461082964495	0.18830461082964495	0
0.9794661190965093	68328	0.11073378425126053	0.12877686125009713	0.2540591691589758	5412	0.19226721965757157	0.19226721965757157	0
0.9045174537987679	179986	0.5254546592024092	0.528655911755499	0.3862744948164807	6030	0.18061151954329197	0.18061151954329197	0
0.9876796714579056	79054	0.10576870957806214	0.12046231917364059	0.3104012939061679	6332	0.1573346148817762	0.1573346148817762	0
0.9856262833675564	88084	0.3133854730291967	0.3155664327236038	0.2556553817755363	5430	0.1591712460570398	0.1591712460570398	0
0.9799794661190965	214932	0.47908359587258376	0.4958868568866907	0.3722897126382459	6192	0.2079761473167047	0.2079761473167047	0
0.9794661190965093	62198	0.11332415382700295	0.12949218795621267	0.24544137816017508	5278	0.15676137364266757	0.15676137364266757	0
0.973305954825462	90034	0.3363678471849983	0.33678251564408973	0.3280358756077187	6196	0.24377459404102125	0.24377459404102125	0
0.9856262833675564	96388	0.45356731384677546	0.45499410698759085	0.323988755312459	6188	0.26551812529838625	0.26551812529838625	0
0.9594455852156057	99962	0.07168687737543908	0.08441377673802612	0.31861265266674177	5916	0.1433468205098679	0.1433468205098679	0
0.9758726899383984	88576	0.051912798279011366	0.06210255435462397	0.28447933632032346	5670	0.13343495219689316	0.13343495219689316	0
0.9763860369609856	70928	0.10819796919420836	0.12919418701921828	0.27426297062166943	5632	0.15382740967588518	0.15382740967588518	0
0.9620123203285421	77180	0.10770869763890316	0.12131212399740673	0.30093819764746754	5922	0.21041623528536404	0.21041623528536404	0
0.973305954825462	72934	0.10309658194461731	0.11046144363502347	0.2687714967423786	5478	0.1442952171216672	0.1442952171216672	0
0.9804928131416838	118138	0.056202824037668735	0.05987051503052714	0.33589457917419235	6324	0.12807820487299776	0.12807820487299776	0
0.9204312114989733	157656	0.511514628254974	0.5138285975315104	0.3616539855585242	5940	0.17937946242435868	0.17937946242435868	0
0.9332648870636551	98184	0.05668724315136138	0.06487777056694025	0.3071107700897617	5494	0.09747028312203046	0.09747028312203046	0
0.9625256673511293	85914	0.09517882069472096	0.10214582715012635	0.30146925019342397	6054	0.16925139097074426	0.16925139097074426	0
0.9753593429158111	145626	0.3500359472718762	0.3564390796598872	0.3256245999648279	5928	0.15228153190809932	0.15228153190809932	0
0.9609856262833676	150138	0.3529338386998113	0.3633266344258118	0.3087587740317636	5658	0.18939032933438738	0.18939032933438738	0
0.9599589322381931	154954	0.49958019181078844	0.5068275957114102	0.36036155953797594	6120	0.18026686460825603	0.18026686460825603	0
0.9265913757700205	103010	0.32838483181551686	0.33218178973976065	0.3756858295047539	5926	0.155088375248615	0.155088375248615	0
0.9856262833675564	70360	0.10667190554341337	0.12416369911773142	0.2904848145558106	5884	0.169271400358679	0.169271400358679	0
0.9589322381930185	176268	0.5573569250970951	0.559214602374846	0.35990832138522655	6130	0.17960046561332224	0.17960046561332224	0
0.9804928131416838	66974	0.12374956264879629	0.13229819410290075	0.2656039113454883	5472	0.20108000671366533	0.20108000671366533	0
0.9753593429158111	154998	0.4920179894580473	0.5023085275592541	0.35829308766973905	6174	0.205065308590403	0.205065308590403	0
0.9455852156057495	222274	0.573631172876733	0.5774146737071066	0.39100835740392764	6122	0.17395898041073699	0.17395898041073699	0
0.9897330595482546	55460	0.14480028858130856	0.15482959838379168	0.2792966105162839	6076	0.19614064433292439	0.19614064433292439	0
0.9953798767967146	91108	0.08744599894654939	0.10717271658228938	0.3014879830129508	6064	0.15706399011893607	0.15706399011893607	0
0.9717659137577002	68116	0.1427736184991511	0.15893018272150294	0.2561961353504948	5320	0.1534949938331998	0.1534949938331998	0
0.971252566735113	69480	0.20001303332782763	0.21601706566294826	0.2734874908638577	5728	0.22078723303628967	0.22078723303628967	0
0.9435318275154004	85288	0.055218787327474865	0.0682286007877564	0.309371515231255	5762	0.13527459964118693	0.13527459964118693	0
0.9830595482546202	79542	0.1266622600724172	0.13409883953987212	0.28487645937613776	5730	0.19623659908113533	0.19623659908113533	0
0.9774127310061602	81642	0.10262921007574585	0.11926520913987614	0.2988454128656413	6054	0.17998672674043245	0.17998672674043245	0
0.9835728952772074	75358	0.18026104009105984	0.19401317246481947	0.30276496529392033	6062	0.17143908614927825	0.17143908614927825	0
0.8372689938398357	98038	0.3213024693185929	0.32302176582851166	0.36941360601521894	5324	0.19211564376909757	0.19211564376909757	0
0.9691991786447639	169864	0.48163182222140133	0.4887401730163324	0.35746950808155686	6156	0.17495354677117228	0.17495354677117228	0
0.9938398357289527	60796	0.13644536835122817	0.1509833110838421	0.2514919852952041	5654	0.17409986185155168	0.17409986185155168	0
1.0	61102	0.13819934818901305	0.14933703508263677	0.2528190391889766	5664	0.18956776005522533	0.18956776005522533	0
0.9527720739219713	78284	0.17784081345217895	0.18629158008440774	0.3097646734068032	5986	0.20080235594699603	0.20080235594699603	0
0.9727926078028748	74820	0.08553720812715718	0.09836630729684254	0.29514198605571307	5818	0.14246740450914452	0.14246740450914452	0
0.9260780287474333	123336	0.03923776768820127	0.04375252401464335	0.37509086995799373	6216	0.1591917726018845	0.1591917726018845	0
0.9897330595482546	155580	0.5423342990982035	0.543177436611872	0.3259062372182752	6144	0.1799164649613723	0.1799164649613723	0
0.9409650924024641	96552	0.07479346545317606	0.0851640904547728	0.31661544111433715	5754	0.1412392896140206	0.1412392896140206	0
0.973305954825462	56738	0.2208271638268982	0.2473328397020696	0.30393666796086327	6022	0.20215686651563786	0.20215686651563786	0
0.9794661190965093	69926	0.10908871572157622	0.1294093477255355	0.26805460707277884	5588	0.15506809847422642	0.15506809847422642	0
1.0	50860	0.2285320822139719	0.25007967894288874	0.24759341512659763	5608	0.16243057252085358	0.16243057252085358	0
0.9517453798767967	102496	0.1468230248714443	0.167236344201081	0.33750847402336026	6038	0.14281270402493912	0.14281270402493912	0
0.973305954825462	85736	0.08416096839220324	0.09891693010447997	0.3210092911223958	6282	0.187639386128002	0.187639386128002	0
0.9907597535934292	61328	0.11896776623479668	0.14289449225333614	0.2623148897940742	5640	0.1887531344226773	0.1887531344226773	0
1.0	52442	0.1477780672466936	0.17896376065630604	0.246191432250825	5538	0.16662642585006748	0.16662642585006748	0
0.9938398357289527	76676	0.19358900720731081	0.2027639118234601	0.2905997300549949	5816	0.18596330010908743	0.18596330010908743	0
0.9630390143737166	177652	0.38460062697804	0.396380073705961	0.3696339964194321	6244	0.1424993454961805	0.1424993454961805	0
0.9568788501026694	95884	0.08374152705268643	0.09388734250848724	0.3084889186569677	5744	0.14790413404148123	0.14790413404148123	0
0.9851129363449692	137886	0.4069204537277066	0.4127376351209863	0.31990770237547383	5866	0.14669001981293636	0.14669001981293636	0
0.9342915811088296	101194	0.045423048092919874	0.0536924862961611	0.3038741795820784	5442	0.11126273446181849	0.11126273446181849	0
0.9152977412731006	212606	0.5389465047863744	0.5476040248515858	0.41749340158653264	6378	0.1906759584877591	0.1906759584877591	0
0.9876796714579056	46696	0.18092516713017442	0.20208741822561968	0.23758836560098293	5396	0.19360963931540784	0.19360963931540784	0
0.8886036960985626	93042	0.28327261744974763	0.29234534829557085	0.36978512968843624	5564	0.2009229422402709	0.2009229422402709	0
1.0	46482	0.13231410643796698	0.15470218401180763	0.23413570193342362	5502	0.18964891821493624	0.18964891821493624	0
0.9337782340862423	116498	0.342573541271823	0.34485482002266143	0.37759235476532377	5954	0.20820851253470815	0.20820851253470815	0
0.9260780287474333	209726	0.49727690608099806	0.5047473583015004	0.4232786901534813	6724	0.19565010857014728	0.19565010857014728	0
0.9840862422997947	219750	0.25021947997109506	0.2636531865584241	0.3932543700121962	6368	0.13719366877549705	0.13719366877549705	0
0.9722792607802875	98252	0.11858903191763576	0.12624514649686386	0.3333683763779731	6226	0.1823541401579719	0.1823541401579719	0
0.997946611909651	74504	0.1249891302018685	0.1455703888220953	0.2941643578571086	6028	0.15446920040860798	0.15446920040860798	0
0.9753593429158111	89762	0.2576032452482566	0.26444496444584253	0.31641227358580154	5830	0.2717673655176861	0.2717673655176861	0
0.9815195071868583	137478	0.38508463418995154	0.39012722802152455	0.31610959641856745	5880	0.14994628417146755	0.14994628417146755	0
0.9958932238193019	49590	0.18012742914100008	0.1892935462509533	0.2638209712826842	5886	0.2033443491439565	0.2033443491439565	0
0.9917864476386037	67794	0.0982650725916475	0.11177491597019498	0.27100054219976977	5794	0.14143920350312927	0.14143920350312927	0
0.9835728952772074	176792	0.565399713362667	0.5668690036655234	0.37042894178561264	6438	0.2291493767484275	0.2291493767484275	0
0.856776180698152	165634	0.3488774455960915	0.362222376222953	0.39551000322995944	5626	0.149983954418451	0.149983954418451	0
0.9856262833675564	84362	0.2566077492535749	0.2743989169282722	0.31269756345775696	5862	0.14456596169417638	0.14456596169417638	0
0.973305954825462	109774	0.0563181968543927	0.06040305224629924	0.3215324457013266	6070	0.14079749411202927	0.14079749411202927	0
0.973305954825462	70422	0.10765027363523508	0.13121289451254622	0.27522343938817223	5674	0.17011760893235645	0.17011760893235645	0
0.9948665297741273	69262	0.07210130116433179	0.08709584942005039	0.25210871208591673	5680	0.12025797274001412	0.12025797274001412	0
1.0	48806	0.19786600621852873	0.22121871721826886	0.24896992832469003	5616	0.22709394307788874	0.22709394307788874	0
0.9753593429158111	120286	0.338523215892779	0.3534171894196632	0.3216174505627043	6044	0.14163083810881436	0.14163083810881436	0
0.9856262833675564	106050	0.08965609777652384	0.09707875635363476	0.3072778360540805	6076	0.10794558544580429	0.10794558544580429	0
0.8886036960985626	98140	0.28791294324190697	0.2958999782030547	0.39514147307871866	5736	0.2207108902861812	0.2207108902861812	0
1.0	59378	0.1412833542120868	0.1604381162960255	0.28434254880934	5976	0.1986094820413481	0.1986094820413481	0
0.9856262833675564	49270	0.12857260188246697	0.1574972939381017	0.24946020200836083	5582	0.15502090608317706	0.15502090608317706	0
1.0	77424	0.08730778508237629	0.10270522636159807	0.26508592502103506	5660	0.12991907986013398	0.12991907986013398	0
0.9845995893223819	153598	0.5030794601771955	0.5199019828709354	0.3332623201651245	6012	0.19600826640668825	0.19600826640668825	0
0.9537987679671458	88920	0.06438963553226114	0.07386473949151465	0.31439269999663566	5996	0.15984507517346855	0.15984507517346855	0
0.8228952772073922	180752	0.4272729883919011	0.4284081107981805	0.42926981205563775	5640	0.18285286270402096	0.18285286270402096	0
1.0	60280	0.10936819737345065	0.12177242439832114	0.2581427919161105	5658	0.241202633470407	0.241202633470407	0
0.8316221765913758	159108	0.32300594891179246	0.3271674255976575	0.4181634782941048	5694	0.14323850924531192	0.14323850924531192	0
0.9620123203285421	161432	0.5495129117928402	0.5524209294604662	0.3591868021256162	6246	0.21461109499698328	0.21461109499698328	0
0.9537987679671458	176668	0.13177389294726885	0.1459856246022619	0.3647911680109291	6062	0.09874473173436957	0.09874473173436957	0
0.9640657084188912	255574	0.6272445391077283	0.6276788440260931	0.396894776271363	6530	0.20135206204601394	0.20135206204601394	0
1.0	60108	0.13518501349921203	0.1540781627700402	0.27033821030725896	5858	0.18250006649498776	0.18250006649498776	0
0.9260780287474333	117736	0.08154052839220999	0.08801430362532142	0.36676253103530315	6346	0.11793416438788198	0.11793416438788198	0
0.9507186858316222	181852	0.5352245988472393	0.53685725664961	0.39273544525893495	6360	0.22820514947342538	0.22820514947342538	0
0.9204312114989733	126596	0.04070292126558945	0.04809314491029342	0.3584952624316815	6062	0.10492999427368817	0.10492999427368817	0
0.9517453798767967	185422	0.5319706605655218	0.5318557221375649	0.382637314407604	6402	0.16895453115098952	0.16895453115098952	0
0.9763860369609856	88276	0.09859444219610036	0.10618925537026608	0.28290544045460014	5656	0.13589037223353093	0.13589037223353093	0
1.0	66022	0.1298657273715976	0.14315808064021351	0.2798946381950826	5898	0.1878856068899009	0.1878856068899009	0
0.9835728952772074	79620	0.11241339715028001	0.12482176262590555	0.3058918548134519	6234	0.19370924107500403	0.19370924107500403	0
0.9609856262833676	91232	0.0800410905951015	0.09175014421853543	0.3091492073476602	6090	0.13157365886729191	0.13157365886729191	0
0.997946611909651	85688	0.08766580073402437	0.098123800276819	0.2825783404288525	5962	0.16619755352277665	0.16619755352277665	0
0.9876796714579056	63778	0.1219834763309374	0.13970936572032983	0.2656597958525357	5696	0.15150715642638385	0.15150715642638385	0
0.9517453798767967	77610	0.16715403979910914	0.18617721693952974	0.317532383923051	5828	0.1500863034366161	0.1500863034366161	0
0.9897330595482546	147294	0.05965173169378699	0.06491790730310985	0.3136354944512263	6102	0.15613410819515264	0.15613410819515264	0
0.9938398357289527	103086	0.051559301236386745	0.05873322035051005	0.3083632344728458	6072	0.12076453563866722	0.12076453563866722	0
0.9794661190965093	125086	0.38413593737157803	0.39937811937732465	0.3195351831310646	5820	0.19567023740783404	0.19567023740783404	0
0.9440451745379876	137758	0.04404717934994824	0.046404421154186956	0.3546522930302029	6070	0.1088008481108015	0.1088008481108015	0
0.9507186858316222	83808	0.06867028925575792	0.08469749038775978	0.2804418716572256	5488	0.10901216848647526	0.10901216848647526	0
0.9281314168377823	103680	0.05165392063866038	0.06253814841156513	0.33527996969488333	5906	0.16251268315306297	0.16251268315306297	0
0.9794661190965093	40578	0.24666600839890465	0.27022213189229366	0.2396937783747847	5666	0.23435415000839876	0.23435415000839876	0
0.9861396303901437	38082	0.24753304789538264	0.26785335964132584	0.22847272312835942	5454	0.18685397198634204	0.18685397198634204	0
0.997946611909651	103090	0.0770858536189754	0.08777868838068793	0.29549738050458707	5950	0.14887522405617165	0.14887522405617165	0
0.9363449691991786	96642	0.3021595139718728	0.3045662866493681	0.32596383866866885	5788	0.14389690468308908	0.14389690468308908	0
0.971252566735113	81072	0.0725663875387688	0.07978555022722492	0.3015565514191045	6044	0.17494629122979063	0.17494629122979063	0
1.0	64488	0.14629146098643836	0.1622632568356701	0.2800390170453739	5924	0.17691214077332698	0.17691214077332698	0
0.9722792607802875	97936	0.06958492154836873	0.07771923674071782	0.32274266392929324	6152	0.14292001351474254	0.14292001351474254	0
0.9394250513347022	113514	0.03434581583915394	0.04064842503807388	0.34555088043837273	5928	0.1171694477405719	0.1171694477405719	0
0.9224845995893224	120298	0.03683927298669678	0.04096235554198474	0.3426944449558567	5830	0.14501151632938666	0.14501151632938666	0
0.9815195071868583	138692	0.36620495130519626	0.39287947505252063	0.3247562869031774	5936	0.13790191107765723	0.13790191107765723	0
0.9579055441478439	251180	0.6272615827241085	0.629806742182504	0.4097495407100764	6604	0.19231415950577094	0.19231415950577094	0
0.9830595482546202	94398	0.2907282311494721	0.30048712023552143	0.3292054746974001	6334	0.19795438803615373	0.19795438803615373	0
1.0	51504	0.16146991982264236	0.17419853004147123	0.2682481162758044	6118	0.16022917363985073	0.16022917363985073	0
0.9907597535934292	94542	0.2004421494476511	0.2091362928729849	0.30828569388133603	5992	0.18517217282080697	0.18517217282080697	0
0.9774127310061602	184962	0.5523862133854394	0.5546939983787563	0.3665982056944666	6334	0.21194490092047724	0.21194490092047724	0
0.9743326488706365	65914	0.12080577089888764	0.13928506876931035	0.2579483619934004	5420	0.21099719838939932	0.21099719838939932	0
0.9953798767967146	77998	0.04539314385324235	0.05754038248711472	0.26908182738478265	5662	0.10564499132018446	0.10564499132018446	0
0.9989733059548255	75810	0.18010077375902106	0.19268957033884437	0.305361308431577	6182	0.15544046543824494	0.15544046543824494	0
0.9671457905544147	96238	0.06514496065426914	0.07205018306030293	0.30624015004743627	5890	0.19469189545495333	0.19469189545495333	0
1.0	66184	0.14356144312978422	0.1630115285219008	0.2827053185884499	6112	0.15521360999865366	0.15521360999865366	0
0.9702258726899384	146448	0.373662669624974	0.38445263915078914	0.2942011690390137	5752	0.1177130636844727	0.1177130636844727	0
0.973305954825462	84992	0.3107654682321947	0.3159208292399416	0.31299196383434036	6094	0.2122550471033742	0.2122550471033742	0
0.9235112936344969	93290	0.07435852522493347	0.08703460639928814	0.3387940883618137	5988	0.10666102874279386	0.10666102874279386	0
0.7987679671457906	121800	0.3829249283681552	0.38247141989624206	0.41455902242966897	5334	0.22914010603279603	0.22914010603279603	0
0.9989733059548255	74218	0.07398863153899164	0.08240129044802692	0.29322604462166246	6206	0.12782679355954812	0.12782679355954812	0
0.9650924024640657	135092	0.4774561093909914	0.4838618274993852	0.3289491976496639	5800	0.18736340049607	0.18736340049607	0
0.9763860369609856	61532	0.14386963283621698	0.1572414540947444	0.25121901531992125	5512	0.17314491046355526	0.17314491046355526	0
0.8213552361396304	197676	0.47225614028715324	0.4742380668044259	0.430678481961062	5844	0.13523337480863676	0.13523337480863676	0
0.9204312114989733	178802	0.5555732574919732	0.5595093542894887	0.3781591135123021	6296	0.21908989662038061	0.21908989662038061	0
0.9815195071868583	70768	0.13533780973235265	0.14676096480811793	0.2826026927093092	5770	0.13039155283109774	0.13039155283109774	0
1.0	82818	0.08578858381676986	0.09778090768152062	0.2837084218168669	5768	0.1560762783324005	0.1560762783324005	0
0.9804928131416838	70040	0.14720128540987892	0.169606090021905	0.28233355231971163	5760	0.18250815652502803	0.18250815652502803	0
0.9625256673511293	219624	0.5717266189692412	0.5751907508770816	0.3788367137604016	6370	0.18182556815386125	0.18182556815386125	0
0.9835728952772074	54056	0.1590498011358127	0.18548983896350077	0.2688562967858144	5822	0.19052965642180802	0.19052965642180802	0
0.9815195071868583	132450	0.32987368113988896	0.3564525101652064	0.3202574351352838	5714	0.1248769087281827	0.1248769087281827	0
0.9650924024640657	100660	0.13361913445010792	0.14243886574244916	0.3248598916132847	5872	0.17058654018743719	0.17058654018743719	0
0.9876796714579056	39346	0.23007253258321148	0.25794517885741275	0.2188248873660403	5340	0.22079787481766064	0.22079787481766064	0
0.9958932238193019	148296	0.5115722177825018	0.5287798561345761	0.2927034245493021	5564	0.104253604894164	0.104253604894164	0
1.0	45588	0.2139805894730673	0.24479222465993927	0.23870974352255372	5574	0.23112468614765094	0.23112468614765094	0
0.9630390143737166	85336	0.08708999809425512	0.09664955891889332	0.28659943094816087	5614	0.16312684967326513	0.16312684967326513	0
0.9727926078028748	168902	0.48235390041882675	0.4852927853563684	0.34580568007704543	6108	0.23209002381175015	0.23209002381175015	0
0.981006160164271	254626	0.6299553048665012	0.6304487213740808	0.39745222309437694	6522	0.24129022919890236	0.24129022919890236	0
0.9794661190965093	88164	0.07855467312184214	0.0892593025172347	0.2905131689795121	5834	0.15520854611861465	0.15520854611861465	0
0.9856262833675564	148060	0.24104328104999567	0.24834729772267403	0.3205404808994032	5488	0.06667856494562784	0.06667856494562784	0
0.9835728952772074	109230	0.11215828690731004	0.1308148369751041	0.3447423610784059	6092	0.14258488724412927	0.14258488724412927	0
0.9301848049281314	192388	0.19547682550800102	0.19896789679959842	0.3809784794764455	6136	0.17262647543348186	0.17262647543348186	0
0.9815195071868583	152154	0.331097468848502	0.34609252022162496	0.3237518206386461	5818	0.13312555542368867	0.13312555542368867	0
0.9835728952772074	65882	0.15716839047337822	0.17506343704186772	0.29720257908464703	6052	0.19970624326825515	0.19970624326825515	0
0.971252566735113	79500	0.24331346820872687	0.24984939416267324	0.2857752193637913	5492	0.1914481041071094	0.1914481041071094	0
0.9856262833675564	105120	0.05194366716358985	0.0597798727450934	0.31747530650272326	6026	0.14508950423862052	0.14508950423862052	0
0.952258726899384	105120	0.32538663878805213	0.327655207997353	0.3594790540616071	6212	0.20428701378459493	0.20428701378459493	0
0.9599589322381931	170282	0.42325791206444213	0.44828052754088477	0.3722644698595758	6078	0.14350370142525345	0.14350370142525345	0
0.997946611909651	55074	0.0917665460020113	0.09505661930059442	0.24320058755867868	5608	0.16480944142813636	0.16480944142813636	0
0.9743326488706365	150794	0.4877300866621781	0.4945754214050953	0.33963471252062694	5926	0.18995665085390243	0.18995665085390243	0
0.9599589322381931	95696	0.055552266099204314	0.06335135667892418	0.31708150373165506	6020	0.1054758886323973	0.1054758886323973	0
0.952258726899384	238764	0.5821166875827776	0.5821375359450223	0.3994124690380774	6470	0.1806299461263101	0.1806299461263101	0
0.9753593429158111	84068	0.06970943422407525	0.08384907242560599	0.30716413316230007	6124	0.15337433956771218	0.15337433956771218	0
0.9815195071868583	91976	0.18010052915117097	0.18637025653354003	0.294339840161067	5770	0.21862379222009035	0.21862379222009035	0
0.8044147843942505	135482	0.3300103961050014	0.3296303364382045	0.42668820007549546	5562	0.23119431281086808	0.23119431281086808	0
0.9147843942505134	53678	0.15423271288164955	0.17207539122600457	0.26969064081403693	5172	0.21021744349367763	0.21021744349367763	0
0.9671457905544147	150950	0.474379133122757	0.4796034709338107	0.3467995953135908	6234	0.1830973157831254	0.1830973157831254	0
0.9856262833675564	73944	0.07588260442776992	0.09119741018082028	0.26946114566187634	5744	0.12464359850406184	0.12464359850406184	0
0.9517453798767967	111644	0.08195458599351296	0.08986535080068317	0.3378278756845831	6024	0.14050242471785207	0.14050242471785207	0
0.971252566735113	101918	0.06769881155217222	0.07939153567052432	0.31708149470684127	5836	0.11939337123498447	0.11939337123498447	0
0.9856262833675564	79958	0.12272391891039255	0.139553377027306	0.2889520462896794	5880	0.21888632203152675	0.21888632203152675	0
0.9502053388090349	77572	0.11656415322540106	0.12799602937258475	0.2969222256771233	5890	0.1508416212797183	0.1508416212797183	0
0.9835728952772074	71918	0.16736514686070872	0.1818176629984845	0.2841029977197332	5750	0.18599813326931908	0.18599813326931908	0
0.9753593429158111	78370	0.12003054825749317	0.13362535063486183	0.2843049514686406	5916	0.17368206930709335	0.17368206930709335	0
0.9907597535934292	138292	0.2905137406884902	0.30695985068378207	0.3271024125494642	5988	0.15074913944976923	0.15074913944976923	0
0.8793634496919918	85806	0.28396274009000266	0.28866074168721717	0.38548200014844425	5696	0.3024876891503399	0.3024876891503399	0
0.9697125256673511	104692	0.33788986278053235	0.34642456092332324	0.3334598988377289	6030	0.24566368856335305	0.24566368856335305	0
0.971252566735113	123756	0.2666204387408788	0.28007229469304873	0.32007519092277853	5688	0.11886311497800275	0.11886311497800275	0
0.9568788501026694	107720	0.03177823842069645	0.040782671097279	0.3301170992290937	6134	0.10342567898348715	0.10342567898348715	0
0.9825462012320328	105702	0.07501118996980298	0.08314775965157296	0.32649484267515244	6144	0.18581385335976952	0.18581385335976952	0
0.9958932238193019	45278	0.22987181884249402	0.26719623890946803	0.2465293018994074	5700	0.20150721389766676	0.20150721389766676	0
0.8136550308008214	113024	0.34090593720481865	0.34109236616814415	0.41267925603806016	5418	0.2603249147213627	0.2603249147213627	0
0.9204312114989733	92612	0.318813135616645	0.3203671559821384	0.34587472492420496	5770	0.21431447784956845	0.21431447784956845	0
0.8952772073921971	180966	0.5828843669920996	0.5839933401611755	0.39494422950214475	5950	0.20417697626358738	0.20417697626358738	0
0.9666324435318275	166552	0.46669230506410686	0.4796928909241548	0.34225533156917304	5988	0.1829614513341712	0.1829614513341712	0
0.9794661190965093	172208	0.46956047399228934	0.5008238115833498	0.3551257444419707	5992	0.17692403098992646	0.17692403098992646	0
0.9045174537987679	183798	0.5446586641267267	0.5445806116405203	0.3949923144689709	6034	0.21360534145375998	0.21360534145375998	0
0.9748459958932238	76202	0.1041541966422338	0.1132184509888124	0.28935134828883974	5826	0.17502667089768434	0.17502667089768434	0
0.9645790554414785	96320	0.06551563000863085	0.07235461158900662	0.3243051748400407	5960	0.17547263421416928	0.17547263421416928	0
0.9938398357289527	80120	0.05853559124094811	0.07461847530595933	0.28289927320848157	5934	0.11835846394532375	0.11835846394532375	0
0.9594455852156057	100876	0.3630279839689506	0.36632777287540286	0.3293316040816931	6014	0.20840540069557742	0.20840540069557742	0
0.9661190965092402	145036	0.39894283764500316	0.41434757112402676	0.34647999175393585	6028	0.1484954499608665	0.1484954499608665	0
0.9666324435318275	155276	0.4661663061354371	0.4725224963652491	0.3344659976489408	5828	0.13699114031176254	0.13699114031176254	0
1.0	60386	0.13671642871214398	0.15011597141869976	0.26004963592941155	5668	0.18073907063015884	0.18073907063015884	0
0.9753593429158111	58344	0.1675857922538053	0.18656693221910203	0.25660478130386377	5572	0.21487604880054623	0.21487604880054623	0
0.9768993839835729	78996	0.09259458915380309	0.11100921298198271	0.30372010273625777	6166	0.13757415843882803	0.13757415843882803	0
0.9917864476386037	73054	0.11744725189465212	0.12915287375374399	0.2683550590690076	5766	0.16029386509589294	0.16029386509589294	0
1.0	62842	0.1708995569918653	0.19364118562186564	0.27532419870100805	5826	0.23230680767116552	0.23230680767116552	0
0.9224845995893224	235000	0.620427749599371	0.6213890917821211	0.39248244196138016	5874	0.1769854388768987	0.1769854388768987	0
0.9204312114989733	119730	0.37910094013372375	0.37797367104695373	0.36956325513611105	5930	0.21977850104180635	0.21977850104180635	0
0.997946611909651	91880	0.061969220025257836	0.0719626113479043	0.28221596143125277	5836	0.10163382507597078	0.10163382507597078	0
0.9794661190965093	66666	0.1207128656294422	0.1325605105204089	0.2697117956434129	5616	0.15706428578620873	0.15706428578620873	0
0.9743326488706365	85726	0.1071603998969213	0.12474196477446613	0.31476392320663305	6036	0.13147403053576556	0.13147403053576556	0
0.9938398357289527	163296	0.5102809737998758	0.5125871000274783	0.3452548225109677	6286	0.22416789078674298	0.22416789078674298	0
0.9794661190965093	87224	0.3464267966910197	0.35088750186758066	0.2854160353335356	5674	0.17089794495922883	0.17089794495922883	0
0.9876796714579056	99608	0.04233752450687653	0.0501690032849601	0.2959663628140255	5874	0.11653821159137806	0.11653821159137806	0
0.9917864476386037	46008	0.156147210345829	0.17556001666789287	0.23328735972049075	5502	0.16115092609563686	0.16115092609563686	0
0.9671457905544147	84972	0.07191440996600054	0.08046043035655458	0.29897769313526656	5806	0.1838787846793845	0.1838787846793845	0
0.9861396303901437	78340	0.11517259212538392	0.12712494110218173	0.2878328846537322	5956	0.15023565598858732	0.15023565598858732	0
0.9537987679671458	109320	0.07267322712167748	0.07781724268923335	0.33253642058041327	6070	0.1234986798700045	0.1234986798700045	0
0.9815195071868583	101618	0.37332052292053974	0.3766484185610554	0.3350519749796224	6104	0.26253621111491804	0.26253621111491804	0
0.9707392197125256	82710	0.07455902568545629	0.089094895725863	0.2795007996460993	5496	0.14200608047262267	0.14200608047262267	0
0.997946611909651	62110	0.14154856759709733	0.1568261335216339	0.2668706815017819	5920	0.1589068826276172	0.1589068826276172	0
0.9671457905544147	85854	0.110185719883767	0.12609098404385322	0.3195062087398898	6082	0.20777152421630368	0.20777152421630368	0
0.9363449691991786	196720	0.4573353352996449	0.46750788467422943	0.38325915449230624	6062	0.15594510394390848	0.15594510394390848	0
1.0	48840	0.1738146512258357	0.1943350252298788	0.26560271650867395	5836	0.19591531823669617	0.19591531823669617	0
0.9691991786447639	62334	0.1105889817302215	0.11984092131895879	0.2614647386274041	5350	0.2087443437761755	0.2087443437761755	0
0.9681724845995894	87316	0.1108393571199589	0.1219889189926632	0.300686995191158	5708	0.1338314117780694	0.1338314117780694	0
0.9835728952772074	72568	0.13481609480424583	0.14369566533516306	0.28267090946916135	5840	0.16463716179031582	0.16463716179031582	0
0.973305954825462	169286	0.35767397608592294	0.3814840410825149	0.3569165676139893	6028	0.12510610792956817	0.12510610792956817	0
0.9748459958932238	148900	0.4635546495805234	0.4722757272480645	0.33715053673497336	5972	0.22969287345373424	0.22969287345373424	0
0.9661190965092402	124196	0.02762638250403847	0.03164219039153005	0.3392115453297535	6286	0.07014897149697467	0.07014897149697467	0
0.971252566735113	153632	0.27521948944840874	0.2864991054935192	0.33807127065533266	5862	0.11047996048101949	0.11047996048101949	0
0.9450718685831622	102628	0.11547648617046606	0.1255252074575688	0.32501940771494897	5638	0.15393776778536436	0.15393776778536436	0
0.971252566735113	51742	0.09965469323492449	0.10462723464210774	0.23660355571356118	5412	0.14298547290375468	0.14298547290375468	0
0.9040041067761807	170564	0.4195574010541565	0.42632796312939364	0.40786401057988253	6138	0.25217534872279823	0.25217534872279823	0
0.9897330595482546	63910	0.14905943530330307	0.16786968565918395	0.2816755316705703	5972	0.22602332180805987	0.22602332180805987	0
0.9753593429158111	126654	0.38281282641058106	0.3901092928165871	0.309953010292677	5754	0.1771446748384269	0.1771446748384269	0
0.8311088295687885	214350	0.4796984691249073	0.4780207860634058	0.4352559489312162	5892	0.2039933440648919	0.2039933440648919	0
1.0	78472	0.0952902010300762	0.11423863665032866	0.2885378987708098	5940	0.1683215588148944	0.1683215588148944	0
0.9774127310061602	92944	0.08912905516053338	0.10186042591038232	0.3105160637814591	6076	0.17010745416399467	0.17010745416399467	0
0.9784394250513347	56696	0.20060799256289882	0.22580975310478313	0.2760147662906597	5652	0.24934482670613578	0.24934482670613578	0
0.9496919917864476	180658	0.5463767852459642	0.5493677035370697	0.388916977114433	6138	0.14166420453207393	0.14166420453207393	0
1.0	54638	0.1475739044443071	0.16345157404317334	0.2687853821550658	5882	0.1820880477793846	0.1820880477793846	0
0.9045174537987679	71872	0.2218460613810132	0.237646458750743	0.33164592141137095	5414	0.1826521095568601	0.1826521095568601	0
0.9686858316221766	98648	0.30459712085298385	0.31216652484488006	0.30806067680301674	5802	0.18140191696924626	0.18140191696924626	0
0.981006160164271	184866	0.38435504781093777	0.3913370956337567	0.36344828395964623	6266	0.1457903563127819	0.1457903563127819	0
0.9876796714579056	69758	0.13085380952145267	0.15233699183033975	0.30331531093284114	6276	0.17386346799093666	0.17386346799093666	0
0.9774127310061602	181572	0.0884231872704832	0.10114346606744984	0.36110514887457246	6442	0.07307317860770918	0.07307317860770918	0
1.0	45660	0.20951846676157576	0.22829613539165758	0.2601172867535521	5888	0.21935910686418963	0.21935910686418963	0
0.9738193018480493	105596	0.33110589967477594	0.3385215871992543	0.33641106927839703	6052	0.17246495671997542	0.17246495671997542	0
0.9681724845995894	93838	0.16729720439099666	0.1781498612968304	0.2980838601316978	5674	0.15831280982469398	0.15831280982469398	0
0.9383983572895277	112840	0.07700733565214307	0.08334027027717736	0.3404137839258987	5920	0.10433468714119035	0.10433468714119035	0
0.9876796714579056	97918	0.28828327133254245	0.2902778423211943	0.30967764125325353	5900	0.21317739493054066	0.21317739493054066	0
0.9953798767967146	59890	0.11689648646429555	0.13059966472880744	0.2679735877402066	5784	0.21423600096713144	0.21423600096713144	0
0.997946611909651	52066	0.18642643907933637	0.21580654450891223	0.2714822238411171	5904	0.2367667835631666	0.2367667835631666	0
1.0	76118	0.0944735668689234	0.11021635732684629	0.2742210122023012	5830	0.14024311074892096	0.14024311074892096	0
0.9691991786447639	91644	0.07675800608107873	0.08560532533520344	0.3005335619641866	5846	0.12543993375069226	0.12543993375069226	0
0.7931211498973306	57192	0.1451605468025019	0.16058492776981176	0.33634118838702626	4946	0.15304641311274458	0.15304641311274458	0
0.88347022587269	112248	0.3518381675904367	0.3517799016595235	0.3859704284915637	5656	0.20141638979906634	0.20141638979906634	0
0.997946611909651	80948	0.06773581408408344	0.0767338193710967	0.28147454528256793	5918	0.11478959445197075	0.11478959445197075	0
0.9394250513347022	64460	0.18046218012758247	0.19840975700253533	0.2774268828455019	5426	0.2443905615264416	0.2443905615264416	0
0.9045174537987679	89006	0.32301717500766813	0.3275197716565637	0.3574631395938781	5872	0.18541645066988452	0.18541645066988452	0
0.9045174537987679	117410	0.06660852151269428	0.07798422573194667	0.3566951607308238	5840	0.12364571794631903	0.12364571794631903	0
0.9579055441478439	148386	0.28942371888877233	0.3021610686159161	0.35168156857395566	5878	0.1634897716513489	0.1634897716513489	0
1.0	70742	0.17566538682361924	0.197060133885918	0.2876482425107117	6012	0.21253704719324146	0.21253704719324146	0
1.0	55330	0.14508621315970974	0.17495385687285936	0.26015654232917435	5744	0.18963263352000276	0.18963263352000276	0
0.9774127310061602	69096	0.13559048017403988	0.15696348822186118	0.27550017710359115	5736	0.186195581745918	0.186195581745918	0
0.9835728952772074	72004	0.1796527227617624	0.19146655154405462	0.28822378894374573	5878	0.21776807144864085	0.21776807144864085	0
0.9111909650924025	150540	0.3303637714511356	0.3380786481023547	0.38366299858153846	5990	0.2322673416077553	0.2322673416077553	0
0.9512320328542094	189238	0.5152209429501678	0.5218193785991887	0.3718374947787628	6248	0.24503907378172285	0.24503907378172285	0
0.9815195071868583	83744	0.08344545518080733	0.09211950574662435	0.28944206653985743	5962	0.12928530396675278	0.12928530396675278	0
0.9953798767967146	88308	0.0845805495139496	0.09809943427495409	0.30254039506433555	6124	0.1465122512190192	0.1465122512190192	0
0.9774127310061602	163608	0.2846965738668415	0.297531729388471	0.33400178421668086	5946	0.11600821170946012	0.11600821170946012	0
0.9856262833675564	78492	0.09660477346428138	0.10579509574263468	0.2751701972671546	5818	0.15547409739607312	0.15547409739607312	0
1.0	62824	0.16035211909217606	0.18008512261963652	0.25848414980131657	5400	0.23124044709101946	0.23124044709101946	0
0.9897330595482546	80602	0.10611568511297209	0.11526131870910429	0.267895899393279	5674	0.1250766876986143	0.1250766876986143	0
0.9794661190965093	107256	0.10027569135727582	0.10727818108324262	0.3150215766421914	5994	0.1394639536807824	0.1394639536807824	0
1.0	66972	0.13794528595205816	0.1571585819347725	0.3079871267001733	6324	0.16910528344819764	0.16910528344819764	0
0.9301848049281314	128772	0.3222714846945215	0.3348082517214686	0.34981235292064033	5748	0.15011556715184657	0.15011556715184657	0
0.9640657084188912	103014	0.07716873638830574	0.08521276122056615	0.3125044649870822	5906	0.14921909930832936	0.14921909930832936	0
0.9815195071868583	92490	0.07814061742396687	0.08992755296086503	0.310227962512279	6142	0.13945472408543544	0.13945472408543544	0
0.9845995893223819	49882	0.14290310708873585	0.15548517774821474	0.26590133353744166	5628	0.20943750593963725	0.20943750593963725	0
0.9568788501026694	74808	0.05502577879926289	0.06514983242423716	0.2673095087407054	5412	0.0903084617928368	0.0903084617928368	0
1.0	70916	0.07863555559116395	0.09372107598998092	0.2813219076351577	6042	0.13583614719694762	0.13583614719694762	0
0.9558521560574949	178464	0.5260315926393578	0.5282833311923252	0.3677176422068638	6248	0.1640636869078145	0.1640636869078145	0
0.9414784394250514	74624	0.14414637674923747	0.15847269818905524	0.30419716612283937	5606	0.15831470844187936	0.15831470844187936	0
0.9075975359342916	104116	0.04353876099791183	0.04815688932921544	0.34031555148933873	5650	0.12859966945146717	0.12859966945146717	0
0.9476386036960985	75602	0.18087462015663955	0.1920603521238964	0.32057435177740096	5702	0.1426986347552134	0.1426986347552134	0
0.9815195071868583	78264	0.2054536576309536	0.2211345234101766	0.27916801308342226	5650	0.19908589393393417	0.19908589393393417	0
0.9296714579055442	146398	0.5240788440575465	0.5253441055484824	0.3975350339526184	6046	0.18649745774764034	0.18649745774764034	0
0.9897330595482546	100914	0.3022204999430919	0.3079289531930328	0.3307124287757723	6268	0.2120710514460698	0.2120710514460698	0
0.981006160164271	150186	0.4257050669739075	0.4325124122388823	0.336378444136295	6124	0.18437367859131365	0.18437367859131365	0
0.9917864476386037	77194	0.12897148954715018	0.14572449135463963	0.28348742617068606	5900	0.19002158908162853	0.19002158908162853	0
0.9840862422997947	77988	0.26510749272074885	0.27883925225304623	0.3129059966739202	6022	0.16744379196619655	0.16744379196619655	0
0.946611909650924	120950	0.0560596676939499	0.05935803789229832	0.3485802130079177	6120	0.09224001604457183	0.09224001604457183	0
0.9666324435318275	69186	0.1393615354738921	0.1498833857943386	0.2657078232920091	5496	0.22215413784874638	0.22215413784874638	0
1.0	51446	0.1569240355700068	0.18247456994187072	0.2661945759873702	5864	0.18588765632477136	0.18588765632477136	0
0.9794661190965093	217234	0.5784208544775977	0.5840318857437985	0.36311019694437136	6156	0.1575913039868759	0.1575913039868759	0
0.9620123203285421	82574	0.08447595648100636	0.09742224603141131	0.30271190130272724	5992	0.11722965442840103	0.11722965442840103	0
0.7931211498973306	96030	0.17645125617561447	0.18343926785679468	0.3786619643270339	5092	0.17424787228556965	0.17424787228556965	0
0.9548254620123203	81086	0.2613243463098213	0.2738101806802675	0.28516576962978146	5520	0.21677861041756227	0.21677861041756227	0
0.9856262833675564	111478	0.08206541457333577	0.09025344842834755	0.32023004520535814	6044	0.10785890554001294	0.10785890554001294	0
0.9753593429158111	125312	0.37394062572824877	0.3863053750896457	0.30114480638529795	5528	0.09022406206239367	0.09022406206239367	0
0.9204312114989733	128338	0.36151117295203533	0.38685588377400826	0.35624451438901716	5894	0.16378297102509465	0.16378297102509465	0
1.0	63364	0.1200229650715974	0.13345509115329304	0.24458599248198917	5598	0.1281462456664702	0.1281462456664702	0
0.9625256673511293	154720	0.4291208233379533	0.4432424389201585	0.34061470086038864	5950	0.11744494834107681	0.11744494834107681	0
1.0	126024	0.331022847044694	0.34457535084129226	0.3245495081652765	5958	0.178519227235147	0.178519227235147	0
0.9620123203285421	198850	0.4086900668067032	0.42393833675609605	0.37380988570909063	6414	0.16358890003577076	0.16358890003577076	0
0.9625256673511293	202480	0.6064335757488959	0.6065172680728993	0.3871588646102349	6448	0.23971080232921485	0.23971080232921485	0
0.9856262833675564	157640	0.45292563252325896	0.46088786872199416	0.3478304421539455	6278	0.19809022608690316	0.19809022608690316	0
0.9722792607802875	73754	0.16834424793013125	0.18526204974524807	0.29869075679804497	5942	0.28801915988971255	0.28801915988971255	0
0.978952772073922	226642	0.5819058558215013	0.5906204301863758	0.366206344591897	6300	0.14025968958953058	0.14025968958953058	0
0.9907597535934292	70626	0.10188361859723431	0.11710540740056634	0.2763618004097351	5828	0.15305877643389862	0.15305877643389862	0
0.9697125256673511	97382	0.07619989112134182	0.08690752761695307	0.308388809691022	5824	0.20938304859577128	0.20938304859577128	0
0.971252566735113	84870	0.09462638939194558	0.10527734315693592	0.28408424884123157	5644	0.0768876266177353	0.0768876266177353	0
0.9671457905544147	86284	0.0715864239294122	0.08633181060177214	0.28936719382843606	5642	0.14324630208692604	0.14324630208692604	0
0.9897330595482546	134076	0.07880697236780629	0.09561104747763159	0.31752574527944727	6394	0.12623366738508768	0.12623366738508768	0
0.9363449691991786	61778	0.1712273192298534	0.18899919711928564	0.2650933118519178	5278	0.11932259092716048	0.11932259092716048	0
0.9774127310061602	80126	0.10149415498626621	0.11363625798011628	0.26936909012571914	5508	0.16966232485101013	0.16966232485101013	0
0.9774127310061602	85562	0.2364752905242791	0.2466154815164872	0.2978307039264255	5778	0.15901436526058244	0.15901436526058244	0
0.9471252566735113	115296	0.10770794179037059	0.11395296215581037	0.3546911040681749	5994	0.14508537204406285	0.14508537204406285	0
0.9609856262833676	76350	0.11568315463476116	0.12794500777382178	0.2939536112702627	5706	0.15853841327619028	0.15853841327619028	0
0.9666324435318275	102038	0.3128558232359728	0.32041280660872795	0.30497233880209434	5700	0.18117865429817653	0.18117865429817653	0
0.9671457905544147	77050	0.10546405834206653	0.11417245732576276	0.2833581207266607	5618	0.2046899765342586	0.2046899765342586	0
0.9650924024640657	90078	0.10551595998018061	0.11461919287521916	0.3167748864029899	6190	0.15315707495245443	0.15315707495245443	0
0.9589322381930185	194560	0.49123198228043496	0.4974259414086989	0.38118202082138675	6454	0.18961525488086187	0.18961525488086187	0
0.9774127310061602	130678	0.38692063962506523	0.40278768377244384	0.3287248977793067	6194	0.17354295093374467	0.17354295093374467	0
0.971252566735113	71242	0.1261975485911658	0.1425330967133808	0.27237694724329986	5476	0.1853553346124682	0.1853553346124682	0
0.9876796714579056	74622	0.21489275437773908	0.22544566018948814	0.2992920945537009	5902	0.180001709628138	0.180001709628138	0
0.9897330595482546	75718	0.05625462109562056	0.06478424602397248	0.2616330595797961	5488	0.1593692512877179	0.1593692512877179	0
0.9768993839835729	91270	0.07688822779711256	0.08766549074282447	0.31529809031180356	6156	0.1631842484515683	0.1631842484515683	0
0.963552361396304	66756	0.10293312388126531	0.11342144452947289	0.3046702866281	6032	0.13852854245246993	0.13852854245246993	0
0.9707392197125256	97828	0.046202958275242595	0.05548086859170754	0.3102442076718386	5988	0.11588911579053301	0.11588911579053301	0
1.0	67052	0.13526991148333936	0.14719020284086085	0.28308800816227525	6068	0.165416262676869	0.165416262676869	0
0.9897330595482546	171086	0.3919097557557591	0.4060081355757147	0.34492908969828506	6098	0.13478159060456074	0.13478159060456074	0
0.9753593429158111	162066	0.44458738855411767	0.4512488202916361	0.3267465216933261	6154	0.18524774791074855	0.18524774791074855	0
0.9460985626283368	80422	0.10272371092318722	0.11862503507398725	0.31975713515242604	5984	0.20421256559637763	0.20421256559637763	0
0.9876796714579056	125292	0.35837449825136247	0.3631024649511492	0.3785737950335782	6394	0.2586464430911648	0.2586464430911648	0
0.997946611909651	64926	0.12716785061756763	0.1461768216840356	0.2642215790737139	5778	0.16972669266348314	0.16972669266348314	0
0.9835728952772074	55872	0.1412244209386005	0.15277068118324605	0.2491429890563794	5504	0.1861526579823937	0.1861526579823937	0
0.9753593429158111	83314	0.08227892360127836	0.0968202969572246	0.29612825524986225	5748	0.1834240256614119	0.1834240256614119	0
0.9815195071868583	60240	0.22474935733134777	0.24290176159033822	0.25277565927332574	5450	0.24212514158795048	0.24212514158795048	0
0.9938398357289527	165202	0.5180549794037841	0.522801722082545	0.32744008199694696	6028	0.18909336071476396	0.18909336071476396	0
1.0	73824	0.10430393122349521	0.11908855533762867	0.28714387643854755	6022	0.1660770300548388	0.1660770300548388	0
0.9784394250513347	152602	0.45326916713581883	0.4656430541053644	0.33346460755907037	6066	0.14379056085701458	0.14379056085701458	0
0.9609856262833676	89892	0.12324976944621464	0.1369921587851758	0.3082304045578584	6032	0.12661934199653804	0.12661934199653804	0
0.9907597535934292	108444	0.06344027230004837	0.0728584597355369	0.33540249564934604	6404	0.15680691833172586	0.15680691833172586	0
0.8726899383983573	76190	0.25219948351458105	0.26780157584852826	0.34416011624259113	5318	0.1668431508916207	0.1668431508916207	0
0.9681724845995894	187836	0.5763058966122082	0.5771979690567776	0.3687256775936028	6340	0.22117265281924425	0.22117265281924425	0
0.973305954825462	98226	0.07450090273678041	0.08307701388414886	0.3250764311754886	6142	0.21545470836782754	0.21545470836782754	0
0.9969199178644764	57214	0.13880311368833584	0.1517409430837699	0.26148887892087347	5824	0.1544033317570148	0.1544033317570148	0
0.9681724845995894	106256	0.31799908256015075	0.3232338609772149	0.3488697340987322	6112	0.18472226973104144	0.18472226973104144	0
0.9815195071868583	160380	0.5338519150346374	0.5406451197181376	0.3204470173148612	5852	0.15510531736228236	0.15510531736228236	0
1.0	79740	0.08963535248708106	0.10849770826926426	0.29762308152922845	6094	0.16343680792064633	0.16343680792064633	0
0.9743326488706365	169560	0.4712247618848576	0.4835946922079447	0.345177300462514	6092	0.2185259720992429	0.2185259720992429	0
0.9096509240246407	179804	0.5497306740721183	0.5507385416611819	0.3865073351938259	6056	0.19934387621507346	0.19934387621507346	0
0.9394250513347022	102638	0.06197147567259187	0.06786114168116086	0.327092162846188	6026	0.1085527375098968	0.1085527375098968	0
0.8090349075975359	85454	0.2726904244850873	0.27792913111143597	0.379380253796779	5182	0.24426097082148332	0.24426097082148332	0
0.981006160164271	62246	0.12653746865427162	0.13840466302896956	0.2706222652086004	5888	0.15858554442452408	0.15858554442452408	0
1.0	71002	0.1259522592516624	0.1479216868132552	0.28546583783088153	6000	0.20511250100433978	0.20511250100433978	0
0.9835728952772074	94646	0.34370983230931257	0.34230969820407836	0.3104999197677267	5958	0.16400295823058594	0.16400295823058594	0
0.9861396303901437	98702	0.08493892485971298	0.0986953714678716	0.30139179358447377	5886	0.15794589803908698	0.15794589803908698	0
0.9774127310061602	47754	0.1623732634225521	0.18584312298926428	0.24911146732738462	5462	0.19126280884785074	0.19126280884785074	0
0.9163244353182751	94144	0.17188388403178664	0.18421645885855428	0.3568242390224319	6010	0.1764398494789738	0.1764398494789738	0
0.9835728952772074	112148	0.0759862119784708	0.0901340210604464	0.32859972710715546	6352	0.1457860463878159	0.1457860463878159	0
0.9568788501026694	158768	0.4080324889453399	0.4171954875690599	0.3466845369143323	5996	0.17249990600018242	0.17249990600018242	0
0.9512320328542094	68378	0.1718324837226161	0.18442528652621046	0.2829162589334124	5514	0.2682856351129164	0.2682856351129164	0
0.9815195071868583	160474	0.5153267253755034	0.5168518840056561	0.35195675914980273	6260	0.21713262960682642	0.21713262960682642	0
0.9045174537987679	164874	0.48585760530058164	0.4892402454273937	0.3322805060798886	5622	0.12036513566555129	0.12036513566555129	0
0.9727926078028748	253696	0.6226965178984266	0.6282017887513872	0.3933950502692909	6280	0.19124421136840905	0.19124421136840905	0
1.0	44712	0.14377065595161334	0.16477699889926584	0.2301331700004319	5496	0.12414201395634758	0.12414201395634758	0
0.818788501026694	129756	0.5020207791637358	0.500600457395546	0.4153170788077613	5518	0.2942655338383976	0.2942655338383976	0
0.9917864476386037	80996	0.09521641001480735	0.11115510309815889	0.29311463844107427	5996	0.18170875863582062	0.18170875863582062	0
0.9650924024640657	59610	0.150923034015432	0.16421138429899937	0.2618437256918627	5484	0.15590758668311647	0.15590758668311647	0
0.9394250513347022	96090	0.09478917257405826	0.10684381674961389	0.33142310844743944	5910	0.13201726268566955	0.13201726268566955	0
0.9363449691991786	164054	0.3410769280637245	0.35090366594809624	0.37180539516084665	6016	0.17009037705274266	0.17009037705274266	0
0.9573921971252567	63332	0.14054777836147234	0.15073116431600747	0.28430620238192233	5708	0.17679778761032217	0.17679778761032217	0
0.9317248459958932	122524	0.11261550339674586	0.13071179219390108	0.3659911791647636	6110	0.15131961299674712	0.15131961299674712	0
0.9912731006160165	146440	0.4104280084263002	0.4148018852202166	0.33339780228975185	6278	0.24915854960768918	0.24915854960768918	0
0.9312114989733059	84036	0.08873077464108846	0.10091469299257319	0.3170785819439299	5656	0.13015473044998616	0.13015473044998616	0
0.9774127310061602	65784	0.0691100073249038	0.07894352763742465	0.27796962512654144	5682	0.12153388128819405	0.12153388128819405	0
0.9548254620123203	65418	0.10931245176741727	0.1302816322122259	0.27653118868569054	5710	0.16259246381446896	0.16259246381446896	0
0.9650924024640657	46712	0.08601337323114974	0.09868415554223785	0.2285489602387164	5168	0.12748114061135665	0.12748114061135665	0
0.8726899383983573	173474	0.5067278856469187	0.5073731900573178	0.38713301270145156	5864	0.15246762830981286	0.15246762830981286	0
0.9794661190965093	44344	0.21934875121116587	0.2332123323590237	0.24320366911094984	5434	0.26357352495305236	0.26357352495305236	0
0.981006160164271	89464	0.11978294934382418	0.12539568401712403	0.29965980626792704	5922	0.11927048873868953	0.11927048873868953	0
0.9640657084188912	102432	0.06353000703229973	0.07680963910358832	0.33073525623636496	6174	0.10337115345574917	0.10337115345574917	0
0.9830595482546202	78928	0.0722583268926645	0.0809048576201735	0.28224368327346333	5840	0.1396188778548984	0.1396188778548984	0
0.9476386036960985	98286	0.03957240413240268	0.04407013108382329	0.3102983404516029	5734	0.10004858003615821	0.10004858003615821	0
1.0	80692	0.08266101222102244	0.09453246486042338	0.281608634909596	5854	0.16106532024975082	0.16106532024975082	0
0.9989733059548255	63878	0.10997313620930721	0.1308905796381707	0.26204048730252033	5768	0.16085927972658168	0.16085927972658168	0
1.0	147628	0.2789828661129739	0.29242923555909706	0.32329654123661405	5902	0.13664933688396708	0.13664933688396708	0
0.9502053388090349	133630	0.025990057850914846	0.028656022063806103	0.348071709792043	6028	0.08058941838532944	0.08058941838532944	0
0.9897330595482546	163622	0.47486691495610056	0.4844327283345671	0.35453019156004895	6068	0.1533125559716418	0.1533125559716418	0
0.9661190965092402	172018	0.5278910726317242	0.5277558439217402	0.35123481613624036	6134	0.2329776474480546	0.2329776474480546	0
0.9671457905544147	106964	0.03708311092937787	0.04601670260086531	0.32454957494772724	6088	0.10464971061306153	0.10464971061306153	0
0.973305954825462	109874	0.04723244986555268	0.054163168885539584	0.3185580898131634	6076	0.10273369857032505	0.10273369857032505	0
0.9753593429158111	69696	0.08054501565310518	0.09793059040645903	0.2838961638087234	5782	0.15335653995459114	0.15335653995459114	0
1.0	81768	0.07044007106834478	0.0849363040708558	0.29059470900319534	6022	0.1539706059158031	0.1539706059158031	0
0.9851129363449692	88106	0.09846710488955655	0.108107147422636	0.29719851633552413	5914	0.16730479464594575	0.16730479464594575	0
0.9527720739219713	174188	0.5348336717886247	0.5365193813875936	0.3775772829054623	6466	0.20253663022705876	0.20253663022705876	0
0.9917864476386037	72296	0.3061714802871776	0.3131424053783829	0.288686856523318	5896	0.2902166675287687	0.2902166675287687	0
0.9815195071868583	41036	0.2147514942201931	0.23772456381648352	0.2370818850695823	5636	0.16936738461611406	0.16936738461611406	0
0.9081108829568788	113552	0.06497092382259372	0.07322661285200317	0.3527075069499768	5764	0.09182324307556514	0.09182324307556514	0
0.9845995893223819	181252	0.4141816112078739	0.4189142419719954	0.33863576592351546	6218	0.13576473276986048	0.13576473276986048	0
0.9748459958932238	142596	0.08041470879279813	0.09102719564832058	0.3200141994739405	6042	0.16706113512162288	0.16706113512162288	0
0.9835728952772074	49830	0.19012957243380044	0.2134488821231627	0.2628282279332471	5848	0.1987235680685984	0.1987235680685984	0
0.9363449691991786	174598	0.3937194773963402	0.3977425669056143	0.3756142780239478	6180	0.15017634317911385	0.15017634317911385	0
0.7325462012320328	98800	0.2492996018643123	0.25206284048099575	0.4236934074294176	5070	0.17346177889436842	0.17346177889436842	0
0.9640657084188912	103692	0.26521976175145484	0.2696845538549671	0.3386814467344857	5928	0.1563089428742309	0.1563089428742309	0
0.9820328542094456	169740	0.3549478608430763	0.3614946118230616	0.3763400044274263	6392	0.18551730750303347	0.18551730750303347	0
0.944558521560575	152650	0.4935304186494698	0.5081264179025757	0.36285547434463344	6136	0.1978746646573884	0.1978746646573884	0
0.9856262833675564	94060	0.06058756425851274	0.06809048732040557	0.2959422211549735	5948	0.13281600558636866	0.13281600558636866	0
0.9753593429158111	69628	0.12381682748633106	0.1353746631040168	0.27618330723594847	5766	0.13694484849247326	0.13694484849247326	0
0.9845995893223819	85142	0.0917275761872225	0.10258999694566258	0.29820665764916626	5910	0.16495382607228365	0.16495382607228365	0
0.9676591375770021	68108	0.1267782853244089	0.1350622253222776	0.2582174471307535	5454	0.14394565315636096	0.14394565315636096	0
0.9876796714579056	68036	0.15079266736328487	0.16799521852010096	0.26704662219251857	5692	0.17003880202510574	0.17003880202510574	0
0.9681724845995894	152940	0.5338497929169301	0.5342031285699886	0.3254027902096736	6060	0.1982417353149947	0.1982417353149947	0
1.0	61492	0.14606310328945676	0.1632989048524165	0.2798450203672886	6034	0.18016240843618075	0.18016240843618075	0
0.9835728952772074	51272	0.22297163094529332	0.24959018538301475	0.2594671411898367	5834	0.20496736225531853	0.20496736225531853	0
0.9753593429158111	64608	0.1292775444204481	0.14033606639919763	0.28559533020172306	5992	0.17221487038331768	0.17221487038331768	0
0.9183778234086242	84350	0.3177894946732273	0.31967586058555475	0.3166136023662925	5486	0.1638465501749132	0.1638465501749132	0
0.9260780287474333	98294	0.2650636741695864	0.27443868381108427	0.3661694603011228	5744	0.19494577881530914	0.19494577881530914	0
0.919917864476386	113610	0.031091757353355596	0.0365869938153848	0.33643080731903746	5816	0.10238195258870686	0.10238195258870686	0
0.9794661190965093	76542	0.1777765409550002	0.1926977454098872	0.28656934767245607	5840	0.17158124067271643	0.17158124067271643	0
0.9876796714579056	170044	0.4129483285152998	0.43250933324203067	0.34087725692445087	6094	0.11597358113642675	0.11597358113642675	0
0.8444558521560575	164062	0.35932896575523426	0.36752413457558164	0.4024797106812366	5534	0.18757456020236876	0.18757456020236876	0
0.9989733059548255	59228	0.1335501072378946	0.1562810363819377	0.2387154762640101	5568	0.12413631698460235	0.12413631698460235	0
0.9204312114989733	106918	0.07511588113958027	0.08748407728383027	0.33952587702561793	6014	0.12672037542016018	0.12672037542016018	0
0.9548254620123203	57338	0.15193442002297233	0.17134204900167657	0.2610163692144103	5314	0.21197901704322636	0.21197901704322636	0
0.952258726899384	70376	0.11723722702394311	0.12521165207364718	0.25397180695876015	5360	0.1810383214716277	0.1810383214716277	0
1.0	66824	0.11327709760936497	0.13022741285359193	0.28131882997551055	5970	0.1384480206454518	0.1384480206454518	0
0.9794661190965093	105412	0.07663396988865329	0.0875656037730884	0.3050456265213098	5866	0.10888215951642027	0.10888215951642027	0
0.9568788501026694	104790	0.09636453586880891	0.10696237087824169	0.31319257644605614	5832	0.1237227730479177	0.1237227730479177	0
0.9650924024640657	77926	0.10969944204076504	0.12339010572554378	0.28565285749405755	5748	0.15594793348760402	0.15594793348760402	0
0.7931211498973306	202458	0.30792406077832657	0.31061163082265014	0.43878014736681575	5826	0.2537022510446916	0.2537022510446916	0
0.9671457905544147	66390	0.1246163806029692	0.13302148398330818	0.264792618202287	5566	0.21147652633208477	0.21147652633208477	0
0.9558521560574949	190044	0.5805265647230159	0.5814566294377701	0.3742968127903554	6270	0.21920366083422121	0.21920366083422121	0
0.9768993839835729	72188	0.11103711119446137	0.12452319310624357	0.28361291487967605	5776	0.18898035116877238	0.18898035116877238	0
0.9363449691991786	83538	0.24243961435654157	0.25255082235140347	0.34109423611381406	5796	0.13677913437297473	0.13677913437297473	0
0.8983572895277208	114744	0.16647369290933078	0.17789055467592704	0.3718176057594031	5776	0.11851400067520598	0.11851400067520598	0
0.9486652977412731	103652	0.06420882866405406	0.07415068251855542	0.33592566472593416	5980	0.1325295892979131	0.1325295892979131	0
0.9081108829568788	165522	0.3833869667167604	0.3887198777438697	0.3837652858888531	5986	0.22015266022495075	0.22015266022495075	0
1.0	70892	0.10498076413920134	0.11109399702442833	0.2820212134429798	6046	0.15436700304900178	0.15436700304900178	0
0.9650924024640657	71646	0.12366861139221991	0.13530983649442835	0.2771603499653235	5544	0.2260792452104566	0.2260792452104566	0
0.963552361396304	112542	0.06654938793418268	0.07065097816060276	0.3281493571085582	5876	0.1180526086564862	0.1180526086564862	0
0.9363449691991786	129992	0.04031912198458392	0.04847511467941683	0.3475648214002984	5902	0.0773727866813132	0.0773727866813132	0
0.9702258726899384	172018	0.3504542083897559	0.35391463803138384	0.3625631187802805	6034	0.1163451639582425	0.1163451639582425	0
0.9876796714579056	151242	0.3130750139155888	0.33350690314091697	0.3516780602885574	6098	0.12044362740026618	0.12044362740026618	0
0.973305954825462	84534	0.07781343532433262	0.09147644942255595	0.2973460746932856	5818	0.16048437521628986	0.16048437521628986	0
0.9835728952772074	90384	0.04577424802959669	0.05649890396476404	0.2867928589073402	5812	0.10324569912496787	0.10324569912496787	0
0.9681724845995894	98136	0.3158098902428719	0.3204582721579133	0.319617869176647	5888	0.18166942962639562	0.18166942962639562	0
0.9753593429158111	134472	0.275303334863848	0.2890446067927492	0.33138958418292663	5820	0.14254080431789506	0.14254080431789506	0
0.8249486652977412	100240	0.28235304010565004	0.28998401940600055	0.3853738383743905	5214	0.2205608258577913	0.2205608258577913	0
0.9681724845995894	99558	0.3444189959380566	0.3483983317864569	0.32630620494769286	6084	0.2276830880690223	0.2276830880690223	0
0.9045174537987679	183698	0.3492026270310812	0.35505431452733227	0.41434909070153486	6292	0.16889793252053956	0.16889793252053956	0
0.9045174537987679	180492	0.41624782912560887	0.4222909846172577	0.3949823948851591	6066	0.17606173379631368	0.17606173379631368	0
0.9897330595482546	62742	0.12737585364507298	0.14653562742116388	0.2773231161418309	5904	0.2195232754839375	0.2195232754839375	0
0.9876796714579056	77362	0.07874447202705967	0.09775708976203283	0.3000615896983478	6224	0.1376004753736025	0.1376004753736025	0
0.9830595482546202	63788	0.15269309823064794	0.17290175473204145	0.2772860096451382	5822	0.2128546021647305	0.2128546021647305	0
0.9758726899383984	88840	0.03772463936631106	0.04399780750254891	0.30366451659659105	6000	0.14704412079580217	0.14704412079580217	0
0.9748459958932238	89438	0.0680693315391754	0.07881075533913373	0.29220986803360355	5718	0.12556112091253513	0.12556112091253513	0
0.9142710472279261	223360	0.5508893693789838	0.5573259447282006	0.39611340890970553	5920	0.17990124283657372	0.17990124283657372	0
0.981006160164271	72308	0.20033042220214373	0.21863840919467045	0.289291539500742	5844	0.1605864629462739	0.1605864629462739	0
0.9753593429158111	76228	0.15503283078777957	0.16429275638805205	0.2887303178847375	5866	0.1763044570047419	0.1763044570047419	0
0.9753593429158111	87536	0.2619780595344613	0.2697209354350303	0.3000867083470449	5830	0.2130168161131347	0.2130168161131347	0
0.9917864476386037	78962	0.20487614951408384	0.21190601822705932	0.30155410144153444	5730	0.26221967216493214	0.26221967216493214	0
0.9691991786447639	78184	0.054253140786254504	0.05744391567990097	0.28577487531606843	5854	0.14289849643869887	0.14289849643869887	0
0.9876796714579056	143744	0.27674715539508704	0.29247030868677965	0.3392609934484147	6096	0.13014635308668115	0.13014635308668115	0
0.9738193018480493	176492	0.5669391968295027	0.5689006055730094	0.355455226857881	6322	0.18408069820526843	0.18408069820526843	0
0.9845995893223819	70286	0.10688345576553748	0.1250477410837283	0.27184018989696596	5736	0.18634560872584158	0.18634560872584158	0
0.9471252566735113	213720	0.5547835302171339	0.5577361063105918	0.37023501632787875	6018	0.16904826520990013	0.16904826520990013	0
0.9697125256673511	70486	0.207676808415711	0.22487001022195152	0.2909247988827642	5682	0.2721316653442691	0.2721316653442691	0
0.9630390143737166	86178	0.06374038251009921	0.07691174532088346	0.2881373635664601	5546	0.17495704834420178	0.17495704834420178	0
0.9471252566735113	268734	0.6632498224023351	0.6665853280942944	0.411906549079178	6392	0.18435516532731908	0.18435516532731908	0
0.9640657084188912	72552	0.10528897275875865	0.11879800414749762	0.26880992134427334	5422	0.20619137537286178	0.20619137537286178	0
0.9774127310061602	142476	0.3273855277549615	0.3568345897827858	0.3195102419210443	5736	0.11562790515407456	0.11562790515407456	0
0.9804928131416838	82230	0.10301977164182931	0.12246467149104041	0.29432783776590726	5774	0.17027597961323893	0.17027597961323893	0
1.0	79358	0.23250326545205152	0.2455292521530363	0.2885201539400475	5770	0.20101470517796918	0.20101470517796918	0
0.9953798767967146	88194	0.12800293598827986	0.14376344346289316	0.2512988812716435	5472	0.14223697545461264	0.14223697545461264	0
0.9517453798767967	122082	0.391485231336285	0.39265827267752806	0.38232792345490746	6376	0.21070087193541698	0.21070087193541698	0
0.978952772073922	89312	0.055934274851433055	0.060472892005682094	0.29240791398419735	5646	0.0828135293869387	0.0828135293869387	0
0.978952772073922	104324	0.037811080993866	0.04358058773436857	0.30927240983677423	5958	0.12508266149626823	0.12508266149626823	0
0.9640657084188912	172306	0.5367024484408196	0.5408239695365633	0.35211427923347743	6306	0.18275815252190034	0.18275815252190034	0
0.9496919917864476	78584	0.2635281106972884	0.27507128594744973	0.32823977530850756	6004	0.2110053640267008	0.2110053640267008	0
0.9774127310061602	63930	0.12771152955168202	0.14269406254483982	0.24521671432419304	5438	0.15800648965094855	0.15800648965094855	0
0.9907597535934292	38660	0.2125869187189439	0.238093903971615	0.2081458946244887	5432	0.18825868256851866	0.18825868256851866	0
0.9548254620123203	105000	0.05328247730289108	0.06210290445601323	0.3152847253135936	5756	0.10098190266411694	0.10098190266411694	0
0.9204312114989733	156062	0.3568413271632946	0.3715182492177562	0.4036360750044756	6152	0.18675284125861286	0.18675284125861286	0
0.9933264887063655	91090	0.1315919843923054	0.14080036770093377	0.32830438297667014	6458	0.19401885225827775	0.19401885225827775	0
0.978952772073922	59756	0.1967955067447917	0.217443530812304	0.26144862184732937	5526	0.27381334199852725	0.27381334199852725	0
0.9938398357289527	57120	0.1777448410415207	0.20518366622684284	0.28326244116953103	5990	0.21125178425536964	0.21125178425536964	0
0.992299794661191	80402	0.09893476061489927	0.11089616641313292	0.2862244828822355	5834	0.18468627744631777	0.18468627744631777	0
0.9897330595482546	81052	0.10118692896478663	0.11244709744938605	0.2819752877772633	5914	0.1315150535178026	0.1315150535178026	0
0.9958932238193019	83380	0.06452809269793479	0.0781379311460346	0.27048400099670294	5514	0.15232801099271956	0.15232801099271956	0
0.9727926078028748	72540	0.14385012612841358	0.16103811790635067	0.2803170585708187	5614	0.1974942973240889	0.1974942973240889	0
0.9034907597535934	72260	0.12524420278817858	0.13798362618350019	0.3042963205889992	5490	0.16016023987986613	0.16016023987986613	0
1.0	54700	0.1354065406609636	0.1559301557528596	0.2663868390111022	5710	0.179130232537733	0.179130232537733	0
0.9958932238193019	147340	0.05177000379284845	0.06563230955391265	0.32182747891796915	6196	0.09691370590860499	0.09691370590860499	0
0.9301848049281314	161462	0.49758648779448345	0.4986985292862343	0.3592880212718135	6036	0.16026753515412562	0.16026753515412562	0
0.9774127310061602	44678	0.24370090383694273	0.2699219188479707	0.23560179164778736	5380	0.23719482671761213	0.23719482671761213	0
0.8886036960985626	83422	0.22578355835801436	0.2318771205272018	0.3694679060829027	5526	0.16182340909289641	0.16182340909289641	0
0.9691991786447639	148596	0.5116551572849825	0.5176950954742333	0.3417140085120603	6194	0.18330577929869385	0.18330577929869385	0
0.9671457905544147	169556	0.4914906092800925	0.4984499779897006	0.32936676851506824	5998	0.19490237272082486	0.19490237272082486	0
1.0	73392	0.08856514630818828	0.11109947516507188	0.2817808536317038	5922	0.16536704392493964	0.16536704392493964	0
0.9306981519507187	137454	0.0207159091265659	0.021051610902102433	0.35042587170439266	5778	0.07822536045585088	0.07822536045585088	0
0.9650924024640657	42018	0.15581231491033287	0.1746575448314676	0.22723597707427634	5156	0.17331285317531203	0.17331285317531203	0
0.9707392197125256	136686	0.3266672328353162	0.3553273094162051	0.31237028577642767	5640	0.1099556468382033	0.1099556468382033	0
1.0	66202	0.13198607140162194	0.14630547277082032	0.2754620289168602	5928	0.15634171000624586	0.15634171000624586	0
0.9794661190965093	158246	0.38856090536821897	0.4077427245148521	0.33788988711656803	6078	0.160661688797373	0.160661688797373	0
0.8732032854209446	99664	0.32157017951349515	0.3231786005092037	0.34050753427385366	5372	0.21965674141214464	0.21965674141214464	0
0.9804928131416838	58464	0.11384836935241571	0.13312347449929451	0.2514507213097876	5412	0.16266743271089906	0.16266743271089906	0
0.9861396303901437	150274	0.29650810567910624	0.3110325899935315	0.3387246334594283	6216	0.14790177853294387	0.14790177853294387	0
0.9204312114989733	166506	0.4017683438276537	0.4072062882075816	0.37560264981084507	5866	0.1816498817865602	0.1816498817865602	0
0.9856262833675564	154428	0.4372761377062295	0.44896360757811127	0.32561910648243503	5862	0.1636875480691553	0.1636875480691553	0
0.978952772073922	86962	0.0776470203479434	0.08847558360947438	0.28095401133013037	5630	0.13326651422635485	0.13326651422635485	0
0.8886036960985626	105368	0.3040813852164389	0.30463271414502463	0.38274215402178274	5656	0.21488848533586966	0.21488848533586966	0
0.9768993839835729	98036	0.08813326764054942	0.09888832010982088	0.3053744776580002	5912	0.179071875056803	0.179071875056803	0
0.9691991786447639	81984	0.10162344849562929	0.11393901320571814	0.30163233582239724	5898	0.19308142262144762	0.19308142262144762	0
0.981006160164271	129992	0.30535549696298686	0.32935068931139266	0.32286325134089305	5694	0.13553037104728713	0.13553037104728713	0
0.971252566735113	61996	0.10783649414440759	0.12518433675983512	0.27246107435441586	5556	0.1742058370565465	0.1742058370565465	0
0.9969199178644764	44542	0.16107595257092142	0.18684603884552742	0.25200400434746706	5770	0.16368675972999008	0.16368675972999008	0
1.0	70700	0.11372330974719068	0.12862429522646962	0.26187117209444677	5736	0.14021659053302923	0.14021659053302923	0
0.8886036960985626	81052	0.2219655255878657	0.22736297418687362	0.3441093053822317	5442	0.12214638429458306	0.12214638429458306	0
0.9804928131416838	85048	0.08554244716742601	0.09643003279623713	0.26873881527781	5460	0.14076071223419123	0.14076071223419123	0
1.0	76688	0.25007031587324674	0.2622123019933378	0.30367969487203633	6044	0.19229412284314965	0.19229412284314965	0
0.9774127310061602	66402	0.14241604175864198	0.14652724005817472	0.25867124100806765	5548	0.23599284147836136	0.23599284147836136	0
0.856776180698152	68530	0.18943436219993934	0.1986532841548973	0.35317950492750727	5570	0.17439222943600685	0.17439222943600685	0
0.9856262833675564	94136	0.11233373019611333	0.12579494593081997	0.28755860974565217	5764	0.10830760253117332	0.10830760253117332	0
0.9835728952772074	67596	0.1535230180161977	0.16347042255725805	0.28372362985746064	5770	0.1566872932497224	0.1566872932497224	0
0.9363449691991786	165578	0.3348160349080299	0.34525966542171144	0.37023309881254707	5950	0.16529928618906645	0.16529928618906645	0
0.9830595482546202	75640	0.22288762217697808	0.23872289004190472	0.28524949685051393	5688	0.21148033744541675	0.21148033744541675	0
0.856776180698152	102150	0.23648216624266427	0.2430844390136875	0.3775868229021811	5866	0.19780257879344648	0.19780257879344648	0
0.9958932238193019	83152	0.09252835288180672	0.1079254893974026	0.28018128585286656	5766	0.15067461374238722	0.15067461374238722	0
0.9568788501026694	92020	0.058160032223351026	0.06901089910352112	0.3084348285901041	5792	0.125855597378399	0.125855597378399	0
0.9933264887063655	49242	0.14979533800535572	0.1754731442190681	0.24402860970572302	5568	0.19596117857843956	0.19596117857843956	0
0.9845995893223819	92960	0.05174892138282982	0.05956617261124053	0.3163604127424237	6274	0.09164522103401607	0.09164522103401607	0
0.9835728952772074	164516	0.5205312492352822	0.5216538615864702	0.3638833300065731	6320	0.23166348745952042	0.23166348745952042	0
0.9794661190965093	80944	0.1508137056511554	0.16547480083533256	0.2907862117942873	5684	0.22285296875290142	0.22285296875290142	0
1.0	40572	0.27489055120901307	0.30709235282842506	0.22125481734143118	5516	0.21130725356653512	0.21130725356653512	0
0.9691991786447639	97934	0.06648079451856027	0.0798455577942659	0.31558591436115985	5908	0.1448854805573883	0.1448854805573883	0
0.9753593429158111	63736	0.19036989011227215	0.20722993443785168	0.2714086951487161	5668	0.250146735456746	0.250146735456746	0
0.971252566735113	251820	0.6224816487772937	0.6294912865098121	0.38962268505171266	6160	0.16232324548602334	0.16232324548602334	0
0.8726899383983573	56410	0.16026391858184316	0.1834153101439703	0.3005859350640728	5556	0.14346297867747995	0.14346297867747995	0
0.9907597535934292	87980	0.10098167565691636	0.11125479545038232	0.28232883619036886	5716	0.17463995102716431	0.17463995102716431	0
0.9599589322381931	169910	0.5161669975789991	0.5178982635405743	0.371283221251587	6448	0.23289298745749576	0.23289298745749576	0
0.9917864476386037	143342	0.3219904194850745	0.3362912590564673	0.3444745866041778	6168	0.12388540308256576	0.12388540308256576	0
0.9815195071868583	63656	0.16702126714278748	0.18591062150724155	0.27086566095650433	5708	0.17160929728678193	0.17160929728678193	0
0.9630390143737166	51384	0.16513728522674503	0.18596530199024033	0.24658451359668213	5422	0.19996616741915338	0.19996616741915338	0
0.9291581108829569	181816	0.5111909964491056	0.5124858633647992	0.3986482760328351	6414	0.1706312766721219	0.1706312766721219	0
0.9640657084188912	88002	0.08134362782427948	0.09184383470829552	0.30525733910734937	5844	0.16665168599189528	0.16665168599189528	0
0.9958932238193019	81598	0.09422077145755933	0.10849821222680325	0.2858731444879808	5856	0.14261533610840882	0.14261533610840882	0
1.0	65134	0.1419185566113937	0.16229031421893966	0.2531463624255444	5638	0.1650296417347481	0.1650296417347481	0
0.9753593429158111	59178	0.1750916338574009	0.19567310702118101	0.2676710807751825	5666	0.20743325002580076	0.20743325002580076	0
0.9691991786447639	99322	0.0801147414631627	0.08741827617117319	0.31004557126436344	5968	0.18593580750552124	0.18593580750552124	0
0.9188911704312115	114152	0.03464925625792338	0.037211210920726184	0.3326418250059448	5770	0.0826048513415884	0.0826048513415884	0
0.9671457905544147	94520	0.30312194140869614	0.3106993607887735	0.31336751465186846	6032	0.21516052533370644	0.21516052533370644	0
0.9481519507186859	113006	0.07670762768012013	0.08581592119581402	0.3289922530889261	5958	0.1071543222846462	0.1071543222846462	0
0.9876796714579056	77138	0.06142700999385371	0.06780951205327473	0.27068416609867346	5742	0.12620246594221052	0.12620246594221052	0
0.9825462012320328	58172	0.12110313750219691	0.13635655021571702	0.2421669835511283	5428	0.20777526840611057	0.20777526840611057	0
0.9876796714579056	65566	0.13762791581973605	0.15396879252797277	0.2724805751720197	5712	0.20352832239172963	0.20352832239172963	0
0.963552361396304	178138	0.5593790956713139	0.5644777328922153	0.37491264597128615	6252	0.16868652963027392	0.16868652963027392	0
0.9686858316221766	192222	0.5671372758020868	0.5709996659615931	0.37773539854490834	6372	0.2077163604858371	0.2077163604858371	0
0.9835728952772074	163160	0.4864011879154425	0.4951949653550639	0.351749876284076	6246	0.1784671564550511	0.1784671564550511	0
0.9856262833675564	57990	0.22218614365957207	0.24458348512408926	0.2756272930709462	5774	0.2370791929076054	0.2370791929076054	0
0.87217659137577	108280	0.2784255196199732	0.28070892854033935	0.37762725380484313	5564	0.2151294459192182	0.2151294459192182	0
0.9907597535934292	81678	0.1434944301097499	0.15419862213130317	0.2970393686377145	5844	0.20755089849803646	0.20755089849803646	0
0.9856262833675564	144426	0.40086956298373455	0.42361910585117374	0.33566255231022796	6238	0.14821860180067883	0.14821860180067883	0
0.9835728952772074	63182	0.13959337119007317	0.1552884372560974	0.24457551319460782	5334	0.20351456373606686	0.20351456373606686	0
0.9681724845995894	78544	0.1686832014569131	0.1823047231673029	0.28340563680419	5562	0.19985305070620982	0.19985305070620982	0
0.9871663244353183	161154	0.520336290237786	0.5261242230371347	0.3523187605404692	6546	0.19516563922485586	0.19516563922485586	0
0.9527720739219713	87182	0.10218196802261091	0.11362443354056959	0.3105854001991209	5892	0.21926971446718735	0.21926971446718735	0
1.0	50454	0.1774916198730152	0.2072838607626301	0.24787733190560257	5642	0.1959511813090002	0.1959511813090002	0
0.9671457905544147	61616	0.1715876512135254	0.18095270815653036	0.23812122712266978	5170	0.16193138054995967	0.16193138054995967	0
0.9897330595482546	54936	0.13942458651648446	0.1563183729838584	0.2740626905327996	5862	0.20828700913439138	0.20828700913439138	0
0.9599589322381931	95368	0.06858295642759238	0.0739036552029417	0.29207461077038716	5518	0.12244594468289198	0.12244594468289198	0
0.7612936344969199	99912	0.3714623068682226	0.3750906406048006	0.4196360355044558	5256	0.18497908863413953	0.18497908863413953	0
0.9856262833675564	51030	0.19636881652463198	0.2277360588195027	0.2587969201602659	5620	0.24707388319794235	0.24707388319794235	0
0.9625256673511293	89418	0.23921606765581233	0.24685499878532527	0.30625870037986214	5786	0.24505445018706454	0.24505445018706454	0
0.9296714579055442	88782	0.07161677171056884	0.08103532856725983	0.32009541241518524	5828	0.10051178413600066	0.10051178413600066	0
0.997946611909651	71590	0.16216273431915104	0.17682389908888899	0.26187889408096926	5486	0.17522699862507568	0.17522699862507568	0
0.9825462012320328	86550	0.23741231207599484	0.24623677912205108	0.31585046351397494	5816	0.20765905757728442	0.20765905757728442	0
1.0	70666	0.10460064696438015	0.12144165793514314	0.2645912408023667	5686	0.12280074059029869	0.12280074059029869	0
0.973305954825462	107414	0.36543055302741184	0.3684562348310362	0.3561507509459981	5896	0.18345436871768706	0.18345436871768706	0
0.9917864476386037	94758	0.1239558302022176	0.13556484639026056	0.31548218321371096	5954	0.17692086551141883	0.17692086551141883	0
0.7874743326488707	232830	0.24047957046971322	0.2441612541415817	0.4309396771979262	5402	0.06694685354264565	0.06694685354264565	0
0.9840862422997947	180308	0.5585706972119817	0.5607980443674504	0.343473300799759	6224	0.1794656173304355	0.1794656173304355	0
0.9794661190965093	80258	0.18210146481139025	0.19252212906706062	0.28602568622153696	5584	0.17185771456499516	0.17185771456499516	0
0.9917864476386037	65634	0.14865902398651304	0.16749373133728457	0.26620158084887874	5662	0.22580173089874309	0.22580173089874309	0
0.9804928131416838	86812	0.08507834595209944	0.09562743334176074	0.2940157189492347	5972	0.16107565834350995	0.16107565834350995	0
0.9856262833675564	77258	0.1436174606974581	0.1558574631756838	0.2964467398735637	5956	0.18902156823103736	0.18902156823103736	0
0.9363449691991786	165950	0.402085174280243	0.40555084167682015	0.3579657184893346	5782	0.19207131040012201	0.19207131040012201	0
0.8151950718685832	179894	0.5441170253442439	0.5450073793207149	0.4259004570820633	5622	0.23047826841243327	0.23047826841243327	0
0.9753593429158111	86648	0.06488440198912199	0.07961673461879439	0.2928356985274529	5940	0.09687655096948568	0.09687655096948568	0
0.9774127310061602	145764	0.35304165209841964	0.36691213583283977	0.329235490518769	5992	0.163127609295645	0.163127609295645	0
0.9650924024640657	81068	0.080607456576787	0.08624940624983723	0.2929892012483021	5958	0.15288945241280008	0.15288945241280008	0
0.7458932238193019	100724	0.2670584412594981	0.2718286480488745	0.43098391393638785	5174	0.16710114691635383	0.16710114691635383	0
0.971252566735113	159084	0.4902393213896781	0.48926101177441583	0.3369614481465332	6062	0.16028154734389075	0.16028154734389075	0
0.9589322381930185	181418	0.5817502276185313	0.5835545786109028	0.35417490694788056	6214	0.17437521889386037	0.17437521889386037	0
0.9753593429158111	96488	0.31443565846739024	0.3231071047034805	0.3344009381282318	6250	0.21852243603300325	0.21852243603300325	0
0.9681724845995894	168676	0.4969099382604432	0.5000486812155954	0.33920514026112997	6102	0.18841930709351778	0.18841930709351778	0
0.963552361396304	220760	0.5939639825423073	0.5993495935750079	0.37866668401040315	6174	0.17925811096060967	0.17925811096060967	0
0.971252566735113	75334	0.13670950663071202	0.1561515976397168	0.30603830957695527	5940	0.20667561678054067	0.20667561678054067	0
0.9702258726899384	97274	0.049886470163398956	0.06341766367632642	0.2970648180245007	5782	0.1395612917276956	0.1395612917276956	0
0.9707392197125256	104472	0.04748504787262273	0.05728218271163519	0.32022799989994705	6040	0.12457548518955373	0.12457548518955373	0
0.8844969199178645	149986	0.2994773544457224	0.3007004195962131	0.4059934310462507	5756	0.1834581693111371	0.1834581693111371	0
0.9876796714579056	89854	0.1076691062945588	0.12290815834393481	0.30178137917318787	6028	0.13180736926129014	0.13180736926129014	0
0.9229979466119096	101002	0.26283894617743725	0.2659141240383195	0.3830000784896474	6068	0.23819669631370896	0.23819669631370896	0
0.9907597535934292	153784	0.42816609362822966	0.4383741014728138	0.30499103600505467	5874	0.17219420235071106	0.17219420235071106	0
0.9620123203285421	90270	0.06590272930891819	0.07550051371428065	0.3010734134801782	5594	0.16105374760886512	0.16105374760886512	0
0.9045174537987679	162150	0.5489653223263131	0.5504314131470575	0.35533502633993813	5798	0.21975958879496568	0.21975958879496568	0
0.9579055441478439	94566	0.04330521962558837	0.04723672254349889	0.2882960819794064	5486	0.17929780707196805	0.17929780707196805	0
0.9794661190965093	75982	0.07528723483016843	0.09149794229871716	0.29648896422134413	6042	0.12487662701496773	0.12487662701496773	0
0.9460985626283368	68200	0.17821867261245963	0.1947356160410887	0.3004125110885491	5620	0.21561968619042213	0.21561968619042213	0
1.0	64270	0.08572274737727352	0.10033846921287211	0.25696808460462345	5698	0.10791925998316791	0.10791925998316791	0
0.9476386036960985	178260	0.5402686079108646	0.5410494706892742	0.37664313712001846	6322	0.1810837024765293	0.1810837024765293	0
0.9856262833675564	68584	0.11962798200198006	0.12942937420760664	0.2940380476462618	5960	0.17839939262939764	0.17839939262939764	0
0.9953798767967146	66582	0.11585140974032704	0.12998603408690557	0.28439542102804766	5936	0.158024534387444	0.158024534387444	0
0.9686858316221766	89760	0.09555155487395267	0.10597515011924044	0.31338941312303753	6064	0.2084458340276287	0.2084458340276287	0
0.9835728952772074	56954	0.20023294045113582	0.21613158676444982	0.27337810636134086	5740	0.27222693894761607	0.27222693894761607	0
0.9917864476386037	71252	0.26760516767103876	0.2771772205158282	0.24798760684560828	5372	0.1718827010718403	0.1718827010718403	0
0.9794661190965093	131148	0.4400667360881678	0.45859173115789736	0.31168133620295974	5822	0.16117931646186573	0.16117931646186573	0
0.8726899383983573	97944	0.28765318060752115	0.2903375328484779	0.33235094089222295	5188	0.1899157025731541	0.1899157025731541	0
0.9917864476386037	152924	0.4824454095016046	0.4864206413949685	0.3461666659357632	6114	0.21082737939007812	0.21082737939007812	0
0.9794661190965093	46622	0.1764066518697783	0.19686625529080065	0.26064735875743356	5728	0.1859454725951075	0.1859454725951075	0
0.9702258726899384	123792	0.07389492247366394	0.08196102143895102	0.331335991213543	6160	0.10242484376435795	0.10242484376435795	0
0.9573921971252567	153878	0.3639023382987466	0.38169715406051724	0.3294357176186688	5876	0.11627419142390293	0.11627419142390293	0
0.9034907597535934	197412	0.5701528586854905	0.5715916242900759	0.387487894330152	6052	0.17236251535136848	0.17236251535136848	0
0.8726899383983573	123428	0.3059727906624569	0.30998401385786956	0.4037612022570444	6210	0.2146105967756948	0.2146105967756948	0
0.9938398357289527	116646	0.02410610253637776	0.033060311538509586	0.32916825967426605	6290	0.10199267005679949	0.10199267005679949	0
0.9876796714579056	70024	0.2156759865976873	0.23527092304292951	0.2712824158885488	5728	0.18305539093252174	0.18305539093252174	0
0.9496919917864476	80828	0.23906136215953389	0.2556130779305267	0.31436045634960247	5794	0.20586420208037398	0.20586420208037398	0
0.9938398357289527	147256	0.4938918360590536	0.5027528371346559	0.3378794397577496	6190	0.21906151951423272	0.21906151951423272	0
1.0	158390	0.3375876067517815	0.35304956861081627	0.34469301894297905	6206	0.1450725603970473	0.1450725603970473	0
1.0	43860	0.18891684190813063	0.21496920436270506	0.24576361629693558	5754	0.15328523735240548	0.15328523735240548	0
0.9394250513347022	119362	0.16828196814445268	0.19252119167237958	0.37911584122884645	5926	0.09727659217211176	0.09727659217211176	0
0.9481519507186859	124336	0.061509646398419354	0.06391815911117316	0.34555205715605014	5922	0.06075704642028592	0.06075704642028592	0
0.9804928131416838	230304	0.5886926755155379	0.5872297901295329	0.3874215973407076	6544	0.216903695903355	0.216903695903355	0
0.9553388090349076	239384	0.6284208819197131	0.6320537704951044	0.3866340979383696	6086	0.17976588852420863	0.17976588852420863	0
0.8886036960985626	184124	0.5413690042516714	0.5434598665203648	0.37802508916576416	5718	0.16178223925348692	0.16178223925348692	0
0.9691991786447639	71220	0.12960024737529388	0.14239593860562297	0.2804468534944778	5686	0.18765695830428417	0.18765695830428417	0
0.9753593429158111	253160	0.6277273310435392	0.6317008727123206	0.3892842615647185	6444	0.18265282662062607	0.18265282662062607	0
0.9897330595482546	162252	0.4859130131854652	0.48900130916416157	0.33577965670226684	6140	0.17288164442612447	0.17288164442612447	0
0.9958932238193019	104072	0.2501512178384376	0.2643588947252498	0.30638317391464825	6112	0.17137198156757877	0.17137198156757877	0
0.9774127310061602	96544	0.0621377592536675	0.06756831877352619	0.30584670652113916	6036	0.13149055771737994	0.13149055771737994	0
0.9394250513347022	223150	0.626428599395939	0.6265956532413723	0.39625935705298926	6264	0.22490778791205915	0.22490778791205915	0
0.9876796714579056	160760	0.3668061251578914	0.37853770432647615	0.3803361309846727	6500	0.23561181994591487	0.23561181994591487	0
0.9425051334702259	105078	0.07301459716976785	0.08355467184193928	0.3012222576918568	5416	0.07229153316425209	0.07229153316425209	0
0.9876796714579056	90696	0.05625136966458338	0.06605855503534655	0.2854204951810813	5716	0.11855033856043767	0.11855033856043767	0
0.9964065708418891	106010	0.375404824246831	0.3845959900698145	0.2953856073805891	6054	0.23879872210828984	0.23879872210828984	0
0.9753593429158111	61484	0.16875322528438466	0.18694919880213187	0.26499277853686215	5534	0.24479152082297334	0.24479152082297334	0
0.9363449691991786	87314	0.21448612963955999	0.22423587764750974	0.333465052105935	5742	0.16667973013298276	0.16667973013298276	0
0.938911704312115	76882	0.11594302715887021	0.12722715702861412	0.29620190431805743	5404	0.1889739367305387	0.1889739367305387	0
1.0	87140	0.06455939711936183	0.07565447849218576	0.30491164755195005	6236	0.15144311067157787	0.15144311067157787	0
0.9969199178644764	101472	0.08090784052416947	0.09651378536129714	0.3272758927504642	6390	0.14005742221962933	0.14005742221962933	0
0.9671457905544147	59930	0.22182244559036723	0.23541191435270242	0.26453287886503535	5452	0.17188407349972842	0.17188407349972842	0
0.9014373716632443	152532	0.3586144726602091	0.3642340060867897	0.3649438512997123	5750	0.21569267799221822	0.21569267799221822	0
0.9815195071868583	131518	0.30058923558765327	0.3145362830242489	0.34150236179271265	6190	0.14616112286617092	0.14616112286617092	0
0.9383983572895277	94356	0.07312443309998458	0.08760638780525475	0.31519992734345936	5676	0.14962290884542295	0.14962290884542295	0
0.965605749486653	139040	0.3326310292882931	0.35554459714167796	0.3345652986660834	5778	0.1077392098297579	0.1077392098297579	0
0.8516427104722792	98134	0.3133203556230992	0.31450055802867694	0.3931239441267966	5668	0.18728575172959078	0.18728575172959078	0
0.971252566735113	76208	0.1599702505326122	0.1760117501557185	0.2790614367218835	5638	0.16667150701157366	0.16667150701157366	0
0.9958932238193019	58692	0.13616256085301084	0.1522740253345492	0.24185001241571025	5406	0.19861560798793468	0.19861560798793468	0
0.9045174537987679	197378	0.5847700314605715	0.5817835618457422	0.4178574492817742	6048	0.21040250225685103	0.21040250225685103	0
0.971252566735113	137972	0.04230568406125794	0.04897606325829859	0.34861329087398135	6038	0.10988880998038963	0.10988880998038963	0
0.9691991786447639	49576	0.14495314260239187	0.17353231238035033	0.2373729368004163	5262	0.14866415489146192	0.14866415489146192	0
0.9917864476386037	68300	0.11527199629530308	0.12393298622435199	0.27090781242364687	5920	0.20182897888558463	0.20182897888558463	0
0.9342915811088296	171838	0.3805261657924792	0.38444251810139807	0.3843029081106945	5806	0.2460441800267195	0.2460441800267195	0
0.9948665297741273	82602	0.2896230663254773	0.29804381993770807	0.2742112339745189	5756	0.14380304278221842	0.14380304278221842	0
0.9820328542094456	179884	0.3728055849367561	0.3823423834209662	0.38908521161961085	6860	0.13454928797185423	0.13454928797185423	0
0.9450718685831622	154082	0.3983812988333453	0.41358389707096727	0.34835759223750834	6050	0.15624513563581224	0.15624513563581224	0
0.9917864476386037	61002	0.1960742063510309	0.20844887384833816	0.2559580202971837	5728	0.22592610931520485	0.22592610931520485	0
0.9958932238193019	67532	0.10548307810098786	0.12019843307832534	0.2558126943033689	5678	0.16398388001156708	0.16398388001156708	0
0.9774127310061602	69370	0.12758092323914294	0.13533397082831994	0.2879749905148729	5910	0.19750826768621782	0.19750826768621782	0
0.9753593429158111	110510	0.053950443546969554	0.06284079209073593	0.3446982432485195	6406	0.13224918516014078	0.13224918516014078	0
0.9794661190965093	62066	0.14301833981232615	0.15412167139029756	0.27201258399584216	5904	0.14119929059196606	0.14119929059196606	0
0.9543121149897331	188998	0.04950024689235127	0.05867472869463234	0.35894500455424166	5964	0.038049141587083835	0.038049141587083835	0
0.9856262833675564	60884	0.15218805777498462	0.1576821581846149	0.25122083817316654	5648	0.16206489077313177	0.16206489077313177	0
0.973305954825462	148660	0.44128022460128635	0.4496710761685264	0.3431733249761419	6268	0.1923479622487234	0.1923479622487234	0
0.9989733059548255	41702	0.23096941319614192	0.25447974473254387	0.2278218324776983	5562	0.17455539698278175	0.17455539698278175	0
0.9938398357289527	134800	0.3884741165247506	0.4165141500118751	0.3137065446791173	5794	0.16132652139897832	0.16132652139897832	0
0.9579055441478439	68348	0.1640701885563168	0.17645369783989645	0.30722260669664925	5738	0.2758906257547513	0.2758906257547513	0
1.0	84608	0.1090871978726656	0.12112593236677675	0.28167280254200844	5970	0.17208158448503186	0.17208158448503186	0
0.9686858316221766	77626	0.1214951959233967	0.13015550934119438	0.31176322841812315	6038	0.17808373207646644	0.17808373207646644	0
0.9645790554414785	85602	0.32473564771859764	0.330478298060349	0.30386663284111987	5844	0.19059202510638112	0.19059202510638112	0
0.944558521560575	191700	0.4604980499149117	0.46849990185290397	0.38329109398617994	6214	0.18131781969766467	0.18131781969766467	0
0.9517453798767967	157994	0.49742787428522606	0.5004627719407032	0.34424427309812033	5960	0.208798209065956	0.208798209065956	0
0.997946611909651	55512	0.15065661434522437	0.15869074153267332	0.24852789896096342	5672	0.16916781369802295	0.16916781369802295	0
0.9835728952772074	142302	0.521057401725791	0.537221951981573	0.32534545640372065	5914	0.1560074322237333	0.1560074322237333	0
0.9312114989733059	117684	0.014026538925918099	0.017423606996944622	0.3349586549633911	5908	0.04995519180096344	0.04995519180096344	0
