Utilization	Connections(A2A)	Lvl1TraffRatio(A2A)	Lvl1TraffRatioNoIndirect(A2A)	RatioIndirect(A2A)	Connections(AR)	Lvl1TraffRatio(AR)	Lvl1TraffRatioNoIndirect(AR)	RatioIndirect(AR)
0.983154296875	2529804	0.4672057688666396	0.46922294701780426	0.4654401067716351	31692	0.1476087166092294	0.1476087166092294	0
0.9547119140625	3759160	0.4941714158359201	0.4964351212037302	0.46595976156779034	30788	0.10389675153980198	0.10389675153980198	0
0.98974609375	3952218	0.5388865417940976	0.5423032229257085	0.46485112558500824	31604	0.12253864633274998	0.12253864633274998	0
0.98681640625	2439490	0.48938285204924364	0.4921208599014693	0.4501075388899547	31352	0.1272728082696872	0.1272728082696872	0
0.9859619140625	3888566	0.5493822127780817	0.5497092541899171	0.4664967864786033	31618	0.12987855981605398	0.12987855981605398	0
0.976806640625	4049584	0.54600021851219	0.5480022154964351	0.46786385728804997	31304	0.11420114531278013	0.11420114531278013	0
0.978515625	2890168	0.45478438992879616	0.4566652185602848	0.4606549619861389	31358	0.10798673036437278	0.10798673036437278	0
0.97607421875	2230434	0.4691073135382045	0.4744827465185595	0.4544601127555667	31324	0.13726249241185637	0.13726249241185637	0
0.9805908203125	3746980	0.5214600629207402	0.5224183646371098	0.4716640943490813	31614	0.11927688013674125	0.11927688013674125	0
0.983642578125	2659572	0.4835662647012356	0.48603391424381986	0.4582871487504421	31958	0.13799041202632714	0.13799041202632714	0
0.9444580078125	3016952	0.4746776693139168	0.47497033292257057	0.47083075838317395	30512	0.1297614978438603	0.1297614978438603	0
0.991455078125	2854190	0.4913283828203629	0.49435718006608026	0.45599912711615165	31346	0.13254176213463387	0.13254176213463387	0
0.9736328125	2845210	0.47102781436293495	0.47262354458119304	0.46382749617976965	31094	0.12498246820720223	0.12498246820720223	0
0.972412109375	2370910	0.46004683637385685	0.4611980031037448	0.4590165348740858	31034	0.1337316173136785	0.1337316173136785	0
0.976806640625	2261570	0.4039057643502426	0.4077745881631696	0.45937990684333113	30724	0.12818482961087363	0.12818482961087363	0
1.0	3348182	0.534365218423892	0.5349800157991451	0.4668377018970112	32100	0.13601821755223975	0.13601821755223975	0
0.97607421875	1639860	0.42054649189281856	0.4219848803377792	0.4556153757985004	30898	0.14301331898330943	0.14301331898330943	0
0.9637451171875	2764652	0.49296978516581796	0.49333618932113055	0.4688542537846227	31226	0.12182960920117701	0.12182960920117701	0
0.948974609375	3613860	0.5388550831248867	0.538704450874303	0.4665875551754574	30362	0.11561391359467006	0.11561391359467006	0
0.9840087890625	3310844	0.5412136720229034	0.5435147387884177	0.4597364064411424	31550	0.1093114327424039	0.1093114327424039	0
0.9862060546875	3029284	0.4391733290875439	0.4423823687654977	0.4596945564379456	31472	0.11295925670002044	0.11295925670002044	0
0.9898681640625	2826612	0.5707970920469143	0.572381415168059	0.45605692381852064	31248	0.14503109662049588	0.14503109662049588	0
0.98681640625	2467042	0.45561349956891717	0.45796388715199043	0.46259520075529875	31842	0.13493447986670162	0.13493447986670162	0
0.97216796875	2628692	0.4423976894331216	0.44376862165910064	0.4646307205865796	31224	0.12189259355385983	0.12189259355385983	0
0.966064453125	2750296	0.4661002799391663	0.4685253744715126	0.4608016048889561	31098	0.13449390029982058	0.13449390029982058	0
0.9879150390625	5633486	0.5417602104776722	0.5419835963700388	0.46949711679624756	31758	0.09252861448067745	0.09252861448067745	0
0.9964599609375	3305872	0.46720406329443137	0.47011223743756053	0.46602870477342484	31826	0.11022967549657041	0.11022967549657041	0
0.99462890625	2827410	0.46820214830803897	0.468974330301641	0.462712803150861	31748	0.11915362170135174	0.11915362170135174	0
0.9744873046875	4357218	0.5506379013024298	0.5511020215199692	0.4695418512033531	31146	0.13068520130200298	0.13068520130200298	0
0.915771484375	4783046	0.554729886604966	0.5548870474998369	0.4725791423841599	29352	0.11460520797172101	0.11460520797172101	0
0.955078125	3210692	0.5177740779203136	0.5178227009468593	0.4646652947598066	30654	0.1151805715071532	0.1151805715071532	0
0.984375	2808010	0.4306212963590399	0.43481911481455054	0.45989762367070136	31296	0.1242479019475957	0.1242479019475957	0
0.9967041015625	3215204	0.44170753618154857	0.4434016764912711	0.4656262674736585	32260	0.12464770609268222	0.12464770609268222	0
0.9735107421875	2932580	0.4945080896823111	0.4947337490526033	0.4726170008786034	31572	0.1342353460265839	0.1342353460265839	0
0.98388671875	2637616	0.45160258343752324	0.4568377779296888	0.45411775473938926	31330	0.11846755448724011	0.11846755448724011	0
0.98291015625	2170034	0.452222878780995	0.45420715222726576	0.4581183594514458	31822	0.1379610718326024	0.1379610718326024	0
0.951904296875	2252846	0.4788640037778992	0.4810993313212029	0.46190507778416245	30240	0.13995609447604812	0.13995609447604812	0
0.9656982421875	2674066	0.49336638391953036	0.4945594679263155	0.4625624133436359	30810	0.12678321801847076	0.12678321801847076	0
0.9896240234375	3311780	0.5109496528193241	0.5131465582392843	0.46267784353798896	31688	0.12194313080622864	0.12194313080622864	0
0.949462890625	4408310	0.5115854240037302	0.5152108092387885	0.47222248991610494	30596	0.1149930454990072	0.1149930454990072	0
0.9639892578125	3965792	0.49011802483248385	0.4912842537904225	0.46883957690000194	31108	0.12133843416527973	0.12133843416527973	0
0.939208984375	2622996	0.47344309490713776	0.4738338692210832	0.45913785328869455	30212	0.13718655829923332	0.13718655829923332	0
0.990966796875	3315584	0.49599120277633574	0.49825081962139633	0.4563828953784738	31638	0.137128316926526	0.137128316926526	0
0.972412109375	3713828	0.5326623106651077	0.5343255560764494	0.4681640562937573	31408	0.12058387634204248	0.12058387634204248	0
0.9970703125	3737342	0.49451425348051203	0.4967930297589092	0.4705395430242118	31696	0.12610775303393065	0.12610775303393065	0
0.95703125	3471316	0.5220640866554923	0.5217972951941453	0.4746034474690948	30864	0.1379469690068345	0.1379469690068345	0
0.98779296875	3562810	0.4542701516673244	0.45644856163953446	0.46944587659368286	31544	0.13623455720515118	0.13623455720515118	0
0.9798583984375	3337732	0.47621138243859346	0.4765521436003133	0.46183705568692207	31638	0.11837089324134291	0.11837089324134291	0
0.9180908203125	3595988	0.451418614664018	0.4519417771745959	0.4510602475821252	29310	0.10802295575506153	0.10802295575506153	0
0.9906005859375	2613694	0.44522337412167895	0.448435176562423	0.4585020343924546	31646	0.12438109879850327	0.12438109879850327	0
0.9881591796875	4493774	0.53271232591749	0.5334943941105399	0.4675133123854485	31430	0.12752142465461722	0.12752142465461722	0
0.97802734375	2932098	0.48595742954145155	0.4867016324579567	0.4659361823258377	31572	0.12675146653151975	0.12675146653151975	0
0.98583984375	4126560	0.5188889910844495	0.5198966487808212	0.4690751424841499	31692	0.12699409426480815	0.12699409426480815	0
0.9820556640625	4863798	0.5117901865661036	0.5122467722076834	0.47225253691592733	31476	0.1204913112486149	0.1204913112486149	0
0.98681640625	4176514	0.5206257676805576	0.523543825216417	0.47167299892038606	31732	0.12566351364270456	0.12566351364270456	0
0.9810791015625	3918368	0.5173517158542619	0.5190392357567639	0.46532254565121894	31556	0.12315261193154486	0.12315261193154486	0
0.994873046875	2942760	0.4757073861311127	0.4762386646663512	0.4620279176578314	31928	0.11691807135551156	0.11691807135551156	0
0.9715576171875	3467060	0.5166377601892415	0.5182159343893847	0.466363385644506	30894	0.12944183648676522	0.12944183648676522	0
0.994140625	4208680	0.5429076170557443	0.544251285695671	0.46329995716938255	31658	0.11747011075519537	0.11747011075519537	0
0.96240234375	3516386	0.4422443861076102	0.4416453469683131	0.47152790586934296	30732	0.12547889508638496	0.12547889508638496	0
0.980712890625	4524150	0.5224364771196687	0.5242567506424246	0.47026199451044176	31392	0.11274778513164264	0.11274778513164264	0
0.923583984375	3645406	0.5159769459683036	0.5167502299822825	0.47060538202167795	29710	0.12263442329606401	0.12263442329606401	0
0.9825439453125	3589174	0.5108731086884587	0.5111733142715965	0.46787803964745356	31454	0.12239037325050912	0.12239037325050912	0
0.96044921875	4585402	0.5895147547863915	0.590044499733003	0.46746035724887264	30808	0.13006210234167978	0.13006210234167978	0
0.9923095703125	3587596	0.4633743366682758	0.4647525927226752	0.4695540902699991	31738	0.11126334356118628	0.11126334356118628	0
0.9873046875	2988730	0.4823966426678812	0.48421995139902196	0.4629471458425374	31776	0.13584865585124914	0.13584865585124914	0
0.9835205078125	3753864	0.6043481634381528	0.6049601690005945	0.46927734012034167	31372	0.13970620146520754	0.13970620146520754	0
0.99072265625	4208236	0.5312841590005207	0.5320577613681172	0.4697872766743993	31654	0.13758894419604448	0.13758894419604448	0
0.9927978515625	2073960	0.38854336256858085	0.3911082102929668	0.46097543112072525	31954	0.12324534543596145	0.12324534543596145	0
0.98388671875	3065930	0.4693747650746842	0.4719282375012994	0.46510988141143383	31600	0.11247545345342354	0.11247545345342354	0
0.9852294921875	3890898	0.5160146759709041	0.5169502873458829	0.4683810280218925	31048	0.11213362383610437	0.11213362383610437	0
0.9927978515625	3259632	0.4870334747148668	0.4905272354012453	0.46464524629670384	31790	0.11816265738030064	0.11816265738030064	0
0.9791259765625	2508184	0.48133749070203175	0.4845042538998083	0.4551482931481734	31208	0.12321273791793336	0.12321273791793336	0
0.988037109375	2280642	0.4865413428209357	0.48853716972284517	0.4559014411651862	31662	0.13576344138334476	0.13576344138334476	0
0.974609375	4607608	0.5562568445729579	0.5595918643762329	0.4633256252517027	31274	0.1124621678604152	0.1124621678604152	0
0.9906005859375	2448532	0.49273791861298544	0.4955343415545408	0.45995296049691436	31410	0.14034215484697968	0.14034215484697968	0
0.9832763671875	1883730	0.5011698007654436	0.5017317471303511	0.44765747371836295	31212	0.13981899924872251	0.13981899924872251	0
0.9697265625	4119886	0.5460867334593626	0.5461558426041961	0.4652743363457608	30958	0.12082466402200433	0.12082466402200433	0
0.9716796875	3531030	0.4896791230706949	0.4924383006545525	0.4625630909441308	31286	0.10466124472824223	0.10466124472824223	0
0.9761962890625	2391394	0.42731253197680846	0.4278663538467369	0.46757433970961554	31468	0.13239948066213184	0.13239948066213184	0
0.9959716796875	2772656	0.40244696280113784	0.40461070347965045	0.46697545690151426	31840	0.12204539651193692	0.12204539651193692	0
0.993896484375	2765396	0.4387882426892702	0.4393811967434939	0.4678435346123961	31814	0.13647627421395755	0.13647627421395755	0
0.9591064453125	4117980	0.49775408112373615	0.4991300336424389	0.4704299842183535	30982	0.11484266120977567	0.11484266120977567	0
0.9847412109375	3191532	0.4708097774321649	0.4747478686134849	0.46108152998480595	31578	0.14665778180116498	0.14665778180116498	0
0.9803466796875	2293786	0.47270295399581225	0.4739820609593402	0.4600529911644246	31448	0.13493766812629862	0.13493766812629862	0
0.960205078125	3906656	0.49592763255825467	0.4961842201604003	0.47681593072884404	31196	0.11499810910636778	0.11499810910636778	0
0.9862060546875	4243376	0.5713873626069795	0.5722263898420771	0.46797227364976335	31332	0.12539877973723015	0.12539877973723015	0
0.981201171875	4012594	0.5485578562227418	0.5496915599314188	0.4711647721429797	31694	0.13530405883342092	0.13530405883342092	0
0.9583740234375	2286688	0.5097444759381541	0.5112052776963917	0.4621705001643322	30658	0.14476579675818457	0.14476579675818457	0
0.9892578125	2552726	0.5327166178722045	0.5341704287615952	0.4678607753838097	31732	0.15591162707194808	0.15591162707194808	0
0.9830322265625	4558148	0.47800530280781567	0.4797691304548131	0.4722032149297086	31594	0.10873169168853092	0.10873169168853092	0
0.968994140625	2174456	0.5114541030551305	0.5129381213177212	0.46515442911240884	31050	0.14943319824034645	0.14943319824034645	0
0.9329833984375	3780868	0.5780039885331859	0.5778566602722831	0.4726405543482051	29838	0.11299282064228537	0.11299282064228537	0
0.9732666015625	2821654	0.4772792041065739	0.47813652593842737	0.46698281882836784	31234	0.12454915017404601	0.12454915017404601	0
0.966064453125	3099606	0.49947378247154867	0.5003511725174797	0.4682183678115137	31098	0.12792384934678644	0.12792384934678644	0
0.963134765625	3144616	0.5038428559854594	0.5038776150461955	0.46576743434242557	30994	0.14207174157279276	0.14207174157279276	0
0.9830322265625	2660208	0.5048633148430934	0.5054443147738791	0.4686076943731514	31518	0.14700665724349957	0.14700665724349957	0
0.9710693359375	3015968	0.5401184965614722	0.5408671238405659	0.46838811288074994	31186	0.14348388007445617	0.14348388007445617	0
0.9686279296875	4225478	0.5564194956545337	0.5573903349489735	0.4698898210103506	31024	0.13600355076723383	0.13600355076723383	0
0.9984130859375	2981334	0.48988253234940765	0.4908455786662827	0.46558182043882707	32066	0.11325161033834596	0.11325161033834596	0
0.9818115234375	4231214	0.467637590212386	0.4703323293883694	0.46839233865689933	31602	0.1018121839978084	0.1018121839978084	0
0.9873046875	2814472	0.4742982963563025	0.475732157211761	0.4621382980253736	31802	0.12520063502472453	0.12520063502472453	0
0.9532470703125	3155430	0.513875908234597	0.5165092331478917	0.4660959092389875	30292	0.12279213052517308	0.12279213052517308	0
0.983642578125	2476032	0.4390822016439191	0.44235882486192474	0.4589078991422432	31512	0.1200573800548148	0.1200573800548148	0
0.996337890625	1897080	0.4871668010834633	0.48908946242222545	0.46105842910171585	31888	0.14889141419779772	0.14889141419779772	0
0.9932861328125	3732860	0.5351105463624867	0.5357467463890672	0.46768532713450295	31858	0.1347101454238089	0.1347101454238089	0
0.9278564453125	2757392	0.4865849409925976	0.48891454216508734	0.4648538299551804	29814	0.12815480544548566	0.12815480544548566	0
0.9718017578125	2915518	0.4999531657948426	0.5013010005041878	0.46945155946987666	31376	0.12975403896712145	0.12975403896712145	0
0.9669189453125	3839162	0.4587302416295937	0.4601192692360821	0.46458062112889137	31122	0.09961333950887497	0.09961333950887497	0
0.9892578125	3856532	0.531019595891076	0.5319752073831358	0.4666613359352743	31662	0.13550615438773195	0.13550615438773195	0
0.960205078125	2814604	0.4583806509655539	0.4614243415276753	0.4647176578393164	30626	0.12156361469396197	0.12156361469396197	0
0.9813232421875	3112654	0.463957641729882	0.4670298154123466	0.4663471791571037	31350	0.1177400167601037	0.1177400167601037	0
0.9730224609375	3479418	0.4932301517483866	0.49349343835716925	0.47275952496441837	31430	0.14711606321015583	0.14711606321015583	0
0.99462890625	4906974	0.525529401186711	0.5265892491688879	0.47295564104307547	31996	0.11619695800262335	0.11619695800262335	0
0.9925537109375	3553350	0.43408507318095774	0.4365040827225211	0.466003624574189	31946	0.1136821988575078	0.1136821988575078	0
0.99267578125	3992758	0.5375776459179006	0.5365276848788083	0.4680845828537638	31838	0.12164603802040887	0.12164603802040887	0
0.978271484375	2921272	0.49389148823122947	0.49444210440036734	0.4609172189478636	31372	0.1351537989703649	0.1351537989703649	0
0.978515625	4072430	0.48026961691265163	0.48234105056893123	0.46851999421989743	31570	0.12139247201560029	0.12139247201560029	0
0.9810791015625	3664496	0.49786277251190625	0.49867574142845233	0.46021200454550226	31508	0.1106057797674469	0.1106057797674469	0
0.9827880859375	2306548	0.3665747567834005	0.3690680510318331	0.4598965527062034	31412	0.10925448129468268	0.10925448129468268	0
0.989990234375	2878382	0.49236432306766936	0.4939594143796296	0.46400256020395325	31910	0.11891361794693317	0.11891361794693317	0
0.9886474609375	3263286	0.54572174631841	0.5464093032917449	0.4640033745307643	31622	0.14158939618654107	0.14158939618654107	0
0.96240234375	2202706	0.36673017200568575	0.37050131448627743	0.4588597508761021	30502	0.1131172197029756	0.1131172197029756	0
0.9820556640625	3112930	0.46045551249385447	0.46180950272623544	0.46335004899558957	31644	0.12969990776583337	0.12969990776583337	0
0.99072265625	2677184	0.476055406619976	0.47846128781654634	0.46476428099519573	32018	0.12992109504445032	0.12992109504445032	0
0.9395751953125	2354912	0.4826082194888805	0.4849349951272372	0.4599125868635276	30208	0.1347037387242302	0.1347037387242302	0
0.988037109375	2959012	0.5076070968589372	0.5088168560096308	0.4611785386185436	31652	0.11472079927063757	0.11472079927063757	0
0.9957275390625	3307564	0.41618488059894926	0.41705077268473184	0.4685034323297794	31932	0.11237355730104992	0.11237355730104992	0
0.9681396484375	4199248	0.5605977951697049	0.5618385826487703	0.4642325888716797	31076	0.12460356049114348	0.12460356049114348	0
0.9791259765625	5443824	0.5143362386517887	0.5158846348094269	0.47256143715197857	31702	0.10192349938019739	0.10192349938019739	0
0.9901123046875	3568208	0.5013925481153764	0.5024253053963837	0.46002519647566803	31464	0.11139850460471194	0.11139850460471194	0
0.9749755859375	3977916	0.4932505144486185	0.49390850563551886	0.4662707886901524	31260	0.11789569617526802	0.11789569617526802	0
0.922607421875	2321942	0.4760631684976307	0.4785748525584974	0.4620567775160714	29362	0.1290626131461459	0.1290626131461459	0
0.9906005859375	4189026	0.46832157928422585	0.4695772108890007	0.46982350884244833	31948	0.11490196886573988	0.11490196886573988	0
0.9873046875	3393500	0.4539707419083634	0.4553055331005258	0.469750685085028	31522	0.10755993322882802	0.10755993322882802	0
0.96484375	2938644	0.5274921658448478	0.5273949202941689	0.4684935502394539	30976	0.1351418475058113	0.1351418475058113	0
0.9852294921875	3513126	0.4810138240302326	0.48221772379681566	0.4627106556458074	31744	0.11566864256875849	0.11566864256875849	0
0.9342041015625	3629014	0.4566635799292556	0.45817171639911486	0.4654901072767165	30008	0.10881240661923909	0.10881240661923909	0
0.9774169921875	5001000	0.5409934607365292	0.5419629719706395	0.46852220131795724	31426	0.13090872201993795	0.13090872201993795	0
0.98291015625	2376732	0.4344797110323006	0.43552629922620917	0.4671482992927411	31832	0.13966032811399698	0.13966032811399698	0
0.9775390625	2788320	0.4905384191598281	0.4921208548895144	0.461489905299628	31464	0.14764057965812127	0.14764057965812127	0
0.9736328125	3380072	0.5147100042836651	0.5164265641381884	0.4700070975668729	31222	0.13205209517757482	0.13205209517757482	0
0.9315185546875	5596738	0.5057714583972448	0.5055721977621785	0.48020174298336776	29914	0.09578662337697014	0.09578662337697014	0
0.9874267578125	3709294	0.47154355072162885	0.47123412396149966	0.47053893472250835	31984	0.12778846931752622	0.12778846931752622	0
0.943115234375	3402260	0.5013419844384426	0.5011700819070107	0.47416123447293534	30474	0.13120925818368853	0.13120925818368853	0
0.957275390625	2302750	0.40809062570709487	0.40929848902656113	0.4636185165195766	30736	0.12897948667868847	0.12897948667868847	0
0.9703369140625	3380560	0.5301086283066371	0.5307409390675538	0.4631195215316997	30974	0.11725345072328908	0.11725345072328908	0
0.97412109375	3941992	0.5225045979442534	0.5226797876191799	0.4709869461713121	31402	0.12642511880756344	0.12642511880756344	0
0.992919921875	3546780	0.4847476825069263	0.48849046392372153	0.46276348378479554	31700	0.10898871746514778	0.10898871746514778	0
0.9932861328125	2594428	0.5067185220790837	0.5071071382351932	0.46033316035602484	31796	0.14047289652717604	0.14047289652717604	0
0.954833984375	3331574	0.5092828177759293	0.5095878778999672	0.4667934259556757	30566	0.10815742761527397	0.10815742761527397	0
0.989990234375	3604638	0.520297913576318	0.520929736122605	0.46887512716908253	31750	0.1101992745588789	0.1101992745588789	0
0.9798583984375	2673844	0.49479184662621994	0.4956337555767936	0.4623407041909032	31630	0.12122495372544279	0.12122495372544279	0
0.9869384765625	3758736	0.5488785358635597	0.548782502757735	0.47175745066328023	31790	0.12111166077426554	0.12111166077426554	0
0.9283447265625	3825260	0.42412346777323573	0.4247137383421726	0.4698924936874063	29956	0.11390402685184915	0.11390402685184915	0
0.9759521484375	3440088	0.4884588206776496	0.4892783876511449	0.4689287287871691	31456	0.11368078595881377	0.11368078595881377	0
0.97607421875	3042524	0.46777465970730486	0.46853630216332837	0.4608143355533385	31314	0.127319866912062	0.127319866912062	0
0.986328125	3550076	0.501166953314621	0.5047865233070948	0.45973586331359284	31590	0.11564897844171322	0.11564897844171322	0
0.97705078125	2704474	0.4645572970985852	0.46598268421054717	0.46433596328829024	31186	0.13305443691966448	0.13305443691966448	0
0.987060546875	3245544	0.5345156709031769	0.5332753638683899	0.4688876572638733	31698	0.13446197265473675	0.13446197265473675	0
0.9222412109375	3312702	0.5270187984144464	0.5283583833852442	0.46613096154373346	29546	0.15752433888850473	0.15752433888850473	0
0.9708251953125	4036730	0.5383652464500573	0.5391961847847998	0.4656249345491777	31324	0.1310245276153457	0.1310245276153457	0
0.98828125	2769156	0.5272530337762734	0.527939242833852	0.463357511114092	31448	0.16374173806891867	0.16374173806891867	0
0.8975830078125	3175224	0.41162274097398327	0.41227107361997356	0.47398695984123407	28940	0.10359873824495879	0.10359873824495879	0
0.982177734375	4245298	0.5569961723015237	0.5568034081805451	0.47337782166632003	31472	0.11842061956985617	0.11842061956985617	0
0.972412109375	2308992	0.4740674731926591	0.47590640672751783	0.4639771171080733	31104	0.15944877941925165	0.15944877941925165	0
0.961181640625	5264682	0.5283632886226101	0.5294664834754996	0.46868284189295567	31026	0.11913632806019875	0.11913632806019875	0
0.9788818359375	4382438	0.5092162428544961	0.5112832668753347	0.4628830095944858	31346	0.12685717718501296	0.12685717718501296	0
0.9715576171875	3157410	0.5078928263322952	0.5082558841797599	0.47065449970702683	31242	0.11985778044082925	0.11985778044082925	0
0.960693359375	3694180	0.5781286601704738	0.5778072637202072	0.4721367220178015	30778	0.13543262936177594	0.13543262936177594	0
0.966064453125	2944224	0.4560263039071582	0.45787806829553374	0.4698781536272021	31036	0.15108788559747718	0.15108788559747718	0
0.989501953125	1857030	0.4672365892813486	0.4682822738557679	0.4562240254685502	31666	0.12836794875996477	0.12836794875996477	0
0.9532470703125	3437288	0.4677156295685661	0.4686089412585448	0.4705477202801578	30814	0.12513758699424768	0.12513758699424768	0
0.9886474609375	3510464	0.5431430280822197	0.5419428323805501	0.46636219917802996	31906	0.1361830515010182	0.1361830515010182	0
0.98876953125	4269470	0.5402986330224026	0.5405578796547592	0.46649317431434717	31812	0.12298579925581378	0.12298579925581378	0
0.9615478515625	2987844	0.47639409480447203	0.47680074724668037	0.466759813894718	31054	0.12421924157915366	0.12421924157915366	0
0.9886474609375	4224456	0.5317994922343283	0.5328879290883074	0.4701776873438803	31780	0.12169702506274356	0.12169702506274356	0
0.96435546875	4072532	0.5289049162530517	0.5292038201698545	0.4724969113486161	31082	0.1293187301229086	0.1293187301229086	0
0.9742431640625	3682214	0.525261152046291	0.5254910249286172	0.46842830092206045	31314	0.12156371975919573	0.12156371975919573	0
0.978515625	3185592	0.5322173967011259	0.5323245522290839	0.47053087225925555	31554	0.1431302608552757	0.1431302608552757	0
0.964599609375	2593420	0.506897103930358	0.5074872329783692	0.46669747968810515	31144	0.13644560597690653	0.13644560597690653	0
0.961181640625	2802094	0.49032444225967153	0.4901837301432472	0.46819618480663516	30772	0.1309117563284868	0.1309117563284868	0
0.9444580078125	4279984	0.48224124761123544	0.48206764253496276	0.4758973697339965	30448	0.09852172291295574	0.09852172291295574	0
0.9666748046875	3024630	0.522362073987491	0.5225676266306026	0.4613868670687365	31236	0.12370564205704758	0.12370564205704758	0
0.9705810546875	3667706	0.5611798998205939	0.5613140227102923	0.4699607728338538	31326	0.14268076136652288	0.14268076136652288	0
0.9840087890625	3495348	0.5316194494475402	0.5320803178247125	0.46234595737534273	31388	0.12574800059110522	0.12574800059110522	0
0.9610595703125	3522868	0.5004420021908081	0.5028381234025809	0.4585314811122346	31050	0.13194367404305754	0.13194367404305754	0
0.9952392578125	2435228	0.387664929293851	0.3916298006282301	0.45934741753762304	31668	0.12947978386020306	0.12947978386020306	0
0.9803466796875	2953628	0.5432204439080462	0.543582294338082	0.46770696634372483	31246	0.13570831938724073	0.13570831938724073	0
0.957275390625	3651546	0.5114176018899587	0.5126861674469846	0.4704719985133923	30940	0.11671295516327242	0.11671295516327242	0
0.9610595703125	2783506	0.48216966170728814	0.4830206841762519	0.4705807682065543	30930	0.13438646968658033	0.13438646968658033	0
1.0	3367236	0.486514039562911	0.48716790090876766	0.45423943077672774	31936	0.11620933545438905	0.11620933545438905	0
0.968505859375	3041420	0.4526472113903464	0.4538374566708887	0.4711301324194286	31330	0.1349439587061361	0.1349439587061361	0
0.94140625	3686438	0.5062391297783589	0.5070730212198856	0.4735508405864997	30430	0.13592452084071036	0.13592452084071036	0
0.964599609375	3277130	0.5841027228147975	0.5851023892252727	0.46477639284647737	30902	0.12015873014060664	0.12015873014060664	0
0.9903564453125	2350154	0.49597194893225544	0.5003484161873875	0.4630796199486495	31704	0.1321528790354332	0.1321528790354332	0
0.9827880859375	2585382	0.4328192152492388	0.43369961005932894	0.4585425509852543	31242	0.1252867593211154	0.1252867593211154	0
0.9031982421875	2154226	0.44086851056109383	0.44275635558775533	0.4658132924541423	29024	0.11309279360651014	0.11309279360651014	0
0.968505859375	4152394	0.4924752557986789	0.4931665831796253	0.47572055058517576	31200	0.1398761235266983	0.1398761235266983	0
0.974609375	3260128	0.49655459625197046	0.49640694991327305	0.4690271874880099	31376	0.13775811428170545	0.13775811428170545	0
0.980712890625	3458054	0.5302386693761316	0.5299319226656212	0.47093223251238997	31490	0.12378324505184422	0.12378324505184422	0
0.970703125	4233518	0.5431607022226425	0.5444508964150844	0.4698300538559832	31270	0.1301993874441778	0.1301993874441778	0
0.93896484375	2105792	0.4220764670471202	0.42542639885560113	0.46121027137356935	30298	0.11151431020973478	0.11151431020973478	0
0.967529296875	2657036	0.4148576035485167	0.41767178539448263	0.45943766047484974	31048	0.12399713149366166	0.12399713149366166	0
0.9793701171875	3552902	0.500760783797704	0.5025837011609124	0.4608418114035411	31180	0.10493153033270179	0.10493153033270179	0
0.9920654296875	3548866	0.5499831784212975	0.5505436395478615	0.46633555329149884	31824	0.13818420717107416	0.13818420717107416	0
0.9697265625	2406892	0.4320718539631587	0.4354796074286232	0.4586503293213655	30940	0.1198812129469302	0.1198812129469302	0
0.9852294921875	2643228	0.5013106409276392	0.5027237222476489	0.4643667759714054	31742	0.1482301668780427	0.1482301668780427	0
0.960693359375	2352998	0.47046921603853814	0.4730560476439527	0.46054739408618145	30914	0.13681919215657934	0.13681919215657934	0
0.960693359375	2672434	0.5716867264045903	0.5725342152088634	0.4614598858424255	30620	0.15762751003458894	0.15762751003458894	0
0.9820556640625	3543096	0.4937895462306785	0.4947527697364548	0.46703011657386323	31354	0.11625952834844809	0.11625952834844809	0
0.97607421875	3619612	0.48244196284228913	0.4833782652792738	0.4680344366040976	31210	0.10914096985841497	0.10914096985841497	0
0.9954833984375	3402300	0.565524908620814	0.5664147256021509	0.46444881266028665	31942	0.14935554425694242	0.14935554425694242	0
0.93017578125	3390468	0.4728642733276067	0.4755155124338372	0.469744800248396	29748	0.09684919857168234	0.09684919857168234	0
0.952392578125	3398796	0.5277333089862061	0.5272772936810971	0.4732576068203778	30948	0.14313117742766185	0.14313117742766185	0
0.9752197265625	3401948	0.5389289339541091	0.5408125810183121	0.4654928439900823	31480	0.12477729076424117	0.12477729076424117	0
0.9947509765625	3987098	0.4320343730373351	0.4336393205811527	0.4691077163003905	32180	0.11495358565435591	0.11495358565435591	0
0.997314453125	3452718	0.390768064915729	0.3920472334046712	0.46222193779514703	31868	0.08606333259941	0.08606333259941	0
0.9525146484375	2848768	0.4740333824343031	0.4757544407468497	0.46446068252977496	30570	0.12212591810900146	0.12212591810900146	0
0.9837646484375	3083642	0.5469075853921787	0.5481793251196593	0.4629526072758736	31424	0.12488639258637611	0.12488639258637611	0
0.981689453125	2206928	0.47433398504202295	0.4760515985589943	0.4582409383978479	31418	0.14850916065085606	0.14850916065085606	0
0.988037109375	3243368	0.4770889956707309	0.4801069258931432	0.46572846756766345	31768	0.10072494006428225	0.10072494006428225	0
0.94384765625	3374310	0.5375799604130856	0.5379097397342791	0.47017197785474973	30340	0.1294185912498552	0.1294185912498552	0
0.9874267578125	2940722	0.5281690021278905	0.5293868580570361	0.4588003763195976	31312	0.13163617271490027	0.13163617271490027	0
0.9927978515625	4224124	0.5362635897404061	0.5380687640773733	0.4678262049664259	32102	0.11383820946473168	0.11383820946473168	0
0.9893798828125	2388692	0.4469909574029971	0.4490167082405066	0.462621552933181	31780	0.12519677609703359	0.12519677609703359	0
0.9912109375	3417064	0.4848440403694246	0.4857105461314848	0.4662488992753389	31682	0.1289960603942745	0.1289960603942745	0
0.975341796875	3406172	0.5424567028545332	0.5434175394982417	0.46693526801486795	31662	0.11672290861259087	0.11672290861259087	0
0.9713134765625	3176764	0.4459791496457042	0.4476755814160401	0.46826653024770387	31334	0.12032504666578203	0.12032504666578203	0
0.9837646484375	5338658	0.6206009924112469	0.6217364671305103	0.46992336649458033	31710	0.12874701570578406	0.12874701570578406	0
0.970947265625	2472836	0.4704297910803203	0.4723682476003906	0.464789719070666	30994	0.14155508569248923	0.14155508569248923	0
0.9937744140625	3028706	0.4810437942633185	0.4847427123029547	0.46317606853521925	31312	0.12770775099774292	0.12770775099774292	0
0.9842529296875	4107380	0.4714133618183547	0.47245331358702775	0.4712150833258409	31804	0.10938294381747986	0.10938294381747986	0
0.9683837890625	2747436	0.48408598256938945	0.485361692960847	0.4617022479336381	31230	0.17128561972917788	0.17128561972917788	0
0.9990234375	3172534	0.5011543238465609	0.5054478219422668	0.4673650615538782	32208	0.11196284979873637	0.11196284979873637	0
0.947265625	2673096	0.4149258668387947	0.41883722766127046	0.4670714799729556	30490	0.12292525619850823	0.12292525619850823	0
0.97412109375	2793074	0.44638408293907234	0.44929057012790735	0.46697537896461333	31458	0.10984906655389264	0.10984906655389264	0
0.994140625	3463582	0.440156967310199	0.44070095404282794	0.46195784827566283	31756	0.11236684542519314	0.11236684542519314	0
0.9945068359375	3137194	0.49561004129168434	0.49793381524059216	0.4583664784939662	32002	0.1297308562512591	0.1297308562512591	0
0.98779296875	3343998	0.5546501473422963	0.5556819459046096	0.4652019259444063	31866	0.12800976517742543	0.12800976517742543	0
0.9871826171875	5169730	0.5590371560469118	0.5593172305160713	0.46753700297339873	31516	0.11866978654908704	0.11866978654908704	0
0.967041015625	2873498	0.51320647634273	0.5134577162568622	0.4671514633499862	31014	0.12464497666761155	0.12464497666761155	0
0.9296875	4364558	0.5342528828370581	0.5341336689295757	0.4778236675954743	30040	0.10232201706449688	0.10232201706449688	0
0.969482421875	2085846	0.5061002070789575	0.5097451553299598	0.45434050651816144	30924	0.1563780958598306	0.1563780958598306	0
0.984130859375	5089562	0.5477391941001651	0.5501697482873429	0.4705160123102125	31740	0.10880723279117478	0.10880723279117478	0
0.9461669921875	2560828	0.41463033651295284	0.41662179180981296	0.4577733961251483	30066	0.12294911473558619	0.12294911473558619	0
0.9840087890625	2611312	0.5113267503626894	0.5122459079901776	0.4537074019908538	31170	0.1355554125059959	0.1355554125059959	0
0.9881591796875	2635336	0.49249508827318106	0.49467990519983246	0.46210287824227225	31990	0.1266129004962926	0.1266129004962926	0
0.9833984375	3339182	0.49523400479924423	0.49889368536509976	0.4670203973717624	31300	0.12369532556198055	0.12369532556198055	0
0.987548828125	2589462	0.4609742145855593	0.46062373180103977	0.4583054758304755	31466	0.12802878792818584	0.12802878792818584	0
0.97216796875	3040646	0.4724362742368964	0.47291686948835215	0.4657154592818103	31226	0.13746299325681255	0.13746299325681255	0
0.9771728515625	2323660	0.46984338972587397	0.47279168028983914	0.46183565865922493	31030	0.15173053592546984	0.15173053592546984	0
0.9775390625	3821680	0.5531935870754313	0.5546864776056191	0.4711507385060372	31432	0.13062050358242275	0.13062050358242275	0
0.986328125	3074708	0.4869437619184118	0.4878892057646063	0.4710162884380606	31794	0.13213234597142717	0.13213234597142717	0
0.935546875	2738850	0.5120737369231293	0.512436051995558	0.46745306008944126	29658	0.13772552385392708	0.13772552385392708	0
0.9610595703125	3255196	0.4517342299724751	0.45433148990425076	0.46840779241393804	30852	0.11059582406378747	0.11059582406378747	0
0.9847412109375	4251254	0.47686337902591586	0.4804475951916352	0.46241953875028113	31598	0.10810937139534489	0.10810937139534489	0
0.9864501953125	3620524	0.4998313506977717	0.5025225346217228	0.45664722981947153	31174	0.11027790701285622	0.11027790701285622	0
0.99462890625	5127994	0.5579876506502452	0.5591274361198321	0.47006229792592147	32176	0.1127251473662601	0.1127251473662601	0
0.9935302734375	3111764	0.47517476518374774	0.47732542776822084	0.4635056213720839	31612	0.1190263504213217	0.1190263504213217	0
0.9732666015625	3123566	0.48714918803403506	0.48848383063182516	0.4664681657763355	31254	0.12515458983058725	0.12515458983058725	0
0.9835205078125	4344530	0.5398281888158242	0.5406792597356721	0.47031744747132537	31516	0.12203612417223912	0.12203612417223912	0
0.9627685546875	3452462	0.49937733316998734	0.5026439158495583	0.4657119970100134	30784	0.12850837885443028	0.12850837885443028	0
0.98681640625	3410570	0.5047464246697234	0.5065387881696143	0.45844459445811286	31670	0.10893423420431529	0.10893423420431529	0
0.97509765625	2432712	0.41270996383466785	0.41522637752434544	0.46547848748570503	31176	0.12628991087396751	0.12628991087396751	0
0.9429931640625	2291092	0.43863258916628073	0.43972927524721267	0.46165876836444003	30150	0.15111237444027195	0.15111237444027195	0
0.9383544921875	2692142	0.5196260711714209	0.520747023087779	0.46637939728304967	29842	0.12289138001618045	0.12289138001618045	0
0.9783935546875	2509782	0.5871205850270075	0.5876513036182368	0.46025044675117216	31002	0.16534788383890234	0.16534788383890234	0
0.9713134765625	3279788	0.4625785631037223	0.4630209367339762	0.4731884018290009	31386	0.11843857076113162	0.11843857076113162	0
0.962646484375	2902010	0.5454908004491087	0.5462336289688631	0.4639527082843166	30802	0.12183307155377993	0.12183307155377993	0
0.977294921875	3071114	0.5050087504802306	0.50599383231068	0.46258697051606595	31502	0.11667295733075707	0.11667295733075707	0
0.9833984375	2609536	0.48850459073026425	0.48992731095860154	0.46206714572121266	31356	0.1245282024268969	0.1245282024268969	0
0.973876953125	3614566	0.42552282852326123	0.4257988785883651	0.47154262190540375	31324	0.10433774788445711	0.10433774788445711	0
0.9793701171875	3146094	0.5108238972379393	0.5125526463447635	0.4654980233485914	31586	0.12857733190451615	0.12857733190451615	0
0.9410400390625	3226230	0.5113241798857724	0.5128583255832261	0.47055258272383754	30250	0.1112651093524931	0.1112651093524931	0
0.9766845703125	3576078	0.5075045052527317	0.5079606393903288	0.4653531685635242	31156	0.12376882031011334	0.12376882031011334	0
0.971923828125	3278700	0.5026536214389744	0.5042921001528483	0.4658030475014298	31160	0.11872058511885904	0.11872058511885904	0
0.9683837890625	2878442	0.4834990572883338	0.48429410148257485	0.46078279884108614	31118	0.12206045058873372	0.12206045058873372	0
0.9853515625	3062252	0.4141937952003249	0.41646547595064193	0.45461216595054904	31370	0.11581073577847147	0.11581073577847147	0
0.988525390625	3590560	0.570804000839959	0.5714330703937408	0.46177378391226664	31782	0.13112140423411475	0.13112140423411475	0
0.9561767578125	2536658	0.483193270256028	0.48414977098791395	0.46262224414602415	30780	0.11915849160605231	0.11915849160605231	0
0.9803466796875	2967462	0.5186287230389589	0.5203485657735661	0.4586644391469393	31030	0.1342998221111021	0.1342998221111021	0
0.985107421875	2258244	0.4907023620973781	0.4930011323900139	0.45568426122743805	31564	0.1317781023741204	0.1317781023741204	0
0.9483642578125	3140444	0.45947458080301024	0.46144829004171256	0.4718847243574351	30394	0.1292914257761346	0.1292914257761346	0
0.972900390625	2697900	0.48970055165682475	0.4897703353646274	0.4684153846118024	31346	0.14520425934970368	0.14520425934970368	0
0.951416015625	2701052	0.4537875022702502	0.4561454411080242	0.4653591193550926	30716	0.13871740403112315	0.13871740403112315	0
0.9886474609375	5765126	0.5155485651128772	0.5171367272818571	0.4701946549580625	31846	0.09244368503706006	0.09244368503706006	0
0.9603271484375	3395130	0.44447169094894806	0.44684775654305997	0.4740430528842803	30660	0.11462414478652837	0.11462414478652837	0
0.9893798828125	2482016	0.4948042459260606	0.4959800768909501	0.4615664782632441	31650	0.15142631263456793	0.15142631263456793	0
0.9693603515625	2718312	0.5077060489278215	0.5086310745769035	0.4673157055342024	31388	0.1241272730650394	0.1241272730650394	0
0.9871826171875	2597360	0.5158939314032044	0.5174256050745831	0.45897663151542045	31682	0.15124445456035546	0.15124445456035546	0
0.9605712890625	2982532	0.5066433566901726	0.5092456013192416	0.46097014915953	30596	0.13088916886557145	0.13088916886557145	0
0.9761962890625	2529738	0.49335494553070164	0.49551159006151696	0.45299470951559656	31166	0.1277195798906531	0.1277195798906531	0
0.9967041015625	2507874	0.3509159365215278	0.3544816097353056	0.46450442748937365	31936	0.1171912399812724	0.1171912399812724	0
0.97216796875	2133738	0.4066326902110862	0.4082662492262789	0.4590429236871177	31310	0.12486770756734601	0.12486770756734601	0
0.98828125	2642856	0.49291784621113816	0.49519867685171387	0.45781234134834997	31620	0.12754301451434433	0.12754301451434433	0
0.95703125	3305522	0.4905138829830986	0.49135110909041146	0.4695006016163848	30682	0.12410424594105983	0.12410424594105983	0
0.9696044921875	2538148	0.44679530291960523	0.44939626799145893	0.464543738356677	30720	0.15264138150520143	0.15264138150520143	0
0.985107421875	2379268	0.5254413512521382	0.5266131913691879	0.46313455943871956	31466	0.1732655234150685	0.1732655234150685	0
0.9921875	3459070	0.46277291442369806	0.46368836955617493	0.46804705187897816	31718	0.11944049476733658	0.11944049476733658	0
0.95751953125	4438038	0.518644113662955	0.5185750753796187	0.4721196467734105	31026	0.10619292292905892	0.10619292292905892	0
0.9525146484375	3956730	0.5653790162934275	0.5667870972527626	0.4636652069467589	30490	0.1227132383793793	0.1227132383793793	0
0.9609375	3343632	0.5569851658249233	0.558034022260423	0.46237208917228023	30968	0.12207916319639898	0.12207916319639898	0
0.8212890625	1835358	0.43347399865284014	0.43411776447040523	0.4522236732025136	26004	0.14418437115113378	0.14418437115113378	0
0.972900390625	2191852	0.4380349979410942	0.43831404633599247	0.4640006140721559	31128	0.13361573976988927	0.13361573976988927	0
0.986328125	4150326	0.5089634342166091	0.5111282997074453	0.46879499377264305	31540	0.10917144011453495	0.10917144011453495	0
0.9957275390625	2476304	0.5049945045799512	0.5064622225602748	0.46193416582100283	31646	0.1445748106220163	0.1445748106220163	0
0.9906005859375	3259584	0.46586587433822074	0.4684077655497813	0.4631270080866892	31778	0.11389589087502698	0.11389589087502698	0
0.9658203125	2380386	0.4646719040540899	0.46537740427662727	0.46109879914593793	30812	0.13660185286020535	0.13660185286020535	0
0.998046875	3129412	0.5400537806757059	0.5402135771527609	0.4648787533977303	31896	0.15877896303749992	0.15877896303749992	0
0.9859619140625	2836286	0.4901586534127011	0.49346277225025487	0.4520476481741118	31106	0.12033284680914748	0.12033284680914748	0
0.9852294921875	2468002	0.456378118610113	0.4599570108432372	0.4552780721740833	31012	0.12947136202126208	0.12947136202126208	0
0.9952392578125	2756038	0.491092051525663	0.4927366681243879	0.45866937284974557	31840	0.12930087074713545	0.12930087074713545	0
0.9710693359375	2339698	0.5083216759801042	0.5101066998238178	0.45715176290329024	31228	0.12829891446034764	0.12829891446034764	0
0.9869384765625	2276356	0.403220591813185	0.40698649154488536	0.45819305683814254	31480	0.13062061832861668	0.13062061832861668	0
0.9942626953125	3520414	0.5221042926464402	0.5232601239664614	0.461266224405825	31844	0.11621595900742426	0.11621595900742426	0
0.9879150390625	3502880	0.476082112156337	0.4772399539420029	0.4664567110457367	31712	0.11236250839534347	0.11236250839534347	0
0.974609375	3036464	0.5041944685054959	0.5060560096861974	0.46075412672264465	30868	0.1242804858686926	0.1242804858686926	0
0.9259033203125	2695762	0.4372055485787893	0.4388181489661574	0.45996812367587236	29792	0.12485769580955602	0.12485769580955602	0
0.97705078125	3197170	0.4835734029016176	0.4846960339063005	0.470994511862699	31250	0.1369883829442614	0.1369883829442614	0
0.9908447265625	5173944	0.5800558256819287	0.5817980815447392	0.4648901091806388	31428	0.10964853098005499	0.10964853098005499	0
0.9739990234375	3486424	0.4810245653673069	0.4821396407726484	0.46577517098348875	30982	0.11490211021649825	0.11490211021649825	0
0.965576171875	2373552	0.4446644520588183	0.44614668590401374	0.46523066875760316	30958	0.12101050588978439	0.12101050588978439	0
0.9884033203125	2418252	0.3756380165883688	0.3796436316861422	0.46446067953237424	32014	0.11476755298094792	0.11476755298094792	0
0.98876953125	2377918	0.5128029634255459	0.5141018345076113	0.4587568587176734	31578	0.13615615089184538	0.13615615089184538	0
0.988037109375	4704704	0.5089069006292185	0.511630298279651	0.46056869657743477	31306	0.11283245544936327	0.11283245544936327	0
0.994873046875	2482842	0.4348492487872697	0.43699179277390665	0.45480269023695047	31870	0.12785966597837586	0.12785966597837586	0
0.965087890625	2483678	0.511383864456841	0.5124924244241661	0.4571281606814801	30688	0.13896685250229054	0.13896685250229054	0
0.9866943359375	2936638	0.4832802600162532	0.4873597945094323	0.45832765876923576	31286	0.12025116192374902	0.12025116192374902	0
0.9931640625	2467802	0.4851328468371446	0.48605042578203056	0.4573990279901888	31876	0.11672000651606178	0.11672000651606178	0
0.9659423828125	5267718	0.5713921343824196	0.5716315058566854	0.4741826172200343	31010	0.12588545396934983	0.12588545396934983	0
0.995849609375	2989056	0.4427001557903911	0.445293572860669	0.4615698503650152	31878	0.10911224693618536	0.10911224693618536	0
0.99365234375	4575608	0.47958833584605925	0.4805723651201363	0.467831579136511	32058	0.11635662148457364	0.11635662148457364	0
0.96484375	2966114	0.5240234982038995	0.5246490562113232	0.46709488097226637	30960	0.13609892736509002	0.13609892736509002	0
0.981689453125	2806670	0.434999163890661	0.4367362912626964	0.4663921611829606	31616	0.12684122044800603	0.12684122044800603	0
0.918701171875	4243394	0.5566700093972177	0.5564031210145469	0.47181977392181423	29204	0.13173535798585675	0.13173535798585675	0
0.9627685546875	3011448	0.46616316569349864	0.4680871278602556	0.4701888406975867	30638	0.11632337808796417	0.11632337808796417	0
0.93603515625	2327348	0.36576160450539524	0.3690877018802121	0.4633475419651762	30230	0.11611674254407472	0.11611674254407472	0
0.9857177734375	2660222	0.4844156648360374	0.48697683533007874	0.4630532028167209	31484	0.14007324412629468	0.14007324412629468	0
0.9776611328125	2220844	0.41655238436239866	0.42043380914893147	0.45410956610588166	31282	0.1149963955668125	0.1149963955668125	0
0.9891357421875	2206442	0.4935295060060752	0.49545721189050457	0.46041643366129165	31626	0.14049498519460155	0.14049498519460155	0
0.9925537109375	4074548	0.527897452325732	0.5285323330224957	0.4691181313087018	32024	0.09969827095979006	0.09969827095979006	0
0.950927734375	2461044	0.4480453755992118	0.45010654291806396	0.467081145039489	30566	0.13183545336144978	0.13183545336144978	0
0.982666015625	3290124	0.541499407677624	0.5425510373029876	0.4636929935180134	31274	0.12692967357869747	0.12692967357869747	0
0.978759765625	3084914	0.49513118929290445	0.4968399473051988	0.4648515985436248	31390	0.13590280684839764	0.13590280684839764	0
0.9656982421875	2706688	0.4730628540193857	0.47405946767245283	0.4649675336814774	31070	0.12643019519291873	0.12643019519291873	0
0.962158203125	2138726	0.42050032951849636	0.42283957470258043	0.4607868465760105	30942	0.14125290172612015	0.14125290172612015	0
0.9376220703125	3230414	0.5264834318756788	0.527123702465297	0.46894501753668655	30374	0.12418531465030262	0.12418531465030262	0
0.9869384765625	5142270	0.5159896669777148	0.516703340273917	0.4708790022197773	31728	0.1058203615006013	0.1058203615006013	0
0.9910888671875	2659336	0.5272642357388221	0.5282832581570484	0.4605324937595909	31382	0.14544485992974088	0.14544485992974088	0
0.97119140625	3835334	0.5028723422088569	0.5035072559987707	0.470354074397274	31180	0.13555935557116175	0.13555935557116175	0
0.9852294921875	2891612	0.37662024820679146	0.38011930717370435	0.45783561796456046	31592	0.0987915320542091	0.0987915320542091	0
0.970947265625	2755022	0.4535028500000304	0.4550779775895541	0.4655037398132871	31158	0.13192174039994067	0.13192174039994067	0
0.985107421875	4834756	0.4759812746165086	0.4801933577774253	0.46946126310384195	31462	0.10330266566276514	0.10330266566276514	0
0.970947265625	2468982	0.5175113148256537	0.5192651921882706	0.46128728599782415	31036	0.1529372608171	0.1529372608171	0
0.993408203125	4513626	0.48511568951715084	0.48771020445495616	0.46842644570880543	31552	0.12488290052296326	0.12488290052296326	0
0.9742431640625	2923734	0.45824381862516234	0.4587688918330676	0.4672345536260963	31456	0.12726951716667032	0.12726951716667032	0
0.99267578125	4182740	0.5339170315831521	0.5338582910826902	0.46762046400241913	31892	0.13363135545355082	0.13363135545355082	0
0.986328125	4621028	0.49660130754014026	0.4972081890477303	0.46129701306413534	31252	0.1097751012295956	0.1097751012295956	0
0.9576416015625	2884552	0.4797404415804836	0.4819260099038997	0.4618507824583544	30620	0.12238776960388555	0.12238776960388555	0
0.9739990234375	3987306	0.5720139407514556	0.5729120883713343	0.4644706712516296	31214	0.13111299428941856	0.13111299428941856	0
0.948486328125	3524648	0.5040101769247606	0.5048572737009521	0.4736368910290792	30404	0.134869421086853	0.134869421086853	0
0.99951171875	3694436	0.539499140976753	0.5408442009586082	0.4693438274602562	32070	0.1292191530260869	0.1292191530260869	0
0.9910888671875	3007602	0.36063791029327885	0.36242427891019674	0.47044402019131604	31694	0.12193320573033756	0.12193320573033756	0
0.9649658203125	2675072	0.43579322701107	0.4359972602372948	0.46168390312060176	30514	0.13162332873765492	0.13162332873765492	0
0.986083984375	3248646	0.4899253269203349	0.49161073969871505	0.46660163712057195	31732	0.13026501124687004	0.13026501124687004	0
0.97265625	4995470	0.5850131606927232	0.5846040956648665	0.4790831587231239	31516	0.12525228998776813	0.12525228998776813	0
0.956787109375	2686598	0.4598824819984146	0.46225876887362416	0.461540271634487	30484	0.1307097198263789	0.1307097198263789	0
0.9539794921875	1964658	0.46877758749062876	0.4709122995968135	0.4602866719225834	30506	0.1509920326250981	0.1509920326250981	0
0.9837646484375	2648500	0.49499671682396046	0.497339899491392	0.4586589359582365	31496	0.13566238507116188	0.13566238507116188	0
0.9678955078125	2903370	0.45616409833247246	0.4609001497176623	0.4529686760721184	30636	0.1253058187721068	0.1253058187721068	0
0.992919921875	2772846	0.4624831714460876	0.4654225631281805	0.46127961529301675	31866	0.11652058292762063	0.11652058292762063	0
0.9747314453125	3154800	0.4990254376425713	0.5002541000151342	0.45894694118385515	31182	0.1377847494443458	0.1377847494443458	0
0.981201171875	2916998	0.49238340256686075	0.492156854871157	0.46036747907413594	31492	0.12689508996624568	0.12689508996624568	0
0.9627685546875	3871672	0.5856542742678543	0.5860651452041321	0.4704284188937988	30680	0.12305882992866822	0.12305882992866822	0
0.949462890625	2785496	0.40554015656690573	0.4082047736024375	0.4587951387281082	30450	0.12753880747067944	0.12753880747067944	0
0.97412109375	4355446	0.5421306079689426	0.544412403175371	0.4608854708004034	31112	0.12439315810660072	0.12439315810660072	0
0.9427490234375	2590474	0.40866355909024477	0.4116101069193634	0.46522987304669616	30154	0.11034834280740798	0.11034834280740798	0
0.9749755859375	4693438	0.5094974506369515	0.5099009385515658	0.46448286542085454	31158	0.11972348111383722	0.11972348111383722	0
0.971435546875	3491222	0.4168793203974057	0.4175840363742709	0.46380187833240255	31136	0.08790502121806966	0.08790502121806966	0
0.9989013671875	4058094	0.4895547546052122	0.491098294688232	0.46696013456206287	31940	0.10864396042117754	0.10864396042117754	0
0.965576171875	2773982	0.4841522522101651	0.48506901254404805	0.464717457960218	31010	0.12259123033519927	0.12259123033519927	0
0.9901123046875	2405586	0.4925283049832649	0.49495914495672366	0.46012053207619147	31494	0.13765745862239792	0.13765745862239792	0
0.962646484375	3265008	0.426619289916286	0.4300791600115745	0.4608518293029565	30578	0.12032633849577945	0.12032633849577945	0
0.958251953125	2918504	0.48027372515240946	0.4822393524610038	0.46429138869583486	30798	0.11095060868139535	0.11095060868139535	0
0.9803466796875	3030160	0.40582347765950844	0.40854031370759936	0.4705386407863686	31410	0.10514956413679061	0.10514956413679061	0
0.99462890625	3826994	0.509932732424392	0.5113505245246808	0.4581773074816413	31600	0.13042376394162447	0.13042376394162447	0
0.931884765625	3817514	0.5007952676261537	0.5015833974811948	0.46633124904559625	29784	0.11079825618991669	0.11079825618991669	0
0.993408203125	3961676	0.47565143187473136	0.4783506026781588	0.468930015712321	31808	0.10353861433840662	0.10353861433840662	0
0.98046875	3714480	0.4486306160312647	0.45066427647697765	0.4674891161028098	31690	0.12313510788094173	0.12313510788094173	0
0.9886474609375	4649742	0.5707923066756946	0.5716983988115713	0.4629900552321616	31676	0.12305077218960651	0.12305077218960651	0
0.9813232421875	3742920	0.5172414369721364	0.5193972727467863	0.4719664602159582	31380	0.11466922409994536	0.11466922409994536	0
0.986328125	3315532	0.46632921876354616	0.4672180369709696	0.4668786570233731	31662	0.10720526106080071	0.10720526106080071	0
0.9718017578125	3385930	0.549926658456667	0.5490683439373011	0.46973614984035256	31072	0.1284520447511155	0.1284520447511155	0
0.9627685546875	3673588	0.5537524047381707	0.5549025281960892	0.47053192386656223	30664	0.1499449914260204	0.1499449914260204	0
0.98046875	3788946	0.4526346617504892	0.45319424694946614	0.47262668513751754	31676	0.10741984077687707	0.10741984077687707	0
0.96533203125	2962152	0.5101593233381633	0.5113875069703013	0.4646255090071218	30916	0.14103502237672463	0.14103502237672463	0
0.9959716796875	3851384	0.47295678794399126	0.474029646279374	0.4645496337814534	31924	0.11561390239666852	0.11561390239666852	0
0.9879150390625	2718174	0.5373945690097864	0.5388235023239438	0.45529694832050654	31504	0.1448166288932567	0.1448166288932567	0
0.968505859375	3477662	0.5976091776105324	0.598100031425081	0.46984511236929166	30914	0.13944538584045044	0.13944538584045044	0
0.9979248046875	4470182	0.5484549860381683	0.5495945203460092	0.4709614627273939	32222	0.12237859925112558	0.12237859925112558	0
0.9869384765625	3188374	0.3985174876152056	0.40231732619410354	0.46537238365679595	31874	0.09980503177224138	0.09980503177224138	0
0.9912109375	2677654	0.3969311280433578	0.3994498530941925	0.45687942449079494	31490	0.1273786038355856	0.1273786038355856	0
0.9578857421875	2876972	0.48904567557757145	0.49011629795328443	0.4628003241207592	30994	0.12518889899827734	0.12518889899827734	0
0.9664306640625	3257470	0.484385403129219	0.4849209094914317	0.4685432637883564	30728	0.1383865614259306	0.1383865614259306	0
0.9840087890625	4323144	0.4830230962699429	0.48456502900903126	0.4729664109428298	31416	0.10997531830816927	0.10997531830816927	0
0.944580078125	3006954	0.5266153196284189	0.5275194457806317	0.4690774512213723	30676	0.1290832788550623	0.1290832788550623	0
0.987548828125	3875090	0.5462173117730924	0.5469887825936064	0.46403030978677323	31572	0.11943760885753936	0.11943760885753936	0
0.9501953125	4474734	0.515029251225091	0.5145159770485818	0.47357420568858766	30440	0.10115696453944702	0.10115696453944702	0
0.97021484375	2960200	0.4686939534085683	0.4684371807374383	0.4724782452257103	31286	0.11993982765214568	0.11993982765214568	0
0.9747314453125	3195438	0.5421736668037601	0.5415847820297656	0.47137519950388995	31502	0.13368463143527431	0.13368463143527431	0
0.9901123046875	2697470	0.4499905199750134	0.452683650087714	0.45212959693322646	31160	0.10536567283119667	0.10536567283119667	0
0.948486328125	3336698	0.5597563192396776	0.5631141618204047	0.4556956229583888	30072	0.13559190708323215	0.13559190708323215	0
0.98876953125	3352380	0.5076116521960473	0.5067356089381637	0.47136435293671236	31808	0.13151181807547238	0.13151181807547238	0
0.972412109375	2998760	0.41964061069740355	0.42141864510755617	0.47381154164122985	31194	0.11833737094206372	0.11833737094206372	0
0.9761962890625	3291540	0.4840956544284249	0.48626837309219595	0.46955706365106314	31166	0.12415420706217502	0.12415420706217502	0
0.954833984375	2991662	0.49909530370569083	0.5013361167222018	0.46631751895551204	30556	0.1373394902768321	0.1373394902768321	0
0.982666015625	3150530	0.515212322336643	0.5176396091456629	0.4630482396447466	31804	0.12847733420791654	0.12847733420791654	0
0.9757080078125	3947334	0.5353023646043793	0.5360526152069308	0.4681772922078724	31410	0.12915449724039937	0.12915449724039937	0
0.977783203125	2716218	0.5115095298726327	0.5117856479591607	0.4547678126503896	31306	0.1285472489709659	0.1285472489709659	0
0.997314453125	5625944	0.5147471213535447	0.5155483439799168	0.47494082199883664	32090	0.1083502357086542	0.1083502357086542	0
0.975341796875	2279586	0.46942617270752596	0.4703127226325216	0.4652012908944119	31144	0.14725074834261254	0.14725074834261254	0
0.966064453125	2781648	0.41581114558315946	0.417889253358388	0.4646712524719297	30932	0.1322521373147268	0.1322521373147268	0
0.989013671875	2342870	0.4628523471162623	0.46392710894165406	0.4590663620190414	31834	0.12356386995434197	0.12356386995434197	0
0.9281005859375	2960334	0.5426109173046479	0.5430826752606795	0.4702681053528117	29644	0.13896990393435082	0.13896990393435082	0
0.9691162109375	2732328	0.4424196011753125	0.44354878115376467	0.4667725142235004	31296	0.12627460392544232	0.12627460392544232	0
0.9832763671875	3635328	0.5773972148447492	0.5781467416087567	0.466342799294253	31368	0.13775327330465006	0.13775327330465006	0
0.9315185546875	4484008	0.5020151682619839	0.5035299606524467	0.4736075731647753	29546	0.11047842677184598	0.11047842677184598	0
0.9898681640625	3421690	0.4168643064850639	0.41965429720985964	0.45916850969776357	31738	0.1095538723780541	0.1095538723780541	0
0.9603271484375	3142040	0.5501063175216191	0.5502171714864426	0.4672837978720524	30982	0.13931596078443162	0.13931596078443162	0
0.9610595703125	2378876	0.5251399219266923	0.5261534303512853	0.4660541348676929	30744	0.14744894984325074	0.14744894984325074	0
0.996826171875	4378316	0.5226654423282807	0.5235716086727006	0.47177829609381056	32014	0.10725596593274256	0.10725596593274256	0
0.9676513671875	2557634	0.46068086982528617	0.4628062728169608	0.45587789542138135	30932	0.11511866111353969	0.11511866111353969	0
0.9683837890625	2746352	0.4891860841455991	0.4905002398148392	0.46151992928705665	30920	0.11946782208482992	0.11946782208482992	0
0.99658203125	4023830	0.4221386097470701	0.424002616934529	0.46873715804032773	32260	0.10175129198111384	0.10175129198111384	0
0.9310302734375	2521406	0.5008831409928837	0.5020724664451877	0.4629948829271468	29800	0.14814356161765754	0.14814356161765754	0
0.9935302734375	3670478	0.5323218933713285	0.5354061180439152	0.46103617887348286	31698	0.1241622895800074	0.1241622895800074	0
0.94873046875	2807560	0.5528740536737591	0.5536567554542359	0.4657676363740462	30532	0.1264867670040585	0.1264867670040585	0
0.9891357421875	3004542	0.5261707017165937	0.5267153245797526	0.46593643207509094	31716	0.14669756469746395	0.14669756469746395	0
0.9857177734375	3692750	0.5375837473651497	0.5391349720124331	0.4667031313128595	31806	0.125585849071318	0.125585849071318	0
0.99072265625	2427556	0.44746107634403853	0.4526928678333191	0.45680184890529846	31536	0.12937811713777383	0.12937811713777383	0
0.96240234375	2165582	0.3566060337417356	0.3598948453700086	0.4663539750572891	31120	0.11900041689896933	0.11900041689896933	0
0.968505859375	4929182	0.592524437788885	0.5928173158723069	0.47326151779373626	31114	0.12124605129787068	0.12124605129787068	0
0.9720458984375	2391950	0.43331061400946963	0.43390097378074827	0.4634457440695619	31098	0.14066575862394382	0.14066575862394382	0
0.969482421875	3832262	0.5157075598184164	0.5156302561352469	0.46839196074933503	31242	0.1237154324992648	0.1237154324992648	0
0.9920654296875	3533804	0.5088968543363263	0.5119571310306837	0.46071546421427084	31600	0.12350254820050366	0.12350254820050366	0
0.9896240234375	5693126	0.559824133673804	0.5600671172223166	0.47088183254141375	31790	0.10029073831362263	0.10029073831362263	0
0.9554443359375	3606344	0.5362411859025537	0.5377814607762001	0.46938698083409297	30700	0.12285062101242189	0.12285062101242189	0
0.9901123046875	2597718	0.4521546292004977	0.45453540106321294	0.4558131212091123	31568	0.1267489724346498	0.1267489724346498	0
0.982421875	3101126	0.5078142529428161	0.5086121126453912	0.467485189428301	31388	0.12082617488698726	0.12082617488698726	0
0.9857177734375	3439966	0.4871491199537608	0.4875173619017627	0.4653321319729971	31378	0.12783685260022756	0.12783685260022756	0
0.97265625	2713908	0.519474422453871	0.5213943506960289	0.46230246287769877	30922	0.16115581843850793	0.16115581843850793	0
0.9859619140625	2990192	0.5211741171643497	0.5231061916284462	0.4570635121640219	31494	0.12891917628017627	0.12891917628017627	0
0.9588623046875	2544442	0.5149154506034114	0.5163924313569709	0.4606376480399701	30526	0.1206734155988942	0.1206734155988942	0
0.9906005859375	2769598	0.4710691237090223	0.4750574791939337	0.46021363352150574	31838	0.12584531365034865	0.12584531365034865	0
0.9884033203125	3271052	0.45939270821752093	0.46115399069146695	0.4661468318005437	31552	0.11766404799729097	0.11766404799729097	0
0.98486328125	4854410	0.5156703206047748	0.5160334920294156	0.470867616907521	31784	0.11181160971303274	0.11181160971303274	0
0.9915771484375	2751210	0.49924683593562835	0.5008387705632955	0.4619171514214852	31838	0.12963329401398652	0.12963329401398652	0
0.958251953125	3264428	0.5477587552013257	0.5488731783297673	0.46839320343608487	30764	0.14255795456032055	0.14255795456032055	0
0.9742431640625	2716490	0.4836828286032527	0.4871754822821761	0.4617714955654176	31104	0.13057929441552119	0.13057929441552119	0
0.975830078125	3558280	0.5899267909547197	0.5907160595107475	0.46235965107095534	31184	0.13429306913573094	0.13429306913573094	0
0.951416015625	3353804	0.4545452257857672	0.4554865026172625	0.4673372922233587	30810	0.11828805902542204	0.11828805902542204	0
0.9832763671875	2870030	0.48271877134807156	0.4842354059122281	0.46539666419636133	31450	0.12998599753409773	0.12998599753409773	0
0.99072265625	2250908	0.4409014825054766	0.4412506025799554	0.4615897020574345	32038	0.14864431921451307	0.14864431921451307	0
0.9449462890625	2567964	0.5300996270131207	0.5311596637269915	0.46243988709194567	30416	0.1245949678622577	0.1245949678622577	0
0.97802734375	3129536	0.4798671714995912	0.4820876236204526	0.46696022246309127	31208	0.11495900233517897	0.11495900233517897	0
0.9144287109375	3333678	0.4859053166418094	0.4863698391177333	0.4689764401904504	29474	0.12929165858604533	0.12929165858604533	0
0.966796875	2555838	0.4834679844656527	0.48469560863450517	0.4593250435284868	30704	0.12891012496939228	0.12891012496939228	0
0.9425048828125	4239044	0.5802402945195226	0.5811793960915489	0.4721728249626445	30102	0.11254159463527658	0.11254159463527658	0
0.991455078125	2506286	0.44582003979654033	0.4473150086546907	0.457921034200176	31474	0.13085994174193372	0.13085994174193372	0
0.982666015625	3611292	0.5125079079298223	0.5160954384579083	0.4688297348778893	31668	0.12793031583554595	0.12793031583554595	0
0.984375	2824932	0.4930147421339009	0.4934611905644186	0.4622365014919852	31350	0.13908529965293223	0.13908529965293223	0
0.94873046875	2713604	0.4828963775781013	0.4832218401336507	0.4686776535914201	30308	0.13712696033417182	0.13712696033417182	0
0.979736328125	3994136	0.5589559292480725	0.5586218657611173	0.4710289228725704	31572	0.11937178234233471	0.11937178234233471	0
0.97021484375	2947020	0.45959636996608894	0.4598894119440908	0.46150235351629304	31164	0.11472734627446712	0.11472734627446712	0
0.954833984375	3157518	0.49743632460914783	0.500592482088258	0.4668607338171075	30742	0.12483541721727372	0.12483541721727372	0
0.8973388671875	2037694	0.4266364523341752	0.42949159930722103	0.4590332515322211	28980	0.12515686684393787	0.12515686684393787	0
0.97265625	3491312	0.4353543847900055	0.4379405401029752	0.4655412948283979	31332	0.10071503886942217	0.10071503886942217	0
0.9847412109375	2542916	0.4831473205116952	0.48410192352447884	0.46760192242648446	31768	0.13746103066063706	0.13746103066063706	0
0.9886474609375	3140284	0.37454199459766896	0.3800094712785414	0.46382615755014706	31638	0.11131520150618363	0.11131520150618363	0
0.9918212890625	3848348	0.4710511356166623	0.4724577087334804	0.4663078458729364	31672	0.10933501713833797	0.10933501713833797	0
0.983154296875	1903084	0.4356795153173736	0.43928906426434106	0.4502949204316215	31332	0.1354865427337795	0.1354865427337795	0
0.96044921875	2688966	0.5486624895209236	0.5489877138352551	0.46248728586499865	30872	0.13244355589849227	0.13244355589849227	0
0.96826171875	2794644	0.49419716411705483	0.4946872613839112	0.4707393457362195	30916	0.12735410108694956	0.12735410108694956	0
0.9267578125	2427796	0.5678771594435824	0.5681365209217971	0.46936139225141993	29922	0.15771404844841955	0.15771404844841955	0
0.9842529296875	3515472	0.49181029760479716	0.49313127037092874	0.46814087545380917	31728	0.12197754050505967	0.12197754050505967	0
0.9884033203125	1968426	0.4319839930184641	0.43521723423165043	0.4528433997792001	31786	0.13277582713945332	0.13277582713945332	0
0.9627685546875	4404644	0.5059003731729211	0.5076165874764188	0.47279295833340423	30980	0.1128117752547887	0.1128117752547887	0
0.955322265625	2496248	0.4812708607489283	0.484225905253316	0.45983684023843013	30398	0.1348465317131067	0.1348465317131067	0
0.9639892578125	2890192	0.5190454406969086	0.5202225998081008	0.4621742569045108	31210	0.12928413493034197	0.12928413493034197	0
0.970458984375	2911452	0.49429909636137825	0.49813325613669174	0.45845381636575344	30626	0.12460537397919148	0.12460537397919148	0
0.9661865234375	4033574	0.4707156413944247	0.4716895499675951	0.464208543253312	30760	0.10544178514620128	0.10544178514620128	0
0.907958984375	2874550	0.4734420271395763	0.47391463488183727	0.46528445650967715	29220	0.12573326467114815	0.12573326467114815	0
0.9761962890625	2987086	0.45817042187453966	0.46088271848432255	0.45804661827842685	31274	0.12955467857496186	0.12955467857496186	0
0.9296875	3054104	0.45865850850759204	0.4595852945628495	0.4714062007143916	29798	0.11870032175825217	0.11870032175825217	0
0.992431640625	3863578	0.5153705350001263	0.5162175793965454	0.47301256785178575	31794	0.11907710785820536	0.11907710785820536	0
0.9832763671875	3055118	0.5203219944205745	0.5223384799175551	0.4545998926820694	31164	0.12002772969129823	0.12002772969129823	0
0.993408203125	2789730	0.4412596097501444	0.4428898748899733	0.4611444608921207	32076	0.11613584893648358	0.11613584893648358	0
0.9691162109375	3476424	0.5350769147085183	0.5351209448791466	0.46871753402278715	31258	0.10895599081126804	0.10895599081126804	0
0.9896240234375	2585464	0.44825036528366785	0.4518706367145308	0.45864127111602554	31496	0.12017101343696597	0.12017101343696597	0
0.9970703125	3892170	0.3948814390719888	0.3982469156976142	0.47104775700178253	32076	0.11685838473002186	0.11685838473002186	0
0.97119140625	2303066	0.47540711603937497	0.4774261535504843	0.4629624072836182	31208	0.15376201712242057	0.15376201712242057	0
0.979736328125	2622022	0.49544947539592293	0.49635214774751196	0.46636309732317377	31426	0.12339654174538149	0.12339654174538149	0
0.983154296875	3204520	0.47947898001266537	0.48061153630109693	0.47079895645638326	31664	0.11193169774752411	0.11193169774752411	0
0.984130859375	3090968	0.4625195437793527	0.4638306784423913	0.4648408370782251	31830	0.11643122599624656	0.11643122599624656	0
0.9921875	4225420	0.4919838272915488	0.49395506452717247	0.4637992424199579	31722	0.11134245225227613	0.11134245225227613	0
0.9644775390625	2640826	0.47845143355644376	0.4792672455215532	0.4694924638033245	31090	0.13393947896808636	0.13393947896808636	0
0.9593505859375	4202668	0.4720206839810727	0.47343764107421665	0.4722812044355515	31024	0.10976321236715907	0.10976321236715907	0
0.957763671875	4849960	0.5598610013526845	0.56086993851602	0.4652089670482758	30820	0.11481079671194953	0.11481079671194953	0
0.9656982421875	2635952	0.4374028267705872	0.44051943776517927	0.4647801731575359	31230	0.1306136179237591	0.1306136179237591	0
0.955810546875	3285710	0.45350003064317174	0.4556583621343555	0.46759032172074316	30702	0.1392919466218155	0.1392919466218155	0
0.949462890625	2800894	0.5041765163540849	0.5056491775697352	0.4665438441958593	30222	0.13657117218975792	0.13657117218975792	0
0.9334716796875	4522468	0.5727204844495133	0.57350981687456	0.4750418672182793	30188	0.11292862734366782	0.11292862734366782	0
0.9876708984375	3273660	0.44453504058257565	0.444464231578153	0.46682283746008785	31928	0.12112199036246873	0.12112199036246873	0
0.9791259765625	3292868	0.48403298234148395	0.4859702277595816	0.46459343025248484	31412	0.12504902177887545	0.12504902177887545	0
0.9410400390625	3391526	0.544773018984005	0.5448335029543262	0.46568623242086166	29958	0.12743443396019707	0.12743443396019707	0
0.986328125	5318108	0.5992450822186273	0.5993108137161406	0.4692290655630262	31524	0.10522311936786166	0.10522311936786166	0
0.9906005859375	4380570	0.5231677754471312	0.5241194861827895	0.4611112178888397	31376	0.11342939635987946	0.11342939635987946	0
0.9747314453125	2899654	0.5291975040995114	0.5297975717691722	0.4637526248296841	31256	0.13443426903294506	0.13443426903294506	0
0.9715576171875	3034876	0.42568010552431285	0.428695367662006	0.4688940030890363	31576	0.11211599614305072	0.11211599614305072	0
0.970703125	2255486	0.4426845358457927	0.44356073440678845	0.4635508855821384	31238	0.1421409992463922	0.1421409992463922	0
0.9976806640625	4178506	0.4689899547329955	0.4712101612671677	0.4732128628672038	31970	0.11813195131142411	0.11813195131142411	0
0.9456787109375	3639926	0.5535507187818088	0.5540283486112196	0.4747003198628643	30412	0.11925087962450125	0.11925087962450125	0
0.933349609375	2936464	0.41160129521279837	0.41258788373581257	0.47099548631762406	30272	0.12164072705567162	0.12164072705567162	0
0.98486328125	2371894	0.4007304751731364	0.4040920001961478	0.46407462631223	31704	0.12682590741653596	0.12682590741653596	0
0.99560546875	2078416	0.4915569798501676	0.4936558598042217	0.4562866501843777	31620	0.15028394328661537	0.15028394328661537	0
0.958740234375	2513328	0.4880855563349662	0.4880595763790491	0.4656307639159975	30624	0.15556161416336403	0.15556161416336403	0
0.982421875	3222472	0.38296206627117074	0.3838103477515102	0.46770839179663054	31466	0.11866768247344882	0.11866768247344882	0
0.8692626953125	3186478	0.5074145886743912	0.5081862009294121	0.45908841952557616	27894	0.14883169353638984	0.14883169353638984	0
0.9521484375	3558022	0.5108522819659828	0.5106452349303728	0.47044112285111983	30582	0.11118991755022506	0.11118991755022506	0
0.98828125	2361018	0.37457519126395966	0.3767759361196785	0.4611378567371253	31878	0.1189776588026441	0.1189776588026441	0
0.956787109375	3678490	0.43373775936170916	0.4380283342396662	0.4685622682286604	30598	0.10511417165075158	0.10511417165075158	0
0.94970703125	2611446	0.5198489296628033	0.5211235137379479	0.4667654325454795	30496	0.14468257298504697	0.14468257298504697	0
0.99169921875	2872760	0.41576065653445965	0.4178701006136092	0.4655362249834551	31938	0.12006233169816029	0.12006233169816029	0
0.9990234375	3180418	0.5694719457280234	0.5703426729283588	0.4655580115262752	31848	0.12862716122220882	0.12862716122220882	0
0.9715576171875	3812546	0.45035121478255774	0.45081769456394144	0.46769798809739066	31380	0.10643008726571888	0.10643008726571888	0
0.98486328125	2884600	0.4823670438808461	0.48236070211137655	0.4650640208686763	31780	0.11621884924397279	0.11621884924397279	0
0.971435546875	3510150	0.48278651955838603	0.48293167190871844	0.4696929115283277	31206	0.12254644081043621	0.12254644081043621	0
0.969482421875	2697722	0.5365954306142203	0.5376872490677251	0.4631391071182344	31092	0.14570035294175676	0.14570035294175676	0
0.979736328125	4639984	0.5922988530915642	0.5937274495286163	0.46445882632378854	31310	0.11806631648098043	0.11806631648098043	0
0.9696044921875	5143016	0.5566062148508261	0.5576602470735672	0.4715154271753211	30932	0.10528068300759359	0.10528068300759359	0
0.989501953125	3288644	0.4378897168200449	0.43942576718714815	0.4690474809692209	31852	0.11777443688918371	0.11777443688918371	0
0.9774169921875	4485312	0.5192422679611665	0.5196794540448121	0.47494712218216417	31666	0.10507485006788686	0.10507485006788686	0
0.9534912109375	3770006	0.5218452459770971	0.5224134231424863	0.46729817769417986	30426	0.11524251643937684	0.11524251643937684	0
0.9794921875	2831802	0.5140885783531455	0.5166209434461085	0.4649583520276272	31364	0.12382989523524869	0.12382989523524869	0
0.941162109375	2833692	0.5171096998587132	0.5167902874133504	0.4707916647418222	30320	0.13396760445723038	0.13396760445723038	0
0.974365234375	5357770	0.6071771256495783	0.6071430404861098	0.47355748199738906	30964	0.11548511686394747	0.11548511686394747	0
0.97900390625	2164126	0.48278751139299514	0.4841991324957358	0.4581570508543773	31276	0.163252338166025	0.163252338166025	0
0.9669189453125	3271142	0.47294196797379434	0.4756613414829705	0.46589368748267623	30968	0.13920106859444983	0.13920106859444983	0
0.97119140625	2666986	0.44758040005778216	0.4484089837192579	0.46825771901028856	31054	0.1260896009610476	0.1260896009610476	0
0.9761962890625	1672236	0.46078092464523085	0.4643779726023162	0.4498808920717521	31016	0.1426175861601036	0.1426175861601036	0
0.99609375	3887922	0.5383108741455233	0.5387806304785713	0.46741024092893396	31968	0.12991333137145228	0.12991333137145228	0
0.9776611328125	2569278	0.47733531732660633	0.47897426018687494	0.47063075542854	31218	0.12452270346125595	0.12452270346125595	0
0.973388671875	4835250	0.5758434999702556	0.5759846863076306	0.472444763351961	31306	0.11788366989832012	0.11788366989832012	0
0.989013671875	3194460	0.5189318637928902	0.5203365358581308	0.46257028242075854	31576	0.12618860549589808	0.12618860549589808	0
0.992431640625	2844760	0.47277816023605607	0.4736930434712911	0.45806061533053716	31690	0.10375099401656256	0.10375099401656256	0
0.988525390625	2472448	0.4814550982241621	0.48333581669313125	0.4662212707658246	31682	0.12043029404601285	0.12043029404601285	0
0.9779052734375	3125040	0.4183347246670819	0.42183165670897754	0.46457645415126875	31292	0.10604176327723046	0.10604176327723046	0
0.981201171875	4263584	0.5335501633256383	0.5365339253264648	0.45882569407385865	31438	0.11879424641296492	0.11879424641296492	0
0.9710693359375	3730082	0.45505624152319113	0.45546106766496847	0.4680311754307111	31198	0.12539297090754	0.12539297090754	0
0.956298828125	2994414	0.44497472327557014	0.44663635124991186	0.46453803496829105	30510	0.11695435053320523	0.11695435053320523	0
0.9783935546875	2629718	0.4658971835906009	0.4673376811017968	0.45511971273887264	31142	0.14009288362985498	0.14009288362985498	0
0.9725341796875	2433448	0.4955703764201657	0.49764330201933493	0.4518061893872937	30852	0.13454698318062128	0.13454698318062128	0
0.8931884765625	2609538	0.514197672059564	0.5148073431688668	0.46646298832320054	28402	0.1401186692229886	0.1401186692229886	0
0.9639892578125	3084970	0.5128443798783424	0.5145697087140733	0.4681936919867175	30896	0.11220545245381047	0.11220545245381047	0
0.989013671875	3399150	0.4976763048892392	0.4988275506728943	0.46291165069093093	31582	0.12597026821501336	0.12597026821501336	0
0.9354248046875	3102530	0.5299691822667844	0.5308980565920491	0.46903908773020736	30074	0.12391439759120494	0.12391439759120494	0
0.9691162109375	2375444	0.45795272953596994	0.4599387425616011	0.4616711930067954	31340	0.13376318471757717	0.13376318471757717	0
0.9503173828125	2643356	0.4164033601959318	0.41916301910859016	0.46683628856500275	30464	0.13520451239734485	0.13520451239734485	0
0.9779052734375	2617204	0.500361970956071	0.5013598198800049	0.46345703445322467	31456	0.13248608116798805	0.13248608116798805	0
0.9940185546875	3796520	0.5735856807190612	0.5741403733629761	0.46810724934205755	31964	0.12937851938049624	0.12937851938049624	0
0.9840087890625	3496946	0.41333802296765126	0.4168856936367054	0.46127904007927684	31064	0.1026610922229053	0.1026610922229053	0
0.9794921875	3591332	0.4544701893719405	0.45592778936612893	0.46724204619132875	31428	0.11285389895852359	0.11285389895852359	0
0.97119140625	2812192	0.48226194212888046	0.4849077288645743	0.46537511514275565	31184	0.10286359186744964	0.10286359186744964	0
0.986328125	2552074	0.44726178565612673	0.4499468512766413	0.45473833684904347	31292	0.13860743295752104	0.13860743295752104	0
0.9879150390625	3511766	0.48480088994543324	0.48813618964982836	0.4658616685141434	31652	0.12385671189165387	0.12385671189165387	0
0.980712890625	3504644	0.5576631263432553	0.558461968757762	0.4677937353949322	31488	0.14090048748501904	0.14090048748501904	0
0.9891357421875	4184766	0.5247770879055973	0.5241215258000593	0.47091669316982193	31700	0.11948079568945157	0.11948079568945157	0
0.9752197265625	2387770	0.3920194434901634	0.39572019506204065	0.46139825432000975	31426	0.10374934192090586	0.10374934192090586	0
0.965087890625	2895568	0.4830890204000376	0.484527331326065	0.4639431097193603	30656	0.13495032820213917	0.13495032820213917	0
0.968994140625	3497556	0.5357280138659364	0.5362870477752214	0.4609636281309029	31002	0.13016358532757036	0.13016358532757036	0
0.985595703125	3006930	0.5218813817916423	0.5217912847618477	0.4601855010933161	31452	0.146930028253748	0.146930028253748	0
0.971435546875	2912812	0.49301361686835393	0.4939959421942399	0.46476727885356345	31266	0.126518633196713	0.126518633196713	0
0.9696044921875	3482962	0.48409950661767803	0.4857176909757272	0.46934744284559393	31144	0.11706516451085457	0.11706516451085457	0
0.9857177734375	3527284	0.4994054907450231	0.5015943534468627	0.45908910133257974	31394	0.13312533294413362	0.13312533294413362	0
0.98828125	2643672	0.5434164657663655	0.5448623568681658	0.46885833715139474	31696	0.14837054062373892	0.14837054062373892	0
0.9815673828125	3025210	0.517524598723084	0.5183261884645695	0.46159214514029734	31290	0.12903741116836215	0.12903741116836215	0
0.9459228515625	2980854	0.4550439581205155	0.45629153697259883	0.46512713568358416	30388	0.13013505809667864	0.13013505809667864	0
0.94775390625	2663640	0.55130726996194	0.5522099828033766	0.4576210368721996	30098	0.14768001029073824	0.14768001029073824	0
0.9876708984375	2571342	0.45235369954514065	0.45602652575178676	0.45903834541821226	31888	0.12413841927140928	0.12413841927140928	0
0.99365234375	3610810	0.46561774011112916	0.46663202157356004	0.4677410376361697	31952	0.10020391571016994	0.10020391571016994	0
0.9921875	2930496	0.5185215328639593	0.5201505812040917	0.4549313985983581	31858	0.1258606472459269	0.1258606472459269	0
0.897216796875	2612694	0.5381692055779349	0.5402355645040423	0.46139155921257324	28644	0.13784530473031595	0.13784530473031595	0
0.9906005859375	3291522	0.5100164807741712	0.5106203907451546	0.46014784937928627	31650	0.12198240411577786	0.12198240411577786	0
0.997802734375	4555720	0.5693352918568498	0.5698351740318341	0.4708118808014772	32064	0.11854837591064848	0.11854837591064848	0
0.98583984375	2494422	0.46207458820655106	0.4629242357725058	0.45997264052413206	31226	0.13551858000565245	0.13551858000565245	0
0.976806640625	3331570	0.5371642117637002	0.538542796684291	0.46276166561211834	31216	0.1504481809011631	0.1504481809011631	0
0.9862060546875	2954700	0.520652310782922	0.5223925183326118	0.4591623215447882	31526	0.12250334512246154	0.12250334512246154	0
0.9697265625	3799122	0.5292295986419275	0.5295650390691838	0.47684661045085913	31054	0.1288402301056494	0.1288402301056494	0
0.9908447265625	4350618	0.5216548410706758	0.5239833773646655	0.4728311033942126	31650	0.09785268453210881	0.09785268453210881	0
0.9910888671875	2350412	0.4657367378828295	0.46871657995816346	0.45861161148382895	31840	0.13856224377173923	0.13856224377173923	0
0.9827880859375	3611562	0.49282577661637034	0.49482642301904783	0.46830715981143567	31776	0.10480263654295079	0.10480263654295079	0
0.98974609375	3203490	0.4924315576558078	0.49454749482465193	0.46202992601686277	31506	0.1369850422634557	0.1369850422634557	0
0.9888916015625	3042518	0.5185824951715893	0.5210912754095938	0.4652378206903174	31832	0.13760219869282644	0.13760219869282644	0
0.98095703125	4181014	0.5191462315643062	0.5191821600263785	0.4720011755173232	31402	0.11094535607948551	0.11094535607948551	0
0.9913330078125	2706658	0.5067086008700612	0.508138169308939	0.46747220662078415	31892	0.140204822264996	0.140204822264996	0
0.9898681640625	3056534	0.48213873728318385	0.48505624486016	0.4651894252642604	31850	0.12270561733336632	0.12270561733336632	0
0.9903564453125	4195508	0.48264833193928897	0.48397046261140836	0.4689394164385414	31796	0.10968115610638007	0.10968115610638007	0
0.986572265625	4251954	0.5349568931281928	0.5361961075254358	0.469475984398077	31574	0.1154774436278536	0.1154774436278536	0
0.9830322265625	3537566	0.5188858037651741	0.5196474934678634	0.46542988238539773	31722	0.12385841689975402	0.12385841689975402	0
0.9661865234375	3479248	0.4818388145876447	0.48616638264672374	0.4598556133258484	30992	0.12488532590301865	0.12488532590301865	0
0.9896240234375	2295902	0.5171039974233532	0.5184549635309738	0.46184245760434134	31642	0.12906336097054566	0.12906336097054566	0
0.9730224609375	2044764	0.4299621189834156	0.4316401327314218	0.46097203401583814	31308	0.14018395038582357	0.14018395038582357	0
0.9228515625	3813780	0.48006621998176313	0.48146492149981907	0.4714836046950122	29644	0.12257249249234191	0.12257249249234191	0
0.959716796875	3483890	0.4667971158208059	0.4679476710336832	0.465301643370207	30896	0.11281418944401132	0.11281418944401132	0
0.9852294921875	3076484	0.46755720079272933	0.4689347775070866	0.4705805534842131	31690	0.11250006956306073	0.11250006956306073	0
0.99365234375	4352914	0.5357233723672998	0.5379408113567389	0.4614110813944367	31742	0.10887935334163772	0.10887935334163772	0
0.987060546875	3422832	0.4564930705558783	0.4580552073288337	0.4717815045812525	31880	0.12140783303211149	0.12140783303211149	0
0.9808349609375	2559354	0.43046941919989073	0.432342938880935	0.4629547175023722	31508	0.12751619125316574	0.12751619125316574	0
0.976806640625	3090058	0.48508091971769013	0.4859404421504283	0.4548625919525288	30868	0.11831639456199927	0.11831639456199927	0
0.98779296875	3906726	0.5209071321627364	0.521162636758962	0.47258315714958815	31968	0.11002921282835021	0.11002921282835021	0
0.9735107421875	3311816	0.49970838740280255	0.5010095740125399	0.4629680727328162	31126	0.12153380212460195	0.12153380212460195	0
0.9849853515625	3397934	0.4594351734098512	0.46047181163694173	0.46965443181728456	31464	0.11878198792764288	0.11878198792764288	0
0.983154296875	2853230	0.49983845642433494	0.4990766040634864	0.4608107374664272	31444	0.12434923971982102	0.12434923971982102	0
0.9844970703125	3961196	0.4406677355594453	0.4418710905725309	0.4702860899390966	31916	0.10799876880080823	0.10799876880080823	0
0.9691162109375	2837394	0.538160377911339	0.5399905906131737	0.4595468334356858	31022	0.13706674610263347	0.13706674610263347	0
0.9752197265625	3394934	0.5584981234575098	0.5596175976668315	0.4642936032476144	31492	0.1275603079607728	0.1275603079607728	0
0.99169921875	3565226	0.599520501643039	0.6003284601098541	0.4694717121064174	31430	0.1312645958531829	0.1312645958531829	0
0.9927978515625	2846318	0.4649538013004244	0.4669077340518701	0.4670110160025956	31916	0.11891225984756622	0.11891225984756622	0
0.990966796875	2652322	0.4545047091530165	0.4572026432535914	0.4591791648658472	31650	0.12346045555461199	0.12346045555461199	0
0.98046875	2519684	0.5257956231736346	0.5298016365998405	0.4509712526917076	31140	0.1365211848536107	0.1365211848536107	0
0.9847412109375	1740358	0.42003565262349585	0.4233552497135384	0.45673201102762945	31184	0.14409356883297117	0.14409356883297117	0
0.9925537109375	1993122	0.4901542063069879	0.49165693549794165	0.46266680625857165	31702	0.1667864624484642	0.1667864624484642	0
0.987548828125	2205418	0.44622702904714767	0.447600696872922	0.4551419012307485	31372	0.147955945000019	0.147955945000019	0
0.9381103515625	3295470	0.5137055575619978	0.5149843679724428	0.47032406746834426	30208	0.1307894834532724	0.1307894834532724	0
0.97998046875	3286174	0.5065801343144729	0.5077682134883841	0.4642511943352287	31588	0.14171214555834014	0.14171214555834014	0
0.977783203125	4975412	0.5570510241616689	0.559070772158259	0.4726263375593511	31530	0.12551431392956588	0.12551431392956588	0
0.9793701171875	2762268	0.5014180767733276	0.504772396216272	0.46415114176534206	31534	0.13865501105012001	0.13865501105012001	0
0.9761962890625	3051426	0.5286112584742483	0.5314514222488305	0.4633087036584507	31044	0.14138627938748402	0.14138627938748402	0
0.9771728515625	3191372	0.5062895716572492	0.5096226040398316	0.4631955346242871	31452	0.1225618810260974	0.1225618810260974	0
0.987060546875	4218272	0.5641683759838666	0.5637122759770027	0.47048907819071023	31902	0.11075879469731519	0.11075879469731519	0
0.99169921875	3418292	0.4986178995654418	0.4996041827669278	0.4640841764495944	31640	0.1301038939555765	0.1301038939555765	0
0.988525390625	2771542	0.4628261395826287	0.465418866546958	0.4578972315849071	31674	0.12148837168539668	0.12148837168539668	0
0.9681396484375	5429328	0.5527628709864468	0.5536932131274684	0.4709632285486626	31350	0.11063618264066465	0.11063618264066465	0
0.96728515625	3895650	0.523903906309981	0.5269983210214783	0.46356735710076885	31100	0.11965928981121833	0.11965928981121833	0
0.9888916015625	2934846	0.476191869212496	0.47663621858629424	0.4638718287525849	31892	0.12410756434248889	0.12410756434248889	0
0.996337890625	4457994	0.5144820428357452	0.5167625609711536	0.4615462321355624	32010	0.10319249719282769	0.10319249719282769	0
0.9964599609375	3349746	0.5028277502209161	0.503064649443178	0.47009273610399477	32140	0.129328919788708	0.129328919788708	0
0.9788818359375	3597608	0.5078144391548914	0.509248293067979	0.4705083425412297	31706	0.10394168319134185	0.10394168319134185	0
0.9659423828125	2493240	0.5009201083576316	0.5015172756760019	0.464192876744649	31220	0.13880101159441283	0.13880101159441283	0
0.9820556640625	3560334	0.5227975136082827	0.5230875151028448	0.47383312590802656	31912	0.13543674776450385	0.13543674776450385	0
0.98974609375	3766218	0.5267986836523113	0.5279564324180269	0.4670576446429781	31636	0.13063426027188155	0.13063426027188155	0
0.9578857421875	3920954	0.519951723254303	0.5195038831730864	0.46842625748610267	30760	0.12824946934775525	0.12824946934775525	0
0.9776611328125	3268612	0.523601097675653	0.5258629909488458	0.46263862080455764	31346	0.1220974857003168	0.1220974857003168	0
0.9873046875	3260288	0.4617077336793863	0.4629527497798936	0.46479267862393175	31582	0.11858817128237675	0.11858817128237675	0
0.990234375	2514524	0.49364706243950235	0.4951621685238285	0.46994200297375105	31912	0.1485613883616432	0.1485613883616432	0
0.9886474609375	2947724	0.5052228630250296	0.5075906896857492	0.4632342217237219	31836	0.13240507637260826	0.13240507637260826	0
0.975830078125	2991498	0.5230488001383256	0.523624778243318	0.4696258193968063	31540	0.13039578563772533	0.13039578563772533	0
0.978515625	3153090	0.5173272519287161	0.5185161339846484	0.469243956561149	30960	0.13223364758091702	0.13223364758091702	0
0.98486328125	3015354	0.5142618483473609	0.5163447335052999	0.4656401940959043	31756	0.1458020171896456	0.1458020171896456	0
0.99365234375	2608560	0.5030716234894553	0.5030714137407879	0.4674182799492282	31862	0.16845225590928947	0.16845225590928947	0
0.98193359375	2101994	0.500200625497195	0.5012046269661524	0.4638431572633743	31540	0.149165748004951	0.149165748004951	0
0.927490234375	2699214	0.5272324237559511	0.5273779890800968	0.4742242875787766	29836	0.16310245047716285	0.16310245047716285	0
0.886474609375	2134942	0.5028413014176918	0.5044065401117307	0.4596941753527104	28240	0.1427933675928543	0.1427933675928543	0
0.968017578125	2184482	0.4372069574664213	0.4397401105330397	0.4614339716242431	31090	0.14683462032235228	0.14683462032235228	0
0.9791259765625	3656812	0.5711593937895875	0.5722790426518584	0.46382873065462044	31352	0.1308962802109325	0.1308962802109325	0
0.9892578125	2844376	0.44507333881069755	0.44740658056263233	0.46822518127475427	31958	0.1218523860345036	0.1218523860345036	0
0.9678955078125	3227800	0.4540783993655389	0.45463112283140306	0.4737964097717748	31344	0.10826503982038328	0.10826503982038328	0
0.97509765625	3130288	0.5346904134778412	0.5362755746009368	0.4619890484148084	31450	0.13865796379954481	0.13865796379954481	0
0.9622802734375	2077726	0.4342990210879439	0.43741851422961275	0.4546311541623276	30850	0.12594314296702355	0.12594314296702355	0
0.9539794921875	2325982	0.417803257385099	0.42122721974117855	0.4635590067494597	30784	0.1281753161517731	0.1281753161517731	0
0.9530029296875	2917320	0.4951851808235786	0.4950039369738614	0.46734747571893337	30354	0.12916529113957023	0.12916529113957023	0
0.9735107421875	3131726	0.47504822433107824	0.4751892500278343	0.4691825237329044	31232	0.12114422768687483	0.12114422768687483	0
0.996826171875	3805064	0.5147251113670647	0.5149035849463356	0.46624647539134867	31790	0.11503003827814307	0.11503003827814307	0
0.9527587890625	3752780	0.5058468216008697	0.5069193368570405	0.4667486844694384	30346	0.123187450607034	0.123187450607034	0
0.9921875	3402378	0.5226147545535468	0.5229052308265638	0.4647834090242813	31920	0.12530972206912452	0.12530972206912452	0
0.990478515625	4427000	0.5639007334187399	0.5636049558401255	0.4639001481778262	31830	0.13182611286751247	0.13182611286751247	0
0.9896240234375	2474512	0.44105399914717763	0.44323420039911193	0.4603984511178629	31722	0.12579889502840672	0.12579889502840672	0
0.98779296875	3902378	0.5683204589138408	0.5694479320624394	0.4644726095897442	31816	0.15023723980616985	0.15023723980616985	0
0.998779296875	2940808	0.42470389313844564	0.42877722425581116	0.45857330606620267	32116	0.09751907859686333	0.09751907859686333	0
0.97802734375	3276416	0.49961122243368944	0.5000453002284951	0.46722370904882643	31590	0.12509040892943032	0.12509040892943032	0
0.9842529296875	3410538	0.5141256106940647	0.5166339711017526	0.4615266329361305	31324	0.11157088248720458	0.11157088248720458	0
0.946044921875	3695118	0.5686744542380981	0.5694047002906841	0.47326005634264007	30296	0.1363788402755927	0.1363788402755927	0
0.9921875	2629178	0.41512277558294497	0.4175158421482173	0.4620026826197234	32164	0.1254843135657282	0.1254843135657282	0
0.9869384765625	4290932	0.44928507583196003	0.44989003038404335	0.46966850499330387	31624	0.08489396946270644	0.08489396946270644	0
0.957275390625	2013010	0.47918459319954915	0.48413164626934196	0.45568266637115756	30632	0.1511602398631209	0.1511602398631209	0
0.94775390625	4341528	0.5432261197807591	0.5438449754562622	0.46880475003714955	30410	0.11420838256383743	0.11420838256383743	0
0.9505615234375	3397620	0.5241801306736779	0.5240200651330554	0.46896672040372106	30498	0.11597856908138426	0.11597856908138426	0
0.9813232421875	2612724	0.4958042817175607	0.49636169283295023	0.46395523374109154	31324	0.1534900936693552	0.1534900936693552	0
0.989013671875	3190564	0.5362966850917693	0.5368508698237758	0.465315046971805	31964	0.1462437566636207	0.1462437566636207	0
0.938232421875	2094338	0.4685398880072857	0.4743090506747023	0.4583588652871194	30172	0.14019730620499143	0.14019730620499143	0
0.9439697265625	2548878	0.4434871570491535	0.44466324043283256	0.46306157179597035	30200	0.115846651579163	0.115846651579163	0
0.9454345703125	3282020	0.5427554201357186	0.5428629450795945	0.4676091110849245	30240	0.1386215311922199	0.1386215311922199	0
0.9647216796875	3190802	0.5420412756407081	0.5440172142352965	0.4589436789212848	30926	0.12959669245035718	0.12959669245035718	0
0.9859619140625	2991270	0.5358458648958639	0.5364367947567243	0.46891053010427247	31748	0.14362010267710212	0.14362010267710212	0
0.99365234375	2839152	0.5178023588009787	0.5193158415846743	0.46311137185251733	31708	0.1484062610039267	0.1484062610039267	0
0.9696044921875	2821066	0.5153386891132757	0.5157079333812695	0.46528502399206584	31034	0.14419085982164867	0.14419085982164867	0
0.9951171875	5207768	0.5167089898588829	0.5179255715312499	0.47229713171398524	31594	0.10475561183464131	0.10475561183464131	0
0.977783203125	2952504	0.4630927044960375	0.4668148272770886	0.459469861414624	31220	0.11850818575478544	0.11850818575478544	0
0.985107421875	3185304	0.4780921634354947	0.4810911341653037	0.46310679179258063	31730	0.10631487300552751	0.10631487300552751	0
0.9869384765625	2729606	0.3851538854524131	0.3895269378364991	0.4606450987220581	31526	0.09927368499755501	0.09927368499755501	0
0.965576171875	3892980	0.5525667906778845	0.555297271359258	0.4653568930447818	31140	0.13016946525030945	0.13016946525030945	0
0.9747314453125	3523456	0.46223727950586807	0.46263147419286127	0.4674819482516055	31056	0.12480286825627611	0.12480286825627611	0
0.978515625	3072622	0.43567492862190355	0.4378482101906847	0.4658065768675583	31286	0.12693047259574794	0.12693047259574794	0
0.9349365234375	3623634	0.5227693362104749	0.524957873620267	0.4692541327195043	30130	0.1154886233819832	0.1154886233819832	0
0.98095703125	2521612	0.4634258483945421	0.4658929940314122	0.4618938372070254	31510	0.1355445042084765	0.1355445042084765	0
0.9588623046875	4358552	0.6229117347510998	0.6224671850080515	0.4759826704459298	30616	0.1197754056799078	0.1197754056799078	0
0.981689453125	3006890	0.5089868107270227	0.509611538563104	0.468014668751837	31710	0.12447606996506899	0.12447606996506899	0
0.94775390625	2450048	0.45980218925652805	0.4620732469872866	0.4679802009151152	30310	0.13121209214948112	0.13121209214948112	0
0.9931640625	4233050	0.560083066864607	0.5609584140526817	0.4616825703940968	31862	0.14047582231304861	0.14047582231304861	0
0.9696044921875	3193282	0.5174106111430551	0.5211238901430226	0.46286675972717517	31274	0.12282462979279579	0.12282462979279579	0
0.9676513671875	5274746	0.497775510716611	0.4985808996865406	0.47372831362629997	31188	0.09491647530868151	0.09491647530868151	0
0.978271484375	3188648	0.5571143018047228	0.5586846891639773	0.4642577526141511	31598	0.14789818259952026	0.14789818259952026	0
0.9622802734375	2614746	0.434720792044811	0.43572224609978183	0.47159823603757284	31112	0.13560923181063875	0.13560923181063875	0
0.953857421875	2713724	0.5422319567494397	0.5435973827944149	0.4621094976864828	30740	0.13739093812571476	0.13739093812571476	0
0.96142578125	5605090	0.5999456901111798	0.6001757826407705	0.4747285294253456	30778	0.12389488575355674	0.12389488575355674	0
0.9833984375	2951972	0.4929749766578035	0.4939258806582205	0.4644271288446106	31660	0.13142683441666778	0.13142683441666778	0
0.9730224609375	3596634	0.4827068770295053	0.4853990626217122	0.4651448911510722	31152	0.11746008416614934	0.11746008416614934	0
0.9661865234375	2783434	0.5409959236081259	0.542485450515071	0.46591047283759596	30954	0.1369713531151931	0.1369713531151931	0
0.96337890625	2696176	0.4058139448789851	0.4094004412826773	0.4668808977591543	31258	0.10326672791418484	0.10326672791418484	0
0.950439453125	3035574	0.4709875620708017	0.471820270862152	0.470832781177952	30722	0.11448042259538786	0.11448042259538786	0
0.9859619140625	2443678	0.4447394048690551	0.4466889840297223	0.4639327173688837	31618	0.14944506674419036	0.14944506674419036	0
0.98681640625	4302998	0.5044281840221616	0.5051752374681261	0.46988234345286606	31806	0.12926386924758468	0.12926386924758468	0
0.966552734375	4330790	0.5467286034787474	0.547778995361552	0.47274948609577255	30944	0.1094745703638953	0.1094745703638953	0
0.967529296875	2899930	0.4677813301066003	0.4695507645557273	0.46386727720686666	31108	0.1336126406681559	0.1336126406681559	0
0.9796142578125	2640028	0.47936213174808945	0.4803417434496573	0.4638233312187059	31568	0.13715165032146467	0.13715165032146467	0
0.98876953125	2362074	0.47161387017324446	0.47322854799041497	0.46480240402302014	31856	0.1303558433086766	0.1303558433086766	0
0.9683837890625	2881730	0.4710467241273118	0.4751250867867154	0.4638868777580118	30864	0.12219624634747824	0.12219624634747824	0
0.9891357421875	2273706	0.44574083482853727	0.4469563788524172	0.46121960790913236	31816	0.11567794504096053	0.11567794504096053	0
0.9669189453125	3395312	0.4665644099120527	0.4676671653215782	0.4682435322022252	30880	0.11948054215725472	0.11948054215725472	0
0.9539794921875	3606200	0.4739790880219396	0.47465085286948056	0.46063840728630595	30658	0.11695562697146422	0.11695562697146422	0
0.95751953125	2054416	0.45836218540631735	0.4594229828678582	0.45770487859159276	30718	0.15488308146049992	0.15488308146049992	0
0.987548828125	4163058	0.5505795931997572	0.5510372421636685	0.46743364273642735	31358	0.1268721960620465	0.1268721960620465	0
0.99267578125	3327826	0.445236312238599	0.4470362938570563	0.46562141054258904	31870	0.11361306433434326	0.11361306433434326	0
0.979248046875	3480118	0.5438568260801538	0.5433887418155084	0.4703367752146436	31586	0.12668797207641472	0.12668797207641472	0
0.9908447265625	3367706	0.4374292893116163	0.4385636524123866	0.4680181262335663	31864	0.10351205947196773	0.10351205947196773	0
0.981201171875	3750454	0.5289594830196468	0.5280655569390288	0.47215343881384514	31592	0.12736185217342236	0.12736185217342236	0
0.990234375	2579042	0.4486254011632607	0.4509105126613377	0.4603872348781774	31804	0.13482494172212675	0.13482494172212675	0
0.979736328125	3344340	0.4231512881213387	0.4237258766281953	0.47299502514558434	31606	0.10606328000868681	0.10606328000868681	0
0.9713134765625	2594818	0.4307886529314317	0.43220944833755826	0.4654151413138583	31332	0.1299998428474547	0.1299998428474547	0
0.961181640625	2792606	0.4482316539645033	0.4514303892186313	0.4610035923758275	30614	0.13624942517273705	0.13624942517273705	0
0.9893798828125	3397068	0.4643974271818208	0.46702190444393205	0.45617854465624724	31742	0.11042476223388409	0.11042476223388409	0
0.9749755859375	3708306	0.49993867669923003	0.5011687377348126	0.4693946430759584	31336	0.1280862638940023	0.1280862638940023	0
0.9488525390625	3924554	0.5121010085404892	0.5131972338916159	0.4716610353810505	30520	0.13034895969546687	0.13034895969546687	0
0.974609375	2596914	0.4698410540609572	0.4710055037070813	0.46454350432686214	31450	0.15299974230890948	0.15299974230890948	0
0.963134765625	3259348	0.5227402945485179	0.526758261332684	0.4666352523916959	30710	0.11590256072931886	0.11590256072931886	0
0.9801025390625	2867572	0.5058828577197809	0.5083776223180527	0.4671336143474642	31404	0.14158003679292155	0.14158003679292155	0
0.984619140625	4833198	0.5352314025962474	0.5358078449945564	0.47156483300924634	31580	0.11398449044140573	0.11398449044140573	0
0.9931640625	2752174	0.4706185301621464	0.4732777231649423	0.4653894037147797	31790	0.12432387026181364	0.12432387026181364	0
0.9755859375	2628050	0.45499155788286155	0.45682269351038673	0.46538815575813425	31164	0.14528234456350894	0.14528234456350894	0
0.96142578125	2945506	0.488137399175041	0.4912451901312771	0.4663906208812105	30778	0.13566380798362604	0.13566380798362604	0
0.988525390625	2717374	0.5224071815044916	0.5232418079218094	0.459540991226356	31802	0.13818167183814983	0.13818167183814983	0
0.9945068359375	2223262	0.5091021309414977	0.5111682651746119	0.46029068863433037	31722	0.1403988812924533	0.1403988812924533	0
0.980224609375	2609270	0.5059142148236138	0.5082268596631375	0.45141254607466147	31250	0.13833829416448215	0.13833829416448215	0
0.9696044921875	2988996	0.5477337506791093	0.5481660144426003	0.46927673244225776	31152	0.15265526694143824	0.15265526694143824	0
0.9793701171875	4613354	0.5254982012694457	0.5279976826822245	0.4625350598709311	31236	0.10556674333084505	0.10556674333084505	0
0.9779052734375	4253214	0.5477362434851614	0.5476776098203934	0.47306653691053985	31620	0.1279608484075366	0.1279608484075366	0
0.9920654296875	3343180	0.5077777236642294	0.5083306652713406	0.4635959490045591	31912	0.12703063143449525	0.12703063143449525	0
0.998291015625	2878602	0.48801645580249536	0.4887551713190277	0.4681857771135632	32226	0.13898347921206125	0.13898347921206125	0
0.9931640625	3378004	0.48882166745781225	0.49036527619284903	0.46444504471149944	31846	0.11555726341041626	0.11555726341041626	0
0.9969482421875	4430358	0.47491016644108736	0.47761274738703846	0.46700982741868785	31740	0.09516909029681786	0.09516909029681786	0
0.9620361328125	2268790	0.4895932331967778	0.49227949545544014	0.4516560174088153	30668	0.13220858032844585	0.13220858032844585	0
0.987060546875	4311310	0.48600144424802844	0.48984922324415864	0.4694772041232129	31624	0.1072558909747852	0.1072558909747852	0
0.9837646484375	3627032	0.5227847988906172	0.5226398077793242	0.47066702718874026	31720	0.12720424224381668	0.12720424224381668	0
0.9449462890625	3163264	0.5462178919510033	0.5454221016241437	0.4712224749443512	30464	0.14258846614759937	0.14258846614759937	0
0.99853515625	5334226	0.5325139765625833	0.5337084125760111	0.471090075879886	31904	0.11065535486517276	0.11065535486517276	0
0.97265625	3045638	0.37725787019118434	0.37927275894691453	0.470446321233804	31208	0.12560704303447942	0.12560704303447942	0
0.9886474609375	5034986	0.5150930753145652	0.5156371810691417	0.46401134722161347	31652	0.10804484957652992	0.10804484957652992	0
0.9400634765625	2751042	0.49305966876611534	0.4942525863099731	0.46338756811448123	30178	0.12754733045761185	0.12754733045761185	0
0.9857177734375	2788778	0.5729538214309088	0.5743199393533469	0.46777024876418877	31398	0.14299767093392612	0.14299767093392612	0
0.9700927734375	3213988	0.5423342071893152	0.5429572613366905	0.46833127603009	31046	0.13261597247260706	0.13261597247260706	0
0.943603515625	2248010	0.45356948244546064	0.45495336777007794	0.461093132448484	30116	0.14192751923619643	0.14192751923619643	0
0.9903564453125	3601686	0.47829136361506025	0.4791444881448961	0.46689740065842694	31900	0.11971811068291789	0.11971811068291789	0
0.962158203125	3365706	0.580263064633345	0.5798004878131303	0.46956686591367697	30940	0.13337896930183732	0.13337896930183732	0
0.9185791015625	3848776	0.42458341210623907	0.42812983757364487	0.4737499053920886	29392	0.1014804019744564	0.1014804019744564	0
0.97216796875	3413790	0.4546981193741391	0.4570624608795743	0.4635295629138243	31154	0.1329219093526593	0.1329219093526593	0
0.9781494140625	2800980	0.5275366078652084	0.5293526055809236	0.46694605434430136	31234	0.14041031981334293	0.14041031981334293	0
0.9765625	2952520	0.4988829452731384	0.49987381370284784	0.4686941175302622	31524	0.1268558735380604	0.1268558735380604	0
0.9560546875	3362990	0.4451184968796625	0.4458001404831296	0.4700328327552712	30874	0.11438159502969013	0.11438159502969013	0
0.9261474609375	3260798	0.5109744834756271	0.5108840005029784	0.4746869880398179	29824	0.12778498081348405	0.12778498081348405	0
0.9725341796875	3190426	0.47689642325348686	0.4803092104238012	0.46418030628939605	31336	0.11380738794659749	0.11380738794659749	0
0.963623046875	2917958	0.5304749939915436	0.5320193670036594	0.4608951726220669	30784	0.15275312374112338	0.15275312374112338	0
0.96337890625	2481064	0.40972792420059106	0.41155638578670484	0.46599004331301824	30876	0.11595285580868107	0.11595285580868107	0
0.984375	2728242	0.42534772801765636	0.42862406535826064	0.4546440371108704	31400	0.1258563343247722	0.1258563343247722	0
0.998779296875	4966086	0.5221610742097661	0.5235771996538078	0.465056755775421	31784	0.10986598880900256	0.10986598880900256	0
0.9801025390625	2266480	0.5063399897947204	0.507828367333633	0.4573912586920275	31282	0.15874735974026752	0.15874735974026752	0
0.989501953125	3643556	0.4536348502336694	0.45477003994336185	0.4764267110997645	31934	0.1270965340777852	0.1270965340777852	0
0.8800048828125	2780850	0.4781996958711187	0.4778841654975088	0.4688990053438531	28430	0.11923898735873195	0.11923898735873195	0
0.98291015625	2958552	0.4728154414112029	0.4734812244584335	0.4692281822398104	31774	0.12410834972862611	0.12410834972862611	0
0.9691162109375	3372504	0.4548794897632351	0.45721459727064206	0.4604996312188669	31216	0.1174297335300024	0.1174297335300024	0
0.955078125	2177766	0.4888830642444608	0.4921284002052211	0.4588082807954534	30496	0.14977334426499297	0.14977334426499297	0
0.978759765625	2639282	0.5200043424334526	0.5207695896157489	0.46017937872995146	31462	0.13356540088955654	0.13356540088955654	0
0.98876953125	2617414	0.4378346786759721	0.44009545105467857	0.46415327419115004	31842	0.1276302792440592	0.1276302792440592	0
0.9859619140625	3832020	0.523088427567675	0.5245883281448	0.46423487567620775	31704	0.1365698812982823	0.1365698812982823	0
0.960205078125	2952166	0.5368600845619991	0.5374314719542151	0.4669356302494749	30554	0.13305956247995188	0.13305956247995188	0
0.9412841796875	4143066	0.5640461735768844	0.5646957196837459	0.47099243992731027	30222	0.12178712441591781	0.12178712441591781	0
0.9600830078125	2848860	0.4944323789144926	0.4952704373265214	0.4664347240968249	30646	0.12948224348246842	0.12948224348246842	0
0.9786376953125	2701900	0.5248058151904326	0.5248320208192204	0.462720059416569	30852	0.13425273828284842	0.13425273828284842	0
0.982666015625	2101316	0.45137821466161726	0.45563223413320797	0.4547132558948979	30890	0.13640521077268355	0.13640521077268355	0
0.95654296875	3714276	0.4958939393893816	0.49647228364776336	0.4676891977510614	30722	0.11177221145566564	0.11177221145566564	0
0.997314453125	3206682	0.5081715858890581	0.5091313747156118	0.46113419328470906	31864	0.12260866214449297	0.12260866214449297	0
0.9827880859375	4296560	0.6048650739184395	0.6060315131051406	0.47090972339922943	31494	0.12191601942935504	0.12191601942935504	0
0.970947265625	2247698	0.4949777618972966	0.49559148892930227	0.4611210299500046	31024	0.16534602949921293	0.16534602949921293	0
0.940185546875	2749438	0.4374365234929689	0.43781213093553456	0.46492343445723155	30008	0.12744798498809262	0.12744798498809262	0
0.9864501953125	2130050	0.426779780595746	0.42895068565960864	0.45291761695121124	31158	0.13365264853053885	0.13365264853053885	0
0.9671630859375	2919246	0.498532679579108	0.4984573429158157	0.47374154269246177	31004	0.13486404690839446	0.13486404690839446	0
0.9918212890625	3725344	0.5292223931146995	0.5312092774021684	0.46034140006686597	31642	0.13730991060391215	0.13730991060391215	0
0.9876708984375	3966974	0.49942645212250625	0.5016011407396438	0.47205676386231016	31492	0.11026667329383011	0.11026667329383011	0
1.0	3437620	0.4919261449475128	0.4944252453091507	0.46629087486467813	31966	0.11819968637613032	0.11819968637613032	0
0.9781494140625	2972910	0.47307768079920814	0.47480705966635756	0.462327191943547	31476	0.12239690988951968	0.12239690988951968	0
0.9566650390625	3030414	0.5231709807851742	0.5239026755735351	0.4642072261736221	30466	0.12621739461570394	0.12621739461570394	0
0.9852294921875	2520370	0.4252543670022859	0.4279522486621414	0.45830150566896505	31438	0.13543789179707919	0.13543789179707919	0
0.9827880859375	2496178	0.5399811717847235	0.541642105750192	0.4569141852241934	31282	0.15069853371433137	0.15069853371433137	0
0.943603515625	3904858	0.5622649392023982	0.5641378291080358	0.46883447733695666	30422	0.13509585772628074	0.13509585772628074	0
0.99609375	4449036	0.5481881574078423	0.5492975212441188	0.4610304899998654	31688	0.1362110817455078	0.1362110817455078	0
0.984375	2243170	0.46255100135586463	0.4665181522541137	0.46380702360539033	31496	0.13029321764763824	0.13029321764763824	0
0.9716796875	3302548	0.5276274019888442	0.5287678357233433	0.46791587501300613	31318	0.12983192965581725	0.12983192965581725	0
0.9700927734375	4136778	0.4689913066081128	0.4710888773702329	0.46591811234511343	31116	0.11495644097167407	0.11495644097167407	0
0.9688720703125	3709248	0.5882100060633333	0.5886963497564296	0.4698704444171267	31262	0.1349241651860318	0.1349241651860318	0
0.9974365234375	3438828	0.45018472286131067	0.4519845597905113	0.4661738707822925	32104	0.11266768231008477	0.11266768231008477	0
0.9923095703125	2825650	0.41335624763395035	0.4163414534830428	0.4602193078854668	31978	0.10518131950158112	0.10518131950158112	0
0.9951171875	2272414	0.386721757917221	0.3891997235346829	0.4524161517212851	31454	0.1306325281576485	0.1306325281576485	0
0.989501953125	2250124	0.4601636607413824	0.4623863328566625	0.4584294646006617	32000	0.1303864521231413	0.1303864521231413	0
0.988525390625	3322174	0.5070834720821304	0.5078777488851657	0.46699772189420746	32072	0.12746852389180924	0.12746852389180924	0
0.9652099609375	3060336	0.5175601227246671	0.5176874762011396	0.4666588883972245	31160	0.1327784913071147	0.1327784913071147	0
0.9688720703125	5451424	0.588092225464448	0.590216824527489	0.46776832169893817	31326	0.12345392288975311	0.12345392288975311	0
0.91064453125	2763102	0.5032155368760154	0.5036711228589634	0.4636886423086462	29470	0.1392584476981626	0.1392584476981626	0
0.9862060546875	1959554	0.4430714841072821	0.44494625439242114	0.4550958445580857	31546	0.13548663698941235	0.13548663698941235	0
0.94677734375	4667502	0.4963894093982375	0.4972159921463015	0.4707596153118647	30342	0.10757299972380839	0.10757299972380839	0
0.9539794921875	3255842	0.484691444895587	0.4866234354254025	0.4709593358451616	30730	0.13295149822434596	0.13295149822434596	0
0.9969482421875	4498042	0.49415876685412213	0.49644663377311277	0.4636391242644342	31766	0.10654832212406314	0.10654832212406314	0
0.993896484375	2718746	0.4696863695403304	0.47369049074599373	0.4623986117109105	31520	0.12389272094431426	0.12389272094431426	0
0.9805908203125	3699036	0.5844618382330767	0.5848873839118839	0.4704260437145286	31812	0.11988306166477776	0.11988306166477776	0
0.9796142578125	3843568	0.524885182587938	0.5259786421089825	0.4660905795782834	31546	0.12108589334913555	0.12108589334913555	0
0.9891357421875	2019516	0.45919314054667676	0.46078732526173627	0.45610584962965617	31758	0.1393203723481208	0.1393203723481208	0
0.949462890625	2142628	0.48772563895490734	0.4884720562366825	0.4669676773262063	30594	0.1527535870595179	0.1527535870595179	0
0.973876953125	3575858	0.5709197234202353	0.5731585355852807	0.4604121162750787	30710	0.11522784828934772	0.11522784828934772	0
0.9537353515625	3056868	0.5355722035480454	0.5360641926067662	0.45712731289957304	30506	0.11995836963810326	0.11995836963810326	0
0.9698486328125	2907886	0.5332048554283181	0.5344626895308956	0.4665487286364176	31128	0.14545058052259893	0.14545058052259893	0
0.9534912109375	3770252	0.5417416677268693	0.5425178738819011	0.4692944458975203	30766	0.13145995103521652	0.13145995103521652	0
0.9927978515625	3997922	0.4658479383868725	0.4679287367440587	0.4601531133544006	31640	0.11058839582369229	0.11058839582369229	0
0.980712890625	3160012	0.5236094884724162	0.5248451627875846	0.46213473234012126	31234	0.1450580156384923	0.1450580156384923	0
0.9739990234375	4098480	0.5314666364744681	0.5328867929970088	0.46482304337831426	31022	0.12256436941193954	0.12256436941193954	0
0.9842529296875	2111938	0.4181511111273856	0.4220150968829554	0.4534277874330381	31306	0.13722034055896806	0.13722034055896806	0
0.991455078125	2543174	0.3994007262311394	0.4023628574788578	0.4598872790370024	31646	0.10253625003309681	0.10253625003309681	0
0.9893798828125	3975630	0.47831621669053753	0.47977603998543694	0.46591052395853105	31844	0.11517337227002604	0.11517337227002604	0
0.9903564453125	2166390	0.49612307256493304	0.49799012146068805	0.45795592073310404	31878	0.14729636747785205	0.14729636747785205	0
0.9691162109375	2918718	0.5142715877481744	0.5152846047428765	0.4610040290171285	31104	0.14537188744523413	0.14537188744523413	0
0.992431640625	2274758	0.46313558557125206	0.465217480892225	0.4579405252370321	31942	0.13397451063392027	0.13397451063392027	0
0.9873046875	2633956	0.46258276260538816	0.46349862471610276	0.4647643181197083	31794	0.12170047143028934	0.12170047143028934	0
0.9512939453125	2626762	0.46484586273833234	0.4675263451454444	0.46205203340757106	30568	0.12387412231635826	0.12387412231635826	0
0.99560546875	3721006	0.5236967647551788	0.5246326536681218	0.46623674675854376	32062	0.12369938802070916	0.12369938802070916	0
0.994873046875	4100510	0.4685796995408273	0.468712180017486	0.47199463608457526	31984	0.10227147509691742	0.10227147509691742	0
0.96875	2397138	0.4984183625541276	0.49969103249332464	0.4635189804887727	31166	0.1386650748306608	0.1386650748306608	0
0.988037109375	3192626	0.48813236539520116	0.48829034002329563	0.4677961409128591	31876	0.11165277187352933	0.11165277187352933	0
0.989013671875	3507918	0.5448479242598404	0.5471256971555002	0.4685881607659761	31662	0.1320933113086522	0.1320933113086522	0
0.9759521484375	4056216	0.5498706098406511	0.5498578123440993	0.4728387423926071	31144	0.1311733632979277	0.1311733632979277	0
0.9820556640625	2237502	0.5171086090579896	0.5191879401255425	0.4601863963203782	31442	0.1440323480944622	0.1440323480944622	0
0.9835205078125	3317038	0.5218377670480743	0.5229577783273478	0.4637983979160445	31704	0.11840495921527122	0.11840495921527122	0
0.9647216796875	3465138	0.4662281251311032	0.4677287271198596	0.4677643609638426	31032	0.11860121604702421	0.11860121604702421	0
0.998046875	3201822	0.4751935914772994	0.4762961682187412	0.46868131051322565	32024	0.12727440392444664	0.12727440392444664	0
0.949951171875	2403556	0.5219615722857501	0.522472057649554	0.4646574685765675	30526	0.1386766243235504	0.1386766243235504	0
0.9580078125	2517138	0.533228602633655	0.5336906733764903	0.468230288421791	30728	0.15230353452943712	0.15230353452943712	0
0.982177734375	3329320	0.4903387148010583	0.490872677508387	0.4677992799880475	31646	0.12964154877723413	0.12964154877723413	0
0.9774169921875	2996490	0.4502552662198556	0.45122472565622546	0.46779254350651495	31256	0.11970822743728406	0.11970822743728406	0
0.9510498046875	2707084	0.4794755861449051	0.4805058590398353	0.4686594745041197	30158	0.12763211298508392	0.12763211298508392	0
0.9730224609375	2090912	0.4999423413358866	0.5010540005396832	0.46394290671710575	31414	0.1489502668750191	0.1489502668750191	0
0.9580078125	2064574	0.43414311235684644	0.4377055562947287	0.46226356021334186	30690	0.13132568346232779	0.13132568346232779	0
0.960205078125	3933468	0.4587573686636774	0.4593580354403532	0.4731350614341196	31022	0.12331856104397171	0.12331856104397171	0
0.970458984375	2896310	0.5318640896803607	0.5321296228153315	0.4666028915364889	31206	0.1549941980857235	0.1549941980857235	0
0.916259765625	2543358	0.5071066789276573	0.5079936709250625	0.46699209556346305	29462	0.12275175956715088	0.12275175956715088	0
0.9896240234375	3265442	0.5107489844833273	0.5135700074555104	0.46200053638342226	31834	0.11914138220933033	0.11914138220933033	0
0.994873046875	5139044	0.5717021960983454	0.5718254842673333	0.468675152791378	31892	0.10894251039934626	0.10894251039934626	0
0.986572265625	3181488	0.4744811303821983	0.477967062186097	0.4594364731225669	31584	0.12424945561632865	0.12424945561632865	0
0.9698486328125	4305556	0.5531751928199462	0.5536382833360051	0.4727694425224471	31324	0.11862953437584424	0.11862953437584424	0
0.978515625	4214544	0.5517159441090788	0.5517211439229533	0.47110932924656473	31354	0.13177498427771814	0.13177498427771814	0
0.982666015625	4047648	0.5386471216442447	0.5403212244011592	0.46539323655206083	31478	0.11474657350282047	0.11474657350282047	0
0.9361572265625	3727824	0.5424754113790112	0.5432535203541835	0.4741754974394276	30290	0.12312456100093165	0.12312456100093165	0
0.98583984375	3379732	0.5498800762158657	0.5497006226028501	0.4715482623758258	31910	0.1262150452330159	0.1262150452330159	0
0.9930419921875	2664134	0.4886807334932015	0.4889477791547945	0.46805036802199146	32192	0.12186116276653314	0.12186116276653314	0
0.98876953125	5014742	0.4919094982916074	0.4921031640006534	0.4726998439427255	31876	0.08878528845670851	0.08878528845670851	0
0.93603515625	2749942	0.4004313583904693	0.40186904951436864	0.4710977282591196	30170	0.12054988308839687	0.12054988308839687	0
0.9969482421875	3546748	0.5253452528062128	0.525908008631719	0.4690817509299563	32008	0.12199284526277536	0.12199284526277536	0
0.9967041015625	3863136	0.477947010462922	0.47903772731654004	0.465919262393077	31970	0.11691834055752742	0.11691834055752742	0
0.963623046875	2804374	0.4542077819534029	0.45571827183133656	0.46958647539704396	30938	0.11391431728560275	0.11391431728560275	0
0.98486328125	3225388	0.5258397753493865	0.5279417581298445	0.4685391672299297	31580	0.1309971160279255	0.1309971160279255	0
0.94189453125	3326962	0.49717182599097365	0.49874289661945453	0.4652412445803155	30198	0.12571297162455622	0.12571297162455622	0
0.95263671875	2682634	0.5407810702101793	0.5424956723759742	0.459109699654428	30514	0.14297685732884105	0.14297685732884105	0
0.9368896484375	2748108	0.5193144082723959	0.5197017199192581	0.4678619787666554	30316	0.14056231156227586	0.14056231156227586	0
0.9454345703125	2460908	0.4330941833531638	0.43531957578230274	0.4696659907297304	30246	0.13265211721037928	0.13265211721037928	0
0.9622802734375	2961804	0.5021977521964159	0.5025310871967804	0.4624611862036301	31034	0.14561401621211145	0.14561401621211145	0
0.99658203125	3002092	0.4563780547315687	0.4567220323917595	0.46727496526973306	32028	0.12013197058763521	0.12013197058763521	0
0.9298095703125	2853732	0.4378709603410987	0.4391720238825782	0.4681056170508154	29738	0.11603582557775986	0.11603582557775986	0
0.982177734375	3640936	0.5516869016650058	0.5533540062838337	0.45841980448036385	31318	0.15498746775992603	0.15498746775992603	0
0.9921875	4514498	0.5704448908168792	0.5705902173840234	0.4742861722456932	31934	0.12541791409276723	0.12541791409276723	0
0.98876953125	3330378	0.4790290607004968	0.48365262849584595	0.4665256031934919	31578	0.12230768383974794	0.12230768383974794	0
0.982666015625	4603200	0.5426480196842113	0.5436694418121588	0.469650007352552	31594	0.10962210557115565	0.10962210557115565	0
0.985595703125	3468186	0.44057950203521523	0.4429876877782544	0.4664329430285479	31292	0.11931794300210259	0.11931794300210259	0
0.955078125	3132736	0.4834518910630543	0.4845641120610334	0.4673893239734334	30322	0.11485002107876552	0.11485002107876552	0
0.9671630859375	3020260	0.4697442466657846	0.4719402503417136	0.45799514996266066	30596	0.12924937541007445	0.12924937541007445	0
0.9903564453125	3585932	0.45000057595578524	0.452577248136854	0.4689108799603967	31756	0.12072137569901038	0.12072137569901038	0
0.980712890625	2299346	0.42527346584878845	0.4279468008067991	0.45744610070601555	31578	0.14467768243207893	0.14467768243207893	0
0.984130859375	2645722	0.4643553725136971	0.4673830146980776	0.4578597223102219	31574	0.1272254775895096	0.1272254775895096	0
0.9906005859375	3253362	0.5137870108285532	0.5151105974861875	0.46056481756947737	31426	0.14183097588288837	0.14183097588288837	0
0.939208984375	2370356	0.40387699874905003	0.40784380820713834	0.4618954005721638	30244	0.13336576784097467	0.13336576784097467	0
0.9793701171875	2452824	0.515966428738163	0.5174356069211472	0.4555019000047326	31302	0.14666563570747954	0.14666563570747954	0
0.9864501953125	2258806	0.45907860045135496	0.4610866704070507	0.4631061354721595	31558	0.1565041366710169	0.1565041366710169	0
0.978515625	3311014	0.4874540830641992	0.49001121757842375	0.45805048537971227	31098	0.11855160103693851	0.11855160103693851	0
0.964599609375	2984576	0.5199825341899117	0.5208907576492484	0.45979913813211826	30808	0.13516306937467673	0.13516306937467673	0
0.9808349609375	4709856	0.5258563792655063	0.525659387454272	0.46904491036110857	31326	0.11604404895622288	0.11604404895622288	0
0.9952392578125	4185876	0.526857534318703	0.5297594200608627	0.46903871961897314	32094	0.11323574480462513	0.11323574480462513	0
0.939453125	2455710	0.4712913648746333	0.47270321335547233	0.46320443526761007	30184	0.1197156595832158	0.1197156595832158	0
0.992919921875	3350128	0.4561337935137182	0.4564279625954464	0.4646479319734342	31862	0.12968827039285255	0.12968827039285255	0
0.97412109375	2392628	0.4620012136469467	0.46466824247592897	0.4623667493312414	31378	0.13777045090384263	0.13777045090384263	0
0.9881591796875	4773898	0.5473490779012534	0.5473515120083144	0.46763206338313523	31802	0.11423843796865703	0.11423843796865703	0
0.9459228515625	1691158	0.44126795465228724	0.44243453899698043	0.4562799551942311	30276	0.14915070599744787	0.14915070599744787	0
0.990478515625	3441984	0.5265523226310526	0.528148734557896	0.4645558032985555	31688	0.12590004709987648	0.12590004709987648	0
0.9884033203125	3193658	0.519262849353346	0.5204096344402042	0.4621533867142147	31372	0.1266490588124762	0.1266490588124762	0
0.976806640625	2549652	0.4114870731225617	0.4110930912791279	0.462986145985223	31296	0.12275310560850634	0.12275310560850634	0
0.9744873046875	2064116	0.45991016753604713	0.46164705180508014	0.4510595208917186	30986	0.15673487286008794	0.15673487286008794	0
0.9912109375	3471586	0.4888111345283023	0.4906357716685099	0.4624283593791172	31704	0.11415304180828934	0.11415304180828934	0
0.966796875	2640406	0.49102319950630685	0.4918251371598006	0.4662172766781823	31026	0.12900859368274092	0.12900859368274092	0
0.9676513671875	3162734	0.4427977859138701	0.4457505914805564	0.46822403488037967	31068	0.12153460840342302	0.12153460840342302	0
0.9891357421875	4033294	0.5784744082778485	0.579106647648848	0.45576208860760814	31594	0.12659406650528396	0.12659406650528396	0
0.939697265625	3394060	0.4767191526862015	0.48129695502433484	0.46874778138417383	30088	0.12746580334713056	0.12746580334713056	0
0.99658203125	3658994	0.4383197045463618	0.44032473946020434	0.46653502301188127	32006	0.09840208812377198	0.09840208812377198	0
0.98583984375	3166748	0.5638828611283899	0.5652697910013066	0.4622648035053349	31318	0.12890469289093245	0.12890469289093245	0
0.9815673828125	1901998	0.4189645391015993	0.42244027359309144	0.45486746891757174	31342	0.14503075739433527	0.14503075739433527	0
0.9912109375	2667570	0.4906818611444126	0.4927087397922422	0.46620379158627645	31738	0.11858290026863022	0.11858290026863022	0
0.9874267578125	3391748	0.5018456840949977	0.5043938281368516	0.46408702075121044	31590	0.12241781539929171	0.12241781539929171	0
0.990234375	3792302	0.5401508214161949	0.5412418508408873	0.4600667402471971	31506	0.11741351358920323	0.11741351358920323	0
0.962158203125	3118566	0.44415814862608555	0.44642958467843497	0.45983995369674396	30078	0.12849365903021645	0.12849365903021645	0
0.979736328125	2537120	0.43404297783287565	0.43394278017111615	0.46382416589253067	31342	0.1377875440778317	0.1377875440778317	0
0.993896484375	3615826	0.49681617804796496	0.49798684547514016	0.46957841667736727	31926	0.10303944607630633	0.10303944607630633	0
0.9915771484375	2607966	0.4493179909858636	0.4526239885689636	0.45222666935313655	31594	0.1240713371142733	0.1240713371142733	0
0.9365234375	4034598	0.5041727745082312	0.504630930687412	0.47599372540116186	30264	0.11075142550044816	0.11075142550044816	0
0.9696044921875	2682134	0.42500536960681723	0.42940217814316356	0.45902271008265855	30920	0.11978612275443302	0.11978612275443302	0
0.99755859375	3130564	0.4461550367582803	0.4500422081704769	0.46807909997905717	32120	0.11576037801626497	0.11576037801626497	0
0.929931640625	2925172	0.39814575828077703	0.39939923495912727	0.4632876072645429	29592	0.11781046884586177	0.11781046884586177	0
0.9970703125	4081160	0.5771737128696336	0.5783005781275592	0.4667415660695748	31938	0.1304869730381657	0.1304869730381657	0
0.9620361328125	2820794	0.4587037798658314	0.46147269954994696	0.46332494419637144	30942	0.11148503513024823	0.11148503513024823	0
0.9686279296875	3169616	0.4690896321319202	0.46996664009449834	0.4717281365684706	31348	0.12982625712247484	0.12982625712247484	0
0.998046875	4094078	0.4875413679161229	0.49060454821949256	0.46714060534379503	31938	0.11911970712025073	0.11911970712025073	0
0.96630859375	2968816	0.46557454970381523	0.4694810815231299	0.4636870780971656	31082	0.11334303386725487	0.11334303386725487	0
0.959228515625	5469920	0.5872601024963042	0.5867692807822458	0.4760673003286646	30896	0.11574456991082177	0.11574456991082177	0
0.9622802734375	4018524	0.4738920390779828	0.4756739092205376	0.45488876664982075	30664	0.10882022577255372	0.10882022577255372	0
0.989990234375	4052368	0.5349818369501586	0.5362484899324089	0.46982438679248895	31676	0.11384911436885455	0.11384911436885455	0
0.985595703125	2590648	0.4378027330726111	0.44224676387022943	0.45775289819095405	31720	0.1300488851809479	0.1300488851809479	0
0.96728515625	2978040	0.49180460965581063	0.49337859654804855	0.46202500329265156	31192	0.12883078410441787	0.12883078410441787	0
0.9964599609375	2433540	0.35812677331445536	0.35961372773477507	0.45857798435542146	31962	0.1214317526704341	0.1214317526704341	0
0.9923095703125	4445828	0.5771273745499413	0.5791450950032629	0.4692970442922766	32004	0.12496895217450915	0.12496895217450915	0
0.9835205078125	2651336	0.4519692086710485	0.4539107420457537	0.4623196325494044	31778	0.11039485675820271	0.11039485675820271	0
0.9813232421875	2704784	0.5383450970532805	0.5392856631215502	0.4611981905508857	31496	0.1427687633294626	0.1427687633294626	0
0.8680419921875	2058054	0.47932388943786547	0.48049464382167145	0.4671167585854756	28010	0.1420486318787614	0.1420486318787614	0
0.958251953125	3626358	0.5508493875468642	0.5526787255950403	0.4707846970281882	30822	0.13408963162101012	0.13408963162101012	0
0.9893798828125	2558164	0.5263012044132601	0.5282636178548479	0.45964582770665746	31712	0.12430044161987215	0.12430044161987215	0
0.9927978515625	3642568	0.47100212011211084	0.4745161792636085	0.46337040967616705	31804	0.12130853239196422	0.12130853239196422	0
0.97705078125	4397434	0.5639142342218403	0.5634988327388267	0.47118940702143125	31320	0.11839662599639554	0.11839662599639554	0
0.9501953125	4735308	0.5255825634878363	0.5258718175983118	0.47252530048306357	30468	0.10250919241664243	0.10250919241664243	0
0.989013671875	2016246	0.3991161534056566	0.40015814763397767	0.46330112320515	31704	0.12953395095454243	0.12953395095454243	0
0.973388671875	4115242	0.5294057928268984	0.5316480980827666	0.4655911114755334	31232	0.1130782496470496	0.1130782496470496	0
0.9908447265625	3734952	0.46945514922687925	0.4721879284803015	0.4643971088147139	31586	0.108700592008672	0.108700592008672	0
0.9615478515625	3488844	0.5310852169970779	0.5327214492189243	0.47271465288181075	30902	0.128223550106677	0.128223550106677	0
0.95458984375	2956742	0.5158490458054966	0.5169502834863203	0.46823992208979925	30626	0.12510736095056565	0.12510736095056565	0
0.961181640625	2555718	0.5134609455935802	0.5156853701275211	0.46600890868457984	30514	0.14915915473853844	0.14915915473853844	0
0.8790283203125	5107000	0.5682849575258989	0.5688226695779267	0.4734128366322717	27768	0.12336967579198481	0.12336967579198481	0
0.892578125	3105682	0.542924288205922	0.5422949507721136	0.46814023787055287	28678	0.1338517507797761	0.1338517507797761	0
0.9417724609375	2782060	0.4116075484773379	0.4124756632575613	0.4720135296845261	30576	0.1225634048470688	0.1225634048470688	0
0.989501953125	3696464	0.48560100465690215	0.48737512953603895	0.47134351436801564	31754	0.11213317746961095	0.11213317746961095	0
0.96875	2308238	0.49916558309849335	0.49980157333107167	0.46247205071180186	30970	0.12860998788953876	0.12860998788953876	0
0.9888916015625	3922716	0.5368150860536562	0.5372938579146724	0.4622540085913273	31942	0.11881138074797466	0.11881138074797466	0
0.9837646484375	4862394	0.49965646315486295	0.5003225674095125	0.4764097563517593	31710	0.12095470016448352	0.12095470016448352	0
0.981201171875	4379088	0.578249267217645	0.5791219711630922	0.46572007333117366	31434	0.12032971733040781	0.12032971733040781	0
0.97314453125	2382032	0.48877026405928437	0.49044275290083533	0.45145992043015776	31108	0.14064132792499376	0.14064132792499376	0
0.9716796875	3865518	0.5016268505735378	0.5021723392766255	0.46868825374390594	31374	0.13249892307539268	0.13249892307539268	0
0.97705078125	2651292	0.4053052334959995	0.4062096638921026	0.4687622007797326	31294	0.11613905093177042	0.11613905093177042	0
0.900146484375	3159724	0.5407779740711478	0.5401774544378197	0.47527072612573235	29064	0.11683373339742616	0.11683373339742616	0
0.9881591796875	4011600	0.5332407273014041	0.5352693046064674	0.4675084120552322	31646	0.12010306390075665	0.12010306390075665	0
0.93115234375	2698706	0.5079384164050305	0.5080593119689019	0.4730659232261715	29900	0.1347337018616845	0.1347337018616845	0
0.99609375	3373738	0.4712636147691229	0.47174253907569436	0.4573829642083414	31698	0.1211060835026569	0.1211060835026569	0
0.98828125	3232642	0.41229923978093147	0.41458770092491265	0.4617707869890411	31734	0.11865842550258805	0.11865842550258805	0
0.9886474609375	2584388	0.5633047469998432	0.5637912027112215	0.463720232649433	31910	0.15972140309702054	0.15972140309702054	0
0.9898681640625	2650986	0.4904799115537166	0.4920429779027708	0.4608776913027581	31870	0.13760158134222208	0.13760158134222208	0
0.99267578125	2802396	0.4701366299033878	0.470507474812276	0.4681731992837881	32060	0.10881998251339249	0.10881998251339249	0
0.9453125	2821198	0.4985181432423251	0.5003171391560989	0.46779895883928707	30526	0.12879491703072718	0.12879491703072718	0
0.9632568359375	2702222	0.5224026841868153	0.524309752535724	0.46574520816266035	31090	0.13942556221440516	0.13942556221440516	0
0.9915771484375	2550108	0.4644480625350375	0.4674694499768781	0.45923863647842494	31614	0.1267656260108197	0.1267656260108197	0
0.9818115234375	3645946	0.4502939797756929	0.45005284910813975	0.4641465692631386	31470	0.11439950823606075	0.11439950823606075	0
0.98193359375	2091004	0.4778316764449446	0.48088334262023474	0.4561886659344181	31480	0.15287421515232333	0.15287421515232333	0
0.9180908203125	2983080	0.4827683776597036	0.4850966421893883	0.46532385523444114	29300	0.11938238698500277	0.11938238698500277	0
0.976806640625	3363124	0.5190811652557418	0.5200833325167711	0.4693357599769968	31376	0.13481656830631372	0.13481656830631372	0
0.9549560546875	6307396	0.6296398877281242	0.6296621578465503	0.4728850492266751	30674	0.11686295621965927	0.11686295621965927	0
0.98388671875	3426448	0.4174582282238943	0.4214190842371657	0.46792128792430865	31496	0.10543692568115537	0.10543692568115537	0
0.960693359375	2400442	0.44316963827017436	0.4460611919661213	0.46148269453937285	30772	0.1350289508220353	0.1350289508220353	0
0.987060546875	3750804	0.5123165755523049	0.5140794877357115	0.4630385069484291	31510	0.12955505579246554	0.12955505579246554	0
0.99169921875	3436720	0.45418923212172774	0.45635711915854077	0.46616538189999623	31716	0.11010263325325836	0.11010263325325836	0
0.9791259765625	5608422	0.5325391279041799	0.5328694623418865	0.4734375232246834	31568	0.11007925486774765	0.11007925486774765	0
0.98779296875	4012832	0.46885480041008837	0.47163140548193905	0.4723708951778931	31858	0.10853475623673385	0.10853475623673385	0
0.969482421875	3733932	0.4612784999302027	0.4638706939176569	0.47097060075144315	31150	0.13142584066532914	0.13142584066532914	0
0.9871826171875	3168112	0.5266738771272107	0.527422828657525	0.4622988765553115	31750	0.1298672575014032	0.1298672575014032	0
