Utilization	Connections(A2A)	Lvl1TraffRatio(A2A)	Lvl1TraffRatioNoIndirect(A2A)	RatioIndirect(A2A)	Connections(AR)	Lvl1TraffRatio(AR)	Lvl1TraffRatioNoIndirect(AR)	RatioIndirect(AR)
0.9193030153237766	2097752	0.5954543618837577	0.5957767804098484	0.3913379721434054	27148	0.12964670964727903	0.12964670964727903	0
0.9604547701433515	1381560	0.4853620613436293	0.4856787811488465	0.35374901949075227	27972	0.09097996400067286	0.09097996400067286	0
0.9516806722689075	1010180	0.4400567421077528	0.448537354968743	0.365389080991428	28006	0.12161865381958414	0.12161865381958414	0
0.940064260998517	1126730	0.5082249886847405	0.5111144349875384	0.3353626959897995	26254	0.13659287324833866	0.13659287324833866	0
0.9332674246169056	1867658	0.5867463580929148	0.5892866218749407	0.3761653170920345	27410	0.13673167717214837	0.13673167717214837	0
0.9500741473059812	1284640	0.4353467056506925	0.44384117508749	0.3776582538646412	28324	0.11659339004441971	0.11659339004441971	0
0.9435244686109738	1316676	0.4752990626168358	0.47556247730253304	0.36045009359676977	27332	0.10793881700717572	0.10793881700717572	0
0.8608502224419179	1532986	0.44328837052585685	0.4487885593879601	0.4175335906169761	26872	0.1336342831123033	0.1336342831123033	0
0.944142362827484	918620	0.45837484325114186	0.4689169521468593	0.3466887905030378	26388	0.107842323488556	0.107842323488556	0
0.9160899653979239	1631586	0.49437801367029044	0.5012332754624683	0.38643857031838963	26740	0.12278651880186221	0.12278651880186221	0
0.9128769154720712	1802280	0.5879792469322662	0.5924094202151514	0.3824549063566289	26864	0.1332010117776826	0.1332010117776826	0
0.8907563025210083	1650584	0.4452150217403623	0.45534454353843445	0.40571265565499354	26938	0.11574472131587865	0.11574472131587865	0
0.8693771626297577	2393972	0.6141654859659559	0.6145707616474595	0.4161088503412332	26532	0.1083202124812569	0.1083202124812569	0
0.9531636183885319	2601108	0.5585715440587052	0.5589029078484377	0.38553445712235623	28212	0.1107662887668122	0.1107662887668122	0
0.9581067721206129	1549286	0.5046261346374509	0.5082409785012556	0.35897190030408893	27476	0.12844589123209052	0.12844589123209052	0
0.9524221453287197	2538120	0.573298170375874	0.5773655841660043	0.3661327237159899	27250	0.10290690013475325	0.10290690013475325	0
0.9762728620860108	957258	0.4650337609474067	0.47484725804591815	0.34095951523901946	27210	0.11224564325525903	0.11224564325525903	0
0.9228868017795353	1858980	0.5948058030246339	0.5944487633047181	0.3783201312102707	27006	0.12590021986632155	0.12590021986632155	0
0.9424122590212556	1910864	0.4607896716068169	0.46790007563438657	0.38740754931038185	27498	0.09804663884795574	0.09804663884795574	0
0.8299555116164112	1374370	0.5228744879631974	0.5257889208245278	0.4139719057615323	25818	0.14659045809062324	0.14659045809062324	0
0.962926347009392	887988	0.4345365462035488	0.4503117634774869	0.3543994580153107	27272	0.10151974447489152	0.10151974447489152	0
0.7810182896688087	1942102	0.5037635638519662	0.5047950750598328	0.4253905797255469	24170	0.16436056393572593	0.16436056393572593	0
0.9143598615916955	1562142	0.48885524257400176	0.49389124514651844	0.3853536375981121	27202	0.12997004244101554	0.12997004244101554	0
0.8449085516559565	1863712	0.4675097819556993	0.47495129316249546	0.42463636747310723	26166	0.12182493563784273	0.12182493563784273	0
0.9506920415224913	2330146	0.6350405858678067	0.6354439726524125	0.35770069691549433	27098	0.15848948844412122	0.15848948844412122	0
0.9432773109243697	1135026	0.41280389493749287	0.4241042130397327	0.35330700762189626	26010	0.0904365412224698	0.0904365412224698	0
0.9154720711814137	1415874	0.48550158046648867	0.49193500068969614	0.3748816132109738	27198	0.11404371460857259	0.11404371460857259	0
0.9149777558082056	1882168	0.49502631002386477	0.4971074407740658	0.378113000981865	26466	0.08314164880023929	0.08314164880023929	0
0.958353929807217	2380792	0.6105997301931158	0.6125936539607543	0.4023214113302465	29408	0.13176447991986648	0.13176447991986648	0
0.9215274345032131	1607066	0.5043840348390342	0.5067761052867105	0.38110512189871404	27620	0.0999925984355066	0.0999925984355066	0
0.9197973306969847	2954450	0.5758609127551292	0.5765475928774649	0.4073343952215385	28028	0.10530077996602207	0.10530077996602207	0
0.9453781512605042	1320668	0.5000229826606651	0.5077804560919928	0.3777434432723958	28614	0.1617733367968096	0.1617733367968096	0
0.9387048937221948	1788766	0.4828745439880107	0.4891993512108042	0.3816539264211003	27700	0.09697606855267316	0.09697606855267316	0
0.9269649036085023	2398354	0.5841704495201862	0.5866059016186087	0.3604446329668196	26064	0.09886029295547517	0.09886029295547517	0
0.9230103806228374	1817800	0.6126698113837171	0.6115665872537682	0.3703215327327163	26332	0.14539534529973605	0.14539534529973605	0
0.9235046959960455	2908360	0.5612797791328709	0.561970340039558	0.3911830589755058	27754	0.08088586937228238	0.08088586937228238	0
0.9064508156203658	1262352	0.4355921563625293	0.44341078499301045	0.38211001563391916	26678	0.09587087263656402	0.09587087263656402	0
0.9515570934256056	1829458	0.4942193212665984	0.49683063643972697	0.3779320646320237	28144	0.12268240099168311	0.12268240099168311	0
0.884453781512605	2245402	0.587749827637753	0.5884719270496178	0.4166238585346503	27282	0.1359071269711858	0.1359071269711858	0
0.8486159169550174	1606914	0.490047517296407	0.49536499275515417	0.41151834479641475	26074	0.16853012121022445	0.16853012121022445	0
0.782501235788433	1714598	0.4962998010765778	0.5021209337148255	0.41850775455760564	24314	0.13638923890157514	0.13638923890157514	0
0.8917449332674247	1454320	0.4373516396772789	0.444526071212978	0.3765408424462789	25532	0.10297897478370364	0.10297897478370364	0
0.9683638161146811	979140	0.4657149385426167	0.4752119619432391	0.3629365247011118	29010	0.11823626426168828	0.11823626426168828	0
0.9320316361838853	1249974	0.4946173493845871	0.49848172201451196	0.3689410699202771	27398	0.1321229961777283	0.1321229961777283	0
0.9567474048442907	1361286	0.5193288272903374	0.5216930513575139	0.36817545063208007	28152	0.15381300389990632	0.15381300389990632	0
0.9157192288680178	1426876	0.4664378824297299	0.4735659952021516	0.37743083035658936	27018	0.11428736010295952	0.11428736010295952	0
0.8751853682649531	2052380	0.5143949162200084	0.5176474089863939	0.4078774523915691	26938	0.11470959597354041	0.11470959597354041	0
0.9246169055857637	1894850	0.581180102009433	0.589166239434395	0.38609755576699273	27132	0.11754837965020992	0.11754837965020992	0
0.9691052891744933	1543456	0.45608346667068816	0.4619617017539385	0.368336018933383	28628	0.10494618952346578	0.10494618952346578	0
0.8848245180425112	3267924	0.6367759927085516	0.6369786784359992	0.4082296864272958	26382	0.10985054623904351	0.10985054623904351	0
0.9048442906574394	1875822	0.49618937282863956	0.49829059293229844	0.40378186359626506	27508	0.10155404874706019	0.10155404874706019	0
0.8645575877409788	2041892	0.5086223410494136	0.511402080374553	0.40801905779448955	26656	0.09910165293520985	0.09910165293520985	0
0.8231586752347998	1703962	0.6052038870240571	0.6095410393140949	0.4024236002163342	24268	0.14915969839837065	0.14915969839837065	0
0.930177953534355	2147520	0.49975596950432305	0.5028268065624338	0.3927806619213365	27456	0.07676599964802565	0.07676599964802565	0
0.7423381117152743	998058	0.3438155671616956	0.35298527649515116	0.39019016384321686	21552	0.08084252742785004	0.08084252742785004	0
0.9366040533860603	1496578	0.4714400298821462	0.48010359810502345	0.35473879342512116	25326	0.11267580731607414	0.11267580731607414	0
0.9039792387543253	1424072	0.486644661232763	0.48593361540017915	0.367548402257901	26678	0.10312575761603228	0.10312575761603228	0
0.8324270884824518	1848540	0.4898641874487823	0.4947659062524686	0.41942182795945215	25982	0.11390056132552205	0.11390056132552205	0
0.9269649036085023	1813196	0.47616817804146705	0.48038916815593535	0.3781085339480015	27146	0.10742104908928267	0.10742104908928267	0
0.9469846762234305	944990	0.47699737875983433	0.4827893491522289	0.3443195412113747	27130	0.09927893249234697	0.09927893249234697	0
0.8106772120612951	1360974	0.47424328262235355	0.4808182839718564	0.40984971359482775	25278	0.1760830620558127	0.1760830620558127	0
0.9201680672268908	2245166	0.49403276804380414	0.49523564666529535	0.4070831466905194	27924	0.10318879086788606	0.10318879086788606	0
0.9183143845773604	1084930	0.4517081386557698	0.46068340226958315	0.36456963331836234	26704	0.09763552614236302	0.09763552614236302	0
0.8399653979238755	1800216	0.4935947002542543	0.4973070199320327	0.4206802605389864	26290	0.12384636348459828	0.12384636348459828	0
0.9338853188334157	1370738	0.45317561694537517	0.46109833127072286	0.38418072845007495	28044	0.09987743002310617	0.09987743002310617	0
0.7764458724666337	4379136	0.6417495021433254	0.642331090807647	0.4583165954343955	24644	0.11307442592726757	0.11307442592726757	0
0.9576124567474048	1157346	0.47558833995412386	0.4828976036583887	0.3478422353275157	26484	0.13311064745639586	0.13311064745639586	0
0.9746663371230845	918114	0.49132497160760336	0.5004482040009917	0.3369140119778579	27766	0.12255084793275489	0.12255084793275489	0
0.9430301532377657	1673688	0.4818841368514161	0.4846921672159203	0.389631533613062	28142	0.11108026627109295	0.11108026627109295	0
0.879387048937222	2226732	0.5492853831630454	0.5526344218828109	0.4055956439941874	27564	0.14566365541794832	0.14566365541794832	0
0.921280276816609	1587550	0.47969206444382406	0.48487070526928444	0.37913837983763127	27134	0.11799711933871766	0.11799711933871766	0
0.9543994068215521	2127836	0.6141146909397568	0.6148187907901177	0.3685152571871911	27822	0.13473880792603263	0.13473880792603263	0
0.879387048937222	1313742	0.41946906943608137	0.42909579093787403	0.3955724545367225	27118	0.12230188887492138	0.12230188887492138	0
0.9372219476025705	2230770	0.5819196261821377	0.5891912936602284	0.367593207328151	26766	0.1390647607567393	0.1390647607567393	0
0.8106772120612951	3389656	0.6481299831445549	0.6488774476786485	0.4440742297509685	25630	0.11379541094457048	0.11379541094457048	0
0.9568709836875927	1194722	0.44290424973497733	0.4540182204344923	0.3654330631677782	27468	0.10686906898984783	0.10686906898984783	0
0.9296836381611469	2243098	0.596646144101277	0.6015978019560771	0.3651724499797675	26726	0.12127071996405266	0.12127071996405266	0
0.9577360355907069	1253384	0.46421579440444694	0.474576472076659	0.36494813715545077	27540	0.12959491841121626	0.12959491841121626	0
0.8604794859120118	1232154	0.42415228121285353	0.43413403272379636	0.3912346672885851	26218	0.1263373270144008	0.1263373270144008	0
0.9196737518536826	2535680	0.5874553195647786	0.5904539806135339	0.39593992655950805	27124	0.1094835612526509	0.1094835612526509	0
0.8557834898665349	1242010	0.4442210572329984	0.45318161037119314	0.3990727363690518	26010	0.14371953579954228	0.14371953579954228	0
0.833292140385566	1811354	0.6054062279350675	0.6097919788035958	0.4003533931459955	24846	0.13633020930154968	0.13633020930154968	0
0.9578596144340089	1003558	0.47016457106054355	0.47618494341659345	0.35629249693780557	27988	0.12361946140091057	0.12361946140091057	0
0.9542758279782502	3003204	0.6161191500747111	0.6165923360828537	0.3943132934419395	29092	0.10190202777360634	0.10190202777360634	0
0.8594908551655956	1228932	0.5149571418156585	0.5182934297629372	0.37754361508357825	24842	0.15998365094602027	0.15998365094602027	0
0.9497034107760751	2588470	0.5967296744547562	0.5981693509532624	0.38764055660836383	28200	0.1266205588502383	0.1266205588502383	0
0.9176964903608502	1631290	0.5137969396954979	0.5146922794067856	0.38812018701621526	28316	0.11299606565514632	0.11299606565514632	0
0.8525704399406822	3194326	0.5830025456263892	0.583448095955985	0.4155650328036052	25422	0.09489007284304107	0.09489007284304107	0
0.8173504695996046	1313150	0.41478392846835166	0.4201733094916043	0.4091513480194469	25480	0.11891161412776112	0.11891161412776112	0
0.8919920909540286	2142260	0.49920168859509156	0.5009506893571057	0.3965018777845635	26636	0.07620501651936891	0.07620501651936891	0
0.9123826000988631	2555988	0.5940072850466006	0.5943303130599591	0.38020206136635765	26478	0.12932155499096595	0.12932155499096595	0
0.9215274345032131	2872952	0.6131009246520847	0.6157553888260129	0.39524947304326585	27428	0.11764765552706911	0.11764765552706911	0
0.8954522985664854	1581550	0.47207171898180794	0.4777498645288516	0.3884006755485951	26958	0.08857559126401925	0.08857559126401925	0
0.9194265941670786	1340556	0.4527743912452679	0.46000226764243884	0.3934292967036263	28770	0.1263311370385502	0.1263311370385502	0
0.9311665842807711	1315344	0.5491224566552715	0.5490356548719076	0.3566841618727308	26554	0.1441534218599633	0.1441534218599633	0
0.8891497775580821	1906028	0.582736167385155	0.5897431116757201	0.3980035453061875	26434	0.12302999895439563	0.12302999895439563	0
0.9478497281265448	1292484	0.5159230743659255	0.5170895095632198	0.35018989326705774	27562	0.13419505815993998	0.13419505815993998	0
0.8876668314384577	1601696	0.49070813474369235	0.4976865789890041	0.38673124272953885	26196	0.10513017345154511	0.10513017345154511	0
0.9718240237271379	1444780	0.4922155776040849	0.49286499370805403	0.3647088996940637	28774	0.10605392624283662	0.10605392624283662	0
0.9070687098368759	1675194	0.49056625638614887	0.4957306511696857	0.3989538727639712	27824	0.11567622588297688	0.11567622588297688	0
0.9456253089471083	1827442	0.5816238819087074	0.5887772478892291	0.3741043812675182	27632	0.10858168999704625	0.10858168999704625	0
0.8386060306475531	3214316	0.5733990889635756	0.5741639352310377	0.4385430922824889	26508	0.1022203815713585	0.1022203815713585	0
0.9571181413741967	1791584	0.5107201805584115	0.5121855802063479	0.3849157873264076	28990	0.1028107632250264	0.1028107632250264	0
0.8645575877409788	2217930	0.4963320232818111	0.49777495538079	0.4155798577016528	26554	0.08242412157586686	0.08242412157586686	0
0.9174493326742461	2482206	0.6123603043340131	0.613133367132789	0.37870511273872354	27148	0.13177381391314605	0.13177381391314605	0
0.9148541769649036	2828754	0.6272909219742738	0.6269334138333112	0.39084787873917476	27346	0.10966769382994196	0.10966769382994196	0
0.9558823529411765	1262582	0.42776998626154555	0.4423755154382311	0.3600343574893438	27410	0.08674874811096732	0.08674874811096732	0
0.9115175481957489	1838812	0.4995786356624519	0.5012778353155383	0.3903027826900333	26790	0.11798823663115256	0.11798823663115256	0
0.9069451309935739	1448862	0.5024626937903366	0.5036484704135543	0.3760994269762779	26532	0.13391745431231802	0.13391745431231802	0
0.8746910528917449	2133094	0.5046874421373806	0.5065003017704983	0.4146786638049805	26826	0.12444337632223022	0.12444337632223022	0
0.9317844784972813	1411786	0.4626975700784994	0.4671659136191318	0.37846727096507243	27352	0.12021917245703079	0.12021917245703079	0
0.9480968858131488	1251772	0.4862204487879041	0.48884995194096037	0.3603486410628906	27476	0.14450024270447978	0.14450024270447978	0
0.9307958477508651	1159240	0.4280233012096272	0.4400836854317012	0.37056811422326813	27288	0.10252741818769452	0.10252741818769452	0
0.9508156203657934	3560656	0.6272540071265549	0.6284540126990735	0.4011611741819521	28300	0.13559482244360593	0.13559482244360593	0
0.9506920415224913	914616	0.49886372636842363	0.5090604972949316	0.33260053858884336	26530	0.13109258272558336	0.13109258272558336	0
0.8790163124073158	2826208	0.5786692646268713	0.5796934580940427	0.39807567063167965	26614	0.09121786463278858	0.09121786463278858	0
0.9011369253583786	1156834	0.46684091880597184	0.47207793962276295	0.37469845578141125	27082	0.12386208800433963	0.12386208800433963	0
0.9561295106277805	1274064	0.4830264227883758	0.4831864967019402	0.3650133781108189	28240	0.1314673767477404	0.1314673767477404	0
0.8944636678200693	1282046	0.43334609415112674	0.44191676708675964	0.40261776900481894	27640	0.13100076411551043	0.13100076411551043	0
0.9543994068215521	1395744	0.4849179281272266	0.487748676937841	0.3420298778803492	26840	0.11637669580381123	0.11637669580381123	0
0.9321552150271873	2551102	0.582363680254532	0.5870649694946003	0.3850326339726809	27478	0.13873359580688202	0.13873359580688202	0
0.8895205140879882	1842162	0.5071377429447363	0.5100354342891887	0.3870260572019661	25820	0.10995688707321123	0.10995688707321123	0
0.9375926841324765	1222470	0.4531536880179512	0.46424201679849725	0.37258506730079577	27314	0.13227171428682236	0.13227171428682236	0
0.7577854671280277	983210	0.48994548487517653	0.49119405901366675	0.39386444663815284	22962	0.13368686917576333	0.13368686917576333	0
0.9043499752842313	1301854	0.42818952280191697	0.43845439965437283	0.3960081470473525	27350	0.13710521948935728	0.13710521948935728	0
0.9419179436480475	1507782	0.5649423445355507	0.5681884702836218	0.3674448268167138	27210	0.13162762724027963	0.13162762724027963	0
0.8650519031141868	1604334	0.41997971217579994	0.42726254695056337	0.4078231344435537	26578	0.0987363138983816	0.0987363138983816	0
0.9175729115175482	1853258	0.5827729104849931	0.5887563477737084	0.3839183618992769	26958	0.1412083832892253	0.1412083832892253	0
0.9765200197726149	917686	0.45050530432836916	0.46142043993947285	0.3546250584766086	28500	0.1157200886280834	0.1157200886280834	0
0.8906327236777064	1479860	0.44454018683008134	0.45285220789396563	0.38388727947843754	26024	0.09732385587347235	0.09732385587347235	0
0.9387048937221948	3101200	0.6265940343754652	0.6282945194406787	0.3908967057831778	27170	0.12328015565431212	0.12328015565431212	0
0.9316608996539792	2922506	0.5783304641915222	0.5782469068799284	0.4017249452194072	28098	0.09801776740878083	0.09801776740878083	0
0.9482204646564508	1256678	0.5275065414179231	0.5282456190322651	0.3528635653435474	27754	0.13810556028165985	0.13810556028165985	0
0.9181908057340583	3020046	0.6169604438592371	0.6171783717791874	0.4048676025898697	27610	0.12399553126406197	0.12399553126406197	0
0.8351458230350963	2526420	0.6215826195632553	0.6204618096989106	0.4227528051998515	25230	0.15903470537346495	0.15903470537346495	0
0.8350222441917944	1578186	0.43710378372662145	0.44604526151915896	0.416293628456288	25416	0.12825537314558658	0.12825537314558658	0
0.7958477508650519	1573676	0.3933527260385821	0.4027218886317258	0.4264051911014343	24608	0.10082210190243852	0.10082210190243852	0
0.9461196243203164	1272672	0.4952807728409217	0.502687623406945	0.3625301247009581	27040	0.11223997427648802	0.11223997427648802	0
0.921774592189817	1208396	0.427549544228641	0.4351406330932544	0.3736254532925399	27354	0.11091725742224279	0.11091725742224279	0
0.9530400395452299	2521470	0.5852388778665369	0.5890542944220137	0.37362419941665054	28122	0.09442955068034048	0.09442955068034048	0
0.8798813643104301	3008540	0.55505718097734	0.555338588747298	0.4081865153521387	26200	0.08692107650054559	0.08692107650054559	0
0.9357390014829461	1537822	0.4619773017569793	0.4662557084189745	0.3695122058157148	27492	0.09632110334858529	0.09632110334858529	0
0.9653979238754326	1186164	0.46022374712970743	0.46390219116948744	0.340962395607	26896	0.11162572770868016	0.11162572770868016	0
0.9267177459218982	1551592	0.5103252371414272	0.5118128611996269	0.3633153234319442	26562	0.12327743020679151	0.12327743020679151	0
0.9581067721206129	938022	0.4455690437036273	0.4569200907638773	0.34837899565125424	27716	0.09520884671917758	0.09520884671917758	0
0.8979238754325259	1760852	0.4735176222893645	0.48148194763946406	0.38956776037118496	26838	0.10008909713243208	0.10008909713243208	0
0.9000247157686604	1572162	0.5139417325507326	0.5172571105389198	0.39346220095902656	27396	0.11544306774913926	0.11544306774913926	0
0.9207859614434009	2408402	0.6496845009425435	0.6496829023668539	0.3928385311699388	27008	0.1557198103287448	0.1557198103287448	0
0.957983193277311	887952	0.47918364246981276	0.486220011185726	0.33568860988003574	26500	0.13012683253710775	0.13012683253710775	0
0.8979238754325259	1504522	0.47087658357928114	0.4778342291973414	0.3651813005280847	25190	0.12719598187665218	0.12719598187665218	0
0.8340336134453782	2121880	0.6183354972489687	0.6208338748233944	0.4267581104706168	25810	0.14947317854282063	0.14947317854282063	0
0.9268413247652002	1620014	0.4691193181725966	0.47488681984167885	0.38547124118555054	27662	0.11313828463426558	0.11313828463426558	0
0.8341571922886801	3102594	0.6419331821134234	0.6425560637782971	0.4288753159962935	25690	0.13552250921192377	0.13552250921192377	0
0.9598368759268413	1163698	0.46975107732625615	0.4767988665084492	0.36109613831475285	27732	0.12020987238659277	0.12020987238659277	0
0.8819822046465645	1775956	0.5050103643840119	0.5061884599655978	0.37986006010649415	25708	0.09909798022549828	0.09909798022549828	0
0.9472318339100346	1771020	0.4901721576377751	0.4946914350359144	0.372541262319954	27534	0.10697670533417293	0.10697670533417293	0
0.8593672763222936	1286652	0.4678525199034709	0.4750864005771269	0.4005604250010369	25906	0.13790639133975988	0.13790639133975988	0
0.9577360355907069	2568392	0.5927138021500604	0.5954290508168488	0.37654117214874394	28082	0.11795109761194256	0.11795109761194256	0
0.9147305981216016	1411824	0.4713015743810738	0.47282720587020766	0.36323794973053963	25844	0.15623236273195026	0.15623236273195026	0
0.9322787938704894	2822298	0.5840020508798605	0.5866563006593503	0.38929263720936214	28126	0.11065063482164737	0.11065063482164737	0
0.9294364804745427	1514172	0.5008171113649863	0.5027577415714214	0.3723531893560448	26952	0.15093818434644132	0.15093818434644132	0
0.9747899159663865	966342	0.4580053916098852	0.4698374819411886	0.36504426571843007	28432	0.11677072509648033	0.11677072509648033	0
0.9651507661888284	1348154	0.5086383297756173	0.5112942745554903	0.36384825525664977	28654	0.14876506728078362	0.14876506728078362	0
0.8779041028175977	1660360	0.45735832913857705	0.46401481171270903	0.40559153543154985	27130	0.10362432657626212	0.10362432657626212	0
0.9007661888284726	1541464	0.4776312287582327	0.4818058952087714	0.3971573867074159	27482	0.1255342891406432	0.1255342891406432	0
0.8502224419179436	1894442	0.49850423739870103	0.5004775302714509	0.41338969001169873	26076	0.1294245648329749	0.1294245648329749	0
0.9331438457736035	1378012	0.4834215451123973	0.49194664083332085	0.381975842294414	28438	0.10874494220965554	0.10874494220965554	0
0.8613445378151261	2453546	0.619150947237885	0.6209182718778076	0.41500198524612525	26368	0.09837934380390928	0.09837934380390928	0
0.8363816114681166	1559204	0.49120374007417494	0.49624131716241093	0.41077626918263777	25396	0.14304390558725605	0.14304390558725605	0
0.9413000494315373	2478918	0.5788021210724721	0.5804921002597095	0.37553206731421956	27630	0.13528957327825844	0.13528957327825844	0
0.8466386554621849	1463722	0.48867917402393024	0.49382120619275477	0.40126855302408776	25678	0.13841235462794685	0.13841235462794685	0
0.8172268907563025	3134372	0.5770238011205494	0.5775040504350761	0.43713174381107706	26036	0.09740093835658932	0.09740093835658932	0
0.9410528917449332	3095226	0.6297734387592374	0.6297423459817915	0.4018925270798936	28376	0.1273031204388468	0.1273031204388468	0
0.9479733069698467	2593792	0.5746509355375541	0.5811537219641106	0.3831668298351887	27928	0.10653912082821289	0.10653912082821289	0
0.8944636678200693	1015872	0.379286909850943	0.3920282632919114	0.3900172883216863	27520	0.09378147968905393	0.09378147968905393	0
0.8592436974789917	1226714	0.4432259263720093	0.4510193954188093	0.40492283849532357	26608	0.12901587873270723	0.12901587873270723	0
0.953781512605042	870680	0.44417336002126956	0.4604576814023207	0.3369709578004672	25946	0.11432538677182008	0.11432538677182008	0
0.9730598121601581	1031724	0.4825451127290388	0.49096858315624137	0.34963769718589394	27398	0.12947701757189448	0.12947701757189448	0
0.8252595155709342	2729992	0.5817383361271588	0.5825499184992425	0.44757385562304375	25924	0.16428090966100437	0.16428090966100437	0
0.962679189322788	1427136	0.4820734951960283	0.48488894714607783	0.3453330331719558	27044	0.11471751297460352	0.11471751297460352	0
0.9335145823035096	1154102	0.46936504226308284	0.47674223708269436	0.3438073079462092	25252	0.12765809646025408	0.12765809646025408	0
0.8963173504695996	3506964	0.6393356639182071	0.6406438869431141	0.41609919508160204	26780	0.11363313861761794	0.11363313861761794	0
0.9459960454770143	2290808	0.6076876086392183	0.6088407541271275	0.3624828208094016	27090	0.13210394866983588	0.13210394866983588	0
0.916707859614434	2306642	0.5536456628841276	0.5603693464360336	0.3862615924584109	27434	0.12405404697251467	0.12405404697251467	0
0.9623084527928819	1047944	0.4776017127481309	0.48361758426759405	0.3514665350673604	27870	0.12967555448574172	0.12967555448574172	0
0.9259762728620861	1535296	0.5771537108477937	0.5821443108533497	0.36712392135330174	26246	0.1271700756970142	0.1271700756970142	0
0.935121107266436	1534604	0.4579178624210866	0.46622766107685165	0.3811920866628235	27468	0.1009174219219355	0.1009174219219355	0
0.9672516065249629	2513654	0.5708453674130111	0.5772097759785098	0.37763164178056857	28644	0.10845032643932818	0.10845032643932818	0
0.9530400395452299	1879712	0.48562537565640246	0.4866084462371263	0.3846091019074163	28296	0.10424481481156085	0.10424481481156085	0
0.9290657439446367	1983118	0.5952732757591209	0.5952881934179958	0.38434032836992843	27320	0.11133220730976708	0.11133220730976708	0
0.9694760257043994	929104	0.4589362565192121	0.46763709909646156	0.3426304176390264	27084	0.11504417887176582	0.11504417887176582	0
0.9372219476025705	1596744	0.46704815553600126	0.4759592690699557	0.3760711204088203	27626	0.0793804605257775	0.0793804605257775	0
0.9154720711814137	1848040	0.5526546978438777	0.5541549564160496	0.38112781332850404	27266	0.12326380834315193	0.12326380834315193	0
0.9552644587246664	869796	0.46870633839273057	0.4805907883504335	0.3434482341916598	26332	0.13214852683539083	0.13214852683539083	0
0.8776569451309936	1145202	0.4347686250658919	0.44694477744321204	0.3758579368286125	24858	0.12612901463485357	0.12612901463485357	0
0.9581067721206129	937546	0.514018326794041	0.5204759997541891	0.34267030626054945	27044	0.14046599452323716	0.14046599452323716	0
0.9054621848739496	1728976	0.5497944722129765	0.5501985251870397	0.3721572312092179	25578	0.1523686102704748	0.1523686102704748	0
0.8895205140879882	2675806	0.5840996172904342	0.5858523571892197	0.4251700990378821	27742	0.12402600789803954	0.12402600789803954	0
0.8069698467622343	3270974	0.5011712901779819	0.5063400826382654	0.4439323351791142	24922	0.10969877310957421	0.10969877310957421	0
0.8741967375185369	1500110	0.49993048092135406	0.5007717625481053	0.4006136921422471	26818	0.1499943014069043	0.1499943014069043	0
0.9589718240237272	1223220	0.45482277564438317	0.46419408412428037	0.35614307060394873	27364	0.09638459827454408	0.09638459827454408	0
0.8788927335640139	1440874	0.5084802135254316	0.5100178566426827	0.3625190345470579	24940	0.12398777813182349	0.12398777813182349	0
0.9377162629757786	1362736	0.4861953360512416	0.4858420506666446	0.3673013347743587	28056	0.11116337847745981	0.11116337847745981	0
0.9452545724172021	1236222	0.44681698897884964	0.4545441154197001	0.36253640792588654	26806	0.09758752629958585	0.09758752629958585	0
0.8722194760257044	2377674	0.6028172397265347	0.6029730113986161	0.423351716331992	26640	0.1247853748464628	0.1247853748464628	0
0.8667820069204153	1152522	0.4243914292501527	0.43553039274049704	0.37777098486981703	25490	0.12162311421801393	0.12162311421801393	0
0.8295847750865052	1743570	0.5919865338208827	0.6003220550542038	0.4020769563805877	24956	0.13698403346612997	0.13698403346612997	0
0.814755313890262	2260822	0.5566188702210382	0.5619214123089273	0.4353428820308473	25516	0.1962889703042894	0.1962889703042894	0
0.8178447849728127	1277668	0.49577704534780564	0.4982116362541748	0.39840733021076224	25194	0.14732315516836703	0.14732315516836703	0
0.962926347009392	913172	0.43305152822112425	0.443494730928383	0.34042915917441285	26854	0.1045359630370787	0.1045359630370787	0
0.9092931290163124	2446892	0.5928471348396077	0.5969145766556655	0.3704592227032411	26538	0.11441498095999912	0.11441498095999912	0
0.8940929312901631	1319608	0.47363801418095647	0.48051240089061703	0.3811060259731165	25854	0.11121561198235319	0.11121561198235319	0
0.9038556599110232	1330580	0.5150386319161503	0.5198929117655745	0.37428285818803536	26860	0.17000133477425694	0.17000133477425694	0
0.9321552150271873	1458338	0.4811004620444251	0.48465303074353533	0.36434189848190107	26464	0.12442265851470664	0.12442265851470664	0
0.9773850716757291	920940	0.5616827976707862	0.5680909437770628	0.3449898471074058	27916	0.22893166870200335	0.22893166870200335	0
0.8837123084527929	1680496	0.4940171744349074	0.49523405286669697	0.4029480706730025	26876	0.13980199952123884	0.13980199952123884	0
0.935615422639644	1502362	0.527671398865812	0.5317721383194741	0.3616898456350777	26888	0.13853077900739247	0.13853077900739247	0
0.89817103311913	1956532	0.5474091053662428	0.5537325694442071	0.39368123308681663	26302	0.09707742987350375	0.09707742987350375	0
0.9361097380128522	1886404	0.4965314961696203	0.501134405150738	0.3779684549130993	26776	0.10124289048051811	0.10124289048051811	0
0.9207859614434009	2774860	0.5873859020196844	0.5890157714402066	0.39098878330714587	27400	0.11372844406014364	0.11372844406014364	0
0.9102817597627286	1335284	0.46219872036388404	0.47132612051340167	0.383368225103266	26266	0.10647370008267476	0.10647370008267476	0
0.9438952051408799	2261098	0.5681737915889421	0.5708582257252933	0.3704658926868099	27330	0.1334950759429693	0.1334950759429693	0
0.9310430054374691	1532380	0.5378283440487701	0.544174460073518	0.3800358784973699	27722	0.12032691011922736	0.12032691011922736	0
0.8303262481463174	1554656	0.46455307253809064	0.47012257313422406	0.4196409487249501	25632	0.156699879753698	0.156699879753698	0
0.8891497775580821	1489196	0.46730388906357506	0.47598326080931663	0.3909901456661667	25968	0.1355250272515493	0.1355250272515493	0
0.921774592189817	2964378	0.6428674477547608	0.6435173737794239	0.3893421371887407	27142	0.13614515075073116	0.13614515075073116	0
0.8929807217004448	1823740	0.49233807319068096	0.4953887776957633	0.39920770507249453	27256	0.11668207958213121	0.11668207958213121	0
0.9039792387543253	2315966	0.5780818346715036	0.5829637303736236	0.37089503451146705	25998	0.11973480162963668	0.11973480162963668	0
0.8572664359861591	2202366	0.472658381990753	0.47302039730870454	0.42924695405580593	27242	0.08493149340337412	0.08493149340337412	0
0.9647800296589224	1251664	0.48163423537305333	0.4810369357973446	0.32742699046492235	27062	0.08080003739251622	0.08080003739251622	0
0.9406821552150272	1895232	0.5067229661281482	0.505254071008911	0.3897758785188629	27958	0.12046260294513	0.12046260294513	0
0.89817103311913	1267958	0.4562991578999855	0.46312159869941577	0.38802974354356096	27702	0.14020610857472485	0.14020610857472485	0
0.9232575383094415	886270	0.4910486806817623	0.4998301208380315	0.34444402801351637	26700	0.14073433255968568	0.14073433255968568	0
0.9358625803262481	2834782	0.6052233582425303	0.6082636953330108	0.383031433133167	27234	0.13378232462428352	0.13378232462428352	0
0.9086752347998023	2749442	0.5792226042859726	0.5794301009720886	0.3861908947376676	26930	0.09091553892229896	0.09091553892229896	0
0.9126297577854672	1642044	0.4691277656208995	0.475856246272445	0.3875657645531822	27658	0.0931966449894927	0.0931966449894927	0
0.9607019278299556	2630140	0.5806483913850734	0.5813620742755837	0.3840628239515722	29090	0.0993513806743332	0.0993513806743332	0
0.8619624320316361	1853690	0.5746382791306378	0.5848508394676971	0.41330617419964616	26498	0.1442741606509828	0.1442741606509828	0
0.9326495304003954	1542162	0.46109622188470745	0.46832740808791523	0.38688408163053084	27356	0.13176443035845717	0.13176443035845717	0
0.9462432031636184	1346760	0.41776231119171703	0.4275746107515797	0.3792192606271058	27294	0.1040496635284305	0.1040496635284305	0
0.8725902125556104	1564398	0.5215234632069475	0.5227979872909674	0.40263627388311	26942	0.18385235282311163	0.18385235282311163	0
0.9190558576371726	1042268	0.5126347471437986	0.5203135058623306	0.3650267300061563	26834	0.14482247998182987	0.14482247998182987	0
0.9521749876421157	891710	0.45529041129801606	0.4662079494273579	0.34056044642835287	26404	0.11055964279155316	0.11055964279155316	0
0.9023727137913989	1583890	0.443973128317807	0.4536834258346913	0.39506188374491424	27592	0.10304391636818244	0.10304391636818244	0
0.8870489372219477	1962470	0.4952454926621326	0.49957088455708476	0.41648103467097913	27864	0.11019171455941668	0.11019171455941668	0
0.9188086999505685	1561734	0.5075423539631104	0.5088659755466883	0.38108056216476677	27180	0.11168467562659967	0.11168467562659967	0
0.939940682155215	2614230	0.6059585672740078	0.6067233020218445	0.39388637658418574	27546	0.11951141801597409	0.11951141801597409	0
0.9372219476025705	2196754	0.5015786113937877	0.5025328131151069	0.4005968256393934	27766	0.10425100868406313	0.10425100868406313	0
0.8718487394957983	3446700	0.6125860428677559	0.6130169264478772	0.4355115702579644	27186	0.09964791392878146	0.09964791392878146	0
0.898294611962432	2987382	0.5949931222295681	0.5952361852128297	0.4221950365261711	28428	0.10261612416128373	0.10261612416128373	0
0.8923628274839348	1112486	0.422213100652946	0.4336437237632093	0.36943147174206037	25948	0.10313551992045523	0.10313551992045523	0
0.912259021255561	1252384	0.4562275539457452	0.46375621440968423	0.3845380279398491	27002	0.1302329901174323	0.1302329901174323	0
0.9514335145823035	1185358	0.47760398555646266	0.48050730689638194	0.3587510982895661	26936	0.1224237748946605	0.1224237748946605	0
0.8145081562036579	1584740	0.5317281004559471	0.5372337598465337	0.4108567837650566	25016	0.15382319854835264	0.15382319854835264	0
0.9616905585763718	1882654	0.5943895734915183	0.5950872579981059	0.3702372481201755	28238	0.1171775716048279	0.1171775716048279	0
0.8617152743450321	3473724	0.6185455682541392	0.619671073525233	0.43862630737876435	26860	0.10791843392008742	0.10791843392008742	0
0.9691052891744933	1179244	0.47899507708044164	0.48180008748158304	0.33412222593608343	26746	0.12260529229181631	0.12260529229181631	0
0.9476025704399407	1259786	0.5018790202072498	0.5043584965270839	0.34394118472490365	26348	0.12391568212842918	0.12391568212842918	0
0.9095402867029164	1272404	0.4552013210332467	0.46543567289903387	0.35976677280403807	25314	0.11515487209877363	0.11515487209877363	0
0.8585022244191794	1737638	0.396253013945455	0.4073458298924039	0.4152756863591713	25456	0.10873117135246174	0.10873117135246174	0
0.9284478497281266	1307154	0.4857053470312352	0.488567664133313	0.37353587772991914	27398	0.11770236049675102	0.11770236049675102	0
0.962926347009392	1182408	0.4732854279835969	0.4744540736548429	0.32288713103917943	26574	0.08364812477118165	0.08364812477118165	0
0.95365793376174	966308	0.5169986005695234	0.5237478850591393	0.34313721334909847	26602	0.15077660793898748	0.15077660793898748	0
0.9534107760751359	1472220	0.44186417254988664	0.44871896018027996	0.3717502493468326	27964	0.08367488316449596	0.08367488316449596	0
0.9295600593178448	2903540	0.6146555160786767	0.615819955711202	0.38244744229358846	27412	0.10427370745541138	0.10427370745541138	0
0.8201927829955511	2859810	0.58501660213558	0.5855002647875246	0.43941232381473583	25606	0.12743306556647233	0.12743306556647233	0
0.8297083539298072	3784718	0.5892052491916383	0.5924877354183685	0.42970999277299143	25588	0.10709701263598294	0.10709701263598294	0
0.9303015323776569	2344132	0.6025358455457345	0.6082788299320633	0.3807470573144683	27144	0.17126958301681547	0.17126958301681547	0
0.870365793376174	3921166	0.6237441747062639	0.624910914778838	0.429258356194169	27622	0.10132896819282687	0.10132896819282687	0
0.9298072170044488	1467944	0.489629657483912	0.4960146671039544	0.3796994487133441	27630	0.10959207596240804	0.10959207596240804	0
0.9598368759268413	2622332	0.585280421307661	0.588225026716627	0.3896515314199424	29048	0.1187750058480463	0.1187750058480463	0
0.7810182896688087	4288542	0.6093122726401189	0.6100216100993109	0.45221036027302614	24686	0.08357492977270836	0.08357492977270836	0
0.9085516559565002	2848952	0.583822134522555	0.5849139159467588	0.38739929849750726	26636	0.09446068203546243	0.09446068203546243	0
0.9700939199209095	2247110	0.6033404276474714	0.6059546896867766	0.3443355811493373	27356	0.13102885951935797	0.13102885951935797	0
0.8729609490855166	1290390	0.4724514568546409	0.47896797395129553	0.38954676060074256	26368	0.1263250004997854	0.1263250004997854	0
0.9681166584280771	1545116	0.4452628117861153	0.4548721272238489	0.36248234114399974	27952	0.08823653265455687	0.08823653265455687	0
0.9395699456253089	2989626	0.5644379989525116	0.5647100236264372	0.4123342755344314	28796	0.11204070183539211	0.11204070183539211	0
0.957983193277311	1338336	0.499658739717269	0.50913858425577	0.3679868684041034	27796	0.12384409934833991	0.12384409934833991	0
0.9829461196243203	931412	0.46008981317382264	0.47334095802244036	0.3458795299083148	28144	0.11796862677448104	0.11796862677448104	0
0.8772862086010875	1372452	0.5095979109405904	0.5102621722380162	0.39600259705077656	26792	0.14496241956592243	0.14496241956592243	0
0.9446366782006921	1021544	0.4911966073052987	0.49995240873365354	0.3579956200946341	27590	0.11368311551826195	0.11368311551826195	0
0.9256055363321799	1460416	0.46448409411100794	0.4752535852655592	0.3681475141208504	26172	0.11321841273783229	0.11321841273783229	0
0.925729115175482	1885068	0.6097841347162657	0.6103851254977443	0.3681746050667431	26052	0.1469230462080295	0.1469230462080295	0
0.9252347998022739	1803200	0.47676662763381694	0.4855184525613834	0.36312728154433876	26166	0.05922200151290852	0.05922200151290852	0
0.9414236282748394	924696	0.46991591883281497	0.4801155358142794	0.340935819205249	26126	0.13026304478834352	0.13026304478834352	0
0.9401878398418191	1380490	0.48347641157563165	0.4836186851985569	0.3505765996015993	27054	0.10662264619264607	0.10662264619264607	0
0.9199209095402867	1369824	0.4934702695085737	0.49530878267228834	0.36001972559339235	26766	0.12003203936677635	0.12003203936677635	0
0.9268413247652002	1501708	0.5079881084465835	0.5090981389017862	0.3517148241129764	26176	0.1523686825265508	0.1523686825265508	0
0.9169550173010381	2651886	0.5883255719729472	0.5906276571172681	0.3994395493956999	27760	0.11887460819947265	0.11887460819947265	0
0.9556351952545724	1166794	0.43628112921381174	0.4468933382989894	0.355823308221411	26900	0.10515424025024028	0.10515424025024028	0
0.9474789915966386	2438576	0.5681446760739784	0.5715169007902099	0.37438642177529263	28184	0.11456204739675373	0.11456204739675373	0
0.9494562530894711	1960300	0.5927395268138468	0.5932824722501662	0.37675201960862065	26662	0.15019081417368416	0.15019081417368416	0
0.9116411270390509	1404418	0.48783520599563907	0.4911788731075651	0.3638542140579099	26968	0.12401102212150746	0.12401102212150746	0
0.8944636678200693	1598076	0.47705903963714763	0.4841058117112175	0.38998514651401867	26544	0.1228757729913441	0.1228757729913441	0
0.958353929807217	1079574	0.42205745598483996	0.4302972645146472	0.34815937637858396	27270	0.091736830525654	0.091736830525654	0
0.9763964409293129	1108354	0.4654681010051067	0.4741181656889504	0.3657137822664212	28930	0.1286159221227632	0.1286159221227632	0
0.8482451804251112	2562434	0.6124727488566475	0.6139629431315929	0.43463766948367716	26800	0.13902022883969908	0.13902022883969908	0
0.9233811171527434	2637164	0.5851241874190769	0.5877295987569916	0.389924349060956	27286	0.13949095156471494	0.13949095156471494	0
0.9464903608502224	1386902	0.458562972644021	0.46783212559656673	0.38637219737017764	28374	0.11753478172337128	0.11753478172337128	0
0.9542758279782502	1431520	0.5179571495727323	0.5183877952747421	0.34582937111930384	27352	0.17174831592798903	0.17174831592798903	0
0.9390756302521008	1166332	0.522467929394351	0.5317424971946229	0.3639132185662178	27124	0.15413935026843864	0.15413935026843864	0
0.8947108255066732	1466622	0.4863194928262604	0.49071354914182536	0.3898664254178948	25776	0.14020003874385625	0.14020003874385625	0
0.9042263964409293	1384420	0.4675552179848763	0.4746198510056359	0.371395915463502	26168	0.1044454700875858	0.1044454700875858	0
0.9499505684626792	1373670	0.5120042972755693	0.5193036692178858	0.37113849480885536	28032	0.15531945877573658	0.15531945877573658	0
0.9322787938704894	1569070	0.5110899312818391	0.5153648403937428	0.3690489358780909	27020	0.13128164160179825	0.13128164160179825	0
0.9548937221947602	1217670	0.49374882407362614	0.4977127428384404	0.35727327895494887	28016	0.1091270132185122	0.1091270132185122	0
0.9684873949579832	1247886	0.42732710228001497	0.4421148842256746	0.3627306448803705	27674	0.0825065519371187	0.0825065519371187	0
0.9431537320810677	1540498	0.45680315523177634	0.46283600870505026	0.38608728389023234	28766	0.0876363414572879	0.0876363414572879	0
0.9246169055857637	1073604	0.43851677966566455	0.4493508633316456	0.3899428253802444	27688	0.12810334226576556	0.12810334226576556	0
0.921156697973307	2190446	0.6051727797816363	0.6098645668232912	0.38347235855166345	27468	0.12709022089163285	0.12709022089163285	0
0.9511863568956994	1326986	0.5073151708051341	0.5069346914812669	0.3494078695393619	27874	0.11438777699690583	0.11438777699690583	0
0.939693524468611	1649152	0.4712375047930353	0.4800203760047443	0.38363903029317425	28062	0.09086968201258437	0.09086968201258437	0
0.7790410281759763	904214	0.47537972573955845	0.48454456247495653	0.4074921217447154	23684	0.16064041216302263	0.16064041216302263	0
0.9369747899159664	1004468	0.473867462941431	0.4812026594158216	0.35609449034464685	27598	0.09618509397421822	0.09618509397421822	0
0.9336381611468116	3273260	0.6232196319757648	0.6251168795121749	0.4085169464806284	27780	0.10729385841810823	0.10729385841810823	0
0.9574888779041029	2504226	0.5559124057175493	0.5588198018276981	0.3761040174132911	28362	0.10179292580497772	0.10179292580497772	0
0.9456253089471083	1554358	0.5251709741126811	0.5281297878069464	0.3541504236695752	27602	0.11904990395878638	0.11904990395878638	0
0.9300543746910529	1848764	0.4947580831245057	0.49744847917960494	0.3838599690926683	27342	0.09791173115136113	0.09791173115136113	0
0.9670044488383589	1674942	0.5458213346770823	0.5483762844960175	0.3717129381667786	28262	0.12309817174724584	0.12309817174724584	0
0.9293129016312407	1922704	0.5879964590365231	0.5935170995551989	0.3805219245817703	27262	0.12649867908438853	0.12649867908438853	0
0.9152249134948097	1263868	0.4945328676453931	0.49964521521687644	0.38512694418037846	27150	0.15264544369136548	0.15264544369136548	0
0.9293129016312407	2552296	0.6036156974676017	0.6042665002313687	0.3800582561153613	26348	0.13282691213868544	0.13282691213868544	0
0.8748146317350469	3550714	0.6508456229507792	0.6515361144249798	0.4173907016536043	27118	0.1002799616225341	0.1002799616225341	0
0.916707859614434	1227436	0.4425175658614688	0.45413216534407824	0.3621353107278069	25488	0.13186378566783372	0.13186378566783372	0
0.9020019772614929	2339780	0.586328970179124	0.591141940287116	0.3889615548829311	27086	0.140909492143648	0.140909492143648	0
0.9105289174493327	1520248	0.4580782540437081	0.46484552871606594	0.3816749920061237	26862	0.0939187873057843	0.0939187873057843	0
0.921403855659911	2431492	0.5972092058731505	0.5979954256660469	0.3609282790286408	25960	0.1164985748669804	0.1164985748669804	0
0.9209095402867029	2017300	0.4851330228332456	0.4866602946108789	0.3854139030957418	27182	0.08671658138643072	0.08671658138643072	0
0.9197973306969847	2239330	0.6135985375316818	0.6172355003483804	0.37932495934830435	26780	0.13578030660636028	0.13578030660636028	0
0.8331685615422639	3955486	0.6182608802815232	0.6208835441223819	0.4398938079564507	25736	0.09709038063521531	0.09709038063521531	0
0.9566238260009886	2283108	0.592850982096676	0.5969739208938898	0.37633362019832267	27432	0.1226196392083843	0.1226196392083843	0
0.9463667820069204	1237944	0.4476020885961913	0.4548860197358881	0.3687736820136369	28654	0.09605250252676856	0.09605250252676856	0
0.9569945625308947	1407710	0.5004265209538651	0.5029163081786144	0.3583858499092969	27872	0.12988635143134644	0.12988635143134644	0
0.9541522491349481	974342	0.4906482012618312	0.49706857710761326	0.34028506490354293	27092	0.11906433732087968	0.11906433732087968	0
0.958724666337123	1282846	0.47562088955783377	0.4799039397046947	0.3615793410875219	27760	0.11851325010362619	0.11851325010362619	0
0.9242461690558577	2011760	0.5048533403279828	0.5083449094462978	0.39383162762746515	27084	0.09823820872871981	0.09823820872871981	0
0.9179436480474543	2609106	0.5894151629844208	0.5905666237079633	0.3857469002158454	27406	0.10495862858972131	0.10495862858972131	0
0.9186851211072664	1598628	0.45716956587091123	0.4674553586765957	0.3836502784606694	27230	0.10790217354020648	0.10790217354020648	0
0.8903855659911023	1459332	0.49102306341853147	0.4972114903303055	0.37283714345595736	25384	0.1814454446106699	0.1814454446106699	0
0.8771626297577855	2881646	0.5663486521531892	0.567402766790191	0.4140991548487441	27302	0.07586227580944471	0.07586227580944471	0
0.9375926841324765	1463560	0.5098589917281934	0.5119795293013919	0.36603924642768154	27480	0.10641921250505337	0.10641921250505337	0
0.9317844784972813	1295448	0.4867064994928738	0.4919533370076045	0.3848156596944192	27836	0.14373869602089231	0.14373869602089231	0
0.9017548195748888	2480440	0.6062570051761101	0.6089276639756979	0.4025292619130643	27880	0.1459410843290008	0.1459410843290008	0
0.9653979238754326	967658	0.512008565314198	0.5197744548859106	0.3476771938187037	27492	0.1423734843592012	0.1423734843592012	0
0.9561295106277805	1203540	0.45199720943862426	0.45162643296768573	0.3444074822532051	27140	0.11020023075568613	0.11020023075568613	0
0.9340088976767178	1715134	0.48446312686626025	0.48555336047602987	0.3811905738791544	27578	0.11418845255450359	0.11418845255450359	0
0.9607019278299556	2473250	0.6140070874860059	0.6147187720746418	0.3922545791860909	28578	0.13096437785442203	0.13096437785442203	0
0.8989125061789421	3779782	0.6426770005202297	0.6453942263158313	0.42002807076734444	27914	0.10691553014020387	0.10691553014020387	0
0.9576124567474048	2813374	0.5701338661484955	0.5704535420273626	0.3909386324181885	27942	0.12288252710849079	0.12288252710849079	0
0.9751606524962926	1038498	0.4865202061805369	0.49407052007459257	0.3405569223335216	27566	0.1245014681191914	0.1245014681191914	0
0.888902619871478	2536454	0.6151066799812898	0.6160456413377114	0.39668731547303393	26336	0.10491103645269889	0.10491103645269889	0
0.9609490855165596	1304892	0.4783982861679932	0.4894902999874015	0.36953427930455945	27932	0.13775641097491545	0.13775641097491545	0
0.9314137419673751	1495944	0.4672208957402169	0.47548659806853927	0.3734981143417717	26932	0.11975544443825849	0.11975544443825849	0
0.9377162629757786	2207286	0.6241090829133547	0.6246383786970012	0.34517616546934926	26116	0.14072639831691766	0.14072639831691766	0
0.8267424616905585	1513170	0.439649862311606	0.44824535176731417	0.4215277855201518	25868	0.1324316222581521	0.1324316222581521	0
0.9101581809194266	2196868	0.6238861328480013	0.6251319915850323	0.39040222331311125	26728	0.14100495809024635	0.14100495809024635	0
0.9563766683143846	2829802	0.5814064143603513	0.5828382670476895	0.3903577897158484	28550	0.1202192935444354	0.1202192935444354	0
0.9280771131982205	1044216	0.48462185248902	0.4926057271249898	0.35995695386618515	27212	0.12286528658276419	0.12286528658276419	0
0.9619377162629758	949298	0.4677324136019653	0.47728155596211996	0.3432559603897046	27674	0.12815424838707204	0.12815424838707204	0
0.8944636678200693	1190314	0.4165913912543035	0.42667219488331415	0.37985642949148873	26688	0.08842401704986648	0.08842401704986648	0
0.9478497281265448	1628554	0.5647002982177909	0.5708576109647069	0.3745035277085003	28266	0.12384932558254398	0.12384932558254398	0
0.8898912506178942	1070764	0.42661223629468387	0.43590896985266986	0.3839383825723202	26546	0.11300310189466506	0.11300310189466506	0
0.8662876915472071	971938	0.39511571845576055	0.4053235031492786	0.3814955459474443	25050	0.1179611769944498	0.1179611769944498	0
0.9500741473059812	2296908	0.5900672566503158	0.5914333540618101	0.37159737648081137	27706	0.10755081661542581	0.10755081661542581	0
0.8902619871478002	3155066	0.5690745531096919	0.5701054573105229	0.4134455964582027	26982	0.09550035101149841	0.09550035101149841	0
0.9661393969352446	2528176	0.6352738083521398	0.6368518664002566	0.37584268414357047	28306	0.14608271869576442	0.14608271869576442	0
0.9010133465150766	1422608	0.44246528631193743	0.4487088521730314	0.40518334416858565	27654	0.1285909128011977	0.1285909128011977	0
0.9367276322293623	1591882	0.47726006092377343	0.48163245430575286	0.3788065778065634	27136	0.11403608153691663	0.11403608153691663	0
0.9509391992090954	2133534	0.6092128411378499	0.6151460734436501	0.38693185187058715	27438	0.13923480693550433	0.13923480693550433	0
0.9324023727137913	3162742	0.5814702487845893	0.5820995980940645	0.41355325449518726	28016	0.11035155782833683	0.11035155782833683	0
0.9707118141374197	1550972	0.4710678011145783	0.4753669571196352	0.3493706818106573	27250	0.08797845968440106	0.08797845968440106	0
0.9504448838358873	1957940	0.5982505389314571	0.5986722797794807	0.3946303746927988	28562	0.15635995634508362	0.15635995634508362	0
0.9236282748393475	2886930	0.5682619988288878	0.5732733633885153	0.39949984822009094	28012	0.13262321306783545	0.13262321306783545	0
0.9597132970835393	1327550	0.4743705379988172	0.47646692725982526	0.35985678010653177	28316	0.10192335387717776	0.10192335387717776	0
0.8588729609490855	2479608	0.612665677667536	0.6142084744265112	0.40376255871947	25864	0.15436896944761422	0.15436896944761422	0
0.8404597132970836	1728038	0.5067642329161105	0.5114820537289493	0.4048244464266338	25312	0.13262452666600175	0.13262452666600175	0
0.9595897182402373	1870232	0.49133115842535907	0.4940747250429088	0.3803801791741713	28556	0.1055308459798322	0.1055308459798322	0
0.9345032130499259	1535658	0.5085214331812031	0.5100974154230459	0.36599175889528063	27470	0.135911334704114	0.135911334704114	0
0.9274592189817104	1256764	0.4742535728540798	0.4831924566157458	0.3510714611881609	25802	0.11588677431388424	0.11588677431388424	0
0.9695996045477014	2268510	0.6189736904987463	0.6221188739999185	0.3810464128791895	28246	0.13391159612357026	0.13391159612357026	0
0.8213049925852693	2977702	0.5681228705553677	0.5713193660131779	0.44370353560088344	25360	0.19308784253897093	0.19308784253897093	0
0.9001482946119624	2082632	0.6171174897912335	0.619806846953439	0.3922357565485124	26272	0.16834851568704332	0.16834851568704332	0
0.8737024221453287	2452706	0.6226789144042382	0.6237063787354787	0.4049598225284534	26066	0.10696110838012995	0.10696110838012995	0
0.9604547701433515	1451948	0.4990462781001142	0.5012407348022573	0.36821725878832995	27554	0.13085842271423934	0.13085842271423934	0
0.9763964409293129	1011836	0.44591386513036263	0.45508491879456653	0.35136600395509876	28264	0.09079574012985415	0.09079574012985415	0
0.8188334157192289	1417970	0.4624135738795451	0.4689887821576834	0.4161362807990558	24902	0.1686768493173412	0.1686768493173412	0
0.9256055363321799	1271332	0.4461500393494857	0.4547842962882631	0.3810481357556454	27610	0.11709660292518999	0.11709660292518999	0
0.9132476520019772	1358158	0.4785316340302084	0.48484726361996455	0.3803450060074151	26760	0.10433900362400124	0.10433900362400124	0
0.8608502224419179	3467678	0.5600558204894994	0.562270074598343	0.44848058426027676	27078	0.08601111218953368	0.08601111218953368	0
0.8776569451309936	1762944	0.4765047449238835	0.4793993156587198	0.3912865506879551	25892	0.12199997213293688	0.12199997213293688	0
0.9265941670785961	1300146	0.5062507817881342	0.5091131839923452	0.3604010072647956	27104	0.146331154727093	0.146331154727093	0
0.8309441423628274	1830824	0.5151548431676523	0.5192563678713894	0.41982273819348825	25830	0.13248886798671605	0.13248886798671605	0
0.9667572911517548	838272	0.451427437749881	0.46651463023176243	0.34084480532094247	27454	0.11279190112088744	0.11279190112088744	0
0.9532871972318339	2900080	0.6310340982821555	0.6324811330890824	0.3805411565665637	27808	0.11473456651140951	0.11473456651140951	0
0.7385071675729116	4090894	0.5965803361361912	0.5971780329914694	0.46643364653003183	23346	0.09047484388601934	0.09047484388601934	0
0.9252347998022739	2919758	0.5873637988751438	0.5890575435791204	0.40321075979857546	28604	0.09036378197556331	0.09036378197556331	0
0.8183391003460208	2090508	0.6228816331351958	0.6244585475120901	0.41795319639822887	25262	0.13162163876839664	0.13162163876839664	0
0.9335145823035096	3031930	0.6052045550516215	0.6064237337137176	0.3951227902032189	26938	0.1124486441870783	0.1124486441870783	0
0.907563025210084	2118306	0.5083024911747237	0.5106687352814608	0.40571371353305635	27806	0.10202258400872054	0.10202258400872054	0
0.912135442412259	2927432	0.6006053965368066	0.6013620923744912	0.39788015390089	26770	0.11321264273480196	0.11321264273480196	0
0.9607019278299556	1537576	0.5015047533070515	0.5059340461195408	0.3612155299026671	27750	0.11803496455449221	0.11803496455449221	0
0.8177212061295106	2116730	0.6058574242823244	0.6060770891421423	0.4306138774813156	25620	0.16232137054639367	0.16232137054639367	0
0.9184379634206624	2831182	0.5860212143086205	0.5894969117018171	0.4192344873463667	28124	0.09981835395899247	0.09981835395899247	0
0.9417943648047454	2785566	0.5714365278268966	0.5715527114562321	0.38812235540781886	27528	0.12368753805531398	0.12368753805531398	0
0.9010133465150766	3252908	0.6451259226080882	0.6452261312973937	0.39431624891972267	25996	0.13308457667109733	0.13308457667109733	0
0.9280771131982205	1736656	0.5815120603831666	0.5891172730431703	0.36491107485966023	26744	0.11059404083173952	0.11059404083173952	0
0.7284972812654473	5576016	0.6638677269417418	0.6642926279356152	0.4790508231663568	23196	0.11282303258049743	0.11282303258049743	0
0.9319080573405834	1493616	0.42377434439094525	0.43392347186813857	0.3813500846289342	26934	0.07875939574299907	0.07875939574299907	0
0.7302273850716757	4017450	0.6261063225526445	0.6262758838065101	0.47169644066584704	23090	0.11577826390705433	0.11577826390705433	0
0.8460207612456747	3450294	0.6353467175225256	0.6362337256602487	0.4377379784012128	26318	0.09938814239147069	0.09938814239147069	0
0.921403855659911	938220	0.5062620381462216	0.5120094821766222	0.3604251410690649	26138	0.1604385704254778	0.1604385704254778	0
0.9547701433514583	1169080	0.49759893890254675	0.5060774000102272	0.3988568436037638	29022	0.14669112798123016	0.14669112798123016	0
0.925481957488878	1279068	0.4655719461653312	0.472578021782059	0.36072748741027566	26948	0.09992798889513878	0.09992798889513878	0
0.9483440434997529	1123374	0.4757324502662818	0.47780061814505487	0.34713567207977886	27464	0.11495833838162833	0.11495833838162833	0
0.9342560553633218	1020388	0.5010145178803647	0.5082497112619031	0.3479246804110519	26788	0.11007596313988531	0.11007596313988531	0
0.9326495304003954	1612682	0.48671445798486185	0.4898024730649142	0.3726881259136002	26806	0.10115213660460089	0.10115213660460089	0
0.8355165595650025	1726010	0.4638610995389148	0.46622765177623865	0.4177570544674855	25736	0.1333560465217399	0.1333560465217399	0
0.9265941670785961	1829874	0.4556785878882756	0.46091651323679844	0.3798570215015711	27596	0.10533486465575646	0.10533486465575646	0
0.944142362827484	1257682	0.47282467395288386	0.4799233067467827	0.3678473292673012	27304	0.12626010254194292	0.12626010254194292	0
0.9505684626791894	1499494	0.42661766595667466	0.4382975436944545	0.3698907576331909	27378	0.07485890129580929	0.07485890129580929	0
0.874938210578349	1049054	0.4433685061842004	0.4567172521263838	0.39443755463186997	27020	0.1441099937599361	0.1441099937599361	0
0.9066979733069699	1217832	0.455947978394543	0.46706003296985105	0.370850293522899	25550	0.10930615314964953	0.10930615314964953	0
0.8907563025210083	3345496	0.6317664917751876	0.6323767719733105	0.4305231882622514	27652	0.13086655659063343	0.13086655659063343	0
0.9218981710331191	2569570	0.5781536151667765	0.581847881816074	0.3903449783897404	27564	0.11322583547180648	0.11322583547180648	0
0.9504448838358873	1781158	0.5629020242991257	0.5709884856567942	0.35447524598228486	26170	0.11306718149404611	0.11306718149404611	0
0.8864310430054375	1282820	0.40830294263584577	0.4205757505886707	0.38536472288737955	26074	0.10977270660771998	0.10977270660771998	0
0.8944636678200693	1290106	0.44460003572744644	0.4515751542169653	0.38822890485946915	26986	0.11528781275609444	0.11528781275609444	0
0.9132476520019772	3099440	0.5677565669266886	0.5686780219518569	0.4010773034125845	27166	0.08803658799278957	0.08803658799278957	0
0.9128769154720712	2317918	0.5847978262632616	0.5890373561776896	0.38770882575735227	26742	0.14472568117732337	0.14472568117732337	0
0.9403114186851211	1017040	0.5354022136406058	0.5415850006529347	0.3483773335808666	26562	0.1594877684881729	0.1594877684881729	0
0.8608502224419179	1297128	0.4617924318082827	0.4657705468262591	0.3907707804264679	25578	0.1369538285886334	0.1369538285886334	0
0.9501977261492832	1409756	0.46553812833130914	0.4726139111761716	0.35787788433532336	27658	0.12972443685724663	0.12972443685724663	0
0.9524221453287197	1925894	0.48340567324816436	0.4893436373706675	0.39337706016690316	28578	0.1076440592692167	0.1076440592692167	0
0.8342807711319822	2213010	0.49562086825509527	0.4996671150527887	0.4391238736935939	26232	0.10966404508312523	0.10966404508312523	0
0.8786455758774098	2461442	0.6006488731693782	0.6039760627024958	0.40825801778519094	26796	0.11554884414882832	0.11554884414882832	0
0.9041028175976273	1222504	0.4701593643042206	0.4757800241031102	0.3657121392456853	25404	0.12103261646305365	0.12103261646305365	0
0.9338853188334157	3130874	0.5768584198257791	0.5781549325514124	0.40579680533530543	27240	0.09717748759771117	0.09717748759771117	0
0.8716015818091942	2141734	0.4930797361413488	0.4958493803936212	0.41954366501034146	27048	0.09877787601302694	0.09877787601302694	0
0.824147305981216	1122802	0.37557649998357007	0.3847237528948992	0.41289135170747343	25076	0.08126584278235519	0.08126584278235519	0
0.9390756302521008	1295550	0.5050835131376574	0.5070193241071997	0.3503283435899358	26916	0.13126243234142146	0.13126243234142146	0
0.9273356401384083	1602240	0.5428921835383841	0.5498490850030205	0.3718426873868645	26766	0.09798256375269306	0.09798256375269306	0
0.916337123084528	2182238	0.5833356856835703	0.5847057830816744	0.39178314394649244	26534	0.1283715296196837	0.1283715296196837	0
0.9126297577854672	2969106	0.5831006977181226	0.5835090656236895	0.4052741524951345	27270	0.10655782466971736	0.10655782466971736	0
0.8851952545724172	936628	0.4233938408760172	0.4372556763306647	0.38668082438758633	26410	0.12215805919675381	0.12215805919675381	0
0.9284478497281266	2071398	0.6263777729178898	0.6283613901763536	0.368334857316534	26562	0.12790769229605145	0.12790769229605145	0
0.9361097380128522	2213438	0.6002337375277108	0.605000074011666	0.3843451731151731	27612	0.12620332863257913	0.12620332863257913	0
0.8222936233316857	1803538	0.4866853536691726	0.49363228901827316	0.4238386889815775	25434	0.14556027359228876	0.14556027359228876	0
0.9472318339100346	1158954	0.4711455184126203	0.4812293737638637	0.3924550198954752	28930	0.13146986043386388	0.13146986043386388	0
0.9463667820069204	3078834	0.5714100723898511	0.5738154174410327	0.4166528841374086	28988	0.11326548155906736	0.11326548155906736	0
0.8315620365793376	2230044	0.58866004082199	0.5939182696553401	0.4188749649873748	25554	0.11197311758926097	0.11197311758926097	0
0.8631982204646564	1275382	0.4513297712790174	0.4612686757786284	0.39882781326174205	26590	0.10701255205664456	0.10701255205664456	0
0.9101581809194266	2235736	0.6090830638978223	0.609325040230271	0.3986329198530567	27256	0.1259964838434944	0.1259964838434944	0
0.9382105783489867	1117466	0.4744816885646932	0.4807512694973924	0.3549602985212188	27184	0.1424426554535665	0.1424426554535665	0
0.9382105783489867	2687986	0.6032808951658529	0.6069810661625548	0.3950320837622246	28092	0.12985357035753306	0.12985357035753306	0
0.9358625803262481	2046954	0.5909698157270166	0.5970900743878796	0.36968252333251933	26650	0.11433486254257676	0.11433486254257676	0
0.9653979238754326	1266428	0.4788919971120189	0.48240862181173555	0.34520692378575796	28244	0.09924552520158304	0.09924552520158304	0
0.9495798319327731	1877400	0.5348867210216307	0.5356098311293368	0.3734478118537345	28500	0.12886065263672752	0.12886065263672752	0
0.9586010874938211	1554796	0.46231895470936174	0.4677689515298786	0.36876161943431646	27980	0.10071523469977457	0.10071523469977457	0
0.8748146317350469	1911290	0.5057860743928254	0.508959020600764	0.407789884197208	26206	0.1354968309095202	0.1354968309095202	0
0.9639149777558083	1624256	0.5040069450139868	0.5045616635241977	0.3752877882617434	28682	0.07851649354008207	0.07851649354008207	0
0.9331438457736035	1203934	0.43785112506543694	0.44729346431980277	0.3789462112684853	27660	0.12796699487140575	0.12796699487140575	0
0.8342807711319822	3147698	0.5689142420634894	0.569903193540713	0.4291673040574793	26228	0.08770415194955894	0.08770415194955894	0
0.8966880869995056	1303134	0.47821948661403124	0.48042636322562077	0.3779176968196211	27096	0.12475877776586758	0.12475877776586758	0
0.9493326742461691	1267502	0.4580711497767968	0.46845942753381653	0.36443788297357776	26990	0.11523125449750465	0.11523125449750465	0
0.8804992585269402	1531036	0.45863156544093414	0.46519311359897414	0.39530042047000297	27204	0.11456361596963648	0.11456361596963648	0
0.9440187839841819	1013548	0.48301174044373835	0.49268719755411666	0.35880896750245	26804	0.1358566234890475	0.1358566234890475	0
0.8952051408798813	2020174	0.4958986260914175	0.4989283359875764	0.3890505118242613	25788	0.12280850948191181	0.12280850948191181	0
0.9705882352941176	2531858	0.592475199302631	0.5952313258109742	0.35828163574140515	28000	0.128692915070543	0.128692915070543	0
0.9225160652496293	2598216	0.5980108524550577	0.5991555193176922	0.3778506115007194	26716	0.11828960585866899	0.11828960585866899	0
0.9322787938704894	1368096	0.4737638727402383	0.47842692514577156	0.35423463229349084	25408	0.14891288819807577	0.14891288819807577	0
0.8256302521008403	1536512	0.5020079859974657	0.5049285685355324	0.40899848277218886	25752	0.13061872616922524	0.13061872616922524	0
0.9416707859614434	2658936	0.5862231629394897	0.5902500109963946	0.3869047510533428	27540	0.12611094914683077	0.12611094914683077	0
0.9285714285714286	2294476	0.5858702961935452	0.5868250182796854	0.3905054020220715	27652	0.11654429235134184	0.11654429235134184	0
0.9594661393969353	953572	0.4895648462801201	0.4968848807854142	0.33878024324845585	26592	0.13547134087897553	0.13547134087897553	0
0.8728373702422145	1736086	0.5874362905057072	0.5919782558864686	0.37528775163557637	24692	0.1256057768521291	0.1256057768521291	0
0.9469846762234305	2553006	0.5907597608135212	0.5940855364093697	0.37758525761432254	27206	0.10653383131119441	0.10653383131119441	0
0.9377162629757786	3139308	0.5886973554205258	0.5901721517045635	0.4139986044688621	28450	0.11503243455117934	0.11503243455117934	0
0.8321799307958477	1894306	0.6029947105639448	0.6040582166342238	0.4269917398081193	25838	0.1848355859284886	0.1848355859284886	0
0.949209095402867	3303414	0.6287183841729057	0.6297909694800919	0.4071557285193235	28812	0.12759707658040847	0.12759707658040847	0
0.9603311913000494	2567894	0.6607407472023316	0.6583956565017545	0.36826576167750574	27890	0.13831046607065214	0.13831046607065214	0
0.9478497281265448	962340	0.44517391674432494	0.4539252963639293	0.3675787583513061	28074	0.1325582601418917	0.1325582601418917	0
0.9059565002471577	1817430	0.4872635745244835	0.4926224867988685	0.3839527585156554	26726	0.0993143532019297	0.0993143532019297	0
0.9173257538309442	1924722	0.5645626210393253	0.5715750207149145	0.38293187631292386	27200	0.1122081407731614	0.1122081407731614	0
0.856030647553139	1268952	0.41139711115160055	0.4183866186977727	0.39743404381787273	26160	0.1246069895386039	0.1246069895386039	0
0.8163618388531884	2475976	0.6158278436454719	0.6177226777890947	0.430554562904913	25898	0.11695675521706678	0.11695675521706678	0
0.9368512110726643	2036328	0.5920845083545536	0.5925838980155209	0.37231644552052173	27338	0.14243192499221338	0.14243192499221338	0
0.8552891744933268	2135830	0.47447518144154827	0.4750071757204917	0.4097356551763843	25946	0.07402882645757156	0.07402882645757156	0
0.935615422639644	2108224	0.6099748973840894	0.6118104387437754	0.3761721044591318	27338	0.12419509625133518	0.12419509625133518	0
0.9406821552150272	1599174	0.4933545042519408	0.5012536854231222	0.3750243725874774	27118	0.12392821945097586	0.12392821945097586	0
0.9286950074147307	1617576	0.5178040921029524	0.5295957281292688	0.37678650257311147	27554	0.10128658451797606	0.10128658451797606	0
0.865546218487395	2236998	0.5948674284605616	0.5996986318420875	0.4094866868929809	26066	0.106801410208703	0.106801410208703	0
0.9513099357390015	2040928	0.5809620054967903	0.5828041738474506	0.3937561360394817	28568	0.12748597347871726	0.12748597347871726	0
0.935615422639644	1144274	0.4713792994665455	0.4729097856031131	0.34203883661722373	26154	0.12096269494178748	0.12096269494178748	0
0.9299307958477508	2431878	0.5402304896410728	0.5479523239927971	0.3778214876701746	26784	0.10716596924844496	0.10716596924844496	0
0.9714532871972318	1046652	0.4789852987412024	0.48609543569427904	0.3751079033388292	29268	0.15375152293198266	0.15375152293198266	0
0.9242461690558577	1473354	0.49145070872332913	0.49410628746968355	0.3804855990112294	27522	0.10588373867050498	0.10588373867050498	0
0.9429065743944637	2524220	0.6093024415724108	0.609334174981169	0.37243708071680026	27208	0.1298130034421159	0.1298130034421159	0
0.8294611962432031	1515582	0.44568519679215485	0.4535796089486714	0.4112849799693867	25042	0.13557369951371018	0.13557369951371018	0
0.8588729609490855	2083984	0.5056441808672933	0.507758908056164	0.4052352075256118	25532	0.11764879013784862	0.11764879013784862	0
0.8272367770637667	2494570	0.6011932051386301	0.6015389782078188	0.42057351050484604	24878	0.15057746664752775	0.15057746664752775	0
0.9527928818586258	2454500	0.5977178353521074	0.5979397890408903	0.3941247198373859	28812	0.13638746122992604	0.13638746122992604	0
0.8458971824023727	1801268	0.5962979935208691	0.6023291738109064	0.40276504648421696	25404	0.131609276839498	0.131609276839498	0
0.9231339594661394	2600158	0.5707102947123713	0.5741829940915549	0.39642468779437734	27894	0.10007014293490342	0.10007014293490342	0
0.8839594661393969	1901292	0.4921725072594732	0.49415193164749077	0.41317240725028775	27630	0.10476387104029605	0.10476387104029605	0
0.8224172021749876	1131184	0.37176978568362706	0.3807527632774976	0.41323753462554697	25780	0.08857550048706635	0.08857550048706635	0
0.9338853188334157	1790698	0.616566340327034	0.6196472813369313	0.36966990854289566	26888	0.12519098457773653	0.12519098457773653	0
0.9159663865546218	1973182	0.6386196834326012	0.6387042629811891	0.3953690414604692	27294	0.15798497439442435	0.15798497439442435	0
0.9180672268907563	1450828	0.4726097019752597	0.47815617444873815	0.35770799099349637	26008	0.10690660773689849	0.10690660773689849	0
0.9024962926347009	1170524	0.4584947207970896	0.467551177727209	0.37632557649539794	25788	0.12427713242740783	0.12427713242740783	0
0.9508156203657934	1183436	0.4993232140434558	0.5098199015010942	0.39226127030789654	28252	0.159590928549805	0.159590928549805	0
0.9545229856648542	1154208	0.44038282430040093	0.44956280106821594	0.34466721796255967	26210	0.12645877403833403	0.12645877403833403	0
0.9682402372713791	928958	0.49006747583817695	0.4992152407899282	0.35454932187176436	28598	0.14042208061715858	0.14042208061715858	0
0.9530400395452299	1304478	0.44931817757908915	0.456722738675527	0.37761966820335585	28342	0.10755234606796889	0.10755234606796889	0
0.8822293623331685	1484290	0.5182782649320182	0.5207312147194643	0.3666586792992434	24536	0.12056251951934133	0.12056251951934133	0
0.9151013346515077	2909818	0.5969702437197316	0.596949302802505	0.4025082018936485	27666	0.11733672614049385	0.11733672614049385	0
0.9592189817103312	852112	0.4243403049801187	0.4375994777091177	0.3449917095228788	27028	0.11571818237749389	0.11571818237749389	0
0.912135442412259	1161364	0.4858960039422258	0.49267516531669747	0.36524806928016557	25782	0.11493119491444499	0.11493119491444499	0
0.8916213544241226	2512540	0.6192679274956648	0.6199777561356943	0.4126463805048786	27608	0.10644386391901695	0.10644386391901695	0
0.9526693030153238	1477214	0.49097061232075423	0.4964220398923644	0.39143148775972486	28962	0.10837704151269432	0.10837704151269432	0
0.9327731092436975	2243004	0.5836292322894552	0.5849851664367394	0.37412694277274366	27380	0.09536764063711171	0.09536764063711171	0
0.9455017301038062	1816368	0.4927101170607973	0.4923048825951832	0.36747815110473975	28084	0.09038832755566385	0.09038832755566385	0
0.9170785961443401	997914	0.4222643838479157	0.4342210137042088	0.3874206116749415	27498	0.12371904660257817	0.12371904660257817	0
0.8861838853188334	1531012	0.458603153554886	0.4653738212965408	0.39402001696958305	26272	0.12365150077222349	0.12365150077222349	0
0.9592189817103312	1173534	0.5056564145781265	0.5054741747770791	0.3305452105281535	26096	0.1307963871971878	0.1307963871971878	0
0.8761739990113693	1415620	0.45714809419850644	0.46366111837976276	0.36952602556525393	24654	0.08972415774863331	0.08972415774863331	0
0.9134948096885813	1409656	0.49961284373943177	0.5041954817313341	0.384231097234331	27318	0.12199405004417302	0.12199405004417302	0
0.8492338111715274	1283736	0.41903468790553927	0.4267378738213628	0.4021377969515683	26238	0.10754885980539024	0.10754885980539024	0
0.9442659416707859	2815040	0.6345958773736836	0.63516529474415	0.3750710025411346	27676	0.14256941840434773	0.14256941840434773	0
0.9548937221947602	1229400	0.46621528441861537	0.46639369346982745	0.3420075527697028	26894	0.08911605465191835	0.08911605465191835	0
0.8979238754325259	1199696	0.5086960784561279	0.5144129486702614	0.36266743746705576	25942	0.12507532259206441	0.12507532259206441	0
0.9588482451804251	1191252	0.4604861683698364	0.46974801555965345	0.36477191871363107	28026	0.12786916632050443	0.12786916632050443	0
0.8821057834898666	1863060	0.48079265180562647	0.4859467292575177	0.396894089272728	26018	0.12570510059441645	0.12570510059441645	0
0.9555116164112704	1011454	0.4747003499302788	0.4856444213460959	0.35614670673271975	27100	0.10975958747481612	0.10975958747481612	0
0.9543994068215521	1230944	0.48772474567697016	0.4956754094820819	0.34851516301641244	27198	0.11145645399522813	0.11145645399522813	0
0.9493326742461691	1253420	0.4200903849664736	0.43194571865629877	0.3704934277499719	27338	0.09659594001027805	0.09659594001027805	0
0.9190558576371726	1818216	0.584707356912514	0.5922471677978307	0.37710641945374435	26520	0.13565145589170027	0.13565145589170027	0
0.935121107266436	1829736	0.4842897133761759	0.4872566719174483	0.3757800503880124	27344	0.0767065525313491	0.0767065525313491	0
0.8823529411764706	1242782	0.4457976568855317	0.4541845791135473	0.40092229842480154	27344	0.15202956738781528	0.15202956738781528	0
0.921774592189817	1939092	0.5024070235836383	0.506025810698865	0.38301372140254747	27192	0.09990290087952525	0.09990290087952525	0
0.9320316361838853	1783920	0.48419677819997387	0.4835723898685216	0.3726952815633908	27140	0.08710391388056198	0.08710391388056198	0
0.8336628769154721	1893432	0.48936779195337476	0.4927109595971461	0.4231301837671215	26026	0.11087666133015049	0.11087666133015049	0
0.9551408798813643	969436	0.4634618555122283	0.47634204286595355	0.34918530670894565	26746	0.12093702603430623	0.12093702603430623	0
0.9253583786455759	1238578	0.5214642761489162	0.52823831791111	0.37358393179402555	27270	0.13588855526154522	0.13588855526154522	0
0.9310430054374691	2704478	0.58314771618724	0.5837382810443246	0.3691002891253094	26230	0.09109092713793397	0.09109092713793397	0
0.9202916460701928	2385214	0.5818517050445503	0.5892786783078766	0.3920398840112194	27058	0.14790570530913308	0.14790570530913308	0
0.939940682155215	1345904	0.45935971250059643	0.468155507142983	0.3825877389736598	28194	0.12432009706019331	0.12432009706019331	0
0.9097874443895205	1207156	0.5055424667265521	0.5128892351080654	0.3729364501096761	25598	0.15468753023433204	0.15468753023433204	0
0.9312901631240732	2540250	0.563114311273221	0.5644804115424559	0.3796482444581315	27284	0.11993729526909719	0.11993729526909719	0
0.8798813643104301	3485598	0.6194738702748842	0.6217067956642021	0.4224307513124317	27056	0.08991896714468654	0.08991896714468654	0
0.8764211566979733	2818590	0.6098811631330044	0.613591899115521	0.4034920363949048	26190	0.10652256227553057	0.10652256227553057	0
0.7068709836875926	5017116	0.622389093837013	0.6227575615049443	0.47347607886874155	22676	0.09747831987537031	0.09747831987537031	0
0.9179436480474543	1808484	0.504508603396889	0.5073506228586163	0.3851842309432856	27260	0.12516634914824395	0.12516634914824395	0
0.9101581809194266	1268656	0.4844840534386167	0.4929436967206571	0.38272302540453645	26390	0.1396093962475859	0.1396093962475859	0
0.884453781512605	1946602	0.5120151383722448	0.5147842847542462	0.39354223402680777	26778	0.1027023462938852	0.1027023462938852	0
0.8279782501235788	1685590	0.571027933010663	0.5761301570689943	0.408291439738633	25468	0.1650980959945152	0.1650980959945152	0
0.930672268907563	1599196	0.49874814500430253	0.5014538842594174	0.4065602849774373	29104	0.14903131506859366	0.14903131506859366	0
0.9557587740978745	2012112	0.47775829412456217	0.4837867563715316	0.37906602092435865	28004	0.08265302965026779	0.08265302965026779	0
0.8500988630746416	1394574	0.4459907581870763	0.4541409332595468	0.39441896996447773	25552	0.13410660027920293	0.13410660027920293	0
0.9598368759268413	1248494	0.42936067305376385	0.4394459327269576	0.358033723387194	27442	0.1071262291974902	0.1071262291974902	0
0.8853188334157193	1744958	0.5385703962613423	0.5433436216517464	0.423656854617012	27630	0.14183375899772316	0.14183375899772316	0
0.9220217498764212	1751350	0.48879767037210353	0.493805237327333	0.37291212968283305	26374	0.1030470593655597	0.1030470593655597	0
0.8922392486406328	1476926	0.47393859113517695	0.4828970875720504	0.39314722261699764	26592	0.1336934253038169	0.1336934253038169	0
0.925729115175482	1401322	0.4759813731276497	0.4798890137378659	0.3649339175931674	26976	0.13211771636177075	0.13211771636177075	0
0.9236282748393475	1595462	0.5355661672705462	0.5414115269963127	0.37588705872993305	27266	0.09801778499886876	0.09801778499886876	0
0.8660405338606031	1535060	0.5088899046447142	0.5182874338239671	0.39179059437102337	26588	0.14252859927240227	0.14252859927240227	0
0.9393227879387049	2302714	0.5803554781122323	0.5872287637574052	0.39081106149771655	28178	0.1244365118027238	0.1244365118027238	0
0.9227632229362334	1286256	0.4118572085012397	0.4219948355334442	0.38611012190367644	28118	0.08620833973863497	0.08620833973863497	0
0.907563025210084	1791056	0.491538430904801	0.4963365027098828	0.37920554792149425	26288	0.10836955836560863	0.10836955836560863	0
0.939693524468611	1051804	0.4939557130389076	0.5002632006869324	0.357862308134802	27076	0.13110771247729452	0.13110771247729452	0
0.934997528423134	820014	0.449490223399517	0.46381781704753844	0.3372857644064675	25224	0.13077245003700474	0.13077245003700474	0
0.9110232328225408	1499676	0.4846046753499013	0.4907695634979033	0.3765841716790077	26352	0.14358424028422864	0.14358424028422864	0
0.8319327731092436	1391580	0.4793661232835568	0.48639756526056427	0.39003788800071454	24658	0.11476368253267803	0.11476368253267803	0
0.8943400889767672	2123646	0.6153230915224978	0.6164068328307185	0.39997981566376356	26188	0.14114802921289474	0.14114802921289474	0
0.9087988136431043	1675996	0.48667443090487245	0.4915682964626405	0.40515650306371637	27472	0.10597674549532798	0.10597674549532798	0
0.9615669797330697	2804516	0.5775557132420709	0.5787165649390977	0.3786390903434576	28044	0.10333844103409874	0.10333844103409874	0
0.9588482451804251	1574084	0.4636087491073764	0.4692462571615767	0.3749026414384314	28244	0.09708746763342964	0.09708746763342964	0
0.8581314878892734	1765328	0.4647441315321336	0.4704039835339435	0.41456987406810475	26620	0.1267951608331551	0.1267951608331551	0
0.8814878892733564	1968484	0.4890392239568419	0.4929384658418974	0.41572559678174287	27428	0.10645538891395433	0.10645538891395433	0
0.8437963420662382	2077624	0.5093783481356388	0.5131503070499813	0.42191392310921855	26178	0.11762762510681822	0.11762762510681822	0
0.8625803262481463	2304850	0.5773415565043452	0.5835974267679109	0.38916345547230585	25602	0.13409688925685812	0.13409688925685812	0
0.9636678200692042	1566058	0.44790100757794304	0.4555151049637252	0.3746417661762089	28438	0.09866875159587901	0.09866875159587901	0
0.8762975778546713	1515118	0.4824681528474742	0.48878634449258035	0.39111354399636195	26604	0.11719306571901661	0.11719306571901661	0
0.9610726643598616	1292648	0.47502649106620276	0.4800746243774168	0.3520146163360309	27626	0.12117327702550408	0.12117327702550408	0
0.8630746416213544	1536238	0.4566044974495802	0.46273666550675197	0.4068685864697976	25964	0.1200714633708766	0.1200714633708766	0
0.9296836381611469	1876260	0.5711780497783512	0.5726751333732022	0.36604704127199755	26844	0.11707878228951461	0.11707878228951461	0
0.8095650024715768	1763358	0.4839011361799492	0.48972446821622834	0.4165372150788265	24720	0.10722297027331845	0.10722297027331845	0
0.9437716262975778	2599872	0.5861000756422979	0.5938064225381641	0.39607338584154955	28372	0.12214995341193091	0.12214995341193091	0
0.9476025704399407	2630082	0.5931612445436246	0.5963550985720295	0.38596200157419425	28584	0.11105612933207926	0.11105612933207926	0
0.9142362827483934	1904066	0.607989543476371	0.6130125875072062	0.37856026302607154	26608	0.1435478935090413	0.1435478935090413	0
0.9097874443895205	1191568	0.4274751184263251	0.4373963373003915	0.37406737134116	26508	0.11307221219057206	0.11307221219057206	0
0.944760257043994	1524954	0.45943798542865805	0.4677050401196318	0.3690274130831064	26948	0.0890646354604983	0.0890646354604983	0
0.9058329214038556	2804606	0.5836965524816166	0.5847993412798638	0.3920910846659078	27214	0.10038255702629163	0.10038255702629163	0
0.8545477014335146	3621744	0.6152288121601995	0.6189754044031095	0.42351687554217965	25574	0.10048390021369084	0.10048390021369084	0
0.8772862086010875	3521598	0.6134314254181993	0.6146415765797515	0.43844107051411463	27750	0.10425592444851073	0.10425592444851073	0
0.903114186851211	1400370	0.4424463248431095	0.453627542960566	0.39106705651568746	27186	0.11223351290714269	0.11223351290714269	0
0.9154720711814137	2728502	0.5833992092837303	0.5829035390139602	0.4015323909538629	28264	0.09917556704125645	0.09917556704125645	0
0.948961937716263	1687608	0.4687486992240484	0.4723455464768702	0.38001999070931136	27816	0.09396494459566856	0.09396494459566856	0
0.8685121107266436	1356888	0.45242903885543967	0.45775797724952544	0.38546768250970254	25142	0.12153949881515795	0.12153949881515795	0
0.8824765200197726	2150898	0.6022068568516238	0.606251298748686	0.40892397958769355	26994	0.12761467543910204	0.12761467543910204	0
0.9128769154720712	1162384	0.43791777627457645	0.4456533459571444	0.3657307733722861	26524	0.10599523061062437	0.10599523061062437	0
0.9453781512605042	1004420	0.44524882266124804	0.4543621918034393	0.35801386436628846	27370	0.10849098105235049	0.10849098105235049	0
0.9388284725654967	879806	0.5080126545161385	0.5150294874174758	0.33544750389181927	26652	0.15882472501316341	0.15882472501316341	0
0.9218981710331191	1207160	0.4823867643458053	0.48367194580145684	0.3555448904739062	26732	0.12189654652907911	0.12189654652907911	0
0.9044735541275334	1441608	0.4530736963194066	0.46262805691564385	0.3735033999544733	25652	0.09651518462121765	0.09651518462121765	0
0.9123826000988631	2833498	0.5728236746261055	0.5730206347766887	0.40177973442550136	27796	0.0913407321722874	0.0913407321722874	0
0.8696243203163618	2465066	0.6057480061724737	0.6089902551571046	0.40848467906830455	26804	0.11614676361754096	0.11614676361754096	0
0.9729362333168562	1468896	0.46655664988875034	0.47555487032523636	0.36356982072528393	28360	0.10459827793148273	0.10459827793148273	0
0.9180672268907563	1351146	0.45392564175820976	0.4607978859386334	0.3877411371305275	27576	0.10565678216853237	0.10565678216853237	0
0.9237518536826496	2536886	0.5603013934439797	0.5637094989808524	0.38309609292679775	27504	0.0956910522012621	0.0956910522012621	0
0.8412011863568957	1572378	0.5009984280397443	0.5067721881033932	0.41020452752007114	25726	0.14183606589971426	0.14183606589971426	0
0.9108996539792388	1527874	0.4649815193551299	0.4733492917344355	0.3760553890589808	25990	0.10548465129227087	0.10548465129227087	0
0.9267177459218982	1806090	0.4998876982115074	0.5044518537538306	0.38698114412745643	27542	0.11395198064702006	0.11395198064702006	0
0.8670291646070193	2461234	0.6080544636319426	0.6092616673047412	0.3982152889297588	25634	0.13121339608003899	0.13121339608003899	0
0.9379634206623826	2680774	0.5793306998016379	0.5834536980680324	0.3927939095747448	28002	0.1345360700242407	0.1345360700242407	0
0.9408057340583292	1787274	0.5703942563454013	0.5722164617784234	0.38777880049173835	27884	0.15159542338199253	0.15159542338199253	0
0.8052397429560059	1963902	0.6033371604416946	0.6059030389893949	0.4000017348607965	23100	0.15821576475531549	0.15821576475531549	0
0.9473554127533367	1366566	0.5187512712862904	0.5216886642105656	0.370358444384556	28116	0.13381643213933245	0.13381643213933245	0
0.8318091942659417	1402688	0.45446627972264236	0.4606846605665567	0.3940600503659702	24316	0.1512286978774381	0.1512286978774381	0
0.9561295106277805	909208	0.4509041513024546	0.46147222056501375	0.35011757542769417	27374	0.12257232132818474	0.12257232132818474	0
0.9215274345032131	1152184	0.4883099802235735	0.48850925245378735	0.3442999927570281	25960	0.1196527173555109	0.1196527173555109	0
0.9499505684626792	1132110	0.48834249399771307	0.4898213620430134	0.34225579497659003	26688	0.14443271492293575	0.14443271492293575	0
0.9324023727137913	1539198	0.5003288683927094	0.5010206507324153	0.3743698123671488	27824	0.1391167447975847	0.1391167447975847	0
0.8923628274839348	1589694	0.4969050714416469	0.5019981456956716	0.40482842902939215	27140	0.16682266020365646	0.16682266020365646	0
0.8717251606524963	1796582	0.509584924309321	0.5132306425799547	0.4014382110952537	25630	0.1187778714614366	0.1187778714614366	0
0.934997528423134	2219742	0.6060562444714576	0.6045216690613798	0.37959955704379483	28146	0.12943985390158916	0.12943985390158916	0
0.9180672268907563	1171286	0.4371001795004467	0.44733097135125405	0.3560204774712554	25962	0.10333450300106456	0.10333450300106456	0
0.9679930795847751	911530	0.5013375898128082	0.5095236447873029	0.3404838288002687	26840	0.14055672152023171	0.14055672152023171	0
0.9483440434997529	1462376	0.43662553250040137	0.4398689426321216	0.36816798540912554	27680	0.09055714930770102	0.09055714930770102	0
0.9697231833910035	2587824	0.5794224368182741	0.5823937294684859	0.37115539160269967	28866	0.12225477112151965	0.12225477112151965	0
0.8896440929312902	2095676	0.5005712577217761	0.5035971008755687	0.41798742388030813	27256	0.09913884951935126	0.09913884951935126	0
0.7375185368264954	1485104	0.5090566152133157	0.5124940010597476	0.42531203867517814	22642	0.14665534758928847	0.14665534758928847	0
0.8496045477014336	1513214	0.4623771368257106	0.47002711956224835	0.40046910183794976	25592	0.12383908945363392	0.12383908945363392	0
0.9084280771131982	1414074	0.476650942719219	0.4808255052611927	0.395992250833303	28166	0.1126857789213126	0.1126857789213126	0
0.8999011369253583	1652698	0.48310894663692	0.48846727965217257	0.4053102137374888	27516	0.1239787370057262	0.1239787370057262	0
0.9409293129016313	1159642	0.4862592270853388	0.48898749961541593	0.34248188190898343	26354	0.11420061271295197	0.11420061271295197	0
0.9605783489866535	948862	0.4601389955679966	0.46722443810898856	0.354608219244304	27662	0.1295985783405128	0.1295985783405128	0
0.8211814137419674	4231468	0.6270826352137283	0.6275490838513862	0.4494693146703023	25762	0.10380084371791777	0.10380084371791777	0
0.9175729115175482	3076156	0.572137112701852	0.5753564310847895	0.4125075454964871	27492	0.10845671479814216	0.10845671479814216	0
0.8533119130004942	1843826	0.6099591805041068	0.6141454792681844	0.41005032760340754	26198	0.1443946740305623	0.1443946740305623	0
0.9521749876421157	1156484	0.48542761765086406	0.49400853398281136	0.36640751639699	28820	0.09535374761872502	0.09535374761872502	0
0.9099110232328226	2115464	0.49405632680265604	0.4952741007034762	0.39507675673925774	26874	0.08238540469680476	0.08238540469680476	0
0.9248640632723678	2722904	0.5617776040033825	0.5622001819009043	0.4032848903353227	28052	0.09317397469695378	0.09317397469695378	0
0.9361097380128522	1597766	0.465661418905095	0.47379841391666716	0.38298375397468015	27430	0.1008363455487088	0.1008363455487088	0
0.8539298072170045	2420980	0.6194415231118559	0.622110290318013	0.42427208892675305	26518	0.1261656835736014	0.1261656835736014	0
0.940064260998517	1216050	0.4453839053784012	0.4546359693851831	0.3603921436501072	26930	0.11352569616415341	0.11352569616415341	0
0.8641868512110726	2071804	0.5544137056977636	0.5572819513819753	0.414363317532864	26448	0.11640595363401153	0.11640595363401153	0
0.9063272367770637	2505844	0.5928924757016434	0.593505822553046	0.38132322201502883	26762	0.12689260896042037	0.12689260896042037	0
0.8728373702422145	1219960	0.4707977655147934	0.4784629654634751	0.37872212030085456	26062	0.11414865460336183	0.11414865460336183	0
0.9526693030153238	931308	0.47424539785853176	0.4865216983635905	0.345538715565894	26702	0.11051650018825508	0.11051650018825508	0
0.9193030153237766	1813332	0.48151044398510817	0.48622506285201333	0.37787708700145844	26954	0.08580795553733554	0.08580795553733554	0
0.9487147800296589	1036076	0.518744407366725	0.5253644631976252	0.34952035081725613	27256	0.15709439989621432	0.15709439989621432	0
0.9610726643598616	865198	0.47052289683272774	0.4827782698200547	0.3413799745953652	26682	0.12596446201460718	0.12596446201460718	0
0.8744438952051409	1594300	0.46649415207009465	0.4737120617640828	0.40580478543847015	27272	0.1228558552794357	0.1228558552794357	0
0.9222689075630253	1167588	0.4002222943245681	0.4139825915707864	0.37569710255322025	26838	0.09677706876514197	0.09677706876514197	0
0.9495798319327731	1919856	0.5805182975125938	0.5816320099689573	0.389069423978831	28446	0.1566897773647906	0.1566897773647906	0
0.958724666337123	1648742	0.5702169793611898	0.5729520089360126	0.36175492658173153	27754	0.12789304797907905	0.12789304797907905	0
0.8693771626297577	2896270	0.6074842482413728	0.609303351925717	0.4375878581967747	27084	0.13210350980835278	0.13210350980835278	0
0.9315373208106772	867046	0.4845152930721938	0.4949176690232939	0.339053796033171	26950	0.12368777017982495	0.12368777017982495	0
0.9239990113692536	1644730	0.5005489611101364	0.5041367662660142	0.3855784451466538	27674	0.10212854268096284	0.10212854268096284	0
0.9437716262975778	2570410	0.5873481668652475	0.5880529872423802	0.3816525686654229	27786	0.09800797127860461	0.09800797127860461	0
0.9693524468610973	2162622	0.6352325899161665	0.6374290845919897	0.3697460068575465	28214	0.18959365850823692	0.18959365850823692	0
0.9312901631240732	1892058	0.560218175148922	0.5664995198233097	0.38388751766653734	27640	0.10992203756127474	0.10992203756127474	0
0.963049925852694	929338	0.48558210436026744	0.49024162223763207	0.34420078608332966	27154	0.12767267356226678	0.12767267356226678	0
0.958724666337123	1051026	0.4340640643359943	0.44817181554749935	0.338416696822369	26276	0.0944448337873696	0.0944448337873696	0
0.9232575383094415	1525232	0.5070999581441377	0.5082275091568796	0.3652178064344522	27028	0.11254725184104686	0.11254725184104686	0
0.9277063766683143	1989610	0.511624746612208	0.5116614395681371	0.38855788069327696	27690	0.10179470183444987	0.10179470183444987	0
0.9484676223430548	1566492	0.48807428265632913	0.4923931186404317	0.37335464852335476	27950	0.09944643638371455	0.09944643638371455	0
0.925852694018784	1767130	0.5802221142940387	0.5802387792102033	0.3561307341710072	26004	0.09648977112213959	0.09648977112213959	0
0.8708601087493821	2914804	0.5612496205239229	0.5608931857629068	0.4238296367818559	27524	0.08255190331795033	0.08255190331795033	0
0.7968363816114681	1820842	0.4542464063960736	0.45973482687071404	0.4331411387566189	24696	0.13412244257914283	0.13412244257914283	0
0.9525457241720218	1016024	0.4974490896220433	0.5065254185917872	0.36140029818589353	28002	0.13182081616510452	0.13182081616510452	0
0.8884083044982699	1595976	0.48277203408604996	0.49099227682875	0.40733661533553	27344	0.1471388326525566	0.1471388326525566	0
0.9686109738012852	1390764	0.463362408289066	0.4721257853804201	0.3698093428198008	28302	0.11016212004361597	0.11016212004361597	0
0.884206623826001	3114508	0.585143665084414	0.5880312983331154	0.426070751490794	26904	0.12162825465133403	0.12162825465133403	0
0.7764458724666337	1526508	0.3805945343089387	0.38616563324881753	0.4189960765533276	24158	0.08988631874059332	0.08988631874059332	0
0.8928571428571429	2708720	0.6091554279432071	0.6124116648514243	0.4165832601842843	26958	0.15228804736264992	0.15228804736264992	0
0.8458971824023727	1224930	0.4354251949068119	0.441922692232273	0.39131172647063567	25400	0.13712258189442225	0.13712258189442225	0
0.9332674246169056	1414616	0.4722883692022081	0.4795360651782244	0.36480015708433383	27504	0.11224561162004025	0.11224561162004025	0
0.8968116658428077	1709866	0.5050978654472268	0.5079905879384463	0.3804990072280426	25978	0.10620840671936259	0.10620840671936259	0
0.9021255561047948	1610140	0.5796006458657746	0.5801200568994703	0.3717954169634609	26172	0.13269790706765536	0.13269790706765536	0
0.9282006920415224	2626534	0.6277926630140911	0.6275246157037239	0.38005465157085266	27352	0.1326781182639994	0.1326781182639994	0
0.9556351952545724	1568060	0.45979940837425826	0.45986554877268726	0.3555563149667608	27220	0.10090703170178422	0.10090703170178422	0
0.8074641621354424	3401314	0.6303778168516231	0.6316679952060332	0.44498030666116484	25500	0.09708212308500479	0.09708212308500479	0
0.9107760751359367	2781382	0.5855028344910398	0.5859407763092096	0.3801858142711209	26424	0.09256375361098541	0.09256375361098541	0
0.9358625803262481	1852270	0.5663560232900922	0.5766119672675781	0.37443201212423854	26952	0.1099937862517338	0.1099937862517338	0
0.9269649036085023	1447330	0.4649672755730622	0.473350225330694	0.3625470181962642	25714	0.10553648396887821	0.10553648396887821	0
0.8177212061295106	4169194	0.6190554930589541	0.6207195003128642	0.4555143065846579	25770	0.08215913477116041	0.08215913477116041	0
0.9430301532377657	3070440	0.6257263429142526	0.625233765433629	0.3820635473361346	27486	0.13829288914344462	0.13829288914344462	0
0.9184379634206624	1807940	0.561637773695897	0.5647614197753176	0.38771016435972766	27202	0.1242774387933473	0.1242774387933473	0
0.9413000494315373	2586800	0.5989884479751518	0.599527177152675	0.3798336369035089	27546	0.09968574393505718	0.09968574393505718	0
0.9466139396935245	2655588	0.5853407434994974	0.5864668652258805	0.3850300242833468	28080	0.11618768068860735	0.11618768068860735	0
0.96280276816609	1543962	0.49483810269517753	0.4951578695966064	0.3753049118393246	29608	0.07437894810143025	0.07437894810143025	0
0.9373455264458724	2236670	0.5797830837001078	0.5848077239969925	0.3866947404858341	27382	0.11607741949835225	0.11607741949835225	0
0.9241225902125556	1566546	0.44985258729666416	0.45935474321536546	0.37839116448260995	27110	0.09098170160193893	0.09098170160193893	0
0.967375185368265	774482	0.4707964591250508	0.48266415649310285	0.32814175463997824	27002	0.12395325630959002	0.12395325630959002	0
0.8648047454275828	3158120	0.561999757237868	0.5639196382086321	0.43550170481288886	26974	0.09098450072020962	0.09098450072020962	0
0.8020266930301532	2541128	0.6135411118619783	0.6146908057484511	0.42965721615218894	24588	0.1728068726484031	0.1728068726484031	0
0.9115175481957489	2538956	0.586425312888219	0.5883867761097549	0.3682547939420704	26072	0.09328874843286715	0.09328874843286715	0
0.8121601581809195	1388800	0.486634899446277	0.4924705578925319	0.40451172745602	24466	0.14525764271646593	0.14525764271646593	0
0.9357390014829461	2204910	0.5027958164934467	0.5043888897526192	0.4034121963127519	27740	0.10757712333882542	0.10757712333882542	0
0.9670044488383589	1548582	0.4665274166939117	0.4727883428836768	0.3717795206554435	28550	0.10267369618758489	0.10267369618758489	0
0.9328966880869995	1973456	0.5924851997573327	0.5946982160043551	0.39066759019956315	27948	0.13447031225018705	0.13447031225018705	0
0.9660158180919427	1873878	0.5884595638349449	0.5886806516308088	0.3667902894560555	28552	0.11002995245847191	0.11002995245847191	0
0.9338853188334157	1940742	0.4756384509882961	0.4829471226764941	0.40431418183424284	29122	0.08766225825442825	0.08766225825442825	0
0.8366287691547207	1868578	0.45173759578792194	0.4559629866239458	0.4253696010748993	26058	0.1403799795118727	0.1403799795118727	0
0.8430548690064261	3374906	0.5540628644575097	0.5550509864998688	0.44027372830639816	26732	0.08582735728802364	0.08582735728802364	0
0.9279535343549185	1925428	0.5788167975419186	0.5788276948485018	0.36741535718197077	26998	0.1262188470891106	0.1262188470891106	0
0.9037320810677212	1239624	0.48537539663693424	0.4929475271786195	0.3704029459556987	25554	0.13142384100164065	0.13142384100164065	0
0.9548937221947602	1502620	0.4734530106776223	0.4745829888406728	0.34749041251100254	27208	0.07873489036266605	0.07873489036266605	0
0.9280771131982205	1792910	0.6085895286644419	0.613558427794237	0.3579127831657269	26166	0.13053442206198496	0.13053442206198496	0
0.8313148788927336	1195602	0.41507703173315763	0.4212976479949813	0.39475704333568834	25356	0.12722740106275449	0.12722740106275449	0
0.772985664854177	703378	0.43997993263973445	0.44930441555371425	0.37226200795192116	21356	0.17890789649308947	0.17890789649308947	0
0.8968116658428077	1582770	0.516381564958835	0.5226021305556318	0.3987015555654693	27542	0.13337802787434525	0.13337802787434525	0
0.9327731092436975	941900	0.5183651852151203	0.5266016578796595	0.35062076719117446	27024	0.13938297657578735	0.13938297657578735	0
0.9338853188334157	3095510	0.5615227311499306	0.5641957221745079	0.4050423264811866	28076	0.08950031006387969	0.08950031006387969	0
0.9404349975284232	1973958	0.5660440036788232	0.5662486090185634	0.37040915601273156	27490	0.12123575336958427	0.12123575336958427	0
0.8819822046465645	1593826	0.45547499372578915	0.46279201308278856	0.40059925307405125	26736	0.1264984732723716	0.1264984732723716	0
0.9497034107760751	1248822	0.447244386191485	0.45783272783300705	0.3672835560663464	27264	0.1032787176472883	0.1032787176472883	0
0.9619377162629758	1200058	0.5140508286035881	0.5150477461753188	0.33557923870256895	27678	0.11497727108396026	0.11497727108396026	0
0.9420415224913494	1004386	0.42158969728910317	0.4353741109075806	0.36551886342008816	26848	0.10035979888493958	0.10035979888493958	0
0.8938457736035591	1777080	0.5950239840454572	0.5979195558499356	0.3758610983880359	25510	0.12390309732918807	0.12390309732918807	0
0.8711072664359861	1188206	0.419921424745134	0.4316513202734206	0.4114287448567759	26946	0.13048101633279385	0.13048101633279385	0
0.9361097380128522	1714708	0.4905447811837656	0.4964912377332254	0.39026037807940805	27876	0.11609410244932024	0.11609410244932024	0
0.9021255561047948	1442392	0.48196825679662814	0.48924512974982304	0.3832959533263806	26576	0.1254502767511723	0.1254502767511723	0
0.89817103311913	1497654	0.49590807804767545	0.49856010990443006	0.3725347248622712	26010	0.12368081944500664	0.12368081944500664	0
0.9191794364804745	1548496	0.4696785356698112	0.4747140691367843	0.38917751411882556	27206	0.13641224325804382	0.13641224325804382	0
0.9482204646564508	2191400	0.5946911734139094	0.5933140590061711	0.3801685844057512	27792	0.12055133535298161	0.12055133535298161	0
0.8992832427088482	2127812	0.599830270332407	0.6001207466011714	0.3913556586820941	26526	0.14259938333304076	0.14259938333304076	0
0.8724666337123085	3845816	0.6243957462009889	0.6246083571021247	0.4157555340237899	26098	0.08975397818205476	0.08975397818205476	0
0.8325506673257539	3080358	0.5591552461880198	0.5598854547439963	0.42895103021204534	26470	0.0737784913954752	0.0737784913954752	0
0.8643104300543747	2131534	0.6178864792735794	0.6233394777929374	0.380174438213094	25376	0.13647827321997544	0.13647827321997544	0
0.9174493326742461	1584770	0.4526412865300813	0.4597810577127572	0.37670111119940364	26898	0.08811503620321558	0.08811503620321558	0
0.9104053386060307	2196384	0.589612413805598	0.5955176727280226	0.40087647830137185	27380	0.10870922490345873	0.10870922490345873	0
0.8316856154226396	2060524	0.6210908339939039	0.624691734621269	0.41277008191840975	25630	0.14201619619017494	0.14201619619017494	0
0.949209095402867	3030344	0.6267051497927221	0.6268208441297284	0.38975385850601785	27724	0.12287047141781506	0.12287047141781506	0
0.8898912506178942	3179402	0.5698160768972167	0.5706911461757596	0.4252032871948625	28092	0.08813414719424169	0.08813414719424169	0
0.9209095402867029	1254422	0.41641451902926313	0.4277502217390503	0.3863927650041752	27632	0.09535477749224082	0.09535477749224082	0
0.8063519525457241	1539546	0.4817694061758955	0.4847197665833823	0.4160214853861463	24812	0.13385883195289883	0.13385883195289883	0
0.940064260998517	1554654	0.4695536143910055	0.4729595119551048	0.3698959591915157	27430	0.09599574702192966	0.09599574702192966	0
0.8927335640138409	2642720	0.5911029936026044	0.5913914075332525	0.4139062006008944	27482	0.1184649502293808	0.1184649502293808	0
0.8210578348986654	1320752	0.5024253385146348	0.5070558982102877	0.40734375376136017	25164	0.14746814483781528	0.14746814483781528	0
0.851581809194266	1828410	0.4934151420495379	0.4927040207454021	0.41492999786428303	26478	0.12595027156672936	0.12595027156672936	0
0.8884083044982699	1577452	0.4826438317770661	0.48662787701178317	0.38657367486325117	26216	0.11844846387549555	0.11844846387549555	0
0.8987889273356402	1257680	0.4810164262395396	0.48628098873502257	0.36612010114062093	25820	0.14717239073541413	0.14717239073541413	0
0.8903855659911023	1121650	0.484088407573734	0.490074965823524	0.39810776900580414	27896	0.13287270295459397	0.13287270295459397	0
0.958230350963915	2667220	0.5746691253856765	0.5770955395581263	0.394708583949721	29002	0.10061642059532229	0.10061642059532229	0
0.9529164607019278	1183506	0.4348927757619241	0.44440652435603983	0.36121729994791935	27836	0.08050129201239209	0.08050129201239209	0
0.9269649036085023	1620868	0.4523304504265371	0.45956035379790366	0.38166488648087116	27154	0.07896155977030203	0.07896155977030203	0
0.8770390509144834	1295614	0.42982182305208533	0.43805433591552495	0.3992769496346076	27102	0.11670947416463694	0.11670947416463694	0
0.9312901631240732	2221508	0.5978155225782203	0.6041328009653639	0.40313773485453747	28062	0.13052509458777303	0.13052509458777303	0
0.9573652990608008	993006	0.533319872095756	0.5355180330368672	0.3461393259295584	27376	0.15410244944253337	0.15410244944253337	0
0.9148541769649036	984014	0.528389096139335	0.5353232615818637	0.35779043387557463	25956	0.13964126059993123	0.13964126059993123	0
0.9311665842807711	1749700	0.5498212774607985	0.5498037365409391	0.3715725491519521	27208	0.14929998125771757	0.14929998125771757	0
0.9461196243203164	1161318	0.5051584267633055	0.5122852597617559	0.3645717979697276	26914	0.1485567144036247	0.1485567144036247	0
0.9085516559565002	2975846	0.6286078459859555	0.6288104954422594	0.38817944910253166	26258	0.10716152801289724	0.10716152801289724	0
0.9206623826000988	2813262	0.5836892019947484	0.584782554301025	0.3833972438763184	26864	0.08418650833948982	0.08418650833948982	0
0.8439199209095403	4052750	0.612613483839362	0.6137444111117001	0.44093365437068427	26348	0.09429040389188358	0.09429040389188358	0
0.8824765200197726	1595968	0.4633518722595747	0.4729841844767329	0.39385207778692827	26314	0.11970226684525025	0.11970226684525025	0
0.953781512605042	963072	0.4378181004160488	0.4525643353649129	0.3537904942982812	27118	0.09648213978171834	0.09648213978171834	0
0.8769154720711814	2099442	0.5043259627487966	0.5078029884152445	0.4150015342149396	27000	0.12098016655623728	0.12098016655623728	0
0.9385813148788927	1998904	0.498226329672772	0.5014781865178272	0.3918574631839538	28008	0.1219088001133626	0.1219088001133626	0
0.824147305981216	2482350	0.6052807526547725	0.6068052199357818	0.43140533618355553	26018	0.1607029676979044	0.1607029676979044	0
0.9195501730103807	1303356	0.5024138833811399	0.5024750438990676	0.3615135265841814	26808	0.12302545044888363	0.12302545044888363	0
0.9598368759268413	1614680	0.5515070272856205	0.5581957543463928	0.37226425302770827	27784	0.14393316716948437	0.14393316716948437	0
0.8931043005437469	2922004	0.5966867119336746	0.5968764848061222	0.40447118398096266	26748	0.1172385730560937	0.1172385730560937	0
0.8398418190805734	2171522	0.5648177926037085	0.5729008686866908	0.4167020760083187	25448	0.16914967277426007	0.16914967277426007	0
0.842189817103312	3817666	0.6308062233035836	0.6318301881445406	0.44151221150251047	26482	0.1097392690841907	0.1097392690841907	0
0.9060800790904597	2364176	0.5784384702276382	0.5849809999158551	0.38859524795961353	27152	0.14767018234245938	0.14767018234245938	0
0.930548690064261	1236198	0.46503322504788147	0.4722637560411515	0.37524370786114475	27372	0.11769711363387934	0.11769711363387934	0
0.9613198220464656	1853972	0.5672498434962899	0.5764139420734252	0.371430726036897	27860	0.09806908829174277	0.09806908829174277	0
0.9511863568956994	790620	0.49465963450040235	0.4991432138585697	0.3150605976284138	24602	0.16405490976516174	0.16405490976516174	0
0.8570192782995552	1673620	0.4878588906955795	0.49395548970725817	0.41227578870339826	26774	0.1162891228322358	0.1162891228322358	0
0.949085516559565	1064054	0.4362230172150192	0.44873879452776233	0.36926101142845075	27428	0.102594508412432	0.102594508412432	0
0.8219228868017795	1594848	0.44874423228341714	0.45458657326478663	0.4062048598729701	25268	0.11099853745152383	0.11099853745152383	0
0.884453781512605	1926616	0.5041582372952734	0.5072068319760066	0.405880413017629	27066	0.10435443355919218	0.10435443355919218	0
0.9008897676717746	1449250	0.490847455554222	0.49514472929273223	0.3662264744842741	25342	0.12324075255706717	0.12324075255706717	0
0.8950815620365793	1182280	0.44563481221645446	0.45243391931127425	0.37157261580438444	25882	0.12784790433028767	0.12784790433028767	0
0.8639396935244686	1637162	0.4539035146741523	0.4587094995451453	0.3960767106225383	25800	0.11232278909582367	0.11232278909582367	0
0.8171033119130005	1429160	0.4784182119172882	0.4823428256708017	0.4115844997175295	25144	0.1821022112196452	0.1821022112196452	0
0.9474789915966386	916966	0.4591174025233118	0.4654008627526789	0.33620438154559457	26150	0.1332575454448354	0.1332575454448354	0
0.9230103806228374	2084606	0.5053956904857566	0.5072293219842067	0.3837058026758391	26810	0.09630046524219234	0.09630046524219234	0
0.9138655462184874	2176278	0.6013891883398604	0.6008520064906908	0.39118543235943765	27404	0.11318481866770687	0.11318481866770687	0
0.9223924864063272	2553234	0.5994355280033319	0.6006557475895931	0.3733188984111357	26740	0.09797569215829384	0.09797569215829384	0
0.9636678200692042	1012034	0.4809800212355914	0.4880730102506276	0.3534334669178008	27716	0.11233098233273954	0.11233098233273954	0
0.9473554127533367	1593420	0.5339254257962073	0.535480184832231	0.36076254387864776	26904	0.11932884810966848	0.11932884810966848	0
0.8362580326248146	1154434	0.4441335316639053	0.45009278004899045	0.37966969576954585	24806	0.15328915644765348	0.15328915644765348	0
0.949085516559565	1599926	0.46644769676418324	0.47338662879807253	0.3779436505114286	27704	0.09765832300457204	0.09765832300457204	0
0.7715027187345527	4358974	0.5906107981295047	0.5912336319415981	0.4647984201955337	24570	0.08342263136263033	0.08342263136263033	0
0.8927335640138409	1877768	0.502455177394511	0.505331050989884	0.3980731010696516	26804	0.11934765332479254	0.11934765332479254	0
0.935615422639644	1314566	0.5041063721855928	0.5054956055975949	0.3567577328994982	26990	0.13104381893199382	0.13104381893199382	0
0.940064260998517	1598812	0.4598629656328071	0.46458733670823626	0.387879735633921	28186	0.10217899818500469	0.10217899818500469	0
0.8601087493821058	1781396	0.4836564614428794	0.4824400541313903	0.403261492654583	26020	0.1053295233972299	0.1053295233972299	0
0.8608502224419179	1552736	0.44846833291248794	0.45705290785315816	0.4023654508913688	25936	0.1169932314942324	0.1169932314942324	0
0.9471082550667326	882902	0.46764166015114994	0.474487084731611	0.33052100289458036	26294	0.1180649977062563	0.1180649977062563	0
0.8943400889767672	2287030	0.5722796399971039	0.5775491377123433	0.3987891078222921	27864	0.1296780847202416	0.1296780847202416	0
0.8508403361344538	3138022	0.5690268039667584	0.570197330983432	0.4243013215462566	26366	0.09607559452258868	0.09607559452258868	0
0.9660158180919427	1344528	0.5093788599000776	0.5126309574064382	0.35772082714208575	28098	0.13807911779701768	0.13807911779701768	0
0.9144834404349975	2162150	0.476137377940502	0.4770026848569538	0.40197145094675957	27302	0.07591160880500818	0.07591160880500818	0
0.89817103311913	3244690	0.6249689110941404	0.6264270052707513	0.4330565411502598	28270	0.11670344735302668	0.11670344735302668	0
0.940064260998517	1434456	0.49280311717509145	0.4951071323929274	0.35191659698868677	26712	0.11111021131155406	0.11111021131155406	0
0.9367276322293623	1198096	0.4101815146083669	0.4196300177222225	0.35992244509582866	26354	0.08686448199190887	0.08686448199190887	0
0.8787691547207118	3075476	0.561098606809122	0.5616300544602989	0.41677527055558805	26634	0.08837954737622766	0.08837954737622766	0
0.912259021255561	1194290	0.4351124883950814	0.4461411623085228	0.36770144888811496	25868	0.11161035484345667	0.11161035484345667	0
0.9511863568956994	1503632	0.49270574042031434	0.49452550343977375	0.34897513837243893	26934	0.14049127830818312	0.14049127830818312	0
0.9607019278299556	2654290	0.5603919040835187	0.5632942513530337	0.383355556959251	28248	0.11797773024667679	0.11797773024667679	0
0.8952051408798813	2279140	0.595096009018306	0.5996166890971614	0.4114417389826186	27172	0.1154567695221253	0.1154567695221253	0
0.9050914483440435	2800760	0.5840100985281053	0.5858350050940336	0.40165744459686475	26752	0.12257614241574728	0.12257614241574728	0
0.9498269896193772	1154098	0.4761104934139356	0.48006929315751923	0.3463494739936022	26946	0.1313748285613728	0.1313748285613728	0
0.8355165595650025	2126952	0.6054129376984742	0.6063559545022056	0.4257683164056943	25868	0.17218835363368212	0.17218835363368212	0
0.9597132970835393	1491990	0.47850357034188334	0.4877561941192341	0.350526159338224	26648	0.10871899966794184	0.10871899966794184	0
0.963049925852694	1516332	0.4528109798454392	0.4597705606843616	0.37644183881615434	28820	0.11132706003183801	0.11132706003183801	0
0.8049925852694019	1991606	0.36683378563789065	0.37813919384794237	0.43158778334749187	24404	0.10491567399796065	0.10491567399796065	0
0.9567474048442907	2288830	0.6111967780221471	0.6110041501691156	0.35857872870783297	27158	0.1364729200115448	0.1364729200115448	0
0.9199209095402867	1453376	0.42191176960199545	0.4298632015503432	0.39081712012766817	27222	0.10740097491764146	0.10740097491764146	0
0.8449085516559565	2325198	0.614389360267057	0.6187268877483397	0.40345058131811556	24912	0.14191138400769918	0.14191138400769918	0
0.911888284725655	1072660	0.4690800413387188	0.4754110048849713	0.3574790402987796	26222	0.11295500586019529	0.11295500586019529	0
0.8944636678200693	1505454	0.39567871011111383	0.4035642181816299	0.4065195420524274	27178	0.09362540492432882	0.09362540492432882	0
0.935615422639644	2241946	0.5930602063223096	0.5932286419973738	0.3930556491336951	28314	0.12904728285587394	0.12904728285587394	0
0.9259762728620861	1160360	0.4432314460250568	0.45498370469119126	0.3835617802834356	27422	0.123640407661386	0.123640407661386	0
0.9207859614434009	1557702	0.44505113739850527	0.4544241847674196	0.3929255636479477	27440	0.1158029479572515	0.1158029479572515	0
0.9462432031636184	1226158	0.45031673654412224	0.4590074609496026	0.37044831731622474	27582	0.10878503362119157	0.10878503362119157	0
0.9253583786455759	1615418	0.5034402967165682	0.5046606000813918	0.37190796803303766	27124	0.1001503659185442	0.1001503659185442	0
0.9111468116658428	1149044	0.43113395031536367	0.44025833366020994	0.37238401927054127	26426	0.1284091197693685	0.1284091197693685	0
0.9383341571922886	2050568	0.6098421065790773	0.6097687324813311	0.38012454378890387	28368	0.1382878258592594	0.1382878258592594	0
0.9668808699950568	1052320	0.4313227946609843	0.44554436038972195	0.3706050272911951	28210	0.10847286723922576	0.10847286723922576	0
0.8325506673257539	3516966	0.6236294401534793	0.6237633266558921	0.44650305524773964	26516	0.09450149082662516	0.09450149082662516	0
0.9521749876421157	1289030	0.479295358939494	0.48158477083315265	0.36246575689772054	27758	0.11414012531738692	0.11414012531738692	0
0.930425111220959	1081732	0.5073304255683536	0.5130766269827415	0.37281377112673053	28310	0.14480950820542032	0.14480950820542032	0
0.8735788433020267	2475196	0.6214087083516098	0.622440596288963	0.40426679484487565	26016	0.1019843030399073	0.1019843030399073	0
0.9463667820069204	2673094	0.5780150700400772	0.5805726145229567	0.389784320696557	28762	0.10158128144157359	0.10158128144157359	0
0.9141127039050915	2149470	0.6093198121064309	0.6133036811006104	0.38381568917922465	26590	0.11304460403425783	0.11304460403425783	0
0.9734305486900643	1376150	0.5035557481673151	0.506091297183616	0.35150911425137193	27644	0.107675407034166	0.107675407034166	0
0.9493326742461691	1327486	0.46454782058081806	0.472646890758544	0.37651832660693185	28020	0.12364526558261223	0.12364526558261223	0
0.9509391992090954	2927796	0.5971846962858024	0.5976450073509649	0.3838988418556326	27746	0.14259067073498108	0.14259067073498108	0
0.8608502224419179	1457502	0.529330927531936	0.5339069771446071	0.389173746891291	25872	0.1576158833904662	0.1576158833904662	0
0.9383341571922886	1131400	0.47178098446274236	0.4764848414501402	0.3503758946799039	26354	0.1416393663415678	0.1416393663415678	0
0.9340088976767178	1261978	0.46855949559056304	0.47595027856876554	0.36846557682714215	27438	0.12249590540233755	0.12249590540233755	0
0.8622095897182402	3025060	0.6261842671950355	0.6269984933450728	0.42992757961549843	27284	0.10522910628698263	0.10522910628698263	0
0.9017548195748888	2599318	0.6061722583098715	0.608960334536656	0.4124091148597549	27182	0.1207446649321048	0.1207446649321048	0
0.9558823529411765	1011206	0.4932161807799483	0.5016090975621776	0.36145920939003173	28000	0.14015348515189183	0.14015348515189183	0
0.8956994562530894	1150746	0.428814731507468	0.4378635749937198	0.37660944499416327	26768	0.12665456307270276	0.12665456307270276	0
0.8520761245674741	2134772	0.584550004465374	0.5880930154542564	0.42436096777027776	26726	0.12900086796731128	0.12900086796731128	0
0.9105289174493327	1530758	0.5117621419563431	0.5174346034628595	0.36767340776601687	26624	0.12181594228219768	0.12181594228219768	0
0.8819822046465645	1327218	0.44112734551621746	0.44966078792189107	0.3983349020919094	26658	0.14604185902854858	0.14604185902854858	0
0.9058329214038556	1174748	0.4152144793044656	0.42624392720753695	0.3690045062874731	26122	0.10161243653648207	0.10161243653648207	0
0.9503213049925853	2123376	0.58993930769675	0.5900728881265982	0.3794796016507091	27584	0.13330634626000235	0.13330634626000235	0
0.8774097874443896	2262566	0.6275684898537696	0.6289448545296376	0.38480304670705284	25474	0.09564421725192236	0.09564421725192236	0
0.9321552150271873	1004854	0.4262666280680641	0.4356880333618271	0.3823134102353318	28008	0.12026648650764084	0.12026648650764084	0
0.9438952051408799	2458424	0.6294575445172209	0.6293961231785429	0.38277144286381964	28518	0.14289476828554767	0.14289476828554767	0
0.8696243203163618	1837280	0.5075529774262365	0.5113202077166772	0.4083202368574057	26658	0.13522007934070743	0.13522007934070743	0
0.8232822540781018	1747938	0.5033985096148889	0.507902219045894	0.4097717859177306	24790	0.13670793434526377	0.13670793434526377	0
0.8947108255066732	2951862	0.569613035690436	0.5713894730696468	0.4176950961352874	27214	0.10270797033953283	0.10270797033953283	0
0.9479733069698467	1823316	0.4917501015776884	0.4964840181895452	0.37423224698187146	27246	0.1323076420712592	0.1323076420712592	0
0.9242461690558577	1889782	0.5724035278094931	0.5783257817008484	0.37999310676270065	27132	0.11621602896938227	0.11621602896938227	0
0.9387048937221948	1472066	0.4430448779938538	0.4513539111119526	0.36768396770235784	26806	0.10740666020905344	0.10740666020905344	0
0.9183143845773604	1758018	0.4800168544409938	0.48154213093039616	0.3859898778566038	27056	0.10137477061849672	0.10137477061849672	0
0.948961937716263	2894414	0.5753715267653883	0.5762104428510036	0.3911337166875206	27958	0.10363197324434624	0.10363197324434624	0
0.9530400395452299	1377504	0.4778078799403321	0.48056509010348764	0.36662635689529344	28476	0.09999456697078803	0.09999456697078803	0
0.9506920415224913	1097782	0.4449434518860018	0.45620670342465797	0.35921907259363417	27652	0.11690564832018062	0.11690564832018062	0
0.9756549678695008	1054140	0.4798381400422123	0.49080649197024523	0.3591489368983756	27768	0.12131369644044306	0.12131369644044306	0
0.8816114681166585	3121532	0.6079137267041186	0.607496088219473	0.4288228345461329	27562	0.12831572421861723	0.12831572421861723	0
0.9666337123084527	1371486	0.49133515051001525	0.49146300918489594	0.3491292851741976	27888	0.08134411359911242	0.08134411359911242	0
0.8687592684132477	1822472	0.5969760138000829	0.5973295152173614	0.3904140238139553	25694	0.15819147831690458	0.15819147831690458	0
0.9438952051408799	2266316	0.6006281521815884	0.6074913842274204	0.3674020249688392	27028	0.13709963177906853	0.13709963177906853	0
0.8837123084527929	899540	0.45234587437373813	0.46046110517318173	0.37072932839786743	26140	0.12686196329449176	0.12686196329449176	0
0.9773850716757291	1212316	0.4777775666449909	0.48012292768898696	0.35566437022362	28980	0.1036497475890212	0.1036497475890212	0
0.9134948096885813	1905248	0.5013121904528984	0.5044821596203557	0.38592549694928246	27122	0.10102563258837467	0.10102563258837467	0
0.8220464656450815	1753030	0.5775109888667015	0.5785056725766479	0.40590703441716364	25578	0.16211495229531656	0.16211495229531656	0
0.9586010874938211	888892	0.436401542629328	0.45292129875914694	0.344579991965436	26950	0.11786427184527964	0.11786427184527964	0
0.856277805239743	4042188	0.6152980936194734	0.6168444433120184	0.43256828373194384	26298	0.09012975359201632	0.09012975359201632	0
0.9233811171527434	854580	0.49188142506888677	0.4991816156396123	0.3377530430350784	25816	0.14664026563414592	0.14664026563414592	0
0.833292140385566	1612056	0.5054677827175212	0.5089739042439623	0.4156545127610227	25888	0.1435108578963083	0.1435108578963083	0
0.9453781512605042	1526144	0.48316565021730384	0.49188335826257323	0.36742473301766837	26780	0.10837006824630173	0.10837006824630173	0
0.9408057340583292	1242532	0.5151448825538892	0.5193418433704845	0.34844391070489816	26934	0.15711686088100066	0.15711686088100066	0
0.9087988136431043	2494902	0.5861653949928424	0.586869191836055	0.3675690415295992	25950	0.10328706398412578	0.10328706398412578	0
0.921403855659911	1500894	0.46327691211318633	0.47279229490044544	0.37641568526168556	26588	0.12357841872918755	0.12357841872918755	0
0.9321552150271873	2674492	0.5361183355848427	0.5445403307379341	0.40800000432090716	28102	0.11440060672393694	0.11440060672393694	0
0.8985417696490361	1626746	0.4802792172968933	0.48150572229591876	0.3874570891859987	26922	0.11787219918761399	0.11787219918761399	0
0.8479980227385071	2656012	0.6132090319346123	0.615950532124175	0.43757637819146217	26878	0.09140712557566112	0.09140712557566112	0
0.8727137913989125	2114964	0.5792192367280592	0.5873351741854732	0.38967041485271053	25634	0.1107132663402613	0.1107132663402613	0
0.7858378645575878	1486472	0.5298871606822418	0.5314219713874574	0.40199718167817705	23080	0.12492868112115073	0.12492868112115073	0
0.939817103311913	898474	0.45815299736028364	0.4714728545009614	0.3569705832544075	26958	0.13519653099880816	0.13519653099880816	0
0.8818586258032625	1564514	0.45578699282242535	0.462312116144094	0.39573148127440466	27148	0.11330756030633933	0.11330756030633933	0
0.9020019772614929	1853294	0.5037306394694528	0.5053625218969381	0.3893278726492731	27092	0.10649365458323397	0.10649365458323397	0
0.8765447355412753	2969066	0.5810277274765085	0.5816391009731653	0.4258433900558897	27338	0.08539702077840007	0.08539702077840007	0
0.9379634206623826	880730	0.5027883215473075	0.5105670803595018	0.3427881844341227	26508	0.15963031927344057	0.15963031927344057	0
0.9468610973801286	1435462	0.49968763103142283	0.4999747775422938	0.3485968124333478	27270	0.12579650666029238	0.12579650666029238	0
0.9660158180919427	1499336	0.45442312940531826	0.46140902348094076	0.36173757485211605	27426	0.09682485938315118	0.09682485938315118	0
0.8695007414730598	2993482	0.6237791037489319	0.6225191321177238	0.4228408905011623	26034	0.15332245924667695	0.15332245924667695	0
0.95365793376174	1021344	0.42707022149014634	0.4363988937529528	0.3410177308879134	26444	0.11080244097303295	0.11080244097303295	0
0.8330449826989619	3194838	0.5988403838213908	0.5993096883523173	0.4146576397663306	25104	0.10554320763356884	0.10554320763356884	0
0.9604547701433515	1263388	0.4693839288641995	0.47540166886837204	0.35023078498094357	27338	0.1037440873662782	0.1037440873662782	0
0.8954522985664854	1269018	0.5099975487190399	0.5190408251152537	0.3829901294640173	26628	0.15865541971714223	0.15865541971714223	0
0.8362580326248146	2197646	0.5692912733558193	0.5762101594648225	0.41316835520230294	26150	0.1358891117033044	0.1358891117033044	0
0.9610726643598616	2654936	0.5757164097910753	0.5769586815544663	0.38701392446994315	28168	0.12807723638927296	0.12807723638927296	0
0.9104053386060307	2162912	0.6072964308544518	0.6081742071428341	0.40774362947067894	27694	0.13413844441279754	0.13413844441279754	0
0.9495798319327731	1877766	0.5589394209699032	0.5664762590658979	0.3830199579272473	28292	0.11293832444677898	0.11293832444677898	0
0.9189322787938705	1871758	0.6039532420990228	0.6049560837809579	0.363963402767063	26622	0.15382006453057748	0.15382006453057748	0
0.9241225902125556	1317882	0.47027450546793426	0.4776221798906776	0.3737239147229921	26940	0.13055019620208383	0.13055019620208383	0
0.9455017301038062	1540824	0.5332639128774652	0.5395022125661743	0.3632064669526691	26934	0.1184614374208477	0.1184614374208477	0
0.9712061295106278	1276098	0.4655052372787292	0.4752905418341253	0.3707274833104257	28418	0.12546653287778248	0.12546653287778248	0
0.9133712308452793	3554044	0.6392480723292119	0.6407987090852328	0.39333566768051503	26664	0.09345751304566208	0.09345751304566208	0
0.838111715274345	1202578	0.4944674788561225	0.4969416867754138	0.38557179124582164	25114	0.17407538645681642	0.17407538645681642	0
0.9422886801779535	2195416	0.6048650807394572	0.6118464015679655	0.36241920258267496	26626	0.1339805933104685	0.1339805933104685	0
0.8672763222936233	2042580	0.5823222871497907	0.5828710650848444	0.4028462392719904	26698	0.15864470617177112	0.15864470617177112	0
0.9293129016312407	2163228	0.6074569601635572	0.6088227296228544	0.3962663941969986	28210	0.1086833992535091	0.1086833992535091	0
0.8510874938210579	2332464	0.6033604243720928	0.6031008614601696	0.3959543960549772	24700	0.16302126086844926	0.16302126086844926	0
0.962926347009392	1453704	0.47088834830075993	0.4718005553761533	0.3497475111363577	27910	0.09112045422576581	0.09112045422576581	0
0.9097874443895205	2113202	0.5057970787550129	0.5069941584551055	0.38710920728223397	26628	0.09634143446768016	0.09634143446768016	0
0.8594908551655956	1164524	0.4018368412970926	0.40943965651276554	0.38025479114000943	25816	0.08783069540202432	0.08783069540202432	0
0.9510627780523975	1851008	0.6073838310286216	0.6069572545776698	0.3701653873450026	27968	0.15793853072132155	0.15793853072132155	0
0.9237518536826496	1856532	0.576124490298551	0.5814705175724726	0.3782822879060259	26604	0.12087229028279439	0.12087229028279439	0
0.949209095402867	1887912	0.48518340931319776	0.4859223152905139	0.37800915566894117	27576	0.09961356136309078	0.09961356136309078	0
0.9704646564508156	2207568	0.5764755746513195	0.584596833790851	0.36600398609054324	27834	0.1193446456480295	0.1193446456480295	0
0.9600840336134454	896722	0.4889787834898666	0.4958365148447679	0.3437067765997168	27044	0.14426801877519435	0.14426801877519435	0
0.9330202669303015	2708018	0.5922728066343549	0.5926641302823058	0.3781362650175417	26910	0.12103962435748604	0.12103962435748604	0
0.9053386060306475	1474996	0.45905658110993103	0.46404614253671267	0.37156663148327723	25654	0.09541221227245768	0.09541221227245768	0
0.8881611468116658	3216500	0.6284595952927946	0.6302879763471702	0.42576093535283127	27216	0.1083931707373532	0.1083931707373532	0
0.9610726643598616	1816222	0.46993666192808403	0.47100354759977514	0.37311251663398104	28414	0.08330575880845693	0.08330575880845693	0
0.9209095402867029	1554534	0.47258597993107077	0.4782915836755465	0.37776952932332647	27046	0.10762567433378752	0.10762567433378752	0
0.9519278299555116	1126000	0.47421159592051465	0.48141376688672627	0.34978604585425593	27160	0.1357944690268135	0.1357944690268135	0
0.9568709836875927	1250800	0.4573726806284834	0.46465326990650596	0.36005313844624576	27412	0.11072102383701427	0.11072102383701427	0
0.8271131982204647	1373988	0.4868645312126704	0.49116786621073105	0.4120387215518124	25696	0.16950172565635782	0.16950172565635782	0
0.9592189817103312	1847814	0.5012551448693555	0.5066092258816838	0.3735804799569606	28140	0.10026584909628339	0.10026584909628339	0
0.962679189322788	1220208	0.46484500685138336	0.4657785727686686	0.3285031326526996	26474	0.08047267554785206	0.08047267554785206	0
0.9180672268907563	1870724	0.5885434288955904	0.592084338909429	0.37801619699011463	26590	0.12652632874300246	0.12652632874300246	0
0.9382105783489867	1005674	0.49858169351070375	0.5067203578365334	0.3576953009094601	26856	0.12757725648898097	0.12757725648898097	0
0.8122837370242215	1161962	0.4304118696066816	0.4392828437598251	0.4085509428992959	24986	0.1235460139394194	0.1235460139394194	0
0.9518042511122096	1030352	0.4975002407375178	0.5045459490458967	0.364111377658094	28432	0.13740902731503465	0.13740902731503465	0
0.930425111220959	1194672	0.4443814990924609	0.45045006077608307	0.3772554318737496	28258	0.0942525943509821	0.0942525943509821	0
0.9636678200692042	1018608	0.4922428689382325	0.49865503839283437	0.3488131005213599	27102	0.12858784975966975	0.12858784975966975	0
0.8680177953534355	2214062	0.5962665347016803	0.596379974254208	0.4112193905302721	26724	0.15216138315659067	0.15216138315659067	0
0.9143598615916955	1481776	0.4691982988776491	0.46993792313336796	0.3549625996058696	25914	0.09376865085388825	0.09376865085388825	0
0.8758032624814631	2558932	0.6003333140481177	0.6000852728672731	0.3919652042049293	26184	0.1172623343976612	0.1172623343976612	0
0.944760257043994	1569876	0.44695582688526175	0.4539089857265672	0.37558526159586075	27774	0.08771536409371881	0.08771536409371881	0
0.9079337617399901	2851000	0.5922758627456245	0.5928194826332878	0.39395875029840793	27298	0.12285515296534481	0.12285515296534481	0
0.888902619871478	2928352	0.5751629554784347	0.5750850566131541	0.4146148546434249	27466	0.0931605334102558	0.0931605334102558	0
0.9099110232328226	2329482	0.652939134232647	0.6532601182308567	0.3885159057188637	26708	0.15203967128905557	0.15203967128905557	0
0.7921403855659911	1905794	0.5104135671376876	0.5119835117395196	0.4256095595306871	24094	0.1600774052889711	0.1600774052889711	0
0.9170785961443401	1293284	0.4415043260003073	0.45070140318027024	0.3917368094560121	27740	0.13493901304337444	0.13493901304337444	0
0.9348739495798319	2165012	0.6051424680771879	0.6069027723722653	0.3890465938604864	27398	0.15774341079915802	0.15774341079915802	0
0.9459960454770143	2236130	0.6016892918720582	0.6012552728993084	0.373591175308716	27904	0.13570914167907763	0.13570914167907763	0
0.8871725160652496	1343332	0.42179172866114184	0.43092056766006165	0.39295649990032877	26792	0.11885665043356765	0.11885665043356765	0
0.9542758279782502	2269666	0.5693185514018118	0.5754224910189657	0.37156369123845895	27806	0.11720292254976479	0.11720292254976479	0
0.8781512605042017	1242492	0.4338759582349956	0.4408811851397972	0.39123167222040794	26484	0.11569181654919637	0.11569181654919637	0
0.8978002965892239	1566374	0.5257589972210527	0.5281447996956418	0.4004150078507291	27428	0.15594360166943663	0.15594360166943663	0
0.9330202669303015	2686208	0.6095771849891105	0.6114228040077343	0.3773360126699216	27478	0.13435449195485796	0.13435449195485796	0
0.9436480474542759	2511676	0.5793094993577339	0.5833589464782962	0.37382590615517636	27766	0.109049224893278	0.109049224893278	0
0.9703410776075136	1306334	0.47295056488149223	0.4731253516056573	0.34650289530712725	27760	0.08957080847188803	0.08957080847188803	0
0.8534354918437963	3343484	0.5618072094028677	0.5637975608851823	0.4368621909675123	26798	0.08236588935208687	0.08236588935208687	0
0.717498764211567	1880044	0.5084523273079913	0.5106630616505162	0.4474426214260772	21774	0.2405153304893147	0.2405153304893147	0
0.9390756302521008	1454034	0.46489048012212636	0.47388228514411007	0.37026609260205845	27396	0.10426576636068723	0.10426576636068723	0
0.921156697973307	1956116	0.48285471657447204	0.4889958389190247	0.41848907629751203	29108	0.11897861721842647	0.11897861721842647	0
0.8651754819574888	1510176	0.4623776041766878	0.47015353961746936	0.3963507469206637	26084	0.1421210794941723	0.1421210794941723	0
0.9429065743944637	1356754	0.4931723292784645	0.4947514373174882	0.35873884801899986	26948	0.12064288378339584	0.12064288378339584	0
0.9113939693524469	1199356	0.525331660144546	0.5268519536487238	0.3594566633118132	25376	0.15095100792875335	0.15095100792875335	0
0.957983193277311	947762	0.5055910866555894	0.513217305091272	0.3589028128715481	27884	0.1634056578962694	0.1634056578962694	0
0.8875432525951557	2748250	0.6029269541158607	0.6055447230972573	0.4060035705814104	26704	0.09590775853807694	0.09590775853807694	0
0.9347503707365299	2777986	0.5616685898590017	0.5623295332530455	0.4036481674914845	28756	0.08759340073953138	0.08759340073953138	0
0.828719723183391	1780268	0.47005666664974544	0.476534016155586	0.41741820608884544	25194	0.10324767319041218	0.10324767319041218	0
0.935615422639644	1133590	0.5428016364479554	0.5425823158636288	0.3509225254970354	26856	0.11631526204787207	0.11631526204787207	0
0.9747899159663865	904816	0.4316865058953466	0.443629957557866	0.3435645887599958	27876	0.09269363867618428	0.09269363867618428	0
0.8960701927829955	2060508	0.5065496489481801	0.506144064687832	0.3929647050274321	26028	0.11513140030451981	0.11513140030451981	0
0.9530400395452299	896682	0.49377946549838675	0.4999384637822573	0.33722850295305723	26538	0.13487672229165606	0.13487672229165606	0
0.9205388037567969	1229432	0.4633731104501055	0.46334355372989783	0.36055329744566905	27378	0.09250200260536767	0.09250200260536767	0
0.9058329214038556	1217196	0.42888090719274863	0.43952353545144596	0.3799572809469552	26260	0.13641097091037174	0.13641097091037174	0
0.9457488877904103	1104096	0.46601006823858554	0.4662649522975353	0.33532390545156665	26308	0.10115560323133915	0.10115560323133915	0
0.9269649036085023	2701118	0.5861806873873043	0.5863718507769754	0.38856889698787644	27398	0.09106819186404787	0.09106819186404787	0
0.930919426594167	1251904	0.5272676322976313	0.531282375145875	0.3562107377322443	26730	0.14727128249590626	0.14727128249590626	0
0.8561542263964409	1962748	0.6198607417658183	0.6197059818790015	0.4136473238190515	26904	0.15273238639927278	0.15273238639927278	0
0.9222689075630253	1548102	0.5333587435355602	0.5405450796028469	0.37764395688280755	26914	0.1358089333479712	0.1358089333479712	0
0.8631982204646564	1221648	0.4985358888396352	0.5029759575232973	0.3832438487160528	24974	0.14569965708896657	0.14569965708896657	0
0.8728373702422145	1327396	0.5052717098169373	0.5102613356143321	0.39048230422392644	26588	0.13395189962553614	0.13395189962553614	0
0.9147305981216016	1617928	0.5647129827686519	0.5682391395060015	0.38833543633501844	27504	0.13624918745514733	0.13624918745514733	0
0.9646564508156203	1857964	0.5955636495630853	0.5959951709614618	0.357444207817965	27814	0.12637137188995934	0.12637137188995934	0
0.8913741967375185	3133918	0.5665959427621725	0.5672419557631543	0.4094217853144175	26704	0.09249694949305044	0.09249694949305044	0
0.9672516065249629	1719738	0.5000838902839186	0.5019831409399751	0.372644226917695	28852	0.08788021149699021	0.08788021149699021	0
0.9222689075630253	1828274	0.504393214690283	0.5048948677976688	0.3944261538478498	27362	0.13260171534361784	0.13260171534361784	0
0.8156203657933762	1202822	0.45824541517703515	0.46656369305832235	0.4015271529247562	25308	0.14765545768150562	0.14765545768150562	0
0.8670291646070193	3086294	0.5921845455815774	0.5924794694673378	0.43610883922651505	27400	0.1009883852919507	0.1009883852919507	0
0.9372219476025705	1769124	0.5894341330017335	0.5965314357446544	0.3527912411596374	26414	0.11080319319804166	0.11080319319804166	0
0.8886554621848739	2979840	0.6407061127556618	0.6412161653215765	0.4036495395529503	25824	0.14060008743936653	0.14060008743936653	0
0.8297083539298072	1510826	0.44977052172242943	0.45820227363663263	0.40657979215202816	25216	0.13464599693627052	0.13464599693627052	0
0.8787691547207118	1467930	0.4836719501072409	0.4882032049189265	0.39199314329387785	26354	0.11459964307110813	0.11459964307110813	0
0.9552644587246664	1586700	0.49539519959783335	0.49612234185740994	0.35863879599595866	27230	0.09965747778461415	0.09965747778461415	0
0.8525704399406822	2654632	0.6145411978443001	0.6156651087115522	0.432715167773932	26630	0.1267950352054109	0.1267950352054109	0
0.9452545724172021	2827040	0.5666284598536845	0.5686334328994492	0.3897947950344063	28064	0.11381197091703898	0.11381197091703898	0
0.944389520514088	933922	0.4771497312893072	0.4825925613009851	0.36248922096356356	27910	0.13839829303611553	0.13839829303611553	0
0.8727137913989125	2750364	0.5640360088274887	0.5665543997741279	0.4015029194760001	25884	0.1055818694755144	0.1055818694755144	0
0.9406821552150272	2341688	0.5979783706725698	0.5973601885799783	0.3743224507784688	27524	0.11845471525645944	0.11845471525645944	0
0.9138655462184874	2417066	0.6051811376253916	0.6074376123997505	0.3757996820270211	26326	0.10484343018064796	0.10484343018064796	0
0.8234058329214038	3626618	0.5759038852993944	0.577158378530671	0.45085613019812915	26210	0.1028981915037201	0.1028981915037201	0
0.8973059812160158	1558438	0.5242280619145292	0.531187922051853	0.3904768088130302	27258	0.1378072960253055	0.1378072960253055	0
0.8944636678200693	1194614	0.40589451678751587	0.41327753310761756	0.39521670427535566	27982	0.10509133352274301	0.10509133352274301	0
0.902867029164607	1732482	0.4935431206786483	0.4966339797260734	0.3937303813280537	27722	0.12023997524424085	0.12023997524424085	0
0.8360108749382106	2506980	0.5863372737426717	0.591713174397	0.4268405622826443	25792	0.1546725951968664	0.1546725951968664	0
0.9455017301038062	1266364	0.49693652228024926	0.5005627636645869	0.3620079630034041	26888	0.12973151178022482	0.12973151178022482	0
0.8884083044982699	1843646	0.44283581060070376	0.44892368617502115	0.4151633988640677	27290	0.13463965677709702	0.13463965677709702	0
0.9657686604053386	1565998	0.5034959619162456	0.5072814107918585	0.355593208188189	28210	0.08689642290790651	0.08689642290790651	0
0.9550173010380623	897596	0.4914974126952046	0.4981308430047566	0.3371940860207376	27010	0.13278359124987346	0.13278359124987346	0
