Utilization	Connections(A2A)	Lvl1TraffRatio(A2A)	Lvl1TraffRatioNoIndirect(A2A)	RatioIndirect(A2A)	Connections(AR)	Lvl1TraffRatio(AR)	Lvl1TraffRatioNoIndirect(AR)	RatioIndirect(AR)
1.0	131592	0.031079556012498663	0.030608809396480734	0.33061079753089656	6746	0.12774167057793784	0.08232940608127474	0.19166794596424785
1.0	105678	0.028768104994097085	0.02855278290077368	0.30823578941052926	6660	0.01499674056786126	0.017905603635091246	0.2070861349281785
1.0	253400	0.28696700040989104	0.286908952327955	0.35663604141569194	6926	0.12219737002680069	0.1544737597486116	0.2117800029677955
1.0	80274	0.2549880576975879	0.25632309229826633	0.2750566588306334	6214	0.09164091721677957	0.07430691110789794	0.20852008385565415
1.0	77084	0.011511443263516663	0.011809084072608802	0.28528359060932335	6308	0.06349019631501696	0.037642496446410545	0.2174102166925892
1.0	170430	0.008158830587854805	0.00831187835935841	0.3191769889939366	6534	0.009852943069681321	0.009157288192438839	0.1894202180936988
1.0	90988	0.010777919435102043	0.010468602598986604	0.28530312846961076	6548	0.043385838753907655	0.06713129276717805	0.2021866714865738
1.0	71378	0.0894162157434263	0.08944396951352976	0.2903478519859696	6536	0.1281113148266779	0.13480750938003294	0.1946570674203647
1.0	156838	0.37922249188071105	0.38173882886785165	0.30505701461451107	6708	0.11443714289887123	0.15699426256363178	0.19773236095699506
1.0	90160	0.22279029435859918	0.22296174682052203	0.29337625015525504	6516	0.1120285633192671	0.12962617040717853	0.20475744449652886
1.0	159452	0.09595388197698751	0.09582855573784094	0.3108853044660555	6730	0.0752094348203365	0.06981470792760515	0.19874180175314074
1.0	103968	0.1655679311829687	0.1654195349490588	0.29711215325170387	6376	0.11427435642296865	0.10790992477809566	0.20262671196260504
1.0	79758	0.31624535672364723	0.3184200954252453	0.2904386549102796	6112	0.11396945233341729	0.1250780823198969	0.17578667363282882
1.0	85502	0.022335828689881633	0.02187172971924162	0.2820440032954449	6516	0.023964533730158732	0.021952883979520693	0.21421754818884775
1.0	184934	0.3578410706529162	0.3585537501226677	0.3216607908084474	6760	0.1345074536073477	0.16388139042016092	0.1951705018176201
1.0	179520	0.39134466155800723	0.3923046745962508	0.3330648176529342	6750	0.11085378767388453	0.11839907960121906	0.21321301848809496
1.0	68188	0.02268670333314097	0.021023017400747208	0.28186336092701425	5844	0.03136230028919547	0.05890286246612466	0.1908508976301926
1.0	86038	0.006168724841790232	0.005851566969298928	0.29258463829248316	6632	0.028233376095711762	0.03702464293747189	0.2108329873571808
1.0	53314	0.029725299804436785	0.029819310939641845	0.266552435007315	6050	0.047505792089563105	0.07976058135704875	0.20917973907374476
1.0	85402	0.12055426268690744	0.12017498081844581	0.28305008361390976	6292	0.12328784293121309	0.1454664797606608	0.2116324390629721
1.0	85380	0.013344321368285204	0.013866413467447835	0.29313237900198025	6548	0.023343418246652606	0.010427000278989178	0.19878177050097603
1.0	147434	0.28093558826500875	0.2825887219332444	0.2997732275859138	6406	0.11198388187765632	0.14568377544441377	0.20158097025594834
1.0	131216	0.009027464248264406	0.008861115871481775	0.2930740300334822	6280	0.050845567902656416	0.03017800195314293	0.19369968023397047
1.0	87082	0.02467924121401354	0.02529816631653349	0.2978604851212017	6540	0.03559298088013836	0.0180550763573207	0.1976643638181099
1.0	88238	0.03027489502919077	0.03093354364514807	0.29965603397912705	6178	0.0872522648238606	0.08247469087929615	0.18854872788880495
1.0	56558	0.01966670925494405	0.017200815400030794	0.27071923871703946	6534	0.01694744318181818	0.01656294138418079	0.18343340459595384
1.0	144038	0.42388835036367223	0.4256678578298803	0.2940805916013207	6828	0.12863412829348708	0.1623743458477272	0.18892430175504638
1.0	110646	0.14164721903016747	0.14180101116191526	0.30486591975842053	6494	0.14968409751568598	0.13300838343137827	0.20318888057688736
1.0	62382	0.008576195245785609	0.008362550790699273	0.265713280964313	5894	0.05374295045322178	0.03022000976964212	0.20094496419763855
1.0	110288	0.006726481943714317	0.006482528967868554	0.30713411068203134	6336	0.05637472095342623	0.05631092741738861	0.1847432566620487
1.0	163810	0.05928402061733684	0.05994398622857434	0.3126043200739841	6630	0.06764917166597495	0.08236673313099944	0.21195405787716745
1.0	65772	0.004858610136875066	0.0052124308382435185	0.2750136048093101	6338	0.059474419915664656	0.05936134661192252	0.18366265516731015
1.0	218920	0.22671974324224523	0.22575847208779448	0.3634115255045561	7110	0.1687091978020131	0.21558619317271008	0.20239339518001645
1.0	89764	0.11001350811979038	0.10908022741901818	0.2797981581607118	5834	0.07867923684625365	0.06091498943940384	0.2108430858198047
1.0	106560	0.007427687518565405	0.007581343960054057	0.3104509266966857	6456	0.022863393141745295	0.03417715484363081	0.21020636259415026
1.0	75876	0.07263544160766423	0.07520546856873404	0.2736568407930035	6050	0.10777532596193579	0.15101179202741705	0.19446845381051167
1.0	227324	0.10993689537419722	0.11051302150258763	0.35431260795865405	6984	0.07381601039483279	0.08543810447250604	0.22161741217161116
1.0	189248	0.26608580438714285	0.2640668008344335	0.32480404493589893	6906	0.11491572851036361	0.15973114620999546	0.1962618937310684
1.0	104420	0.0144307633026696	0.014162342982504038	0.31249103550504964	6610	0.03343037551429156	0.028216340884179757	0.19902187279823846
1.0	79898	0.0033661900058609947	0.0030808937948422228	0.2810290888315747	6046	0.003199688532926519	0.006047375557165756	0.1963543349303929
1.0	175136	0.07884123478456309	0.08039230780728977	0.3206169305340622	6868	0.10854382419933974	0.15990361479250836	0.1960383065263076
1.0	180692	0.14187878124268288	0.14153485207549718	0.32854290059008834	6650	0.13418880130798574	0.18426122814325355	0.20659033326381684
1.0	82994	0.05594375611557244	0.05470220796287583	0.31076739225761546	6466	0.1094586304418099	0.11345568725094057	0.1923172083264475
1.0	54892	0.005653185854924378	0.00550902377142495	0.27385041953098194	5842	0.025575759159600704	0.020511033463336093	0.18787476923150456
1.0	92326	0.08168352626224723	0.08350512525523332	0.29134603719338426	6782	0.08381600756841617	0.08953654961401811	0.19815633123434104
1.0	63284	0.045042401414630485	0.046996557842716245	0.29050251335908567	6294	0.06582378167585495	0.09870956249632717	0.19645566860146557
1.0	218328	0.06988350371948399	0.07072790462646829	0.3278550672182901	6594	0.10165750578201002	0.129657605442138	0.20075278508966876
1.0	59136	0.02350494328318699	0.02402279803060562	0.28732876227168025	5974	0.02993012422360248	0.03781702898550725	0.199905558692568
1.0	145796	0.0022112295658030007	0.0021646591232685783	0.28437433759128555	6296	0.022185293976278882	0.01362542118296594	0.19179833257290388
1.0	98546	0.10886885716739494	0.10747338131709729	0.2989673987363571	6362	0.08016733898760053	0.08397028249910364	0.1768722232037947
1.0	215014	0.0514235116544231	0.05101041869232561	0.3617865739003017	6984	0.05221919339832229	0.05045673040101615	0.20977538187907382
1.0	108850	0.1172175990232855	0.11602005717974612	0.32020241897097634	6634	0.08258619217057263	0.06886144418263336	0.19366276175337646
1.0	172142	0.16698726304416503	0.16796890717271107	0.3137543884956197	6524	0.1707443527319108	0.24888765748140748	0.20104529209331967
1.0	56300	0.017071702926219914	0.01648176472251585	0.2555917562994105	6196	0.02163007938810934	0.018998729811073364	0.2010854620864618
1.0	91054	0.011971041821447596	0.011316628999671152	0.2933509548470129	6346	0.06144534817131982	0.046104067282049084	0.1990498902740229
1.0	100056	0.010087245996049963	0.009873773356427628	0.31749179806322897	6292	0.023358151110932302	0.029152898606023606	0.19408858076486457
1.0	69220	0.007698316022048469	0.007755420107574901	0.27829241845370495	6120	0.050347614639522115	0.03892091983429959	0.18689375745133122
1.0	140158	0.0015762821492160998	0.001410018197468862	0.29149102603645727	6760	0.016162840972764627	0.020585070772149845	0.19833948469447338
1.0	94382	0.0017306988377500053	0.0017623008411022357	0.2880344895095965	6474	0.022355001416605697	0.021356233465608464	0.21009979788174818
1.0	89348	0.011114223547081373	0.010613420714238549	0.2965121697226353	6196	0.04531934802047834	0.05569331983805668	0.21648585042024238
1.0	137254	0.002405542476525327	0.0021850204578964935	0.29269017999018726	6244	0.026952277941577982	0.035552127217346005	0.2017021939603648
1.0	103044	0.013628396824885288	0.01382954346118997	0.2943999680960958	6868	0.044944029916489145	0.036683442254410864	0.1951371161738056
1.0	80060	0.0049139884643516684	0.004871326568551543	0.30328980309293385	6776	0.03204759073049052	0.03372333532695375	0.20545422064500696
1.0	83520	0.26539336482860315	0.2676655801131849	0.29091108517016023	6516	0.10871030926776479	0.11773393109117711	0.20644313113400248
1.0	187866	0.0399144175880008	0.03952912532414801	0.33510875013777147	7000	0.045318099765862666	0.04843342465323989	0.198559038803196
1.0	141540	0.2951917827693004	0.2967422065091368	0.3288861616153228	6752	0.18139864205850023	0.20782324500792018	0.21184100772176007
1.0	172990	0.0039361358026807364	0.003917279623155448	0.3348527802426596	6996	0.00782048471901274	0.015983228668261563	0.2011072871700564
1.0	98180	0.34413940574818896	0.34412029343373485	0.2953901113625677	6836	0.2281719970946721	0.24280438117640205	0.19465033912925991
1.0	201400	0.0919173538893892	0.09248693028393756	0.34703202102535985	7002	0.0655020570359028	0.06545162984912403	0.20249706634390607
1.0	64498	0.014085005590680362	0.013858709021259047	0.28721040816370513	6328	0.014378711861862676	0.0028100296442687745	0.20555583569493763
1.0	92900	0.20799578161387677	0.2099313069202262	0.28877174210922446	6348	0.09377199877947427	0.0796333956508347	0.181271347168114
1.0	44852	0.0158766841363659	0.016860959793813204	0.2434173655858853	6490	0.01045443511180418	0.009469482139910907	0.19294428312151915
1.0	188458	0.12869590406533157	0.1285380260359214	0.3337000958782126	6408	0.11690133397947723	0.11276238419088652	0.19712842221413626
1.0	65922	0.018744861836000607	0.01799346831190097	0.2783194959218509	6542	0.03953615079232442	0.04829720059715053	0.19452896565246025
1.0	262516	0.0696689798687147	0.0697077539414664	0.3684907175692072	7222	0.0792445905589788	0.08738357717147757	0.2120912952426872
1.0	89370	0.058805480720571256	0.05779844612557808	0.3110608788773837	6788	0.04750027259566775	0.042664433817499146	0.19240547140428851
1.0	113458	0.13196435363961087	0.13202041864361874	0.3147317355634501	6386	0.0757790452467044	0.078000594356051	0.2055674209839066
1.0	164524	0.0007189771186012191	0.00079687293313231	0.3218468924206894	6522	0.008179014962098916	0.008551483238983238	0.20968293180685535
1.0	80286	0.3097288331761803	0.3133106533935043	0.2796849788933581	5940	0.15657298353305873	0.1492143542520698	0.19967617209411567
1.0	90222	0.025756455530855992	0.027050728523827207	0.3066512152362465	6454	0.02473128575610193	0.013671875	0.19068250735396727
1.0	91026	0.08670598595616076	0.08671156113221731	0.2985966256063049	6632	0.11738761124705432	0.101710646693942	0.19455863401289195
1.0	68088	0.03440189847664957	0.03249008787028216	0.28279311504787713	6446	0.06044693334345613	0.09868965510159974	0.20159020223946186
1.0	151832	0.00821545324775905	0.008500746011694194	0.3113722467986173	6610	0.012194289375547302	0.011695075757575758	0.20021709640171825
1.0	112748	0.15971514616780344	0.16012946186230526	0.30706504745161417	6374	0.08156899123434144	0.07694865297997869	0.2109413122290191
1.0	199572	0.31026932748681624	0.3117051395309453	0.345920899588289	7142	0.14216234928135252	0.16807440478325428	0.20910156577848635
1.0	81720	0.2558110102939637	0.2553996050140365	0.2946248438387481	6118	0.12370890360282938	0.13247414372534258	0.1982578123170052
1.0	117314	0.1386864794672314	0.1401937957138562	0.29952135764179005	6740	0.10213608728881257	0.11849433501547472	0.20966753496842735
1.0	116508	0.0003479006738202513	0.000509152768191951	0.3128895268964163	6668	0.0060262427767958735	0.007465678579123957	0.19800631687622897
1.0	69872	0.19044435001920182	0.190020835875662	0.2575979208183143	6060	0.1464475530766891	0.12613357355205182	0.17537952487981237
1.0	133394	0.35770962276218404	0.36174004617819033	0.3033697130109085	6242	0.11855775292020335	0.1294262886134116	0.19418304613075987
1.0	64076	0.020706716709139452	0.020513046209628478	0.28246598496110126	6300	0.02148303704551161	0.026572034706331047	0.19517032830009987
1.0	172090	0.038892990433817914	0.0383254729118514	0.31501469392968945	6584	0.03925695391813532	0.04222238137679314	0.20912633012575824
1.0	173670	0.002860769898094978	0.00297834627066805	0.3183185941243318	6858	0.013088879520233779	0.012178273115773115	0.20116246858536327
1.0	195918	0.20630249727458705	0.20530811134977883	0.3484921633401104	7034	0.12338255636773866	0.17257925409699706	0.20396388226212528
1.0	42396	0.03964748414231867	0.04229366659808131	0.25964032996182085	6440	0.09823409461370575	0.08186591242777304	0.20307470472211622
1.0	78654	0.25149568725598115	0.2535075355171094	0.29321262038552726	6488	0.07960630334708754	0.08828414823480613	0.20092278635220925
1.0	188394	0.06854483074552611	0.0691005664285852	0.342580670686838	6746	0.0505519646700058	0.06570973015749189	0.20367168629827737
1.0	79734	0.012218796736503305	0.012566950409052575	0.3071755595641216	6264	0.04427744836151707	0.035779773019022056	0.20969053474473942
1.0	81526	0.013641938735910722	0.0128810033964461	0.303974329288106	6438	0.0403640302274756	0.03710363718658195	0.19252781741435154
1.0	78202	0.12073260856561722	0.12020269026065232	0.2820033982304328	6566	0.06827844509392564	0.0690313524195103	0.1929428206227941
1.0	141066	0.11882067096281045	0.11894805360242221	0.32002895655041885	6302	0.09747444983531914	0.08620369008889786	0.19867262411939482
1.0	67374	0.01589974760301693	0.014507454699601746	0.27483991569019356	5604	0.029132701828495262	0.026881604914693148	0.20679999997197931
1.0	143604	0.16665019469558381	0.16586309480679015	0.33771493869638514	6642	0.17816789667993	0.14975153599603636	0.19565424001303167
1.0	175398	0.34449943773307545	0.3448054770215419	0.3264147587100394	6634	0.13224037494583257	0.18166132917654615	0.19645269309272875
1.0	48628	0.0707101258341934	0.07049011445629355	0.2708373381165716	5736	0.07289682785796187	0.07614156071641538	0.19944079689967023
1.0	84662	0.04332520172408219	0.04277558771212994	0.2744775976674173	6576	0.09356095366418642	0.07062669846775403	0.19655697009197162
1.0	79778	0.01314363543062157	0.013977143069659524	0.27391216503541876	5848	0.04211504728337177	0.040527331682992065	0.19141297895825793
1.0	56982	0.0070789449936455445	0.0072002665732246425	0.2755596966426466	6392	0.035504008660719566	0.04270534003056571	0.20240329515303782
1.0	105466	0.16795007516522686	0.1672395383214351	0.30658039304733015	6478	0.06759664108893468	0.06350706640528411	0.21108516569978372
1.0	71218	0.009369765949714604	0.009068734838529246	0.2778504596361521	6392	0.04502379757640342	0.03301397524259366	0.17062900757150415
1.0	143792	0.4510278830851316	0.4515004152682872	0.3135254416492369	6696	0.16219475648287984	0.21484155982720318	0.19588899719746658
1.0	180090	0.10900371817178701	0.11058412601629293	0.31713815649054733	6458	0.1094799268568426	0.1489966542868914	0.1994863521883984
1.0	66560	0.12945519585436593	0.12914535491755202	0.2757825689204944	6192	0.10664262589840232	0.10059657521199704	0.17655564888834605
1.0	90794	0.009296125013251175	0.008751689470730304	0.3044880007906208	6058	0.017505970446788456	0.015138815163311245	0.17249911011651878
1.0	87338	0.2323101321126342	0.23104012368221663	0.28646480152058446	6224	0.1563921312103944	0.131308164118302	0.1795890088702726
1.0	103762	0.011923768584718638	0.011531858990441225	0.2986987457378992	6420	0.010835355634348601	0.014936755952380953	0.218493749379581
1.0	93428	0.013249593234380174	0.013008553144361936	0.2962416080850245	6206	0.00808926539792045	0.010218454790823213	0.19003862873251276
1.0	100568	0.005762343121856283	0.005652293107432156	0.29867046614845555	6136	0.0830192365514309	0.08386295265407107	0.18236112924641404
1.0	154504	0.014949951917022974	0.015272235664639767	0.3065162833087196	6436	0.01708341538811976	0.012257345972825621	0.19151682902342002
1.0	136268	0.04450069232488037	0.04486520660208762	0.2967877709434183	6040	0.05339650101118045	0.0512956865438483	0.19591566673781813
1.0	80760	0.25587652467917754	0.25148930053748303	0.2908842336650408	6152	0.1735976740425315	0.2039495590726409	0.18322753280825899
1.0	134876	0.05937466443471151	0.05849277695056779	0.31943371595799286	6226	0.12059594149394323	0.14623027095453564	0.2166323935537591
1.0	100290	0.031951777892432864	0.03231946580617077	0.30824661868079584	6458	0.053284683111950434	0.04069594978459611	0.19927513768018593
1.0	47238	0.02442180706224025	0.02221311421815735	0.2715186239158012	6032	0.027781072106768223	0.03589954453441296	0.20683113527021582
1.0	95768	0.21269523717787675	0.20954413945747732	0.2854652498462818	6374	0.12119218313356357	0.09711423817691817	0.1796063574628042
1.0	123112	0.002051544364292718	0.001924907505089942	0.3196491882496642	6498	0.027531377779420954	0.02389364495074592	0.18219498978437298
1.0	151190	0.10321357867114468	0.10287147743384521	0.3080508619949642	6524	0.05314883033492035	0.04950999630916213	0.19857286372312433
1.0	179392	0.30728270560958426	0.3094516555991101	0.3263272525268332	6676	0.09477539259751931	0.11873123073680884	0.20305547906394775
1.0	168058	0.22852908450870874	0.22694740277586772	0.3209709095366045	6894	0.12023755315357468	0.16007785431724114	0.19940420759126928
1.0	78534	0.011041514017060328	0.011148423665722966	0.2956503676744536	6224	0.010851211834357902	0.011335697816676076	0.19361812215391086
1.0	92060	0.01563285690557745	0.015558252628425086	0.28346996534431806	6554	0.06550424063317506	0.0802420088226565	0.20563633835340692
1.0	141676	0.002474262278083979	0.002354555452087311	0.30614677900478277	6470	0.008761051913397539	0.012351936388590523	0.19540358713398262
1.0	150358	0.18327944547175853	0.18113503580923757	0.32071547582241017	6594	0.136266787981389	0.16566318902396268	0.2016028527624796
1.0	73972	0.010138929682397008	0.010139389547511691	0.2909780832721964	6140	0.017766635965800713	0.01200915404040404	0.18932399046445683
1.0	161910	0.15298114497509008	0.1510917057744683	0.34319978944522056	7142	0.11460932295916483	0.11517425902016082	0.20901609495095133
1.0	65088	0.013178180064069338	0.012073703105276681	0.26245861789915986	6328	0.03409894275370314	0.024420787545787546	0.2145230360074304
1.0	40150	0.06294390034045802	0.06325903763885314	0.26115252396649946	5590	0.06594399813455286	0.07263933982683982	0.18903100313027388
1.0	94280	0.11383075951741842	0.11563706273163399	0.30304538445761414	6126	0.13475838913682264	0.13397881487565327	0.16763838046993076
1.0	67192	0.00843017388569978	0.007451425653356131	0.28950649269240863	5938	0.006401848233186778	0.006920983483483483	0.19324113091004722
1.0	88740	0.016733598416245228	0.01623422822923619	0.29595336501523123	6144	0.06024803983853325	0.047960657734156475	0.1898966066687724
1.0	77390	0.004231835430222148	0.0041753395950481316	0.28168334355237395	6430	0.04302403774636747	0.03659271565608592	0.19006359997849173
1.0	103776	0.16404644141786273	0.16407100511949896	0.3020081642470653	6554	0.07288240919323756	0.07863965141139052	0.20835324557056636
1.0	70662	0.3287999897259146	0.33115374213597065	0.2801259529570407	6508	0.11449491647070088	0.12213453757571403	0.21445525563398615
1.0	89512	0.0066632396143227746	0.006323353511689848	0.29601318200732385	6718	0.03209950708100379	0.025874055615603728	0.19952154322823165
1.0	115722	0.024202811326997305	0.023393514787565187	0.3166116184088568	7058	0.029624654375135083	0.02443496247434668	0.2030582485650874
1.0	79324	0.013180093359940425	0.013353701749096034	0.29262138809128463	6238	0.012620810652723273	0.00803637334887335	0.19852090398982183
1.0	169944	0.05060449236495764	0.04951340978817047	0.31706189527418865	6846	0.08986631350275069	0.09570891233800631	0.20765159996829174
1.0	88384	0.19070700972187715	0.18929105981141	0.28736966369640454	6302	0.09534493269834438	0.0886279331670569	0.176539798726255
1.0	78232	0.026367644162341	0.026397228830693856	0.2821144430790324	6250	0.09153312313594572	0.11763805724719037	0.1790847561524067
1.0	84130	0.015875119765302717	0.015372879523162833	0.29829969878018797	6446	0.06165418731246124	0.04614233397321633	0.19568528307353028
1.0	130976	0.036749130370370586	0.03720060834726881	0.33177269124324715	6816	0.03858123260643857	0.027024432939911976	0.1988113505959891
1.0	83238	0.006319729541911841	0.006159808307352934	0.2844036127932526	6250	0.055071751500322945	0.06942273412861648	0.19907461025725995
1.0	104568	0.010325152333940003	0.01007602621774268	0.30249311856896355	6724	0.011318189556524364	0.017463235294117644	0.2085600816003567
1.0	118946	0.0054747127504599594	0.00527048367113915	0.3080927181854925	6534	0.021667884990253412	0.03767361111111111	0.19177148952859427
1.0	150716	0.11595453241727037	0.11663670546116041	0.3061874862520825	6294	0.14405598646485882	0.19444581336322406	0.19528123231969377
1.0	91596	0.0033854533920004066	0.0031182715578178606	0.29689132936870316	6560	0.0067015079013882746	0.00804136284130662	0.20597487191436636
1.0	101944	0.029777605587751166	0.029134408801777714	0.31534454819101315	6726	0.04841396266840224	0.07191680789549476	0.20808564109219863
1.0	58982	0.034892104757401315	0.033688623611951525	0.26723129734373324	6362	0.032206314896122835	0.027369400472379506	0.19133938171368559
1.0	67724	0.3283277036515774	0.3349903228159232	0.2650606906534259	5868	0.09961516292289342	0.11986651190717726	0.18174800968385588
1.0	215516	0.1470224479811377	0.14844636086593496	0.3618047126685813	7252	0.1047907623795068	0.1425980826551873	0.2140051707114787
1.0	150804	0.11181514234419056	0.11308069437337223	0.3087599487584916	6288	0.13167016832071538	0.17264127755296224	0.19281520336435798
1.0	71704	0.3826444753643848	0.3831090924020914	0.2784082814186564	6522	0.12568157346140194	0.1347518380076703	0.19442319099497807
1.0	225022	0.21387228399605016	0.21406344854045287	0.333404786466131	6944	0.0825061367793855	0.10300401702056114	0.19900144806313114
1.0	196138	0.3827737590075478	0.3810716788164095	0.3436896822572803	6906	0.17885982022700309	0.15793532850008443	0.1980078669179398
1.0	89256	0.009936274155387947	0.009407781081722615	0.30519656963131053	6430	0.024957725447758674	0.016940016743363425	0.2026647054828368
1.0	116914	0.056228147835716155	0.055853787268851936	0.3163950699374524	6750	0.02671921393706588	0.027961338932806324	0.19404711810143563
1.0	127588	0.18351102912989203	0.18308106439200408	0.31573999482648324	6316	0.16287370038073185	0.19856213078179988	0.19432443755161913
1.0	78070	0.16881381931906378	0.16861880380049332	0.2858273251620811	6526	0.12804538940488677	0.0922461245830811	0.2013208034424426
1.0	97326	0.00024887866376526255	0.0003634589468162327	0.3009097145696072	6430	0.00662381601216732	0.0056740372089916155	0.18675276354975734
1.0	58930	0.03853993102319529	0.038750572935622216	0.27337180333019334	5808	0.07536095250331076	0.10958656208029971	0.19221897037806132
1.0	81224	0.011527746551962611	0.011680863551246139	0.2869412643604264	6454	0.07245063189262858	0.07202493686868686	0.1913424188144376
1.0	113286	0.1555299886978936	0.1565932736531389	0.31982551326588093	6782	0.11112171354155033	0.1339608533234795	0.1938517798223107
1.0	214976	0.11985038903182739	0.11952226937555738	0.3450918837526402	7088	0.10404052474626607	0.12779813871906623	0.2048437753415185
1.0	110244	0.005383009085605401	0.004952253459592236	0.30401998723270574	6326	0.008210761278195488	0.01221590909090909	0.2079730821067328
1.0	105246	0.042626631977905914	0.0434230055319251	0.30334523155762483	6656	0.13342545060900643	0.13983161322829524	0.18349600038426184
1.0	188856	0.03496805639232538	0.03479270274786828	0.3311309028088895	6746	0.046529424601339374	0.03661563013310394	0.19825677931869826
1.0	176156	0.0015665635524865446	0.0015045551456317593	0.33812365379780646	6498	0.006247115209590181	0.010988115161301281	0.20396469868464262
1.0	240930	0.4290083410534781	0.42827505102027225	0.34175383183395014	6776	0.14472272405336192	0.19591383733881781	0.203034771673498
1.0	172892	0.3456481922738248	0.34717400177879415	0.32447727305830437	6992	0.11274484627340442	0.16582132634522337	0.20286197817890383
1.0	118582	0.06104219517144003	0.06215400049463288	0.3208302453006167	6520	0.10015598943602204	0.10862848864284855	0.20487321439172004
1.0	61192	0.012989733188212706	0.012800951908863234	0.2842270001973175	6366	0.013905470639442028	0.02002352700490998	0.20967142023719734
1.0	71956	0.01709576304158897	0.017031029747739467	0.27732401275263313	6484	0.036521631698708514	0.05028274443835505	0.2102098566333874
1.0	113600	0.13735181942115302	0.1379331253660497	0.3032113125526809	6322	0.10241149171946337	0.1144355996447162	0.19986185843765505
1.0	171330	0.038478991794387435	0.03858480748393373	0.324528870178234	6366	0.05291020783861349	0.05377607587093849	0.19853360599955017
1.0	102894	0.18598113312583245	0.18642716193996406	0.3010924843192441	6414	0.1093138653750265	0.11218613258086942	0.2109072581087167
1.0	68916	0.2623145670303676	0.26084907120101203	0.27436237054403056	6264	0.12723884003885044	0.17029255089717046	0.20164391413067118
1.0	226254	0.20920807003669117	0.20871322258071776	0.35915888482812575	7112	0.109147424534078	0.15879933547636246	0.2089308065644626
1.0	105200	0.012418473313123377	0.012188394205651602	0.31164345649953157	6542	0.08306985125870575	0.08484103978129715	0.17919607437427587
1.0	102906	0.0033761086196491385	0.0035004903606876306	0.2964843941921248	6378	0.05110133959733919	0.04302690294810888	0.2036784276492153
1.0	88258	0.027023226198103125	0.027755935798967523	0.29774672678030084	6302	0.02918032595670281	0.03573865218602061	0.19308583453235348
1.0	99878	0.009382585388229028	0.009069123346937852	0.30160420756199596	7006	0.05849509208396786	0.04926178213602226	0.20015377073251728
1.0	46374	0.03340278493555096	0.03266999800315136	0.26012887874803364	5954	0.14887806591981806	0.16064509111117137	0.1983117603313397
1.0	125766	0.4916878763035362	0.49360163901565307	0.2871691022789268	6414	0.14076645885820727	0.18665953145268793	0.1966479348990766
1.0	110402	0.1032570842661827	0.1011438811633243	0.32133297615164075	6354	0.0856984916871229	0.0855863239015413	0.19781220185011683
1.0	180274	0.0017310292570193796	0.0016543274933604267	0.3310752625819242	6424	0.013228917308967796	0.015565252120191636	0.20454721398709966
1.0	58912	0.03867703702934408	0.038378049223545915	0.29227283680532345	5924	0.04125425170068027	0.05867075027685493	0.19697691491645097
1.0	64952	0.30518311399974146	0.31080142582807346	0.2786512614189996	5934	0.10229531963239599	0.1126361792982688	0.20190382469827148
1.0	71096	0.054975374038744036	0.054394183424936925	0.2821412921000899	6498	0.09369735430509411	0.09343994820968506	0.1709182571294724
1.0	72008	0.27530607748811564	0.2794289191534139	0.28037520872737215	6304	0.14984558981360613	0.17309311298846503	0.19601848960801319
1.0	144766	0.004922804613916536	0.0047275785443774265	0.3008398633642742	6684	0.017935399066513195	0.020255167855772888	0.19565497790741385
1.0	207092	0.0019524548355962592	0.0019649234071781293	0.35041570046741305	6884	0.004271091012162441	0.0047754095599592495	0.21220966510779596
1.0	90396	0.015336810780157159	0.015542332054892645	0.2987291008453868	6406	0.06382527011774979	0.04965956724671	0.21086162384991247
1.0	87058	0.011690877880883578	0.011538591106012838	0.29748495247378576	6352	0.08885556008698221	0.07448272775830782	0.20030420980218233
1.0	66362	0.1517737839780791	0.15535030739575692	0.28737793039855514	5980	0.09784227001699981	0.05473951597691025	0.17950703490882822
1.0	84880	0.01028049407611852	0.009369698695211664	0.2929209277358497	6520	0.058782585856909854	0.06118558581843179	0.19593710812207046
1.0	170386	0.0030693463359305587	0.0029359403030427634	0.31655998865537915	6654	0.007003541801335919	0.005514378561253561	0.20662382695589468
1.0	73366	0.047682059111126204	0.04931420091940567	0.27173439195113036	6364	0.12051078886973475	0.11046008933876579	0.20293439747547162
1.0	148450	0.33911628756654716	0.3397566379136137	0.31314149369243766	6482	0.1323859787182878	0.17468340316589157	0.19072208017722128
1.0	94862	0.008169463255301762	0.008656236371445322	0.2989622585161467	6430	0.025030786740788142	0.019486577378617934	0.2019541520370605
1.0	92396	0.007657662813291681	0.006910634750390144	0.29637793426463355	6368	0.06505338371254069	0.061138595149633955	0.21093517602568926
1.0	167142	0.008341819615755837	0.008197762283767193	0.32644884774790006	6876	0.040541899356437386	0.04244722903095144	0.20882849091304956
1.0	74398	0.006513536678249188	0.006343561100036642	0.297848319212678	6472	0.05214607977895223	0.051688173163073045	0.19471667754593006
1.0	84458	0.22692176737630557	0.22724169702143693	0.3008575717111508	6610	0.14887901421373648	0.07900345650359132	0.19877048756732674
1.0	79168	0.19427773125060613	0.19652196530011765	0.30471628450097593	6568	0.11647674422073132	0.10767814503666562	0.19997832376602573
1.0	61864	0.0066405473256685174	0.006871900928240166	0.24983151567771422	6100	0.055495102605758864	0.04064256300645537	0.2116534596310571
1.0	82792	0.040171508747003884	0.040494381615333266	0.29399348067513603	6226	0.10943131695191467	0.09361487117343821	0.20901670527755478
1.0	78640	0.09761926981918444	0.09520314111587387	0.2809085011148786	6128	0.06364925635505367	0.10735054237147065	0.20144705148763553
1.0	101064	0.044084198512345706	0.042997036755720225	0.3003325001763401	6424	0.06400320358578054	0.05760964401941405	0.20980704475660483
1.0	47494	0.005344940037297519	0.005885681847114644	0.2662356063579178	5780	0.015604169999466752	0.009293300653594771	0.1858144528565783
1.0	215172	0.19990160885187352	0.19944419975220526	0.3614890713630233	6868	0.11127696787255589	0.13837646983327132	0.21093949564146422
1.0	150670	0.29325395957648953	0.29423653979285064	0.32323825133248335	6408	0.11750506915500158	0.1502020642704061	0.20726371771204855
1.0	291896	0.1863286648759798	0.18753323704824745	0.3755104969335943	7248	0.11487738238545088	0.1341353718389412	0.2159154821567385
1.0	100656	0.008537396047340266	0.008749401985418442	0.2923868080284327	6382	0.025090513869963565	0.02709193092533596	0.21677737528058239
1.0	188530	0.022701609546387776	0.022930232014147626	0.33189129246788346	6760	0.03416459892324991	0.031331144184762606	0.21294770190871048
1.0	172150	0.014857833412757775	0.014627101297128516	0.3165750647235627	6746	0.047417478252725194	0.036494784333171	0.20333945898600406
1.0	110548	0.0760248596938553	0.07739484683840064	0.3005118013294423	6292	0.07331859441372021	0.0895829642646095	0.20803170671076146
1.0	87794	0.018349108136253678	0.018638951980549334	0.302698840746399	6298	0.030309801013731593	0.02973307026130462	0.20976700256389133
1.0	72248	0.027746801399767533	0.028321028740571075	0.28563061001792994	6422	0.05478110481691037	0.028241554197436552	0.18562300532410406
1.0	149222	0.00129824555464065	0.0012463655384739706	0.30068513496381183	6486	0.011378302629017732	0.007850207390648567	0.20455019417795492
1.0	176418	0.11146605861297387	0.11072011359029599	0.3291849958157587	6804	0.11350516764884887	0.18385074149440359	0.1937886704639298
1.0	133882	0.0060339522714489766	0.005934824540850539	0.2891127991459714	6346	0.01083585173840108	0.008611019162161167	0.19393428373466934
1.0	139314	0.010326753249575934	0.00978052716369201	0.33455131284629785	6456	0.04347564297165274	0.06996147127726073	0.20587664428527727
1.0	95840	0.008322564824282574	0.0071113598873627165	0.30913953422534596	6458	0.012473026773892117	0.008491847826086956	0.1861591675016475
1.0	63718	0.36491285083559655	0.37121474869146037	0.2728374167131033	6376	0.1284904068004253	0.11914725735480453	0.20804703989293125
1.0	103602	0.1648406386847444	0.16347410731154327	0.29269030503496335	6444	0.09163763188109714	0.10975472320338392	0.180833116584897
1.0	83304	0.006268000217002934	0.005585760419774598	0.2978612579947742	6584	0.013820612437098506	0.015707070707070704	0.19229289216014653
1.0	174074	0.07727235147128152	0.07760781146878429	0.3135184718843541	6634	0.11972113709824679	0.162911748860997	0.20152451212590275
1.0	104824	0.01732326977974988	0.015618362967308373	0.3070575650980498	6274	0.06107212187376889	0.06644311780896449	0.21508061186011207
1.0	133718	0.19205379323926702	0.19289893264995323	0.3260110698929016	6768	0.17296835850423783	0.14698989601206158	0.19747000206652343
1.0	53318	0.03524677703200369	0.03493998644783858	0.2707827431167507	6254	0.09549621717439583	0.06513871173469388	0.1880370893717572
1.0	65694	0.0076873758405025415	0.0074588088176091825	0.2671350964320107	5958	0.09084321673152623	0.11504957096474953	0.192576932346864
1.0	104406	0.21660633706924426	0.21756829697760854	0.31166567441138143	6466	0.1505248610614855	0.16623444018798256	0.17665543743981668
1.0	107408	0.038431961705418995	0.038517431044912356	0.3081587292050803	6420	0.05537527004385277	0.04291295164293256	0.18078226668823313
1.0	97614	0.151129315890003	0.14921961035993087	0.3012448878942672	6544	0.0999553610480995	0.07275270892062366	0.20145815466859066
1.0	96474	0.003307266290474051	0.0035023598768690774	0.3109016551971603	6554	0.03956345996898309	0.03641784838935574	0.20558791948401553
1.0	173748	0.0008861278675894621	0.0008212645242547224	0.32700145758284266	6692	0.009535688605933814	0.007067072753014249	0.20316362560292778
1.0	180190	0.40598492057625724	0.4073574373412388	0.33163885825920386	6924	0.19877953715515392	0.22566775296626224	0.2001273794583388
1.0	147336	0.007815410488915086	0.007478269922795542	0.2968720789623401	6580	0.0119514499303586	0.00521329365079365	0.19153800339185842
1.0	242268	0.33760694515186707	0.3370316911618507	0.34419070094155146	7000	0.13692543913384841	0.1753597875392531	0.21013543918868338
1.0	181994	0.006273651146359389	0.006015174258963819	0.3221169661374938	6588	0.024937747295211123	0.03102801774277158	0.19492665481798468
1.0	85756	0.018667571550486185	0.018303382839121106	0.28565703276250104	6316	0.04848396095677529	0.0325	0.20684986143513043
1.0	222694	0.17037370697443802	0.17176324845274804	0.33895819498197177	6802	0.14370134519824942	0.2028190894001072	0.20373654029157753
1.0	78484	0.06711211876985644	0.06811652083728763	0.2890048756003217	6112	0.10983356855773817	0.13598460567210569	0.1919638573823368
1.0	93180	0.007901496094716957	0.00748527710706863	0.30268128281967766	6372	0.07045852331878877	0.03654025372775373	0.2111922164459228
1.0	160652	0.00943296528714592	0.009680275150282379	0.3125751218608602	6608	0.011020504923230486	0.009029215550954681	0.19431396392798525
1.0	83300	0.06845790104093848	0.06872803328342103	0.2906936536012979	6234	0.09876402898035802	0.08980390039080148	0.18717444148381582
1.0	106756	0.006757935126638576	0.006706457331089728	0.3047778630399064	6430	0.04472708882654304	0.046069370567375895	0.1851829800544995
1.0	196242	0.24607104974496488	0.24458210539335454	0.3319037903029367	6750	0.13030285616025944	0.1843612052614568	0.20279466025705437
1.0	82556	0.05322941260503329	0.054305785922751273	0.2735000620732467	5968	0.08666306608895338	0.0740615514869465	0.19339116964092187
1.0	205322	0.1956636900135454	0.19569845123557347	0.3291676132379967	6892	0.08687752976976705	0.10306617092691707	0.2067806074201378
1.0	162884	0.3344881547240987	0.3338687343424953	0.31006242107938503	6856	0.1455473651161206	0.16204578203659087	0.1961820284334825
1.0	94906	0.007592637120472931	0.006945530493139015	0.28685760408135014	6656	0.028125995707913184	0.03147312612037797	0.19838326236824022
1.0	79944	0.19237035734410604	0.19252663406840223	0.28667801531715004	6364	0.10165702527280168	0.07988203655091951	0.20841770036941368
1.0	120574	0.0011694894620252207	0.0009602412278749367	0.3048800266660608	6478	0.008485624363381716	0.00788443094629156	0.20647777813206583
1.0	68386	0.11987469943113169	0.12201445662685605	0.29515589339489284	6158	0.08873276851211771	0.06698308079499117	0.20071626393994593
1.0	194660	0.19526623518736075	0.19550072910981417	0.33222464350471953	6742	0.10550875632038985	0.1493311050036916	0.20106850478950145
1.0	103840	0.0894884515901796	0.08933676370715278	0.30348108345695596	6472	0.08086488318988802	0.06776774339758557	0.20465439319875656
1.0	87086	0.011963255714885206	0.011329942994400226	0.27610983749943263	6614	0.017034254807692308	0.015806614754348334	0.20733001975633789
1.0	149192	0.0032930036876135786	0.003397350873960143	0.3023139763240181	6348	0.021158288332583968	0.015697457960456906	0.20283712693102943
1.0	61426	0.013573777447790873	0.012916621785484778	0.2711220134211226	5778	0.03600296846420877	0.054029358799095636	0.18983348387052412
1.0	93120	0.10651596854259796	0.10703742540706339	0.30795604716711583	6118	0.13529326102032357	0.10191380753856567	0.2035602066711363
1.0	75846	0.002754756906520067	0.00292106145575726	0.28969475401847805	6080	0.012852459287344022	0.001456639566395664	0.20364466633575093
1.0	84488	0.007302211568446901	0.007428425985387419	0.27476754738164005	6096	0.01461985370730196	0.01035044093519278	0.19282937128895172
1.0	92830	0.013344400711010175	0.013012497274535352	0.31079342987036374	6386	0.03933372273944307	0.05464616658066735	0.20778595804798794
1.0	70982	0.1853268101356174	0.18921227977132746	0.2799679297251718	6182	0.11391495619470908	0.10654114610587824	0.19569077098980922
1.0	96936	0.016454829900775188	0.017061142663139427	0.30439358560034724	6490	0.04093421927619395	0.05835541603004838	0.21273419753200987
1.0	61048	0.03774123993025115	0.03982266312553467	0.26756113396572967	6262	0.056100876580503056	0.06105060292607027	0.19489428303602185
1.0	70676	0.05128024321479268	0.05101360598003682	0.27678099636154224	6464	0.08901463721168383	0.08427153277283779	0.19650869780112745
1.0	221636	0.25277237480352904	0.25138887814434346	0.34224425551284215	7236	0.11932504536662855	0.15981976676922435	0.20802860408230883
1.0	65374	0.1468949698414173	0.14744005213348202	0.2795883509813445	6012	0.06802755311623325	0.04916589741957388	0.19420228744918686
1.0	149348	0.003448583853368649	0.003483482317058329	0.2937449963961702	6224	0.008145616056269706	0.00704025549613785	0.19805674820907235
1.0	107922	0.006590247569453063	0.006258653061121876	0.31343488307925016	6426	0.006372390843446171	0.001968876008064516	0.20571387873338468
1.0	178044	0.11187377081823409	0.11175484406140442	0.33172719043152227	6990	0.09014493204920884	0.07951970870300251	0.2113889171113292
1.0	155598	0.33581378600819134	0.33980451121632876	0.31361902664121294	6602	0.12798179295306497	0.1646342903923174	0.19161046858421205
1.0	103082	0.15506228853108964	0.1549929918496455	0.3063780459676182	6134	0.08181121513454054	0.09311523131156284	0.19696212852796555
1.0	106520	0.11878521407012402	0.1195211360154844	0.312186943157036	6262	0.0969963240745921	0.10035301999587715	0.18068903928529637
1.0	102684	0.017883589886555307	0.01681537035329369	0.30745762513933245	6394	0.08945240956959706	0.11669314971751411	0.20638016029217424
1.0	49788	0.018184071950142603	0.01893158437637469	0.26508209578370107	5656	0.07179816782967692	0.0767864769013666	0.18668235224950747
1.0	252816	0.1843000322908459	0.1851747633143207	0.3480183375160702	6884	0.08853294425451053	0.11574679795362677	0.20361633245705682
1.0	95342	0.07689581980974286	0.0778465973191262	0.30907671582747154	6140	0.06753255119145758	0.07119934016885283	0.1935558963165045
1.0	165410	0.36911689380060075	0.36932701029474396	0.3235456796436403	6710	0.09719023685087001	0.14367604940402426	0.1988970479173948
1.0	93210	0.20897013888897595	0.2093920090594207	0.29098052738641594	6292	0.048588664239296885	0.05234129961479835	0.20315945470283858
1.0	120848	0.1447848227014567	0.14604366591503518	0.31302132509231273	6580	0.09108702417721637	0.053621197614106636	0.19695935215356486
1.0	81918	0.2392500516285525	0.23897319075394766	0.2887905805397111	6154	0.1257502078176198	0.10588221297174849	0.19566629981647432
1.0	161256	0.36305220658560977	0.3625307202322374	0.3365154132238921	6566	0.1264013696994202	0.163986614171647	0.1872408148209286
1.0	89802	0.010179434769944264	0.010113943806400339	0.298343215486167	6284	0.01865655332489299	0.018333333333333333	0.20433744906422688
1.0	93856	0.19921782431939747	0.19638908032118618	0.29960071825025786	6354	0.09465377601035455	0.11440181068613564	0.17963154930026878
1.0	143360	0.002651000731794502	0.0024701826992183816	0.29398341076149	6216	0.0404875749876066	0.032670454545454544	0.20667504594715166
1.0	136144	0.25872186452889095	0.2590098710733523	0.3065471005009369	6284	0.11890784294521121	0.1616547576927041	0.1900031290853839
1.0	148960	0.2253433069725323	0.22602135343459778	0.3049419587862756	6484	0.11825680730672547	0.1518244196333875	0.1916238707658402
1.0	174768	0.05247728819435289	0.05265105718638115	0.3223219924403501	6892	0.06734405830713386	0.08121875231250231	0.20132920881617464
1.0	157068	0.38572091388389296	0.3859205935362745	0.3078822396181059	6678	0.11842557985912457	0.15159974368633475	0.20113369373717493
1.0	133428	0.00583250995324202	0.005443022191952008	0.3013228284197396	6386	0.021265803972495955	0.017008240494265338	0.1917932435890275
1.0	80706	0.1774044357543586	0.17845160286253173	0.29224674628713593	6106	0.07391829623549882	0.0762262477106227	0.20702067781847436
1.0	79260	0.00799442820667007	0.0077100815669172325	0.28761302218711093	6332	0.05469555012207322	0.08612875839438337	0.1908281895737972
1.0	79884	0.013151329742043529	0.012384995447126837	0.3026564372046377	6572	0.03504678668975304	0.03433081233330699	0.20294277022490612
1.0	52358	0.07577418027105562	0.07775524238172282	0.2601970297795854	5882	0.08466070924355622	0.07184698883574937	0.18486881418718146
1.0	93836	0.004956471062048442	0.005029893123512396	0.3053325027151164	6478	0.03898263155524967	0.039506631436099345	0.20516978268235297
1.0	216934	0.23216227081834942	0.2328058226827415	0.3548678390016517	6816	0.08409483109375696	0.10378756133381842	0.20204302440411218
1.0	103646	0.003423259374210813	0.0036107017560315525	0.3207305864760808	6650	0.03855447243770437	0.03993592661087039	0.17975156647950571
1.0	101056	0.008333759150412921	0.00749861938393082	0.29458334303494443	6124	0.018459372527990747	0.028462123155287487	0.18962444779240448
1.0	76592	0.06721093702570688	0.0660642788081322	0.2789123794988898	5998	0.10860423904118117	0.06635798745173746	0.20099175984953474
1.0	183854	0.3459028731660441	0.34913734382458156	0.3356675901632147	6624	0.16157253941779165	0.17034621939807698	0.2003185721235966
1.0	89438	0.16388264363299898	0.16473662923450216	0.304749585832524	6766	0.07541667311559014	0.06733203682468672	0.21284822662598232
1.0	175670	0.3345565349416038	0.3356043384079605	0.3278377133134125	6558	0.11953389997127734	0.1726358419695402	0.1990198873238579
1.0	168498	0.00886323185903847	0.008568452795939822	0.31273959837717896	6754	0.04161643921028739	0.04114939224670409	0.20477956095367608
1.0	198338	0.10190220391551885	0.10233088520080677	0.34944661937519156	6726	0.06042138477780494	0.05309539716941422	0.20130156577981498
1.0	69976	0.02520393736339894	0.024322875047140747	0.28818344656772094	6210	0.028393555948941968	0.04595610119047619	0.20341575301733228
1.0	43708	0.025944402827148983	0.026253469516027434	0.25375201028758704	5944	0.02109259626243322	0.00294237012987013	0.20104899511247273
1.0	150392	0.0344898740729817	0.03484555652657291	0.31806330001587385	6488	0.027859031341498856	0.025769635457135454	0.1851063562293189
1.0	87244	0.017912995573211833	0.017682445294244925	0.2843071429264294	6588	0.06242842630774159	0.024201903638814016	0.21226146539723278
1.0	126004	0.10667564705316482	0.10654374125126113	0.3309313667421672	6570	0.13926871656378675	0.13020419702933003	0.21063529023482574
1.0	101992	0.008822640969275559	0.009177501590494906	0.30636962083513203	6528	0.06197354880581575	0.02866241405862676	0.19400063901439968
1.0	68010	0.009188884292178703	0.009411068070995548	0.27271440457360846	6218	0.05797648244740393	0.04650288234295336	0.18081869278870824
1.0	63894	0.031436853955305655	0.030269413341187573	0.2745228675766503	5984	0.04442511883785772	0.018643410852713177	0.19393198184710228
1.0	71334	0.004354879691058158	0.004556424476298455	0.28560421291327226	6534	0.012253883031439693	0.010520662847790506	0.21222914169864668
1.0	202922	0.27569788238434206	0.2762009675556419	0.3547890576687786	7042	0.11068485631836165	0.1644076460630845	0.19959069571563007
1.0	107592	0.1635066892006799	0.16307144506664964	0.2987666902331439	6000	0.19662417674173505	0.15527370173208946	0.20204325964347458
1.0	82598	0.00425348441624822	0.003654590711373047	0.29671688492452447	6302	0.023628470158586296	0.02951680896640953	0.19252318300812418
1.0	173618	0.32496870963423385	0.3268353037401001	0.3276497777757862	6810	0.13009047354303768	0.19857835102528498	0.200055357599317
1.0	126602	0.1284088196588499	0.1289211929635331	0.3106848764265447	6528	0.0968966214726515	0.08683935415504689	0.2081394702214694
1.0	98660	0.04798456330632652	0.04890072813197625	0.31143474304348956	6378	0.0844138054800449	0.07067645289984208	0.21358466339406365
1.0	87630	0.18677344102473317	0.18578872936236485	0.2978265380071345	6380	0.0778494474955872	0.0896390527364792	0.19402341526125258
1.0	58920	0.0009435444742000635	0.0007075883670405724	0.2679086676995357	6104	0.008575372353242372	0.004409067085953879	0.20032522557413865
1.0	94296	0.02569162862209302	0.026168449846607444	0.3016463598565727	6456	0.04943506573579985	0.03401209677419355	0.21321685589847428
1.0	86704	0.013741631936713601	0.013041039862155513	0.2984549471617384	6384	0.04131876003919478	0.03965997770345596	0.2093651174065445
1.0	86830	0.12887416270028293	0.1282643659806853	0.2738886595595715	6480	0.07800786743832414	0.0664259937203911	0.2090591650406126
1.0	127100	0.24510302968720823	0.24406502048817755	0.3276084843208797	6530	0.173018992184113	0.1648703147963858	0.2039058178757042
1.0	104750	0.16362230213510276	0.16271387002217005	0.31439590300762016	6622	0.10794848660648569	0.14285659059507747	0.21488135142803733
1.0	90348	0.009846719499548618	0.009138835939860708	0.2830388922087419	6110	0.02439301378446115	0.03780631570810142	0.20328466276691912
1.0	85446	0.019616021800611394	0.01939875156556225	0.2873409808971594	6410	0.01920208752763931	0.021672829485329483	0.21281335326072023
1.0	173226	0.019529310023800057	0.019149655156463007	0.3183319789689237	6796	0.08784357028010113	0.09399892098287038	0.20548009776864126
1.0	108354	0.1666778360718061	0.16837213720389865	0.3032871813514338	6462	0.1022500111571946	0.08025659236596737	0.20798735099889834
1.0	66702	0.02623286042216131	0.02680963800915125	0.28112708811853215	6180	0.03703304624889085	0.0319227471282144	0.21924115073019065
1.0	135268	0.0034054966448730777	0.003437691434472939	0.3233479781535708	6986	0.04994915152744517	0.06005092070097967	0.18993590953523898
1.0	94210	0.00652595998537297	0.007189312144870568	0.29046683266019796	6430	0.011079601308497342	0.01046361252834467	0.21084779979141446
1.0	89312	0.22107573684730816	0.2234195661396057	0.30105910866276825	6218	0.07736324312680484	0.07126150691843415	0.20327366435821428
1.0	71000	0.057558029331788337	0.05787075473595821	0.2635109350722609	6142	0.046194664878804685	0.038566500463821894	0.19186091446528378
1.0	73292	0.1278168593144062	0.12726058227188414	0.28414445585167575	6572	0.04980189022028735	0.038642000360750356	0.21385978986631557
1.0	166872	0.08727031725672973	0.08699615911404998	0.32190327314133405	6568	0.06849340800360708	0.052440609839506894	0.2152003139787778
1.0	42424	0.11485648766940684	0.11584532283738024	0.2585733124395408	6026	0.04299442479535469	0.04751535149632975	0.17216842446147465
1.0	92032	0.007024232162545494	0.006492959414791357	0.2966185735660835	6368	0.07927432045093172	0.07428742304951672	0.1870632139908447
1.0	160848	0.003054592164095993	0.0030660956324175025	0.3190400592620774	6580	0.04173688348846248	0.04064073490471517	0.2048126734593377
1.0	156400	0.38767695718105766	0.39080810018127554	0.299950816920498	6388	0.12088698128876255	0.17508347542909536	0.1991180524848841
1.0	59790	0.03322375771549312	0.03197730586439211	0.27185934550455343	5938	0.03601728723404255	0.05688244047619047	0.20016890749195693
1.0	93430	0.055774152744789286	0.057139601600267056	0.30088565451197175	6520	0.09357572650633789	0.10030767843267842	0.193929621521429
1.0	81570	0.012612204157611861	0.012074968148493416	0.2898235508893245	6034	0.04749041494437298	0.02532336492827814	0.20149610490073844
1.0	103780	0.007741950095329618	0.007818094924956935	0.2933625634664612	6750	0.037287971558653044	0.05588289250436869	0.21734136781392618
1.0	119442	0.14769831759382684	0.14777349965077813	0.33110106595313	6866	0.061051213319138244	0.0804844221342383	0.20369504919027429
1.0	101754	0.18585586532261464	0.18704607930201142	0.2930121570058823	6890	0.09603035920696351	0.09542682233953786	0.1973571379456641
1.0	92772	0.004468990258292265	0.004255487247262986	0.29121098806934415	6640	0.02056860139827785	0.02021884316984247	0.19888368460072106
1.0	104588	0.006126130042915728	0.006049540661085962	0.29073955480614694	6440	0.006411116828274252	0.0023391812865497076	0.20376380682687975
1.0	114114	0.13633044748611145	0.13501183758413438	0.3110437034780656	6382	0.0872321815755143	0.08009078794041019	0.2111724648979301
1.0	162452	0.0015591937086784277	0.001586755266596667	0.30300011483821115	6798	0.02981475754680392	0.023080286949685534	0.19878159952286126
1.0	98500	0.13121875357763618	0.12993007932452494	0.30518539550658746	6428	0.09270737795543527	0.1042629956187692	0.20889069862390922
1.0	85432	0.008279152056649803	0.008010910093550015	0.30142123648376973	6630	0.034634452946815504	0.030966872410844087	0.20934974973008869
1.0	60674	0.24300734283927675	0.24701401966622913	0.2604794567353943	6072	0.12887258371357338	0.14893893381944856	0.18831474375502352
1.0	234284	0.29801212913640956	0.2974204934398722	0.33160149685573126	6676	0.15052931659363028	0.1933618677983708	0.2012755916530806
1.0	161202	0.09597591170940518	0.09603616284908338	0.31858160290088516	6440	0.0447550895448509	0.035192119977868516	0.19500457163732435
1.0	144730	0.40153132525639407	0.40280352418145915	0.3096309288057314	6386	0.10979277989710212	0.12891791593687355	0.20000473484928474
1.0	71300	0.32200821616702585	0.31741849501786007	0.2892569668752596	5646	0.1319600618854232	0.05014633570819633	0.1969450435503252
1.0	89102	0.024524648873784055	0.024103474211978896	0.28685327054296245	6612	0.03944732993337064	0.05227842118127444	0.19514203309791936
1.0	133334	0.000338924588896162	0.00032984757481171426	0.2923063371098893	6482	0.010431163212730847	0.013058564744547705	0.19573192120305452
1.0	135094	0.008191023937190112	0.008317973939549124	0.28427233957441905	6200	0.051287665934527306	0.03731044690603514	0.19331682739219128
1.0	143390	0.0442573490249184	0.044875922935500315	0.32208828698628317	6926	0.07191106928769825	0.08745366153454388	0.2142824226696978
1.0	89284	0.017765315099254296	0.017080558690646546	0.29658072141693653	6502	0.028640760281385284	0.018464325529542917	0.19860415819518348
1.0	68974	0.005474361339136834	0.005328605536235404	0.2733130066978994	5996	0.020476132598674736	0.010414244186046511	0.20533861792425165
1.0	158554	0.4237238190272602	0.4247914707880433	0.30518829044510637	6550	0.1528031495641886	0.20035200871293407	0.1987930033204897
1.0	97954	0.007603259749417981	0.006853753873938283	0.3029719138074436	6524	0.049624730643957324	0.04255410705486925	0.1855357757770435
1.0	87358	0.3699540794177073	0.3758391105604153	0.28927781954862036	6272	0.2730291147378334	0.23083269387617214	0.21971508487615796
1.0	49930	0.04015377373896516	0.0394369515371177	0.27244662342965903	5672	0.029048098127223622	0.028291957026713124	0.19219720280951733
1.0	76454	0.01079380340857967	0.011089964477090085	0.2954369123955804	5868	0.011284456801402044	0.01651694677957976	0.2087425764385905
1.0	152774	0.17575078709045416	0.17807759535138676	0.3154065232360986	6448	0.16241799458297237	0.2036052949456932	0.20831743466239463
1.0	66716	0.02185877788485724	0.020920365831762284	0.2784563870354164	5926	0.0920451927938311	0.14285558719509023	0.19067654225946098
1.0	88060	0.43837120544756497	0.43789779812815105	0.2899318634642038	6132	0.22051119180876927	0.21471367485242765	0.18715782076382018
1.0	223034	0.06470632286524071	0.06515376537481164	0.3306060011059114	6898	0.09624646862622213	0.12953340396149118	0.20049477866916773
1.0	67458	0.004722397944689828	0.004958260905075064	0.2677363309904639	6350	0.03157799385930724	0.030832318722943727	0.197119166729695
1.0	65912	0.021015890605690573	0.021743740487334948	0.2858619619159614	6178	0.028030455964685612	0.014285373760488176	0.18885267257446892
1.0	91908	0.01641643125613551	0.01585730390134446	0.3016965767619774	6480	0.02794811035430881	0.04131639863547758	0.2062361579499433
1.0	57892	0.0120038653054633	0.011680053255927624	0.2806518221523156	6088	0.013137347742127154	0.01204691734417344	0.19727159349520815
1.0	57010	0.04549913413201368	0.04587459015528219	0.2790449764366662	5894	0.03211300208000677	0.048870642006802724	0.18793891699053122
1.0	126606	0.12940826565638328	0.12892485738404125	0.32254905121668237	6120	0.08848203991642817	0.07732106102748829	0.21583884351316804
1.0	69116	0.05181386497756406	0.05233135479545874	0.27098098086252564	6192	0.05268078618051155	0.05253070705299004	0.19523553152295903
1.0	104514	0.010052518045765233	0.008755514157825633	0.3048210653138531	6632	0.05697354719052886	0.05326834623709624	0.1964925806554649
1.0	52776	0.015836244021827803	0.016741155498918404	0.2633817603414695	5844	0.040070208375192554	0.06132944023569024	0.20809929331642554
1.0	135008	0.06833927588764695	0.06838084911719682	0.32414202676801035	6728	0.05884005244315566	0.0477920711536905	0.19906678552728452
1.0	48428	0.04996642143505704	0.04823567566686269	0.2569486572161675	5746	0.08738058752065327	0.09845419104730166	0.169718161777299
1.0	162446	0.03883583387391376	0.039471861166539855	0.31318325874269853	6696	0.046300358528790844	0.046038771084358894	0.20528073286910498
1.0	70626	0.30110384847689925	0.3004306981042089	0.27967810263839094	6174	0.12602515339480155	0.1183846773053029	0.19479677512482485
1.0	79042	0.0083143298072711	0.00782613332361096	0.29054067097462627	6044	0.00796526075708061	0.007001699172576832	0.18338095098774573
1.0	95756	0.04922973374010779	0.05027519839301999	0.29562012513663716	6238	0.08954329904114698	0.11743332582842445	0.1733443397988029
1.0	86388	0.01406842842637582	0.01332379437318434	0.2795477333620216	6626	0.01606710953913594	0.025165559012066366	0.18896397670886703
1.0	86290	0.17393947333289556	0.17277526938665913	0.289142102158038	6262	0.1431736165257652	0.12692368395493395	0.17713507996141467
1.0	175246	0.2921573312415757	0.29468162218096766	0.3339178871956658	6842	0.14741681756585437	0.19920128229408263	0.19554287107331583
1.0	135290	0.25368269619548317	0.2549415821725696	0.3240580019490285	6826	0.2806830226461134	0.2822077525648954	0.19681545495023603
1.0	102702	0.009220147467268156	0.008472531219083264	0.3085200426394453	6458	0.014751613563209092	0.021701388888888888	0.20067977636202203
1.0	165664	0.28442702003423725	0.28335731197680414	0.30786073865507957	6282	0.11755583511122814	0.16210901414058113	0.19610777161946433
1.0	81586	0.09522152245484299	0.09373611463454341	0.28828951489373705	6516	0.05529769709793727	0.035593812845651086	0.19859707610627628
1.0	89990	0.34768995826143845	0.3483742725934348	0.30230132318008757	6512	0.14107081903473895	0.12839722481128385	0.19757025471936504
1.0	148724	0.07042246001835352	0.06968989486260985	0.3386824838204776	6808	0.057619828820401675	0.053069005137019835	0.18433716049706864
1.0	73940	0.0196541721076252	0.019851830205147858	0.2905647916566258	6338	0.07017552384640632	0.07809855084275089	0.2110270245112016
1.0	175482	0.17679870372706577	0.1763375114966474	0.32266618367645233	6674	0.10442425248704104	0.11225939388913458	0.19671759560612664
1.0	108724	0.0375101541135205	0.0371842219465847	0.306625409759295	6666	0.18215219420804368	0.1927160012925517	0.20117437688949566
1.0	95432	0.0016796000033347048	0.0015068926590471226	0.30038717068687487	6424	0.04872865536406755	0.0352757076396	0.19281188355322065
1.0	62166	0.01956812852036355	0.019421657834256666	0.28015223984939647	5986	0.017078011575983182	0.01306378242353852	0.1943301100673304
1.0	106234	0.20369435106151312	0.20373845874144536	0.3093727283688966	6540	0.11675199633435607	0.09007437239148354	0.19844623490095192
1.0	64528	0.008856227245207115	0.009820430993870964	0.26473483559703453	6262	0.026650442847593582	0.025916501718310926	0.1796711181109059
1.0	164400	0.33916891718728004	0.3422735255586466	0.31929079166517405	6774	0.10022046506995558	0.12458931186406957	0.20488199086747094
1.0	71694	0.09732672615234879	0.10035342457695068	0.2893471079373473	6436	0.06046058639654898	0.06984804258241759	0.1863455655922196
1.0	64116	0.006013437978516697	0.006681385881776083	0.25926843704575714	5884	0.014308055331888194	0.00714699074074074	0.20179675972580832
1.0	67584	0.09883372152625068	0.10033182822055571	0.2885892611942647	6334	0.042531255478601614	0.05394678022151376	0.19957970023569682
1.0	63738	0.006428741709553799	0.006503016987261628	0.27000413149164676	6036	0.018591797183989876	0.017215203900709217	0.18846372830193547
1.0	77984	0.003852900320515742	0.0039001052621615126	0.29841170680800055	6446	0.044253144133417494	0.04440887374686717	0.2211180204154237
1.0	61646	0.0465551315954007	0.044344238801591315	0.2747402978883919	6574	0.0880598480814211	0.08921277122193286	0.2183415294187526
1.0	74820	0.07939554364582205	0.08136067240710457	0.28630505103928355	5862	0.0581144278022749	0.05537969292733012	0.17133830169813583
1.0	59538	0.4213335345167049	0.42425773062542926	0.2744903755305193	6038	0.10997829572048322	0.10598622314835222	0.1895882575504492
1.0	52088	0.04202141748001228	0.04123024677446639	0.27794941205441076	5968	0.07628747714153365	0.10755312225900458	0.1967839691033407
1.0	117790	0.219075457950531	0.21865900420929044	0.32221589080100005	6884	0.16270010814675454	0.13374979965605013	0.2070175213740997
1.0	86688	0.23885588953243092	0.2381252660745802	0.2976285410127905	6522	0.13364652702067956	0.1806651833995397	0.21238345544855955
1.0	88266	0.10181310868864227	0.10113097085316186	0.29049664686438353	6240	0.15390887151140512	0.13814614694586944	0.19457327621287615
1.0	99352	0.1742100802743406	0.17565327815592094	0.29556236188411467	6300	0.05526206352318462	0.0646826391541465	0.2168166315700829
1.0	101224	0.010460169893343819	0.009853656476387071	0.3045022450622186	6288	0.03780951335299161	0.03287565026010404	0.20091533555459765
1.0	103144	0.020255492929315118	0.019057630756292954	0.30298953667430656	6940	0.12671163252582507	0.1304312572994638	0.19824763833914874
1.0	75682	0.2764976176348226	0.27519488460173963	0.2811747265704189	6550	0.15686803585799122	0.16708168846355229	0.17605736405616854
1.0	115856	0.1273693284763537	0.12694851983814512	0.3223686848471676	6456	0.11919296273705356	0.12246228345751128	0.2101416062698064
1.0	72852	0.021304808668731263	0.021452087615063793	0.287131561991585	6230	0.11520117732315184	0.12639486574854153	0.18735449635156307
1.0	92726	0.06196324866238053	0.06082416348407984	0.2891857340578071	6356	0.038650426416428914	0.040103095877552404	0.19566477937574342
1.0	73206	0.01252080598280569	0.012429500547180583	0.28342040184285516	6406	0.047813965755863275	0.04190067145047255	0.18502016916899255
1.0	83960	0.009212437231976452	0.008994128737955579	0.29898812556701176	6134	0.028421359910899023	0.033299891725288945	0.19342343116063007
1.0	165850	0.45410379650697297	0.45332063283172236	0.30412167938520734	6832	0.14921246353643208	0.2065769372008075	0.20841060621173993
1.0	68636	0.02252996935075951	0.022245226866478538	0.2863639169085915	5982	0.08917542186590637	0.060940981506238855	0.17401370425883422
1.0	176840	0.21667992191601934	0.21650378245802468	0.3210821783131291	6592	0.19112670060025433	0.1864979476617462	0.19018706888795153
1.0	112274	0.015314337089689952	0.01614493126844812	0.31155449882855657	6848	0.08155796915731608	0.07443406357129184	0.19330737559484043
1.0	147642	0.38391542394454503	0.3853881767726559	0.3143532528149999	6476	0.08396962520083165	0.11044232300982479	0.2051255137332838
1.0	138920	0.005939296807365589	0.005731234307149045	0.3306335854102408	6790	0.01426007794503104	0.022014486608082664	0.20401762176518448
1.0	161780	0.04153800689134407	0.041297265108526486	0.31655865018612683	6518	0.046524697228535854	0.043227496393856694	0.19746965070637823
1.0	160262	0.008118135148616023	0.0081150963256935	0.3142587760968349	6472	0.06332351992907333	0.06751158249676568	0.19882068771969566
1.0	51760	0.21073631805949192	0.21357139135053416	0.2602937885313693	5874	0.040000614803860045	0.04156914530940788	0.17719695275716504
1.0	97204	0.13664575378207477	0.1377019933201776	0.31131518679645814	6482	0.12482385079288247	0.12146435230074935	0.20510510394279932
1.0	80712	0.001340283497693238	0.001382367626267755	0.2690880816967262	6122	0.003385592742844264	0.004430490144775859	0.20802408957934193
1.0	196734	0.07620824024127541	0.07647057440254784	0.3443513844382131	6640	0.05296281004644586	0.04204736327215871	0.19587238812585672
1.0	74616	0.003969392026704376	0.003827030463823959	0.28634261173089515	6688	0.0272366347353173	0.02522267523054897	0.21587465278472162
1.0	161706	0.38586454810186704	0.3880590049334029	0.3082099623021782	6522	0.10035789731930458	0.09057782173107251	0.20277041146756994
1.0	87596	0.10973044936809966	0.10986390702222949	0.2955972629393842	6014	0.10899570646495726	0.12341935840837046	0.19124945477283195
1.0	66198	0.024006132310156632	0.022427373583475827	0.2786240300465139	6114	0.048533815591399854	0.04254352418414918	0.19604805066679465
1.0	170924	0.001635969096644138	0.0014243168083148089	0.3231241601395049	6792	0.026016200795985014	0.020099827478605194	0.20479794379721003
1.0	54366	0.0674688036850855	0.06785217982018112	0.2921935352174264	6094	0.07350430223920418	0.07469354605975789	0.19463262740070442
1.0	135616	0.0056309115393321715	0.005643703376131297	0.2929508023689626	6168	0.013827717844486137	0.009014423076923078	0.1896584181326655
1.0	95548	0.0575832923187503	0.057586725023430346	0.298767214458279	6530	0.10584947563266667	0.14004847463042275	0.20716692335158335
1.0	161586	0.05526791304255181	0.05380853552356555	0.3345031797639762	7042	0.0774616530117736	0.07368170128232045	0.2120954480959488
1.0	67252	0.007610689351797509	0.00761392272005883	0.2856617099144863	6048	0.06682286069683471	0.06026250339572708	0.20184637024764576
1.0	151586	0.0015502215753912464	0.0015315259500894318	0.3117254870605816	6678	0.029127617356473984	0.018920577505578906	0.20238686307916698
1.0	47774	0.07070792165103067	0.0690788120896685	0.2588571657282345	6382	0.04804819363315547	0.014780000438910743	0.19342234549274398
1.0	163152	0.37044830656250816	0.37111503748242475	0.3197897426946362	6866	0.10762123207746893	0.1449695046533569	0.20218934365639707
1.0	100052	0.1295623606868841	0.128370318011456	0.29249128996427703	6580	0.10195367649223906	0.09838866906733368	0.2015460456960085
1.0	65360	0.01370305565407839	0.013810298152926153	0.2797837387833595	6322	0.050778553548340814	0.04651855667480667	0.2085302707650419
1.0	134936	0.006594574385869794	0.006255760073099454	0.33584902053583093	6802	0.03717748536878384	0.049967594614846456	0.1997434169331859
1.0	59584	0.4120049875512842	0.4103371893799877	0.27785167159380625	6042	0.17888459827386316	0.20414162521875284	0.18142809705355778
1.0	56978	0.11083722212584941	0.10966476672536139	0.27569386991314093	5988	0.05404191150284901	0.056856409415207323	0.19465564041595096
1.0	86500	0.35687983501447373	0.3618668278837177	0.30039591357307033	6256	0.18276867551147552	0.14768449014322055	0.19144122755318918
1.0	153396	0.06724126559950168	0.06779172296901378	0.3091362242604095	6464	0.07370647895673753	0.07828368710807003	0.21110603300725392
1.0	55622	0.015351305532550754	0.013797214500945731	0.28223504265271454	6278	0.049277534117467575	0.012038088820433833	0.1974274405479015
1.0	88160	0.025413377984039483	0.02601309376973119	0.29273270608769336	6384	0.03612012987012987	0.016862383540372672	0.1993212963936909
1.0	108976	0.005769505942755581	0.005516293103281757	0.31077327541181177	6416	0.06433607583701405	0.09021331804793827	0.18875023897589813
1.0	101366	0.14284606510647582	0.14344030325781817	0.2963131756393625	6498	0.0775018208015741	0.07926044086733272	0.20135654795265276
1.0	47042	0.10082970370748469	0.10054863074802439	0.2563201170377083	5926	0.10475767757943191	0.12579090572632562	0.20256728939637916
1.0	107496	0.022008550787584905	0.022294564197823823	0.3075719369548352	6460	0.05682133534226576	0.04481534090909091	0.21149155620278584
1.0	143142	0.1108670745326179	0.11074339814363636	0.32951842226768896	6960	0.09038776421257654	0.07528265363162809	0.21159612342864512
1.0	136900	0.022357526321760825	0.02239700149444498	0.2977127222547881	6312	0.029828573535083246	0.04153058427318296	0.1995608246710159
1.0	151340	0.07522641358615706	0.07629060805702155	0.33322226227925694	7066	0.09958713613427479	0.10905728200038695	0.20310607296122973
1.0	72092	0.12057448041040057	0.12266909600625778	0.29315657071801654	6246	0.06441297779812057	0.05580161218092253	0.19990158857008522
1.0	81052	0.25020286636110767	0.2514149057468842	0.2955144637099878	6258	0.1118229297794624	0.10457750544930008	0.1772989841791374
1.0	161010	0.006479484880633457	0.006582260239573887	0.3154621386976522	6488	0.013062782536245677	0.00826684125622805	0.19163283617603746
1.0	102644	0.20624511744237645	0.2071182110966816	0.3056695014627187	6758	0.12445637340178867	0.10754311207612206	0.20913020316693964
1.0	86782	0.16703697103487045	0.16604071819781877	0.2872308551828208	6716	0.16427884211081956	0.1218286195797229	0.1973666702817872
1.0	73086	0.016665881565854575	0.016969087719570255	0.28582865397692375	6002	0.02833101394559278	0.01578125	0.19298786682555794
1.0	167076	0.09078569162944347	0.09188212299650991	0.3333682480181914	6568	0.04611411164231058	0.04546166644028487	0.20385381006994865
1.0	87556	0.13323945465057502	0.13428865752445268	0.2860751503877117	6432	0.09393015745320757	0.07841230268110988	0.1929960999843815
1.0	77422	0.003260242745771409	0.003639815696746345	0.28065128086571967	6044	0.008977096273291924	0.007940051020408163	0.2129474285024282
1.0	162174	0.00420854606548389	0.004134563658059287	0.3233405007987912	6696	0.03526419906081231	0.02620622374330001	0.20353276455539815
1.0	58866	0.03193239411324484	0.03196069513194716	0.2710719891917576	6026	0.13548521445698866	0.1208615542645339	0.19654630400316916
1.0	63818	0.020465187665128833	0.021154103743093206	0.2785072158171928	6200	0.06034707797284017	0.06346237770470507	0.1972896470218193
1.0	273636	0.04428327129216166	0.044538847844272006	0.3683094431422287	6916	0.053687923330677886	0.07747209137681652	0.2107691827883532
1.0	140688	0.2531694573023653	0.2533248598978559	0.29296822414677093	6274	0.1459243179604171	0.19977625534800633	0.18624606461078616
1.0	79566	0.09959016696890294	0.09992990628047359	0.2780244962892113	6326	0.12810578533241593	0.11426873059006211	0.1881114125128773
1.0	92750	0.016115577727463484	0.014994611702749544	0.2968229101058292	6560	0.012322318088121962	0.01213898384248994	0.18894692036865235
1.0	113260	0.1405611563465455	0.14000278502021457	0.307674377916136	6582	0.058411692080689075	0.0456124344137115	0.1942709338191794
1.0	52430	0.02065011828531202	0.02118863848643202	0.26469930244680595	5778	0.03702089969778649	0.04587053571428571	0.18550075204989933
1.0	88820	0.04765157064403186	0.04678662187750143	0.3052170065982974	6260	0.07125371126866921	0.07261231575963718	0.20370691571803987
1.0	93218	0.08035493424514283	0.08040111408422887	0.3014078457437969	6122	0.05079633746343871	0.0669437767094017	0.2049185551017878
1.0	84610	0.00739465031657151	0.007573768612184387	0.28778313618356	6072	0.028389787324901643	0.025500651110407207	0.19905496955601854
1.0	172652	0.0024416934258772865	0.002063806053091656	0.30825860342632366	6466	0.0282695088153662	0.01908304154594888	0.20027479779200755
1.0	40498	0.05165041324388039	0.048624680083509376	0.2534538203369957	6034	0.04524957690018201	0.07468334915802588	0.20461460789706234
1.0	47474	0.02479394634069252	0.024354477425830183	0.26542669275040065	5956	0.05148554562809488	0.06374813639830802	0.18552245087762922
1.0	124788	0.11733577618374165	0.11776145182795099	0.32102422507175055	6632	0.057402655484866845	0.058381980271965894	0.2036866889365282
1.0	106798	0.038047669299703976	0.03888099028425607	0.3101804138942888	6392	0.0776461851156973	0.07924928534303535	0.19240029400538208
1.0	156824	0.34971026423480345	0.3511805150137268	0.3088661864190124	6536	0.13002132429469956	0.17242974479040762	0.19983158573569068
1.0	84608	0.20904440883481704	0.20957195058436426	0.290855351145659	6508	0.12938650111665656	0.13187294199594735	0.2046329684893039
1.0	70066	0.07436541814826537	0.07262487873453335	0.2764066721734646	6284	0.08715951614112828	0.10115033812184547	0.19433854744059564
1.0	69502	0.21933487951033395	0.22105741210907728	0.2772012747804048	6258	0.10299791790509938	0.09745440943992772	0.21152667073367903
1.0	174190	0.2728184528450056	0.2705675131234611	0.3194563011490449	6896	0.12046344930952524	0.12154495203433882	0.2048598295051226
1.0	86650	0.027660449139235356	0.02573215207618301	0.2997529488858696	6196	0.054668332167422194	0.053492538904200956	0.20121840825278234
1.0	150102	0.3148433491636816	0.3149443478796689	0.3042893720536335	6398	0.12441679179937423	0.14030204224708478	0.19680967110414324
1.0	72616	0.1221996615574267	0.12327556559166007	0.28360800724104857	6044	0.08713729177412365	0.09244227994227994	0.18269998224433334
1.0	73444	0.021762469657160978	0.021110320343409757	0.27817929188808865	6468	0.024309132884143013	0.028747157296461826	0.20537811034312195
1.0	241668	0.21235880528982873	0.21230590506858854	0.34644064268154734	6480	0.07400600956136685	0.10565096058900952	0.20489596949350017
1.0	194284	0.2905257852998715	0.2928658520787539	0.34843886854121026	6838	0.112052441338638	0.15750093526386755	0.20400506146788214
1.0	64528	0.0064990600511447335	0.005947753672780609	0.277020903394066	6464	0.035446095595369105	0.048649606598078085	0.21344964751648368
1.0	70642	0.012142652548008455	0.011932891332097342	0.2815056242671622	6152	0.012747461976614867	0.008032407407407408	0.1810347949720997
1.0	104654	0.0986475963129897	0.0993944996928622	0.291251491823348	6468	0.13600033963925964	0.12445052537495373	0.22009588779566389
1.0	81502	0.21444061320180755	0.216140268845616	0.2852672210216438	6040	0.08810809067190774	0.09740778043941155	0.191445519158298
1.0	150200	0.10988513949099811	0.1108178325506596	0.3497127062232646	7400	0.0834868690611263	0.08139420409164103	0.1988573115214509
1.0	45694	0.0064813726105752666	0.005348709696929987	0.26116480687814286	5770	0.0163977874597296	0.017618274300017722	0.18493849228736806
1.0	110182	0.0040878723360685395	0.003635884260598454	0.3033306573220012	6424	0.06608458454128223	0.07095617693551046	0.1881430090275674
1.0	116088	0.05674022123654811	0.05656525142419778	0.31964153182569516	6856	0.028004881037007347	0.030322526567472658	0.21112573030846515
1.0	190532	0.21322753275070497	0.21356651160247983	0.34679248090164566	6934	0.12966112949719094	0.17941547945676875	0.20664345286118516
1.0	53236	0.051002085451625316	0.048749716167207996	0.27169249288510505	5782	0.038518772893772896	0.055380097517730494	0.193523872736059
1.0	164190	0.24576818891105998	0.24444841622440805	0.31650576244969564	6652	0.14195270063978394	0.17487387320192566	0.1881511160924032
1.0	116224	0.0014404680056680325	0.0017368335010092895	0.2980778310686722	6738	0.017412614990407763	0.015317984711367064	0.18829407132961937
1.0	84714	0.0029910799558528827	0.0028183041057402514	0.29303240989555207	6380	0.032837092570705405	0.02176086940049706	0.21104568103964172
1.0	102014	0.11541528212361313	0.11560657937143658	0.30648804093265586	6782	0.2385428220073936	0.21749177925119073	0.19659795333029162
1.0	111814	0.1604822512888732	0.16063474315673518	0.3092331688799486	6760	0.09775703299148683	0.08179607236404056	0.2006022451414012
1.0	285024	0.031420283565615145	0.031160203881003167	0.37840008615938875	7184	0.03128023671462863	0.031428083202356946	0.21509882948492787
1.0	154732	0.0005818030456066941	0.0005096222574387284	0.30911282031224246	6668	0.007083849329205367	0.006626056235431236	0.19336517081828639
1.0	223868	0.3392848030302332	0.33944014821862867	0.3677750487826681	6838	0.1816688773246988	0.13642339314168622	0.2264395899518119
1.0	55266	0.19942397713584506	0.20438775359463765	0.26934621994068614	6038	0.10106896869016617	0.12902291099853022	0.1825445203054191
1.0	86760	0.01924939612003418	0.019170061549508535	0.29047230601776663	6116	0.0258636048743191	0.03418549571558472	0.20853764265410155
1.0	101028	0.08751817087128336	0.08780852411070993	0.299000553916531	6466	0.1157809646474092	0.133239454065241	0.20560847053291287
1.0	48802	0.05688857551899312	0.0558943022500127	0.26640006279403045	6054	0.04880939020012426	0.04499795828556449	0.1725444474581466
1.0	152358	0.008477198926410372	0.007974456438819503	0.32519327502147094	6656	0.027642501172880425	0.01685660054989446	0.19744948402307402
1.0	122018	0.1441624495612959	0.14501430589645067	0.3292804430627124	6880	0.10625396827767154	0.11015364163342103	0.2092272253062819
1.0	138076	0.43804694345015294	0.436250010445375	0.2959023236500294	6650	0.1492115128723247	0.18953835562638477	0.19187703690088628
1.0	93090	0.1940307289504867	0.19427447392494543	0.3064080430968789	6522	0.15802484062370356	0.13825417284070926	0.22305742121530306
1.0	126880	0.004788367596207	0.004892811343826158	0.32725452778540426	6646	0.02767218359763968	0.0288345676936209	0.20191570997278
1.0	160574	0.38442496830564343	0.38479344281165434	0.3158370610941126	6686	0.09832128071451299	0.1360447114364205	0.19896376962359755
1.0	161704	0.06467357985054377	0.0644134908597805	0.31002786749789263	6560	0.04736130799053552	0.0609832702020202	0.203365711735129
1.0	87172	0.2175920648967235	0.21965915623680138	0.28983687855349755	6538	0.08739785092954706	0.0759119535435325	0.2016258359733252
1.0	191108	0.07263387520478401	0.07250748291990745	0.32709622009294237	6554	0.059051076320480934	0.0645985189838928	0.20024740734406807
1.0	90704	0.21749014104180814	0.2185792643888257	0.29813744391383007	6516	0.10730698068050826	0.11326902493626949	0.19271497697397924
1.0	66356	0.0056115102275869294	0.0049639351107393405	0.27061991765031745	6242	0.03598316333782879	0.03979637568400866	0.18869976447467926
1.0	106228	0.1258458527911401	0.12586192628751805	0.2942397832712961	6658	0.1044426346671908	0.07761980684186995	0.1996802054816591
1.0	139548	0.4017083299720655	0.40368433758099875	0.27865619544805525	6276	0.146041791778024	0.12206352710743099	0.199236878639556
1.0	105932	0.05861087742943407	0.05837178908668804	0.3235947450426276	6484	0.12310163663698348	0.1368521827017229	0.18619240364481218
1.0	173414	0.38787600787969106	0.38956485784598355	0.31727375580554434	6820	0.15340680299222975	0.19132681956620778	0.19572856142814946
1.0	178478	0.4213501535768329	0.4216825027672622	0.33751596963507474	7074	0.1515330268160417	0.1883964451062901	0.20659191451071782
1.0	85078	0.0008077848967658521	0.0006787670016579534	0.28329536521421156	6462	0.010505190610950052	0.007390873015873016	0.21173051069249146
1.0	173636	0.29569160840953995	0.29553454521699946	0.32826959257988864	6926	0.1385279778371775	0.11209801250362314	0.20557369096128886
1.0	114398	0.006805972774768066	0.006822895846114128	0.31394358903848024	6530	0.012836210571184996	0.015219907407407406	0.19929544258935175
1.0	72668	0.22721139219885703	0.2312295222330939	0.28034960534346937	6140	0.1276156384721367	0.12180003331077248	0.19414685989884858
1.0	180312	0.011325579934986361	0.011287480516007014	0.31825736988326275	6720	0.08596275105772314	0.07988398089401125	0.2023933542626457
1.0	152248	0.031116996679531564	0.030960778347621277	0.3159707158583171	6542	0.04243114874968787	0.0285246811651989	0.20264439584937854
1.0	183158	0.013507494891172546	0.013392218442575328	0.32984924365633544	6810	0.04358144064259417	0.024662242910598174	0.19876595369615233
1.0	74328	0.1080699294903819	0.11143704876705782	0.2739342384948829	6452	0.027426963305277413	0.03120396675084175	0.20197605976499874
1.0	117476	0.03131528380241377	0.032001377608427556	0.3117771518401176	6540	0.13203029915967962	0.11783966453534485	0.21182979648936773
1.0	167862	0.09198282026179457	0.09126725691651565	0.30291245558305396	6736	0.04971213987804807	0.05660449143542217	0.18919904441561394
1.0	134720	0.12449616057198244	0.12679232133303725	0.3297366635338692	6686	0.09990840129712716	0.09218226776764256	0.20692936506364004
1.0	120944	0.11358288099705885	0.11419502446765425	0.3157543678928904	6610	0.0794010815058412	0.06789225633435192	0.195555682944159
1.0	131200	0.46920670327026337	0.4685805265217985	0.28820968004982217	6842	0.1344149065332456	0.18951480521528227	0.19411919352513438
1.0	92556	0.011377710180869773	0.011209113393592039	0.29558356683168063	6330	0.06906263384881806	0.05943080815364139	0.20367772318377794
1.0	159100	0.33804034541565364	0.3389632065131016	0.3129555186346021	6294	0.11907005152203554	0.17493560616262818	0.1938634541564832
1.0	58776	0.03110806343838751	0.032457736430324846	0.25892895346951866	6022	0.06554334380435131	0.07983941542740886	0.18470143632070077
1.0	155916	0.15552105067582656	0.15575496008822	0.31451934840907564	6518	0.115625189827489	0.14593359037655668	0.19739946091057392
1.0	158448	0.07215319461312068	0.07125022166263532	0.32152730856340184	6524	0.12230410610922195	0.15118951519541693	0.18936698793932238
1.0	59492	0.011328273904080512	0.010940715343323438	0.270983744980736	6008	0.005837087087087086	0.00625	0.19668048086541157
1.0	65156	0.0378677185329763	0.03744744680727799	0.28577902049918574	6640	0.024153416754632888	0.033539009353741496	0.2130829276176487
1.0	113872	0.032013175274400875	0.03129261903564276	0.3033641470360923	6600	0.08852022246113	0.06934044686494294	0.20457057373793452
1.0	111778	0.02992086196618429	0.03010451764139037	0.3172496831838065	6394	0.0784595693155476	0.09278720133949932	0.18581587940964342
1.0	40392	0.05355650326228802	0.052512173354189895	0.26202186336828176	5884	0.07229492904264138	0.08928161266924566	0.21672533492897092
1.0	91676	0.10251722511196193	0.10377311039491455	0.29824031814021984	6084	0.08956551350116612	0.07037919309470199	0.19614412844278306
1.0	169938	0.024304514564103142	0.024400821474504817	0.3222443415629083	6688	0.023257644493823684	0.033511537976510276	0.2047362351164387
1.0	100044	0.016368354992977126	0.01604206003477536	0.3135175950441741	6134	0.05649648702563623	0.07277418766606128	0.19088723481508388
1.0	145588	0.0768672313795392	0.07743556645509707	0.31293939794932807	6814	0.07563657169281142	0.09417593369880027	0.19857430614106641
1.0	108106	0.036972350078228675	0.037758083190338916	0.3081086268633823	6420	0.10291036845018353	0.0849775093991497	0.2066548096220754
1.0	170346	0.16102990926502875	0.16180089378988693	0.33262038636384916	6878	0.09943276290930018	0.1351976926534529	0.21237021097946218
1.0	91748	0.07639521748273029	0.07816004416125438	0.3083768203626396	6350	0.053609551483649	0.04811762558974374	0.19914949714507546
1.0	87056	0.14815564657296923	0.14917839406681846	0.29494086849613793	6642	0.09332356576104268	0.10079758434406662	0.2010289017995919
1.0	69748	0.012603322679462332	0.01335810184372787	0.2643926708290251	6018	0.04086223250195953	0.038133680555555556	0.16972583357301138
1.0	81708	0.20228932744591413	0.20467280767709267	0.2899462556299358	6088	0.1056163076722077	0.10351619910116094	0.2066881430031059
1.0	223282	0.1973783043912426	0.19792349620919894	0.3326159098148321	6840	0.08606036782792448	0.11747947165449128	0.20636688237105946
1.0	86824	0.009381057669612705	0.009533764165433004	0.29480201997842037	6182	0.04919568444623023	0.05802667727009832	0.1848577144281849
1.0	115108	0.010120461746442802	0.010518674886044884	0.3111495230262266	6468	0.022719765778728997	0.01840112872378022	0.2005592672286379
1.0	143330	0.004611586202029439	0.004452103876042334	0.3069346937669795	6776	0.024197776207228877	0.020822536077470286	0.19326281023168487
1.0	111390	0.02684215862151446	0.02704138831102156	0.31025267873629364	6676	0.05650769617139282	0.045954974896862	0.21170220865099065
1.0	65934	0.011132791030836624	0.010721639873148748	0.2929051359465044	5832	0.054983501388585106	0.03800490445227287	0.17941430287051321
1.0	169022	0.0031302693804776717	0.0031177000856438854	0.3123866187248814	6812	0.021676015605552275	0.01195607553366174	0.2051433418995728
1.0	82608	0.00875648422503958	0.0073893424091964095	0.27783166100635087	6146	0.02014170751928484	0.000744047619047619	0.1953623472894507
1.0	77592	0.0010569137138694415	0.001111656317181742	0.2869495651590629	6572	0.0104079635503086	0.008854975672712321	0.19961844499363188
1.0	171600	0.12910684314625723	0.1291995593557406	0.3320646018017319	7080	0.07114961242974707	0.07433782399189291	0.21466021974690883
1.0	135188	0.002750799427774266	0.0030289777769751556	0.3310830428979651	7008	0.01718689042952811	0.020884885389195737	0.20669764433745105
1.0	68638	0.005302958481715209	0.00499865802404913	0.2831318425430052	6280	0.033470724071224936	0.03828408321610637	0.18132702052648808
1.0	171616	0.006185928712234696	0.006115256073833329	0.31449027409407926	6610	0.015957605849880693	0.01817572274468826	0.20128355401043393
1.0	150098	0.2761108278141732	0.2755087574067796	0.2939230860301619	6298	0.12543152586169934	0.17858297675130655	0.18161506666014793
1.0	169768	0.2606255754400074	0.2598230981847716	0.3345105717392605	6104	0.14822402041109686	0.1624017371320487	0.2049692475184761
1.0	155926	0.03872769722157078	0.03848900554969105	0.2877176857136427	6118	0.08655971117501207	0.11091043824543965	0.19858055048983178
1.0	68316	0.008508480691759726	0.008183651524004158	0.28567234975553957	6194	0.0608332355746466	0.07986002527314447	0.205689901193807
1.0	172534	0.34890690198879154	0.34718344498728787	0.3256837369953472	6632	0.10494797173436798	0.13358074554019347	0.19856403307813122
1.0	154776	0.4038275190752217	0.40178348277780285	0.3080528832707479	6386	0.1256182824765695	0.13520273099100064	0.1949021657834713
1.0	119010	0.041131290537915755	0.04022193550080924	0.31594757590865086	6244	0.02944299897633005	0.0232317832491283	0.20708225661398527
1.0	83360	0.014543393276250842	0.01398787136402815	0.28507975292258675	6136	0.03285421501368272	0.037399629199705534	0.2139154996216147
1.0	58170	0.1973701750347597	0.19796738066007183	0.2712919560954632	5852	0.06923729050727864	0.08566468253968255	0.1780869447825856
1.0	111816	0.21253282280664862	0.21366135252892013	0.327279295678703	6664	0.15538184763191912	0.173506336527949	0.20103907958897996
1.0	66342	0.02386885627776943	0.023014791366251574	0.2853335567030762	5878	0.017286706349206347	0.006960227272727273	0.1958298862548422
1.0	53138	0.020879327822973758	0.02171831504338176	0.26758471860591065	5976	0.03567101480894584	0.02231557701725578	0.20011612301026407
1.0	179616	0.10789527439804228	0.10815054662912883	0.333234640001148	6972	0.05376502403332233	0.05520485459456624	0.19722450968960606
1.0	65056	0.023098084762295377	0.02126058038205906	0.2758391466314147	6138	0.02835554808841099	0.020566784760272218	0.19606891048197306
1.0	187210	0.28957052490961877	0.291277222270182	0.3394594980297596	6858	0.07381618270601437	0.09821472512471592	0.2094492699906887
1.0	175022	0.3234109853214694	0.32297733121643857	0.32745666932520606	6834	0.134062713487391	0.1696240493898137	0.19579196352588038
1.0	157130	0.0902411920952913	0.09084690881912709	0.305163362576423	6348	0.08353422172406208	0.07091161001522844	0.20101335912545196
1.0	72170	0.08786937876324732	0.08633157248891381	0.29344481219155144	6380	0.084979665530613	0.07240811545910229	0.2207185321521535
1.0	119010	0.1424632311485672	0.14307245775787383	0.3200380248836551	6552	0.07402426843663258	0.09292483831957515	0.20039531510706501
1.0	119474	0.17960592158148964	0.18165253851811738	0.3187965764055239	6802	0.13291523967782132	0.13188157365317765	0.201759481553753
1.0	167812	0.08209969916847033	0.08178977080686703	0.3263962544154352	6350	0.04635116137259773	0.04415413528464999	0.2065191061690328
1.0	177682	0.005666504984719053	0.005092856905838184	0.33472943402062616	6652	0.034961653704030635	0.041213722294711395	0.2091160465029527
1.0	136416	0.12396980261400277	0.12513834374374866	0.32817607361748086	7038	0.07039141188835875	0.09459843018469928	0.194122053324257
1.0	113404	0.15181008572938223	0.14990590860349048	0.3038792344807701	6606	0.08383337066140435	0.08901564166509819	0.20578886312032654
1.0	115298	0.014324899004863993	0.013350862575983422	0.3121446268843943	6528	0.02282532294832827	0.008030626780626781	0.21616922365606048
1.0	105258	0.007480376358896306	0.007849370030070937	0.3104232869088851	6524	0.020653394544523574	0.028953157349896477	0.19871193153909417
1.0	141172	0.0064152710443469135	0.006325649161135115	0.3102856720301414	6450	0.009215052451800156	0.007872732426303855	0.19826494919210227
1.0	137558	0.1314079871935323	0.1313015228094872	0.29068071601823825	6598	0.14694989079711324	0.20663114204014937	0.19786786398432368
1.0	117974	0.009104657616024905	0.009116355308675689	0.3161474432440102	6718	0.02587584893970763	0.023073294096115356	0.206042431425683
1.0	301680	0.1617493340694413	0.1616426070125516	0.3714246644059444	6996	0.08857961056264974	0.11456159420189362	0.21362910890899833
1.0	91322	0.007255867030400794	0.0066112951724642596	0.29448219712921003	6410	0.0178383995485005	0.019016617063492062	0.1882556278585883
1.0	53898	0.3537277856166519	0.356297555674632	0.276445499607033	6036	0.062078134786508435	0.0715116113730181	0.20954952298974983
1.0	119936	0.16816793568343225	0.16799500090212308	0.30847198370472856	6742	0.13710277226159615	0.11329202899926584	0.20267592019198943
1.0	64944	0.0050791795926408015	0.00530618950734031	0.26267588221091526	6232	0.043916651867341144	0.03457367321928772	0.18576415458794981
1.0	217126	0.279832074148875	0.2805075345501769	0.3566347219664938	7220	0.1448552379456875	0.1822802729528967	0.20592726565791697
1.0	153548	0.29173620244723963	0.290497803292096	0.2965186164886281	6736	0.13101892254556494	0.1780253119054185	0.1972728804069341
1.0	58376	0.20448916618605187	0.20649434377286233	0.27397723704367033	5768	0.11445675755829746	0.09754857071033542	0.19445246483900458
1.0	79860	0.008893973643396873	0.007955694683757192	0.2954757707073184	6048	0.03400524966931217	0.02794104326513214	0.19823787910847043
1.0	62032	0.007747395078575171	0.0079120197511263	0.26175901305996646	6246	0.06658903483738216	0.07194410460211462	0.18629129321429572
1.0	70382	0.05968785810289428	0.05907290089035635	0.27757271720598314	6432	0.10822870818564301	0.10789224664224664	0.19517752207134462
1.0	167524	0.0006997030294247944	0.0007091135754940897	0.29997082829254545	6488	0.007177380786899136	0.00793643018858536	0.21284198552942246
1.0	107374	0.01947738645458114	0.018914350775902207	0.30824166229875205	6498	0.03925846956314355	0.04376805712403538	0.21206789129635029
1.0	61976	0.08072549786131888	0.08011772610846736	0.27511964786842086	6274	0.09441061461135093	0.12159094640017605	0.18691776362938203
1.0	46044	0.29055238032036973	0.29434591672750043	0.2572069829455852	5870	0.06784705270465441	0.04651214889701732	0.1755983573771819
1.0	97426	0.003919555873411248	0.003443050221504301	0.298375026336916	6450	0.048154965503874256	0.04836867262854105	0.21829690968861262
1.0	71050	0.01316586935256068	0.012192026880269685	0.2561032437738167	6152	0.049814438289067	0.046739718614718616	0.1898873658968924
1.0	60616	0.010860485393469234	0.011236989066749272	0.285729421216027	5922	0.04271140142004112	0.04525153495741731	0.1710502983872383
1.0	154612	0.1333357287056183	0.1331865987348167	0.3142921039727415	6706	0.13193871582865405	0.1751457323078146	0.19641469098205858
1.0	72520	0.011024092234125855	0.010628881356866847	0.2819025266721488	6192	0.02782679715519784	0.03785758740528477	0.21701946825929294
1.0	53418	0.03457784345600584	0.03393998361036029	0.2760856345087978	5966	0.03692708333333333	0.056668027334300916	0.21140994654078835
1.0	163826	0.01024013165768358	0.009605558484625564	0.31034921300525115	6768	0.029451563556531835	0.023554754295966138	0.1801977144046564
1.0	285162	0.10066408193810694	0.10050951636413283	0.38271896752841045	7310	0.12305666262510365	0.16071801891339513	0.21471375006451746
1.0	182856	0.02583333533599558	0.02626791971621164	0.33094328058789607	6740	0.017141891729129444	0.022564798807763454	0.2020505062966832
1.0	201746	0.08268221585997544	0.08301890116788228	0.3315817475875437	6716	0.08915064574971102	0.10463694824108827	0.21120749381297813
1.0	240284	0.3695451276278201	0.3712462269800278	0.32798027700745097	6562	0.15018616412309044	0.19193956582392252	0.20797706026244378
1.0	86030	0.004606182135724495	0.004708320098030255	0.28957728863000354	6256	0.028739138363849816	0.02415332426917095	0.19608435242121378
1.0	85972	0.012598067722764117	0.012468897388536175	0.2944725700552392	6488	0.033971638899900514	0.04858922378620971	0.19962866973260818
1.0	179986	0.09824460036035071	0.09821736177969435	0.33493599976214483	6756	0.06423335241297604	0.06132822447160683	0.20174779014453922
1.0	133676	0.05297210073873503	0.05384035821510058	0.3191061416503716	6508	0.061024305197194054	0.04145051054018445	0.2149425157687089
1.0	149962	0.005392987161792177	0.00537628767260387	0.29900734374899135	6548	0.03536116347470569	0.033408867159939806	0.2020053407278016
1.0	195220	0.2978646911345617	0.2980954368509484	0.32971503426377047	6638	0.10154850943568922	0.11771511453355359	0.20181240792020952
1.0	132672	0.0011803824200064138	0.0012983956204790509	0.2900214040011179	6318	0.015782404911151987	0.014571500749422577	0.19859038661351425
1.0	66080	0.05831000486800659	0.05780683221773097	0.28455432634817107	6300	0.054644544886258986	0.09313846605496559	0.2156571384402619
1.0	169574	0.0626659423420112	0.06260679210380074	0.3164124863453904	6608	0.041830349098666585	0.03022261363434766	0.20113731275398986
1.0	90866	0.20915303188506945	0.20809971114132308	0.3064574287250336	6778	0.09464723165122672	0.08326128361258311	0.21485375423781908
1.0	109246	0.08545997993002032	0.0847341809305367	0.30919293130934217	6542	0.10295492676992779	0.1095281199064094	0.19815513650339664
1.0	119030	0.11869870672155151	0.11728700194073262	0.3294256017566099	6546	0.09095876748663499	0.10553419739208279	0.20216050810888708
1.0	101634	0.08300397093377453	0.0846069896078773	0.3006243595697583	6610	0.05407283576624505	0.039207562385424846	0.20073016158674173
1.0	100966	0.07081401806922732	0.07125190575184369	0.3058363142269115	6412	0.05078439021910736	0.04702036305412853	0.21064099267147618
1.0	128124	0.15246050082452803	0.15378334722330128	0.32343437390197255	6766	0.12947656511761657	0.0887501138608226	0.20035213652204376
1.0	65872	0.16739026592231038	0.16794082254489312	0.266545573767075	6136	0.08615691797451654	0.07604140311413671	0.19230995717590002
1.0	168086	0.08242665546320073	0.08213193308429474	0.31236068338229883	6360	0.0700119828001033	0.04585943686436307	0.20937384739337006
1.0	138096	0.001929909799764565	0.0021528715369022243	0.29321073898522615	6126	0.023732033674429574	0.024532712257153783	0.1990492862206922
1.0	145960	0.004511345755928996	0.0045085771005145565	0.31719838569733033	6264	0.014800788609300432	0.019358796928364626	0.21208927598176033
1.0	100390	0.008146181448122824	0.007566529488496355	0.3118948448281866	6352	0.0400359824956366	0.03431491884301859	0.20871581167617817
1.0	101692	0.012554607186236938	0.012022934710503164	0.3103165992341251	6244	0.026588035672337997	0.005821078431372549	0.20181701075626482
1.0	48946	0.008688760354581587	0.007877823177642837	0.25264695491246675	6306	0.03233450055493494	0.03848999047293336	0.21644174447388242
1.0	108084	0.24108386377113297	0.24286209716734433	0.3047382569194277	6728	0.11491262910309301	0.13288701111519505	0.18495138684567525
1.0	128396	0.048954629706722375	0.047913520573443204	0.2928872996455923	6068	0.05762910992002897	0.06736111111111111	0.19721480587209064
1.0	218342	0.00603225297307757	0.005808990612462166	0.32314858241185057	6886	0.019250253839116212	0.02070902396492595	0.2044714894521685
1.0	156208	0.005965671290140958	0.005829653586757694	0.31425351878597224	6232	0.011487228386500231	0.014123766040039624	0.19596438249145942
1.0	86890	0.17612766441516264	0.17722178722001736	0.2897476483649886	6282	0.06328163524522026	0.05308554204740645	0.2096484258518024
1.0	41596	0.08173771796896649	0.08011896129983119	0.2459675905572861	5754	0.03599527260088344	0.02355200945626477	0.188068514102289
1.0	87394	0.08501837335763048	0.08248396707382392	0.28934829385817773	6528	0.06901797968305909	0.08716887705374547	0.20059863588920668
1.0	176516	0.3203473740523765	0.32082987276710556	0.32830610666806165	6722	0.11574181091200636	0.16200886671668624	0.20151081441479465
1.0	73432	0.10206802641677282	0.10336910440620155	0.2824958757753385	6360	0.03400747370787086	0.018862572460434303	0.18983477591706766
1.0	72684	0.009584123548978004	0.009486152316793662	0.28598758473275204	6174	0.039673222655824465	0.04958035847389045	0.214357990682059
1.0	67886	0.0033083397373221543	0.0033047512481874006	0.2902019260098651	6140	0.02727773730957655	0.0295867673992674	0.20188609548552203
1.0	132524	0.10585298311274208	0.10689818188844541	0.33133945631563116	6876	0.09305273601352274	0.07435346177944861	0.21069678282386226
1.0	141656	0.438956391904142	0.44116759359615476	0.301143888010166	6690	0.09918594715063214	0.12969280963980487	0.207748841067919
1.0	76012	0.24646157930196066	0.24897047991022933	0.2848233943740128	6330	0.08724546847843385	0.08108222455648927	0.19751686695173684
1.0	104876	0.002980968250271222	0.0032409657217241884	0.2837776735885161	6576	0.045603852621075365	0.056118201877152524	0.20069741382421172
1.0	164476	0.0011049964590373093	0.0010117370973544088	0.30602297822882396	6458	0.010036365294985986	0.008033056972789115	0.1922539382917038
1.0	214134	0.0720870351659214	0.07197102397216304	0.3502743303010269	7060	0.06185517838443454	0.05557587267345227	0.2060742112936137
1.0	86398	0.006528638460700505	0.006234682036286464	0.2816077794614835	6314	0.1130210261974458	0.11080039785810547	0.21081158865434582
1.0	272076	0.004046067456451072	0.003910543667241708	0.36159991026265725	7078	0.008228101315935054	0.006408955627705627	0.20922464480285277
1.0	172908	0.3695472756998492	0.369045877225808	0.30326139317743983	6524	0.15080361593724553	0.17953632713283452	0.2018555609774774
1.0	135938	0.029801354801167038	0.031053380019951952	0.33615977882961506	6940	0.08234258869920555	0.061316520324391555	0.21841827815230963
1.0	151032	0.011743064530005428	0.011537865291688584	0.31129678781043163	6296	0.029583292268905156	0.030428813208068527	0.19686941440680664
1.0	158620	0.3099404538719178	0.30918077744633266	0.3163983869364837	6660	0.1376933796244956	0.1941482456615769	0.19668045184682917
1.0	80564	0.15445955441351172	0.1555846338628479	0.2955714584713773	6608	0.08079073046579249	0.06781365103176164	0.19176871708932708
1.0	172846	0.27036201460155934	0.2715666525932021	0.3277468806918959	6722	0.10178550848416194	0.14232739134444455	0.19830840879472658
1.0	167222	0.010907848132456877	0.01045846749690377	0.3212652078784813	6508	0.020620291714493567	0.018639426142564593	0.1943760058328099
1.0	95408	0.004785037623539686	0.0052055337420896675	0.29671245170419874	6060	0.04593955107820443	0.036203078884190124	0.19655744196444147
1.0	134818	0.020350010679402085	0.020085505861877375	0.3319291250545029	6630	0.036696965732578225	0.057945373416179335	0.21691675364507976
1.0	83232	0.0027928950124817852	0.002311743366824273	0.2912710886393173	6594	0.026529262505218608	0.026471453382953578	0.21317629524986106
1.0	101150	0.11425436166195632	0.11568781195494861	0.3079747958470547	6486	0.09190170837470946	0.1175037865524998	0.19072884175514163
1.0	102106	0.006980832155441894	0.006366471878201132	0.3173651004241992	6464	0.06530323111277665	0.09590413901421202	0.2055562809572582
1.0	90074	0.41839393674783876	0.4219028545156203	0.29136850906158246	6606	0.1435189659511407	0.15018438626022715	0.20575910945893036
1.0	56550	0.1859865330875948	0.18920634794089095	0.2741943239720411	6026	0.038823417854420145	0.04964150432900433	0.1966168956331689
1.0	117500	0.005730971498388448	0.0055299478326662505	0.3031634477888056	6524	0.04786085031415296	0.03997770754864797	0.20825534774274387
1.0	146068	0.12090134280099422	0.12100966381713334	0.3315254259122768	6888	0.19794219585416217	0.1845849009406172	0.21530024230203978
1.0	94650	0.0640049456580168	0.06302951791760954	0.29367045298413613	6540	0.07393353871853466	0.08651917565615588	0.184811633782937
1.0	91416	0.3050519312880831	0.3074642275471961	0.29455930210089387	5916	0.18560427164282012	0.18081777863655554	0.18647871458183163
1.0	67004	0.018974893766064965	0.017368170791833573	0.2739653265055148	6158	0.04737512989046377	0.03937750965524743	0.18401076253731774
1.0	181844	0.32864096909215246	0.328844005360341	0.34003535179783984	6664	0.10343658448646532	0.13426020280007345	0.20044719994226023
1.0	74334	0.13041205666835506	0.12979778160439023	0.2815590095852804	6216	0.06050208310341021	0.040360449735449735	0.17783387191210231
1.0	90272	0.007700853278743778	0.007804936674351688	0.3001728490313447	6342	0.01854855145233464	0.004547471162377995	0.19483634961946397
1.0	164958	0.3791542305644198	0.3787489266164129	0.31624557791441577	6636	0.11084408461090854	0.12158491579907019	0.19799419907351015
1.0	92208	0.11220774166570056	0.11128994179187139	0.3003191243389232	6292	0.14962138926315754	0.12311609252010819	0.203204962397437
1.0	79490	0.0062255700386793095	0.006243110896480969	0.28337152680627414	6292	0.04131601430951862	0.04354863516723303	0.2019007038879038
1.0	74914	0.00847736287346168	0.008525313303247888	0.2786173496246845	6032	0.030326756078879247	0.024294322244448018	0.20703510912172832
1.0	62052	0.011934456475192624	0.011980319280993313	0.2824945050722274	6040	0.03688538899078704	0.026941997998466714	0.21173229825871012
1.0	133404	0.2391986457674876	0.238972317346881	0.3275900537349831	7178	0.1521252733241167	0.13280745016688852	0.20823687677535327
1.0	173666	0.07241328521008684	0.07172472714738927	0.32059461707143605	6596	0.04897819841330453	0.04807365438533202	0.19685219102114496
1.0	85224	0.07187535113093595	0.07174427664351973	0.2882637675603242	6162	0.09812853678936599	0.09415798950445689	0.1788865389719191
1.0	106576	0.008828821289732594	0.009081665454956391	0.30448554708606507	6672	0.02074294953785592	0.01968092861104916	0.2092697205848162
1.0	99404	0.2966989361906942	0.2976841243873039	0.29611659227323794	6766	0.11860090183235696	0.12854521177258246	0.2008353339066845
1.0	173624	0.08500349718855506	0.08639326862457392	0.33011969765913823	6630	0.0704674458208278	0.08661841484414717	0.2126695251150947
1.0	125602	0.004009739108084412	0.004018770023163911	0.3309811894392588	6652	0.01028043500323667	0.006538464398753005	0.20201514164191336
1.0	185444	0.32477401657356064	0.32560141665053655	0.31987839647699595	6824	0.1357465574390766	0.16460433000572175	0.1993970307979347
1.0	82452	0.27051782016546894	0.2714320212497717	0.29215032426621995	6260	0.11594009110049926	0.11096421086550562	0.2074073522781816
1.0	119240	0.017080878194870044	0.01571618828094315	0.30805416624441745	6428	0.09226999574497129	0.08025226619830021	0.1884152310502493
1.0	90762	0.12614602134413216	0.12575345348910152	0.2871000585463483	6328	0.1095203613908479	0.09077491639771851	0.18317091802139765
1.0	158252	0.0074621466063693135	0.007443159390742789	0.3218065216766114	6680	0.014716786317645215	0.013068860487338746	0.2091271540749928
1.0	115126	0.01317743687094952	0.013115190326588888	0.32482600578573934	6350	0.018000644485316287	0.01833602456940223	0.19080588630508175
1.0	69378	0.06066554263491955	0.05954546644045021	0.29035029925724687	5976	0.07851814503251514	0.11648881019799223	0.1899329645458728
1.0	202944	0.19170157581716477	0.1907077660099011	0.34090632675573923	6938	0.13296838755887438	0.17026032035358674	0.20474760444326337
1.0	175954	0.3338785747774947	0.3333159956411248	0.31706648613070854	6832	0.1631940785091353	0.17288985822291744	0.2046487322500752
1.0	52822	0.022641209306315753	0.02171505851202701	0.2736759871594668	6240	0.026405591462409644	0.02688472000574755	0.20508287097833014
1.0	93752	0.021822302492608157	0.021601051323836523	0.3126567078714685	6182	0.03372513779055835	0.06425995879120878	0.19977730167672647
1.0	187098	0.1892968779729257	0.189610770780232	0.33487548642597503	6736	0.12908508043496156	0.1672064735982112	0.20520179740707803
1.0	123330	0.3125542431334142	0.3128861063248081	0.2624610069795607	6340	0.1478436912163774	0.2190518225824332	0.18419215409572973
1.0	187524	0.18675641838492765	0.18659706476624022	0.3313721624057892	6796	0.11793276674229894	0.16226824628938596	0.19660837421328484
1.0	81836	0.24611922544891157	0.24979292076694784	0.2822684830190368	6246	0.07649617943551427	0.08160347050292703	0.19055354152905168
1.0	83448	0.0108809430527456	0.010208474095603399	0.2885072121862692	6420	0.014727099939698412	0.011631037069299265	0.1927415807809076
1.0	78066	0.005066375388542859	0.004926070866378536	0.29785305817301544	6400	0.016364924322696095	0.027072793969596297	0.20094285127653252
1.0	150764	0.36341955330270687	0.3653601563528471	0.31643208411610485	6204	0.10346203226226326	0.11785983151695227	0.1945432651753171
1.0	45790	0.01211251447577861	0.012424998912225526	0.2622838001181273	6016	0.026192566310829543	0.02176780183496961	0.19391334251540446
1.0	190358	0.36227654119653746	0.3613812200655217	0.3331837009559081	6942	0.14846608615668752	0.20397128394751818	0.20693137522839275
1.0	72540	0.19677758065172452	0.19938405133466353	0.28947677829661245	5918	0.11619968361852587	0.1230264570450822	0.20374704614350056
1.0	148578	0.5117013221846071	0.5130956420096601	0.3128015426591963	6148	0.17547568468301214	0.216639695223255	0.19794991645663929
1.0	87020	0.0009973850353510306	0.0009970041853955924	0.28022350361557885	6364	0.013843393521144515	0.015639343635250918	0.2121603614896497
1.0	80362	0.07240359855178492	0.07264032888050877	0.29592485623025894	6632	0.10225658963408428	0.11303875369749833	0.1940098135267466
1.0	99052	0.17032679664712125	0.17177040516425562	0.31412673870085267	6466	0.06131426508568491	0.0658268005190253	0.20454630612022984
1.0	59346	0.4048371955331689	0.40835570949483835	0.27328742190553185	6064	0.14553991146952916	0.1284137928957008	0.21081419104210739
1.0	134606	0.0031314181015811874	0.002975125562024288	0.3006620058370988	6336	0.03908843816064948	0.03275981254848256	0.20483864281578681
1.0	117704	0.044147549654624814	0.04293657377255944	0.3024678274449833	6674	0.12266352666316865	0.10385817472871044	0.20845111418830872
1.0	82598	0.006957209983687608	0.006712232201961909	0.28449904691577427	6242	0.009221345514950166	0.010292658730158728	0.195649825835439
1.0	74362	0.24744185203323954	0.24997250129380924	0.2816358947776642	6152	0.15561324512833574	0.11580916497804795	0.19616230567014445
1.0	68814	0.14266792346848017	0.14425482307996754	0.28916844738554026	6172	0.09040515574109476	0.08444129701060751	0.20293731142240065
1.0	74366	0.01840563165629535	0.018091983299661163	0.29227904401182137	6002	0.014775477498691783	0.01430931769871069	0.19820772063508138
1.0	196430	0.05191008270870654	0.05197390366438013	0.34668439487415964	6752	0.12420133330496351	0.15769091487905912	0.2145855263954938
1.0	100010	0.003927159909043068	0.00356610106665008	0.2895434590578664	6424	0.007573926453870674	0.017297753131352876	0.18923632579335958
1.0	79578	0.029666690346014636	0.03070451573044941	0.28979755092494647	6406	0.052416147968515105	0.06562816668889865	0.18980794224263028
1.0	156910	0.24643165999334457	0.24545622857488225	0.30799759093902435	6830	0.1342048647312172	0.13304194447480053	0.1985766648217343
1.0	139782	0.001987803085007456	0.001891805142382239	0.30598657822138603	6846	0.008746404038633176	0.011955365518627713	0.21143057983623745
1.0	170220	0.2926564662396116	0.2938314562823515	0.31774172442223636	6224	0.12489721913308072	0.18406541800229415	0.20001059216215042
1.0	80264	0.014696172542596347	0.014413499435182697	0.2929957995587486	6332	0.06320954559074839	0.07109375000000001	0.2045931088105777
1.0	49066	0.012455833842179513	0.011833695076969897	0.2842680657077448	6126	0.022595741862012197	0.016338837618380685	0.20366407320962376
1.0	147314	0.10721527138640882	0.10692376130660718	0.3123619525786204	6222	0.0654387389712538	0.06475770246909952	0.187672864529141
1.0	151922	0.1480996930446499	0.14938230712411482	0.3072134717273865	6548	0.11654274151232627	0.14789947189418698	0.2022071349525982
1.0	75120	0.14054555499818114	0.140455173304314	0.2781936405409792	6378	0.056683904926092425	0.03779948047753281	0.19071557241637216
1.0	62018	0.023841896852479536	0.021745896921039523	0.2750014149104301	6228	0.026400405956595353	0.025171703296703297	0.16827284738484863
1.0	102622	0.012308303744065887	0.012519517559740822	0.2984001589476483	6382	0.0355889852257706	0.0457478141071891	0.21269122532270876
1.0	57270	0.035085885049768846	0.0342840837395827	0.28097720099783813	6140	0.04136942045888395	0.029165000266624008	0.20049280315595727
1.0	239090	0.2199612468059241	0.2205277222409655	0.3391058216425833	7024	0.07323227771797947	0.09006782437475823	0.2071694868438616
1.0	61368	0.015460448329163429	0.016129147793472118	0.2769377627438232	6352	0.10472316150015869	0.12272546438447174	0.2067771152861424
1.0	190236	0.3344388281480772	0.33557577922529397	0.33772401895196086	6606	0.15792445373240346	0.21484539681868312	0.2040379620523809
1.0	93960	0.011893348748757299	0.012393156220275217	0.2853612435795509	6212	0.011584327922080587	0.009074519230769231	0.19582482900275153
1.0	120274	0.12302692877438623	0.11980420529926748	0.313138449008275	6570	0.12043119479763796	0.1450261920747862	0.19896436919235042
1.0	104250	0.2895170215565127	0.292979138083377	0.30635547822497383	6442	0.16971099506159443	0.18169445816864294	0.18063818912357457
1.0	125250	0.0973775836767488	0.09722628293942338	0.3062930645882377	6958	0.09982382168914677	0.1069101274562554	0.20815461692871964
1.0	132532	0.12337546017532137	0.12298090934505544	0.32569817032539006	6698	0.07412732227195179	0.0632568561714957	0.2086743412454016
1.0	145484	0.40900860903733405	0.40927188936096454	0.2968477304780911	6408	0.11515763875571913	0.16201206650589528	0.20302072181399533
1.0	77038	0.2532727529543813	0.254822097403788	0.2851031089842163	6432	0.1085542408979909	0.0950422203765227	0.17909846787963926
1.0	86096	0.22027063088254112	0.22092455631945002	0.2844761373617026	6626	0.08337713008043617	0.0699738455988456	0.21084950432565522
1.0	82306	0.022127361472184675	0.02221924196654601	0.2777802378885607	6364	0.03480038845188302	0.015865957823559824	0.23190871362385068
1.0	47822	0.03768875179134607	0.0367991131855049	0.2660120927117234	5892	0.08234682295390855	0.09947564752252253	0.18462640249597526
1.0	53662	0.041546646866617666	0.04027542243966846	0.2652465691687475	5918	0.061524317632956856	0.07300685425685424	0.19911436232645188
1.0	138276	0.003385875810189253	0.0031222612767430927	0.33156829039950075	6928	0.05741986698286678	0.04419386288998359	0.2064954799655561
1.0	65508	0.02174228052547765	0.021117317864750705	0.2781120005072003	6074	0.016219084533038018	0.014734738372093024	0.18880093539999454
1.0	54762	0.03764505865450012	0.03704778432626339	0.2662527421076931	5706	0.0849583354827893	0.053350274916294946	0.18996474632016938
1.0	85674	0.19624069077675219	0.19540131023548976	0.3058665425184088	6296	0.08098625275094355	0.06818647837669577	0.19583954279902097
1.0	180188	0.021032679993143424	0.022025224876495254	0.34342545720971934	7154	0.033098374510687555	0.033057109023797764	0.2087762031705123
1.0	117276	0.16558261461199117	0.16608068129059717	0.328587955521552	6796	0.12079785664836921	0.105885599646743	0.20169796868695242
1.0	49510	0.04489299774104876	0.04214587141467686	0.27194179800904195	6060	0.0627381790917733	0.04722003639742611	0.19218796536987126
1.0	140362	0.041890689033906685	0.04163333664724965	0.3044902509157372	6620	0.022987772211329124	0.021979009022986547	0.1923369630121127
1.0	73218	0.2846773891845605	0.28882022102098	0.2856418084551006	6172	0.13118389012303489	0.13747381739372586	0.19127619687888883
1.0	152504	0.3400915351120226	0.34117565038882147	0.31479898322812644	6484	0.10779453601436298	0.14213532003710574	0.20135864355797406
1.0	165116	0.37079352573208213	0.3717343801856062	0.32642488781078677	6596	0.11876528655415383	0.15200290408207529	0.19660055978762017
1.0	178394	0.030074033531118642	0.0294365950561273	0.32886199518010795	6836	0.02982821354658967	0.030462409388863722	0.19955357163529688
1.0	109550	0.13172921254644337	0.1299715271553311	0.31571424120928543	6162	0.06743538402462779	0.08109560165310727	0.21328342540236025
1.0	128284	0.0034150038622833864	0.0031955662121557447	0.3234259552374981	6802	0.014465249662618083	0.0328125	0.2017165010288149
1.0	55392	0.2020972726303871	0.20623668110379054	0.28026481363292033	6042	0.0805587366065307	0.09605341991256167	0.1905190860520972
1.0	78046	0.31392209206627925	0.31612260175570844	0.2697657964454056	6132	0.18806468293949055	0.22537035013597512	0.1898968164567346
1.0	109280	0.13836191305327303	0.13852508596693905	0.31572876280139023	6602	0.09168904237202789	0.08173965873867638	0.21408946493772965
1.0	102342	0.15447681748296233	0.15454820952693485	0.3040724688894146	6470	0.10718608889906396	0.09803736267234166	0.20274655108381198
1.0	110562	0.0010747289628905857	0.0010408532336037407	0.2988048786256923	6680	0.01559584875154792	0.004232270865335381	0.18864127534384925
1.0	112730	0.007672195547777569	0.007501376400440234	0.31162282438413624	6606	0.0234587737534038	0.01946097883597884	0.19465278210628126
1.0	106580	0.0057763769429008925	0.005477563677121787	0.29603672010967186	6542	0.04480976175949002	0.04086891718082756	0.21692270839745276
1.0	171500	0.02608257687170059	0.025266937338483984	0.31431813240695194	6970	0.03970879171858571	0.03293879653212117	0.20097247776819802
1.0	92126	0.23538893431511765	0.23720341001248146	0.2909814799370821	6230	0.1694190323887303	0.1640253198467778	0.1934528936744078
1.0	83240	0.013037931684212564	0.012293556255028294	0.28122723826376345	6322	0.06339156874606292	0.06508383109945609	0.19830424392029597
1.0	102312	0.20734032544420364	0.20735727797076206	0.3098661061759307	6468	0.1391076451699022	0.13039804813242312	0.18526332560545852
1.0	148804	0.009342039607062782	0.009086930181209596	0.29519525253982287	6620	0.010889015444694623	0.006501520445134575	0.1968287722455558
1.0	63914	0.021766657286598406	0.02117446260831373	0.2764484345340682	5984	0.04572812083529477	0.04563398702361469	0.2088425294469706
1.0	41214	0.019344184812081416	0.0185660548959401	0.25050628760903654	6250	0.008857709750566893	0.012397495567375886	0.21114115575913794
1.0	66744	0.010450180152966608	0.010519946580474872	0.27881150769415836	6282	0.05847211158132297	0.06352526179790562	0.19960878898694678
1.0	134440	0.03304050057397314	0.033823605696148444	0.3337301535674732	6722	0.09124086355884709	0.11731652430476505	0.2049387515451683
1.0	122566	0.004141541538290991	0.0038690400571809893	0.29892061279311616	6274	0.011004278775135911	0.011842757936507936	0.2005136957715812
1.0	60772	0.025095100091351446	0.024608942605758907	0.26646641601152893	6624	0.022563990578660965	0.021041427934810286	0.1939131735608992
1.0	152298	0.39224710259562756	0.3931619241735195	0.30039775166572996	6300	0.13210402634813098	0.18766294144386347	0.20068700169878625
1.0	91480	0.07651290599141006	0.07667657879761303	0.2996005460926684	6312	0.08864275268274796	0.09212521972172708	0.18360446119018115
1.0	86314	0.0647055975157654	0.06535235921280608	0.29375643394204615	6770	0.07778368796490162	0.06006689360526819	0.19897166256968798
1.0	170268	0.3203437883176388	0.32069912605578976	0.31342809450775927	6550	0.09411032561483866	0.11442987063246352	0.2023277615904537
1.0	183740	0.15982688710069262	0.161357371050656	0.3369044799163608	6750	0.09089607273994803	0.11798045819619334	0.20771270675270462
1.0	76458	0.028318195098517938	0.027033759479702588	0.2746371403355741	6304	0.054058098959644627	0.07260033369408368	0.1979783192420407
1.0	176484	0.0008432785324575803	0.000776323967250843	0.32867356555496235	6688	0.01734732371987383	0.026849914575683392	0.19830675495969172
1.0	104896	0.00520555277952348	0.005400717512172677	0.31147536622575034	6592	0.04907184031397965	0.06019009947798998	0.21016762312026996
1.0	160900	0.007152272497961496	0.00734507356003791	0.32741857895396026	6632	0.018145397480296522	0.019035442316917173	0.20399421844406518
1.0	95346	0.017283837898645585	0.01676672858103138	0.3038839871873084	6796	0.043540604300800825	0.049610671191553546	0.20022433694960454
1.0	92778	0.18246975009457644	0.1811582469368578	0.30439038967496057	6322	0.08149492531923778	0.0670535138620245	0.22425600609156351
1.0	219756	0.0880675991049716	0.087766214696637	0.3519638931868491	6954	0.07401332124490585	0.04697145383605329	0.20199590159717737
1.0	105302	0.004149711033022186	0.004491529871464606	0.28307373231794836	6886	0.059380967269344456	0.07683715838309009	0.22228745872974456
1.0	107360	0.2183348645348175	0.21789609024094114	0.2992314215270578	6516	0.09557096027993965	0.048367907789179154	0.20986326771135855
1.0	108612	0.032553408638602496	0.03243449824112757	0.3169619838886006	6502	0.05534708340114167	0.06597498125047467	0.19101286521769467
1.0	171112	0.0025970895797951324	0.0026335512598480307	0.32459852366904884	6752	0.029950973980628067	0.02272673227411678	0.2087634433454293
1.0	91342	0.009152806908707213	0.008844562041063816	0.2924198360726747	6136	0.07447339232701077	0.09306625021650176	0.19140389543875916
1.0	92268	0.19082640172133736	0.19043301217666153	0.3026209594457268	6248	0.12237343088783093	0.15943417063541743	0.21037032902276145
1.0	83926	0.2916122015006711	0.2925830992637067	0.2913034402457599	6452	0.18940926189093701	0.13196957402476556	0.19503293158352838
1.0	49838	0.026145045096230335	0.027476069412083255	0.2670157221797054	5732	0.08160632364728548	0.1063921810925164	0.20252408449521928
1.0	96870	0.008054182832435634	0.007866392909221517	0.30696684628905374	6318	0.02114182684362767	0.023693332602783935	0.18835537187500262
1.0	55804	0.02071764974543294	0.02113005515262711	0.2648845597457323	5790	0.04693016474266474	0.051546494324473974	0.17053623576671365
1.0	170516	0.2428862390477072	0.2434013089951894	0.32272388535476054	6680	0.11707234788268776	0.14564623770083646	0.20182956728855428
1.0	198580	0.1972222305937431	0.1967072801404259	0.34611840297626	7046	0.12542210762762768	0.14825049470305088	0.210203106015616
1.0	190534	0.07786061959990247	0.07676170186653927	0.32989849757897505	6704	0.1309294770234982	0.16806512839598955	0.20509119048936375
1.0	122016	0.0030645363822509823	0.00270284467969742	0.3117670342728819	6450	0.018458675875708735	0.01771246693121693	0.21842492134504418
1.0	175546	0.004080828231775804	0.003527713121231911	0.35341325192333106	7294	0.026760798442342224	0.02543936772667694	0.20148691322417053
1.0	88416	0.21317792906795244	0.21664106019164958	0.29214144424072097	6592	0.06824740469030059	0.05255018230561708	0.21011091917122426
1.0	75378	0.015269281506847338	0.014825499915697838	0.2987850557623848	6164	0.07368043133188695	0.05373326994448011	0.1665695573725365
1.0	146142	0.016084787520790973	0.016470070951652135	0.32197709397431434	6460	0.035828283375348054	0.051245607892279714	0.2086689955096861
1.0	85326	0.0039134993088961265	0.00412755198987991	0.2888243288363032	6358	0.028425868721921356	0.03292863352605999	0.20597939970986814
1.0	127866	0.006385900161085632	0.006238417083564721	0.324033433542003	7130	0.02162199478771651	0.025583124842993257	0.20724590085889058
1.0	225598	0.23783146935187469	0.23883327619039715	0.33696642109512637	6944	0.08189184703666447	0.1108764872128359	0.20493114623353278
1.0	178754	0.34357210613317885	0.34304786897334166	0.3192363746863737	6688	0.1489774272785881	0.15069154198809676	0.18510883098460315
1.0	167624	0.02233252195292669	0.022132063149883547	0.3091447887408521	6844	0.03220406583833448	0.04206384215439128	0.20138756917167047
1.0	181828	0.3220157179530251	0.32103341265599955	0.33239946742032606	6742	0.11057738593494684	0.12540820374828354	0.21085407356929597
1.0	68876	0.3303135352797879	0.33341067970762683	0.27817195911893094	5910	0.08844310348809188	0.0762479581144008	0.19410640919718214
1.0	102660	0.003419811318285835	0.0031920910600418597	0.3037117521738661	6626	0.06840287667179355	0.030450129485834868	0.19863034198550822
1.0	65154	0.031053857088186813	0.031125273585472197	0.2750763725313126	5958	0.0944276253789318	0.10937651973414785	0.20470287837371334
1.0	107060	0.17453200758724394	0.17493238656288868	0.3065283730432123	6628	0.10928017784693272	0.12854219513562332	0.20487949595556465
1.0	76938	0.007708479129206344	0.007423797843875825	0.28610622040198413	6530	0.030812569116667722	0.043765247433725694	0.17897340832982525
1.0	101376	0.05775647030971167	0.05784550468501864	0.3081385947773741	6270	0.035537413398660525	0.03774050985128351	0.18954003154697188
1.0	97760	0.20193446404133833	0.20363704321466639	0.30061985821028575	6500	0.17265327105651798	0.2129659974938508	0.2079021411470229
1.0	158778	0.388282235425277	0.3890487111513002	0.32764048620608627	6362	0.13735262081475483	0.14889067768516667	0.19708037778130838
1.0	71316	0.18558059585401904	0.1866765395295618	0.27219428870771395	6024	0.13915793248523256	0.21495014698139697	0.16847554533771414
1.0	157356	0.38280869455978483	0.38155971689891666	0.3157156868173781	6672	0.13845458680023515	0.17734281754429781	0.20678625875596948
1.0	107846	0.014807906027427143	0.01400954617151213	0.3190958954557425	6540	0.019222793404677394	0.02326709487488291	0.1914974664623038
1.0	95040	0.060652128637166944	0.06112712729074178	0.29417445381187174	6750	0.07378234378970124	0.07323755401201053	0.20034579471728728
1.0	69290	0.014241154251904533	0.013465552881636932	0.2768365074392216	6138	0.017427842654657168	0.00575417933130699	0.18684460872752875
1.0	91388	0.0863586293472955	0.08446718241968243	0.2779025759469559	6300	0.10980350685392498	0.11527114604899931	0.1865253066291307
1.0	63286	0.15672111026516006	0.15712750331264078	0.2697672687457938	6064	0.08604709157113875	0.07619160353535352	0.1841727901524323
1.0	101138	0.1501925022232108	0.1482128534560609	0.29719673768339294	6410	0.10154423329360751	0.08880263966515314	0.19667744307650148
1.0	69284	0.3428752710013725	0.34521799356929195	0.2742656662470622	6150	0.1256467033554486	0.13630480035937695	0.1901503681606722
1.0	80372	0.006697143263872842	0.006844506864624753	0.28132066021218155	6414	0.02118522373865344	0.013984509120787317	0.1998307826311363
1.0	131516	0.007250684195293979	0.006909969259226838	0.27977909622311053	6192	0.011155425100459955	0.0105977318067482	0.20663718991998034
1.0	142374	0.19945484339956396	0.19973393568964962	0.3175144558690987	6552	0.12300028605454782	0.1412097953677901	0.2010092803891823
1.0	241208	0.16767619523252497	0.16645071802158606	0.3356593747163672	6674	0.06991213711828557	0.09805904373158907	0.20335784164842605
1.0	155854	0.2746330320838371	0.2769748244543434	0.29695525647402105	6556	0.1063307269328908	0.13899122458806043	0.20490478809870807
1.0	64436	0.015479978426026927	0.015373447012574515	0.2687714543486203	5872	0.03675990443871974	0.026627688287822665	0.19804436291495672
1.0	98778	0.06708222607775619	0.06715490716622653	0.3074936287008359	6494	0.027764786057740912	0.042445692940107506	0.19993508558780937
1.0	146382	0.07197511747247114	0.07277047069226877	0.32480669020674874	6714	0.09189071068346215	0.09120699479798054	0.19673747755096258
1.0	50358	0.08633582367026	0.08643544437431552	0.26675766245901683	5992	0.09101483632279536	0.07936391223155928	0.22419269973415434
1.0	131794	0.37864354646579357	0.3783671008200402	0.28410941872810147	6478	0.11046420596234557	0.1525252958846709	0.19892684288820184
1.0	85952	0.01680635010957542	0.01637394971111278	0.2820252002863027	6356	0.020376691261092098	0.009151989284085726	0.19781116397918141
1.0	180954	0.32734309615169216	0.3275058772184664	0.3342240281856009	6614	0.11476239373909701	0.16562141224172766	0.20495803909580493
1.0	188170	0.03634518079341664	0.035501172750380144	0.34797249611289854	7070	0.0638363238523191	0.08806218345208283	0.19762056943857678
1.0	114476	0.09626853362031038	0.09731267874482877	0.32474505622846445	6834	0.10897884190796384	0.09947196314515919	0.1958775154098041
1.0	112818	0.00808822280130993	0.007915627197265233	0.3015287582749345	6358	0.02872458297261761	0.028154956427015248	0.21108611216804363
1.0	98270	0.1635749151674221	0.1637981284611057	0.3124653068486769	6442	0.08249330074269903	0.08017904075735925	0.18865242811940644
1.0	77412	0.3334928925343619	0.3310842135940367	0.29511525248695786	6394	0.15127493236271378	0.14456258923507204	0.17827200753466377
1.0	52408	0.02950360230157361	0.02969705110644964	0.2692721641071181	6270	0.0796681773315167	0.0940545635350202	0.20170056978149678
1.0	149470	0.4397541116634202	0.4416747614384952	0.3110261692772466	6794	0.13440264433339535	0.1706959416496156	0.2097414635117425
1.0	75996	0.012639499121664852	0.012298064472077357	0.2869692161317004	6504	0.03582639394259334	0.039516905068202234	0.17872551734718942
1.0	153244	0.004426290224956087	0.00457761216485977	0.3186293893761027	6448	0.011590567149436723	0.008209787980232742	0.20100320055875143
1.0	110084	0.11808041352687935	0.11915217716379338	0.31564097643564754	6834	0.07924520740697681	0.07151096805495036	0.1974116108934586
1.0	98266	0.11364925767646318	0.11317670286547965	0.2912359358144131	6238	0.07074197280229137	0.06411895411026863	0.19379312146330904
1.0	146032	0.006760265237596154	0.006440929816803834	0.2900794357828477	6372	0.0482314092230822	0.051390716964923616	0.2045268872948467
1.0	88278	0.014289703763694418	0.013765467217687878	0.2942387135702282	5982	0.023169030784877465	0.024655522617479136	0.1944211556053296
1.0	96398	0.007855335258142533	0.007859217309990969	0.2768044269414903	6410	0.0353816721004221	0.021710292022792024	0.19979983601838447
1.0	51178	0.012465018726973578	0.01301719348652539	0.26141969556371164	6564	0.028775475645805067	0.0423033509515507	0.19917491329392978
1.0	95290	0.02347342989525309	0.023697578570674116	0.28142572666992277	6074	0.08638365150627061	0.030261751336435414	0.20306839601871188
1.0	130490	0.5252178037567656	0.5265650428847976	0.279019662091983	6354	0.16031154982622914	0.21158432935958096	0.1895357472789828
1.0	67582	0.010765394486649022	0.011065398435298303	0.28562794818350573	6544	0.04048306875029872	0.037627922662402766	0.20609003214972302
1.0	90024	0.009727006918989787	0.009223128638193629	0.2857621620394467	6044	0.013633091586597685	0.021882541023166023	0.1926386113336065
1.0	70748	0.010889242656919084	0.010412106634828763	0.2765133587799797	6426	0.07935160057422683	0.10087375837963784	0.19682487443650884
1.0	171228	0.4273202143940254	0.4290175899766867	0.3285037890838168	6702	0.12475891771269809	0.15587239251761306	0.20517547602935945
1.0	81766	0.005579625734118258	0.005918918798371674	0.29377602189832125	6380	0.014526105292519641	0.02071008759926636	0.21035339032604838
1.0	108068	0.0653986083076968	0.06687100267803417	0.3132167690482152	6202	0.10693950126150477	0.13976521164021163	0.17704170340163258
1.0	211198	0.23926803863032844	0.23848087814903562	0.31301020948990393	6700	0.07152934663981847	0.08517980584302177	0.20018901123527186
1.0	102754	0.007527459307351497	0.007094116883636251	0.30535283241065053	6116	0.012558111633422558	0.022225765306122445	0.19412387454358238
1.0	93200	0.12880295872517042	0.13312498967027267	0.3011122601400182	6404	0.05653745466291577	0.0443366445487739	0.1967954240587765
1.0	145348	0.3937102026015798	0.3948583673169683	0.3037277974100521	6432	0.10166940992767405	0.12239406051437077	0.19170044278581522
1.0	89014	0.09092767909336215	0.09204855725133608	0.31329237006422345	6458	0.11571409408428027	0.09919199971655329	0.19108420726604067
1.0	113512	0.0028984999806178644	0.003004581111936168	0.3216557327027341	6468	0.03555717939074117	0.04208166261482634	0.21941322513300046
1.0	182342	0.321946616140141	0.32244596580313395	0.33504165061625146	7018	0.11602902318578966	0.13194247022030547	0.2093529955199311
1.0	144740	0.0035717842289540243	0.00296317839016919	0.2982925989710323	6462	0.0109402106888074	0.017846189428850717	0.20100598949976578
1.0	85682	0.23600277532105998	0.2359022339617851	0.2945784853751613	6324	0.09543789213345913	0.0863452068525138	0.19938749941912703
1.0	159248	0.01829392593994792	0.018071715055536015	0.3185067880139375	6384	0.05911789250846697	0.04618404256562152	0.19285182458671554
1.0	85796	0.17896337796834835	0.17992617959542584	0.2857047664279277	6434	0.0801779253510437	0.07970205776391837	0.2021900318052062
1.0	73818	0.10577812086597858	0.10779804149030368	0.2807463345196918	6296	0.0884508340271128	0.10292925667690707	0.19047199839867224
1.0	141192	0.005177356283952328	0.004829495976244688	0.2957163376553355	6252	0.010633601099669463	0.010369243620285875	0.18371124704066552
1.0	81594	0.14475831203632664	0.1460872138989039	0.2905964144947411	5910	0.1379859060894306	0.06967456154956156	0.19368883569066808
1.0	64724	0.032808916080994455	0.03166787731415242	0.2854352892179185	6100	0.03325293578970049	0.054294217687074826	0.19872380149563662
1.0	86188	0.1336708366220756	0.13110276759506606	0.2845596741525535	6504	0.10311190935677862	0.07884075650609082	0.20414695334560587
1.0	144734	0.1071496495412138	0.1068993145390145	0.2792131877644149	6350	0.07862817829045367	0.06177742498514557	0.19061778920662906
1.0	50576	0.00915474427872056	0.010236837008939731	0.24965594914218112	6146	0.011482519607519608	0.01564029664802232	0.17359201379720302
1.0	127090	0.05143183207813621	0.05081951517115668	0.31592522982932336	6850	0.07480748447438036	0.07989261191706844	0.20729809653190986
1.0	137872	0.04578007483088297	0.04593035988312991	0.33038443969097925	7006	0.1096180909072227	0.15415590621683234	0.210159079290154
1.0	85228	0.029722658741767074	0.030019771623057714	0.28782321683997253	6108	0.020722217597217596	0.020910218253968257	0.19740504444617857
1.0	80418	0.007597878610285094	0.0075077705354060584	0.27233671454545716	6140	0.04566722385014411	0.04307027903365355	0.20780913909530752
1.0	62900	0.21242675138470635	0.21406659821852644	0.2642299483142541	6448	0.15756753550427488	0.17938959015932443	0.18492026990246366
1.0	159978	0.004353391941421516	0.004168372314750479	0.3108146743045314	6646	0.042091036501383655	0.02535162023648866	0.21558607451968378
1.0	107282	0.006415318013075431	0.00656888874910402	0.30891951970320813	6526	0.03500437587922756	0.018797998959703823	0.20007763492621908
1.0	148258	0.01250684176570961	0.012290988089100355	0.3122509463996816	6104	0.03462546995888128	0.04085901103999959	0.19573282772067768
1.0	75314	0.00586784857121116	0.005388022830650501	0.2836646358643408	6294	0.03848840550421146	0.049155343448821706	0.19068004123221602
1.0	80786	0.07727263990999654	0.07735528638558244	0.2960046143453417	6486	0.09204549183779044	0.08248277385110676	0.21109106334593172
1.0	155050	0.30190205135761256	0.3043295754302648	0.31413878904045284	6234	0.09751692814714576	0.13555803750846857	0.2033521586443103
1.0	212082	0.13872981076179944	0.13769123352075124	0.35029817757743514	7150	0.07885649686515783	0.11333908466024273	0.20867795921022822
1.0	149072	0.2878373409366691	0.2899219220295687	0.3178861308268267	6522	0.10949418130837288	0.1306983495422594	0.1948216221464598
1.0	86178	0.04404488327768855	0.045304076150860496	0.28291656422389805	6192	0.10546312243293669	0.1283639682077182	0.2051783652412489
1.0	66126	0.01643842786680192	0.015881304169052368	0.27357870409502455	5646	0.05924439216352664	0.07008659743034742	0.18885104122486004
1.0	225554	0.4640802230902465	0.4634743113585315	0.3262265027324835	6966	0.14247657787364695	0.20382935920127426	0.20288782378503353
1.0	66814	0.004821915356744288	0.004908385419322807	0.2817285201859378	6270	0.02321460697884133	0.024825059808612437	0.18801959498829987
1.0	93898	0.009831541190432318	0.009323153022964534	0.2929940952288876	6066	0.04339680279715777	0.04481209150326797	0.18761066362375914
1.0	69628	0.016082059838785006	0.015534343651139275	0.28370576413117926	6032	0.02436574417199204	0.016454179685562665	0.18842111012926768
1.0	107796	0.15992770437326026	0.15864453762952094	0.28952738730134026	6412	0.07023386903371202	0.08826200706099922	0.19086800175222526
1.0	146572	0.013355749323806367	0.01328200533987108	0.3292492769374909	6700	0.02289281005962991	0.02059365159694107	0.20886940999652348
1.0	71248	0.025657637341849473	0.025814641595772927	0.2935625641897323	6268	0.02167945045334476	0.03432230102442868	0.1947526250558419
1.0	100624	0.043326457784898825	0.04368687084443061	0.30333288026846117	6670	0.08030396339859851	0.028017833459643805	0.22975807413379554
1.0	70526	0.10109563331548989	0.10410913316876297	0.2934121370660493	5898	0.06660141724124412	0.06021311836061256	0.1920651112641629
1.0	107464	0.1172757975110146	0.11747039284411268	0.30522628841278865	6188	0.1586388828112454	0.15860255022928138	0.1801664326134809
1.0	92720	0.0009678723627848511	0.001185326490549649	0.30816126491951207	6510	0.012586201764851061	0.01611251909290473	0.19002708992964415
1.0	83992	0.2577869094575821	0.26107133355709894	0.2869233583900483	6254	0.24607429208722312	0.19957686711119205	0.20361545024509428
1.0	79750	0.19043126497407342	0.19142537120553732	0.27342792043592945	6260	0.088139507211991	0.09559567607229982	0.1931821522513595
1.0	110816	0.05482313314701097	0.055525569879352636	0.32061250980273104	6764	0.03573438260386136	0.035330320720945725	0.20260923165779568
1.0	165042	0.1902813071768318	0.18946748596511245	0.31936223323466056	6490	0.1019875320844697	0.12531431125135434	0.19930554630668285
1.0	86366	0.02525599328680931	0.024762935021630725	0.29784561585198516	6160	0.03144490473036022	0.0424390052738267	0.2017837139901294
1.0	40532	0.018739597989818408	0.022796541574702962	0.2531385760004705	5436	0.04294865696834875	0.007370329888712241	0.1733007936724359
1.0	178838	0.009227616084247303	0.009176414899065809	0.3427061321345872	7066	0.026371663112238854	0.023445023664832244	0.20490232011608975
1.0	86014	0.011155393349909271	0.010744811428253166	0.28392445209154854	6446	0.033972208139153165	0.053882395520759	0.2017308965459954
1.0	49240	0.011999478767566215	0.011223332661685804	0.25991567110350927	5888	0.011170392038822915	0.011391980108735428	0.19786855238661816
1.0	168136	0.0037960260172503245	0.0036941142590021132	0.31360401474767524	6508	0.02544956180836399	0.02633850048693645	0.20856069982533587
1.0	81542	0.25235439782475333	0.2521304335407489	0.2795497581773601	5996	0.09014052906516141	0.0683859543234543	0.21338079942748878
1.0	148492	0.4069489470973632	0.4080975528694036	0.29945257383924134	6514	0.14278918242195474	0.18442667932557635	0.19402192990379027
1.0	251904	0.24752732188964732	0.24827165555799566	0.3484539704519431	6644	0.13808030727848947	0.17361697483480568	0.20171370634099647
1.0	147548	0.013991809026771924	0.013794849853485319	0.30622536924468424	6360	0.0561440832883059	0.05717357601548778	0.18510306697414866
1.0	72260	0.28733317510064443	0.28762821553415313	0.28333787288283757	6064	0.0873903318538574	0.06456704315649675	0.19340101743590313
1.0	71758	0.30680704866367076	0.3082458736003135	0.2834715093971794	6224	0.10530763997169201	0.11152970607024766	0.19289472413830674
1.0	95502	0.01541809946263467	0.01546567979486395	0.29982165650637727	6568	0.01628053606551712	0.01965172040603075	0.1908417999638866
1.0	60320	0.218376311749329	0.2202633993863961	0.275403426120622	6302	0.0870305445061954	0.07236989804912776	0.19733055427296442
1.0	122006	0.08999419372834164	0.09057365827948675	0.30008036805243093	6792	0.06657308993584632	0.0572045268638832	0.2093600580870083
1.0	73138	0.01849767740962312	0.016882984536073384	0.27565853998162093	6138	0.06552189780914397	0.051865774001732465	0.1776234520060509
1.0	158260	0.3147527006610279	0.317448322148822	0.32692279194662294	6466	0.14564114959896174	0.19177553078816378	0.20286651644170162
1.0	167706	0.18161834270361832	0.18095155617075753	0.32648760040453145	6678	0.09920914434727279	0.09716145528190966	0.22093607489993347
1.0	128734	0.004246112627613061	0.004179907675147872	0.27843689447196845	6256	0.006776615521575199	0.006664972899728997	0.20053913248373464
1.0	141606	0.012605636112465153	0.012122570556278248	0.34197804978329144	6752	0.01904152583293095	0.01614937641723356	0.20433273682396294
1.0	236364	0.16914753832257198	0.16816105796786968	0.3429290316943232	6678	0.07889877254792836	0.09432579415484316	0.19669989237256943
1.0	81354	0.02095628270186163	0.02115463102165275	0.27675148584856685	5954	0.02744616104868914	0.0359375	0.17326617630438965
1.0	137046	0.03237882896476875	0.031769488178810985	0.2858699855618883	6502	0.03295277728288234	0.029059022489601315	0.19646694215655033
1.0	175704	0.06699388331076472	0.06702683780420346	0.32735641374345276	6798	0.07066709321198833	0.05821285851959853	0.21003697524005313
1.0	152526	0.3578401497838073	0.35970113461434566	0.3123975123910106	6250	0.0978320465406606	0.12297402398957988	0.19537294982981246
1.0	90758	0.20586436080568862	0.20613859178772057	0.2974272369409892	6472	0.14964246816263083	0.14598460290213916	0.20218110277831147
1.0	170346	0.2911164680225121	0.2917235605096468	0.32381874730301546	6446	0.12297179712277578	0.17108784919867795	0.19535403485263705
1.0	107638	0.030819955116422645	0.03098547160837761	0.2997099393769308	6106	0.08780253249921917	0.06919704179748823	0.206130844206682
1.0	105174	0.004062231460471513	0.0038960770345770196	0.3028471360545399	6208	0.03160503999370336	0.029606331168831164	0.19713792524189303
1.0	87046	0.21104415225216547	0.21177556056960092	0.2974219785792381	6200	0.06356578346464897	0.062207324168983835	0.18021683328476615
1.0	99518	0.06600479307827775	0.06777996539865258	0.30513039070824033	6526	0.14525822925668747	0.14935262194912927	0.19718525384874672
1.0	90568	0.06902763691745525	0.06944163529066939	0.2930815624539039	6044	0.05327747396042107	0.05856458052181736	0.19592591036354523
1.0	70986	0.025225147813643184	0.02466022226711842	0.28182729703858894	6052	0.026231550491418912	0.04109207464357252	0.19418433585288794
1.0	169616	0.008312024313928577	0.008019277492979428	0.32217544873965165	6602	0.011544849813735882	0.009141016604010024	0.19639820740268077
1.0	154160	0.012268593485353587	0.011802172792802473	0.29470943682746875	6574	0.02216168867947113	0.013126977189477189	0.2022549816951711
1.0	83792	0.029328602085111684	0.02985274823605619	0.3045125648467141	6676	0.0726537424418076	0.06372639573070607	0.18757204083234866
1.0	107028	0.14463792013486235	0.1450281239271109	0.30835254171965115	6582	0.06669116223206221	0.08790523255983783	0.18559350420795576
1.0	65524	0.037510992577955746	0.03724894483077715	0.28148857703984564	6198	0.053866421568627455	0.09991660038882998	0.18916610426019773
1.0	70724	0.08143757565878468	0.07849240915880935	0.28028314933306014	6518	0.07356940557379853	0.08788378416791401	0.20336395326751636
1.0	181918	0.23298511618152337	0.23186900494038667	0.3291385518481298	6704	0.11203579179208331	0.14006236365284422	0.21058400449439926
1.0	76912	0.07338886347938078	0.07358166271768078	0.29301161096134876	6248	0.04930176944899346	0.04795786116561072	0.19413550731850707
