Utilization	Connections(A2A)	Lvl1TraffRatio(A2A)	Lvl1TraffRatioNoIndirect(A2A)	RatioIndirect(A2A)	Connections(AR)	Lvl1TraffRatio(AR)	Lvl1TraffRatioNoIndirect(AR)	RatioIndirect(AR)
1.0	1535876	0.5439175740759731	0.5291228384528314	0.36580441117699386	29710	0.19282650153551262	0.18005583398857986	0.18958326957367225
1.0	1902832	0.6165607242507837	0.6059949066050451	0.3804553140122992	30528	0.25282394923605933	0.23429717956102025	0.1973268937459264
1.0	1843146	0.5090550117725424	0.4982434946332031	0.37190595676401733	29828	0.18649468264817082	0.17660114848888028	0.18917608835986344
1.0	1352104	0.5159111952512775	0.5031221118032724	0.35771166584140607	29268	0.20994425347878257	0.1926032218793292	0.2006394979733298
1.0	1874594	0.5114447530129426	0.5002105990136773	0.37308566160062867	29830	0.2057869989351203	0.1839417129010679	0.19632319166964088
1.0	1182176	0.5181530095589794	0.5047223215355313	0.34598569550615693	28944	0.14208690319332437	0.1267631416306191	0.19835941253962283
1.0	1790328	0.5653789398975878	0.5554943873788282	0.36223862407757584	29920	0.22840753743124118	0.2152490845351188	0.19350706484123725
1.0	2155946	0.5704680980246405	0.559950593860467	0.37367297329039456	30140	0.2398566624206421	0.222439945412179	0.19233331053787506
1.0	1321502	0.5141585399438833	0.5007606859007449	0.3558893050853816	29182	0.17359722958758583	0.15014990992643304	0.18388732786125536
1.0	1355780	0.5541969314782954	0.542012152216868	0.3608353900477623	29456	0.18078690013871543	0.17030298751250128	0.1830633429889853
1.0	3358434	0.6170735855998334	0.6094209775925995	0.39694790746677605	30762	0.2626094943106055	0.23804562530464893	0.20203323852221375
1.0	1315894	0.5118226163933305	0.49713741898432007	0.35382201249019835	28850	0.16034282425993585	0.14068800962545663	0.18015910003481417
1.0	2257268	0.5709003860167271	0.5604076341508675	0.38033495621175195	30234	0.23560902365841796	0.22096560046791405	0.1878982250983738
1.0	2564482	0.586177396364253	0.574695485732276	0.36971791414684874	29634	0.1904159088496821	0.17103606658378948	0.20098735643177493
1.0	2332156	0.6114257734743896	0.6022808069517046	0.39393975446855395	30230	0.23195518055891115	0.21995823857042188	0.19351381054864758
1.0	3253040	0.6014531745773275	0.5915015022331641	0.38657050516030506	29918	0.24341941875118478	0.2175425544034055	0.20762427151349064
1.0	2693202	0.5913509349633688	0.5816177554430687	0.37634577333304686	30202	0.20249198436827712	0.18171739325449354	0.19425191520283516
1.0	1921632	0.5920348819622098	0.5808492108793303	0.36600191835899926	29044	0.20003984527252963	0.18325199683047358	0.18820206537239326
1.0	1493042	0.5027792447846556	0.4884397316207966	0.3571785260520665	29540	0.16598420319260374	0.14816926400165326	0.18564360940072977
1.0	1276660	0.4988026376710408	0.4836203179016911	0.3587421262454638	29256	0.1631862197776228	0.14674716175273428	0.19217453222407777
1.0	3429574	0.5996066300538595	0.5905852305718375	0.3916337386454019	30776	0.2553140467690289	0.2302870556246126	0.20756018586110805
1.0	1247240	0.525187984333049	0.5076683004307883	0.35891827626272016	28850	0.16170472854517035	0.1482131717160237	0.1768118102098729
1.0	3014478	0.5983449824253657	0.5900343372950613	0.39307241587964076	30466	0.235538979182089	0.21200834986688802	0.19798931281135648
1.0	2832626	0.5832831301086084	0.5725924818039206	0.380056612033832	30300	0.2321656810513308	0.21037546793890102	0.2027727007272713
1.0	1368698	0.5245096523046986	0.5100232524462419	0.33880212488363887	28628	0.19959442151841042	0.18361953263933337	0.19220213832482894
1.0	1348196	0.5217940196306191	0.5105528421868853	0.35610134669858434	29386	0.18292657282379313	0.1750371943899147	0.18764639764374555
1.0	1552470	0.5046537933446348	0.4930956852533981	0.36145012491537104	29330	0.19473012925239666	0.18073370180578216	0.1913463121541796
1.0	1517272	0.5072863462675788	0.49624594022302587	0.3508119241345434	29246	0.17653934335268553	0.16020889677927064	0.19531698263042152
1.0	1328078	0.5395922593771403	0.5249774579370713	0.35602975599098236	29492	0.1863792561635176	0.17245524465073184	0.18137564674313744
1.0	1574666	0.5680687991972868	0.5561041050217999	0.36669721360618973	29820	0.20529557922361039	0.18989737895082545	0.19983764047023742
1.0	1399250	0.5131238152427591	0.5018872106779072	0.35902357569464255	29170	0.1466469732651963	0.13090517035215357	0.19235265649199398
1.0	2172462	0.5986998873595966	0.5877605931886944	0.3667943078441039	29400	0.22664881433419373	0.20721176385171028	0.19233604368791393
1.0	2231326	0.522048159023068	0.5106489901538368	0.37302331686782914	29362	0.2507048651717176	0.23224294998688713	0.19682140337840215
1.0	1323478	0.5602347976247868	0.548530080111676	0.35461895022527967	29692	0.17482325451353864	0.1583166400916046	0.19169096564245194
1.0	1419678	0.5535381426870242	0.5388809877741612	0.3653435898659129	29612	0.2032025147068005	0.1885252513559581	0.1910755279562527
1.0	2575426	0.5907163390245835	0.5819548269315008	0.3640319481697089	29684	0.20196274323875874	0.1807771558038215	0.19468390892894014
1.0	1527144	0.5114652253760396	0.5006812026949375	0.35532113136870036	29124	0.17133381097091804	0.1598960460954701	0.1838252380026901
1.0	2452534	0.6137596761600201	0.6026705608971753	0.3782300232303244	29762	0.1969206332562632	0.1818501866634783	0.19673685696106477
1.0	2198026	0.5431121705160712	0.5309911695272588	0.3753528001978461	29770	0.23147251431941843	0.2089755433527657	0.1988019215144267
1.0	1866764	0.5388278780205565	0.5266231394526796	0.3635401226782527	29042	0.1963534648700068	0.17099980527265193	0.1903038867142995
1.0	2162126	0.592744951582917	0.581547833131984	0.3847109542125174	29686	0.2676450243124146	0.2386057224405813	0.19812068255368645
1.0	2147182	0.5519594183909727	0.5412039479983214	0.3706776430602556	29348	0.19567031082816302	0.17924524792285826	0.1884013100779172
1.0	2385328	0.5406503536732631	0.530258133570266	0.3841101625246115	30516	0.2369138291908149	0.22136288176217256	0.189546936079687
1.0	1676834	0.5468417269806943	0.5346646505739118	0.3729793498430421	29564	0.18624445854858798	0.16517735386853147	0.1907991866745483
1.0	2885926	0.546442486292458	0.538959496570634	0.40089510299257336	30562	0.2232662586906807	0.2074651163855797	0.20413527601856055
1.0	1773726	0.5245569401154656	0.5122078303265195	0.3651174421657608	29368	0.19808395801317022	0.1745362170723673	0.20047440625978039
1.0	2690342	0.6080000637296378	0.5959616104616452	0.384943356960138	30342	0.19636558882618846	0.17714080822306097	0.2022159278607303
1.0	2827572	0.5622945653975105	0.5510254501549344	0.3786982181635856	29750	0.21439125618332885	0.19448953370141164	0.20051524553194744
1.0	802328	0.5348016177660995	0.51740240352458	0.3174446103824698	26594	0.12804072912902406	0.10534039139074564	0.19191849846371078
1.0	1994778	0.572659252142403	0.5606597254313178	0.3790193215717461	29810	0.23376658053126664	0.2162985522318246	0.19939873972757519
1.0	3160350	0.5780391683039104	0.5692099498939374	0.3879998720966444	29934	0.2483231624704716	0.22613547612610793	0.2107265261244499
1.0	1410106	0.5534105342313523	0.5414208410543305	0.36930381186756334	30390	0.17947062939275316	0.16220524789732516	0.19600212289724991
1.0	1343636	0.5564136344494965	0.5437611541255266	0.3645258721148146	29386	0.1658750880022061	0.15913270922262296	0.18241750242304086
1.0	1063530	0.5327741251756838	0.5195604788230682	0.3500120756471567	29436	0.15614358501127498	0.1334703706089873	0.18424645298789952
1.0	1262324	0.5646409939122118	0.5513403711011584	0.35305439657793597	29228	0.18760085423768338	0.16827593085600068	0.19182818476875593
1.0	1444406	0.5347791643608761	0.5218229197793561	0.37353890539290685	29898	0.15725302037658434	0.14587661866318233	0.1895114733088168
1.0	3080892	0.6347426453034154	0.626415643413948	0.40017347939430575	30856	0.2579521747995788	0.23074957541358612	0.20791854230018755
1.0	1671600	0.5619509956885941	0.552568381141534	0.36902934739440313	29606	0.18650509049182454	0.1726314008279247	0.19161765650008733
1.0	1592016	0.5236063521587601	0.512259236014534	0.36560472415011364	29222	0.15450233512032893	0.14410141324698253	0.17754012332758665
1.0	1635640	0.5299741922785158	0.5175163306658188	0.3715104463006888	29494	0.20697084140709118	0.19374612149608741	0.18652549555946207
1.0	2074164	0.5261695637054074	0.5138297155657793	0.38249728297468044	29804	0.23370482636343706	0.21225391525161516	0.20170059942117946
1.0	2697746	0.5950264118541856	0.5835638877669131	0.3777989669167296	29586	0.21434349191017998	0.19363670679299924	0.2000437465062905
1.0	1591942	0.5513218963380314	0.5408764964824478	0.35979618083432374	29710	0.19822018120773208	0.17650565754909572	0.1941973462246839
1.0	1823568	0.5887462090474519	0.5754947330094603	0.36378280817403863	29372	0.19710104484126553	0.1967028423965285	0.18179670613067775
1.0	2358482	0.5916260830179858	0.583935822285602	0.3853866922526499	30590	0.2647444580731287	0.24003747356309849	0.2006693551403063
1.0	1442790	0.5122746973052706	0.49932170053025504	0.34558560354258594	28926	0.17793632085196953	0.15693288387756826	0.18759680974999715
1.0	3347936	0.5615667655869245	0.553200522301486	0.395730278532538	29858	0.21665480504026327	0.1996962423541061	0.20104483550866262
1.0	1411490	0.5106396090904848	0.49966789790576405	0.3624474185623217	29324	0.14163983973953145	0.12770643047276825	0.19461787970798497
1.0	1836604	0.5380546775319529	0.5258332791483546	0.36279903200728936	29640	0.19093364959569217	0.17801313945592048	0.1897589438580236
1.0	2908244	0.6383737702576426	0.6259729114286339	0.3768032967576945	30120	0.2282602528659564	0.20903255810809862	0.19846789784492316
1.0	1866570	0.5115810183962047	0.4996430126956304	0.3667851541521722	29926	0.17675125923665194	0.1605823535165202	0.18907204472930403
1.0	2558484	0.5966864313090149	0.5869433507390259	0.37022346022036207	29500	0.20035056108378854	0.18202731032916006	0.19542232835759452
1.0	2828286	0.5908337891485347	0.5817562132991675	0.3671441908918729	29728	0.21697965822646534	0.19090924562339762	0.20030566074743728
1.0	1620912	0.5614939313312156	0.5491023935900765	0.37608962865375645	30370	0.21697235382658078	0.19527709256451262	0.19279357325600968
1.0	2271162	0.5761144232604692	0.5675298110610295	0.37852003015872104	29724	0.20476848508003628	0.18139376308157987	0.19086357319668293
1.0	1289730	0.5738754877621187	0.5585790575903203	0.3498224379805643	28686	0.18541769458657506	0.16419646904543694	0.1853417915260207
1.0	900002	0.5094166115978264	0.49272601533488847	0.33810391781344123	28042	0.15889839160171962	0.139776581466966	0.20461279425262482
1.0	1171894	0.5604926154194186	0.5459063381002521	0.34714776003210507	29608	0.17135606015394303	0.15547767614262684	0.18617462876413968
1.0	2967304	0.5937833330349728	0.585374844555759	0.3708830570821395	29824	0.22853136494964332	0.20665581985357606	0.1973233090177339
1.0	2494968	0.6127506841670841	0.6018126183623419	0.3884677765113577	30230	0.2539895393462374	0.23742044291991504	0.19842609480099194
1.0	1738080	0.5638731771003938	0.5520524107119088	0.3777368892759018	29854	0.21377790174811842	0.1991456765900507	0.19569800214003727
1.0	1606566	0.601988929250696	0.5897763283311429	0.3649229341965932	29098	0.228111419984699	0.21541117211986507	0.19147457942004356
1.0	2228258	0.5689401496710954	0.5571474956695511	0.35582598406807925	30080	0.19447713919198142	0.17461349947216276	0.2021330787149532
1.0	1655192	0.5442867044066995	0.53182681915094	0.37043182738025027	29540	0.2150514639439808	0.20108515344206682	0.1972478656029475
1.0	2433092	0.5663812243341451	0.5563469605669761	0.37311735927217904	30482	0.1839440996443552	0.16698185578859817	0.19756689875186254
1.0	2186576	0.6025466193255383	0.590634949588187	0.3936292263285728	29884	0.2477242822908267	0.22250998271014155	0.20933058697103243
1.0	2273880	0.5408708198489484	0.5294506278488168	0.38564502974316756	29936	0.23141380616881468	0.22570619383779678	0.183270325819247
1.0	1146448	0.5330630561763098	0.5218377202918179	0.334268628038983	29134	0.1729258459790868	0.1641186045847015	0.18130305253435994
1.0	1841804	0.5852780958987271	0.5749802398446485	0.37786080587148013	30384	0.21113971408253504	0.19325101336868988	0.19242592651241483
1.0	2096466	0.5053466962468584	0.4947997389765886	0.3695870093147595	29306	0.20235749725544092	0.18130269679997613	0.1959486498741236
1.0	1378612	0.5650453624280984	0.5527398682408432	0.36499441372166647	29492	0.18951820622746005	0.1786257124380374	0.19325677913154618
1.0	1735070	0.5207981350180682	0.5086745159278895	0.3557780087980054	29360	0.20729756618540615	0.18357532477596436	0.1981067751720255
1.0	3125242	0.5702161665424083	0.5594415763211469	0.3878250106301875	29428	0.24412042057769726	0.22210815671167725	0.20433342154377243
1.0	1900576	0.5550331267988673	0.5437454611085395	0.3732941956162224	29412	0.24773746702259067	0.23675250988588978	0.19490619669528023
1.0	1447992	0.5887153276943938	0.574957350735441	0.3483539473479967	29422	0.19963817906518475	0.18263546736103695	0.19429199432954747
1.0	1596030	0.6034820701284896	0.5886952461194227	0.359176405056622	28884	0.1974274546150273	0.18142016597503544	0.19050122593967203
1.0	3228028	0.6160678805951966	0.6083273013594983	0.39320301420015974	30802	0.27185484250727027	0.24284182259122233	0.20820874009086068
1.0	2519436	0.6175195279775202	0.6048655480754982	0.36890264901763575	30164	0.20762023730509585	0.18673136385032094	0.20574005293878803
1.0	1492434	0.5820016520337968	0.5709089623991189	0.36634956846227534	30234	0.186824083639587	0.17192640852862515	0.18864468672479487
1.0	4408800	0.6058258351209497	0.5966356558507381	0.40559499879412386	30546	0.26126003205280574	0.23573963192799688	0.2119009185909495
1.0	2377766	0.6193700291826497	0.6091596941321636	0.3604064743986865	29660	0.19443710708667628	0.1738008427136226	0.19614886784845467
1.0	3459134	0.5681236487120588	0.5603924875799401	0.39901281435349095	31072	0.2575659062734199	0.23118866833418864	0.20755940961013628
1.0	1941558	0.6160343922234504	0.6065888016066788	0.36742064763653776	29074	0.2292774828035987	0.21046777111844395	0.18405488546984286
1.0	3021918	0.5733883753886604	0.5651055524650814	0.39876586348531284	31068	0.2630156909566679	0.2499062091399583	0.1914377256331248
1.0	2879092	0.6153687089248668	0.604989845652765	0.381698139171127	30182	0.22354814383723473	0.20188418964592528	0.1979789366269679
1.0	3561476	0.5707222783910911	0.5653846566799791	0.4075153713552337	30848	0.26213227943526446	0.23732847330256746	0.20553495446791883
1.0	1443346	0.5112033526130942	0.5008185842883327	0.3623215887394901	29838	0.16470497892824995	0.14513974357286785	0.18298236319494957
1.0	1407552	0.5611635880274041	0.5491779361075335	0.3474105208971938	29854	0.1909906243186443	0.17250641279727555	0.18589368865775646
1.0	1479626	0.512551541564919	0.4978784743633848	0.3692147140562643	29604	0.16899022811223793	0.15748333975913753	0.1933533508171121
1.0	3105030	0.6217667657409947	0.6119401570569155	0.3831291193267435	30080	0.24909199803415982	0.22380435790523445	0.20640743852047064
1.0	2769994	0.6145216586725502	0.6038885332178642	0.37228473170642057	29444	0.23832106178907622	0.21863989582693508	0.20069670196083259
1.0	2563044	0.5107231023336172	0.502328294685979	0.39265317235875435	30630	0.24125140958399072	0.21653913585658513	0.19694250474696529
1.0	2628298	0.588118025447992	0.5769910882468197	0.37430324355156963	30076	0.2096014286295612	0.18918230491168656	0.19969442337136992
1.0	1411186	0.5276310246779516	0.5185571499108675	0.35845606707875977	30132	0.1835490794906838	0.15740625339544148	0.1856962177824434
1.0	2143620	0.5279864845441737	0.5167645170914067	0.37935819852457114	29924	0.2449834358945483	0.220149514081084	0.20562845614851102
1.0	4232922	0.6280427061217057	0.6194877510283733	0.4080923080099803	30722	0.2551289720481168	0.22790878417267504	0.21314444981394162
1.0	2756690	0.5729005712839523	0.5645610196047531	0.3760360563440934	29494	0.19700542159050824	0.17628444259581408	0.19970782399412146
1.0	2801006	0.6169558062705288	0.6058307995185713	0.39038527704100473	29966	0.25162382517163834	0.23486105615246855	0.1969440230400903
1.0	1187902	0.5135605223098773	0.49796116867431267	0.3519110623195505	29030	0.14484669504857475	0.1296461810357175	0.17824679429451964
1.0	1182634	0.5075777305940836	0.49030900313168196	0.3476296488620981	29036	0.15744356545892346	0.14161215131457414	0.18941161530127668
1.0	1071744	0.5169969068898325	0.5043091607762322	0.3486402544945037	29528	0.16178369621302122	0.14496589049850186	0.18642360248019466
1.0	3118814	0.6211581680969898	0.6132693314143046	0.400787002434065	30606	0.29248355380659385	0.27575781063473914	0.19404066039335602
1.0	1646200	0.5956842158474899	0.585998979376921	0.349425889851396	29146	0.19210575948988304	0.18682873874004846	0.17744071173372425
1.0	3039300	0.6161644678271703	0.6072576770577093	0.3897941784737984	30538	0.21933678124950032	0.19393786588281434	0.2042395414157034
1.0	1234898	0.497884575369745	0.4831068302911774	0.35039229814932815	29418	0.16967221769739715	0.1522545732918991	0.1903318846026215
1.0	1468592	0.5157859740772258	0.5030565524028688	0.355139012932802	30122	0.15812001746097495	0.14243694276880614	0.18208199628054286
1.0	1350690	0.5147018139109105	0.5029687882185174	0.3598295059389993	29656	0.1454368946103902	0.13015738960115547	0.18640755883467272
1.0	1359730	0.5088310418514422	0.4969813630939361	0.3583538432320337	29378	0.15630600343944295	0.13973263106967998	0.17845255622052844
1.0	1512072	0.5292574244256354	0.5152794146069687	0.3563963284550489	29298	0.1831746567555279	0.16354834348334105	0.20133660505537473
1.0	948882	0.5044931586918212	0.48704673339146454	0.33760647255750337	28306	0.14894547263052701	0.12632176076190504	0.1968851572393452
1.0	1818182	0.5812046196406241	0.5673235791636916	0.35976431502552014	29292	0.21809545457147492	0.20254664475904735	0.19028423131572983
1.0	1442466	0.5044100536725189	0.49351356772254396	0.367429579386993	29758	0.14689448179238485	0.13513728906643283	0.1830632123604122
1.0	2301186	0.5842805887101693	0.5715952098683575	0.3683397108317727	29646	0.20217542185595438	0.18015015861986508	0.1990262619816945
1.0	878898	0.5329451156942165	0.5161299121643883	0.3324138213685112	27734	0.13447992710667142	0.12468904916435697	0.18481658457908393
1.0	1177538	0.5777590759063962	0.5646334382139734	0.3433751699232083	29312	0.1685812469863738	0.15220102368695632	0.1854691364127036
1.0	3265550	0.5938909153742835	0.5850568432561533	0.39204082111500926	30644	0.2307854222390423	0.20875128010855226	0.20192874487842913
1.0	1743628	0.5080771236187281	0.4954393389931883	0.37155833262057364	30064	0.17506751029720233	0.15903468054195177	0.1984139585308622
1.0	2788226	0.6246614837618731	0.6131624069746857	0.3761571905000709	30194	0.20867576237513893	0.19177491865358662	0.19796581369282207
1.0	1658222	0.57572965579994	0.5620680971286794	0.3703591020755496	30096	0.190013026580604	0.17723692738291927	0.19070297459136945
1.0	1001818	0.5053143555126507	0.4909221834389789	0.3507233096234368	29782	0.15473618355143146	0.15128141786621832	0.1868547667955174
1.0	1250648	0.5725204971138318	0.5592683346112896	0.3513014124854264	28886	0.15666292465911633	0.14372225296698818	0.19079997290439665
1.0	1407634	0.5313274281504731	0.5195041512202218	0.35825258410469524	29408	0.19310478885947416	0.18066748377755293	0.1897699076176246
1.0	1553118	0.5504489866915138	0.5369751193706968	0.3615530084553216	28728	0.20294082040131634	0.1949417037868092	0.19128112957169985
1.0	1799700	0.5884527749502376	0.5766750287364145	0.3657609064979633	29378	0.21426860372658554	0.19868835017369701	0.19049157450945411
1.0	1940756	0.562366279717501	0.5522291119588035	0.37517315041227856	29956	0.2068636181790564	0.1898387907888397	0.18600497051647114
1.0	1427648	0.5104005814867537	0.4972169112757179	0.368939223554134	29516	0.1512778144384056	0.13372530422596138	0.18702374173683836
1.0	2273726	0.6279528939537061	0.6129123403478743	0.36363754833972234	29190	0.1730227702042618	0.15474939948148647	0.1950936402027207
1.0	1245750	0.5043786297002001	0.4914703516565828	0.35236062144888214	29082	0.14347328432024695	0.1285873554104293	0.19135595503902422
1.0	1238944	0.5497074515391184	0.5370027614538467	0.34355413473312874	28308	0.18028452937674797	0.16470429138946796	0.18916060821466985
1.0	2400134	0.5743876557164596	0.5629985504201592	0.37084472146159064	29550	0.18621920451425458	0.16942355451037752	0.19571935856038822
1.0	1601362	0.5875166226424441	0.5740808547721797	0.3725525706459045	29222	0.218282212810571	0.19765244841827137	0.20012502502201043
1.0	1290652	0.579198966597226	0.5650337525543878	0.36027304394512094	29136	0.15148518480800907	0.13645592142380972	0.18016122663186832
1.0	2506490	0.5892776987555477	0.5757382866921308	0.3666821099995903	29752	0.18964505754130234	0.16835404283391367	0.20181863424261323
1.0	891514	0.5008926136852347	0.4860393371498508	0.3328283585815629	28488	0.16532015468090225	0.15360216933065457	0.18398754437110829
1.0	1345750	0.543374555748797	0.5305352206719559	0.3601224317052511	29738	0.22263777262553944	0.19177427586847018	0.20459082221941036
1.0	928248	0.5168259654314901	0.5012519045543454	0.3355523156826841	28518	0.1529532701333365	0.1355000689241115	0.18035342494924422
1.0	1157822	0.5223017926565453	0.5110626660948377	0.35502534981805806	30184	0.17515325480174201	0.16370804884566134	0.19382033433404208
1.0	958942	0.5034618986964119	0.4884460969582766	0.3421287498490944	28640	0.15212374848823615	0.13857492842881022	0.1846659863662438
1.0	1225462	0.5635588216781736	0.5501638461134323	0.34754452092565047	30324	0.18485388126229496	0.17395310182374632	0.1851814360434292
1.0	1078696	0.5410787451801674	0.5280235481652827	0.3568400783712327	29618	0.15654817235050592	0.1399967311232336	0.17483911212010314
1.0	1935610	0.5809451090103909	0.5675130782090443	0.3692012703156626	29908	0.19944950628729177	0.17996498449653708	0.19880606862906114
1.0	1434314	0.567743148779494	0.555590341622562	0.3658129695823756	29090	0.19788475977517503	0.19500274961913047	0.1865742027856758
1.0	1562678	0.5360880277880693	0.5242943444513349	0.35941036421700795	29976	0.1998485034720168	0.18973957863683202	0.18925602759793855
1.0	1461530	0.600585046645794	0.5859225406578766	0.35552132004924486	28962	0.19424042326894286	0.17920848462112163	0.18683225948008045
1.0	1341548	0.5689012132857577	0.5554912234380421	0.3640757829562094	29620	0.16126675904787532	0.14224274869954562	0.19458903517007067
1.0	1431846	0.5451277343714391	0.5325350814768929	0.34413828541430885	29284	0.19350629478732154	0.1773444294266108	0.1999103245749655
1.0	1168128	0.5232498110595377	0.508860525847595	0.3530985067499932	28870	0.1508215687973045	0.1398857992169987	0.17638045930236892
1.0	1641424	0.5794088120951155	0.5661001906571718	0.3643338486949379	29332	0.18492453243417065	0.1675739348338853	0.18918288434635833
1.0	2251366	0.5752940790719611	0.5642387237678291	0.3851452653895442	30536	0.23529807453236773	0.2208818009600232	0.19249813326412335
1.0	2422508	0.5886489560980447	0.5768989604236877	0.376577183331837	28960	0.18334728523884014	0.1632188508595148	0.20006117924917224
1.0	2351758	0.6397941734354932	0.6274812337024988	0.36705113980912313	29114	0.1935316459260924	0.1696910886748845	0.19841344061808397
1.0	1069130	0.525852571905409	0.513787542619453	0.35041027582375445	28410	0.13924903187522628	0.1291413934792445	0.18498695656419337
1.0	2950616	0.624851775509685	0.6168328942674169	0.38501652214677334	30158	0.2091058596398732	0.18686012764349655	0.20186185612982985
1.0	3071916	0.5825954418617818	0.5734552286770626	0.391623013733198	30000	0.2309971293385605	0.20782399974758692	0.20438697900315342
1.0	1276932	0.5142707264814413	0.49851361138406114	0.35626266427887376	29186	0.15986367043137134	0.139535180239337	0.1785920149717137
1.0	1424450	0.5457127190743333	0.5322038827530156	0.3562602938209567	29264	0.19585145112240468	0.1773767574265224	0.17976890069067078
1.0	828460	0.523445990453236	0.5085447007488841	0.332021019562075	28844	0.15554582421177263	0.15137328466571034	0.18720521645542318
1.0	2708844	0.6298924477074884	0.6190936425491237	0.3795407260502433	30290	0.2156101788921629	0.19331510895254334	0.19981214046519336
1.0	906098	0.5021620183511609	0.48951232081176793	0.33420369345568157	29462	0.12963970975458003	0.1229892185862066	0.1714596597926272
1.0	1074916	0.5217483903545447	0.5082794791096154	0.35252559184557075	28712	0.12722813742194256	0.11521079718457006	0.18943859639971716
1.0	1170972	0.5215203866622963	0.5047221712663442	0.35840628683679676	28588	0.17274177228877186	0.16094685093935945	0.1913958267380991
1.0	1439962	0.5026413649302462	0.4887166543125412	0.3541488120708665	29764	0.17824768648793118	0.15763422006874364	0.19452679991885183
1.0	2163760	0.5938459864921946	0.5832849416258681	0.37684461091257715	30128	0.22865673657373922	0.20810432172491222	0.20192952642844433
1.0	2969422	0.5912895611495192	0.5831807869898952	0.3896281719514465	30738	0.22267381965357558	0.2010936846966956	0.20257507537271832
1.0	899844	0.5142034738538206	0.4991805356509034	0.3327893428585901	29134	0.14247955708334026	0.1322973844442186	0.17728663352905252
1.0	979908	0.5097266062450647	0.4956595269454229	0.33982452022458004	29096	0.16749688744898017	0.16077810789308963	0.18587047954799737
1.0	1305066	0.5296818207057564	0.5125887720053915	0.36054371757531506	28790	0.1745300238371579	0.1612375987392419	0.18826164470255072
1.0	1486584	0.5022541003390467	0.4909351774162774	0.3699255412166412	29444	0.1525529622723444	0.1383416944164824	0.1921983695041283
1.0	1585258	0.5877574682110357	0.5753775999007048	0.35241519464746046	29384	0.1747610214216524	0.16040463029296428	0.18826402315287946
1.0	2452702	0.5809414548963682	0.5683647857341613	0.36083566819141305	29770	0.19447525957895936	0.17320372421351296	0.19868793951688846
1.0	987518	0.5142082294185467	0.4978912447802948	0.3436778888603021	28420	0.14410058143835563	0.13421253984480372	0.20834758849987112
1.0	2293932	0.6309112856441154	0.6164073672114333	0.36165917253146285	28306	0.2004550561497578	0.17741330034354907	0.19626439986791566
1.0	1922084	0.5644346979281946	0.5549989037211324	0.36590498903733154	29772	0.18313823039028224	0.1662702045856101	0.19403938961763864
1.0	1691888	0.5443500113881238	0.533875069154316	0.37005479149796267	29316	0.19744991883305832	0.172915455467292	0.19174912625503468
1.0	1303610	0.573986453656481	0.5601495220175148	0.35707412952864637	29494	0.17881636549893787	0.162398831703104	0.1900939301265477
1.0	2257464	0.6341641489187145	0.6208169592338277	0.3516196143783789	28088	0.16741055348096898	0.15123927203726292	0.19339315542247545
1.0	1475052	0.5131587489717317	0.5008428624133614	0.3548992408381037	29044	0.17840998390265958	0.1602147513793604	0.18434794250839637
1.0	1667118	0.5071691172201437	0.4957848080802678	0.3627810512109397	29764	0.19269036187193256	0.17885862021224175	0.19860010866484976
1.0	1325314	0.5476668517510831	0.5350591270941222	0.35611422447606295	29076	0.16191567385245906	0.14551719975570507	0.18221159048268118
1.0	1315678	0.5245550892373089	0.5124611955842588	0.34954215406631667	29124	0.1729833984704531	0.15901285600516246	0.18418416316233446
1.0	1818348	0.5477952149075703	0.5351662967999068	0.3726963620412218	29870	0.23940067876778345	0.22300339208814057	0.19905875196592202
1.0	1504510	0.5465280008661425	0.5335037186288697	0.35484277232504274	29452	0.18494293078018384	0.1687027662865155	0.18917128962101223
1.0	1020526	0.5068473938966818	0.4930503251487688	0.3418641919120242	29196	0.1455904913603708	0.12868628559551984	0.18031834238465685
1.0	1688080	0.5722248965819063	0.5620041816891068	0.37296911354558504	30316	0.2230280578326267	0.19841779187565667	0.1900276339517245
1.0	1860382	0.5966635073763024	0.584766027456958	0.3738299325551966	29152	0.24150034908905715	0.22651027262059378	0.19065472402664163
1.0	2923960	0.5783347293821294	0.567105216535826	0.3798556247616455	29266	0.24954667709649989	0.2215135459800999	0.20429496943991543
1.0	1381066	0.5103361789697781	0.497872346016452	0.36010704050853276	29414	0.1792702003386731	0.16397106421248062	0.18909059331139574
1.0	2566046	0.6023632365921859	0.5941709690026868	0.3807604232930522	30192	0.23694043019105834	0.2165642747500358	0.19822380928582975
1.0	873448	0.5410298485375208	0.5262302449844302	0.3317360407544288	28518	0.1470331308207827	0.13163480718791717	0.16997902679397722
1.0	2203652	0.592760640180738	0.5820507522230989	0.38659889690383326	30168	0.27201555555054396	0.25764974158627935	0.19713817362651806
1.0	2502620	0.5663827784079356	0.5576614936864668	0.38791276036285294	30630	0.23995251853798402	0.2270852216361745	0.19702740819984324
1.0	2277992	0.5921571479815531	0.5804812214165861	0.3898968655237554	30386	0.23757485978836176	0.21973158751424807	0.19397666055310495
1.0	1458774	0.5697259257790237	0.558706925234566	0.3654663607978674	30330	0.18593178023384924	0.16926269849428485	0.18866229346960087
1.0	1456440	0.5379762784413412	0.5278376091376885	0.3594344773222719	29724	0.2044281058264438	0.19184836876705647	0.188574810210238
1.0	1645664	0.5199674431605629	0.5094281331227118	0.35921054493046894	29138	0.21205245386900828	0.1998903744232968	0.18732416034942465
1.0	1348828	0.5201061856755175	0.5099587874691491	0.356012688299745	29762	0.18379388831029933	0.17002607903053954	0.18183484830311092
1.0	1383772	0.5142649750679242	0.5024539059307506	0.3643436249598091	30352	0.15196999323188617	0.13649655422543175	0.18263129242335197
1.0	1718960	0.5808137278005272	0.5709314408492597	0.37424348232473026	30762	0.22684679549193607	0.20789850789221628	0.1866177405311419
1.0	1538176	0.504073229087178	0.4895028732305447	0.3543716975859361	27596	0.17652586401275913	0.1581813329650905	0.19327947126155132
1.0	1040338	0.5093711405401736	0.4956517744139363	0.3477825821606246	29260	0.14168995235070506	0.13109274317721303	0.18326607890287183
1.0	2182750	0.545113177057979	0.5350927119348455	0.3756110268249551	30230	0.21995217886088816	0.20268045397479825	0.19125068669841808
1.0	1582410	0.5606485648203815	0.5494517804871684	0.3638490524288966	29902	0.16663716126340034	0.14946278697674323	0.1949898920032341
1.0	3638672	0.5923360925133377	0.5858903436630617	0.4049556418266258	31130	0.2573657541705891	0.2368102361346608	0.21063288949727563
1.0	854010	0.521720502350491	0.5074107169854697	0.32727776200154274	27802	0.1441901627021819	0.13508929613281204	0.16878449210425253
1.0	2080722	0.5357506942232783	0.5210905616170641	0.3732993788905404	29100	0.1753604250134949	0.15761067906787438	0.1871329623589545
1.0	1148384	0.519969603476684	0.5069462643464667	0.35933873053575954	29792	0.1506723808275682	0.1369029596582049	0.18029648706688947
1.0	1095844	0.5309752337400457	0.5174953673598773	0.3542763500075157	29242	0.14263759281089536	0.12384805425246552	0.19106810805760763
1.0	2304768	0.5797889985155015	0.5705921573264526	0.3830873359937154	30248	0.22650408139905112	0.20210345810079786	0.2016460640104747
1.0	1530046	0.5872669043484441	0.5728290062059181	0.3591802755727547	28838	0.19679286221759243	0.17599133844320805	0.18901390502355142
1.0	1331896	0.5792356110991602	0.5652328517306754	0.356324897700975	28706	0.19254101292852369	0.17531415960357385	0.1825882925923783
1.0	3313610	0.6383702642680115	0.6294851554151182	0.3907835297112721	30520	0.25222479246628876	0.22863825715172567	0.20181997018771344
1.0	1518958	0.5636511186735554	0.5513522084350009	0.3659874716436637	29304	0.19098208327852062	0.17211561410815138	0.19485757575209808
1.0	2642730	0.6115129495894689	0.6017457702231507	0.3745195976066944	29886	0.2196758263236176	0.2018428772125126	0.1990665166863046
1.0	1652604	0.5060634029443701	0.49425516122457064	0.3732876608683946	30432	0.17557748002312448	0.15952464499378813	0.1848944185439455
1.0	1546724	0.6066954664879102	0.5941378595700127	0.36098566083404965	28314	0.19498785228531812	0.1798110284885798	0.19380913661844668
1.0	1897132	0.6055535061803335	0.5926547475670148	0.3653657746600787	29470	0.24299284841878396	0.22965642555058707	0.19088006847941028
1.0	2436552	0.5779687176682429	0.569098182802506	0.3852476088821497	30080	0.2539891546256027	0.2324235974826925	0.19929338763031187
1.0	1188412	0.5200077167175161	0.5089620673899139	0.35923287751541233	29184	0.13855157837017373	0.12154588340940141	0.18516685133363978
1.0	4193438	0.5900077645504829	0.5821668319919641	0.3988778748402573	29948	0.2645544852455578	0.2379954579207628	0.21269311971399266
1.0	1751922	0.5522017925990692	0.5420290521019666	0.36487811682777377	29582	0.2364098794830191	0.21953680291921365	0.1940309073683961
1.0	1287404	0.5349964037974587	0.5227891814061733	0.3712280368405589	30202	0.1369410736221057	0.12573953673701851	0.18168691538648366
1.0	3947198	0.6424090924836366	0.6316220639004386	0.38788059882436715	29784	0.2306385685186906	0.20500555702610676	0.20216022828117577
1.0	1552598	0.552577131009924	0.5411584758784472	0.35549579020706235	29642	0.19502309570258294	0.17745481219209047	0.19135300451982606
1.0	1901348	0.5471812914374485	0.5373380221395748	0.37232486053214003	30290	0.19761183155920473	0.1766213385847503	0.18013632490546905
1.0	3077398	0.6030071385330477	0.5940911107114494	0.3912643983464769	30154	0.2212701269164862	0.202166214119755	0.19967767488883867
1.0	2425128	0.6320056070658059	0.6199226388457305	0.37163304251636325	29344	0.19861188246720984	0.18270098527918208	0.19994605543941169
1.0	1315070	0.515516867497649	0.5015671442377648	0.3594590513886114	29656	0.14952202567459225	0.13390175737222612	0.19541228188067805
1.0	1043360	0.5356565551840754	0.5245996680874654	0.3432353154172565	29474	0.17573391979032194	0.15794300076150294	0.18684139717419693
1.0	1525876	0.5103347345604962	0.5014148268786515	0.3655126934993808	30578	0.19240367344888165	0.16265478903904368	0.1941713596128354
1.0	2027996	0.5367594332280762	0.5259194467697839	0.3721418943496857	29406	0.18386338503871588	0.16373656651313567	0.1963534973441079
1.0	1375354	0.5152810947755561	0.5032839801767773	0.3648119446928968	30014	0.16684395072719183	0.1489743219172665	0.1900875579911816
1.0	2115222	0.5310391426657682	0.52184744794813	0.38408167253703346	30450	0.21312130275096539	0.19701825736837764	0.19484299174499062
1.0	2655138	0.6226543251388702	0.6097650091595594	0.38116198712919463	29814	0.21428210437480924	0.19089481461975596	0.20042016357563197
1.0	1761138	0.5241728214844554	0.5153587516935019	0.3739494855976501	30544	0.2089185674193352	0.1935139022162162	0.19157172366522635
1.0	1401320	0.5076221458654399	0.49599036466408886	0.36627180215779714	30368	0.15882799562312647	0.1385960408210054	0.1934480078068944
1.0	1568824	0.5047944500262139	0.4889102277778747	0.36986023832497805	29130	0.18391435114734225	0.1635049175451719	0.18974176833920145
1.0	1264206	0.5468743194393695	0.534196684860337	0.3471472275940493	29088	0.20708885499190222	0.20614531458633148	0.1899723821956142
1.0	1794066	0.5131028466644153	0.5035949713450981	0.37793670846199195	30652	0.18385338778711047	0.1686983423646268	0.18684196191313315
1.0	1463844	0.5045781290984773	0.494260772595462	0.36169916902625104	30440	0.1784655041477964	0.16082781261322754	0.19909182764554545
1.0	1908068	0.5562777652863348	0.5454086564017113	0.37701764503549134	29922	0.2230894187458448	0.21230986159916954	0.18744429451040004
1.0	2567162	0.6151707651724592	0.6017998075040379	0.3778776340560172	29856	0.19842782334118844	0.17480172000400515	0.19738521183490196
1.0	1147596	0.5073124990393203	0.4930960483114352	0.35459666215140584	28614	0.1623030048560419	0.14619790015077844	0.18677242391876236
1.0	2011528	0.5186022342282468	0.5054992582342536	0.36190356752760927	28318	0.22933148093959174	0.21829574089862822	0.1946968930350916
1.0	2961072	0.5630550792755721	0.5524341799967497	0.3757048106616793	29886	0.21391882408579413	0.19154161565686964	0.19982004740600526
1.0	1279454	0.5731494768029918	0.55841576655037	0.3517809128445188	28810	0.20330806424187617	0.18807289108923866	0.18854862030561637
1.0	1437920	0.5580010399629861	0.5415316288096123	0.360539335138039	28804	0.18138987992043656	0.15920328417500423	0.1817045945464649
1.0	2544238	0.585620011861033	0.5745592327387826	0.3634688756107572	29838	0.19162455582293017	0.17008360081629212	0.2038212060063349
1.0	1622780	0.5395962762929114	0.5269950858726181	0.3694265293334423	29890	0.20812200011176304	0.18359775103488987	0.19170431608500746
1.0	1732706	0.5439504585219663	0.5333230510457657	0.3742706827285744	30212	0.2020045740970878	0.1895366052832622	0.19622579745985427
1.0	2462406	0.6105557580493023	0.5965094832143629	0.35453342861121495	28102	0.18748859925230257	0.16482281235768	0.1943765455454499
1.0	3018276	0.5826522807093457	0.5729881567942153	0.38560414110513924	29868	0.23348415284909071	0.2113097345580608	0.20147240161843147
1.0	1268066	0.5029200815486111	0.4885704945930309	0.3592028839802819	29396	0.15684035466815768	0.14073889219794553	0.2002126741267247
1.0	3728406	0.606448396703262	0.5982725719949482	0.39174548409560245	31084	0.24526174589877026	0.21700456500780588	0.2069832748129187
1.0	1609570	0.5984936025527606	0.5883188798463427	0.35416371051906764	29628	0.1856100132067975	0.17055889875313615	0.18315991888326355
1.0	1148072	0.519197085056123	0.5048623415878912	0.3416672214420551	28756	0.14784866101249292	0.12884770666383294	0.18612508230962585
1.0	2421306	0.6050046214987431	0.5965460524254732	0.3694321128674747	30350	0.1842214148764694	0.1627639275713737	0.19878470109218258
1.0	928574	0.5111444859178492	0.49582611599982207	0.34088308624407376	29300	0.1296568147213281	0.11638309013319621	0.18927495073155956
1.0	2566192	0.6011476433046383	0.5873586773397469	0.3731002751874158	29808	0.22186561139740243	0.2009888243869522	0.1982662757518088
1.0	1357052	0.5187298821797777	0.503854815748716	0.3637533243906563	29390	0.1726084652365141	0.15228124245216734	0.19354730243331097
1.0	1561668	0.5970949143048093	0.5827821290117644	0.3522664831199282	28804	0.20710714522412965	0.19145211618710375	0.19530886288865298
1.0	1610146	0.5539288219406373	0.5399726810634127	0.3688778848971091	29004	0.19424612376073866	0.17059822073070494	0.18521444817437324
1.0	2593418	0.6093072368771373	0.596013010077224	0.37220976880394785	28758	0.2060591163607565	0.1879091681874345	0.195121195251814
1.0	1534630	0.49869242391302593	0.4830738572990165	0.3490546636605562	27952	0.13996331796003822	0.12354823880725346	0.19541446906452573
1.0	1236914	0.56432901767737	0.5522514107094879	0.3482985859293924	29160	0.17892302794880824	0.1563926560234096	0.1881484620395982
1.0	1798458	0.5421087206957623	0.5279286909933135	0.3706961358813468	28924	0.1849258955193945	0.1687080837971716	0.19446278992408864
1.0	2800038	0.557877577958498	0.5474882012609956	0.39939562027986836	29984	0.2647173016995131	0.2611649385735881	0.1944997435870246
1.0	1002812	0.5284410629069283	0.5146279555603115	0.342255218129683	29068	0.14554713569941496	0.12944926024772505	0.17712049304102997
1.0	1266166	0.5334092048902638	0.5218425988033956	0.3486124084251603	28964	0.16690715924823232	0.1586607646115626	0.19146478549339874
1.0	1593268	0.556374257393005	0.5464580856305875	0.36135383891942746	30344	0.2115629924388396	0.1926819634580146	0.1987701999483633
1.0	1635410	0.5061032061217042	0.49682981913158747	0.3569516991275789	29094	0.18782001225425093	0.174503765021179	0.19622750756539076
1.0	937524	0.5100952359734455	0.4950649848964655	0.34411969188983665	28674	0.12128805667080304	0.10410434680604264	0.19007526229067737
1.0	1274616	0.506585074372272	0.4941769182509928	0.35730561929471244	29340	0.14164946199063272	0.12997690339293866	0.17644920090925234
1.0	1477504	0.4999314992022346	0.4866391632306835	0.3518567282567227	28832	0.1753722314377705	0.15761350589308143	0.18618297071133863
1.0	1187756	0.5004866970195067	0.4853798249395	0.34640037637838256	29078	0.15923901153489842	0.14168479240048862	0.19191764288404245
1.0	849624	0.5147582916945772	0.4990827734311234	0.32740047232533803	28722	0.1278240777096478	0.11326415823715084	0.18838535844132473
1.0	1029518	0.5070636005976477	0.49303289445288656	0.34768064666025045	29346	0.15232790846126937	0.1428408480120071	0.19563549172321182
1.0	1395202	0.580910128216252	0.5692297042915405	0.3615943765664067	29086	0.17218521489301722	0.15532142974402527	0.19301102941359127
1.0	1432110	0.571884808174017	0.5606977076347198	0.3673667223796501	29706	0.22247087472374674	0.19755757990915432	0.1965098641018557
1.0	2564094	0.6413022380180343	0.6274181714866852	0.37135447015027295	28904	0.20919480900664275	0.18745524711233083	0.1999678616148132
1.0	1445208	0.5205297569161038	0.5076862490832977	0.36967087639734747	29654	0.16595624371051212	0.1582970401146427	0.1771379727069896
1.0	2250322	0.6340012461317645	0.6220679383836479	0.3587462877379369	29412	0.1733284924799697	0.15133110235810124	0.19163526520962146
1.0	1898236	0.5765349672070829	0.5648128645834335	0.37953040416218875	29578	0.23688873631829932	0.2060558249132389	0.20464089108303063
1.0	3241846	0.6385006344727745	0.6272512234888781	0.3922753641447718	29816	0.24984433526759117	0.2272128990651585	0.20615768377637234
1.0	2152376	0.5423889483928417	0.5303124535090602	0.37141155070182524	29732	0.19980343108196452	0.17869953884573767	0.19543120029198682
1.0	1221984	0.5629313621801749	0.5466359547027567	0.35211409437997965	28562	0.16695641114335127	0.1503391720583473	0.19232343993909481
1.0	1659730	0.5210025773025059	0.5097582182667232	0.3690151212509982	30020	0.19113866428315188	0.17122607882594632	0.18261678129289963
1.0	1498448	0.5068566325556532	0.4928726113105402	0.34944728260607216	29232	0.1528753027164795	0.13712739161411308	0.18374085790070172
1.0	1227184	0.5828241046129082	0.5685202640351267	0.35148927041406997	29502	0.17914413909678908	0.17047768496142787	0.17723899664112666
1.0	2378122	0.6188318175273332	0.6062505356530586	0.3677348746027227	29522	0.19963186972782118	0.1785993731823725	0.19920703986285504
1.0	2870660	0.6173642120800484	0.6082632037885652	0.3780776976616609	30018	0.22612514588263846	0.20455701844178406	0.20515543418324786
1.0	1195378	0.5157449141602785	0.5000692393200159	0.3490917727945199	27936	0.13568964941130215	0.12610977288138372	0.18036174480451195
1.0	1840728	0.5421204588430175	0.529625124279303	0.377301474995095	29694	0.18412835170611128	0.16574546133307166	0.1922715321131995
1.0	2519504	0.5691939611122445	0.5608838680608624	0.38811337682034946	30314	0.24057126992356473	0.22434318174612214	0.20213833604276968
1.0	2137270	0.5340537839508642	0.5217946744884334	0.3696695630830926	28912	0.22779067079836787	0.21048935809838776	0.19593418094476664
1.0	1961740	0.508150292329844	0.4980486573230926	0.36972370278653804	29770	0.20534180138335878	0.18437371803484284	0.19522448719106186
1.0	1342576	0.5169588947998395	0.5045980529691797	0.3630367091329223	29390	0.14519459603279897	0.12592513272482145	0.18254211191081626
1.0	2918818	0.6066419749016747	0.5955213916947956	0.38140859402201	29042	0.23243852086958436	0.20997823783529376	0.20262531688903698
1.0	1793096	0.5695838810051118	0.5562071575091619	0.35313285567561364	28960	0.1981177643752895	0.18115576922825408	0.1961537716308921
1.0	1619730	0.4986221363508579	0.4870448080364072	0.366941926556342	29812	0.1545149440736171	0.13895946504583026	0.18887344153155053
1.0	1646238	0.5978131537122707	0.5868584104559633	0.3639307218222941	30184	0.20070589400620856	0.18404372974970826	0.19196323750066244
1.0	1239624	0.5130992432863889	0.502270024294294	0.3453015544837917	29172	0.1541213213887973	0.13517118715466753	0.19296088849286908
1.0	3382946	0.5883095416359294	0.5786050445406662	0.3887978239322026	30066	0.25448339979890405	0.23144586532347733	0.20326799002797982
1.0	1042678	0.5128772171871683	0.4971576728758132	0.3471160719426036	28706	0.15569300909942826	0.1410047176783661	0.18047084112776005
1.0	1371154	0.5646321082311663	0.5484494500125804	0.34951880427457366	28846	0.18487464494314998	0.163264211212433	0.1871763522400276
1.0	1299934	0.5463987916649707	0.5344167862989254	0.35709901092769303	30210	0.1884690800712082	0.171187686528499	0.1809020356083371
1.0	1974338	0.5436958993794182	0.5339706893558854	0.37338155734436834	29792	0.19100136468738615	0.17113011464343075	0.18419879510957285
1.0	1278282	0.508199529566392	0.4930366697025164	0.3585451035914871	29678	0.13906422662300205	0.12495459779072648	0.18782380730874748
1.0	1574772	0.5170223506959012	0.5045249562161819	0.356348379679779	29582	0.1627182899939583	0.14874928095038897	0.18401299040794353
1.0	1136392	0.5664403958435597	0.5497610530574715	0.3345523936094829	27892	0.19475732961356265	0.17385590995368352	0.18795202068404446
1.0	1827400	0.509490964592771	0.49809641853154135	0.3810563462712382	29932	0.1992243896427344	0.1843365411987843	0.1865191969729175
1.0	2468500	0.5912331407806262	0.5780227986009315	0.3635215881457126	29420	0.1895130121345985	0.16803683105704162	0.2018402272921567
1.0	1880892	0.6230530161466575	0.6117889327905282	0.3754458685981736	30024	0.25047614530824114	0.22512002274873985	0.19070242449989572
1.0	2153390	0.5348843037886793	0.5247750037667599	0.3878601405817568	29880	0.21119105797717863	0.18835727195783772	0.1932122865230206
1.0	1397854	0.5054756479886557	0.49516024852489404	0.3458790719525151	29296	0.1493971531318221	0.1350045519149757	0.18812527318127334
1.0	1789744	0.5045078776144281	0.49116279821824754	0.35619232919085686	29538	0.1822337264782189	0.16036039537137914	0.1976876553111393
1.0	1488330	0.5381215179485566	0.5262702601470106	0.3520949117331211	29250	0.19334059227664213	0.17861702330612791	0.18717072470633792
1.0	2808520	0.6189617027058533	0.6076447480118233	0.3733672729369885	29682	0.21722902467556024	0.1946855889675432	0.19546426876628042
1.0	1841252	0.5404367221568614	0.529141414802527	0.37180169524915646	29982	0.21119862355393293	0.201877374776308	0.19364278271968394
1.0	2042880	0.5721380209057719	0.5589058076091257	0.3708919247466939	29166	0.19940848579898374	0.18342619406534047	0.19324472018937014
1.0	1337092	0.5042577990955045	0.49263838385259184	0.3552930746174507	29446	0.15624941480878032	0.1460476117128727	0.19073069978218568
1.0	1933392	0.5168316891168939	0.5058259799491889	0.3800644978988736	30104	0.22005358772417416	0.2017783261906891	0.1880372709786351
1.0	1959220	0.5695435715083663	0.5563017336293012	0.364181807491182	28844	0.21243004750966485	0.20741429649205864	0.19016053470647065
1.0	3896428	0.6170231724366095	0.6035481218225526	0.39193667802590243	29788	0.23671181946534345	0.21248415346061922	0.2130360199299647
1.0	1281164	0.5188220985230118	0.5050230426932414	0.3573256197744268	29144	0.157117133066046	0.14062833289873902	0.18103032997031643
1.0	2429134	0.6263966310817656	0.6150915956986017	0.372433790133206	29530	0.18048802580754797	0.15914539581912793	0.1958522197675019
1.0	2140600	0.500803573254789	0.4909505140780774	0.36984804142483796	29300	0.1880871712452712	0.17107655100510177	0.198479564829264
1.0	2594028	0.6109860767966567	0.5978299394175735	0.37399711944811803	29190	0.19005575867505065	0.17044011117742175	0.20120481484549338
1.0	1253086	0.5307164154740921	0.5199355301690665	0.36292495278394776	29760	0.1384089554116295	0.1288536765506896	0.1895755009442148
1.0	2268552	0.598024856063598	0.589324069103854	0.3831512263960597	30328	0.20135659867872444	0.18006387813555633	0.18870071056081147
1.0	1302038	0.5197699133831457	0.5070564801609742	0.35600332159543724	29696	0.1578063649519379	0.14960648362078374	0.1926436346200748
1.0	1069370	0.5203302461910404	0.5068244137138677	0.34998905633801525	29348	0.13813475957044805	0.11840126491988145	0.1816123307111652
1.0	1220754	0.5086779784103467	0.4937991700658791	0.34271355737381426	29618	0.16989874698355759	0.16079728739534516	0.19033383841503512
1.0	2691414	0.5753751392883396	0.5649112212489443	0.37265810079362865	29178	0.2054910840995541	0.18209405149458646	0.2035362962405677
1.0	3179314	0.6273247010959281	0.6195814674147277	0.3946996933017522	30856	0.22381144589052307	0.2043477815073476	0.1997672626754894
1.0	1917662	0.5181299084352148	0.5051752254106501	0.37270536615215416	30192	0.18939967430277946	0.1783087102148285	0.18703387202690233
1.0	1231486	0.5175749138131563	0.5005607299364027	0.35410326747631116	29022	0.15301707877835297	0.13504588074525364	0.1849361014771321
1.0	1760626	0.5649843118382981	0.553943548449535	0.37795937092602766	29526	0.21477738777586983	0.1947479707615134	0.19187144269740444
1.0	1824812	0.5942097789539533	0.5840772743276222	0.3785609516872927	30100	0.23075940269108072	0.21892387711861347	0.18528268822118857
1.0	2898816	0.5797724302741413	0.56648097450882	0.3793964695646417	29444	0.19349806188630067	0.17103643000068078	0.19695850469975704
1.0	1485424	0.565385065861648	0.5501577318173841	0.3601831483945388	29390	0.20551337007636325	0.18488495302525745	0.19928738802343773
1.0	1602160	0.5105278212503211	0.4983589606011111	0.3560687490224997	29874	0.18087864092149944	0.16551311134015875	0.20541598817916432
1.0	1713654	0.5496752454144084	0.5390182917201812	0.36508831323667684	28888	0.18482525488993598	0.16819791675079976	0.1777191976005681
1.0	2055468	0.51004945584837	0.5003648380219468	0.38886062437703983	30466	0.18904460154910777	0.17068541785680216	0.19179141151207316
1.0	1347048	0.5779880895767979	0.5655675413454663	0.3626706316342492	30334	0.17978256598650222	0.16286784604928875	0.1919104701712743
1.0	2599738	0.6272143199431257	0.614655830707148	0.3775379802752683	30130	0.20963603504466014	0.192038626837747	0.19748811350947515
1.0	969540	0.5100175406939526	0.49458852146819837	0.3399827477719825	29078	0.14321455756126117	0.13149667868404083	0.18277187954376029
1.0	4068384	0.6244410192331646	0.6178226517931088	0.39156896096559674	30730	0.24066499745691497	0.21778167840117338	0.20445061064157677
1.0	2752384	0.5884174597523868	0.5779044839730432	0.3753810062558079	30106	0.2172107995095034	0.1985398886769221	0.19676132655629605
1.0	1708414	0.5421017073257453	0.5302111756609155	0.36031309847628396	29544	0.20359272128333047	0.18479045427994556	0.19824361361098128
1.0	1086176	0.5212813168582768	0.508518222313541	0.34682669008029815	29160	0.15069588810091825	0.1389058573308305	0.18691259410989827
1.0	1580844	0.527880477809594	0.515666297159438	0.3706367682388008	30406	0.18462923467529033	0.1715688301857602	0.1993569804388128
1.0	3093300	0.5907445842195377	0.584512878500445	0.4017516418608789	30304	0.3183152662835412	0.2909556353615543	0.20633057352575127
1.0	1122956	0.5324827695714492	0.5206116543696374	0.35353370613598445	30436	0.153140444256492	0.13326633372631075	0.19019213638500512
1.0	1317956	0.5380859588802206	0.5269718007580048	0.35263203735772436	29212	0.17576675842769593	0.16422191830447075	0.18022535153102315
1.0	1562784	0.5483732177203602	0.5402812373787073	0.37141494509451856	30036	0.19695792166881806	0.17868789028078225	0.18652475937704047
1.0	1893868	0.5619390376835885	0.5533488449007342	0.3545558315164303	29136	0.1735183478099507	0.15838170962984408	0.18893042321038364
1.0	1560382	0.5437654373300242	0.5339545764037954	0.3624354302708921	30038	0.16870404044872755	0.15015130940428362	0.18581983545265637
1.0	2506738	0.6407856856743225	0.6293056768302653	0.3620514012468727	29210	0.1996481870573954	0.18310647352651557	0.1965405555344505
1.0	3948416	0.6385779910217957	0.6302081400696721	0.39682352340192595	30124	0.2501144760256811	0.22653773159267854	0.2120496231314749
1.0	1300950	0.518945466114166	0.5064081320509642	0.35027197512637104	29872	0.18225793667414925	0.1664300723376247	0.19089245634844398
1.0	3106430	0.6371502370151566	0.6251798440024722	0.3782043721915978	29936	0.23521557738123924	0.221176815099817	0.20059788371460563
1.0	4073352	0.6324366383939908	0.6261665226773029	0.40111540161501824	31010	0.24581382969975407	0.2220688641794197	0.21371422142645755
1.0	2002114	0.5761002859238279	0.5626629476815489	0.3756002109497938	30036	0.18683516603227368	0.17108897045302462	0.1866114547191892
1.0	1224232	0.5083607628934672	0.4947214710187082	0.34353814351048434	29314	0.14952270059461398	0.1375544907778335	0.18945262203040372
1.0	1799802	0.5562209142687967	0.5443128283159967	0.3661788115266957	29704	0.22677383091258052	0.2028666987470572	0.1982738356922172
1.0	1008290	0.5148994450023783	0.5015920420261597	0.34544390376717704	29082	0.1335972834125124	0.12840980748110398	0.17608445801142456
1.0	2687410	0.6089494344507291	0.5992371276908222	0.37660129670653847	29374	0.20209008393293035	0.18052192179865945	0.19543481901368556
1.0	1595620	0.5989528460847366	0.5866699410510351	0.36428476277368776	28746	0.2256104430140753	0.20278300654585504	0.19490298559700125
1.0	1344620	0.523476122541109	0.5111048141000343	0.35414496972528736	28814	0.16071014091169908	0.14801640080283793	0.1883386617596734
1.0	1940480	0.5899558436702433	0.5791148875124957	0.3713254101181029	29584	0.19215189972025984	0.16601171060938594	0.18889749767052344
1.0	1755638	0.564600776466691	0.5553625325767005	0.3718706996260286	29682	0.2158494527688137	0.19441490619510107	0.18654534346798804
1.0	2064524	0.5633546900072252	0.5525578742925606	0.37318008327379865	29168	0.2316805990848121	0.20905024955216658	0.19013259505338562
1.0	1468164	0.5660653259626821	0.5517282100584485	0.3645543690759192	29268	0.1991542151254041	0.17499592382747656	0.19400144598188251
1.0	2764744	0.5871688857584715	0.5761292813331523	0.3913273119412524	30420	0.23085141217545466	0.20936936707445208	0.20370386129249662
1.0	2177766	0.5666265177637696	0.5544253982610597	0.38843262922048244	29658	0.26557580842763545	0.24547639939482638	0.20292761052489283
1.0	1991078	0.5148487227151736	0.5047745434129453	0.3705681508994803	29416	0.17990787483204915	0.16255999499575494	0.19123078616813996
1.0	1765926	0.5751789727030802	0.5647829907145254	0.35472684891579626	29718	0.2348691880757803	0.22033755130880728	0.18930896036179926
1.0	1621738	0.5358609666276247	0.5248281739102495	0.3640128996815979	29478	0.21319451697530353	0.2012246123796225	0.1867006529723851
1.0	3174340	0.5797850905835611	0.5710692990917011	0.387111674097756	30160	0.2525055961352161	0.22998593643799362	0.20318249601248203
1.0	947726	0.5221626133358566	0.5081347570471624	0.3350590426769451	28470	0.14794394507140116	0.13582096042402372	0.19029687719253008
1.0	1911136	0.6253318411928329	0.6147678002448432	0.3726207247902001	30522	0.21043141240750585	0.18598442003946491	0.1890731244444053
1.0	1035016	0.5272427319770993	0.5136927554654109	0.33662229977481406	28528	0.18176513184176937	0.16452263732828315	0.18861306682547027
1.0	2557756	0.6158285236059357	0.6043868764696833	0.3712470114043552	30050	0.20469598429799238	0.18912043102889062	0.2001567723817909
1.0	1916614	0.528465924176864	0.5194834161770302	0.3727904992464301	30048	0.244899692423685	0.23003076086984575	0.19792856286394658
1.0	2582926	0.561507210699152	0.5534245161280263	0.38137637475466635	30880	0.23119911774444957	0.20975339355381553	0.20029682984568709
1.0	2499604	0.5972113396675861	0.5850788580254079	0.36900700556987526	29864	0.18404086182346394	0.163033104229475	0.18924498037140558
1.0	1009698	0.5126813220624262	0.49917904503024646	0.34032694783732964	29118	0.1601952689023767	0.13989603445684565	0.1770458748700977
1.0	1982888	0.6286779111531281	0.6139755447169474	0.34949650010847694	29162	0.21195684529661205	0.19501620114453577	0.1902952649421372
1.0	2384002	0.6295602487824062	0.6171023975014427	0.37202100275053757	29528	0.17474412962599792	0.1600046198643544	0.19265684346815148
1.0	1227206	0.5098104124849657	0.4953149487528096	0.34785855551552053	28450	0.15184408658122464	0.13930295345458552	0.18829348595434595
1.0	1479122	0.524670609169539	0.509652832577939	0.35852442089769787	29090	0.17678732464525118	0.168605632342245	0.19164682157400612
1.0	1023906	0.5351271767532619	0.522433978040208	0.33872469280912604	28780	0.16313056667046139	0.14959781724968105	0.1790273687798031
1.0	2612530	0.613663565254505	0.6026182361325022	0.37817515026466614	30046	0.21216622140861371	0.1918228684263035	0.2004633439459288
1.0	980784	0.5338620582683131	0.5200436389914076	0.3421491325091104	28820	0.161965449544053	0.13594110162378056	0.18059301702221134
1.0	953938	0.5219236373432141	0.5089687319181999	0.338489581857273	29412	0.12920086375523526	0.11922480135482756	0.1758889458980479
1.0	1277664	0.5152170388112192	0.5048524033400287	0.36960909314688023	30860	0.14209213525602238	0.1223762573088743	0.18198559757834554
1.0	2296606	0.5960794152169413	0.584041140766109	0.3619152359231357	29164	0.18116222409166904	0.16190938331510166	0.1957850291716595
1.0	1346550	0.5537007618993958	0.5391510431614192	0.3583773428999901	28624	0.16142189810769875	0.14181310728580024	0.19052284150492826
1.0	2043664	0.5086867398099763	0.4982817701554318	0.3909061868493005	30288	0.1866791033372931	0.17115494780609586	0.19628355494163907
1.0	2881176	0.5938177531740342	0.5825357099152059	0.38608647354624215	29442	0.2053400973886965	0.18758587554223569	0.2032935006022116
1.0	1056962	0.5104624357202135	0.49723813983001247	0.347464349592615	29198	0.15465179183420008	0.13687465381259264	0.1862134029933641
1.0	1166768	0.5172417430140587	0.5049243172247887	0.3528123457585816	29624	0.14356279161238522	0.12134911648094554	0.18946935980548751
1.0	2192968	0.6238761810476277	0.6119360847068346	0.3430573989010715	29028	0.16568820223921957	0.14967662531086218	0.19692103576103456
1.0	2162070	0.589536616331347	0.577759993757228	0.3736338884607828	29720	0.23442100523081652	0.2157883656209196	0.19766297143660042
1.0	1794782	0.5813455098069075	0.570736041284217	0.3625779454550402	30034	0.2285065900405706	0.2206036802259419	0.1887188247194593
1.0	1248834	0.500016403244839	0.48509695575843254	0.3519517861161876	29722	0.15589576416504056	0.14573684098423562	0.18273277028620216
1.0	1837880	0.528746983775967	0.517156343954851	0.37356456490317463	30106	0.1925421556308625	0.17409031236884828	0.19377511229891967
1.0	1547038	0.5262811406618892	0.5137120609769016	0.3793186081561876	29568	0.161132327643465	0.14560149620933766	0.18900997207875925
1.0	2408666	0.5735983149182996	0.5661562725152929	0.4030641823792978	31566	0.268445167461462	0.25318504448595863	0.1921300206801642
1.0	2491416	0.6045583618276095	0.5932117227519611	0.36124519934134885	29488	0.18152778579926895	0.16081944941378554	0.19536803700693792
1.0	1265286	0.5502645600331894	0.5361559122977567	0.34801301271449553	28390	0.17695015802237543	0.1546998979955185	0.19345935830122554
1.0	1095502	0.5350952746981205	0.5221680258679963	0.35254028317849634	29502	0.15196573890936418	0.13980452388571588	0.18511332564721972
1.0	1653006	0.5798721635185063	0.5682130484775658	0.3542575319996313	28854	0.18508235095962353	0.16533927233098908	0.18546715471553352
1.0	1207610	0.5177351877433863	0.5015639411747337	0.3519733580770259	29000	0.15678432132253492	0.14390770281468382	0.18591792256184503
1.0	1551164	0.6131211646060831	0.5993887216538697	0.3604477944552084	29020	0.17688996530119386	0.15614522103330497	0.18725173496211264
1.0	1707010	0.5066726116911108	0.4950235398563487	0.37030989008312326	29276	0.1787575405794932	0.16452629240976427	0.1911819177541765
1.0	1491490	0.5147825430303407	0.5001042848207968	0.35881499670934364	29484	0.17381808630372597	0.1612258834661835	0.19069445233775195
1.0	3088194	0.6056114543358698	0.5962836604758612	0.3904845542585616	30140	0.22974880867350653	0.2079419193566033	0.20213026588117422
1.0	2193528	0.5364548559211734	0.5273083157695474	0.3717296793739093	29666	0.2008610636087106	0.18494084351637943	0.18356030124824788
1.0	2816804	0.5931750748537248	0.581635312397185	0.37789869643807544	30076	0.21838092422319308	0.19698609259839717	0.20098733449714767
1.0	1058110	0.5356020931158362	0.5225870371067018	0.3542920544655952	29732	0.14228811228951205	0.12602529501813362	0.1873793447863411
1.0	1518480	0.5599520351067648	0.547441194169847	0.36934163049961644	29518	0.17408069645673316	0.157353654242309	0.19458495588570945
1.0	1363470	0.5201620749939763	0.506055280520992	0.3653593235690947	28862	0.16845570387082676	0.1498769471288683	0.19686612789859326
1.0	2342046	0.5112225292827937	0.5029755071704214	0.390744590620467	30954	0.2055599672658601	0.19035823726949533	0.1902044509011457
1.0	2366340	0.6238313433149291	0.6126568005847285	0.37325363404381845	30164	0.1818260308321579	0.163925749831367	0.19648250800011383
1.0	2262544	0.5698329422078304	0.5557445987460417	0.3639489561566267	28444	0.18040461959386875	0.15872323612928468	0.19131779904133175
1.0	2696348	0.5856861931604812	0.5744393940347258	0.3796862192531121	30054	0.23190654523512166	0.21051100822809218	0.20404407631084973
1.0	2443218	0.6298903183924783	0.6177601079491297	0.363411493571151	29034	0.17758419991863905	0.15256988150744238	0.20243134978293228
1.0	2191700	0.6021190128646008	0.593582523311302	0.37882627902238236	29486	0.26136143009913465	0.24135590269459495	0.19813450467335914
1.0	2932616	0.5988176851359936	0.5885732989611325	0.3902160332657918	30006	0.22234057398395013	0.2016339625998558	0.19988132819197724
1.0	814700	0.509254838678708	0.49241522452702924	0.3286463398219122	28906	0.1517666332414428	0.13375907978637108	0.19010575344269354
1.0	2904324	0.5685652888647866	0.5617199257228763	0.3824201991921386	31038	0.22459247047896655	0.2041955675209145	0.20468578581284846
1.0	1473648	0.5140395641053922	0.4996391507078568	0.35667425875940756	29240	0.17971986532652887	0.16630087594755044	0.192297429777429
1.0	1669008	0.5772914123305362	0.564244712234217	0.34528893416649636	28290	0.23247071526317112	0.20935857065862992	0.18905401744876282
1.0	2308082	0.6337528591410718	0.6186060968846783	0.3658500782277401	29074	0.18710723729719403	0.1662930495770098	0.19763937026541611
1.0	1621176	0.5459139479662278	0.5347386682907953	0.3651790130262333	29780	0.2061624347424189	0.19091733127820107	0.19475218901245095
1.0	1164398	0.5387008228900111	0.5279760836969233	0.3631457176406105	29902	0.14977618166331141	0.12667053986137347	0.18458958695136118
1.0	1576978	0.5354826238473579	0.5247104095128684	0.3604308901255577	29854	0.2102546006728607	0.19423234263111988	0.19422532789543867
1.0	1578178	0.49846565957267885	0.4853930485727858	0.36807634098581415	29700	0.18969283542121837	0.17049940502006647	0.1860604616676967
1.0	1773566	0.525320472108706	0.5081314530068496	0.36611584018628407	28474	0.17684906397638792	0.16013261113579463	0.19542220232295682
1.0	1385532	0.49941678389877353	0.4865741178543863	0.35931965931454174	29266	0.15887553127700788	0.14327459623097874	0.1859470385502603
1.0	1449718	0.5940241206736913	0.5797059071119455	0.35309617602753923	28122	0.197106100213011	0.18203112322643886	0.19684101331709525
1.0	973976	0.5145745716485084	0.502824469074285	0.327465979672233	28600	0.1668378980585061	0.14987513083127477	0.1935686123230895
1.0	1868014	0.5603767390834911	0.5473523170446684	0.36512182206499744	29478	0.24009353196526093	0.22274899576226073	0.1985098973439915
1.0	1480136	0.5693116864089368	0.5547806493000735	0.35472410810774996	28856	0.1930230756532667	0.174543554441528	0.18690105567862517
1.0	1311630	0.5121234537267114	0.5007604136053074	0.3602340800313397	30174	0.15874826839774672	0.15067221113085866	0.18971282677532972
1.0	1808044	0.538313653601375	0.5251543932471815	0.35710538758152577	29670	0.19938224362229415	0.1893220686517	0.19663911867964481
1.0	1925424	0.5554447433568234	0.5460905100137526	0.3744036101482931	29324	0.2108170302615642	0.18857536988264553	0.1876335707895238
1.0	1991666	0.5443008791282842	0.535305406351408	0.3823188117557785	29896	0.21808330120502517	0.20999491700616002	0.19819538895860653
1.0	3970196	0.5954361808949297	0.5867106812462387	0.39621556748468806	30366	0.23721057420147243	0.21125295107555242	0.20704212451249385
1.0	2409058	0.5836888426146504	0.5717413502322296	0.3866744671328996	29914	0.22700986619867694	0.20848910716887548	0.19994839511240428
1.0	1753240	0.5275054706814656	0.5154100202502753	0.3549012917925098	29008	0.19999043198174873	0.18761880081711882	0.1879814273701772
1.0	3187804	0.5892080747923987	0.5782057918853593	0.3830144644934543	29490	0.23070567293810698	0.20690446661906994	0.19942778868330832
1.0	1424032	0.5525982138726645	0.5393946732026139	0.34906492806753503	28868	0.19340953931592508	0.16643499857450011	0.1859004123740099
1.0	2916972	0.5963146232985794	0.5852691535319478	0.3891973214875457	29862	0.21529382012583376	0.1926085045228564	0.20314816539467892
1.0	4240392	0.5884309157785069	0.5829008679532129	0.4123431664442751	30612	0.2905707932573474	0.2683957678131748	0.20842893804074925
1.0	1113636	0.5143048856499587	0.5033846552791276	0.35342534702185086	30052	0.13280068668671816	0.12402773107849922	0.19758443937920567
1.0	3613176	0.6058000963101765	0.5968834487457487	0.3869820683811051	30544	0.2428272211324997	0.21564678848062577	0.20890579829435504
1.0	1318616	0.523372441025396	0.5106320599945777	0.36292997993674203	29292	0.14839611022919716	0.1306797659426214	0.19311065419500695
1.0	1005254	0.5135922935422189	0.4966241391384743	0.34699416692823554	28678	0.14595339828615997	0.13749354370735703	0.18927835110516275
1.0	3787070	0.5623306533115203	0.5551776615293789	0.39931994306192586	30680	0.23927617640264146	0.21622634778760444	0.2077877830532099
1.0	2458112	0.5658583715168918	0.5571356093144569	0.38936935612718876	30868	0.2488194951476815	0.22868357405939568	0.20767565951805111
1.0	3316386	0.5701426354388796	0.563856537284343	0.4041050788362383	30800	0.2571654801868945	0.23505340281773782	0.21284086758132084
1.0	1217348	0.5573507512447103	0.5411962408306182	0.3486617517376939	28456	0.1904164844023193	0.17090070044680153	0.1881776591992146
1.0	1877214	0.5814358090263309	0.5704960866998632	0.36900111528042207	28640	0.22088585577585854	0.20839788546915008	0.19930068276177523
1.0	1046372	0.5034913355431759	0.48762303130175194	0.344516008562149	29600	0.15171264241101795	0.13657356694711983	0.18410886887127811
1.0	3147396	0.5646599658050006	0.5572125672830827	0.3940299785655496	29916	0.24827250010198385	0.22459706064774845	0.20510319402773958
1.0	1488516	0.5140697263599042	0.50192941254883	0.374878603227829	30532	0.1711486288353995	0.15147972156984418	0.18841010413865267
1.0	1268448	0.503708874944092	0.4896531767089864	0.3471021833359915	29170	0.1781855215851034	0.16359414078300707	0.18095834058992585
1.0	2538142	0.5354309301682143	0.5263894891818152	0.38924357199216425	29928	0.23471709414154288	0.21643702356076433	0.20494113828732477
1.0	1362760	0.5292812514223482	0.5161941201249486	0.36224347045945215	29234	0.16224071905871626	0.14511331021116675	0.19296625782183197
1.0	1740066	0.5422828903670278	0.5300655380719501	0.36763024053920507	29950	0.21534503570598876	0.20338117058501262	0.20021312402180735
1.0	1265662	0.5296908152348441	0.5154503504474478	0.35487065547135893	29488	0.19767981961080558	0.17393392932440357	0.1870545918773218
1.0	2691676	0.5675455266156854	0.5572698279260737	0.3855478847204503	29968	0.2091130044596989	0.18772810991980646	0.1977362799481351
1.0	1307236	0.5390498876470132	0.5245283719690979	0.3582617156932924	28772	0.17773712854401216	0.16380474982693707	0.19497406766641837
1.0	2471084	0.5985442456035376	0.5881758327957359	0.3772885193471433	30096	0.1961723210622107	0.17861650324077782	0.19688684297873757
1.0	1308356	0.5835497645028584	0.5731824002156969	0.3520614669369612	29962	0.17344571121615834	0.15894697759523	0.19120494316094713
1.0	1463762	0.5883838603316168	0.5729457805037256	0.3524574861216762	29178	0.2144867795495251	0.2000512763312754	0.1965051247460052
1.0	1676736	0.5128030179283419	0.5046493426864912	0.3687822197924348	30446	0.16752507059816124	0.1466953573511299	0.18625303579857225
1.0	1596156	0.5487074995959923	0.5358819830003019	0.3726721963301775	29746	0.18458741852208435	0.1701700611943626	0.18529940236087894
1.0	1948602	0.614482482146279	0.6027951388941238	0.37297441278919025	29866	0.20533561844924908	0.18490039433319225	0.19404520980133275
1.0	1306476	0.5767556920866809	0.5649043634019341	0.35103144612823384	29320	0.17713951285366533	0.16207846725736383	0.18971700937500804
1.0	1599752	0.5838323017055816	0.5714434036608174	0.3614593397971429	29414	0.2217589712308233	0.1922857532389254	0.19389677850434928
1.0	3880370	0.6308586053142989	0.6209872682570523	0.3913618328808571	30028	0.25121538551954337	0.22391464778327522	0.21374510221229434
1.0	1633012	0.512955846852932	0.5007818109962695	0.3689931872076087	29792	0.17572740375719206	0.16451496827428005	0.1902447045958194
1.0	2042508	0.5966924757701734	0.5820083945621123	0.3651558352029527	29188	0.21591856264417839	0.1922672326477374	0.1936237474615926
1.0	1943174	0.5457817276484628	0.5357017811041556	0.3736487550493628	30006	0.21040103455134085	0.2123756815615104	0.17673379276343879
1.0	1121614	0.5782035254198464	0.563098409837632	0.3328474255706353	28292	0.1757115519856223	0.15974377730176856	0.18697022394893295
1.0	1264974	0.5086212484566487	0.4949494368059699	0.3505054474872186	28744	0.1537953092765411	0.1444204032978188	0.17849391704066195
1.0	1868038	0.5466783600649682	0.5342961999584215	0.377739363547872	30304	0.21258177461184768	0.18972188776899304	0.192811682501964
1.0	2209942	0.5610893715302765	0.5505467259627638	0.3841539983913566	29986	0.22925368456423537	0.20701547427653977	0.19737415662489557
1.0	1763752	0.5802294112560372	0.5684320150350967	0.3635067025340342	29516	0.19146744970370347	0.17123030072472192	0.19464889649674644
1.0	1566522	0.5719235384659558	0.5612252448634496	0.35831149499919007	29466	0.19504432946738057	0.18183043362818607	0.19139287180598596
1.0	1824240	0.5700730276671863	0.5611822041188564	0.35749073759274763	29844	0.23770686296254917	0.22113302720396918	0.1875947324869451
1.0	1896630	0.6101736163212258	0.5977127467846234	0.37126974387145456	29328	0.1797896906064512	0.16225267442871108	0.18646106175948507
1.0	2211508	0.5441559800759309	0.5339397852928984	0.3904236516582182	30472	0.23988249258606262	0.22179830585355387	0.20472401838242357
1.0	1032410	0.5201837372379402	0.5043003672348371	0.35111803491979005	28670	0.1408460578189267	0.12478074697405506	0.18740244651280316
1.0	2914502	0.5686065776838247	0.5603600074218694	0.38797575208924323	30602	0.2169329626045082	0.19790069660514553	0.20234195468402325
1.0	1338330	0.5160794229011256	0.5051171429349802	0.35496385212763926	28554	0.16083844245603232	0.14682888684071568	0.18352683924956636
1.0	1213836	0.5066158929986867	0.4926150384467058	0.34151805773148797	28950	0.14945041823982919	0.13475069214009136	0.18385298323179844
1.0	2193694	0.549286963003925	0.5398423922771906	0.3848487195486139	29842	0.24292126264656902	0.22067238029877176	0.19557720484707297
1.0	927836	0.5379947680056433	0.5238851490802802	0.33426689397307946	28204	0.12147343305034723	0.10328735457038159	0.18006082077817243
1.0	2942784	0.599665056454174	0.5902235434589976	0.39026513660406176	30574	0.21056289954502438	0.18795324448478581	0.19920033096561526
1.0	2416868	0.5720263293656547	0.5629507367356736	0.3845096302273339	30200	0.2469927361890288	0.22946672079894606	0.20137989587014646
1.0	1252290	0.5131316633496746	0.49886988439214647	0.35516346397403203	28924	0.13976780115853618	0.12712787304084525	0.18715709755972432
1.0	2191280	0.5921020166725794	0.5805032042017643	0.37964460713826004	29838	0.23434805019432967	0.21003942055251948	0.20211274903632961
1.0	2260134	0.6190902675984229	0.6054864443678601	0.3547195964609103	29038	0.18782562765190788	0.1683566156355358	0.19849026500369568
1.0	1095148	0.5053418026184477	0.4944462763326772	0.34524399687539825	29296	0.13237776735902762	0.1143477100056669	0.16638742346427457
1.0	1700758	0.505622567854818	0.4922950728906521	0.3753474963069132	29166	0.184138289659615	0.16509282906022196	0.18805596954227
1.0	1016764	0.5070526905856473	0.4916626324746063	0.34911184921117694	29234	0.14159924009131256	0.13558010026196934	0.18483586728303183
1.0	1374314	0.497527867345557	0.48562698570352003	0.35593500727301636	29804	0.1603650565056179	0.1439288752024066	0.19643748313906592
1.0	1536890	0.5035682051511696	0.488029008465727	0.3612020281337125	28912	0.17863779825752293	0.15930107983089786	0.19561400789145866
1.0	2853564	0.6227360526445186	0.6138621956108421	0.3945335866924786	30504	0.26988409118339246	0.25678850062294306	0.2125348634259304
1.0	1296888	0.5119274564700708	0.4985962344277895	0.358749554028058	28864	0.13843982386221526	0.12306032240145952	0.18392142867220354
1.0	1380724	0.5097600862278079	0.4977935347240205	0.3622204400110203	30106	0.16371753387624766	0.14760362973990734	0.1923195648595073
1.0	3640316	0.6050819846290026	0.5946338493984062	0.38404523171965715	29526	0.22712956711803123	0.20102697119813748	0.2063019860562276
1.0	2645012	0.5609462895656988	0.5511247905746112	0.3718593438268622	29204	0.21183792321579456	0.18710827838705035	0.20400694264297933
1.0	1185778	0.5445864695416401	0.5272601644878055	0.34377362981752935	28442	0.1838868396171889	0.16321465412387742	0.19094387873099114
1.0	2738652	0.6160833734314651	0.6059383305430031	0.3818282610458821	29764	0.21261751290794173	0.1927537436707334	0.1964925682065908
1.0	4182884	0.6042743062115449	0.5959711904514152	0.4107031079169477	30876	0.26486558001592075	0.23826327280349222	0.21156428698701382
1.0	2006346	0.5767192338223863	0.5654690114566476	0.3773411725426526	29846	0.2346667571000116	0.2178077599539273	0.195653548920368
1.0	1712422	0.5351076465107573	0.5228828718009354	0.37108406031002006	29614	0.1880538380034151	0.16994360668899536	0.19630458675313045
1.0	1217188	0.5895463542527185	0.5760091374743214	0.35048223188225386	29024	0.18906522779713572	0.17397457378273293	0.18616891253813725
1.0	1816840	0.5371230436057274	0.5240570106170689	0.35858252717840355	29554	0.20407512734107625	0.1874907341487647	0.19260742955488072
1.0	1355534	0.5662868368048145	0.5535454709757722	0.358644823124776	29114	0.17762534602361232	0.1526313909900826	0.18822987631671073
1.0	1111146	0.5433513185362956	0.5294048467413702	0.3358412359327591	28902	0.17799831999407775	0.16506190397666823	0.19751768116697302
1.0	1041482	0.5101141501651576	0.49638745328175854	0.34471459169857877	28546	0.1509076514868728	0.13760807008194856	0.1855966470364937
1.0	2500294	0.6212244635597665	0.6093279698685986	0.36327172691490855	29350	0.20693302529389823	0.1872652702972879	0.19974105737368755
1.0	2288790	0.5274128412496563	0.519371105221635	0.3735708693457118	30608	0.21409429818473935	0.19336438468024067	0.19998044794408995
1.0	1481702	0.5083452531743348	0.49550700213193216	0.3566493046929092	29008	0.1605917449349432	0.14390202833955176	0.18790748551355632
1.0	935964	0.5068437571908524	0.4931172240499703	0.33452839808316787	28902	0.1518728916638456	0.13497873413963843	0.18485001898224773
1.0	3184110	0.5370617102827435	0.5292354758872535	0.3969762106287959	30364	0.26300878067152844	0.23665034941129715	0.20925611724143742
1.0	1950456	0.5441067636857692	0.5334589914380476	0.37707588353565513	29424	0.1974625133394895	0.17549834645213327	0.19501855581442828
1.0	1851414	0.5693498389965338	0.5536975281625022	0.3663989453976159	29354	0.2113314257055161	0.18946870497545373	0.19504207975806
1.0	1277814	0.571375702959579	0.5559101316680025	0.3608096275574846	29256	0.18899624432263298	0.17698995756875516	0.17702237819420455
1.0	1221876	0.5216446382053984	0.5057647932472195	0.3521421560752005	29312	0.16633670579249693	0.14859707756748716	0.18891373486584476
1.0	2719964	0.5683387276316118	0.5563884088605142	0.38537936203994994	30066	0.22833384464622145	0.20524917596604927	0.2054149526566931
1.0	1365508	0.523820748550463	0.5089529299138159	0.3500647929899204	28470	0.18851028575102532	0.183069325683357	0.1850677825825552
1.0	1356584	0.5140212066839502	0.5025696959478311	0.3607373701648675	29920	0.15991656664482695	0.14170711580132855	0.18516932449302906
1.0	1015850	0.5288232527272679	0.5146267868850549	0.343685186249514	28428	0.14549686281871724	0.12930996788351426	0.18170397360934254
1.0	1997828	0.5431829703662765	0.53273810008533	0.38228700251337805	29778	0.20547530178965415	0.186125454276357	0.19310103938487708
1.0	1552210	0.5776008497005619	0.5650040726096486	0.35950767507541653	29746	0.2030949449524335	0.18331192351743156	0.1986309127541063
1.0	2584926	0.566186890273682	0.554409261708842	0.3682867288309428	29070	0.2202709118070472	0.1977641988964424	0.19926590516166454
1.0	1383978	0.587041143691968	0.5752717628831839	0.36982452683871764	29682	0.1721819734000991	0.15752637278450704	0.18506985023780487
1.0	1661734	0.5048367737787827	0.4934950688324746	0.36475512522155523	29860	0.16163719081486863	0.13889745044745344	0.1964027785019771
1.0	3048786	0.597905152519132	0.5910047899628121	0.38201378157804594	30362	0.22000895295047115	0.19959738205434252	0.2033309239608142
1.0	1560194	0.558167989442683	0.5473344287234486	0.3584261520074925	29876	0.2191606689929124	0.21118436722714343	0.1879596321115217
1.0	1951122	0.515043666260688	0.5073451429571859	0.37866597701154664	30754	0.2021970252270031	0.18622989906552304	0.1963394450903236
1.0	3621610	0.5884614802831409	0.5827821409967829	0.4058192349418333	31412	0.2847987310042774	0.26212415084065027	0.21057226423938888
1.0	1423658	0.5554804477753679	0.5433625377548564	0.36298913296788005	29690	0.17855945197022435	0.15884899646139983	0.17643019101164134
1.0	2586472	0.568008159376301	0.5568620261697445	0.37443198199776545	29614	0.20487124948790567	0.18620704792990392	0.194982533593597
1.0	1549512	0.5564619076896172	0.5421801946991058	0.3536278768309871	28982	0.17492883303866202	0.17018107061191176	0.1777082361682869
1.0	1033458	0.5254482733053707	0.512040858806597	0.34669805143915133	29420	0.15773696184945635	0.14637204643005738	0.17792709080517444
1.0	1823400	0.5040836391666658	0.4936275458213409	0.368613033303693	29482	0.1817225815640855	0.1642653741564983	0.19556225394919424
1.0	1739400	0.5912583145862688	0.5796493368352693	0.37018093413201364	29488	0.19520123896859395	0.1794288147856186	0.193735405314161
1.0	3221436	0.5419379143298696	0.531179644097289	0.374088394403028	29198	0.22050805131761556	0.19991751848880868	0.19861354690016028
1.0	889230	0.5058789666722389	0.4923016902317774	0.33082132268017034	28900	0.15512997123720332	0.14118955488428522	0.1938312764229655
1.0	973660	0.5127708263823639	0.4978528467412578	0.33880954625554716	28606	0.14069817892645547	0.12315500832083574	0.16427368117635524
1.0	2288164	0.6239986661541055	0.6117879066422881	0.3589415939791978	29338	0.17779476699994712	0.15783684297637715	0.1964245402743889
1.0	1054310	0.5044991231552336	0.48856150596559683	0.34821053498217064	28678	0.15150385422463597	0.13366682743815697	0.19025171747058534
1.0	1890618	0.536794132295023	0.524461911600597	0.37133898250872227	29740	0.2248222502176752	0.20826728725340618	0.20091554408371312
1.0	3751548	0.5812094938761886	0.5755854972799782	0.41093269332333016	30808	0.260756786768833	0.2355583821488091	0.209532940022127
1.0	2548950	0.581623660688564	0.5683011071916327	0.3693295203926641	29196	0.19125129485339076	0.17312239183130315	0.19565702713062028
1.0	2079132	0.5096610695013598	0.4946841160518194	0.35105611431272804	28396	0.21262976801088318	0.18950174729534944	0.20231325883266535
1.0	1939418	0.552697540444148	0.5426651582695229	0.3716167480081754	29914	0.183702309189659	0.16906775144665298	0.19230116757512497
1.0	1107578	0.5194808368390124	0.5056873091437571	0.35925743993539827	29948	0.14433405249527315	0.12712270275894372	0.18029104462278842
1.0	3110316	0.6268576313277746	0.6165944755801221	0.40263294066675764	30728	0.2602089034586862	0.2357105968265691	0.2058095138860039
1.0	1559984	0.5653770360549544	0.5506381152535015	0.36539339270756904	28308	0.20083869341910388	0.19559967439747442	0.19505158840838088
1.0	1553130	0.5516042682293186	0.5403702269276008	0.3569680267515489	29108	0.16700190574757937	0.14764047122359775	0.18992950396510952
1.0	1198588	0.5209283428838621	0.5060395630367448	0.3476358303889077	28426	0.16192643535438106	0.15428006045224174	0.18925839484927123
1.0	1221258	0.5739930039283827	0.5589989816272508	0.35069072938072754	28490	0.17648348629240254	0.15573047351689298	0.1935904971059074
1.0	2475304	0.6248484828192763	0.6156327693669418	0.35331953380431114	29020	0.1999090460313523	0.1771234498614456	0.20206201304501867
1.0	917872	0.5039503802304329	0.4883411072339807	0.33355711587843223	27998	0.14562704466375778	0.1327290196280164	0.19090939608518367
1.0	1673424	0.5015253579481398	0.49016422642274077	0.36612692388149504	29510	0.16968459043846082	0.15337975641356852	0.1910777911831806
1.0	1608208	0.5584812052359008	0.5461314681252845	0.36653528377703365	28488	0.18533016738023608	0.17077389623831585	0.18992298439543362
1.0	959492	0.5049075630228926	0.4884765846467148	0.351684959050432	29010	0.12560683972125047	0.11348191680816495	0.17558906204963995
1.0	1852080	0.518295332355026	0.5072333447370247	0.3696097478312572	30238	0.2030336689442532	0.18408250402725554	0.18366912910704825
1.0	1455280	0.5186505167525978	0.5063917198936413	0.3561340208066291	29508	0.1670870018630508	0.14771930776578923	0.1881716573993711
1.0	2363976	0.596239377803882	0.5838924861349846	0.3673963870697003	29628	0.1871341938012543	0.16705129466505778	0.19529740057985656
1.0	1261996	0.5030835749716823	0.4878722697241577	0.35104893445638785	29056	0.14526043835933897	0.12882154706435914	0.18690997590179012
1.0	1348420	0.5586446347667944	0.5470055529601382	0.35587423882266406	29264	0.16169822412246518	0.1447436333415219	0.18638852700695865
1.0	2480698	0.5730358042090704	0.5623669414083311	0.3787546152624019	30336	0.21718013682864493	0.19662598222678906	0.1980918691081379
1.0	1328824	0.5665716871264236	0.5534459218803722	0.3592717676053938	29196	0.16957763132815973	0.15197959689049503	0.19012148040566035
1.0	1145930	0.5144719746776507	0.49876088470636804	0.33766554871751403	28930	0.17956387188468817	0.15713162776782438	0.1864497984767247
1.0	1502584	0.5102287120077721	0.4984146197734258	0.3598618407186906	29990	0.17174025561507275	0.15452722326758989	0.19129981748392352
1.0	1025394	0.4988775159662813	0.48819542798478427	0.3372694959412596	29402	0.11498962701054698	0.10276715229547882	0.16831101858508413
1.0	1891502	0.5548634112984455	0.5418129750733779	0.36502338620602104	29446	0.22335732979537223	0.2157984394341438	0.18348906905305232
1.0	1569770	0.6031403702742144	0.5904880779430193	0.35600010978737623	29992	0.15639634024794608	0.14607815468333799	0.19577683833150186
1.0	1402410	0.5981870373705901	0.580467362906054	0.3481732263338044	28184	0.1865909697270364	0.1836836053520455	0.19405858424903077
1.0	1272814	0.5184638734546682	0.505029617638253	0.3498130608999013	29072	0.13969910708671582	0.12007123078034744	0.1779900005475471
1.0	1219850	0.5151406977096328	0.5037931212374144	0.34380181675123606	29408	0.16040321452932507	0.14964226830905084	0.19571546962451128
1.0	2662616	0.591885056615348	0.5816723499368324	0.3762094977426216	29754	0.2035147252805117	0.1861048612173225	0.2039972903228032
1.0	1639414	0.5487465015877767	0.5382396104650394	0.3656861808839524	30082	0.2076823590985436	0.1876825483558646	0.19076243051793637
1.0	1737682	0.537497219557392	0.5231171654434768	0.3613217966412965	29072	0.2045533097894795	0.1887922104220459	0.19478443922485042
1.0	2869548	0.5999473312914843	0.5893057803277727	0.3836700987892731	29656	0.22282915832454223	0.19907892271301816	0.2007841672280253
1.0	2749362	0.6130667489069761	0.602720621677103	0.38473936288345195	29820	0.22251907793844064	0.201824160581919	0.19893312361343637
1.0	2192896	0.5290655890470315	0.5169163395548818	0.36676485116417973	29194	0.21901604829301158	0.1833954343964697	0.20637010346505466
1.0	1579104	0.5158699209260836	0.5022938422723293	0.3683384478831984	29702	0.18133838151860016	0.1636455155905542	0.18869740217068212
1.0	1183984	0.5029121397336045	0.4895493172282783	0.33793740415830764	28258	0.13827925606319622	0.12519981012399414	0.18895901087739506
1.0	1550356	0.5454263616173718	0.5328686652262624	0.3581492328463969	29124	0.1964309269432556	0.17898014097151996	0.18712000234487883
1.0	2273810	0.5710626249327855	0.5614964733291091	0.3833318014847154	30806	0.21819551536807202	0.20208640667160271	0.203062535726961
1.0	3654472	0.6109975618435727	0.6010071747649369	0.3885131467993294	29562	0.21810562811560666	0.19300787266951736	0.20749265177983287
1.0	1710362	0.5255481412771493	0.5142330724151994	0.3681132330409301	29654	0.1923584711593015	0.17927944670934073	0.195125660133497
1.0	1314704	0.5046585593842872	0.4910140901752547	0.35678955366705667	29524	0.18124503729519012	0.16162293573463157	0.19706019907919783
1.0	997910	0.5105916799026035	0.49598703680052525	0.3456495623807674	29010	0.12103624361608568	0.1088604721523065	0.18131825953226044
1.0	2582434	0.6474747948843151	0.6370141804065702	0.37071368683391975	29112	0.20979486312437545	0.18923789324663573	0.2045757794994274
1.0	1123756	0.5086191999009179	0.4913373471981102	0.3420113405938651	28314	0.16170918856860708	0.14637574079626148	0.1804305714857517
1.0	2601226	0.5928425714705107	0.5850044068518649	0.3639816065822972	29816	0.18664222960921395	0.16544388320201983	0.1964102660959507
1.0	1414942	0.5422725032743175	0.5320898687655167	0.36252783767582347	30508	0.18189564579829468	0.1583198706015084	0.19348827067585442
1.0	1438632	0.5143801301437303	0.502304328171639	0.35598336806181785	29250	0.1782339226851408	0.17549850371497802	0.18522255747578112
1.0	2278352	0.5331270728781217	0.5240498111352	0.39739614423121244	30864	0.20763523559546704	0.19002358661373028	0.18878223313493522
1.0	1953422	0.5958696008006802	0.5865959941282274	0.3758552803678008	30708	0.25853246254589773	0.23956705978878565	0.18802378611849654
1.0	1561094	0.5390358925937159	0.526386999270779	0.3645556613378009	29976	0.1918097326596813	0.17048511164192084	0.1783382251606741
1.0	1033572	0.5082676467438006	0.4910265259999904	0.34903527732869977	29112	0.15875657288070896	0.1423516602669002	0.18741204039157078
1.0	2212100	0.6274733111458148	0.6142849408793823	0.3596522708623557	29926	0.19003831731079143	0.16837629431240667	0.19613290892463298
1.0	3584620	0.5584264886749005	0.5488774702321251	0.38792885054298437	30112	0.2554187372417554	0.23395264107398953	0.2100079944939499
1.0	2157064	0.6019320091323563	0.5923799705618928	0.3677081470323238	29462	0.24469765324631873	0.22044189076066192	0.2038397088097038
1.0	3224658	0.56686718395648	0.5582543208786052	0.39695716362900096	30512	0.25154988066266265	0.2352950148700237	0.20197093282637615
1.0	1025338	0.530569899776637	0.5164609303509861	0.35395188461714877	29050	0.15303039004764526	0.1341619850398205	0.17322593412728013
1.0	1607388	0.5355503443466817	0.5259489372254854	0.36151140617659316	30206	0.18424927758184262	0.15679331209731026	0.19476504037280004
1.0	1358370	0.5261743809233128	0.5124858879171752	0.3655433958242993	29236	0.15879725598169392	0.13946544859527218	0.18968354112485789
1.0	1431334	0.5545100018675593	0.5406979802724113	0.3509258335341008	29912	0.18511279785024318	0.17100830427175842	0.19582053975371105
1.0	3307330	0.5949533065282694	0.586702913518955	0.39616924462460307	30628	0.23693447408800158	0.21503448848956275	0.20473153740414432
1.0	1576106	0.5516146209165588	0.5378635689132937	0.36524947759315757	29224	0.17449065188909532	0.15482168445127814	0.1829132578290216
1.0	918568	0.5436214929959874	0.5273093837902579	0.3421074314730081	28546	0.14904286348190426	0.1380620799339405	0.18010835974596628
1.0	3482970	0.5840565637375085	0.5737272974052224	0.39004194880903736	29884	0.22183861703020524	0.19645442509844446	0.20250213746152315
1.0	2180602	0.5791554217957412	0.5696698867894936	0.38086677210600284	30318	0.23249303263562834	0.22004381020575883	0.1929616912623657
1.0	1572406	0.5739605939099697	0.5618292579308596	0.3604433245118699	29916	0.16306630208764986	0.15480841233374767	0.18904615437916397
1.0	1294490	0.5344830965575452	0.5200870104009147	0.35559424851360766	29586	0.17230663940618565	0.15724398024410133	0.20209746709235812
1.0	1904842	0.5445079718304954	0.5343207897505058	0.37358031613732473	29222	0.22151289534688903	0.19951039496365527	0.1919069724747139
1.0	968258	0.5142038261632029	0.4961262826663735	0.345417065041999	28462	0.14016511626532382	0.12426611947960316	0.1825273786797578
1.0	3973530	0.6189641542638592	0.6082417242362242	0.3971758772051081	29638	0.24793620628246427	0.22354318496408668	0.21429454082284707
1.0	1919806	0.5606758794042664	0.5473793419446461	0.36642446905854814	29074	0.22806585696237092	0.22591546108641583	0.18835600859683246
1.0	1306238	0.5148815475318935	0.5012060554394883	0.35542570890312075	29170	0.15972873356790773	0.14836636029226027	0.19017396680045695
1.0	2174354	0.597797589066133	0.5817141233096293	0.35743876119682566	29094	0.16237344128694017	0.1463775722452238	0.1904213391024572
1.0	1250274	0.5027938818834911	0.48878614135938014	0.3489085005534574	29222	0.15979105073833785	0.13997912465278625	0.19642341353970305
1.0	1529518	0.5486704209231973	0.5374107057237768	0.35598410257439594	30036	0.2142425517837058	0.192724779774652	0.1993633829264173
1.0	1989714	0.5288058689316991	0.5181020755489624	0.38049652722487953	30266	0.20695732131784592	0.18924363430894017	0.19938765444304704
1.0	1125050	0.5327995618478669	0.5176730255866486	0.3566192416390848	29454	0.18524850430070597	0.16502180540710806	0.19545202490831348
1.0	1064286	0.5253990421883219	0.5123190227296198	0.34727267360780817	28458	0.15861556029191262	0.14783896000605107	0.18660866418415065
1.0	1677200	0.5140928520135509	0.5023512668937131	0.3676052582084029	29396	0.20456700531473185	0.18848111382146637	0.194702722199935
1.0	1514962	0.5476856086582216	0.5320356775923148	0.3608152595390906	29340	0.19374492035180654	0.1796988810634644	0.19300756859387147
1.0	3144930	0.5863226815386466	0.577561265894129	0.3879235895652154	29490	0.23824145033297703	0.21307974694955908	0.20282737206390322
1.0	1603480	0.5599936231860673	0.5487559580689363	0.363340572134559	29694	0.18676503382605059	0.16750379965123666	0.19412845414795502
1.0	1813480	0.5396744635784815	0.5256955322607889	0.374208359500433	29522	0.21941108974712387	0.19887565491236103	0.19667681386948643
1.0	1866614	0.5104213724040781	0.49764540331820045	0.37239947282238145	29780	0.20727912430234155	0.18481391216355147	0.1982602098189085
1.0	1620774	0.5471576840827447	0.5343398763500286	0.3677184853628859	29342	0.17675747946190154	0.15801873100955538	0.18622533363355012
1.0	1863548	0.5589131387031926	0.5473084992718167	0.37648563534705626	30436	0.22653821948594008	0.22188717733449656	0.1979937818467852
1.0	2712894	0.5959493034403777	0.5863768659242035	0.38069259953506723	30078	0.19630136270479645	0.18007589474544453	0.19975505496113577
1.0	1582860	0.5074873515172378	0.49491541607317063	0.3601795011822888	28792	0.17009499789592972	0.15600504878514743	0.18280443906474456
1.0	1321616	0.5657107631609305	0.553860189787534	0.3541024453558785	28690	0.19434124589638405	0.1788807075127324	0.1882753009971976
1.0	1438700	0.5637202883756464	0.5533421949893796	0.3645127337657286	29776	0.19869545275935174	0.18125311650638964	0.18512781604303943
1.0	1803318	0.5258391426520215	0.5117788367398884	0.37249248770593596	29540	0.19744927575998858	0.1815058898085662	0.20098476239715166
1.0	1847232	0.5440580183720466	0.5326038303653617	0.36060284891966893	29522	0.22060443980644248	0.20267685929855095	0.20221953335392925
1.0	2443710	0.5120882882525145	0.5030020329423642	0.38500104445941447	30586	0.20352567652984555	0.18125774529939945	0.19595521513157202
1.0	2383608	0.6288117297206905	0.6168632567405146	0.3706459431031765	29792	0.19572602816528525	0.1761108512629673	0.2015165366930802
1.0	1293534	0.5653021498977002	0.5516156008899328	0.35714016890681716	28816	0.17417145628646336	0.16534151257695176	0.1845831732099187
1.0	1619134	0.5686286199943783	0.5558748501096878	0.3565383952829712	29488	0.20587625844070578	0.1888476027698677	0.19144591876284034
1.0	976310	0.5008370973606103	0.4894059473985044	0.33565321442255186	29184	0.1249885763829393	0.11250879386210993	0.19357193389983599
1.0	2238470	0.6011985101040601	0.5918856570304971	0.380253213849133	29958	0.24402392223372316	0.22347282307367042	0.19252721470207768
1.0	2768928	0.5858466323751323	0.5735065050282496	0.36938959709686414	28946	0.21938716830425586	0.19737197980395124	0.2026916353885878
1.0	1415632	0.5126767239282621	0.49897376329237025	0.3407230092584738	27972	0.17309022131540383	0.15759457162330778	0.19140111363267254
1.0	1278934	0.4969741324350722	0.4842785101906923	0.3473521398193194	28946	0.15306441227329307	0.13547874516914207	0.19541577389549794
1.0	1488456	0.5106451575154696	0.49846754117982206	0.35847376280282783	29608	0.1856140001875443	0.16793803526208143	0.19335188341744813
1.0	1879194	0.5371646425557733	0.5244569484601315	0.36358319211808476	30100	0.21701691877399823	0.197266923768757	0.1937320420324018
1.0	1444874	0.5163150059966107	0.5059134442971555	0.3671477831611482	29456	0.17516084054631795	0.15395510385510594	0.18349725900461777
1.0	1868756	0.534378848749964	0.5226135583116168	0.3770915901374104	30206	0.20548682058255677	0.18415948364839008	0.187460431654606
1.0	1310472	0.5896136894109266	0.5766947054536485	0.3588543454112982	29420	0.17053533982725697	0.15692943926403202	0.18762010757037154
1.0	1137308	0.528254644722927	0.5143881415127889	0.36312119179355734	29722	0.15122844386449422	0.13879143456481693	0.18964650768107535
1.0	2610038	0.6033860948046598	0.5923260705612549	0.3710023512229754	29764	0.21522012003055005	0.19430637346898547	0.20005149931332278
1.0	2240102	0.6147066332167194	0.6015316921785062	0.35472141438221144	29002	0.18589485857308463	0.16604159526530546	0.19348092859748633
1.0	1918000	0.5830020379149125	0.5722962271870197	0.36464389301758793	29704	0.22292960233420978	0.21647483454202165	0.18199730002514877
1.0	1223788	0.5055318711933728	0.49096509244200437	0.3451084323630398	28880	0.13849329848491937	0.12735780750053746	0.19124150149704697
1.0	1185716	0.5449896621231028	0.5300595323038395	0.34420747467176077	28904	0.16291346972664872	0.14724342576708202	0.17495839336509997
1.0	3491052	0.6090685945586481	0.6014540381917911	0.39321450411772924	29864	0.2583705480554772	0.23544272604780395	0.20803693042821972
1.0	1108512	0.5348625370025234	0.5215561220504948	0.3640761735685882	30484	0.1506053938249702	0.13763998226169888	0.1837290348480494
1.0	3417624	0.5830642610211353	0.5768225167786764	0.39335015060305945	29984	0.26749914813736714	0.24112610839925464	0.20146562512236912
1.0	1142786	0.5252123564669297	0.512062649573554	0.35709671806723847	29460	0.1468670311419206	0.13140490002127694	0.1911074081783639
1.0	1144246	0.5422772084512627	0.5269252004923676	0.3423245651335997	28444	0.16912524521092132	0.14866239674158924	0.1932539744983072
1.0	1422072	0.557601527394043	0.541474679725699	0.35775448141457233	29434	0.19619881910784287	0.17346081240466324	0.19501532514210776
1.0	2679726	0.6413333824644324	0.632578606744069	0.37470022532208663	29062	0.20795114536183823	0.18410598039660975	0.20143229800120876
1.0	2212204	0.6099376570040105	0.5971160999932191	0.38458480500909675	29958	0.23029086929951406	0.21308458548680528	0.1983874590738827
1.0	1228312	0.5088512429116772	0.4944027601467417	0.3457544604743846	28726	0.15148824231974617	0.13370122029311127	0.19162019182374745
1.0	1940462	0.5216300358742132	0.5092865197635874	0.35686843064268997	28750	0.17663109946608194	0.16070077200803784	0.1943511043511752
1.0	2836204	0.6447134542538037	0.6323260268472483	0.3732512299218087	29528	0.21394681464563373	0.19322926853288303	0.20437752620665747
1.0	1387362	0.570513544422843	0.5594029564269359	0.35813716373186816	29534	0.18061348423108844	0.16938989412874342	0.19337709097392172
1.0	983980	0.5234324258043899	0.5105384213038955	0.3422309917715713	29324	0.13667359807835228	0.12408376389421934	0.18268179778791135
1.0	1557352	0.5569351455044236	0.544124818719085	0.36122514860402255	29002	0.20706015392269983	0.1951879480923666	0.18649475629166212
1.0	1643940	0.5181929478796236	0.5082575512824957	0.37449195892997106	30322	0.17630090390990738	0.1624716488259829	0.19528253230591888
1.0	1903236	0.5148251034885808	0.5035587682130912	0.3754218858012577	29290	0.19318055199552875	0.17320721408414494	0.19184305241134456
1.0	4016338	0.6309976118986275	0.6200139193034527	0.3987595268036048	29542	0.25640283547066134	0.23180038719858254	0.21149077512674733
1.0	1606454	0.5412812969244972	0.5287656000563047	0.3636670044713735	30074	0.2185712717478697	0.20132751514081285	0.18351317153615387
1.0	1980942	0.5530949774869606	0.542456046304285	0.3825467217898184	30072	0.23355228240348777	0.20794127445231678	0.20158364180568902
1.0	2189588	0.558211249671959	0.5464875029056362	0.3728793839118086	30242	0.2207612299151905	0.19581209565886448	0.19279807082050435
1.0	1834314	0.5758931941993531	0.563835449466694	0.3721023084020005	30034	0.24693151417883255	0.2344517505030834	0.20226037923931164
1.0	1359802	0.5095371686911906	0.4991906868314337	0.35567299074235503	30084	0.17780197994247823	0.15981513140523473	0.1949709730992282
1.0	1438904	0.5105434933014578	0.49764716988632524	0.36849575491844644	29764	0.1742798749895814	0.15895269738018697	0.19267109781333291
1.0	1196102	0.5405304093535407	0.5243423788232935	0.3459395430216285	28268	0.17464496936268184	0.15738191521766798	0.17682772226454935
1.0	2327030	0.5724478988452144	0.5586877889634113	0.36847852442845136	29476	0.18826621486608994	0.16794541200158905	0.19599227800707372
1.0	1663590	0.5595143920227128	0.5486207877566521	0.3685519656364306	30012	0.1941816916635115	0.17945207849394185	0.18788799165414793
1.0	2522286	0.5652467052789792	0.550980962864044	0.36879050072043057	28988	0.181975746251242	0.1616436060383929	0.19770502131381473
1.0	2323058	0.6139309095729073	0.6028069249077468	0.35514957201736136	29188	0.17393273659358033	0.15557915121743696	0.18781399128820456
1.0	2248910	0.5695572306763045	0.5579734446241665	0.3849887973857344	29424	0.21388161951629422	0.1981831944535831	0.20388861633967004
1.0	2602812	0.6423039543641941	0.6329360265089149	0.366247221661025	30006	0.21036826344579287	0.18944027919681825	0.197700977166969
1.0	1585556	0.5478377478660234	0.5360497716324153	0.3585131302901896	29294	0.18052787632167025	0.16295132228373305	0.18700864716223076
1.0	905402	0.5175766327783577	0.502555214154362	0.3327602866541864	28384	0.1190908001450734	0.10160792585559647	0.17730942169766542
1.0	2036748	0.5357069950666845	0.5240860194831715	0.36493832262757225	28780	0.23360686926174476	0.21229411286623337	0.19563090729119545
1.0	1428200	0.5103980795985449	0.499685194090749	0.36255892730829326	29668	0.15731074842436507	0.14143767408001184	0.18094000095835328
1.0	1918554	0.5572241967304007	0.5481352166368022	0.37463528443805183	30726	0.23523755493979007	0.22205332750930765	0.19918604148182065
1.0	1892336	0.5620262275795579	0.5501082981147748	0.3647850512041387	28918	0.22476079910301047	0.2143288903591634	0.1905197777542382
1.0	1572576	0.5089425407538345	0.4952843318123861	0.3591828519427384	29144	0.1828990349778978	0.1610366889516869	0.19993403022872538
1.0	1517836	0.5614579669063998	0.5495797533460108	0.3583455685712486	29488	0.18322132317391515	0.165925656468098	0.19298460589726005
1.0	1615132	0.5525392661319688	0.5394414235975883	0.3694643096674312	29978	0.19179281400784934	0.18337488908700228	0.19778305015114236
1.0	2414980	0.556378989858248	0.5466535868842782	0.3727272152748424	30344	0.2481849473127282	0.23402722299981296	0.20614458976884534
1.0	2706416	0.5928949899416834	0.5830288012580104	0.3818398006182038	30240	0.1975670493629422	0.17307480316635124	0.19480618837560146
1.0	966326	0.5319156798195258	0.5165547421245072	0.34788895998785274	28894	0.16817865023406442	0.15792455099002514	0.17736461884590515
1.0	1543654	0.5311046399369563	0.5188092614414367	0.3630453220863294	29588	0.18273406418911906	0.16495344332069137	0.19339649120078853
1.0	2610076	0.560635506389673	0.5520771645799545	0.365752352747573	30092	0.20818662435435695	0.18521184934610313	0.20128891000854732
1.0	2133114	0.5983030782541982	0.5853750740123986	0.3751493626165268	29692	0.21670570900061614	0.19831824889536095	0.19690048104444355
1.0	1722610	0.535963066192045	0.5258481550814057	0.37232182977080347	30000	0.22274214687585905	0.20197259877157314	0.20288813629527536
1.0	988252	0.5074388088644577	0.4935380846811163	0.34204505429220283	28232	0.13918765669730152	0.1258305474280146	0.19300813021661267
1.0	1711934	0.5283759668563508	0.5170509694831292	0.3790522260781976	29498	0.19058132869404823	0.18195827552295088	0.17950962404176274
1.0	1507248	0.5576836855514804	0.5449186587635287	0.35723705822916213	29798	0.1708949944524635	0.15981718959445573	0.19385230345721227
1.0	1496242	0.505987044949293	0.4930071020762821	0.34970343038210233	28268	0.16328734794627212	0.1476753536632947	0.1828668455405774
1.0	1162782	0.5526104962978495	0.5372407726406119	0.34298187646894124	28220	0.15326485919396388	0.14128167427003982	0.1838460228510029
1.0	2166306	0.6334402799041102	0.6203938588605243	0.3500745653399367	28252	0.17135806187060112	0.15290766632917516	0.19206042275455446
1.0	1219902	0.5195447374338248	0.5069325953896383	0.3604904684750954	29238	0.1911485679891218	0.16778419676631987	0.1896785985389242
1.0	2058892	0.5787973031176246	0.5682840971548698	0.38444847094424245	29856	0.24222465757328007	0.2128450454798455	0.1937667914799113
1.0	1698908	0.5472045424114009	0.5346816863302873	0.3783554468953471	29904	0.20285229038399033	0.18910550421065778	0.192117146671398
1.0	2632516	0.6446810316086576	0.6339618702778641	0.38034277985231973	29984	0.2185293732692225	0.19781727003155422	0.19740134913307664
1.0	2826116	0.619519632193177	0.6090611003168465	0.3737826133458215	30082	0.22921010725719695	0.20822562980038065	0.20238573786847155
1.0	1870794	0.5712220001818819	0.5588862739260557	0.3728502345305275	29366	0.21321552642521113	0.18997392366068136	0.19237637670674987
1.0	1987966	0.523765239511571	0.5129163305807788	0.3779632036518248	30738	0.19776847540626077	0.1823320070051571	0.19850346395538307
1.0	2734284	0.5833114832221268	0.5732644126544448	0.3840356431003437	30640	0.2206477851546981	0.1983664420883364	0.19797748318848704
1.0	2562674	0.6222729591007011	0.6116026667015301	0.3711227458149899	30394	0.21902487575895757	0.19360264132677663	0.19844731808178184
1.0	1594154	0.5447847894132342	0.5316796446546982	0.3646348683660212	29372	0.19778470569762893	0.18884992910925072	0.18894295876138137
1.0	2738720	0.6172814042595373	0.6041809116578657	0.3732051854673459	29830	0.22489622984471588	0.2039002195093416	0.20256251917842863
1.0	2422088	0.6074854164083794	0.5977678419018495	0.36300991584750175	29614	0.20611629723235825	0.18870429178389123	0.2003037761025359
1.0	973908	0.5038152402026501	0.4881770119517419	0.339215973670691	28572	0.13621434472673746	0.11634422906483187	0.18930554883484388
1.0	1632034	0.5182905347216838	0.5069419511130671	0.35999030747170546	28576	0.16673021186202994	0.14914407116613906	0.19475137542994983
1.0	987446	0.5187818048134528	0.5036156094814889	0.350127131524929	30396	0.14809700977720405	0.1354271941718679	0.18927775167258318
1.0	1800844	0.5456606683492555	0.533644931581272	0.3657986635508692	29520	0.22686860049559265	0.21122814129169087	0.20050645969982586
1.0	3376154	0.6340694487501973	0.6234942106402924	0.38788946594065793	30492	0.2512621730560431	0.22924117809063527	0.20755783248194284
1.0	1362778	0.5213746557539052	0.5088455104958725	0.3470377510092277	28234	0.182196822785355	0.16718172909378903	0.1942514041624577
1.0	2423120	0.6083019508685182	0.5981111531236355	0.37426512559320885	30212	0.20061404248323478	0.1790224806943732	0.19544316237713122
1.0	1200624	0.5239973588914589	0.5128536574263124	0.36040294082872476	28948	0.13029086335097254	0.1215250694791778	0.1805564698104668
1.0	3258118	0.5910949193068833	0.5845562682767417	0.3958421442566699	30096	0.2374826794056918	0.21388568790291337	0.20296793363184396
1.0	1325784	0.543816132780424	0.5309136758799842	0.3541172700708002	29394	0.19095581446624468	0.1791947422899596	0.19187967109149698
1.0	937912	0.5379869745796673	0.5231824499582295	0.3385220130233397	29344	0.13014032996210442	0.11127620892749317	0.18646993522490693
1.0	1569294	0.5429007630102937	0.5281438408597502	0.3549170801741937	28460	0.16894291152633303	0.15017102592876022	0.1849083858508287
1.0	2281768	0.5829709647999871	0.5752603136097871	0.3929797934046298	30892	0.26197701075343055	0.2371755373085732	0.20245454277975264
1.0	955614	0.5173913969043472	0.5036441801492321	0.3381863798768794	28038	0.13284364418728847	0.11662389978434806	0.1810670747863773
1.0	1173052	0.4981376749658096	0.484370524237192	0.34398690757791034	28914	0.14427342985215919	0.1356532102173012	0.18955580187460985
1.0	1615982	0.5905431348047682	0.577059091588766	0.37033043167824115	29212	0.19808799200903682	0.1859029192605802	0.1885485524783471
1.0	1551338	0.5487714191170066	0.5349691594586665	0.3667441322060947	29370	0.18907807799617118	0.17668222324340624	0.19026521954408904
1.0	1622746	0.5812530145948303	0.5683481763909445	0.36057492605202174	29796	0.19006921287943476	0.17025964280861403	0.19038251713628743
1.0	2204620	0.5244102290120771	0.5151097452286743	0.38596864139760045	29838	0.2150899716772159	0.1932663307094041	0.1968493304235104
1.0	2637694	0.5884929482365309	0.5781806235523809	0.37189926468819406	29218	0.2201687508276263	0.19954714054007303	0.20366581153490027
1.0	3296552	0.5871520420847264	0.576396474374448	0.38349062812648205	30130	0.22731406119040976	0.20305525392335735	0.20222478436739755
1.0	2343696	0.5673445041505504	0.5545112911558742	0.36511440819781044	29468	0.1958802859151166	0.1757191181921105	0.19961298678675143
1.0	1609682	0.5088523367241766	0.4978949193736843	0.36105380082708494	28856	0.19023060672267197	0.16431328858316377	0.1939173959702519
1.0	1250544	0.5735039314077027	0.5605486015723887	0.34949172253708793	29190	0.18181065069954006	0.1652602788097606	0.18382401132483625
1.0	1810234	0.5506309581060537	0.5373466986725944	0.3734849897832573	29394	0.2028350973105061	0.18726966281994295	0.18756580782857715
1.0	2046750	0.5759078303051456	0.5673929668896265	0.38544757961829856	30056	0.2372814257723227	0.21435169399861206	0.19892266261118793
1.0	2384538	0.5601061120648373	0.5492012556738916	0.3812766686089399	29592	0.2654546394870488	0.24039436948197468	0.20344713796699976
1.0	1940200	0.5153635696533158	0.5052928029574514	0.3794067790987194	29964	0.19945949292550716	0.17706456496854914	0.187020476263835
1.0	1623272	0.5862471770225939	0.5737999477022577	0.3571061368698627	28972	0.2213952427357123	0.20879778793995832	0.19503950431912775
1.0	1552302	0.5478983337528821	0.5345339941192392	0.358257750578687	28320	0.1859272442538905	0.17689913587162143	0.18721959482479963
1.0	2106184	0.6089309550847714	0.5944355346899611	0.34927744838372116	29544	0.18540474756090888	0.16460822606331768	0.1934182045195182
1.0	1683574	0.5998111001845526	0.5894388184372038	0.3576611095894155	29046	0.17970489972191064	0.17904207024782517	0.1883909386706006
1.0	4552730	0.6407004742847195	0.6342406926656096	0.4080730865166919	30958	0.2949126953406923	0.271264982260449	0.211296380102181
1.0	2804608	0.6112803800523874	0.6000931044388047	0.37606014140304844	29712	0.21425713493226625	0.19762725383431176	0.19645586991969774
1.0	1215284	0.519177275071769	0.5049773969938782	0.36203560224778925	29378	0.1440774653936454	0.13125669672313534	0.1834808653529917
1.0	1359902	0.5749929414829821	0.56299075369969	0.3625120041476049	30436	0.19943942377181234	0.18631822142331847	0.1764106247285886
1.0	1914816	0.5389843836330424	0.5254803790561917	0.3640220508758929	29370	0.1871115871243898	0.17094046787502562	0.19556556236113098
1.0	3187240	0.6184909062936217	0.6096791171812065	0.3917005842450973	30426	0.2507717956727759	0.22633634213639245	0.20902307652829366
1.0	1643748	0.5299010664572591	0.5174172417134536	0.3598594116252509	29436	0.2120462037903776	0.199593876189584	0.19610874277153467
1.0	2569842	0.5831488958645431	0.5713494497989545	0.36825221902075106	29062	0.2221109604416374	0.20286772189931782	0.19810870771756037
1.0	2127306	0.5912248833539804	0.5809142742859547	0.3824771601403986	29732	0.22689633936539655	0.20884418365221727	0.20259032943237074
1.0	2920100	0.6057165255263673	0.5956354564116787	0.3896830839324022	30374	0.23926491004486036	0.2184346634913882	0.19820988266456194
1.0	1496506	0.5587023146515648	0.5460956394546187	0.35508084434191683	29608	0.21928730904425062	0.19857627041156353	0.19289895987729752
1.0	1249986	0.5262075902571277	0.5146647462220532	0.34709285039829324	29722	0.17316742082556547	0.1623344418091142	0.1877765388794315
1.0	1618280	0.5475831122088383	0.5353533275206468	0.37061921003441795	30318	0.20690786518577417	0.1811720846055442	0.19364337924069408
1.0	1328330	0.5528771695080417	0.5394152776443365	0.3540228771004017	28852	0.1765957270108428	0.1646457850241738	0.18934413764804967
1.0	2247920	0.5745181568712624	0.5654751845074654	0.3897951825523244	30880	0.25731254210730214	0.23999079379514177	0.19309127167266374
1.0	1583772	0.5422332220185943	0.5308169700664931	0.36354482067360006	29446	0.2141009254338112	0.18672844132932084	0.18956514284781067
1.0	1006418	0.534008407286684	0.5196433461677052	0.3480802218640264	29838	0.16774465256392687	0.146270950905914	0.18912607210340518
1.0	2713612	0.6127885294979322	0.6023984270485491	0.388826451645012	30408	0.203362186743837	0.18175770224336177	0.19958807095862074
1.0	1373534	0.5192070787071059	0.5084368999160737	0.3589496720280499	30364	0.1650759252757301	0.15138838616004627	0.18318910296560117
1.0	1687248	0.5487310661820375	0.5373587745668111	0.3720678220168971	30208	0.20359898157897618	0.18168157031733734	0.1901552176416953
1.0	1867538	0.5601628880252193	0.548331272640793	0.37101410234959203	29392	0.21895882323087681	0.19828645632611777	0.1965418138261065
1.0	1153448	0.5728041164955381	0.5564381568019378	0.3426893092339915	28490	0.16788338827857033	0.15120729587226664	0.1881296662471212
1.0	2145410	0.6141855514557308	0.6041070433897319	0.37741903576185987	30024	0.2787259582085569	0.2638531313088482	0.19147426694504854
1.0	3172378	0.5867627906759375	0.5777000473404602	0.39448397427817633	30306	0.2594721776210087	0.23478700114518616	0.20601396773241987
1.0	1644662	0.5783909833874361	0.5671122517791432	0.3647914562103281	28868	0.21322316648191286	0.19409221532403156	0.19056616183188238
1.0	1853420	0.5768110046878888	0.5631010494491626	0.37165170144329535	28636	0.19705933873193737	0.18271162389218865	0.19481126545176317
1.0	1611594	0.5638396784955253	0.5525795129766556	0.366991385459811	29198	0.207300846765753	0.18710884178873474	0.18840450325132788
1.0	1539046	0.5581762802963264	0.5449231625033535	0.3616727517108407	29266	0.19605454725933166	0.17650641594818753	0.18704411296017484
1.0	1445706	0.5597017056740033	0.5503570824004059	0.3630249612240826	29254	0.1737989677367252	0.15664782965060262	0.1955521721216643
1.0	1082562	0.5134178858265824	0.4994094331519467	0.35420215402042093	29290	0.15628216340057707	0.13750454013553498	0.18104261934504162
1.0	2198950	0.5667038549902671	0.5577211115629608	0.3776013236694404	30338	0.2076796870171829	0.19398472786440105	0.1930140994119217
1.0	1790692	0.556561311466054	0.5447179792077695	0.3621005198197497	29846	0.2198242562677736	0.20534664894767155	0.2010002200232803
1.0	3167952	0.6118338625921333	0.6025711229414447	0.3896730601456757	29754	0.2350215282149839	0.21544259249670916	0.20210172187536826
1.0	1004440	0.5140314953412862	0.4991481527194319	0.3502937615568546	29178	0.13366908941863062	0.11388544335202987	0.16420030004168587
1.0	2245368	0.5721582094549739	0.5597941477255426	0.3531431787323888	28900	0.19115576594067643	0.16980856433671657	0.19404705181620951
1.0	1520114	0.558068406479607	0.5448501531428277	0.3516205037648099	28794	0.20734331612688717	0.18902489327447	0.19175027436679035
1.0	970352	0.5270137530521153	0.5133471068414989	0.3439236465606188	29434	0.13079028908861762	0.1136234565146851	0.19212900698229374
1.0	1260448	0.5226055053273503	0.5084642371238783	0.35093232220134163	28584	0.1649669621748928	0.14520611934584263	0.18803807522530572
1.0	1205746	0.5062151193090302	0.49209367555537337	0.34680733826489113	29084	0.14099868837415422	0.12835249250677958	0.1868299539166348
1.0	1106350	0.5159384300792984	0.5032692312276857	0.3553521452267237	29812	0.14518487940680905	0.1339354320540523	0.18384049840104175
1.0	1054474	0.5196746737343082	0.5079595685165231	0.3414342075546302	29052	0.15372944419894644	0.13323818220711214	0.19129679815169176
1.0	1215690	0.5523202816205027	0.5396202449780186	0.3482177257869543	29658	0.1777185914425504	0.17058146554213902	0.18029745018731694
1.0	1576752	0.5110549113961248	0.4985571568378416	0.36358866968044984	29796	0.1838815912027436	0.16593304761695624	0.19222458927530917
1.0	1953736	0.5552475123793063	0.5463212877438152	0.3747766096444174	29728	0.20322049484451518	0.18380679648049747	0.17994083246595696
1.0	1133618	0.5143851395791645	0.5022373299343718	0.35655951726670426	29576	0.15060860339134569	0.13803421224503118	0.1850758984624854
1.0	2892944	0.5769253552279792	0.5669389773833281	0.383941129962368	30820	0.23445021846916425	0.21646621239188568	0.1980863217609864
1.0	1794836	0.5643347014908171	0.5501841327920647	0.35637472739336684	29010	0.2080111762510962	0.188429483011102	0.190706759349913
1.0	858104	0.5374916318741766	0.5199169230410601	0.33239540036018683	28500	0.15374672782790919	0.13896662362830572	0.19432036227497262
1.0	3541292	0.6100980995676945	0.5977915608879125	0.38530048923556676	30120	0.2296637225529319	0.2022067332018215	0.20560587080583792
1.0	1299182	0.5121364577427756	0.500589399378408	0.35895158372129304	30206	0.14162338178245498	0.13704092236194101	0.18441182055013217
1.0	1873104	0.5417242554504101	0.5300886163831404	0.3681669971749191	29620	0.21421792390868347	0.19016861615175062	0.19087664977820093
1.0	1434996	0.5970964728519499	0.5832783171618376	0.3441278059212432	29072	0.19224863265218942	0.17521201565785782	0.20429525112474176
1.0	2372240	0.6132100370854286	0.6013705173769586	0.3849852918855348	30000	0.25988013150352746	0.22980107814683604	0.20748965116117993
1.0	2845946	0.6193635479718025	0.6078633227013522	0.3800281460893917	29466	0.22102334455626005	0.19873992408060429	0.19668083251365054
1.0	1691504	0.557984460889383	0.5475037684863029	0.36320081865799864	29382	0.2190645764931637	0.2032054897802079	0.18783295337647396
1.0	1640764	0.5155643718674691	0.503903019835699	0.36543449097860975	29782	0.19237372661761373	0.17468236442636934	0.18783871507113148
1.0	1319358	0.5113933117963254	0.49952789706221074	0.3530113591216657	29498	0.15949891555695306	0.13894256500050164	0.1868737864650518
1.0	1225326	0.5581912448896064	0.5423969121865363	0.3535768101743506	28492	0.17131411312329767	0.15208774775520328	0.17910268609728341
1.0	3761942	0.6168784851812262	0.6057462071647274	0.39779774397524154	29758	0.2377160299247452	0.21726144191409866	0.21102518374111132
1.0	2542300	0.5580129935076573	0.5477201982291343	0.3809985317498575	30018	0.22896474004490175	0.21313722831081125	0.20253569898118717
1.0	1970894	0.5746500006841527	0.5670017648207776	0.3814614144169821	30508	0.2321614464919208	0.21330022984751007	0.19769190610941378
1.0	3096760	0.5979303558504564	0.5873791615149336	0.38452513208538974	29656	0.2503654679661404	0.22552472981018565	0.2047954065399716
1.0	3993216	0.6118026946563627	0.6033922282380514	0.3855103315030624	30692	0.23972047643914482	0.21478378004523702	0.20744052660081602
1.0	2606110	0.5724643485846971	0.5623467298569701	0.3721216099043953	30302	0.19878094890389342	0.176155328558482	0.19351094085393974
1.0	2219656	0.5399164151498512	0.5310678129271333	0.3867722201486021	30206	0.21439197497296777	0.19477678299918097	0.2036455570548191
1.0	1333936	0.5033238669885941	0.4909345707946302	0.35855632081774463	29116	0.17069806771113763	0.15348428380452997	0.18216149565211026
1.0	1843980	0.5059817565360488	0.4944763832539558	0.36507752480788175	29748	0.19681903165147022	0.17667724884047994	0.19421414563748876
1.0	1471636	0.5517113447350944	0.5358395145133074	0.35064050496500315	28460	0.18681008213991826	0.1713700615796796	0.19613689402145632
1.0	1550440	0.5584162377735978	0.5460388273421971	0.35835365434362204	28890	0.18900868407652185	0.1752052811613417	0.19292217920450802
1.0	2082146	0.5559026832457276	0.5437579066035837	0.3720578086651622	28966	0.23898738948254153	0.2174288395048789	0.1887334162422207
1.0	1818458	0.6094295047406317	0.5999224434969949	0.36304418167935254	29280	0.2302408778498207	0.21130116938458746	0.19462287041748805
1.0	1749768	0.573638202177726	0.5613974807247005	0.37140517505878856	29232	0.2106651717513919	0.1905391071474527	0.19172319523303075
1.0	1113266	0.5004850034840305	0.48320103637402295	0.337469645506739	28732	0.1572018947225606	0.14369412743648965	0.18504993480690232
1.0	1801404	0.5105538330491604	0.49903385169002673	0.384190441150315	30610	0.19675480474742135	0.18919794840726145	0.1919657413181559
1.0	1188466	0.575021360133211	0.5603012756359408	0.3430900784293016	29288	0.1625037968643974	0.1506247615987204	0.18834747094839754
1.0	1564552	0.5228151873255715	0.50948368497835	0.3608803293759036	29398	0.190091735877879	0.17371887473974842	0.1939194193516752
1.0	1598056	0.546107726232722	0.5344490022617557	0.36522654562136436	29552	0.17531031643737713	0.16224173210758117	0.19657735861819667
1.0	1516532	0.5513228596956646	0.5398752724865338	0.37547090232226327	30718	0.18593195436367368	0.16909506387215437	0.1881192879479147
1.0	1624082	0.5534248019440057	0.542322463964333	0.366112078570495	29176	0.18672658511120033	0.17287482235680118	0.18828428862371635
1.0	2705656	0.5552194074799439	0.5449069949924961	0.395809803994794	30814	0.26009173183803885	0.23927113994042037	0.20260779534993353
1.0	1852682	0.5125036419875196	0.5005261192866463	0.36977496046694225	29196	0.2013851959643276	0.18147815126879896	0.19245331276653713
1.0	1282012	0.5071672939917262	0.4934506115226421	0.3587081312157369	30048	0.15678687485698792	0.14365408882700495	0.1806796831801393
1.0	1985880	0.5153751595854023	0.5057487898171095	0.38446868858335126	30278	0.22288912851463713	0.20422170507166582	0.1949791290093008
1.0	1597734	0.6015477612937408	0.590631979330835	0.3551762743769507	29700	0.18937326206023264	0.1712228586200724	0.19716341850369612
1.0	1675568	0.5732930752054558	0.5627498452956344	0.3718185630943714	30256	0.21702363281607392	0.20072101583883573	0.19091454623092308
1.0	1456786	0.5388768525605363	0.5250761570604041	0.36590724722328954	28982	0.17401556178482844	0.1598262604466301	0.19351886031183263
1.0	1030588	0.5275440051526374	0.5148448322487381	0.3513128637033691	30274	0.14027744407892742	0.1285770987533037	0.18924168008947403
1.0	1662966	0.5112883763417172	0.49956904248513806	0.3745044639498039	30016	0.19921760746296846	0.18125562284332045	0.19444030150575342
1.0	1555438	0.6051104279751066	0.5914316409709159	0.35924001032798486	29002	0.23730389861829662	0.2212452643821817	0.19368925052292996
1.0	1731218	0.5512179011640379	0.5421894795106018	0.36200370178441627	29794	0.2120579298656542	0.19955028824363327	0.18600146277361418
1.0	1971340	0.5033991314209475	0.4941367535290682	0.3721676306969602	30208	0.19374552302933332	0.17163216977475712	0.18927154846990324
1.0	1633760	0.5927862117168133	0.5785019282566661	0.36963865198186935	29586	0.22439482328945912	0.20267449828397432	0.19543738514027964
1.0	1404758	0.513599164756635	0.5012414314677898	0.3603793296750752	29458	0.15041555881411603	0.13119044692123463	0.18508103493491476
1.0	1584988	0.5139536401786181	0.5009178605652161	0.3556974870897905	29776	0.18873292296162206	0.1787450448228789	0.18913977493693346
1.0	1095458	0.5239047796695294	0.5116781191057399	0.35120340582308157	29818	0.15157549912980348	0.13594190725932198	0.19674816942104353
1.0	3194972	0.5859432201948369	0.5765361600309163	0.38749217214339843	29490	0.25912697255878386	0.23737776075987158	0.20659693313644922
1.0	1822582	0.5498447818716765	0.5397650818608445	0.36312542202658754	30060	0.19792307959903865	0.1820102192428128	0.19093481075595067
1.0	1259522	0.5593985435684554	0.5453200354688807	0.34903932855117237	28708	0.1776220243288168	0.1592508999195839	0.1956650769448117
1.0	2603412	0.628583170268949	0.6183911325606083	0.3692575890196408	29162	0.2120060207381976	0.18922920270935062	0.19760378993112415
1.0	1615554	0.5649937205928773	0.5539795649531645	0.3630433923304326	29290	0.1755785940245599	0.15953602496915995	0.1836256781951989
1.0	2631198	0.5574820416616693	0.5487316256871966	0.3984955159707597	30002	0.2561813017126356	0.23344380235401993	0.20554173865140557
1.0	3964492	0.6231792891052147	0.6136157702428332	0.3949573799339799	30330	0.2507837173495236	0.22400871112138243	0.2117096568109562
1.0	2855966	0.5679572256168829	0.5571102051842752	0.3752087164382453	29992	0.23083699566575985	0.20678343411770295	0.20305162068596905
1.0	1309608	0.513969934617606	0.4993845877676027	0.3565099052631771	28736	0.17065114018776775	0.1597901801376365	0.18007707277408266
1.0	1916082	0.5131633390438417	0.503583734570708	0.3761243432081065	30216	0.2064344725280509	0.1862777227674556	0.18972371586241168
1.0	3608832	0.6078227415561591	0.5993796446382211	0.3991838578912778	30540	0.255145004212539	0.23233467427382373	0.2099967530365501
1.0	3277102	0.5818064931729047	0.5759693127240897	0.3941789351152621	30632	0.25739917936102813	0.23421061314726255	0.20832929032690073
1.0	1567198	0.5448039038747251	0.5304694545037674	0.36136171294411107	29028	0.1856471050944206	0.16872285743758778	0.19124059699372686
1.0	1353296	0.5083815496352156	0.49620426701148523	0.3603165282856186	29306	0.1479604817591396	0.1352342647049114	0.19506899387295495
1.0	1122822	0.5501662830681677	0.5345315250305619	0.34149908016443425	28864	0.1651872553294738	0.1500872537152008	0.19332892020762246
1.0	1057852	0.5279391190442151	0.516581708437265	0.3499451006369389	29962	0.128859658158594	0.11922652495200485	0.17574597628324673
1.0	1855374	0.5040882168116627	0.49280676974588006	0.3722749912052347	29466	0.16775517347812896	0.15229174429804718	0.18819617492065446
1.0	2862008	0.586768275797045	0.5773464629011472	0.3784788742834897	29846	0.22759894952941073	0.21206054037446972	0.2033208039817714
1.0	1897898	0.5826913013117497	0.5711447746042211	0.3686507739153109	29550	0.19705127891033836	0.18129375175316653	0.19140747358711063
1.0	1089846	0.5197346823558521	0.5045644579769551	0.3295497869375525	27956	0.15413725472698805	0.13750211361784356	0.1877049602882056
1.0	3001224	0.61446813509082	0.6068955624742821	0.39176884247907506	30916	0.20844893340704085	0.18728180673575992	0.20608768928390028
1.0	4998332	0.6356946494835434	0.6262823044662322	0.40051401993422714	30226	0.25650225544038013	0.2250146964190558	0.21873542277705307
1.0	1906894	0.5499801397032312	0.5360447142037921	0.37273054261886324	29084	0.1797204327770179	0.16205781088509488	0.20771050365328805
1.0	2284592	0.6084115990581105	0.5968814212696435	0.38404784918567514	29956	0.2143834289911878	0.20488938923328306	0.1955833391198238
1.0	2699464	0.5625258818984716	0.5509856682841882	0.382913947988786	30082	0.24584468555882497	0.2267539826666135	0.19825066320821405
1.0	3837104	0.5968673592100389	0.5883269742715634	0.4053276764188236	29958	0.25119507993312246	0.2275441665511728	0.2090490210724536
1.0	1712230	0.5569708875196518	0.5428357471227684	0.3706785603479381	29224	0.2076953745123631	0.18890876326376851	0.18753332151738977
1.0	4295354	0.5993608411256143	0.5929660079998337	0.41290612207322486	30940	0.26207029812819044	0.23312508613231872	0.2157138552575275
1.0	1648098	0.515652217990103	0.5039045146856652	0.37399788232304254	29396	0.15745514537720462	0.14707106370675627	0.19239844431895883
1.0	868054	0.511728435239747	0.49539224310912294	0.3335000420881958	28476	0.11574531037614327	0.10453821941339721	0.1837237405219223
1.0	1718060	0.5467378359514955	0.5320596756566358	0.35442166296203076	28762	0.1897842134132484	0.1733333356098754	0.19684251703049105
1.0	1341892	0.5825848662756129	0.5693618243385543	0.3636590129067912	29404	0.16123695411149752	0.15363671633570872	0.1856051358913601
1.0	3150644	0.6150020141997318	0.6048174263899574	0.3933436222920624	30034	0.23295047656941592	0.21179048531283773	0.20294947177087538
1.0	1568202	0.5125428659020995	0.4997085349722383	0.35829564651110735	29676	0.16146433940819918	0.14742727984873755	0.189302964060079
1.0	4060082	0.6009539711741377	0.594479667269464	0.41456901004926583	31016	0.3010737977584074	0.2775085136798284	0.21122368095825858
1.0	1125524	0.5026827403966573	0.48810163727604894	0.3607741333292822	29308	0.14676707108132878	0.13399648851235965	0.19125230232144985
1.0	1271636	0.5067361913349617	0.49414110572148545	0.34971020833867766	29612	0.1471358045233837	0.13047789580143399	0.1995059605330718
1.0	2800590	0.6319812241702202	0.622128679543008	0.38851742337318523	30280	0.21152908114469623	0.18903952262613474	0.195477833119154
1.0	1133908	0.5094018426329223	0.4973668178299125	0.3616173104890197	30320	0.17069889062632881	0.14714214211990795	0.18715604089466317
1.0	1334416	0.566488859745984	0.5534395306545574	0.366896307240141	30430	0.2038435411856784	0.18391991050445503	0.19109665344666013
1.0	2709708	0.6109711664392282	0.6017646678802157	0.3850201933031407	30800	0.1983383248824242	0.17805605538400174	0.20448290821553236
1.0	2134632	0.6200136187708002	0.6093089901668732	0.36358891440335767	30030	0.22210198972570352	0.19853210369034124	0.1951168341942536
1.0	1302184	0.5311765542303978	0.5166074801526004	0.35419864836830817	29404	0.1772523328662756	0.16201403401836392	0.19368445916240248
1.0	1248196	0.5046096279845452	0.4909599903151853	0.35251518263500786	29548	0.1460031546002079	0.13738992319408197	0.18777866705993498
1.0	1208580	0.5814984523632182	0.5681989495699157	0.3458860504314267	29378	0.1866370878272646	0.1680902771495049	0.19215279910297253
1.0	1960844	0.5109802544278357	0.4999057190710689	0.3771349280368228	29454	0.18965130509629133	0.17343893332592428	0.19346184244967501
1.0	2349712	0.5827435350622888	0.5720742975288527	0.36949205457363404	30094	0.18618350717330856	0.16398833927844222	0.19137033072742424
1.0	1434228	0.5448337955983075	0.5296779488331883	0.349344252129053	28778	0.19463253174907283	0.1785373233647615	0.19899991278780757
1.0	952592	0.5158455649918114	0.50040705142708	0.33735699302560335	27916	0.1305854612063278	0.11739651306660741	0.18070203198362156
1.0	3210888	0.588951335687996	0.5801470436791457	0.3938341604975321	30688	0.24015458617474747	0.21607184183895747	0.2037731880511505
1.0	1485972	0.5206590326360746	0.5089799829749856	0.3652904451225191	30102	0.1774301802209403	0.156398393003905	0.19715629800547543
1.0	3206768	0.6007501700297677	0.5903100105947602	0.38982304071021395	29704	0.24634088405134402	0.2194708626828401	0.20477493317835568
1.0	3030852	0.5961393945618686	0.5872103459644039	0.3998088444302977	30740	0.2264009894785116	0.20382621872109666	0.20040597778021876
1.0	1643254	0.5824991931242595	0.5732229044420268	0.36357914813552217	30110	0.20547175622186123	0.19535466904451793	0.18524053699552367
1.0	1964786	0.5124672713910311	0.4982232291919477	0.3651359249123866	29524	0.18213082586274398	0.16631384992168605	0.18927749495123428
1.0	1389164	0.5364050169981343	0.5208406243801434	0.3414038050369957	27884	0.19960101399853228	0.18029813618773452	0.19141205015730645
1.0	2196858	0.5416792420100116	0.5310484768045124	0.3703703534906082	28922	0.21194164152974293	0.19177122785558806	0.1952113941107193
1.0	1303980	0.5872742802044428	0.574925513920688	0.3513922518277004	29084	0.1903746477079317	0.16646147109583107	0.18502325045025
1.0	1302834	0.5501801371459875	0.5383611904505229	0.35640552920386487	29548	0.18193671998931238	0.16215263076108813	0.18880811704570802
1.0	1677872	0.5893297925837213	0.5795529569476693	0.3719282585089254	30314	0.21921657560928842	0.19925486455276079	0.17676652460931822
1.0	2913108	0.6026278845329465	0.5924780391889525	0.38469586432735703	29882	0.22806595375964403	0.2028201656188845	0.19920108653414584
1.0	1533646	0.5237797580230417	0.5119071471324944	0.3756979572362867	29928	0.17135920551116043	0.15535541104383715	0.1900433814058604
1.0	2905642	0.5836108801822519	0.574368235837468	0.387122257742841	30328	0.22556057424333062	0.2070084052737123	0.20177367881363814
1.0	950668	0.5039384138799741	0.489626160177461	0.3385705627626823	28968	0.14164642968381183	0.1321084600593985	0.18469453016471363
1.0	1228860	0.5317616079783751	0.5217505720084767	0.3636428657663345	29776	0.14852944419506214	0.13516187172496594	0.1828546840248335
1.0	1512180	0.5494608662905734	0.536999568637256	0.3592865318071718	29388	0.17990380478230594	0.16371144588581343	0.18526296308938353
1.0	2542648	0.5706982572143097	0.5578751737436631	0.36775081230069934	29324	0.1973930159044227	0.1781983156026841	0.1988007088107071
1.0	3523872	0.5785172694430077	0.5711988847432261	0.4061232879734909	30870	0.25889074323957256	0.23504689779600715	0.20982648498770487
1.0	1112124	0.5315538081806328	0.5179926525962352	0.35898957282358396	29044	0.14029146393911382	0.1246007281363667	0.1743120645716715
1.0	1049990	0.5412138600796446	0.5263712303874816	0.3520992749237583	28700	0.14653003314706303	0.1321287707727169	0.1847264039993016
1.0	892906	0.5004126660497118	0.4870124444571964	0.32832921847752583	28360	0.1437576415931212	0.12161972881405352	0.18301826797546009
1.0	1358040	0.5078559816068405	0.49619514267320075	0.36384183530964503	29864	0.1574603165509657	0.14109590143673456	0.19178400379100344
1.0	2782950	0.6137229648652455	0.602931955154899	0.37651527651379985	29746	0.20358273739349306	0.17741087492208388	0.1977915975711528
1.0	2535142	0.5068541285482381	0.4985288316404873	0.38396316431032046	29922	0.22538842152049665	0.20309628959545467	0.20082885864213862
1.0	1293714	0.5586441959872833	0.5451218283825366	0.3551043275229182	29548	0.17913799587665183	0.16782301968893987	0.1807539605378012
1.0	2378584	0.5879001683279053	0.5759005058560326	0.37022698352060074	29752	0.18812016293021083	0.1691229139545534	0.20019948273969115
1.0	1282952	0.5404673127092648	0.5259227912647535	0.3513292561263331	28478	0.1882145961927336	0.16617460359892725	0.19775986835887957
1.0	1192364	0.5137256685437966	0.4982819057463632	0.3481951478841054	28256	0.16463589516496116	0.15341860697279694	0.19940274753219778
1.0	1547092	0.5624648006971259	0.5509057321188228	0.3605461339159736	29664	0.2014276162708688	0.1871548672363621	0.18822286449503986
1.0	2763096	0.5861336073407465	0.5754925916114916	0.3714628354353789	29640	0.22193783422282076	0.20078311787058759	0.20296082246070044
1.0	1000072	0.5111802392031847	0.49557858616987005	0.3526072419880324	29816	0.1458492402196904	0.12444248048847596	0.18848923270240125
1.0	1191000	0.5061570241964436	0.49007373013668326	0.35084033795543124	28940	0.16357652267329767	0.15373632600267942	0.18040648462315897
1.0	2650860	0.6134727201427104	0.6017102318933617	0.3779343050854245	29552	0.22801326296602586	0.20581673043362117	0.19475164870003395
1.0	994466	0.5158617740035224	0.5021177353086833	0.3469221058540457	29474	0.14998583296320214	0.12612128905199296	0.18305234269726853
1.0	1542212	0.5982191064652246	0.5822849904683521	0.36786643429454235	29264	0.22124110958436324	0.19364802876223997	0.19922024590639742
1.0	1228660	0.5466604531664695	0.5350905845382629	0.3390367876904628	28974	0.1555487795509409	0.14782132806710302	0.19038880492374768
1.0	1227684	0.5317078743029172	0.517845278077376	0.35055045977985183	29460	0.18033898957976602	0.1712856638143114	0.18739191760100501
1.0	1566304	0.5440052073515002	0.5310738425126119	0.36565271099235974	29104	0.1899650272003838	0.16980068122722095	0.19754969350345383
1.0	1503510	0.5121363012714074	0.4984603289556435	0.359526607233639	29194	0.17944958254437848	0.158535484946179	0.18730096923753414
1.0	2454436	0.5455944672105749	0.5323809048905652	0.37763358447096684	30010	0.249537422661296	0.2297892443191644	0.19457461441166715
1.0	1936818	0.5719847269538251	0.5591977070227997	0.3838319189171983	29512	0.2074660633576162	0.18757662249904508	0.20188803909677897
1.0	1256632	0.5110689868357966	0.49758538850267314	0.352591786047314	28890	0.13978842772605266	0.12378774006883654	0.18297377757722186
1.0	2358192	0.5409125119184615	0.5323593193311295	0.38384089699405544	30034	0.22477571570968302	0.2024590367691064	0.1981345193063726
1.0	1972970	0.5289833243109799	0.5204224760172435	0.37636400326874725	30430	0.19432613323077794	0.18179662026015223	0.1924782948021442
1.0	3122630	0.6091869621496956	0.5993482340962742	0.38659644846818736	30480	0.238163045857356	0.2148898295514201	0.19992787643293655
1.0	1222842	0.5672920174116171	0.5563205022748127	0.34441985267921965	29052	0.1560847388583189	0.13776010802936092	0.19233844650924806
1.0	1354768	0.5013280732954679	0.4883583563541319	0.35906069774345917	29276	0.15195176524669732	0.13906390420552722	0.18808187232714077
1.0	1743026	0.5289582782269698	0.5181535465010464	0.37264476543166625	30160	0.19638885410156012	0.1789132358802885	0.1927578763201603
1.0	2048756	0.5142609744597857	0.504753568114735	0.38150887555529617	30392	0.19130321605191172	0.1719513803639063	0.20175174026749723
1.0	1750220	0.5347497610123099	0.5231067012382489	0.35354046694386215	28994	0.20753615973977427	0.1800662954400176	0.19235935636129894
1.0	1233728	0.5306273939126205	0.5180793784485674	0.3577360010155974	29870	0.15893236396546107	0.14621458273996193	0.18713075806851406
1.0	1203622	0.5081867815383339	0.4931433980644628	0.34713114949824614	28454	0.1511002997972922	0.1367734927428241	0.1896035980017575
1.0	1000044	0.5015655701849532	0.48661619116381943	0.34469914551904646	28818	0.14511741161872013	0.1300988491361914	0.19185729156138634
1.0	1721034	0.5444864280399754	0.5313869681579834	0.3601772131874184	29156	0.18945696567750292	0.17343142061055147	0.19164486327330654
1.0	3654086	0.5645878693382466	0.5573901533527957	0.4160223243519161	30868	0.25252046402358935	0.22748675955372696	0.2088939741160665
1.0	2177318	0.5249052197063303	0.5161936570469002	0.38065869461585927	30708	0.2516888520396478	0.23206090491025735	0.20142582540890808
1.0	1509300	0.5652217976761394	0.5534954647363163	0.35177145910397073	28758	0.203564665886284	0.188114386798694	0.1877085830682669
1.0	1215076	0.4978769697427457	0.4844198123837964	0.3444667749278207	28850	0.1432446154627474	0.1258706311323112	0.1814853421348702
1.0	1031560	0.5074843204760857	0.493743139703065	0.34415113744487197	28728	0.15865319269023342	0.14063346533345622	0.1928357847508589
1.0	2633346	0.632247101565902	0.6221906566903496	0.3783792571465494	30050	0.22405475094150482	0.19956373793142576	0.19966310176802107
1.0	2693732	0.6292984150787956	0.619028811039848	0.38207851000310283	29678	0.20826265536846045	0.18790539171296453	0.20360852049692243
1.0	1188572	0.5481560091308263	0.5336839705290618	0.34823625745429937	28996	0.1594162033721549	0.14635944271769016	0.18860554350930092
1.0	1299880	0.511563021244369	0.4982358971470284	0.3550166508608899	29338	0.17432615856789913	0.1551556890367917	0.18495505399219778
1.0	1473204	0.6097660083350931	0.5951340477600878	0.34595212836027606	29062	0.18069573674030456	0.16771407306417854	0.19252230408702506
1.0	1749838	0.5477182149311041	0.5360822165956322	0.3716164780273867	29820	0.1784053259017311	0.16290273095683255	0.18867622300615572
