Utilization	Connections(A2A)	Lvl1TraffRatio(A2A)	Lvl1TraffRatioNoIndirect(A2A)	RatioIndirect(A2A)	Connections(AR)	Lvl1TraffRatio(AR)	Lvl1TraffRatioNoIndirect(AR)	RatioIndirect(AR)
0.95995995995996	220838	0.5124023374914781	0.5129769428922809	0.4345204654067914	7308	0.18802905991431695	0.18802905991431695	0
0.9309309309309309	287206	0.4744668328436524	0.4743266060434108	0.44519387130757204	7242	0.18346888337112977	0.18346888337112977	0
0.9434434434434434	161278	0.18619350295854886	0.18867401299984957	0.4179930376868281	7114	0.1522460908315198	0.1522460908315198	0
0.963963963963964	141704	0.2847581684373231	0.2894838486386212	0.42207793055728077	7268	0.22190907327225584	0.22190907327225584	0
0.9044044044044044	169288	0.21776788787799375	0.22297647795177208	0.42895157662770905	6784	0.2133759396062934	0.2133759396062934	0
0.8933933933933934	226526	0.49488856519228924	0.49570458686967334	0.4378507995011421	6832	0.20950572265307793	0.20950572265307793	0
0.8758758758758759	163702	0.36327122442676524	0.36481981183011986	0.44025055063563584	6778	0.20128824297438735	0.20128824297438735	0
0.9414414414414415	180626	0.4729385520125391	0.4770916496194454	0.4280158618646784	7180	0.1726989730870276	0.1726989730870276	0
0.8513513513513513	229518	0.370412349560236	0.3734218494275705	0.45029137733202806	6494	0.13783492319590598	0.13783492319590598	0
0.8653653653653653	158124	0.35745891735583274	0.35494892195161715	0.4288585696704039	6528	0.2652963967129881	0.2652963967129881	0
0.944944944944945	207952	0.40098636666844256	0.4026356974818121	0.4349024609526759	7116	0.20717723982827063	0.20717723982827063	0
0.9294294294294294	146780	0.34014942447218205	0.3416376554014988	0.4325814919628646	7078	0.19320833337443344	0.19320833337443344	0
0.9669669669669669	260606	0.418792097937278	0.421322617142332	0.4072633237460461	7198	0.1490890865468607	0.1490890865468607	0
0.93993993993994	154010	0.31238773622019633	0.31172460993335327	0.42147406386706804	6830	0.1471167946888284	0.1471167946888284	0
0.9544544544544544	213356	0.3863789130702822	0.3880389034920734	0.43175089588242405	7264	0.20309422584573023	0.20309422584573023	0
0.933933933933934	240534	0.43738529632228723	0.4385787806664843	0.4386026105177098	7070	0.19505910987331324	0.19505910987331324	0
0.8348348348348349	150976	0.3114229509909872	0.3143580008813256	0.4392347344536922	6324	0.15670990886927522	0.15670990886927522	0
0.9319319319319319	124986	0.34563469207349345	0.3487239930235423	0.4109590912779498	7026	0.17044032986964497	0.17044032986964497	0
0.8753753753753754	195822	0.33044462711668965	0.33179616388507105	0.4390017059817073	6526	0.21047738535678873	0.21047738535678873	0
0.9119119119119119	206094	0.42707961313323595	0.42693384940977336	0.43034163527326874	6870	0.2009151341005887	0.2009151341005887	0
0.8783783783783784	207864	0.3119365589290779	0.31504792793411057	0.45016924618883963	6712	0.15821024503233247	0.15821024503233247	0
0.9459459459459459	232694	0.46351601792816294	0.4648550549396283	0.43243884309443636	7062	0.20129151018981647	0.20129151018981647	0
0.9454454454454454	171558	0.32870747927129873	0.32783064281579544	0.41987444594925133	7046	0.21563797662203232	0.21563797662203232	0
0.8888888888888888	229542	0.36689171581200203	0.374678401622289	0.42332120457223715	6612	0.16853074698126855	0.16853074698126855	0
0.9119119119119119	123008	0.30003132216201217	0.30283443495055373	0.4149580278439968	6888	0.16327758224275263	0.16327758224275263	0
0.933933933933934	139402	0.3009847277067142	0.30348178496378003	0.4225798829554866	7044	0.254867409483738	0.254867409483738	0
0.8488488488488488	205482	0.42949879293193216	0.4283704309325318	0.44123181503752495	6392	0.17312325788541175	0.17312325788541175	0
0.9099099099099099	297024	0.47072801769254397	0.47403645062360467	0.4445762450077035	6918	0.17030099285061595	0.17030099285061595	0
0.958958958958959	148996	0.412675078409236	0.41483947799871124	0.4174651648455882	7322	0.17113781392608818	0.17113781392608818	0
0.9224224224224224	194822	0.4124532783429145	0.4126806619467171	0.42417143857465317	7026	0.1874891550678445	0.1874891550678445	0
0.8928928928928929	200278	0.45654857452702646	0.4579844973578733	0.44330443712197015	6724	0.19728056671272926	0.19728056671272926	0
0.9224224224224224	190160	0.41231446710624714	0.41543182749800195	0.4227114044496831	7008	0.21496160037612472	0.21496160037612472	0
0.8913913913913913	190180	0.2735884507773511	0.27617947776855645	0.43496821044650846	6604	0.15654401516252686	0.15654401516252686	0
0.8758758758758759	222148	0.4040487676280832	0.405890623719561	0.44123334254797847	6718	0.21706444488855609	0.21706444488855609	0
0.9494494494494494	168622	0.39498162599438147	0.39705471732217124	0.4193479963478404	7216	0.185378328330583	0.185378328330583	0
0.9094094094094094	202440	0.4898740228864904	0.49002480647458535	0.4339377565863883	6848	0.1982745044474728	0.1982745044474728	0
0.9274274274274275	218706	0.366425462168925	0.36725725934402764	0.44189100014861715	7058	0.20450315543442696	0.20450315543442696	0
0.9579579579579579	199764	0.19337064473266827	0.19589964416564537	0.42536759480956593	7210	0.19949279970757242	0.19949279970757242	0
0.94994994994995	261382	0.48649293368968677	0.4877385318616078	0.4355761088465886	7156	0.23685444865137711	0.23685444865137711	0
0.9129129129129129	166140	0.3623305993526464	0.35921778289372136	0.4181696443437552	6696	0.21191096610898133	0.21191096610898133	0
0.8648648648648649	155416	0.36851464182029775	0.36891106576790006	0.43609246099678844	6502	0.22834978300716346	0.22834978300716346	0
0.933933933933934	140514	0.35834302589475714	0.3625804603025056	0.4186056853592457	7092	0.19797692955436474	0.19797692955436474	0
0.9079079079079079	209562	0.35735154181371703	0.3602034048384624	0.44569240525607995	6848	0.20791845611502016	0.20791845611502016	0
0.9594594594594594	291602	0.4854410584967575	0.48474082128254037	0.44304625383609203	7266	0.19573000457052325	0.19573000457052325	0
0.9114114114114114	152480	0.23341350662636381	0.23692928714073025	0.42500215216710435	6876	0.179416667345465	0.179416667345465	0
0.948948948948949	320102	0.45619914186605676	0.45744973988319226	0.44851916862637425	7312	0.17895998922918802	0.17895998922918802	0
0.9259259259259259	163582	0.39743817100701145	0.3971663030309012	0.4226401095693307	7022	0.22264446770131294	0.22264446770131294	0
0.9464464464464465	168888	0.2919412096317962	0.29482525807832155	0.42224477522486564	7098	0.24609594240537883	0.24609594240537883	0
0.9154154154154154	179652	0.28237465724361993	0.284931302445685	0.42655155217018903	6820	0.18034291753786716	0.18034291753786716	0
0.9394394394394394	251350	0.4538886040260365	0.45261681175891566	0.43219138019625736	6986	0.15771117180557448	0.15771117180557448	0
0.8818818818818819	146940	0.356684362297694	0.3578794680267882	0.42292980370305827	6548	0.23739159180068262	0.23739159180068262	0
0.9569569569569569	180178	0.41860944947744366	0.42137794546344776	0.4278977323065527	7248	0.20283911895984	0.20283911895984	0
0.8893893893893894	154690	0.4151133847156466	0.4159815470563378	0.43289994888798905	6822	0.20869968006562112	0.20869968006562112	0
0.9354354354354354	230506	0.38992149916945096	0.39292309287802846	0.429370861872268	7072	0.17799288899402343	0.17799288899402343	0
0.9064064064064064	295814	0.5122512382816462	0.5134415723502493	0.4431404204478168	6798	0.21864757571119747	0.21864757571119747	0
0.9034034034034034	234128	0.43873275971592196	0.4393985343773357	0.4479448025288477	6970	0.17629058678268092	0.17629058678268092	0
0.8933933933933934	187012	0.4800559490316857	0.479201446090345	0.43159746618688305	6512	0.1640149848557735	0.1640149848557735	0
0.9154154154154154	163122	0.3598351991868372	0.36149615734621676	0.42176390653346973	6842	0.1978400810874135	0.1978400810874135	0
0.9419419419419419	168898	0.378055094998737	0.38297221206758225	0.4229956832964074	7224	0.24484785492541897	0.24484785492541897	0
0.8593593593593594	212042	0.4010708647740403	0.4009333708947204	0.42460375319131316	6494	0.26984570313691497	0.26984570313691497	0
0.9864864864864865	224428	0.47032316321991735	0.47061974064770884	0.43066596998393863	7490	0.23070306056890505	0.23070306056890505	0
0.9174174174174174	121366	0.32050787786550033	0.3229007957021943	0.4019610672750826	6820	0.1510085959472177	0.1510085959472177	0
0.8863863863863863	198674	0.29726938899621097	0.2977487747612341	0.4277913162457905	6638	0.15885180227173043	0.15885180227173043	0
0.9774774774774775	155900	0.4122043556965732	0.4136578672698256	0.41079346523995247	7290	0.20617776805548638	0.20617776805548638	0
0.9414414414414415	142096	0.2174801880817356	0.21918105227228835	0.41765730266290263	7094	0.19848855876443627	0.19848855876443627	0
0.9294294294294294	153882	0.3155095677591577	0.3200769111745419	0.4197527739599866	7092	0.1760471151919248	0.1760471151919248	0
0.9164164164164164	251398	0.3996043585235063	0.39940099762813797	0.43563881499444207	6992	0.22136693485528536	0.22136693485528536	0
0.8763763763763763	121506	0.2739337976645255	0.2743589083701707	0.4152195090328769	6650	0.17951638971957753	0.17951638971957753	0
0.95995995995996	165772	0.22244706204391795	0.22494095969709857	0.4138278377303988	7170	0.21497069510973357	0.21497069510973357	0
0.8863863863863863	139624	0.3901205712159929	0.3915233502336941	0.43129744785383545	6758	0.23548023644229144	0.23548023644229144	0
0.8803803803803804	306594	0.5444205448404745	0.5443696364587329	0.45065290920202794	6604	0.24546206300306103	0.24546206300306103	0
0.9724724724724725	238460	0.40794919338176855	0.40937228362377126	0.42628988568847115	7148	0.15332205128295603	0.15332205128295603	0
0.9279279279279279	211102	0.43088430933031413	0.4324651317054709	0.4400536366566637	6988	0.26831191235069585	0.26831191235069585	0
0.9029029029029029	130206	0.28589239834964514	0.2904484819761151	0.4316190116239786	6790	0.2070920301041934	0.2070920301041934	0
0.8238238238238238	151466	0.2421030050206904	0.242918300774446	0.42745027203536673	6122	0.14566349609821638	0.14566349609821638	0
0.938938938938939	216908	0.48170304012222437	0.4840318655714711	0.43199068991881434	6896	0.21410242053761708	0.21410242053761708	0
0.9104104104104104	193762	0.24796827809510097	0.2500627867354813	0.44382904848816956	6932	0.17164145333110656	0.17164145333110656	0
0.95995995995996	195884	0.39040521820381946	0.3931770895901891	0.4262384367700153	7280	0.26931586810149516	0.26931586810149516	0
0.9209209209209209	124972	0.2551880837500811	0.2589855560989771	0.41967305252098774	7026	0.2037007383393269	0.2037007383393269	0
0.8998998998998999	150074	0.36444461492609204	0.364254761494956	0.4280478099536406	6902	0.19699073501871708	0.19699073501871708	0
0.8728728728728729	157256	0.31275176643973285	0.31608978684164524	0.43168205012779254	6462	0.19963152796160755	0.19963152796160755	0
0.9169169169169169	130746	0.3371562332027629	0.3394876402867913	0.4187774429159535	6986	0.22802250071319205	0.22802250071319205	0
0.9544544544544544	138546	0.3867296233380832	0.3878054339339143	0.41319032074394907	6920	0.20196258416846363	0.20196258416846363	0
0.9009009009009009	292772	0.49736729676639413	0.49818656004120654	0.4321019933767951	6770	0.21503941254334322	0.21503941254334322	0
0.8893893893893894	149612	0.3266117402302652	0.328259426609025	0.4286571454682571	6568	0.1745239889853571	0.1745239889853571	0
0.8308308308308309	205462	0.3346995456680194	0.33835784767109645	0.44309039003896106	6178	0.18475217682302186	0.18475217682302186	0
0.9324324324324325	260664	0.519107502891392	0.5197953203461807	0.43432846050960316	7076	0.22922157292282155	0.22922157292282155	0
0.9519519519519519	158512	0.3013110932037332	0.304817743504474	0.4118664249942526	7186	0.14495597539563887	0.14495597539563887	0
0.8703703703703703	245372	0.5257163156124067	0.5266161506322345	0.44487108764085465	6692	0.18548328363004046	0.18548328363004046	0
0.9494494494494494	252778	0.4425638851402179	0.4430114803579782	0.44651980537202746	7234	0.20420586631314136	0.20420586631314136	0
0.9624624624624625	171842	0.4401781062742042	0.4404128121181714	0.4214692785326337	7258	0.22328732361091924	0.22328732361091924	0
0.9284284284284284	121124	0.26475164011004243	0.27037751623291406	0.4198275955711586	7104	0.16210885642689646	0.16210885642689646	0
0.9484484484484484	162078	0.2977832463533928	0.30185612747683355	0.4219898724272248	7030	0.24456126965476913	0.24456126965476913	0
0.9414414414414415	163330	0.3010948736075601	0.30498337814092613	0.41860331047100274	7176	0.19641351304290627	0.19641351304290627	0
0.9404404404404404	177166	0.30662368515789284	0.30921455504158896	0.4204076740786282	7048	0.19198594261620902	0.19198594261620902	0
0.9139139139139139	204518	0.47548247485337475	0.47524501105652295	0.43850061055250067	7012	0.24384335589645265	0.24384335589645265	0
0.958958958958959	184032	0.330928950597733	0.3335134348344959	0.42659118959430004	7240	0.2108509034299939	0.2108509034299939	0
0.9084084084084084	167668	0.4611700482440647	0.46209672107374106	0.4290392507264074	6886	0.19706137298790505	0.19706137298790505	0
0.9804804804804805	180218	0.17878870338621758	0.18284316268684947	0.4109202702825259	7302	0.15155711055883933	0.15155711055883933	0
0.8863863863863863	237074	0.45239533829179757	0.4532242876130574	0.4462551580318597	6730	0.18907255676246015	0.18907255676246015	0
0.91991991991992	194212	0.461042802914136	0.4620086664868424	0.41443259453400133	6802	0.1800362867567408	0.1800362867567408	0
0.9479479479479479	168250	0.31121608987087945	0.31453571202672115	0.42218199437207055	7092	0.21758319285916622	0.21758319285916622	0
0.8123123123123124	204250	0.3798070180844817	0.3809042004051726	0.4425243128254088	6014	0.1315293691876371	0.1315293691876371	0
0.8978978978978979	166732	0.2501679256268197	0.24956506808233897	0.4379431454020036	6674	0.18664418166297794	0.18664418166297794	0
0.8923923923923924	163544	0.43710636637192385	0.44143074682932765	0.43170377444939984	6796	0.2022906442231174	0.2022906442231174	0
0.954954954954955	141862	0.361975931854959	0.3647845281548467	0.41361070512906556	7016	0.2162754795143882	0.2162754795143882	0
0.8228228228228228	155618	0.2404600492289998	0.24185297814489334	0.4283519031348883	6052	0.21689232617613632	0.21689232617613632	0
0.8753753753753754	221280	0.390092165182151	0.39126242319513593	0.44347740927931456	6688	0.15303155226737802	0.15303155226737802	0
0.9394394394394394	135878	0.3205626611620053	0.3220077483074066	0.42116976104794523	7042	0.2032993783242145	0.2032993783242145	0
0.8793793793793794	284420	0.44640231013526777	0.4492528046287939	0.4323210093164112	6382	0.1772911258047798	0.1772911258047798	0
0.9104104104104104	175382	0.29470396239714086	0.2960281798302033	0.4311881816932123	6786	0.20870046557730934	0.20870046557730934	0
0.9264264264264265	244712	0.4940183438580257	0.4939212598786415	0.4331309953189548	6978	0.18810487850544663	0.18810487850544663	0
0.8533533533533534	282302	0.39630692421774816	0.3968910539458527	0.45098184171552047	6516	0.17517098591994304	0.17517098591994304	0
0.8708708708708709	124026	0.36239215056078067	0.3665204283443308	0.41799565805031574	6484	0.17891475013819566	0.17891475013819566	0
0.9234234234234234	332826	0.5162125677708074	0.517288768273994	0.4449733007744088	6960	0.1949425000282216	0.1949425000282216	0
0.8878878878878879	218432	0.45861216323893106	0.45650148535774443	0.4474707972285425	6658	0.17599379911282775	0.17599379911282775	0
0.9619619619619619	194992	0.3260642354750405	0.3273741901748833	0.4004278910701611	7176	0.2376842405566956	0.2376842405566956	0
0.8898898898898899	177408	0.2757463971005067	0.27916559751429215	0.43499517059195436	6878	0.24025776964853832	0.24025776964853832	0
0.9304304304304304	233348	0.468057938832397	0.4699636148969112	0.4349974949731117	7076	0.1792700669191066	0.1792700669191066	0
0.8768768768768769	166380	0.4311678119186433	0.4324881449383578	0.4312281528202641	6720	0.18918368660844	0.18918368660844	0
0.8793793793793794	268034	0.5226290520004263	0.5206416760909199	0.44929846938067364	6534	0.18584621911305377	0.18584621911305377	0
0.962962962962963	140292	0.4010883597599978	0.40268313408361883	0.4082348767894817	7142	0.22599718331219867	0.22599718331219867	0
0.8578578578578578	190736	0.42765522026155406	0.4261116764552772	0.4282905100447543	6408	0.13511481075710793	0.13511481075710793	0
0.9264264264264265	274948	0.3809558770296555	0.38264171991749446	0.4452153026833872	7056	0.21957215575631897	0.21957215575631897	0
0.9274274274274275	195480	0.2927567437959886	0.2948257925977849	0.4363641364411204	7082	0.186344870654942	0.186344870654942	0
0.9654654654654655	121184	0.33786682446425054	0.34554080018135774	0.41596340858846137	7310	0.18232546151833284	0.18232546151833284	0
0.8443443443443444	287140	0.5209692070375347	0.5209257214904198	0.4486066973095891	6258	0.18205629240646304	0.18205629240646304	0
0.9324324324324325	196848	0.372184811340745	0.3748849589502274	0.4311133529907742	7108	0.21488217326227724	0.21488217326227724	0
0.9219219219219219	124998	0.18227080457211767	0.18696068681204953	0.41838538141265663	6978	0.15584985210292232	0.15584985210292232	0
0.9239239239239239	170884	0.4159960555477449	0.4201242266856926	0.4292370726559587	6928	0.1806580391144325	0.1806580391144325	0
0.8888888888888888	186934	0.3007209036203126	0.302143898923809	0.44023451816246434	6680	0.15887415961848653	0.15887415961848653	0
0.9169169169169169	228622	0.5086849287412231	0.5110838532135838	0.4397137868500886	6982	0.21648974326085904	0.21648974326085904	0
0.9234234234234234	138348	0.3958020359161629	0.39758500091348886	0.4187656581525092	7044	0.2575355092451632	0.2575355092451632	0
0.9684684684684685	180784	0.318524123973528	0.32207219572331675	0.4312575277773305	7394	0.16364320588174502	0.16364320588174502	0
0.9624624624624625	141682	0.23706970739756095	0.2412309710601372	0.40958656226203943	6958	0.17376790249490884	0.17376790249490884	0
0.9119119119119119	110292	0.335116963069679	0.3314028836606164	0.4044143578067935	6842	0.2911216959625486	0.2911216959625486	0
0.9134134134134134	244420	0.4134105467314253	0.415092060981947	0.4456664177242183	6980	0.1964609934684703	0.1964609934684703	0
0.9619619619619619	307552	0.4874103676737272	0.4873249258763575	0.4373146998737556	7354	0.21653301232217673	0.21653301232217673	0
0.8713713713713713	167264	0.40773455145942	0.4088212317940162	0.4377827551284539	6546	0.17999969438055294	0.17999969438055294	0
0.9574574574574575	131290	0.385047645456478	0.3879862109101402	0.39639948274826864	6860	0.1699075492798078	0.1699075492798078	0
0.9504504504504504	177748	0.40046500196580365	0.4020822983047034	0.42614296103527055	7162	0.17433916911300146	0.17433916911300146	0
0.9529529529529529	237728	0.4224769866909355	0.42851680156321564	0.4150797996571278	7054	0.21430753982689432	0.21430753982689432	0
0.9219219219219219	203842	0.2921948849008459	0.29334649945140073	0.4335249505959873	7026	0.19249693919467395	0.19249693919467395	0
0.950950950950951	170394	0.21309698060297377	0.21481971624963092	0.429321076766306	7252	0.19775589417023942	0.19775589417023942	0
0.9579579579579579	159968	0.27462415854362265	0.27600457608174095	0.4049952373719416	6976	0.19256820848369163	0.19256820848369163	0
0.9004004004004004	169534	0.39210171928050175	0.3943301569623555	0.425627145296067	6672	0.27146688563195925	0.27146688563195925	0
0.9504504504504504	228950	0.513492568604256	0.5132520242012079	0.4287567140906168	7160	0.2038875717419444	0.2038875717419444	0
0.8563563563563563	192178	0.4419236707706332	0.4431010931327481	0.44424521535302985	6568	0.16936725361267788	0.16936725361267788	0
0.8773773773773774	308180	0.5266539553773326	0.5256612848145865	0.45529189627070005	6684	0.18029733820577282	0.18029733820577282	0
0.8653653653653653	239476	0.5031053828784239	0.5028966801890149	0.4376992298669527	6522	0.1767698423333724	0.1767698423333724	0
0.8978978978978979	169954	0.3259284280148893	0.3296013300664116	0.41539380086927097	6618	0.16922702751720486	0.16922702751720486	0
0.9194194194194194	207144	0.5082493075374003	0.5092536535619182	0.42162488109092555	6848	0.20504484118813324	0.20504484118813324	0
0.9234234234234234	382718	0.5357241270310107	0.5368160638651942	0.4510880427641537	6946	0.19357450679921004	0.19357450679921004	0
0.9374374374374375	203904	0.45747689247784085	0.45976562260030085	0.4390696917500432	7136	0.1639606217331038	0.1639606217331038	0
0.6991991991991993	144650	0.24523587996127458	0.24499728324689535	0.4481061832038584	5330	0.16166286683989428	0.16166286683989428	0
0.8918918918918919	212298	0.37778892090684546	0.38017006404880155	0.43951786364353257	6858	0.21028162791841873	0.21028162791841873	0
0.9189189189189189	213958	0.34225719352495876	0.34261005066764927	0.43021212808944004	6954	0.15705257292851135	0.15705257292851135	0
0.8973973973973974	201574	0.352295483864719	0.3531924674390669	0.43033786646185423	6716	0.20380334150900314	0.20380334150900314	0
0.9409409409409409	201554	0.4502383785235652	0.4530186199902109	0.42569593064180516	6970	0.16633785692192657	0.16633785692192657	0
0.8898898898898899	142434	0.2589975894508558	0.2604189567345828	0.4256860842050943	6704	0.2284781997344828	0.2284781997344828	0
0.9569569569569569	150600	0.3851672024177045	0.38869223536053854	0.39940397659803	7042	0.19305063202351283	0.19305063202351283	0
0.9604604604604605	225458	0.35752862045392386	0.3582724615721336	0.43726805146178643	7118	0.17398468637109807	0.17398468637109807	0
0.9804804804804805	166068	0.32237149473062243	0.32478837401823923	0.4164143756300878	7310	0.21518802520646585	0.21518802520646585	0
0.944944944944945	203538	0.44082192372228224	0.4389884781968475	0.43102734937109455	7136	0.21606032581043869	0.21606032581043869	0
0.7897897897897898	168422	0.29875692149504757	0.29840378802717993	0.4463329389666592	6022	0.15700096401987818	0.15700096401987818	0
0.9204204204204204	174730	0.4051222452357337	0.4053627601943247	0.42206251294979324	6740	0.22538408222111436	0.22538408222111436	0
0.8643643643643644	295830	0.4560695463595984	0.45961628704579355	0.44196584741764106	6606	0.20065854387552365	0.20065854387552365	0
0.7727727727727728	129906	0.41079256410150533	0.4123896399093254	0.4322615361371014	5834	0.22094395297875638	0.22094395297875638	0
0.96996996996997	223018	0.47496741371272355	0.477750033779779	0.42366274600235343	7310	0.1789897708912477	0.1789897708912477	0
0.9244244244244244	216662	0.36667985225238225	0.36617008299754994	0.4348063263245965	6904	0.196335134597245	0.196335134597245	0
0.9324324324324325	197940	0.26534714065840154	0.2710661852446448	0.4293094231363915	7106	0.1810822091467492	0.1810822091467492	0
0.9414414414414415	210730	0.3971763149731775	0.3996333874926142	0.44178537629893916	7130	0.2272515769342281	0.2272515769342281	0
0.9294294294294294	124638	0.3024731915945424	0.3048955571580901	0.40812512226241265	6770	0.2277153393745951	0.2277153393745951	0
0.8778778778778779	168406	0.40773117912625634	0.4102550147761695	0.4308525836086157	6648	0.21634038476391917	0.21634038476391917	0
0.8983983983983984	184176	0.3620698909503896	0.36374890659646875	0.4286960646478048	6896	0.2283543762426042	0.2283543762426042	0
0.9284284284284284	270840	0.4707405029189655	0.4717034122490283	0.437348922645544	7092	0.2036409431131782	0.2036409431131782	0
0.9734734734734735	204230	0.32696358409269266	0.32725951065628567	0.4236337949457156	7234	0.18542445937098115	0.18542445937098115	0
0.914914914914915	199784	0.43189240070578366	0.43235641666813623	0.4368005822687672	6942	0.23319064309692106	0.23319064309692106	0
0.9084084084084084	221268	0.481183849999037	0.4817906930792346	0.43143906162000484	6890	0.2103755469799468	0.2103755469799468	0
0.9009009009009009	186756	0.457141464997345	0.4569793959433301	0.4218035845064845	6828	0.1989397514009024	0.1989397514009024	0
0.967967967967968	290052	0.5021937980218975	0.5020678449104995	0.42160187569074853	7156	0.19080941301704027	0.19080941301704027	0
0.8643643643643644	166904	0.38762627642953484	0.3888286446769957	0.4355548396575984	6552	0.2208119585165927	0.2208119585165927	0
0.9714714714714715	136590	0.3155187147741349	0.31854246630714483	0.41940225914801116	7470	0.1743649582247616	0.1743649582247616	0
0.933933933933934	186826	0.49805385291492155	0.5009581259450161	0.4293665887326039	7130	0.20595221408184666	0.20595221408184666	0
0.8983983983983984	143666	0.2461439458071765	0.2506305226744167	0.41086054775615893	6750	0.1650500218758168	0.1650500218758168	0
0.8923923923923924	182396	0.4995179393743179	0.4992969509836814	0.436493429049614	6724	0.23788305580150995	0.23788305580150995	0
0.962962962962963	133844	0.34535855620296324	0.3507922271974375	0.39856363282895146	6966	0.17713496044413415	0.17713496044413415	0
0.9129129129129129	180734	0.4577819830941305	0.45696283375304747	0.43866887987049874	6816	0.19368436644522813	0.19368436644522813	0
0.8333333333333334	171872	0.3863089211922662	0.3857997532907288	0.4469518177141043	6254	0.2326754508030099	0.2326754508030099	0
0.9644644644644644	199108	0.32143986055787954	0.32103278041930106	0.42156214623264376	7286	0.1491602277942034	0.1491602277942034	0
0.928928928928929	166364	0.350429481707475	0.3512094687378589	0.43307141217572104	7038	0.20814277591896188	0.20814277591896188	0
0.8268268268268268	260498	0.5299455036360917	0.5306287823764405	0.44104497886443284	6146	0.20304897301042799	0.20304897301042799	0
0.963963963963964	145662	0.4197844455956083	0.41923960075361855	0.41040835622823996	7184	0.23087737975446027	0.23087737975446027	0
0.91991991991992	211956	0.33539929908952987	0.3397944598573297	0.43753353481333707	7038	0.2213394366078809	0.2213394366078809	0
0.8613613613613613	166746	0.30633872584868255	0.3083783956918914	0.43462284724668615	6462	0.1824836737058935	0.1824836737058935	0
0.91991991991992	181600	0.4224843391510843	0.42254999620939954	0.42809986953857054	7106	0.18905492057697576	0.18905492057697576	0
0.9569569569569569	269436	0.4805200914785143	0.482118638861152	0.4293413326610602	7162	0.19912505617607815	0.19912505617607815	0
0.9049049049049049	232884	0.35630807992283114	0.3583585135705693	0.4408446852229893	6890	0.18135400047146305	0.18135400047146305	0
0.9329329329329329	206390	0.4837617407814397	0.48408573567087776	0.41952876636687164	6976	0.18486910814152696	0.18486910814152696	0
0.9569569569569569	186356	0.20578801285695714	0.20981870286618876	0.413462794829034	7252	0.13344876320848503	0.13344876320848503	0
0.928928928928929	205152	0.2930988714100146	0.29693794640943044	0.42890962890231427	7032	0.17446299888039174	0.17446299888039174	0
0.93993993993994	176946	0.33936129665657516	0.3403512612752377	0.4252781808183798	6948	0.19096414615951066	0.19096414615951066	0
0.9374374374374375	157238	0.39530034686345306	0.3938416441089931	0.4152980641792849	6878	0.2038348590455391	0.2038348590455391	0
0.9109109109109109	170132	0.3645744671083338	0.3660936658817041	0.4330223780811691	6990	0.2030465274281026	0.2030465274281026	0
0.9204204204204204	195272	0.42173166215757135	0.4217705461327699	0.43970900519026906	6968	0.18207131760766201	0.18207131760766201	0
0.982982982982983	186874	0.3254418835523883	0.33074109846626637	0.3967304356837637	7114	0.14407303706884797	0.14407303706884797	0
0.7817817817817818	227144	0.4746712850673015	0.4760262126279642	0.440925771663593	5828	0.13517795699123997	0.13517795699123997	0
0.958958958958959	194160	0.3630113635763763	0.36476276924139545	0.41970772436073284	7152	0.22647964746706442	0.22647964746706442	0
0.944944944944945	239598	0.2800280681609223	0.2824964393702949	0.4388916097280984	7066	0.15590674702920224	0.15590674702920224	0
0.9464464464464465	96392	0.3156296264673769	0.31797931323547257	0.39989157337533127	7096	0.23717470629156748	0.23717470629156748	0
0.8478478478478478	204804	0.44465565650694594	0.4450035175309718	0.4401446497448729	6380	0.2259036849060671	0.2259036849060671	0
0.8038038038038038	217810	0.4166196180911217	0.4164855559235996	0.4520331252289258	5954	0.16063598864295126	0.16063598864295126	0
0.9384384384384384	222878	0.42741832077873504	0.42910311087169606	0.43293598647356574	7226	0.1572441280131862	0.1572441280131862	0
0.8408408408408409	186870	0.3644336559655825	0.3640416991902229	0.44152697965932264	6348	0.17610038940107936	0.17610038940107936	0
0.9254254254254254	206730	0.43858949749173237	0.441146839059352	0.43306201739923433	7026	0.1466369604579877	0.1466369604579877	0
0.9239239239239239	148360	0.3197205205261408	0.3243988240786815	0.42679868981406804	6868	0.14302319367859267	0.14302319367859267	0
0.9364364364364365	181886	0.36741496823758146	0.36902742079651074	0.4308599631952261	7016	0.21152027580230326	0.21152027580230326	0
0.9469469469469469	225354	0.4117286786401483	0.4122768647398766	0.4238247578824945	7156	0.20481394664416608	0.20481394664416608	0
0.934934934934935	144394	0.3024674640747506	0.3042325260344464	0.4188858738146362	6960	0.21018132517419158	0.21018132517419158	0
0.9544544544544544	222234	0.4211747089625344	0.42136231355708215	0.4356995686969718	7174	0.23166863779666774	0.23166863779666774	0
0.944944944944945	167758	0.3126242059664246	0.31226964191606393	0.41627554396650246	7136	0.18998800821204384	0.18998800821204384	0
0.967967967967968	205646	0.41117820643732034	0.41005891254033705	0.43033019196276556	7286	0.21520892754657533	0.21520892754657533	0
0.9504504504504504	281078	0.48082821164716283	0.4796810633729727	0.43541899472420437	7238	0.16053534453972412	0.16053534453972412	0
0.9304304304304304	235268	0.39893177843179795	0.40312558636904045	0.43133632572275954	7038	0.1833296925436517	0.1833296925436517	0
0.9154154154154154	285472	0.5680972648952194	0.5689677518382512	0.44463006015654066	6858	0.24356590970208275	0.24356590970208275	0
0.8793793793793794	217642	0.35071859386605503	0.35342437540968935	0.44008643577523227	6620	0.15986608612508665	0.15986608612508665	0
0.933933933933934	215250	0.35273916020643	0.3538146244365007	0.4339324991668265	7052	0.1760622554809714	0.1760622554809714	0
0.8823823823823824	169216	0.32147475725698205	0.32404049542261115	0.438983918129912	6696	0.19740654139060923	0.19740654139060923	0
0.9109109109109109	111066	0.28547554665272645	0.2901088624984997	0.4032469062662636	6806	0.15069215796132251	0.15069215796132251	0
0.954954954954955	148996	0.42793990202185445	0.43084730599758797	0.4127521192226573	7224	0.24191274225089343	0.24191274225089343	0
0.8233233233233234	193154	0.31681353446291816	0.31717127587909805	0.44629517602438834	6220	0.15530759702131006	0.15530759702131006	0
0.8978978978978979	171158	0.41170831662657253	0.4162630961776029	0.42925145803027925	6880	0.1823115072525149	0.1823115072525149	0
0.9734734734734735	174710	0.3152640793152654	0.3192607010043452	0.42733799897379865	7378	0.21922371274378627	0.21922371274378627	0
0.8958958958958959	136804	0.22782341370003453	0.2308558497141331	0.4236710348756232	6740	0.16788569436710107	0.16788569436710107	0
0.9094094094094094	175152	0.4259405771239955	0.42617850032064514	0.43285394082447226	6940	0.211462614974881	0.211462614974881	0
0.8913913913913913	283870	0.47328072633472357	0.4737456651952661	0.43430182047950433	6778	0.20557850857299478	0.20557850857299478	0
0.8998998998998999	155018	0.3683185965197823	0.3669666590668752	0.4198204704204205	6622	0.22052251835268458	0.22052251835268458	0
0.8128128128128128	235138	0.48803432844557393	0.4887640388036413	0.45202952546945324	6246	0.14520906402559108	0.14520906402559108	0
0.8933933933933934	232458	0.4008990795831584	0.40294083037494494	0.4519890170764917	6782	0.22752304829762882	0.22752304829762882	0
0.9169169169169169	139240	0.28585276860505676	0.28803687228006697	0.4245557098868797	6908	0.18469859263598135	0.18469859263598135	0
0.8723723723723724	187658	0.419579550248049	0.4185135061818496	0.4251119283979558	6554	0.21318662733450963	0.21318662733450963	0
0.9619619619619619	211178	0.5188957335382101	0.518728970083898	0.4166285918101209	7142	0.2487199159730965	0.2487199159730965	0
0.8883883883883884	159428	0.23445473412029202	0.2384481495130517	0.4261986140704422	6654	0.14580863782091338	0.14580863782091338	0
0.9129129129129129	235220	0.38992400207682915	0.3918717744720758	0.4399196338997273	6868	0.15527303361959346	0.15527303361959346	0
0.9379379379379379	238812	0.44874590582239626	0.4479269290682317	0.4372615596548461	7078	0.1913630416664328	0.1913630416664328	0
0.8793793793793794	126960	0.35211542344550034	0.35513760402641736	0.41688586692209717	6626	0.23044438649379304	0.23044438649379304	0
0.9074074074074074	378632	0.5291494599875094	0.5305683305434672	0.45062060541197807	6906	0.1626950315847741	0.1626950315847741	0
0.9104104104104104	155940	0.3350607581367928	0.3359596811231157	0.4255229523995585	6756	0.15711685716608825	0.15711685716608825	0
0.8998998998998999	249126	0.4814096107589209	0.48168890867726044	0.4404279866101486	6800	0.22790347825229473	0.22790347825229473	0
0.8898898898898899	233154	0.39371469598557673	0.3945265365035594	0.44042575402563006	6704	0.21618176722573768	0.21618176722573768	0
0.9244244244244244	213016	0.46725764411726733	0.4680782314581695	0.43314060121686054	7084	0.1966686611523439	0.1966686611523439	0
0.9079079079079079	182382	0.37916136731033934	0.3818663323125643	0.4343588532557406	6830	0.17873435639214166	0.17873435639214166	0
0.9114114114114114	175082	0.35252957992012124	0.3529243016758083	0.4322504052600981	6922	0.2025825861025779	0.2025825861025779	0
0.8893893893893894	155670	0.3161979121917367	0.3188227020586439	0.42150593277649645	6740	0.16291142601784572	0.16291142601784572	0
0.8223223223223224	173586	0.3469388858398779	0.3489615546293217	0.4396402236020893	6122	0.18556360683000198	0.18556360683000198	0
0.8693693693693694	192060	0.36012896736736616	0.36197965348957184	0.43241350750380647	6462	0.21412316547647836	0.21412316547647836	0
0.9359359359359359	181550	0.4458167329553199	0.44805871055261975	0.41957679495263905	7080	0.17449931000208657	0.17449931000208657	0
0.9359359359359359	158540	0.33643529239139797	0.3403693989698196	0.4234966884729299	7134	0.2530096730961333	0.2530096730961333	0
0.8703703703703703	221280	0.48455798933167127	0.485286088163174	0.4288810549588988	6500	0.18200948294116245	0.18200948294116245	0
0.977977977977978	215136	0.27888798605420423	0.2817418772665748	0.4236695201918484	7410	0.16719484478729724	0.16719484478729724	0
0.9174174174174174	246000	0.43951977812436893	0.4399157739116229	0.44423617779034347	7006	0.22422766289591542	0.22422766289591542	0
0.94994994994995	140582	0.3117269412866101	0.3136473064738187	0.4151764357700621	7210	0.2290500123690171	0.2290500123690171	0
0.9444444444444444	169148	0.1802925819771899	0.1849494531775569	0.41911791116056024	7074	0.1525382921492494	0.1525382921492494	0
0.9619619619619619	121716	0.3851492728729913	0.3896380497159248	0.40499717666951324	7184	0.22198144186136204	0.22198144186136204	0
0.9274274274274275	99884	0.3080351638952917	0.31210763986504375	0.4074127125304412	6958	0.2064702749648567	0.2064702749648567	0
0.9039039039039038	286698	0.5467619591381639	0.5486748044942761	0.4554946222342691	6834	0.2506218427346436	0.2506218427346436	0
0.914914914914915	175252	0.48418616777479706	0.48723301188740753	0.4218274476942259	6924	0.17032548740788397	0.17032548740788397	0
0.967967967967968	200752	0.39745151012186214	0.39666864747703795	0.41719548664455813	7286	0.21376264001719075	0.21376264001719075	0
0.9174174174174174	149080	0.3255619443939886	0.3264939230764461	0.42031035452420035	6900	0.23717844978071378	0.23717844978071378	0
0.9319319319319319	157636	0.3642372565816973	0.3668982467148717	0.426442712574093	7156	0.22459765159972242	0.22459765159972242	0
0.9504504504504504	134644	0.24330459943358693	0.2451675133630445	0.4063657824839322	7108	0.19345945247563187	0.19345945247563187	0
0.977977977977978	149050	0.319506870840103	0.32490531453512667	0.4130222545402869	7364	0.18997194521293426	0.18997194521293426	0
0.9379379379379379	156540	0.37844167083929886	0.37986867940213437	0.4288067794657251	7080	0.25101216298088974	0.25101216298088974	0
0.8783783783783784	152450	0.34976239046000596	0.35177149172588124	0.42974009959964343	6682	0.2205623289643755	0.2205623289643755	0
0.9229229229229229	167230	0.3133809679546678	0.31515675625757794	0.43366841546920226	7006	0.19577280721539256	0.19577280721539256	0
0.9104104104104104	358188	0.573784076046201	0.5745510620528698	0.44936470325698114	6972	0.17771967324715143	0.17771967324715143	0
0.9314314314314315	250530	0.4339268921047311	0.43263078736166194	0.4322771594271783	6864	0.2068456666589022	0.2068456666589022	0
0.9474474474474475	205360	0.38328147219447767	0.38482531528499886	0.43810045622132066	7336	0.20243107006730682	0.20243107006730682	0
0.8758758758758759	153136	0.29015001680215885	0.2921716295282528	0.42361753234797	6426	0.2562252207580675	0.2562252207580675	0
0.8503503503503503	173838	0.28412946673606465	0.2858010753082818	0.43571683083703205	6468	0.18376962715729134	0.18376962715729134	0
0.9534534534534534	224948	0.4524142628792702	0.4528272611649331	0.4347847245150333	7274	0.23922751788311608	0.23922751788311608	0
0.967967967967968	209012	0.39763836884798487	0.3962678178007316	0.4288115914211939	7260	0.2055091060776743	0.2055091060776743	0
0.9169169169169169	136212	0.26566933376202306	0.26817584557987356	0.4169795755311911	6866	0.19607536775430673	0.19607536775430673	0
0.9264264264264265	182950	0.33547537190815563	0.336220857656894	0.43576186066239136	7132	0.18413086861310224	0.18413086861310224	0
0.9079079079079079	191800	0.4326674612744545	0.43498781127299396	0.4312108430466937	6856	0.25565878958911376	0.25565878958911376	0
0.9444444444444444	153952	0.2526502237622776	0.2535503017855614	0.4300461816843004	7024	0.1843767554969172	0.1843767554969172	0
0.9099099099099099	166738	0.3604287659846316	0.3619322393912152	0.4330631104236946	6824	0.2008337031170033	0.2008337031170033	0
0.9484484484484484	238478	0.40861697225321986	0.41070764529690096	0.42703781070268115	7116	0.2311766971411937	0.2311766971411937	0
0.9329329329329329	135872	0.2746170701284186	0.2779666771007327	0.41935725298192833	6966	0.17301859814414977	0.17301859814414977	0
0.9554554554554554	174036	0.4239497139823498	0.4252877100507748	0.427184395163662	7238	0.2149878801617887	0.2149878801617887	0
0.9374374374374375	208520	0.3497659437736447	0.3522930749919651	0.42793924891700624	6922	0.1758187471125678	0.1758187471125678	0
0.92992992992993	173214	0.32080306977086315	0.32456673613497067	0.4308076156146583	7072	0.23622967297703554	0.23622967297703554	0
0.9524524524524525	189028	0.41628404062263474	0.41788745279415784	0.42116145809606814	7098	0.1989936342404096	0.1989936342404096	0
0.94994994994995	116280	0.30047758149877685	0.30751599539437996	0.413405241588646	7172	0.19638254384186699	0.19638254384186699	0
0.9464464464464465	133624	0.32456400645202055	0.32614262842252395	0.40792786775719486	7042	0.2595584763948374	0.2595584763948374	0
0.9664664664664665	133828	0.27811341303639237	0.2788740726886084	0.40205733223689055	7250	0.18882994264464184	0.18882994264464184	0
0.8928928928928929	244612	0.4090087836062781	0.4091482940539669	0.4467198556599869	6784	0.193161146224262	0.193161146224262	0
0.9819819819819819	147924	0.286138195581987	0.2904865642355049	0.4154747556068568	7452	0.191721599098435	0.191721599098435	0
0.9474474474474475	140838	0.37236013397733236	0.3734659181905706	0.41326438171245	7004	0.22029778381507664	0.22029778381507664	0
0.9269269269269269	243650	0.4422384846332106	0.441681718921204	0.43357610483853787	6864	0.18922461350938494	0.18922461350938494	0
0.9429429429429429	199108	0.4603984434620288	0.4634389296683266	0.4388818297678471	7154	0.2304114556241446	0.2304114556241446	0
0.8998998998998999	202276	0.444103192645674	0.4437218193048111	0.42993146430096024	6766	0.22072599173140975	0.22072599173140975	0
0.8923923923923924	212252	0.38693866487141115	0.38756635249695387	0.43431369397207437	6732	0.18134772235343863	0.18134772235343863	0
0.9474474474474475	126766	0.38249449892184273	0.3829128611611127	0.42094174470873197	7160	0.2367970401208122	0.2367970401208122	0
0.8708708708708709	189774	0.4147149866265385	0.41895651716021537	0.4358676980786436	6638	0.19324105887878387	0.19324105887878387	0
0.8828828828828829	159094	0.3462305279799925	0.3484825801622977	0.4209458840121188	6540	0.26685366829725715	0.26685366829725715	0
0.9259259259259259	189076	0.3219454974279561	0.3243488853440929	0.43206322417251436	6954	0.18578578638752255	0.18578578638752255	0
0.924924924924925	214876	0.4234908474208282	0.4264070803508425	0.4171202612840743	7028	0.193925141864627	0.193925141864627	0
0.9069069069069069	168634	0.36023513179780303	0.3604661449826889	0.4237291827399972	6844	0.233665133575348	0.233665133575348	0
0.8633633633633634	180394	0.28557504067788686	0.2891567058253112	0.4351285151009672	6604	0.14571001080853382	0.14571001080853382	0
0.9594594594594594	265258	0.45971137085679675	0.45985336126682735	0.4308380201902509	7228	0.2130898839748296	0.2130898839748296	0
0.9529529529529529	157456	0.29288668659573225	0.2934520848072178	0.4103480808831057	6960	0.20069243756023375	0.20069243756023375	0
0.9379379379379379	176644	0.26983291979023427	0.27407462495797313	0.4079233399602303	6874	0.2073777182028526	0.2073777182028526	0
0.9384384384384384	203500	0.5119563026886635	0.5149823800206206	0.42314960581542005	6950	0.24015122961329902	0.24015122961329902	0
0.8893893893893894	128502	0.3312015575502234	0.33376643440746256	0.42431588614662513	6720	0.16680087203057614	0.16680087203057614	0
0.9309309309309309	145300	0.3386764587322506	0.3395150805606142	0.4176317483850384	7098	0.24004835632036017	0.24004835632036017	0
0.9024024024024024	183700	0.4112463171133138	0.41301089546836295	0.43560708817937543	6856	0.26282698272018146	0.26282698272018146	0
0.8948948948948949	237820	0.4665938450494724	0.4706835663071282	0.43915293193594157	6642	0.15927518094161225	0.15927518094161225	0
0.8208208208208209	130214	0.23017721746872224	0.2340646469804206	0.4336938531262855	6148	0.16944732092816472	0.16944732092816472	0
0.9014014014014013	156856	0.27071380787017385	0.2733796323071302	0.42656323736974344	6706	0.18320301132713016	0.18320301132713016	0
0.95995995995996	315004	0.5370202439104119	0.5349927626124064	0.444540058992762	7260	0.17573486285242107	0.17573486285242107	0
0.9474474474474475	164384	0.4289820498065804	0.4321441199902721	0.42771143045364163	7206	0.2459662514250865	0.2459662514250865	0
0.8878878878878879	233272	0.429171861963335	0.4295207550940205	0.4338522539284437	6662	0.21060368236871269	0.21060368236871269	0
0.8683683683683684	223870	0.4098377501135349	0.4109076640646273	0.4326748795947293	6512	0.1834992303752273	0.1834992303752273	0
0.9304304304304304	300910	0.4747793685444865	0.47592894887236603	0.4461654687677492	7124	0.20245758088560428	0.20245758088560428	0
0.8448448448448449	223322	0.4251297999462473	0.42322884516048564	0.440492934165109	6334	0.1746150783390287	0.1746150783390287	0
0.9434434434434434	121914	0.31009163110309923	0.3109415604573256	0.41552188576331367	7232	0.21866163638508862	0.21866163638508862	0
0.9109109109109109	121328	0.21326415302834953	0.2192031453062868	0.4107627826507372	6852	0.1267579110353947	0.1267579110353947	0
0.8788788788788788	163574	0.3241954582143391	0.32186387394540755	0.43718806108710795	6634	0.2246536838959867	0.2246536838959867	0
0.8688688688688688	193846	0.3943272309276481	0.39466141110941266	0.4360096353166189	6626	0.20228468376880748	0.20228468376880748	0
0.9119119119119119	186500	0.37265759243049107	0.3738261453447473	0.4192769022825551	6774	0.19296198593036595	0.19296198593036595	0
0.9024024024024024	226974	0.38096651819114624	0.3814136732498558	0.43204453399641035	6816	0.1454166737890151	0.1454166737890151	0
0.9584584584584585	192616	0.3522550270209633	0.3571762795272463	0.42335128594067406	7088	0.15217582127479148	0.15217582127479148	0
0.9314314314314315	161124	0.2854876040924474	0.2875691162876363	0.4349437436406511	7062	0.21398314800947793	0.21398314800947793	0
0.9259259259259259	175592	0.37695248671926085	0.3800360858492713	0.42963907827958375	6788	0.19890752000281184	0.19890752000281184	0
0.9464464464464465	148948	0.27454106267769274	0.27601421642151985	0.4232211910874298	7230	0.28232881259243486	0.28232881259243486	0
0.8733733733733734	216210	0.43908775685888124	0.4407935003062701	0.4374804052698869	6726	0.21495097628010584	0.21495097628010584	0
0.8898898898898899	176186	0.4461596787815937	0.44740773498363773	0.44069315676749166	6794	0.15055615710583675	0.15055615710583675	0
0.8738738738738738	208978	0.35361191342917675	0.3548525557576019	0.44453515238765534	6566	0.21736069242073294	0.21736069242073294	0
0.9364364364364365	235664	0.4194729824149833	0.4187050392818914	0.4331411623268601	7180	0.21993025973450922	0.21993025973450922	0
0.9039039039039038	229894	0.35389565354426983	0.3593742059603776	0.43879734617736094	6902	0.14722938569720592	0.14722938569720592	0
0.8303303303303303	161890	0.3149916254782933	0.3186401909314875	0.44316398812128205	6266	0.17571460905115557	0.17571460905115557	0
0.9479479479479479	157584	0.47039360646522765	0.47312464870904525	0.4065817532402513	7144	0.1743582682793488	0.1743582682793488	0
0.91991991991992	199320	0.375515310405194	0.3785934411559677	0.43324917168594174	6796	0.18110251448620882	0.18110251448620882	0
0.972972972972973	155876	0.31502035737982026	0.31562366697251	0.41849785445345394	7170	0.2216026113106942	0.2216026113106942	0
0.8953953953953954	232430	0.4486550871174339	0.4474512418452091	0.4298778132335428	6746	0.20167015910174566	0.20167015910174566	0
0.8488488488488488	195076	0.3823311108534011	0.3866455307842447	0.4476253279283163	6476	0.21301362098361837	0.21301362098361837	0
0.9164164164164164	179158	0.24898525264982393	0.24996789292076868	0.43316063127682103	6964	0.17706647394293604	0.17706647394293604	0
0.95995995995996	164310	0.33524978044161247	0.33765802829719305	0.4174531050242549	7056	0.21362680007814105	0.21362680007814105	0
0.9644644644644644	182620	0.4386907898673733	0.4389160224034436	0.4186840769193094	7250	0.22671763802820605	0.22671763802820605	0
0.9479479479479479	141740	0.21366357261214836	0.22263804626256373	0.41473562201910547	7078	0.21267619319868378	0.21267619319868378	0
0.9094094094094094	180414	0.3397235789518474	0.3408940503596516	0.4329417156248106	6838	0.19823593128738923	0.19823593128738923	0
0.9764764764764765	221416	0.4642448391110921	0.46723221596573533	0.4222033546483413	7346	0.18189470460310642	0.18189470460310642	0
0.914914914914915	199004	0.37928156396636853	0.3814401012427195	0.4260161832785539	6738	0.15766458331372496	0.15766458331372496	0
0.9434434434434434	202760	0.4396681061302538	0.4406637220829816	0.4332014479144109	7126	0.2013616472577209	0.2013616472577209	0
0.8853853853853854	262320	0.5135912303225899	0.5135401498834211	0.45360800978263155	6852	0.19459765418505146	0.19459765418505146	0
0.8908908908908909	142944	0.2709910505298492	0.2750373203404534	0.4218002088041352	6686	0.1813824394050862	0.1813824394050862	0
0.9129129129129129	283508	0.46452929149317745	0.46642524723717177	0.43789885684205704	6958	0.19071155959079014	0.19071155959079014	0
0.8948948948948949	147548	0.2838539065054974	0.2874433540966434	0.43226985169862037	6820	0.20863886634623835	0.20863886634623835	0
0.93993993993994	176438	0.26115997180168704	0.26255129909247327	0.41694433930464775	6918	0.18937077651074574	0.18937077651074574	0
0.9174174174174174	120630	0.35644634131396924	0.36032395490803687	0.4072261375344535	6802	0.160067978254103	0.160067978254103	0
0.9514514514514515	206332	0.41542923775274565	0.4164670351724995	0.4200728267890815	7074	0.17235459601474537	0.17235459601474537	0
0.9674674674674675	198566	0.41110258450128545	0.41114977604698283	0.4198035752333997	6978	0.16977317459385557	0.16977317459385557	0
0.944944944944945	230120	0.49102890945603633	0.4916518185801057	0.4330897873222293	7092	0.18749004946531053	0.18749004946531053	0
0.8738738738738738	177316	0.3525698649505938	0.3546765645628462	0.43524383609974704	6590	0.27286818069413205	0.27286818069413205	0
0.8908908908908909	289978	0.49576638088103375	0.49709877303376004	0.4573742303435459	6822	0.18562991473836687	0.18562991473836687	0
0.8808808808808809	142752	0.36033409436115404	0.36433671643203985	0.43007808001490316	6744	0.21525434890143091	0.21525434890143091	0
0.928928928928929	176276	0.33775446262392483	0.33755990438016437	0.42388115415927957	7058	0.18701474367962684	0.18701474367962684	0
0.9329329329329329	237436	0.4090247082557321	0.41094486552200965	0.44013418965617035	7126	0.2060943602679238	0.2060943602679238	0
0.938938938938939	308420	0.5158467635871579	0.5168400097256229	0.43789141436949547	7174	0.17851101842777833	0.17851101842777833	0
0.8993993993993994	153862	0.2833228822949065	0.2840676874610021	0.43229573359627055	6834	0.16637298220570046	0.16637298220570046	0
0.8278278278278278	312038	0.5948315434045555	0.5949805459176842	0.4574572197704816	6490	0.20050707340874258	0.20050707340874258	0
0.8428428428428428	223686	0.5242535944061579	0.5253153495629509	0.44304516284621	6438	0.14817153394634197	0.14817153394634197	0
0.9029029029029029	263536	0.42300051865714494	0.4227899017796284	0.4341177200356021	6894	0.15144754558343487	0.15144754558343487	0
0.9574574574574575	166472	0.41389350784303697	0.4136259233449659	0.42599809213153933	7300	0.18875955576564182	0.18875955576564182	0
0.9314314314314315	178638	0.2622540255258418	0.26521657149670064	0.4141063971637236	6856	0.2002660688124501	0.2002660688124501	0
0.9424424424424425	285548	0.4328249068099596	0.4326589641365105	0.4458758985373741	7176	0.2163656378657397	0.2163656378657397	0
0.9219219219219219	144600	0.32443534920632433	0.32783415000985017	0.4277325384405985	7014	0.1893257749411051	0.1893257749411051	0
0.9364364364364365	151436	0.23958823887224118	0.24201551436316637	0.41988701876468465	7124	0.18550998137867644	0.18550998137867644	0
0.9144144144144144	132134	0.25469803238289923	0.2579787938059382	0.40607228733718587	6782	0.1459491275210122	0.1459491275210122	0
0.8823823823823824	137820	0.27986795215594895	0.2811568694111107	0.42321302651215903	6652	0.2946022214076925	0.2946022214076925	0
0.9369369369369369	194576	0.3367023117193049	0.33843171575288206	0.4272125637280118	7132	0.17770462017965125	0.17770462017965125	0
0.9179179179179179	243790	0.5104583136584867	0.5102842649919784	0.44366898330473464	6996	0.18350242527053975	0.18350242527053975	0
0.8948948948948949	326344	0.5866081870084833	0.5866731870976866	0.4570709576610499	6830	0.20626213771338994	0.20626213771338994	0
0.934934934934935	163000	0.3559263657995427	0.3584731651418185	0.4184824166633619	7060	0.18703521577418908	0.18703521577418908	0
0.9234234234234234	180718	0.4170391195228227	0.41769473271648894	0.4297694994472969	7008	0.24783930421744055	0.24783930421744055	0
0.8953953953953954	226944	0.4380244314270981	0.44007072283324056	0.43783513784957834	6756	0.22253179977634976	0.22253179977634976	0
0.8458458458458459	191050	0.3951626922961448	0.39528055032357023	0.44477957215887326	6470	0.2096034365281511	0.2096034365281511	0
0.9274274274274275	221740	0.36567517424729973	0.36557903905937944	0.42686941125287836	6894	0.17051827864603705	0.17051827864603705	0
0.9054054054054054	223970	0.44870567734520855	0.44932666682664724	0.43136682646314206	6840	0.2025109406123324	0.2025109406123324	0
0.9374374374374375	107010	0.29487775161633517	0.30343877764758526	0.3977840123219513	6690	0.1664808840902256	0.1664808840902256	0
0.943943943943944	208186	0.416342729185401	0.41686635828391255	0.4362683292895428	7192	0.19809694103732306	0.19809694103732306	0
0.8868868868868869	164810	0.3431830822579318	0.34888775108700115	0.4361676633221884	6756	0.21657577748957774	0.21657577748957774	0
0.955955955955956	214570	0.35744701892680286	0.3586668093617557	0.4417680744551518	7244	0.21267469580037213	0.21267469580037213	0
0.8753753753753754	251354	0.5402501407429542	0.5388707456065709	0.4471655182336635	6650	0.20577137685391958	0.20577137685391958	0
0.8683683683683684	193504	0.3531975104583618	0.3555010643258196	0.4307799738200726	6540	0.1458535028818599	0.1458535028818599	0
0.8938938938938938	186544	0.24530018792978112	0.24909532565772968	0.44219383460762013	6946	0.14418749488526889	0.14418749488526889	0
0.8578578578578578	138126	0.3077228685464046	0.31263339578115895	0.41884358026262	6408	0.1789150930101496	0.1789150930101496	0
0.8163163163163163	217344	0.3510353160003865	0.34930114503764215	0.4466196175729071	6188	0.16347475821897875	0.16347475821897875	0
0.967967967967968	236152	0.4784868478286863	0.4797828588857534	0.4388996080427828	7266	0.18376154856596771	0.18376154856596771	0
0.9104104104104104	132228	0.19035487688736202	0.19468588495748138	0.42089204089276794	6886	0.19247817061682976	0.19247817061682976	0
0.8868868868868869	225714	0.4779758157495297	0.4783807456942197	0.43426156345588535	6802	0.20617016824245332	0.20617016824245332	0
0.948948948948949	142492	0.26389655399885953	0.26562015300270286	0.4207747729971187	7128	0.17506555968642026	0.17506555968642026	0
0.8858858858858859	183420	0.38296349233908195	0.38663728671079445	0.4354686803611894	6662	0.20343156811370705	0.20343156811370705	0
0.928928928928929	200310	0.45276878385116776	0.45180062970930995	0.4322598681092278	6980	0.20682963166078225	0.20682963166078225	0
0.9579579579579579	237826	0.3953010656308065	0.39468545624448526	0.42943650114691007	7232	0.19562993770436846	0.19562993770436846	0
0.9374374374374375	218264	0.356862993519958	0.3574984268914944	0.4360548936318191	7206	0.19655152465594686	0.19655152465594686	0
0.8528528528528528	158134	0.23682117401555255	0.23816820414825102	0.43443396801410145	6468	0.1365872216470077	0.1365872216470077	0
0.9724724724724725	199646	0.395107858801945	0.39653892815174785	0.42297377271226066	7304	0.26927784605648475	0.26927784605648475	0
0.9684684684684685	190850	0.45374908641565775	0.4541714230882603	0.43611650989951073	7430	0.21193574572904442	0.21193574572904442	0
0.9519519519519519	210294	0.3076933467091298	0.3105106509722954	0.4346244468990023	7074	0.14136889893878113	0.14136889893878113	0
0.9209209209209209	273708	0.5359650323331205	0.5377888650271815	0.4509312111344912	6956	0.187428126077404	0.187428126077404	0
0.9714714714714715	260880	0.5057818187743832	0.5048153453904862	0.43205790422565676	7240	0.18461058603858344	0.18461058603858344	0
0.9734734734734735	178412	0.4408573186819883	0.44402929022229787	0.43059357609800913	7540	0.17397896715577127	0.17397896715577127	0
0.9054054054054054	185196	0.4711065878402114	0.47153010744918944	0.43945650494929406	6952	0.22158159784628725	0.22158159784628725	0
0.8913913913913913	191888	0.4329149821001298	0.43340008357185905	0.4297130512733715	6620	0.14491394464291635	0.14491394464291635	0
0.9419419419419419	181662	0.32077634085643125	0.32029631394047914	0.4260062001133889	7026	0.23071635516418823	0.23071635516418823	0
0.8843843843843844	210126	0.3465907394519645	0.3474188312140667	0.448238785007741	6502	0.1883629924037943	0.1883629924037943	0
0.9654654654654655	180288	0.32862741112786714	0.33157395391883376	0.42665024311507277	7268	0.16273238092481693	0.16273238092481693	0
0.9129129129129129	194164	0.3130729135810313	0.31491111127489857	0.4309426237617268	6972	0.1815055218665545	0.1815055218665545	0
0.9654654654654655	153246	0.22373523986842497	0.22805133026580615	0.4003587782953517	7090	0.18573924680822665	0.18573924680822665	0
0.9704704704704705	271132	0.48644785928811357	0.4890299308578073	0.41966040263982807	7270	0.16973956657625597	0.16973956657625597	0
0.9019019019019019	176768	0.3258035082662006	0.3280458166315722	0.44117073370329685	6738	0.16898161448384427	0.16898161448384427	0
0.9229229229229229	256810	0.524547340499716	0.5236901273871067	0.4503087709476253	7022	0.2788673513367167	0.2788673513367167	0
0.9124124124124124	175232	0.39794677467986206	0.39753111692008375	0.4246505804731857	6960	0.2836349362366773	0.2836349362366773	0
0.8703703703703703	153752	0.4409487240640117	0.443632775472917	0.42589383613829157	6508	0.17531651937934803	0.17531651937934803	0
0.8738738738738738	185488	0.4419204053378813	0.4462044306112816	0.43476188161931845	6576	0.1791052618444954	0.1791052618444954	0
0.8593593593593594	181490	0.3291198888957031	0.33031575636228705	0.44147284521751917	6492	0.15753754579667084	0.15753754579667084	0
0.8923923923923924	176010	0.26263807212881735	0.2621542173463813	0.42127900124449397	6764	0.2411543364727453	0.2411543364727453	0
0.9624624624624625	115844	0.3411805862133205	0.3445850043562011	0.4107091710100034	7224	0.24935515100962824	0.24935515100962824	0
0.9534534534534534	237892	0.45177062838466076	0.4530765183744381	0.41632991140960307	7172	0.21902291959318101	0.21902291959318101	0
0.8283283283283284	184530	0.3364939637097761	0.3385855777291245	0.4379274424804871	6184	0.18237694030588308	0.18237694030588308	0
0.950950950950951	221594	0.3843447608625656	0.38467885406232394	0.43825806828345976	7240	0.2653160476408235	0.2653160476408235	0
0.8488488488488488	202202	0.2863868039803217	0.28967611097564483	0.44162551105814357	6540	0.15283549161159443	0.15283549161159443	0
0.8848848848848849	180856	0.3740919854511065	0.37717529838660635	0.4226024932631743	6644	0.2017487926228911	0.2017487926228911	0
0.9479479479479479	216208	0.44273533720796043	0.44527946332897483	0.42249032038099554	7026	0.18490772630608485	0.18490772630608485	0
0.958958958958959	175724	0.47191956175709804	0.47292135057892487	0.41688929572092664	7086	0.22394214588546846	0.22394214588546846	0
0.938938938938939	161888	0.36431804792583455	0.3662668836942133	0.4216557213693903	7156	0.18479461962021235	0.18479461962021235	0
0.9424424424424425	169774	0.2259029444726243	0.22952391478735373	0.42475340120691857	7168	0.19359930864062827	0.19359930864062827	0
0.9279279279279279	262840	0.5154526266215018	0.518294774616979	0.43730268423095203	7006	0.20468859626159736	0.20468859626159736	0
0.9479479479479479	137278	0.28397456454262116	0.28386790602173056	0.4109935406813725	7092	0.20543392565187646	0.20543392565187646	0
0.9254254254254254	183222	0.3229450758027629	0.32109281758312946	0.4269563750850451	7026	0.18480016071960986	0.18480016071960986	0
0.8443443443443444	331790	0.6036066403741778	0.6028949080872577	0.45880910423392957	6348	0.1994891043510568	0.1994891043510568	0
0.9479479479479479	238652	0.5198964548685328	0.5204239410012493	0.42237312242148994	7094	0.22791074676863518	0.22791074676863518	0
0.8798798798798799	203230	0.5027642142409516	0.5044241815735057	0.4319843389342246	6708	0.16299144123316345	0.16299144123316345	0
0.8893893893893894	220118	0.4718987799873318	0.4708737172405089	0.43811702463711494	6778	0.24070878110977614	0.24070878110977614	0
0.8873873873873874	133546	0.2993771735474519	0.3023671847880213	0.42743088209807817	6666	0.22650253484554925	0.22650253484554925	0
0.9214214214214214	152992	0.457962487401933	0.4590235197934346	0.42664859843252967	6950	0.18345429078844705	0.18345429078844705	0
0.9604604604604605	186056	0.42118412607140066	0.4250587920876197	0.41226420203404485	7062	0.1891135541826169	0.1891135541826169	0
0.7927927927927928	131294	0.2940545372202536	0.29475360338507883	0.43478632265572986	6016	0.18348412732678993	0.18348412732678993	0
0.9274274274274275	200872	0.3042722379361681	0.3048100699712952	0.4171943149854043	7030	0.21799305311401287	0.21799305311401287	0
0.9109109109109109	167534	0.411046838607567	0.41209232255226746	0.42414203389048	6866	0.16685795327150468	0.16685795327150468	0
0.9404404404404404	223112	0.4574091395095984	0.458985842988032	0.43297405278297924	7186	0.21122151621961807	0.21122151621961807	0
0.8568568568568569	164424	0.34741480680733916	0.3487627714906584	0.42441504920556095	6504	0.25123106496892467	0.25123106496892467	0
0.9354354354354354	182084	0.3652031013742054	0.36692564733749555	0.4270342447291537	7158	0.21139577518328162	0.21139577518328162	0
0.9054054054054054	168388	0.47312105816860567	0.47436914639824457	0.4204746361946657	6616	0.16731313644890025	0.16731313644890025	0
0.8843843843843844	256188	0.4922222149394118	0.4920777571642944	0.4364719477091877	6756	0.1745490478683068	0.1745490478683068	0
0.943943943943944	109080	0.2839136029320734	0.2854201438380245	0.3930576722119404	7074	0.17974708230401432	0.17974708230401432	0
0.9304304304304304	179062	0.3678389801556117	0.3719014801781039	0.4255938274124891	7062	0.1499055006016534	0.1499055006016534	0
0.8873873873873874	185276	0.29797210583808603	0.29872620918280374	0.4352170108230107	6816	0.16659719582401156	0.16659719582401156	0
0.9374374374374375	150184	0.21027064080232258	0.2111554903498402	0.41163213923973324	6952	0.209055401145751	0.209055401145751	0
0.8928928928928929	289020	0.4282509000207058	0.42996364603048753	0.45352110534322293	6824	0.1450324358369014	0.1450324358369014	0
0.9384384384384384	155006	0.44770467892654875	0.4494140496502338	0.4319002608031548	7192	0.18552303395193814	0.18552303395193814	0
0.8458458458458459	251442	0.4063920822441849	0.40860124740550097	0.4493715585416314	6430	0.15392829945427883	0.15392829945427883	0
0.9264264264264265	150940	0.2774642343686718	0.28207434121907576	0.43117548088079327	7022	0.22283678270858756	0.22283678270858756	0
0.9719719719719719	151310	0.4688698084208619	0.4687498028931705	0.40419135202105894	7196	0.21174685288784828	0.21174685288784828	0
0.7567567567567568	178850	0.30868107884218116	0.3085343551914522	0.44303225788315737	5714	0.2161096519384336	0.2161096519384336	0
0.9009009009009009	161984	0.41857530561598827	0.420286783611772	0.42719408328427844	6838	0.18041043406544371	0.18041043406544371	0
0.9369369369369369	165604	0.3930911283458668	0.3932663104516101	0.4213283055645675	6950	0.1750413846646022	0.1750413846646022	0
0.9469469469469469	259830	0.5259910828267721	0.5265842117816271	0.4203642187577896	7068	0.2005395624712172	0.2005395624712172	0
0.9024024024024024	229558	0.33391724666534595	0.33530547616447065	0.44111844088564256	6946	0.12158392292951488	0.12158392292951488	0
0.8778778778778779	169794	0.33267724388193853	0.3338014799825887	0.42633298056993335	6732	0.1920244343252124	0.1920244343252124	0
0.8858858858858859	179958	0.3927583765827664	0.39349102252883406	0.43536420254357844	6788	0.20951357814331076	0.20951357814331076	0
0.967967967967968	141968	0.35694048614073687	0.3579017136486701	0.42969064968266585	7384	0.19048167767693847	0.19048167767693847	0
0.9334334334334334	223950	0.3521417623374333	0.3535461751805861	0.44218881027961826	7134	0.1878284225921013	0.1878284225921013	0
0.8718718718718719	138938	0.2550714542779814	0.2573747294037199	0.42784274926575394	6602	0.2000471233184232	0.2000471233184232	0
0.8573573573573574	145134	0.22969412735855135	0.2315044613404264	0.4299886022499772	6498	0.15864042258254904	0.15864042258254904	0
0.8923923923923924	213262	0.30951897887746316	0.31161112275347014	0.4362788519359842	6790	0.1768690521271288	0.1768690521271288	0
0.9529529529529529	133224	0.37004234711444456	0.37292938313352314	0.40368544463536016	7096	0.1813535270891836	0.1813535270891836	0
0.9459459459459459	143716	0.28387861014287	0.28650405597506984	0.4129539715803823	7082	0.24949995847655634	0.24949995847655634	0
0.9169169169169169	131022	0.3020405635305207	0.3059061616344013	0.4194780656946711	6892	0.22974421381508753	0.22974421381508753	0
0.8798798798798799	206440	0.44267278660311427	0.4449682713511636	0.4324082451715436	6708	0.19150657156985706	0.19150657156985706	0
0.8743743743743744	176420	0.28763247117683727	0.2886149252182124	0.44141691657545956	6628	0.18932247916011738	0.18932247916011738	0
0.928928928928929	252350	0.5272247252187064	0.528146251621383	0.4474519608227872	7110	0.19117862431660756	0.19117862431660756	0
0.8953953953953954	205146	0.3090886914599488	0.31027999792783784	0.4401059580635816	6780	0.16977366047816211	0.16977366047816211	0
0.9244244244244244	323256	0.5304772440034466	0.531275299919922	0.4439239669489427	7108	0.20253354867634668	0.20253354867634668	0
0.9109109109109109	159456	0.3918915340095361	0.39320188934697015	0.4278568914725711	6768	0.1975480889659694	0.1975480889659694	0
0.9524524524524525	130292	0.34579084264681814	0.3447527069065282	0.4175233700688275	7126	0.25895374714430197	0.25895374714430197	0
0.9494494494494494	142318	0.34736633909748926	0.3503866846670439	0.4190251323570151	7290	0.1979633078252259	0.1979633078252259	0
0.9514514514514515	130200	0.23738096327322558	0.23852466680931717	0.39569511955557296	6824	0.17030417360504924	0.17030417360504924	0
0.8778778778778779	199120	0.36922742908414713	0.3707137677324774	0.44189622233569215	6522	0.23752502833307926	0.23752502833307926	0
0.9229229229229229	148512	0.29349268397831074	0.2975909098849119	0.4172543609880359	6932	0.20565727236184095	0.20565727236184095	0
0.95995995995996	177702	0.19487407836956674	0.20109859998662788	0.4228965286541418	7210	0.1481638826029093	0.1481638826029093	0
0.92992992992993	222618	0.42688203433717026	0.4269409909294445	0.4198208498207518	6946	0.18774171036438084	0.18774171036438084	0
0.9524524524524525	161092	0.27958994187133657	0.2814790368006925	0.4181799380110817	7086	0.15297114873877748	0.15297114873877748	0
0.9284284284284284	213832	0.3470092535881217	0.3486640800398702	0.43772814336369964	7052	0.1960890690836713	0.1960890690836713	0
0.8993993993993994	172542	0.4425022823662214	0.44362312213199273	0.435858039333364	6884	0.2604187860043227	0.2604187860043227	0
0.9064064064064064	207778	0.37109340519708733	0.3708271542285656	0.42962344446809947	6908	0.2019657462343899	0.2019657462343899	0
0.914914914914915	174198	0.34221636750695056	0.34257580940890914	0.43672814828759005	6912	0.24227148246880106	0.24227148246880106	0
0.9444444444444444	180618	0.3636028854023033	0.36399885390698916	0.4188398202795567	6984	0.20479486559631616	0.20479486559631616	0
0.9004004004004004	275858	0.504163116219978	0.5038557708064629	0.4442528659034853	6836	0.16983726635644206	0.16983726635644206	0
0.9069069069069069	186078	0.3949705635340179	0.39362295852124785	0.43821023771408824	6950	0.1973667310791693	0.1973667310791693	0
0.9334334334334334	210044	0.33579778793591025	0.3369573656428041	0.4374856887470981	7086	0.1974944560814849	0.1974944560814849	0
0.9069069069069069	200336	0.3665783844303292	0.3680116697150014	0.4450709793661867	6982	0.1485498974548632	0.1485498974548632	0
0.962962962962963	156202	0.43637334753379414	0.4374731220734623	0.4132292016659487	7210	0.20757821046934924	0.20757821046934924	0
0.8758758758758759	176682	0.43860261367838604	0.44226270652912436	0.4256249980145696	6518	0.20201461710301827	0.20201461710301827	0
0.9734734734734735	180542	0.3715464230128318	0.3744458235677719	0.4379321160779068	7408	0.1856371151207712	0.1856371151207712	0
0.8698698698698699	195286	0.3351163209426442	0.33946823140279925	0.44363075570931665	6498	0.16805374000364534	0.16805374000364534	0
0.8508508508508509	317984	0.5014329857532185	0.5017539840124762	0.4570668697336617	6456	0.16723732679991724	0.16723732679991724	0
0.9259259259259259	157452	0.2684523352129075	0.2709723116984536	0.4321547715207077	6886	0.1637075764920388	0.1637075764920388	0
0.8803803803803804	334852	0.4559464223808156	0.4564047988236701	0.4434075082921447	6700	0.11748855012461035	0.11748855012461035	0
0.8878878878878879	202372	0.45323833066401353	0.45261664874035873	0.4363296513920965	6744	0.27514499155585487	0.27514499155585487	0
0.9259259259259259	191310	0.25721499716384755	0.25768123051802644	0.430139758056242	7044	0.15769467788871197	0.15769467788871197	0
0.965965965965966	225384	0.5432618646175865	0.5439018733359156	0.43289957833204235	7306	0.20978149489856274	0.20978149489856274	0
0.9159159159159159	171982	0.3984889288107798	0.4001299885788927	0.43138738672746846	6766	0.25393642557491286	0.25393642557491286	0
0.9669669669669669	223636	0.4571181166834197	0.4598510800830186	0.4309680429103207	7360	0.23047314155891566	0.23047314155891566	0
0.9204204204204204	197992	0.3786285623653605	0.37742640902654245	0.4264789383093715	6874	0.1952272667608952	0.1952272667608952	0
0.8998998998998999	221194	0.4643431339520638	0.4664807287027196	0.4369423536822265	6664	0.32998661996942	0.32998661996942	0
0.8458458458458459	161674	0.3453196609316702	0.3471824386999743	0.43621161633971944	6320	0.09898495351015146	0.09898495351015146	0
0.9414414414414415	208656	0.4096347362043199	0.411483418724327	0.4376107797427946	7148	0.21278721206940007	0.21278721206940007	0
0.8778778778778779	158096	0.2899100150446867	0.2925122149925612	0.423821089517795	6468	0.20389588564556688	0.20389588564556688	0
0.95995995995996	146776	0.3207623925674748	0.32245184533607696	0.4162716940882951	7190	0.20491143212472906	0.20491143212472906	0
0.8383383383383384	172266	0.4023202458215573	0.4021815370937621	0.4401828158233452	6414	0.25591563704525516	0.25591563704525516	0
0.8868868868868869	157050	0.43807154358914696	0.44038372658014335	0.4265020209915667	6660	0.21595187385747877	0.21595187385747877	0
0.962962962962963	214626	0.46692155985585637	0.46735778806345357	0.42590142418606264	7210	0.21841754916293873	0.21841754916293873	0
0.9079079079079079	359506	0.45106754730157506	0.4540133261017598	0.44639085653615496	6974	0.12062457216623755	0.12062457216623755	0
0.9694694694694694	206730	0.48001813737632026	0.48228136646267783	0.4097230917894597	7076	0.24554016945744073	0.24554016945744073	0
0.974974974974975	154680	0.22664269487037317	0.22649812605869102	0.42147722737108057	7322	0.18359403067171998	0.18359403067171998	0
0.8783783783783784	208170	0.4725531986103002	0.47389017921613075	0.44140736175979894	6666	0.2046701063708542	0.2046701063708542	0
0.9764764764764765	139270	0.3484842903641945	0.3516356634983584	0.4032322423047683	7212	0.22504744450226344	0.22504744450226344	0
0.9529529529529529	160380	0.32921579597137723	0.33270790801835387	0.4188172623136855	7188	0.21021141617058342	0.21021141617058342	0
0.9109109109109109	231662	0.35452372273039306	0.3547415706314353	0.44070460661411553	6864	0.16859159341807986	0.16859159341807986	0
0.8488488488488488	236206	0.3822963938041749	0.38593370585318665	0.4432503959820184	6472	0.220701293560706	0.220701293560706	0
0.8918918918918919	165790	0.42646827209155225	0.4276572869285314	0.42272259022562664	6694	0.1925613612779743	0.1925613612779743	0
0.92992992992993	258714	0.4784327505586655	0.4791852565864961	0.43776861983651844	6894	0.20767785294986202	0.20767785294986202	0
0.9774774774774775	256176	0.5307463608225795	0.5305267191680518	0.42492206803817534	7276	0.22374846511587532	0.22374846511587532	0
0.9504504504504504	289350	0.4078734579932142	0.4099846737384313	0.4307996898692801	7212	0.1790178209888082	0.1790178209888082	0
0.928928928928929	261212	0.3675494618373685	0.369136664143801	0.4374819361950872	7080	0.15143289905989363	0.15143289905989363	0
0.955955955955956	246868	0.48066303870145016	0.4801222686121858	0.4396872856803454	7248	0.247672484314163	0.247672484314163	0
0.9094094094094094	202692	0.2858025228050686	0.286909973991132	0.4421875259130674	6760	0.1511717441689947	0.1511717441689947	0
0.9244244244244244	152560	0.31771617607402175	0.319950268691202	0.4270174421302591	7004	0.19571652582124788	0.19571652582124788	0
0.9554554554554554	187670	0.41371693443666674	0.4169538657098507	0.41907713750338466	7294	0.22720993466217224	0.22720993466217224	0
0.9264264264264265	182468	0.5141894617278787	0.5157491166443801	0.43499981354404854	7040	0.2598109122937484	0.2598109122937484	0
0.9274274274274275	156328	0.3963286916801226	0.3985327869938134	0.4172794344828729	6802	0.2210654097262665	0.2210654097262665	0
0.8573573573573574	188234	0.42979698907333724	0.427839848422962	0.4431807143420021	6496	0.22837376777287705	0.22837376777287705	0
0.9574574574574575	230588	0.33036395461036827	0.3342343280694401	0.43230643888457226	7020	0.18057584056216242	0.18057584056216242	0
0.92992992992993	213968	0.3813095424622923	0.38346135525836506	0.4390679803151119	7102	0.17701257270668277	0.17701257270668277	0
0.9384384384384384	152380	0.26599305603903334	0.2696652617164474	0.4218715905539389	6942	0.2764307077612537	0.2764307077612537	0
0.8243243243243243	165982	0.37605854324959775	0.37645610388240164	0.4368198685156171	6248	0.21233374980755568	0.21233374980755568	0
0.8673673673673674	121790	0.31647850720914145	0.31971890176568185	0.4258790767406964	6448	0.23109486905918486	0.23109486905918486	0
0.9474474474474475	190864	0.3612859283583215	0.36391872998714964	0.4298451458432688	7108	0.16918382223730705	0.16918382223730705	0
0.8728728728728729	172454	0.49851791282146746	0.4974749486211001	0.43740644988009225	6498	0.20634022410654912	0.20634022410654912	0
0.9309309309309309	159460	0.3505494963826474	0.35155475270671727	0.4189781855756632	6982	0.24293984350554482	0.24293984350554482	0
0.9694694694694694	154236	0.25447697639031147	0.25679096622041453	0.3963736665111947	7050	0.24405060974684487	0.24405060974684487	0
0.9594594594594594	193566	0.36204476549864745	0.36074283212358216	0.4264070249571172	7164	0.2431642929983884	0.2431642929983884	0
0.9359359359359359	110072	0.29281225350948065	0.29744020237854557	0.39265107535570315	6826	0.20073936999511643	0.20073936999511643	0
0.8758758758758759	163222	0.3933719139996143	0.39465083684819163	0.43018089540431664	6802	0.24063039980100687	0.24063039980100687	0
0.9029029029029029	336200	0.5100957476363364	0.5110411271508797	0.4548742560136459	6822	0.13737555178896158	0.13737555178896158	0
0.9479479479479479	254524	0.3637158190610161	0.3680221269887631	0.4140815600655301	7024	0.18191827992415419	0.18191827992415419	0
0.9319319319319319	201852	0.3459040542515483	0.3459962359170385	0.43584819830735455	7102	0.17863541052245738	0.17863541052245738	0
0.9304304304304304	198664	0.450411336863338	0.4500626808037097	0.42694367743021333	7024	0.21135362529955043	0.21135362529955043	0
0.933933933933934	231432	0.41787813106253185	0.41878198727514154	0.42214933963038564	7054	0.1841179115664612	0.1841179115664612	0
0.9234234234234234	137180	0.31965963996691815	0.32351929007469227	0.4105693511674073	6978	0.14443932290299397	0.14443932290299397	0
0.9334334334334334	184214	0.34208024675218623	0.3438785513979433	0.4188874835061091	6990	0.1569777493236093	0.1569777493236093	0
0.9194194194194194	390504	0.5080084100538369	0.5081724006565441	0.4432998266943664	7096	0.20184020097096508	0.20184020097096508	0
0.8613613613613613	227856	0.3957248620685249	0.39583429909840084	0.436797447784838	6412	0.1609497590400633	0.1609497590400633	0
0.9209209209209209	164424	0.3407884004762059	0.34304386835812306	0.42026477157509295	6878	0.2262409719928346	0.2262409719928346	0
0.9169169169169169	228654	0.48887586965152663	0.4906076318247475	0.42427178919937597	6800	0.2186736925963618	0.2186736925963618	0
0.9284284284284284	212236	0.4412910885574472	0.4399405613160322	0.4405034613775341	7002	0.21657423313897367	0.21657423313897367	0
0.968968968968969	237220	0.49688669593162077	0.49719975296540525	0.4383437024320369	7278	0.24294733796731555	0.24294733796731555	0
0.9469469469469469	220558	0.5395878500681695	0.5401456827062238	0.4361585833303532	7124	0.19374187024693507	0.19374187024693507	0
0.933933933933934	263812	0.5130518444902902	0.5122782885997248	0.43960478821976096	7094	0.20616378272782238	0.20616378272782238	0
0.9134134134134134	344158	0.521925323552597	0.5233219873388666	0.45639582329254424	6958	0.17047209756046752	0.17047209756046752	0
0.9054054054054054	131080	0.28292753146648186	0.28355109450491983	0.42631211140983205	6914	0.1577493483277815	0.1577493483277815	0
0.973973973973974	192040	0.3023178523443832	0.3049548321792433	0.42093851429995904	7342	0.23685939460241986	0.23685939460241986	0
0.9164164164164164	141366	0.4253643912721842	0.42707616492471906	0.41758763416210604	6906	0.19992505490864299	0.19992505490864299	0
0.8963963963963963	186196	0.4331075227609388	0.4319931197720651	0.4425458406167248	6944	0.2186343049107926	0.2186343049107926	0
0.8973973973973974	201598	0.3924012665090934	0.3924107319561956	0.44208646387881595	6760	0.18349244353761315	0.18349244353761315	0
0.9474474474474475	255918	0.4204453624001998	0.4197035439242679	0.4429612441017589	7022	0.2144327548455947	0.2144327548455947	0
0.9239239239239239	176722	0.33633325313285073	0.3365358392882603	0.43276480529907474	6860	0.22091077965330022	0.22091077965330022	0
0.8828828828828829	261760	0.5218577613751196	0.5223891940002701	0.4536799852453875	6692	0.18594973601654102	0.18594973601654102	0
0.9694694694694694	137634	0.2516003503768398	0.25271629151063635	0.4025938942802442	7304	0.22667976632858947	0.22667976632858947	0
0.8988988988988988	172370	0.3794629763955758	0.3780162266756235	0.4280005920948444	6840	0.18379275942968662	0.18379275942968662	0
0.8533533533533534	178654	0.27680423760760314	0.2840676552315481	0.43709197598507693	6288	0.19694896597712	0.19694896597712	0
0.8688688688688688	176622	0.3545652688535564	0.3548043525938834	0.43901082480313663	6610	0.2276387699641693	0.2276387699641693	0
0.9179179179179179	205318	0.3912812812697676	0.3941538610389231	0.43119783322450594	7094	0.16364618213954313	0.16364618213954313	0
0.8783783783783784	239874	0.45732165133598934	0.4577426124094391	0.44907112507478386	6698	0.21102845770169246	0.21102845770169246	0
0.978978978978979	281450	0.5113046565642131	0.5117094397917622	0.4225308675831456	7292	0.2512001429966444	0.2512001429966444	0
0.9429429429429429	122536	0.20390560717941225	0.2053120732613186	0.4049431602308449	7120	0.2031392536184086	0.2031392536184086	0
0.9234234234234234	172226	0.3877898791083189	0.3897591824281071	0.4259793848561924	6954	0.1809807166926589	0.1809807166926589	0
0.9564564564564565	216906	0.4203744817601945	0.4225713996236663	0.4313095822715933	7330	0.18957942365141084	0.18957942365141084	0
0.944944944944945	247236	0.5138063432080868	0.514487285656094	0.4179020223709684	6864	0.20648959569280737	0.20648959569280737	0
0.9459459459459459	118168	0.32239591407571716	0.3235100862075813	0.3974255508995442	6888	0.22029120012531295	0.22029120012531295	0
0.9014014014014013	106788	0.2876772628232788	0.29162481337690666	0.4169422157093888	6856	0.27285236431827936	0.27285236431827936	0
0.7947947947947948	145354	0.2821720698375256	0.28698548894075804	0.43602720287098845	5992	0.11574401384093926	0.11574401384093926	0
0.8423423423423424	159812	0.36864633026721183	0.3705630298510412	0.4285507914978797	6314	0.21436371246311073	0.21436371246311073	0
0.9259259259259259	272292	0.4775665687556176	0.4788467929986937	0.4464165159759012	6994	0.18291533065766025	0.18291533065766025	0
0.8978978978978979	287948	0.539623393455376	0.5373752814402185	0.4411309594200634	6916	0.19154563958343998	0.19154563958343998	0
0.8893893893893894	282452	0.450924904191571	0.4521753355572419	0.4298926701280162	6726	0.1906012451683254	0.1906012451683254	0
0.9039039039039038	230204	0.3723669664140982	0.3726752268035259	0.43528996399399444	6916	0.23344511724560332	0.23344511724560332	0
0.8703703703703703	233188	0.46531686769001174	0.4705311918779683	0.4353627449890989	6446	0.16628488234648475	0.16628488234648475	0
0.9474474474474475	167444	0.28201799133015576	0.28273155603187067	0.4221385179559652	7202	0.220328848923569	0.220328848923569	0
0.9669669669669669	149320	0.25404381032825757	0.25540703097693407	0.4187092086696778	7254	0.2156688073225094	0.2156688073225094	0
0.9264264264264265	237402	0.4472510172393386	0.44823020834325267	0.4308712249633104	6892	0.21561621822076457	0.21561621822076457	0
0.8378378378378378	194660	0.3770042175653297	0.378489911984567	0.44122269334990766	6322	0.23683074017684178	0.23683074017684178	0
0.8528528528528528	149356	0.24877520184310412	0.24980852822385585	0.43358955175640795	6450	0.213062487680747	0.213062487680747	0
0.8933933933933934	372936	0.6076410004085749	0.6065856179784991	0.4551812356317586	6820	0.2000496649619743	0.2000496649619743	0
0.9394394394394394	196684	0.443113458675698	0.4453646697213119	0.41372306449547763	6984	0.19605002841561317	0.19605002841561317	0
0.8753753753753754	169096	0.20390463471636475	0.20529506777814263	0.423886937589854	6624	0.10269515949252243	0.10269515949252243	0
0.9524524524524525	245886	0.49572059807293595	0.497818737080895	0.43142774927640426	7134	0.2352361361646082	0.2352361361646082	0
0.8653653653653653	235508	0.4571588642991154	0.4574813928966598	0.4449137224687107	6736	0.1970986466312415	0.1970986466312415	0
0.9314314314314315	271102	0.5034641277226491	0.5042947742593091	0.4364567110138498	6944	0.22643235184931637	0.22643235184931637	0
0.8883883883883884	197154	0.35074226598001645	0.35318559035548863	0.43201314621068804	6808	0.16823942044422285	0.16823942044422285	0
0.8923923923923924	142828	0.24078257766179978	0.24402469303785812	0.4120909021047278	6450	0.1426409448255405	0.1426409448255405	0
0.9074074074074074	167142	0.37840547700592886	0.3807556705257971	0.4267007336732538	6886	0.24775930987155534	0.24775930987155534	0
0.9524524524524525	171686	0.34906220275566313	0.3526726156667516	0.40910357454305907	7164	0.20160850400941946	0.20160850400941946	0
0.9624624624624625	194972	0.3638321367804526	0.36705849178993516	0.4256668275135533	7290	0.17653528616992187	0.17653528616992187	0
0.8863863863863863	174188	0.35190352067575714	0.3545346937040546	0.4376053667556497	6664	0.22773636394935623	0.22773636394935623	0
0.9334334334334334	179798	0.3263608009908369	0.3293475163244412	0.4281158384165933	7014	0.2172423569444208	0.2172423569444208	0
0.8803803803803804	141774	0.28864795760959505	0.29073730410424903	0.4295253575959961	6610	0.2514539875896296	0.2514539875896296	0
0.962962962962963	246582	0.4195128539163808	0.42177251299880125	0.4211886006196261	7180	0.18633996370274855	0.18633996370274855	0
0.9054054054054054	200522	0.3747705659924362	0.37655801160922764	0.42895743939185094	6868	0.16439179865036693	0.16439179865036693	0
0.8203203203203203	179852	0.32647396975119497	0.3276299525183078	0.4417087242544621	6228	0.16888661203812824	0.16888661203812824	0
0.9569569569569569	177550	0.32888773967068813	0.3329508234640238	0.41928103252721677	7160	0.17691499694211227	0.17691499694211227	0
0.9204204204204204	197766	0.3764578230335921	0.3774315390108343	0.43244798549862	6926	0.22380215450104596	0.22380215450104596	0
0.9064064064064064	148810	0.3219813720796189	0.321639008516347	0.4241416616048512	6744	0.20786384951288234	0.20786384951288234	0
0.955955955955956	146168	0.2955233196790161	0.2965394584484334	0.4153792515079231	7112	0.24176001603381062	0.24176001603381062	0
0.8928928928928929	110048	0.27459796647810586	0.28234503149352647	0.41106006434084735	6564	0.20234517835908195	0.20234517835908195	0
0.8883883883883884	180942	0.3966704021137177	0.400201722516227	0.43941080319434683	6818	0.2596360491894674	0.2596360491894674	0
0.8458458458458459	150378	0.38006874212961406	0.38163172419031616	0.4157718457201534	6342	0.21814916403232648	0.21814916403232648	0
0.9094094094094094	201678	0.4095226630910501	0.4090698029863887	0.43275304454111563	6814	0.23201694861976171	0.23201694861976171	0
0.8283283283283284	197694	0.47022045514693883	0.4712744841029503	0.44455537419394503	6404	0.17831874883741483	0.17831874883741483	0
0.8888888888888888	235344	0.4559352600781265	0.45674688913695466	0.4410544027830879	6708	0.17802652384634565	0.17802652384634565	0
0.9219219219219219	202420	0.42931503427838064	0.42967220461701416	0.4262339050694854	6930	0.23126942837100495	0.23126942837100495	0
0.955955955955956	148608	0.1649290393927026	0.1694177867031901	0.4164956790543932	7116	0.18741841353979272	0.18741841353979272	0
0.8558558558558559	302044	0.5643919461190887	0.5636054586665661	0.449171277937672	6450	0.17755534763160452	0.17755534763160452	0
0.924924924924925	205114	0.31408803725241946	0.31484743233571827	0.4399974073861404	7064	0.22078554246770143	0.22078554246770143	0
0.8128128128128128	132526	0.2823383593546432	0.2842993140046527	0.43058600064623603	6056	0.17188360166281205	0.17188360166281205	0
0.93993993993994	223512	0.5362301309775291	0.53805068469663	0.4309237689129162	7144	0.19897965483828225	0.19897965483828225	0
0.8933933933933934	151194	0.3003497793532421	0.3021683215362538	0.4281423160756029	6814	0.22194152166734252	0.22194152166734252	0
0.9454454454454454	240872	0.44276361057275976	0.44221637185458407	0.4392673020767121	7236	0.21092645785047667	0.21092645785047667	0
0.8818818818818819	347452	0.6241655094581151	0.6227293118133682	0.45919548382861813	6708	0.1803578480357184	0.1803578480357184	0
0.9324324324324325	122738	0.3315192188979225	0.3314653101066436	0.406473479713702	6992	0.26440949827637283	0.26440949827637283	0
0.8718718718718719	172188	0.3370200947906359	0.34032039253798313	0.42579436895106215	6506	0.18297128132579296	0.18297128132579296	0
0.9454454454454454	165822	0.3502531169006639	0.3534377553860524	0.41941225564586654	7030	0.16540908653282044	0.16540908653282044	0
0.8963963963963963	142870	0.3988618607952953	0.39836522912957345	0.42605220900306495	6820	0.2316514214887389	0.2316514214887389	0
0.9574574574574575	214372	0.49560399380205816	0.49623758488967906	0.42824698035035075	7218	0.23351938234265399	0.23351938234265399	0
0.9534534534534534	255556	0.5299751038614342	0.5302952754945844	0.4509837757578697	7288	0.20615876789883353	0.20615876789883353	0
0.8683683683683684	230228	0.4181848952191731	0.41848210544356446	0.4463891432651063	6488	0.16852222370037007	0.16852222370037007	0
0.9014014014014013	183462	0.3649272948160583	0.3666001276731519	0.43041009677388925	6744	0.15938502103562321	0.15938502103562321	0
0.9279279279279279	195770	0.29432661360745305	0.2975124803663828	0.4360080165761763	7142	0.14273931756527894	0.14273931756527894	0
0.9279279279279279	241102	0.5047536884435064	0.5040016634033305	0.44250098099562535	6982	0.1495200298229432	0.1495200298229432	0
0.8978978978978979	205336	0.3273033799325739	0.3299362375760089	0.42303863208907616	6604	0.15701252543585625	0.15701252543585625	0
0.9419419419419419	287658	0.4925931094430675	0.49592427688964485	0.43574486552530795	7170	0.168175335319388	0.168175335319388	0
0.9304304304304304	246946	0.49297030294242206	0.4935035886953308	0.43967700673949994	7018	0.15682776772516824	0.15682776772516824	0
0.9164164164164164	207004	0.40712440984784404	0.4062587261496986	0.4335242741348284	6844	0.15897842307903015	0.15897842307903015	0
0.9024024024024024	185472	0.3854378299957796	0.38606167296357136	0.4427892639355638	6800	0.16900780923483327	0.16900780923483327	0
0.9119119119119119	179040	0.42924956125291036	0.4295443514997355	0.435003788188705	6956	0.18378453314129597	0.18378453314129597	0
0.9159159159159159	159100	0.3791929200417124	0.3793671786594137	0.4339191663022282	6910	0.2112370788650167	0.2112370788650167	0
0.8898898898898899	243908	0.4840581414025221	0.48473501953922926	0.4400714025456552	6790	0.20744698640801523	0.20744698640801523	0
0.9684684684684685	269106	0.401918466679577	0.40311829716884795	0.4358084874473733	7340	0.14910692839034406	0.14910692839034406	0
0.950950950950951	147598	0.36799825512639445	0.37006575657180024	0.43134422924146887	7220	0.18988322412590872	0.18988322412590872	0
0.8503503503503503	209004	0.4194544630316379	0.4207116648150771	0.43810707847777713	6352	0.18247427591403856	0.18247427591403856	0
0.9024024024024024	124178	0.3512934438168724	0.3537063221027745	0.4141850149632534	6744	0.21620712588755445	0.21620712588755445	0
0.9169169169169169	192092	0.41667250040304055	0.41739746084579904	0.4257727716533774	6976	0.2513086332323572	0.2513086332323572	0
0.9279279279279279	273318	0.32918337638111045	0.3277536890845385	0.45431888320838604	7070	0.12532359232652207	0.12532359232652207	0
0.9674674674674675	128078	0.2554814031958317	0.2612789282175472	0.403247792582279	7262	0.18922524532483326	0.18922524532483326	0
0.9264264264264265	181074	0.20910428070846693	0.21046974767298135	0.4364982794935415	7012	0.1921330388006179	0.1921330388006179	0
0.9244244244244244	137484	0.23220021411061567	0.23598510404975448	0.4206195264498919	6946	0.14949019089025842	0.14949019089025842	0
0.984984984984985	189936	0.40338541690827723	0.4044430094350615	0.4185749519539003	7370	0.23905186278581594	0.23905186278581594	0
0.9194194194194194	201996	0.33679125233084767	0.3394418721755328	0.4379961417640266	6832	0.16281145076726108	0.16281145076726108	0
0.9434434434434434	235112	0.4441280218787124	0.44522381975662384	0.4346022759000547	7098	0.319305452569279	0.319305452569279	0
0.9314314314314315	153506	0.30358010048674644	0.30423852028698223	0.4266042801046712	7048	0.2312540388752948	0.2312540388752948	0
0.9364364364364365	206068	0.3702140019033442	0.3739914573771125	0.431948344883811	7050	0.210135999013604	0.210135999013604	0
0.965965965965966	135574	0.23686610081092888	0.2401883711837799	0.40305751268279244	7102	0.15080522885265532	0.15080522885265532	0
0.9329329329329329	207658	0.367908639708645	0.3708657577677371	0.43318838844971425	7030	0.1895942024855542	0.1895942024855542	0
0.9314314314314315	156078	0.3168809930429196	0.31815457058138263	0.40941464369152053	7026	0.1845695219087299	0.1845695219087299	0
0.9084084084084084	195980	0.38245738260597134	0.38359999753252905	0.43946834135931057	6842	0.19465122534808557	0.19465122534808557	0
0.944944944944945	235932	0.42934153731072267	0.43114957149765293	0.4296265320945747	7104	0.20191731587880593	0.20191731587880593	0
0.9014014014014013	277892	0.5369981279722684	0.5389279458950896	0.44275318282633697	6868	0.1677828442122069	0.1677828442122069	0
0.9369369369369369	156726	0.43360005821621733	0.4339137671522698	0.4258222024413791	7020	0.2689848032455504	0.2689848032455504	0
0.9009009009009009	156418	0.2737898130003116	0.27511327493189786	0.4296136593564342	6884	0.18447932692379326	0.18447932692379326	0
0.9574574574574575	206880	0.45292842715683684	0.45300345804318726	0.41796403717665226	7016	0.17982674805813229	0.17982674805813229	0
0.9114114114114114	171538	0.2866415157815873	0.28948017600995657	0.43652577494608	6992	0.17768844110953508	0.17768844110953508	0
0.9569569569569569	192270	0.22870391619503663	0.23071415718970148	0.415438650368094	7118	0.22310590631671226	0.22310590631671226	0
0.9519519519519519	271608	0.4971996244719838	0.49683467865456254	0.43157876656221555	7138	0.17713219273513334	0.17713219273513334	0
0.9079079079079079	152670	0.3102679795376202	0.31096769759271464	0.4269092976741174	6808	0.1926009098906352	0.1926009098906352	0
0.8753753753753754	196856	0.4166730887126741	0.42074546018074094	0.4335020011805006	6468	0.2630770502389861	0.2630770502389861	0
0.9354354354354354	137642	0.2532631639877668	0.2590569060793239	0.4195383270639567	7134	0.17033288759754278	0.17033288759754278	0
0.9724724724724725	186582	0.511055593736408	0.5120846863797387	0.41406973366196764	7178	0.19871609277577498	0.19871609277577498	0
0.8908908908908909	198252	0.3989875258212133	0.4001395289258366	0.4373446275503816	6770	0.1708804767758105	0.1708804767758105	0
0.8878878878878879	206440	0.34377371083978525	0.3469384097966666	0.44274528225310084	6672	0.19267600130179577	0.19267600130179577	0
0.9504504504504504	146210	0.23609081118773856	0.2375430465039581	0.41681778526457774	7132	0.2214169343420333	0.2214169343420333	0
0.8983983983983984	218332	0.49129529482224343	0.4894994112515774	0.44727557550576263	6718	0.20094181553197035	0.20094181553197035	0
0.9469469469469469	281882	0.5154902542206868	0.5144119389015201	0.43158071935674	7210	0.256889196507667	0.256889196507667	0
0.978978978978979	216068	0.4588777589989916	0.4616838650908955	0.4274413596650371	7466	0.20953734932066695	0.20953734932066695	0
0.934934934934935	265322	0.318562455605598	0.3239791064561629	0.4393144905128051	7208	0.11708706803414094	0.11708706803414094	0
0.9324324324324325	225758	0.4181713219030106	0.4199948978959473	0.4356147716582719	7016	0.17031679913015424	0.17031679913015424	0
0.9259259259259259	158008	0.271941560953436	0.27654987779837	0.4279674954760209	7032	0.19735939952567008	0.19735939952567008	0
0.9229229229229229	151578	0.32068733896233764	0.32000032541478535	0.4226035276194373	6994	0.21476889408134162	0.21476889408134162	0
0.9034034034034034	218000	0.42448150133866724	0.427457632169824	0.44197357255774056	6670	0.18614786707243355	0.18614786707243355	0
0.9279279279279279	230036	0.2939827849248263	0.29826864857631474	0.4354138675997438	7098	0.1920641636158591	0.1920641636158591	0
0.9204204204204204	147666	0.27372619762213857	0.28227887098525584	0.42940594742062155	7118	0.20138792533236602	0.20138792533236602	0
0.9414414414414415	245344	0.518542633998941	0.5173108711217275	0.43859470171245357	7116	0.17670743489984406	0.17670743489984406	0
0.9669669669669669	209436	0.43418888685367274	0.4358018031349117	0.4323368722403893	7454	0.20374080377676757	0.20374080377676757	0
0.9404404404404404	128288	0.28586618814677	0.28730303211386116	0.41457060257887873	6938	0.20638903468390313	0.20638903468390313	0
0.9364364364364365	162186	0.3938749858819736	0.3943679724060709	0.4169942978773975	7076	0.1489673784303717	0.1489673784303717	0
0.8783783783783784	126276	0.3397648139362251	0.34346463900763985	0.42134494052335175	6494	0.20326309299690284	0.20326309299690284	0
0.9309309309309309	164390	0.3676328014510528	0.37025118690537295	0.4335428307557386	7054	0.23248433802924584	0.23248433802924584	0
0.9429429429429429	178946	0.28045944530413	0.284047461125201	0.4298121836777517	7214	0.23058019625408133	0.23058019625408133	0
0.9229229229229229	160270	0.33180582857812146	0.33317609662223663	0.42375357908058153	6998	0.18727114249982674	0.18727114249982674	0
0.950950950950951	154604	0.22435949628130514	0.22536858421723402	0.42532151376635197	7252	0.18736646817108737	0.18736646817108737	0
0.9159159159159159	175704	0.39428275833635085	0.39398975860172525	0.42624591313009713	6830	0.22484280174369659	0.22484280174369659	0
0.9369369369369369	130488	0.376385755263214	0.3798446194112765	0.4171565572609431	6934	0.28795417240381094	0.28795417240381094	0
0.982982982982983	250112	0.4686212398129959	0.4708191908016104	0.4266572201324756	7364	0.2084014884435085	0.2084014884435085	0
0.928928928928929	175598	0.35832831241873764	0.36155016694749814	0.40822963411192376	6872	0.1488800572205246	0.1488800572205246	0
0.9429429429429429	190110	0.40021367711791517	0.39900485055184964	0.42110667445145783	7114	0.23409937904663886	0.23409937904663886	0
0.9074074074074074	190878	0.47127830639071344	0.47324278808170295	0.42889326183632276	6844	0.169901296539785	0.169901296539785	0
0.9754754754754755	199222	0.46527379248061373	0.4630989857970936	0.4286080763943781	7358	0.2168006378164486	0.2168006378164486	0
0.9069069069069069	224860	0.4413970996510982	0.44298683828353563	0.4386251288686645	6868	0.18983208537264035	0.18983208537264035	0
0.9169169169169169	137718	0.24208106025366874	0.24618813468230108	0.42647320705408504	6924	0.16660365823439455	0.16660365823439455	0
0.972972972972973	157096	0.43455242789940973	0.4384878790637492	0.4135558420948606	7060	0.18925653768986234	0.18925653768986234	0
0.9454454454454454	167258	0.21981908640110492	0.22373636098458094	0.4194014297627748	7180	0.1158665429761297	0.1158665429761297	0
0.9189189189189189	166014	0.3077342476321032	0.3106075775982405	0.4119375347888932	6898	0.2308237356394178	0.2308237356394178	0
0.9319319319319319	189046	0.310782115946098	0.3114365640476468	0.43359012600565155	7008	0.1866203419794248	0.1866203419794248	0
0.9684684684684685	138484	0.29738021499499057	0.29990383128251924	0.42373141776743006	7240	0.1980349383310927	0.1980349383310927	0
0.8913913913913913	193180	0.24612961238502032	0.24493544318432384	0.4287874262847626	6840	0.164178022704258	0.164178022704258	0
0.9359359359359359	235288	0.4772283987705895	0.4803349501295184	0.4263019234616685	6906	0.20966964556003584	0.20966964556003584	0
0.8743743743743744	321042	0.5293596246488064	0.5287225413876556	0.4534496469659186	6658	0.16774065285979767	0.16774065285979767	0
0.9664664664664665	147202	0.2576703537551934	0.2599778289647314	0.4192042821752034	7262	0.21299469873668012	0.21299469873668012	0
0.9234234234234234	185488	0.39826757681789177	0.3996416328261347	0.4325462920926459	6930	0.20157760373931702	0.20157760373931702	0
0.8713713713713713	126972	0.31074898061561745	0.3094650152896127	0.4129760029728275	6320	0.25039229072806357	0.25039229072806357	0
0.9444444444444444	216598	0.49652251921627477	0.5012260480825527	0.43667164252213336	7166	0.17740842135126372	0.17740842135126372	0
0.8258258258258259	127782	0.27381533448841294	0.27260069027422007	0.42982319028269966	6268	0.17512272340581084	0.17512272340581084	0
0.9464464464464465	391792	0.5369642359034201	0.5364964054074622	0.44590296657380707	7276	0.17133068760030998	0.17133068760030998	0
0.8843843843843844	158450	0.35741819402531366	0.35934152979876005	0.4314417125201176	6696	0.15732868830674632	0.15732868830674632	0
0.9374374374374375	188942	0.2679146101818988	0.2693934550698959	0.4350459539382811	7188	0.17407277718943892	0.17407277718943892	0
0.8828828828828829	157704	0.45954737169704657	0.46058724463548195	0.42760680673983065	6668	0.19603930635525588	0.19603930635525588	0
0.9164164164164164	260794	0.5083875984823245	0.5098786156434636	0.43299226465671986	6970	0.23331129767690592	0.23331129767690592	0
0.9309309309309309	186226	0.229906060532379	0.2301167097151896	0.4296015237366028	6860	0.17412821872603018	0.17412821872603018	0
0.9254254254254254	129408	0.18296871303458842	0.18655160359778816	0.43211172723249575	7038	0.14923078728595388	0.14923078728595388	0
0.8953953953953954	257504	0.40397782148194644	0.4035321949128726	0.45364810038184306	6838	0.1904696103733821	0.1904696103733821	0
0.938938938938939	223440	0.378482685153034	0.37764533454612526	0.41761356292310886	7010	0.2505768111846062	0.2505768111846062	0
0.9189189189189189	279682	0.46442041147886204	0.4668946212705565	0.44694396129858543	6994	0.1885127346034823	0.1885127346034823	0
0.9244244244244244	187330	0.33261276169427734	0.33821585496721973	0.4181818283628638	6824	0.20436638140347943	0.20436638140347943	0
0.970970970970971	266924	0.5562005996687226	0.5563928829068057	0.43421319240626394	7278	0.20852714028074823	0.20852714028074823	0
0.9184184184184184	189678	0.46684550274723663	0.4672950497416558	0.427424781546813	6894	0.18412357015131658	0.18412357015131658	0
0.9184184184184184	258380	0.4083801401052381	0.40989200960381145	0.4401400424513599	6988	0.18213784110855955	0.18213784110855955	0
0.955955955955956	258408	0.5280255822833305	0.5276808537405634	0.4350385275830406	7204	0.22748921773149122	0.22748921773149122	0
0.933933933933934	150474	0.29921370475822584	0.30102891409850424	0.4078108034279791	7108	0.22170184430963716	0.22170184430963716	0
0.9314314314314315	154446	0.320000153014691	0.3227577895768352	0.41582158626918136	6894	0.19480978496876872	0.19480978496876872	0
0.9554554554554554	209932	0.4603519036392524	0.460274744871334	0.4350121649783149	7272	0.19722504624860376	0.19722504624860376	0
0.9159159159159159	150708	0.32847529075474574	0.3290322366524922	0.4367325224340635	7074	0.20745993031480625	0.20745993031480625	0
0.9329329329329329	281202	0.5434881513746739	0.5423388367454768	0.4419622599155845	7158	0.22743150926775493	0.22743150926775493	0
0.9124124124124124	151698	0.3570286007953145	0.35874532618243554	0.4167463905931075	6762	0.19488709998976478	0.19488709998976478	0
0.9384384384384384	178478	0.3795529279648893	0.3790024700270677	0.4194556959642572	6992	0.2942798730215473	0.2942798730215473	0
0.9504504504504504	258536	0.4823537071834259	0.48389007390668914	0.4338982911180607	7174	0.16577367304207835	0.16577367304207835	0
0.8543543543543544	306726	0.5048681818588662	0.504865584597205	0.4543303881346737	6582	0.1803349575025821	0.1803349575025821	0
0.9164164164164164	141036	0.28226079291405226	0.2849876518283556	0.4294061805635972	6812	0.18931654496703243	0.18931654496703243	0
0.9174174174174174	230014	0.46878488501765087	0.4721904020778351	0.4399130892920802	7036	0.23037693128334794	0.23037693128334794	0
0.9214214214214214	207870	0.4031859924265495	0.40248539711638265	0.43021016621587793	6928	0.23498508591107528	0.23498508591107528	0
0.975975975975976	112862	0.21561860784281586	0.22562525774422318	0.39386179594250614	7272	0.20162744620820186	0.20162744620820186	0
0.9684684684684685	122702	0.3718494655463739	0.3731044125355211	0.41142349674405665	7180	0.2347945945544763	0.2347945945544763	0
0.965965965965966	171214	0.36166901767111775	0.36253860909984337	0.40811074037301526	7248	0.2508307203215846	0.2508307203215846	0
0.9139139139139139	227676	0.40212930099171396	0.4019154411753491	0.42346384872561277	6794	0.16423186308042514	0.16423186308042514	0
0.9124124124124124	126054	0.2369312430166484	0.24198087841681615	0.41837618095481477	7040	0.17845244371750615	0.17845244371750615	0
0.9519519519519519	194548	0.2884818521829939	0.2898438720605082	0.42163260780656125	7230	0.19530653528484068	0.19530653528484068	0
0.8343343343343343	265044	0.5525284293373552	0.5530778140848784	0.44959318199840426	6248	0.17620603855970166	0.17620603855970166	0
0.94994994994995	175402	0.3126206870236636	0.3135052768746351	0.42436694411548787	7228	0.1681717677088101	0.1681717677088101	0
0.9459459459459459	178348	0.2663300718908215	0.26989079611585287	0.408334151321665	6972	0.14184593677996002	0.14184593677996002	0
0.9029029029029029	163028	0.3682647106741998	0.3734532362772392	0.42561215368613364	6722	0.1657491973602262	0.1657491973602262	0
0.9239239239239239	137544	0.30849019822066326	0.30805775719994594	0.4180002278907993	6848	0.25030460089304907	0.25030460089304907	0
0.8993993993993994	149436	0.3984929340971336	0.399653522404166	0.4289230266513015	6802	0.1901369971149101	0.1901369971149101	0
0.94994994994995	148014	0.3480256678392929	0.3510150843875825	0.4227536568364985	7146	0.23114841197752548	0.23114841197752548	0
0.94994994994995	216758	0.4922694524577766	0.4941856211739386	0.43316068263994617	7180	0.2148932361454504	0.2148932361454504	0
0.8803803803803804	406574	0.6277490155191523	0.6259590352354426	0.4529075492120001	6704	0.18836277538820886	0.18836277538820886	0
0.933933933933934	145438	0.3600885712704783	0.3603102238298973	0.4313030956348926	7114	0.21030472649633672	0.21030472649633672	0
0.8728728728728729	180074	0.3959673027892853	0.39617447418726	0.4346600801712146	6498	0.19748624789240352	0.19748624789240352	0
0.9124124124124124	272682	0.5365766360954648	0.5373784719695012	0.4477728050502565	7018	0.18011341295970318	0.18011341295970318	0
0.9214214214214214	157038	0.3269492396390004	0.3288033220578007	0.44092355655596155	7018	0.2172278875864405	0.2172278875864405	0
0.9524524524524525	213602	0.4240104452550149	0.4246692060315826	0.43018861912974043	7246	0.18014128583081174	0.18014128583081174	0
0.7997997997997998	156048	0.2360678026460906	0.2376224222089551	0.44357666029380605	5864	0.1436088483305159	0.1436088483305159	0
0.9119119119119119	188054	0.28820565330621356	0.29186628416097976	0.42345742551049237	6886	0.14345427926206597	0.14345427926206597	0
0.92992992992993	203596	0.46854524220248295	0.4708598838116473	0.4292030466516514	7072	0.2023567609545265	0.2023567609545265	0
0.9194194194194194	144510	0.26499504854157047	0.2650347031464315	0.42027277576482863	7044	0.20239925664332062	0.20239925664332062	0
0.9024024024024024	180740	0.42725492306444424	0.4331104612124148	0.43490646980545394	6776	0.20708341559100735	0.20708341559100735	0
0.9354354354354354	248478	0.5603597195236008	0.5617144489930397	0.4419491153521576	7176	0.25488656090206174	0.25488656090206174	0
0.8778778778778779	186188	0.43652686821962267	0.4403986064002604	0.4406331414383378	6800	0.21798095978844198	0.21798095978844198	0
0.9014014014014013	277716	0.5242406069865588	0.5237701751388089	0.445240602126896	6868	0.17515174796255958	0.17515174796255958	0
0.97997997997998	202734	0.35160935963900697	0.3553276860605	0.4296571159294353	7368	0.19971701130484196	0.19971701130484196	0
0.9359359359359359	188890	0.44525652741059	0.4472280277751358	0.4393316547417159	6946	0.22011874264256026	0.22011874264256026	0
0.9279279279279279	148722	0.292397042417282	0.2962430068471919	0.4300208793742721	6958	0.18814663351374697	0.18814663351374697	0
0.9664664664664665	273972	0.5658639674522402	0.564531829638805	0.43251262605168145	7414	0.18931428975730188	0.18931428975730188	0
0.8718718718718719	193832	0.42175433419108377	0.42412139434432317	0.43485590136509367	6680	0.2728669437857867	0.2728669437857867	0
0.968968968968969	142640	0.29918450359487725	0.3010656419576502	0.4181208563474957	7350	0.20462008133569307	0.20462008133569307	0
0.8903903903903904	147020	0.3524668896767865	0.3503314191964115	0.4273250102142229	6878	0.21288988636084533	0.21288988636084533	0
0.8448448448448449	234882	0.43034405475280213	0.43389335222281333	0.4441162769566365	6410	0.17147771675563533	0.17147771675563533	0
0.9354354354354354	285510	0.46690725844673997	0.4689026326595132	0.4313224893317651	7026	0.1736590884103898	0.1736590884103898	0
0.8873873873873874	245336	0.4581403624913774	0.45874024293006427	0.4377685228627561	6718	0.19133647238422033	0.19133647238422033	0
0.9569569569569569	148596	0.3141134448464179	0.31505593423133815	0.4053031031848889	7102	0.2189218543768526	0.2189218543768526	0
0.9214214214214214	239084	0.4577937253271437	0.45683941084481217	0.44068878537371087	7012	0.20613530246708053	0.20613530246708053	0
0.9079079079079079	193832	0.3174358300875439	0.31952868647453625	0.4383514655540565	6894	0.14182679809998874	0.14182679809998874	0
0.9064064064064064	151684	0.4607125584361152	0.4595956271419537	0.42230125146414044	6812	0.19082044029777523	0.19082044029777523	0
0.8973973973973974	208160	0.39463155164061753	0.3981720800209948	0.43977749218385515	6836	0.20429413934379076	0.20429413934379076	0
0.8958958958958959	250726	0.45062560067683616	0.4548525280704849	0.43757900995589694	6826	0.16897336101646857	0.16897336101646857	0
0.963963963963964	148558	0.22820499061997518	0.23573435786037128	0.4129042488191803	7152	0.1897523174222958	0.1897523174222958	0
0.9264264264264265	125636	0.33633916607330816	0.33712179036769224	0.4248560413519105	6984	0.23969433356217187	0.23969433356217187	0
0.9224224224224224	154110	0.27438481876118015	0.2742240207048507	0.4118125999998717	6778	0.22509208508780243	0.22509208508780243	0
0.8868868868868869	139446	0.3168265075043815	0.32196095006982767	0.4270660373998186	6714	0.18215489972127735	0.18215489972127735	0
0.9444444444444444	119316	0.35416987327770744	0.35716429138495936	0.41335390716862846	7084	0.2389868281499174	0.2389868281499174	0
0.9259259259259259	166192	0.2694723620151779	0.27430050646954757	0.43330684930561086	6958	0.19303062533205007	0.19303062533205007	0
0.9254254254254254	282942	0.5034863375020913	0.5030607499930496	0.44958451978687264	7000	0.22076089961004894	0.22076089961004894	0
0.9219219219219219	192490	0.3394363618748832	0.34091831364366637	0.4361531802262482	6942	0.16393425720879606	0.16393425720879606	0
0.8613613613613613	299560	0.49491719743052215	0.4942322800925447	0.4388980086917025	6532	0.14811585564460647	0.14811585564460647	0
0.9049049049049049	221882	0.5404797792390252	0.5418432551006288	0.4440664319932444	6726	0.20400768788511425	0.20400768788511425	0
0.9409409409409409	146052	0.23817247752116977	0.23998239900119095	0.42508708805600964	7112	0.15684791899332207	0.15684791899332207	0
0.9049049049049049	223018	0.3999830579610895	0.401560667717933	0.43643152037918487	6934	0.1609448159577403	0.1609448159577403	0
0.9109109109109109	216780	0.35898695676509584	0.360661194711486	0.42283611486923767	6774	0.17324609265408847	0.17324609265408847	0
0.8958958958958959	222706	0.4587578584013253	0.46662510949476677	0.4330029225181065	6736	0.1444519601207015	0.1444519601207015	0
0.9394394394394394	192034	0.49717693759497184	0.49635865141840046	0.4286608713420494	7212	0.14679346088189493	0.14679346088189493	0
0.9464464464464465	162900	0.4195229306138079	0.4199730799101387	0.4179490386748023	7158	0.23102823698254288	0.23102823698254288	0
0.9144144144144144	301768	0.4836355991690117	0.48286968659761986	0.4560610495666439	6866	0.21891790041506923	0.21891790041506923	0
0.9174174174174174	191706	0.30240990774100523	0.3050972789192586	0.43664352271034795	6980	0.20757648701058512	0.20757648701058512	0
0.9089089089089089	216744	0.45315421148746254	0.45146925208609484	0.44045649913049023	7034	0.17675421937110722	0.17675421937110722	0
0.9704704704704705	213416	0.33728288427472775	0.3396664804572616	0.4280488477943405	7138	0.2548834265776637	0.2548834265776637	0
0.9309309309309309	160658	0.32866847812322975	0.3299691394171348	0.43292659898203506	7028	0.1889958247929351	0.1889958247929351	0
0.9344344344344344	153032	0.4005909996740812	0.4012199999396467	0.4275921497217141	7030	0.25198768167747243	0.25198768167747243	0
0.9004004004004004	165890	0.3934399767230389	0.3965844196060188	0.43460673212332557	6782	0.20209206874732602	0.20209206874732602	0
0.8748748748748749	131068	0.2554143837760308	0.25770897455296127	0.4286764356478912	6592	0.1749251139503089	0.1749251139503089	0
0.8328328328328328	337866	0.4704097225752662	0.47025137880972084	0.4452608988074899	6462	0.18311371939479562	0.18311371939479562	0
0.8823823823823824	249494	0.3329967421508618	0.3346234442377878	0.45056736868551517	6770	0.16775485428812492	0.16775485428812492	0
0.9664664664664665	141868	0.363669612492236	0.3669936984890199	0.3879022303348516	7162	0.2198895017088343	0.2198895017088343	0
0.9494494494494494	162420	0.2431702412998802	0.24491153857521103	0.4166052737633681	7138	0.21910321211169476	0.21910321211169476	0
0.8543543543543544	131814	0.41012967752856466	0.4123695192049258	0.4268691018332879	6548	0.22487068861369675	0.22487068861369675	0
0.9404404404404404	239826	0.4555224027008864	0.4560959672162172	0.43026672479768463	7140	0.22527389171364273	0.22527389171364273	0
0.9594594594594594	122108	0.285055557153177	0.2858526705757358	0.412587161539468	7306	0.19803797252469527	0.19803797252469527	0
0.964964964964965	149614	0.32806349872787915	0.331077097802832	0.4142532851874749	7252	0.19502837421761332	0.19502837421761332	0
0.8733733733733734	149630	0.240693223315718	0.24535832523299078	0.43163152869923466	6600	0.20633054895974295	0.20633054895974295	0
0.8353353353353353	241460	0.50314576207958	0.5032135845656479	0.45062776586289527	6314	0.18442944138441797	0.18442944138441797	0
0.9114114114114114	184766	0.5103986119698862	0.5103164408352115	0.43253533375989944	6980	0.19609970682752573	0.19609970682752573	0
0.8908908908908909	194938	0.34457575222664133	0.34572831414183425	0.44379220070412934	6834	0.22617582007502202	0.22617582007502202	0
0.9364364364364365	332382	0.582675225322851	0.5837609962470441	0.4393887128972535	7016	0.22398348907443463	0.22398348907443463	0
0.9484484484484484	147184	0.2673294444423305	0.2700941313312303	0.4057727267262245	6970	0.17526315123939518	0.17526315123939518	0
0.965965965965966	145680	0.337795466088081	0.3379674702265107	0.4174897535041278	7200	0.23489783721236637	0.23489783721236637	0
0.9174174174174174	144456	0.23950406861287926	0.24468082247239187	0.4251101478321853	7028	0.2047492662822452	0.2047492662822452	0
0.9284284284284284	278232	0.516862106976343	0.5174317399083194	0.43267788845812843	6912	0.1966110866225931	0.1966110866225931	0
0.9019019019019019	227322	0.3457180688391072	0.34746289913465694	0.4383943594399371	6896	0.226155288181766	0.226155288181766	0
0.9444444444444444	244282	0.4366571845933183	0.43778352427709866	0.4315657693605776	7174	0.20331642448907888	0.20331642448907888	0
0.9329329329329329	245106	0.3784669588566998	0.3796250652330663	0.42508368227190907	6790	0.19313044652468098	0.19313044652468098	0
0.9169169169169169	130718	0.322488772818779	0.32516687316474074	0.41064208714495254	6900	0.24488998242594298	0.24488998242594298	0
0.9379379379379379	203486	0.4260561445626857	0.4263889356830446	0.4320006222150076	7168	0.15071731783866407	0.15071731783866407	0
0.9524524524524525	181874	0.4144405517264076	0.41757550874284294	0.4152405725359667	7238	0.14952491572580484	0.14952491572580484	0
0.9409409409409409	203420	0.3626906669659481	0.36293136162642264	0.4247185013714027	7066	0.1622907343969885	0.1622907343969885	0
0.9024024024024024	234298	0.4326110584369548	0.43399969242121156	0.44268350084226205	6886	0.1996168779138371	0.1996168779138371	0
0.9404404404404404	182944	0.458901588055086	0.4594903720439739	0.4254024873503133	7130	0.1962854882169949	0.1962854882169949	0
0.8898898898898899	137102	0.30503685370513195	0.30742852465071024	0.43493558637888374	6830	0.2158073174256612	0.2158073174256612	0
0.92992992992993	172450	0.32771762782047065	0.32936642079958317	0.4265299292459705	6868	0.18245667669136384	0.18245667669136384	0
0.9054054054054054	271148	0.5116082359943721	0.5120202217597636	0.45053017175283966	6928	0.19796941011982597	0.19796941011982597	0
0.914914914914915	217458	0.3617378505699352	0.36294233041632573	0.44155033921504616	6964	0.16589693723052135	0.16589693723052135	0
0.8968968968968969	174330	0.3561063114539962	0.35497122723167096	0.4285509132600642	6720	0.23028771572243747	0.23028771572243747	0
0.9534534534534534	160568	0.36983076666413695	0.37121661609818263	0.42186329521862587	7140	0.17086335840082642	0.17086335840082642	0
0.933933933933934	164948	0.3466260533543926	0.34860277803962936	0.4191293009146407	6952	0.19792154339684423	0.19792154339684423	0
0.975975975975976	177132	0.3802725837311673	0.3819445085654256	0.428983961956328	7298	0.2193561294480132	0.2193561294480132	0
0.9284284284284284	162590	0.32392614451079305	0.33005339450126914	0.43165091982577236	6952	0.19094888637149973	0.19094888637149973	0
0.8748748748748749	210220	0.3498849951349837	0.3516941421732198	0.4314673244308751	6466	0.1737266358337881	0.1737266358337881	0
0.9734734734734735	142520	0.2718144741658444	0.27424721402432156	0.4020346286842608	7356	0.17366321769225754	0.17366321769225754	0
0.9144144144144144	296532	0.4390423408980766	0.4410709084280669	0.45496501924605676	6880	0.1789768048806751	0.1789768048806751	0
0.9109109109109109	345792	0.5507554013672826	0.5511091145587851	0.4538649007959306	6946	0.2233513985636037	0.2233513985636037	0
0.9504504504504504	232718	0.4249014676271513	0.42642263444567885	0.4363066296757996	7182	0.2238359837364405	0.2238359837364405	0
0.8373373373373374	151972	0.34276884363589893	0.3456303113921136	0.43720860968140185	6398	0.1867017101923852	0.1867017101923852	0
0.9524524524524525	198452	0.3609814139059073	0.3615770121386077	0.4170402395757364	7048	0.18754267129084976	0.18754267129084976	0
0.9384384384384384	138452	0.34697303415342146	0.3493825363648333	0.40380987757178444	7062	0.22258626078569554	0.22258626078569554	0
0.8793793793793794	217854	0.358415265413683	0.3616509088353927	0.436868295017035	6778	0.18165634067807912	0.18165634067807912	0
0.9324324324324325	206360	0.33052755488593627	0.3332355051841789	0.42885968173978933	6874	0.15511270196261875	0.15511270196261875	0
0.9134134134134134	141736	0.3757094966689489	0.3804020589560509	0.41177015157677527	6864	0.20247913522330085	0.20247913522330085	0
0.9394394394394394	183434	0.34585998263782053	0.3461735853211332	0.42203917623636805	6982	0.1959753549753288	0.1959753549753288	0
0.9519519519519519	163750	0.22325472363860363	0.22607938940735725	0.4128506629390581	6830	0.17658095165630885	0.17658095165630885	0
0.9154154154154154	155166	0.34558203873959514	0.34621621892561766	0.4277875758557308	7002	0.2048501140328375	0.2048501140328375	0
0.933933933933934	149148	0.4060026117723827	0.408479299723024	0.4181772594211644	7108	0.22296017492001236	0.22296017492001236	0
0.8958958958958959	201374	0.3859203827555903	0.38815655335461896	0.43404389051719233	6724	0.17749209795951723	0.17749209795951723	0
0.967967967967968	161824	0.45936686764430484	0.4604407362335269	0.4151525040942829	7338	0.2490518423774591	0.2490518423774591	0
0.950950950950951	275286	0.4845525619843119	0.4850393579619177	0.44796920810797064	7350	0.22706975989940228	0.22706975989940228	0
0.967967967967968	150502	0.32797916590883003	0.328335777311256	0.41810435663053025	7226	0.2104749039202787	0.2104749039202787	0
0.8738738738738738	304120	0.5317323270845643	0.5305534952278116	0.45297527681527416	6594	0.19370833502840826	0.19370833502840826	0
0.94994994994995	179696	0.37904051310923226	0.37889991086454144	0.4321326738855858	7096	0.23191011442599332	0.23191011442599332	0
0.8573573573573574	166060	0.32318880842162606	0.3241585501248869	0.4286240546085982	6512	0.15855828933849955	0.15855828933849955	0
0.8853853853853854	152212	0.2897516093459132	0.29157744650441597	0.4232579884528336	6644	0.16426701844034095	0.16426701844034095	0
0.9309309309309309	176096	0.34283906065607195	0.34423949769461903	0.4348801730088621	7046	0.1688372069907157	0.1688372069907157	0
0.9514514514514515	183300	0.4460886128089918	0.4456620311855504	0.4242690885805233	7202	0.22100129602133664	0.22100129602133664	0
0.9524524524524525	236780	0.5052117021273747	0.5062790615015809	0.4383163481161985	7270	0.18449013904527994	0.18449013904527994	0
0.8588588588588588	171662	0.30415057779017185	0.30613814114422344	0.43213087384652565	6298	0.18688896468718214	0.18688896468718214	0
0.9579579579579579	188694	0.32495669348049216	0.3235105159168643	0.4318798638737898	7380	0.19632659162221852	0.19632659162221852	0
0.8923923923923924	141862	0.2361692153319357	0.23803917909535668	0.42406596508175776	6840	0.1916466464467987	0.1916466464467987	0
0.928928928928929	136274	0.32475110505350585	0.3306460182571439	0.4253642718993074	6946	0.201076498296585	0.201076498296585	0
0.8208208208208209	164086	0.3806819937050273	0.3789112528512638	0.44365706698727275	6148	0.23785439942639275	0.23785439942639275	0
0.8983983983983984	168152	0.40260659774030394	0.4024216171442826	0.4219327023874295	6688	0.21906678880617275	0.21906678880617275	0
0.9459459459459459	151708	0.23396300233930198	0.2363198536892408	0.4144153452374823	7098	0.24864942600842269	0.24864942600842269	0
0.9139139139139139	172622	0.3742605521626609	0.37665149694701	0.4281902071877515	6728	0.14395938032493602	0.14395938032493602	0
0.8858858858858859	228390	0.45933490093667545	0.4600314252201846	0.4445976492946133	6740	0.20836857113416268	0.20836857113416268	0
0.9554554554554554	266904	0.48766108031827304	0.4892382423640266	0.43106769288693075	7314	0.20174484282606922	0.20174484282606922	0
0.8948948948948949	166124	0.3431402810710215	0.3465005434089624	0.43567849519341695	6746	0.2041092620620863	0.2041092620620863	0
0.8873873873873874	195198	0.3984685807371626	0.39814316529852334	0.4387227385708297	6608	0.20422194862891604	0.20422194862891604	0
0.9484484484484484	192568	0.25229024025224944	0.2564162399272328	0.4314120461333228	7268	0.1410315095023502	0.1410315095023502	0
0.9259259259259259	119770	0.2864641338586504	0.2904343481861997	0.4116080352022646	7156	0.2793693120246268	0.2793693120246268	0
0.9514514514514515	177084	0.3936323013738046	0.39425188041538983	0.4182899979303087	6968	0.24839148712219086	0.24839148712219086	0
0.9604604604604605	204460	0.3403972867946792	0.3440413832995836	0.41954530185746425	7204	0.1736644420622419	0.1736644420622419	0
0.9254254254254254	181924	0.40923798045195625	0.41055316545344617	0.4206691486897602	6922	0.22448838478017558	0.22448838478017558	0
0.938938938938939	161750	0.29886981642919497	0.30060862787953946	0.43201490074253374	7168	0.20516025853369113	0.20516025853369113	0
0.9244244244244244	226612	0.5204598628506694	0.5224600310375623	0.4274093494237286	6948	0.21728422621729648	0.21728422621729648	0
0.7652652652652653	267342	0.5713179535374007	0.5725339731186663	0.45119416789461586	5710	0.22749416860056565	0.22749416860056565	0
0.8998998998998999	141002	0.2673881097070052	0.26960968541571595	0.42114271463888664	6702	0.18969660857053106	0.18969660857053106	0
0.8283283283283284	182638	0.23232257953357247	0.23427551137740246	0.44260704941894535	6240	0.15611439501919325	0.15611439501919325	0
0.9184184184184184	164180	0.27650036504326053	0.28028499716356103	0.4374839532024277	7006	0.1840063924126587	0.1840063924126587	0
0.914914914914915	181364	0.36583793233354023	0.3665794212821196	0.4272020509738425	7018	0.2043713314825903	0.2043713314825903	0
0.944944944944945	136440	0.29638140434348303	0.29871491470361017	0.4193611635821021	7138	0.17629852862915832	0.17629852862915832	0
0.9324324324324325	199424	0.3179336904546078	0.3207430264325231	0.4326038661532825	7094	0.21554960732136091	0.21554960732136091	0
0.8918918918918919	259702	0.515571778548966	0.5153073703911571	0.4403168013938084	6864	0.2305308112893969	0.2305308112893969	0
0.8133133133133132	188940	0.35017119806784974	0.35140037771706206	0.4441861068187814	6236	0.19604296328311976	0.19604296328311976	0
0.9394394394394394	174512	0.4165346803542867	0.4195528968664599	0.4308565408006117	7024	0.2119284154786429	0.2119284154786429	0
0.8803803803803804	146738	0.39466159244328763	0.39670151579916846	0.4176963704700569	6672	0.21050349942954705	0.21050349942954705	0
0.92992992992993	182444	0.48978539767246404	0.48983711947327	0.4209656027618847	6908	0.2094867606730075	0.2094867606730075	0
0.9459459459459459	231606	0.4868509335183582	0.4870284646502797	0.4292320839482022	7018	0.2590013188190429	0.2590013188190429	0
0.9074074074074074	326152	0.5848045599261457	0.5836559877535982	0.4481446933167674	6946	0.2327800148827019	0.2327800148827019	0
0.9119119119119119	142734	0.36761454353713513	0.3713735189762983	0.42051247323356483	6816	0.21738145407242948	0.21738145407242948	0
0.9744744744744744	128808	0.377512389603416	0.3795237599308715	0.40564024541006644	7282	0.24479138072918488	0.24479138072918488	0
0.8943943943943944	129296	0.31170639345166795	0.31508601823602683	0.42237857134758733	6644	0.22346024888011337	0.22346024888011337	0
0.9279279279279279	252764	0.4780710624900784	0.47668667340059956	0.4376339672352492	7018	0.20994050221739907	0.20994050221739907	0
0.8458458458458459	181778	0.5063115091677867	0.5071979882046911	0.4454109138472649	6388	0.19162871036868911	0.19162871036868911	0
0.9319319319319319	177170	0.34531355879557246	0.3468977503286737	0.4424953773164679	7120	0.1761230132351705	0.1761230132351705	0
0.8593593593593594	157010	0.23492109363288521	0.2364729301901847	0.42793689463249557	6538	0.25927227361018307	0.25927227361018307	0
0.8498498498498499	189868	0.4094191058337583	0.4110786695179046	0.44580009044598884	6480	0.18959302714859622	0.18959302714859622	0
0.9269269269269269	180394	0.418411458082173	0.42030621339472757	0.42612095148337387	6958	0.21966599988952623	0.21966599988952623	0
0.9114114114114114	227124	0.4330516618385969	0.43604893124047206	0.4341125963406058	6836	0.13435622969877423	0.13435622969877423	0
0.9684684684684685	171748	0.43420664612972737	0.43669093662158853	0.4316017682730457	7290	0.19305609778573354	0.19305609778573354	0
0.9654654654654655	145944	0.21448192290040882	0.21858364557482463	0.41670477452204796	7248	0.20839077798196962	0.20839077798196962	0
0.934934934934935	189546	0.37532210510081515	0.3757652593803278	0.4393020463337878	7032	0.1802961493877398	0.1802961493877398	0
0.9039039039039038	233582	0.42856368953794294	0.4289012694688958	0.4364541019698622	6772	0.1873216927127451	0.1873216927127451	0
0.8848848848848849	254776	0.4271317974931499	0.4301472689858464	0.43971249900646386	6794	0.17331362821010038	0.17331362821010038	0
0.933933933933934	157078	0.39072889202092836	0.39244028817836685	0.41802451115221834	6816	0.17661301654761252	0.17661301654761252	0
0.8628628628628628	118206	0.3018772404868462	0.31628876545227	0.4352740184941914	6442	0.19720356435800493	0.19720356435800493	0
0.8648648648648649	198922	0.5026059117582101	0.5041874211859609	0.42898623418167464	6414	0.14036066762743624	0.14036066762743624	0
0.9084084084084084	185674	0.29748147811659237	0.3002429297225945	0.4293774567463102	6680	0.2014179526131623	0.2014179526131623	0
0.9244244244244244	215934	0.5294458641807229	0.5292439007395598	0.4255000370217308	6870	0.2112407915110536	0.2112407915110536	0
0.9514514514514515	242888	0.46913024832477485	0.4715748892745084	0.4194854051458974	7032	0.21367709938227009	0.21367709938227009	0
0.9694694694694694	133698	0.33736904522539474	0.3428877220890269	0.4238305124279082	7332	0.2339262381858025	0.2339262381858025	0
0.8913913913913913	192778	0.3574810815873365	0.36007908624590584	0.4422305560639918	6726	0.23640543906440598	0.23640543906440598	0
0.94994994994995	154108	0.46653639493034377	0.4660448844676105	0.4136391010413663	7214	0.25597081563368396	0.25597081563368396	0
0.9104104104104104	154678	0.3901984054184669	0.39188913589175195	0.4158336380276073	6832	0.15916109762151523	0.15916109762151523	0
0.9534534534534534	233224	0.40448554660850816	0.4058198111001178	0.42886417608445676	7094	0.22406973343977377	0.22406973343977377	0
0.982982982982983	244474	0.4053703801086929	0.4104572707891488	0.42905650607392504	7516	0.18921462339213596	0.18921462339213596	0
0.8873873873873874	225250	0.5105571503311866	0.5133295305555771	0.43937874406968297	6686	0.1456351892948562	0.1456351892948562	0
0.964964964964965	137042	0.27385075635718553	0.27953160805967053	0.4034610543031573	7206	0.14953656721804834	0.14953656721804834	0
0.8553553553553553	191162	0.4564498517134507	0.4565663633485113	0.43649052523181786	6458	0.21160469352468067	0.21160469352468067	0
0.8773773773773774	132252	0.2216837354644176	0.2244729217940218	0.42451721058057007	6650	0.20640909557440637	0.20640909557440637	0
0.9379379379379379	183600	0.3788768087214597	0.38019382135550567	0.4246533802706902	6942	0.2277437577419764	0.2277437577419764	0
0.9354354354354354	294804	0.5167469383064504	0.517840876246815	0.44073748032649024	7060	0.18451688931109897	0.18451688931109897	0
0.8763763763763763	151632	0.33097874602238053	0.3312464426538814	0.4223272793678933	6498	0.21057936396279534	0.21057936396279534	0
0.9504504504504504	199086	0.32572340674116984	0.32814335731437433	0.4227424631152594	7044	0.19614903742780468	0.19614903742780468	0
0.9344344344344344	207060	0.42175286165697135	0.42030372052951653	0.4388555591427674	7020	0.22423940505706091	0.22423940505706091	0
0.8818818818818819	159844	0.306074999382347	0.307456190962724	0.43184899094490437	6582	0.24289113379711397	0.24289113379711397	0
0.9724724724724725	153526	0.3062675937315046	0.3079578839144454	0.4134524238196922	7238	0.20388083115604858	0.20388083115604858	0
0.8788788788788788	296996	0.5410486027830274	0.5413971790876776	0.43681760367039363	6534	0.2069680014396657	0.2069680014396657	0
0.8773773773773774	213480	0.46139078457478516	0.4621294332233326	0.4323799749909221	6586	0.21814071010008448	0.21814071010008448	0
0.8488488488488488	139550	0.28025892783698647	0.28182502892041844	0.413591216315766	6386	0.16433054056506186	0.16433054056506186	0
0.9604604604604605	225052	0.36230217502849466	0.3647931302935456	0.42798574162697217	7292	0.179340779703805	0.179340779703805	0
0.9014014014014013	125852	0.33613240858966487	0.33897100471755914	0.42626017416330925	6916	0.19849572622766642	0.19849572622766642	0
0.8938938938938938	159430	0.4191602817475596	0.4193520613581559	0.43336710882578827	6770	0.22130564014506945	0.22130564014506945	0
0.9674674674674675	189512	0.5032302692874421	0.5013693728941084	0.4101920598031204	7228	0.262395842119154	0.262395842119154	0
0.9314314314314315	152740	0.3982785428287297	0.3973034119754558	0.41381758120310286	6980	0.20219321357775422	0.20219321357775422	0
0.9024024024024024	136146	0.365438427526105	0.3675073395697355	0.4219937072217789	6864	0.2291288462920324	0.2291288462920324	0
0.8848848848848849	128084	0.19852906778001495	0.20154614281597605	0.4322944767466561	6796	0.1659352522216482	0.1659352522216482	0
0.8973973973973974	111952	0.306733761429549	0.3090975838813322	0.4030099715262758	6628	0.25007769915275996	0.25007769915275996	0
0.9094094094094094	180792	0.3467115500474132	0.34751708424842415	0.4245626033907295	6684	0.2099012824795875	0.2099012824795875	0
0.8983983983983984	248664	0.4856335297974731	0.4874205564485458	0.4513176284216314	6868	0.16457997254055812	0.16457997254055812	0
0.92992992992993	154144	0.3991176697808529	0.4022031500695613	0.4116747841760157	7016	0.1813572320792113	0.1813572320792113	0
0.9579579579579579	136432	0.28078410191966835	0.28286752847514496	0.4166379115936099	7174	0.23856771845217029	0.23856771845217029	0
0.9694694694694694	172382	0.3961179870545379	0.39713221764145906	0.4202119473554988	7300	0.23883480749868885	0.23883480749868885	0
0.9224224224224224	184472	0.26855814970277375	0.2686672260786355	0.4207434558067518	6930	0.16569381503402064	0.16569381503402064	0
0.9239239239239239	120580	0.3086921167928416	0.3105168394598508	0.4109830628203432	6774	0.22911627560378173	0.22911627560378173	0
0.9379379379379379	149006	0.30195879625512373	0.3079691123245395	0.4119466228001562	6952	0.19287090608489735	0.19287090608489735	0
0.8148148148148149	182530	0.3431827967044547	0.345137942371665	0.4432978406740687	6202	0.21710818191810793	0.21710818191810793	0
0.9854854854854855	167804	0.28890393693521305	0.2943344129337022	0.39682357755263764	7194	0.17426765377283096	0.17426765377283096	0
0.9274274274274275	177736	0.44708072233019597	0.4493012250578956	0.4312783702617864	7030	0.23871983572725475	0.23871983572725475	0
0.8833833833833834	182578	0.3088274088766437	0.3089758528889688	0.43852775652764836	6680	0.19776660203059573	0.19776660203059573	0
0.9384384384384384	122318	0.2488197336960993	0.25278959510374677	0.4115325177415836	6802	0.20814588090403705	0.20814588090403705	0
0.9534534534534534	163224	0.39998996798621766	0.4005137985272011	0.421446070642973	7058	0.20226902428193289	0.20226902428193289	0
0.9224224224224224	152466	0.28527234279349845	0.28764182947538297	0.4226445895058281	7004	0.1887047791615377	0.1887047791615377	0
0.9144144144144144	225056	0.4696283962906765	0.46863693386879846	0.43246308486759005	6988	0.23283247120478648	0.23283247120478648	0
0.9119119119119119	217912	0.388962565275498	0.39003064859727693	0.4397742846498159	6914	0.14022902766076176	0.14022902766076176	0
0.9394394394394394	172842	0.40250647695671793	0.405827889552725	0.40053821669632667	6918	0.23370417200522514	0.23370417200522514	0
0.9444444444444444	234604	0.38519924533343614	0.38699378729684	0.44611097161242713	7316	0.20545171453854436	0.20545171453854436	0
0.9179179179179179	193150	0.31303612942467507	0.3156126584037069	0.43432599208970185	6838	0.15627200223065574	0.15627200223065574	0
0.9244244244244244	251974	0.4603562932074922	0.45838511317939357	0.43287411105068885	7114	0.2457051344946027	0.2457051344946027	0
0.967967967967968	181858	0.20418773916736196	0.20494557602954103	0.41583707176305146	7410	0.1548285546455848	0.1548285546455848	0
0.9144144144144144	261990	0.34581868762115714	0.3477252941123888	0.4305533718695598	6898	0.19443639089048437	0.19443639089048437	0
0.9239239239239239	275716	0.5523499569132853	0.5526938978590711	0.4481054644897157	7086	0.184040628510906	0.184040628510906	0
0.8833833833833834	167144	0.3439731685540666	0.3448658482083946	0.4267797990404621	6656	0.20446073584293417	0.20446073584293417	0
0.8413413413413413	161466	0.39188403128283694	0.39574862780259096	0.4262544193646245	6216	0.2094025950599171	0.2094025950599171	0
0.8418418418418419	157732	0.41665322927461396	0.416366623286102	0.44116861167452254	6328	0.16887675737617558	0.16887675737617558	0
0.958958958958959	131970	0.27742914925582196	0.2785993616566969	0.40576326920406486	7140	0.2863674201703148	0.2863674201703148	0
