Utilization	Connections(A2A)	Lvl1TraffRatio(A2A)	Lvl1TraffRatioNoIndirect(A2A)	RatioIndirect(A2A)	Connections(AR)	Lvl1TraffRatio(AR)	Lvl1TraffRatioNoIndirect(AR)	RatioIndirect(AR)
0.9990234375	120464	0.09510465907827444	0.09951867073309888	0.284215578918678	6120	0.06835312121444435	0.06835312121444435	0
0.994140625	213064	0.07477134222488271	0.07772116609483687	0.35070113748026044	6638	0.027941980502631778	0.027941980502631778	0
1.0	132256	0.009023650176711731	0.010632553467037615	0.3121281536377516	6494	0.037318336290597595	0.037318336290597595	0
1.0	54916	0.08264707103078915	0.08691699424410465	0.2696528637508932	6318	0.05370010078131163	0.05370010078131163	0
1.0	123458	0.0203609410902274	0.023032383129782077	0.2749315907691598	6310	0.020939493620414674	0.020939493620414674	0
0.99609375	171994	0.02854844479862853	0.03144860334403007	0.31194004696883865	6508	0.029782692396135395	0.029782692396135395	0
1.0	139994	0.009445707411153748	0.009082510442656828	0.298600056504523	6534	0.014132070772695772	0.014132070772695772	0
0.9873046875	108928	0.021813488922039416	0.026054939309403585	0.32268005341819744	6820	0.027723386703420887	0.027723386703420887	0
1.0	84182	0.23449375847512804	0.24184811987688287	0.29202685631300473	6420	0.10134630850690973	0.10134630850690973	0
0.98828125	101872	0.06950767589897906	0.07855488351416652	0.279844342852143	6232	0.05080714568094035	0.05080714568094035	0
1.0	55468	0.03872437150160615	0.04365108033071986	0.2368095486993355	5836	0.042067894050249056	0.042067894050249056	0
0.994140625	82682	0.0477026657934941	0.052057014385426835	0.2694214339573024	6232	0.04308457582528767	0.04308457582528767	0
0.994140625	100814	0.008536280169198295	0.009493299779062924	0.29647217739973186	6584	0.015347866940384635	0.015347866940384635	0
1.0	77598	0.02127561893480268	0.025494721569759585	0.2580922461136506	6090	0.02778458507027374	0.02778458507027374	0
1.0	48408	0.023761586175604983	0.026240311921770166	0.2555765814095274	6266	0.020563196674550827	0.020563196674550827	0
0.990234375	94790	0.023824043752858532	0.02861948891156397	0.2883185731728001	6512	0.030661453475181386	0.030661453475181386	0
0.994140625	83654	0.037363000489695784	0.043644214382902356	0.26400250499898686	6128	0.04410430844799994	0.04410430844799994	0
0.994140625	76584	0.050319899383044195	0.05250654212238638	0.273799276650777	6296	0.05699440799499181	0.05699440799499181	0
0.998046875	68186	0.050734211088619	0.05469561607827623	0.26178311751492434	6104	0.050002963620734524	0.050002963620734524	0
0.998046875	81336	0.012261962668618651	0.013020310358468422	0.2661222213292254	6176	0.008954583220970416	0.008954583220970416	0
1.0	248072	0.09826302837566994	0.09769184452013789	0.3801878289559761	7070	0.04483317626689359	0.04483317626689359	0
0.9990234375	206258	0.02818430717371606	0.03400919302533375	0.3679435591992583	6898	0.019261495083863503	0.019261495083863503	0
1.0	78198	0.02378875003462279	0.02516106810089457	0.293383205756291	6510	0.023423945504203986	0.023423945504203986	0
0.99609375	97176	0.008757659669073872	0.009094973720792496	0.29051795506723094	6444	0.01625266194737405	0.01625266194737405	0
1.0	206270	0.03289686233592099	0.03683008458355935	0.3512744465297839	6932	0.0479571326049552	0.0479571326049552	0
1.0	95152	0.07137036276352528	0.08121175362752464	0.2929736282244136	6462	0.07702564010278952	0.07702564010278952	0
1.0	118580	0.03469566010507251	0.04059221773595515	0.3131161505848063	6602	0.033505612175174504	0.033505612175174504	0
1.0	207002	0.2142335288989277	0.2222376694395436	0.35802515464098583	6884	0.060488315164110046	0.060488315164110046	0
0.99609375	175390	0.15698803094495178	0.1631615778276116	0.32491723846215287	6486	0.0921739234317833	0.0921739234317833	0
1.0	72736	0.04671585094122275	0.05028074088853278	0.26615159923169446	6266	0.05166861455857486	0.05166861455857486	0
1.0	102920	0.02533253861097418	0.02704497304539901	0.2754392796492682	6224	0.03852622825963722	0.03852622825963722	0
0.99609375	60020	0.0897981395650984	0.09734715912051636	0.2562355094932381	6080	0.09299526607924129	0.09299526607924129	0
0.9970703125	88250	0.025832581565334276	0.029154385559441224	0.28230845731701754	6394	0.02369383437580174	0.02369383437580174	0
0.984375	156904	0.03568222026036191	0.04034935996583863	0.2957076895276211	6286	0.0357253928084898	0.0357253928084898	0
0.9921875	104338	0.172207887199744	0.18701584159735715	0.31822957713871813	6656	0.07255651616503661	0.07255651616503661	0
1.0	147344	0.046437219923481154	0.049416999525912164	0.2857370937714308	6290	0.044007995919168104	0.044007995919168104	0
1.0	92934	0.04380487118992963	0.043682722440623226	0.2750403972234979	6236	0.04140071446074804	0.04140071446074804	0
0.99560546875	129010	0.025106620312794994	0.028050269089964514	0.3243016993639348	6760	0.028765254994400594	0.028765254994400594	0
0.9921875	160894	0.0500179643947646	0.053502052383104876	0.3235107050128025	6846	0.03672446287790452	0.03672446287790452	0
1.0	82560	0.05069799170867221	0.06115306599118227	0.2734459737441285	6182	0.062092676639050576	0.062092676639050576	0
1.0	68978	0.06715968881933643	0.07359218927734361	0.28114117779194453	6448	0.09406542007446844	0.09406542007446844	0
0.998046875	152714	0.010899622547662951	0.011659314999344462	0.2920133270360193	6238	0.015651771173202305	0.015651771173202305	0
0.9697265625	141932	0.018751579192060074	0.022806882129645954	0.3468096471140552	6806	0.006968374190564293	0.006968374190564293	0
1.0	45716	0.0967964183222166	0.10169315405684952	0.23103362349141698	5926	0.054188805758061516	0.054188805758061516	0
1.0	81674	0.04561054985247791	0.04799861417704971	0.2739383596315869	6254	0.050272155643263094	0.050272155643263094	0
1.0	202502	0.010430040578848228	0.010854633471639083	0.36347337252415074	7022	0.009510869565217392	0.009510869565217392	0
0.96435546875	208938	0.020594435355352887	0.022713257118510008	0.3656146956849767	6908	0.007903050108932462	0.007903050108932462	0
1.0	163574	0.04066502355316271	0.04306484833248424	0.3176479201215952	6666	0.036058499635447896	0.036058499635447896	0
1.0	95524	0.009138472165815703	0.010226843132575656	0.300608289140394	6726	0.00953796430019256	0.00953796430019256	0
1.0	106290	0.041658162468576065	0.04612163006113749	0.28533466733507856	6252	0.07692469857478713	0.07692469857478713	0
1.0	98698	0.02691988875544174	0.029717167010300236	0.287203836398728	6490	0.02911304641967903	0.02911304641967903	0
1.0	57348	0.037734284585778835	0.043898757598667806	0.25885420481475296	6162	0.04319356746813705	0.04319356746813705	0
1.0	45306	0.08049204432571638	0.0819821964729991	0.24835886421916706	5960	0.07859357498849188	0.07859357498849188	0
0.9921875	107470	0.013826884877944357	0.01644283614077004	0.29881637240348274	6458	0.01628707312449173	0.01628707312449173	0
1.0	80914	0.05065788018632404	0.0555812077295636	0.2854045794352567	6294	0.08116196410109025	0.08116196410109025	0
1.0	154930	0.10104615816819515	0.10574417953527128	0.3125495644416371	6432	0.06292578842448049	0.06292578842448049	0
1.0	144152	0.1307292374721009	0.13334403484639534	0.3235695576361771	6868	0.09215133927815974	0.09215133927815974	0
1.0	81908	0.04443640600101109	0.05287090876005191	0.260078553453208	6180	0.040060378218272956	0.040060378218272956	0
0.998046875	173398	0.030038724236770623	0.03382097862135024	0.3278780811345406	6778	0.03577564186364117	0.03577564186364117	0
1.0	107992	0.08914800509877031	0.09381525523108321	0.29020539171243837	6438	0.05621314404157019	0.05621314404157019	0
1.0	186538	0.03155733889385602	0.03487118876187878	0.3382529004612773	6628	0.032259551817407854	0.032259551817407854	0
1.0	51792	0.1028216521560603	0.11312250488899674	0.22879547363779895	5776	0.09572531608828842	0.09572531608828842	0
0.994140625	113396	0.036768682789258045	0.03798361707322792	0.30173271695030407	6532	0.028683764044300057	0.028683764044300057	0
1.0	88116	0.03634915709556503	0.039259855480294786	0.2807715923857355	6358	0.042656566123691814	0.042656566123691814	0
0.99609375	199928	0.03250134949335948	0.036129097611742426	0.3673262053805609	7046	0.03075486492806346	0.03075486492806346	0
0.99365234375	298300	0.09993067187150206	0.10070418778586017	0.38574407368559843	7354	0.03263124966092586	0.03263124966092586	0
1.0	142322	0.1654710369451549	0.17444534084799065	0.3233091881516558	6622	0.08753038182290099	0.08753038182290099	0
1.0	133168	0.06524838684259088	0.07185117544797623	0.2510939558433111	5714	0.0491587502953916	0.0491587502953916	0
1.0	126754	0.0425344557371939	0.04728842266556812	0.3271832605191852	6776	0.03670014421042498	0.03670014421042498	0
1.0	118510	0.04366532514797462	0.04642892250071312	0.30908442207202025	6554	0.037159083994951984	0.037159083994951984	0
1.0	82622	0.06281022344831735	0.07427969218291385	0.26533915141843417	6082	0.07362904871689516	0.07362904871689516	0
1.0	86886	0.06820492724972453	0.07413952338557214	0.2726151411529483	6200	0.04798301550188161	0.04798301550188161	0
0.99609375	185694	0.15385428693484632	0.16347377101893307	0.3273190641731252	6650	0.08520624003997514	0.08520624003997514	0
1.0	93916	0.1190195814663588	0.12637612566478704	0.2829088197312471	6288	0.10794021684707596	0.10794021684707596	0
1.0	156762	0.03044028771675963	0.03619530715305118	0.3100817516971554	6460	0.02649452645842248	0.02649452645842248	0
1.0	101694	0.010888541282404693	0.012806587895627494	0.27382948485693837	6120	0.012999781990755063	0.012999781990755063	0
0.9970703125	112550	0.04086415046966192	0.04585827469921964	0.31479185281478533	6814	0.03924418604651163	0.03924418604651163	0
0.998046875	160608	0.041010660621496865	0.046062874667244305	0.31243097509850654	6652	0.04249108099915883	0.04249108099915883	0
1.0	154080	0.04470227595161949	0.05035906187898667	0.30838536331356986	6538	0.03066335791134707	0.03066335791134707	0
1.0	149446	0.02304946274756029	0.026353155207723526	0.295098867212233	6310	0.05141007795352308	0.05141007795352308	0
1.0	83450	0.056127750890333915	0.06279506752603227	0.2760862387408341	6422	0.04408801496137188	0.04408801496137188	0
0.9921875	152112	0.05333961760905891	0.05903270481307964	0.29586317407790813	6440	0.048268481085972204	0.048268481085972204	0
1.0	85870	0.02842163193049175	0.032043868250159466	0.28456288504981114	6450	0.04193594272280544	0.04193594272280544	0
1.0	60518	0.05039811928103254	0.050272433397056816	0.2460989326008939	6032	0.024999625657018947	0.024999625657018947	0
1.0	80336	0.010287293457509469	0.01210016551631593	0.29016297817912423	6400	0.0311239113236271	0.0311239113236271	0
0.98828125	155974	0.0016379439176154118	0.002231096703640056	0.3028534081406405	6318	0.004241781548250265	0.004241781548250265	0
1.0	118944	0.03283483038480574	0.035533852796652915	0.31740155660317027	6700	0.05924955466378737	0.05924955466378737	0
1.0	87104	0.03714253915756473	0.04314685001789725	0.2685781145015817	6158	0.05380552265142137	0.05380552265142137	0
1.0	74542	0.03805590589980628	0.043950466871198204	0.2801046269138717	6342	0.07052088251598657	0.07052088251598657	0
1.0	74452	0.04057794227825542	0.04386791453630582	0.27518771517495205	6274	0.04788245004479525	0.04788245004479525	0
0.99169921875	147634	0.032743392055716185	0.03786773205140203	0.2958906444319599	6448	0.031419744667721704	0.031419744667721704	0
0.9921875	76262	0.025073185080047335	0.029538445109833514	0.27483874230647115	6390	0.03932999103721624	0.03932999103721624	0
0.9990234375	79078	0.030330200044759812	0.03392964340342847	0.24636637203034828	5890	0.022602909155090257	0.022602909155090257	0
1.0	134272	0.02787725407362628	0.030442790257245007	0.27218962746868275	6104	0.023050014840647722	0.023050014840647722	0
0.998046875	73058	0.04229011234057527	0.04446351859210965	0.2762444845419307	6360	0.037622617486625834	0.037622617486625834	0
1.0	72562	0.029558790563008995	0.03395363550320348	0.2495503973980232	5816	0.04135353032500036	0.04135353032500036	0
1.0	62106	0.07413958214047427	0.08149239943217981	0.25907263991783797	6218	0.07084799922766069	0.07084799922766069	0
1.0	84294	0.007905818097141217	0.010021273297101528	0.30533906099295327	6594	0.021420488722368635	0.021420488722368635	0
1.0	83106	0.01947300549998755	0.020687949594632757	0.2793365131382532	6460	0.017824353902083853	0.017824353902083853	0
0.9921875	184998	0.05078069216678583	0.05714080584098973	0.3200105896544014	6596	0.032918203230703234	0.032918203230703234	0
0.990234375	108676	0.049279012922464616	0.054513358604800756	0.2918025915259054	6358	0.029390445716021514	0.029390445716021514	0
1.0	87484	0.05021143137990484	0.05995482811362431	0.2671346677982167	6102	0.04775480030697818	0.04775480030697818	0
1.0	71838	0.03896216670485961	0.046623937700843915	0.2745582224627961	6400	0.06244559048684398	0.06244559048684398	0
1.0	65296	0.04975155760787345	0.05092725439337364	0.2475266286102665	5826	0.04197052516104936	0.04197052516104936	0
0.994140625	89332	0.02914337544282671	0.03222105801481305	0.26209830943589024	6020	0.026991509528274237	0.026991509528274237	0
1.0	147714	0.04139646763727059	0.04564791203181502	0.2828314475426978	6276	0.0454448455312029	0.0454448455312029	0
0.99609375	173238	0.017130580405547574	0.016685508241838783	0.3178451286722602	6534	0.02505710416894627	0.02505710416894627	0
1.0	86758	0.029771469696602677	0.03604032155251778	0.2758979130885074	6300	0.03174898686439721	0.03174898686439721	0
1.0	80410	0.024140506481080376	0.02464553303478164	0.2664621347241605	6166	0.016695115546218487	0.016695115546218487	0
1.0	86702	0.02000856151839054	0.022248956738373953	0.28577198487776273	6478	0.02249415911500448	0.02249415911500448	0
1.0	79712	0.01197501733818029	0.016373692827953295	0.2722111854721518	6346	0.021095350186174262	0.021095350186174262	0
0.994140625	76308	0.01960795836572695	0.021825465645310443	0.28486284694152986	6506	0.026198801789059867	0.026198801789059867	0
1.0	63980	0.03589534055087491	0.03682026947973459	0.2510559148841057	6084	0.022782001071474756	0.022782001071474756	0
1.0	100162	0.007274902894492528	0.007959786151875191	0.27740434308834905	6128	0.008454128108733371	0.008454128108733371	0
1.0	117696	0.14677534563013206	0.1481669510378724	0.30320646485114033	6416	0.06223344689357407	0.06223344689357407	0
1.0	113658	0.035191789849637986	0.040262259275412264	0.3131783404423146	6770	0.026976536665391293	0.026976536665391293	0
1.0	66152	0.03405331133655391	0.035814462652640384	0.2563192071166642	6140	0.030411361844594757	0.030411361844594757	0
1.0	92794	0.05452159473390234	0.06062608821805649	0.2930026262592392	6592	0.0475547782045848	0.0475547782045848	0
0.994140625	85722	0.09674462543854613	0.10397856488002029	0.2844618803153902	6026	0.08661583621864782	0.08661583621864782	0
1.0	84204	0.053469533430814564	0.059449096194294095	0.2746129511266471	6390	0.04430392974882793	0.04430392974882793	0
1.0	110850	0.03937006888244296	0.0435695862798208	0.30653215701228803	6504	0.04755959036623294	0.04755959036623294	0
1.0	88280	0.21878402915928022	0.22304624512452784	0.29734636681432736	6642	0.08550621645669462	0.08550621645669462	0
0.998046875	117350	0.004972616803394334	0.005804035645943411	0.3051938796010178	6424	0.012557541641302874	0.012557541641302874	0
1.0	60152	0.057119449373164675	0.06104137860099386	0.27748066748244615	6552	0.06856937860719611	0.06856937860719611	0
1.0	64672	0.05793640680232555	0.06100971210308342	0.2439949499220154	5844	0.0813590641660591	0.0813590641660591	0
1.0	66714	0.04057301903854081	0.04407461299592247	0.2366888516282155	5928	0.030642780642780643	0.030642780642780643	0
1.0	86108	0.06104820287036139	0.06542855402860985	0.2711159734330785	6142	0.0906603830866702	0.0906603830866702	0
0.998046875	99266	0.034897597322055385	0.04026497928496596	0.29057188863132827	6528	0.03209526902572809	0.03209526902572809	0
0.994140625	99864	0.04885598742990038	0.05558073619074917	0.28970790446271844	6474	0.04038942419385269	0.04038942419385269	0
1.0	96016	0.04957913307761224	0.051261708696867886	0.300005868428627	6622	0.0427957326847242	0.0427957326847242	0
1.0	44038	0.05894508566141878	0.06566677933569	0.19928526231684454	5590	0.041240932514310075	0.041240932514310075	0
0.9873046875	120774	0.010640938438424452	0.012549876536891266	0.31462469516942565	6628	0.015540214487948071	0.015540214487948071	0
1.0	61632	0.10443149632665963	0.12399312823317864	0.2657298344961095	6300	0.09921463002943752	0.09921463002943752	0
0.98828125	159766	0.006650862365773641	0.007580329681393452	0.3049711812378496	6390	0.006132756132756133	0.006132756132756133	0
1.0	89920	0.026222765569118418	0.028414542938798616	0.29656754283347375	6678	0.0366953748343013	0.0366953748343013	0
1.0	143508	0.02895029571744845	0.031233713828435646	0.28442785267665555	6352	0.03459396180059276	0.03459396180059276	0
1.0	163044	0.06888889798471359	0.07524762884086417	0.30614174754981865	6488	0.04475243443798464	0.04475243443798464	0
1.0	48376	0.1639841958498164	0.17282785997074646	0.244421819853179	5946	0.12840202703481185	0.12840202703481185	0
1.0	75054	0.02344837990164786	0.023207195561845948	0.2752005108292272	6318	0.01949976292081555	0.01949976292081555	0
1.0	91112	0.054253726960617754	0.06151065729330464	0.286822801485024	6528	0.04921565590365647	0.04921565590365647	0
0.9951171875	62734	0.043380348179519614	0.04548008205634451	0.25066135837876535	6190	0.02504204459829499	0.02504204459829499	0
1.0	50810	0.08174462598600156	0.09462574436220414	0.2453282467844181	6088	0.09016400904171161	0.09016400904171161	0
0.994140625	168138	0.030322450631280383	0.034179209371231735	0.3076109897255236	6248	0.03306932053448301	0.03306932053448301	0
1.0	159276	0.024102248675369035	0.028976712368591007	0.3210656014424324	6796	0.030932390387931306	0.030932390387931306	0
1.0	62814	0.06915599009561779	0.074823974895751	0.25002931597878836	6050	0.057167046864153005	0.057167046864153005	0
1.0	60380	0.05430291484064913	0.05870203093245057	0.25980175244866527	6250	0.04451671021247215	0.04451671021247215	0
1.0	43402	0.1179992561694185	0.12093676555726349	0.22088395974099795	5730	0.06275887467376785	0.06275887467376785	0
0.9931640625	177210	0.0035904845085512433	0.00404787047863456	0.32042525562809454	6408	0.0130420054200542	0.0130420054200542	0
1.0	192242	0.07174910153190273	0.07559627926560417	0.31687704034420183	6538	0.03674043343572224	0.03674043343572224	0
1.0	71436	0.011609614271357467	0.011799341409200055	0.27439828580280257	6196	0.012711513533881955	0.012711513533881955	0
0.99609375	104010	0.02628327826319883	0.028523524571358216	0.28298236958116507	6286	0.030934055892937472	0.030934055892937472	0
1.0	54594	0.04651962719617572	0.05262058437622172	0.22942357459977017	5798	0.04209933865260851	0.04209933865260851	0
1.0	89576	0.032333789143975944	0.03639226838220519	0.2821051918653145	6356	0.037138681422218	0.037138681422218	0
0.990234375	95404	0.0658243543918881	0.07120498401437686	0.2999876647713777	6252	0.051819458461887985	0.051819458461887985	0
1.0	93698	0.035940228421450525	0.041174993638484716	0.299371060933011	6780	0.031849488393120226	0.031849488393120226	0
1.0	84636	0.04498159398615052	0.05198456379548447	0.2863541818010295	6358	0.06568361687213652	0.06568361687213652	0
0.990234375	96260	0.022628035514174825	0.024670832731825135	0.2796177039491167	6142	0.024209389536027404	0.024209389536027404	0
0.98828125	182372	0.019446602668794596	0.02226646786832099	0.3324624790206955	6584	0.018787139085126702	0.018787139085126702	0
0.9921875	175640	0.0052188183089247955	0.005921429518303923	0.31922206662157887	6538	0.009870387548958979	0.009870387548958979	0
1.0	50332	0.11356034090354215	0.12530125281203242	0.2345224065703042	5834	0.10118900861883366	0.10118900861883366	0
1.0	69596	0.04275454089047066	0.04322163470438499	0.25694221224002717	5884	0.04389407371609175	0.04389407371609175	0
1.0	68164	0.013226075680728994	0.014648405960897122	0.26979103853431385	6188	0.011383727951915515	0.011383727951915515	0
1.0	134726	0.12752146318071952	0.13170135405410963	0.3154825588281316	6604	0.060925877080762615	0.060925877080762615	0
1.0	89918	0.03807741095907005	0.04244450187031226	0.2650574420728413	6160	0.03990138727397849	0.03990138727397849	0
1.0	85594	0.057732125325412505	0.06485443326977874	0.2779674234621537	6450	0.037342179102250184	0.037342179102250184	0
0.990234375	134002	0.12635975675200165	0.13144612057701077	0.3452830028631395	7098	0.06333078650884312	0.06333078650884312	0
1.0	78980	0.04300323217542009	0.04661483925249266	0.28319011880659245	6534	0.04147910660977007	0.04147910660977007	0
1.0	145020	0.059736786425856385	0.0659710943303137	0.28856775410375557	6224	0.086467640064523	0.086467640064523	0
1.0	141904	0.029861245837792465	0.03149603057610725	0.28849199385517627	6456	0.027697084218074982	0.027697084218074982	0
0.99609375	241652	0.017662739221757706	0.018205882655660078	0.36401889650876645	7054	0.010800219428659531	0.010800219428659531	0
1.0	159116	0.017377629617342065	0.019458970945219548	0.297514406871085	6186	0.024572713860362288	0.024572713860362288	0
0.990234375	85140	0.014996631146620745	0.01890584313912286	0.27471290027870693	6310	0.02069585711273773	0.02069585711273773	0
1.0	161016	0.010853919993778913	0.0113849303138367	0.3556930045282399	6874	0.0198700694900087	0.0198700694900087	0
1.0	80178	0.14392004024586705	0.14961681703722818	0.28211531678639584	6290	0.0827730280920174	0.0827730280920174	0
0.986328125	110444	0.033312413649340726	0.0392086230793541	0.3108315042823197	6618	0.040170438662981325	0.040170438662981325	0
1.0	148456	0.005592797484808482	0.006072690825967213	0.32561118952017093	6530	0.0212609753203607	0.0212609753203607	0
1.0	105580	0.14470568831995706	0.14889376778381255	0.27964445480084116	6106	0.10324584130745872	0.10324584130745872	0
0.9951171875	74836	0.03317517586015843	0.040332173183811784	0.24932436329984387	5846	0.07319034079095997	0.07319034079095997	0
0.998046875	84714	0.0524883239945822	0.058187057323641496	0.26299382218919715	6192	0.036723783910793825	0.036723783910793825	0
0.99609375	178042	0.03177904930908333	0.03479868485913557	0.32696883188882536	6722	0.03558376778129161	0.03558376778129161	0
1.0	74222	0.031085657147306288	0.03437613321525254	0.28528055911344335	6626	0.040742901767767646	0.040742901767767646	0
1.0	120686	0.019414248616446972	0.020597149263994037	0.32542594715020906	6956	0.015581974637681158	0.015581974637681158	0
1.0	90634	0.0353040953369285	0.04184297388838054	0.253108453331178	5876	0.035479630448670696	0.035479630448670696	0
0.99365234375	157108	0.016676795592081708	0.019764080852799557	0.3087072167975055	6560	0.015421775429539403	0.015421775429539403	0
1.0	105488	0.016082644443010392	0.017893862299511704	0.3054713139748518	6646	0.023878208810905972	0.023878208810905972	0
1.0	177566	0.015403616411792083	0.0184714142014003	0.32145648335285154	6702	0.03847040181356625	0.03847040181356625	0
1.0	98156	0.03561528299028634	0.035199181866665985	0.30007463359807945	6716	0.03159191027622647	0.03159191027622647	0
1.0	84190	0.04731206528831724	0.04927434901756491	0.2757903641979091	6124	0.03637326770550455	0.03637326770550455	0
1.0	48778	0.1363780887012977	0.15156080500564964	0.21530169554859005	5612	0.11593648872222002	0.11593648872222002	0
1.0	57380	0.0429868055827992	0.04963233096354472	0.2534099814727692	6028	0.058692771530097734	0.058692771530097734	0
1.0	198616	0.022197712343027705	0.0247434386677842	0.34317987658421556	6810	0.04156873202565023	0.04156873202565023	0
1.0	69750	0.04780396729071775	0.053060115790863116	0.2460296256195207	5948	0.03452152863917571	0.03452152863917571	0
1.0	99936	0.018965637797313258	0.021458195247486295	0.2955453500132243	6538	0.033154069990429094	0.033154069990429094	0
1.0	127566	0.05007763160267783	0.057635397792056495	0.2643515724729631	6114	0.04038833259833666	0.04038833259833666	0
1.0	68848	0.1726614721573317	0.18373200892430905	0.27930946742949697	6298	0.12949240471226423	0.12949240471226423	0
0.9921875	222686	0.036426699915916017	0.041843811167752896	0.3360229937302314	6780	0.028977144256874497	0.028977144256874497	0
1.0	99952	0.14035320729549616	0.14641443101785237	0.30425610924742025	6382	0.058825958275431564	0.058825958275431564	0
1.0	82272	0.03646461568126308	0.04078884378163987	0.2989346238103368	6482	0.034134856795234966	0.034134856795234966	0
1.0	71648	0.015623443277755743	0.01594581582833914	0.26533820595824037	6098	0.022195723684210526	0.022195723684210526	0
1.0	155260	0.015617612838262246	0.01818225337988739	0.3112962827492799	6738	0.028298307773647103	0.028298307773647103	0
1.0	94152	0.03990207691438374	0.04261321433202389	0.2911371758460192	6498	0.03568851954914381	0.03568851954914381	0
0.99609375	195216	0.15951602984685448	0.16659663875690828	0.3321413109589822	6800	0.0576041296596008	0.0576041296596008	0
1.0	156980	0.015305568903534428	0.018987673084403096	0.29318252635290487	6316	0.023890062933064917	0.023890062933064917	0
1.0	49928	0.021916727163605904	0.025189772834493456	0.2355388603775358	5906	0.014991085303585304	0.014991085303585304	0
0.994140625	82884	0.0052720706346375745	0.00635357921457872	0.2638338970423558	6142	0.00690827243652321	0.00690827243652321	0
0.994140625	99994	0.05220604368539502	0.06019506890709011	0.2894843783419622	6450	0.043501102277533156	0.043501102277533156	0
0.99658203125	196442	0.02822991850913097	0.0323829739741892	0.34676613277079166	6630	0.014315710014071293	0.014315710014071293	0
1.0	65830	0.013147950782073141	0.015199761052096479	0.24821859699004598	6066	0.021466708732732553	0.021466708732732553	0
1.0	83192	0.06498879740616055	0.07326335565768247	0.2633726836129792	6136	0.05327018505956199	0.05327018505956199	0
1.0	172208	0.11259111128463138	0.12125831673225415	0.35849058529007	7236	0.08583557419645128	0.08583557419645128	0
0.99609375	66052	0.0739801888846877	0.08315467248979815	0.26362277174247306	6174	0.10735091587202819	0.10735091587202819	0
0.9990234375	120270	0.03153783702730226	0.032923286749301534	0.2780834054826798	6172	0.03064764517778926	0.03064764517778926	0
0.9951171875	87174	0.02734820488095326	0.03219153585600126	0.27676110932196535	6240	0.02146793755025462	0.02146793755025462	0
1.0	75446	0.13500813758859614	0.1496121252741075	0.2759410831252992	6284	0.10882610670630043	0.10882610670630043	0
1.0	60116	0.08405901572460989	0.09745005831697832	0.23172398301959252	5798	0.09487384528007109	0.09487384528007109	0
1.0	72688	0.017658215372065605	0.0210382511663753	0.2582822728018539	6116	0.02289869575480041	0.02289869575480041	0
0.99609375	179116	0.013631162199179812	0.015064360598911952	0.329884648083586	6832	0.02835119915463158	0.02835119915463158	0
1.0	248676	0.21738173699490987	0.22852828880781606	0.3847207048777523	6728	0.07296255724327202	0.07296255724327202	0
1.0	88822	0.03440441984479735	0.03705572402036877	0.26984188651204716	6134	0.030035812263596993	0.030035812263596993	0
0.99609375	92380	0.08593328309287976	0.093738669372048	0.29451694716889426	6212	0.08246013928672528	0.08246013928672528	0
0.9931640625	131646	0.02916379731839286	0.030310583389765312	0.3112464979347796	6394	0.025134762799236484	0.025134762799236484	0
1.0	88956	0.1602862180650889	0.16215519874520495	0.26882547125831974	6136	0.07492827194259959	0.07492827194259959	0
1.0	154286	0.017594608791396533	0.01821566543109492	0.30925221413892123	6566	0.01507608420333906	0.01507608420333906	0
1.0	82118	0.01154659085580844	0.014114960309417708	0.27702243039798247	6146	0.023888500851981763	0.023888500851981763	0
0.990234375	97660	0.04813956654128975	0.05099514068692486	0.30379034122195553	6652	0.05416038161677271	0.05416038161677271	0
1.0	71696	0.035893000988987706	0.04062475377428944	0.2700334761077859	6116	0.04422899726199537	0.04422899726199537	0
1.0	120522	0.028161202657010696	0.03271562091889464	0.31618074426074616	6624	0.07655265678721057	0.07655265678721057	0
1.0	65730	0.026564176237754124	0.032751989157870164	0.2497114874969809	5900	0.03661247957203423	0.03661247957203423	0
0.984375	104436	0.09292156916841293	0.09812498536349268	0.28177858547869294	6278	0.07093088425325267	0.07093088425325267	0
0.9921875	108360	0.01974993084077494	0.022123930859272153	0.28643908785479844	6234	0.013177782832388095	0.013177782832388095	0
1.0	91388	0.04992726486900438	0.05670062121201251	0.28582434959993896	6452	0.05000544684640696	0.05000544684640696	0
1.0	70394	0.0580087363817989	0.06515402302708685	0.2718382853091356	6332	0.06447594812356379	0.06447594812356379	0
1.0	69560	0.04111311695571945	0.04393208085214369	0.26019425500406607	6280	0.02306222500050492	0.02306222500050492	0
1.0	65064	0.04252998577029862	0.04417620452328885	0.2581695494252652	5992	0.04339922721089704	0.04339922721089704	0
1.0	79826	0.10433909518514031	0.11409481917635741	0.28118834335608206	6404	0.08676840420796639	0.08676840420796639	0
0.9912109375	109968	0.019276009278201195	0.021843544592648822	0.29474029377541905	6346	0.021540400728742217	0.021540400728742217	0
1.0	140760	0.025411794720287914	0.028592222689848422	0.28836544414350446	6448	0.031799242424242424	0.031799242424242424	0
0.98974609375	201730	0.013927160786211206	0.016189050696141283	0.3805877962779505	7178	0.01511833501201303	0.01511833501201303	0
0.9970703125	116670	0.01861521728229237	0.021586049135551778	0.31260870540525226	6658	0.019371112356846056	0.019371112356846056	0
1.0	139942	0.04377811817565599	0.049200014922393044	0.2917613264388437	6544	0.03427475618990822	0.03427475618990822	0
0.99609375	153120	0	0	0.31590632022163545	6734	0	0	0
0.99609375	69198	0.0653177820991261	0.06906686270502035	0.28611339146155595	6612	0.0812201980982562	0.0812201980982562	0
1.0	81276	0.030363048684048627	0.03720828756076101	0.2629668440892689	6088	0.03973254944784924	0.03973254944784924	0
0.9990234375	71916	0.05244367952265053	0.05286443934026616	0.2742096086797599	6396	0.043831506087064986	0.043831506087064986	0
1.0	103776	0.05592964833528912	0.06593873473845413	0.30569851006070253	6696	0.05363538692057768	0.05363538692057768	0
1.0	107480	0.05069540788956133	0.05345929490503181	0.29313291958554594	6278	0.06782380714951321	0.06782380714951321	0
1.0	156028	0.10129179260696744	0.10658180996364212	0.3221145606144662	6740	0.07279436998735912	0.07279436998735912	0
0.98828125	174448	0.028520073442875132	0.032181137691008097	0.3223143302536276	6576	0.027609271125294942	0.027609271125294942	0
1.0	263034	0.19477745384879686	0.20498463491553526	0.39625373649644763	7184	0.07074447060540143	0.07074447060540143	0
1.0	74576	0.03709291998379627	0.040627657920194446	0.27477476240068477	6390	0.02729924263828906	0.02729924263828906	0
0.97509765625	211674	0.02840907001547158	0.03123001756233465	0.3768240995751568	6876	0.01317349111684549	0.01317349111684549	0
1.0	82462	0.0303363345761448	0.03263139169339002	0.27129524277766	6202	0.027292654751294457	0.027292654751294457	0
1.0	98620	0.16369675225826724	0.17991364847855731	0.31720613872435127	6772	0.0840600840232675	0.0840600840232675	0
1.0	83944	0.034619854798519006	0.040282771359052956	0.2655175722090241	6148	0.0333522698596903	0.0333522698596903	0
1.0	65980	0.0785983774158633	0.08165712950559498	0.2608423797850159	6170	0.08735847890850952	0.08735847890850952	0
1.0	101996	0.02202372687654168	0.022669625651981665	0.2896663018021049	6502	0.021841975426534252	0.021841975426534252	0
1.0	93056	0.025185405005801246	0.02870860880123533	0.2770892933837041	6366	0.018965298208360758	0.018965298208360758	0
1.0	48296	0.06441417739860202	0.0734040834063809	0.23725841182287433	5958	0.07887815684925317	0.07887815684925317	0
1.0	103520	0.04691885963121732	0.051680920847421555	0.29733242583561365	6498	0.04187042565037126	0.04187042565037126	0
0.99609375	92372	0.17327147185056666	0.1842069514601723	0.2920972860292651	6314	0.07897100440350582	0.07897100440350582	0
1.0	75016	0.05072887137056963	0.05412888597372768	0.2715192706609084	6346	0.04244017156421742	0.04244017156421742	0
0.99609375	73006	0.03516294274503446	0.038956532460218	0.2613767134350505	6270	0.039180438889357086	0.039180438889357086	0
1.0	64304	0.08668841774165359	0.09332271348094613	0.27362644607798237	6354	0.10291866140984669	0.10291866140984669	0
0.99609375	68906	0.07698471359333603	0.08853201184607092	0.255272654313805	6090	0.0550778436360088	0.0550778436360088	0
1.0	114042	0.0021674523564032344	0.002352065189677143	0.31085746608995257	6654	0.004092261904761904	0.004092261904761904	0
1.0	113328	0.09799520724208358	0.1020090602315678	0.3138684614683779	6740	0.03501365743715362	0.03501365743715362	0
1.0	65884	0.07989824780680779	0.08687566157161412	0.2510857995918144	6080	0.09699083027636816	0.09699083027636816	0
0.9921875	162282	0.015968316894212076	0.016964159989182374	0.3074342862292194	6468	0.012051979882862237	0.012051979882862237	0
0.994140625	102244	0.019229300844809016	0.02150696125357586	0.2825600268340785	6314	0.025967316674553514	0.025967316674553514	0
0.99365234375	129768	0.018423919301999957	0.01916689813240861	0.3288470512268817	6756	0.021125338614652826	0.021125338614652826	0
0.990234375	142338	0.002592689948513677	0.0028223574986164916	0.2685568437498652	5860	0.005629595588235294	0.005629595588235294	0
1.0	69490	0.041837279716453644	0.04308893315715731	0.25567243335674855	6028	0.040615856478360225	0.040615856478360225	0
1.0	114188	0.015350461098062481	0.018096546931477553	0.29776852370900186	6380	0.017633809903546748	0.017633809903546748	0
0.99609375	92312	0.06035604186942413	0.06573807438618798	0.2821115941434144	6260	0.05313499458888796	0.05313499458888796	0
1.0	127104	0.007728180593588858	0.010153702490571495	0.3144601270526458	6694	0.021678581137122867	0.021678581137122867	0
1.0	68744	0.17048521085546367	0.17911523137815574	0.2643541995935977	6196	0.09576517285129717	0.09576517285129717	0
0.9951171875	162392	0.03051343687992854	0.03621834989780172	0.31769840934215743	6514	0.032828121956905876	0.032828121956905876	0
1.0	83958	0.07929047939663893	0.08667722081979053	0.289016864237347	6528	0.0732419217414963	0.0732419217414963	0
1.0	131448	0.015155253372052424	0.021385667333443818	0.3250965766645932	6528	0.0213878913007993	0.0213878913007993	0
1.0	96392	0.055937510761525706	0.06055810333808284	0.2966767151972191	6554	0.0283108068423922	0.0283108068423922	0
1.0	98204	0.05090590260278066	0.05719206466093933	0.2862230988445339	6382	0.04073491079925424	0.04073491079925424	0
1.0	42396	0.009181991489720256	0.013301432972910126	0.2289896856395275	5906	0.00822978082890419	0.00822978082890419	0
1.0	101788	0.022328234959471338	0.025169500878727373	0.30044154145430796	6438	0.06736378044040583	0.06736378044040583	0
1.0	155956	0.029810556229714662	0.030486201161433586	0.3001726044186042	6454	0.04551483745333461	0.04551483745333461	0
1.0	135900	0.008198225665976245	0.010273389237049077	0.3348985974382827	6656	0.015177503025652071	0.015177503025652071	0
1.0	221830	0.09741188058721297	0.10772999848365775	0.38499992538088373	7084	0.019312942319281483	0.019312942319281483	0
0.998046875	87610	0.028628883155373562	0.032502112821147615	0.2754215559954443	6260	0.06085103678804471	0.06085103678804471	0
1.0	93702	0.03667435080636153	0.04085565279628166	0.27174771145127913	6194	0.03492747089174568	0.03492747089174568	0
1.0	70346	0.023311548086241096	0.025320935849903865	0.24550828129541913	5982	0.023340642322840464	0.023340642322840464	0
0.9990234375	138128	0.005640342402609126	0.006660054402393618	0.3275205518726328	6746	0.02275907776632312	0.02275907776632312	0
1.0	110474	0.052938492185653496	0.061654163329467146	0.30644390248711273	6612	0.039731184677118336	0.039731184677118336	0
0.9921875	237892	0.03202221382719041	0.0343656367828552	0.3403706067693353	6526	0.041536922196751924	0.041536922196751924	0
0.9677734375	147978	0.012882965178494485	0.016041360154124353	0.358109149070069	6746	0.010855622736899637	0.010855622736899637	0
1.0	173824	0.021641866909843377	0.024065191826681473	0.32344089101123746	6756	0.04825099506997529	0.04825099506997529	0
1.0	149824	0.047933693588017946	0.05032385680427596	0.3092021867647077	6718	0.03892042265700881	0.03892042265700881	0
1.0	136902	0.004388672429765964	0.005090648099508642	0.2570640142910668	5890	0.008947610294117647	0.008947610294117647	0
1.0	152026	0.040866857615666795	0.04442273712540083	0.3003503741026848	6402	0.042193202339658176	0.042193202339658176	0
1.0	129194	0.005951121615985689	0.006537616641489528	0.3107900768832927	6490	0.007015306122448979	0.007015306122448979	0
1.0	156650	0.008854443053727006	0.00981706753036279	0.27905662456648145	6144	0.039573093752355834	0.039573093752355834	0
1.0	77022	0.01399736599920089	0.014400431815004576	0.27033777097012707	6292	0.020170010491382853	0.020170010491382853	0
0.994140625	106442	0.04478290160408949	0.050172499936798315	0.3043273812889707	6358	0.07824303310005704	0.07824303310005704	0
0.990234375	119566	0.030799801228388685	0.03526556302794676	0.3109639091933736	6540	0.04532577668871081	0.04532577668871081	0
1.0	58322	0.06723659434695232	0.08146876396629661	0.25148781577809126	6142	0.061090465306616756	0.061090465306616756	0
1.0	132172	0.020864303466071515	0.023053466735401658	0.31508486166592437	6632	0.024468170502720196	0.024468170502720196	0
1.0	61026	0.04469541335784027	0.0520642855104126	0.2621891444648455	6350	0.030555311146413522	0.030555311146413522	0
0.99609375	179314	0.008078694136201851	0.009193366511225971	0.32217882085279786	6714	0.019672072344201326	0.019672072344201326	0
0.994140625	121846	0.06450460521869601	0.07084996982887776	0.2981936954526809	6416	0.046147705250176176	0.046147705250176176	0
1.0	73230	0.0826340676037687	0.08731144019486355	0.24362521052244582	5760	0.07305660442160336	0.07305660442160336	0
1.0	102564	0.03386927248507401	0.040310082976349526	0.2964411706541073	6488	0.03832262062944385	0.03832262062944385	0
1.0	118194	0.022067974596570807	0.023939052631958807	0.30813397818243043	6652	0.02910127809297935	0.02910127809297935	0
1.0	57776	0.018089327483766286	0.019253334684674973	0.25257360981416094	6054	0.019593292842215254	0.019593292842215254	0
1.0	225838	0.10874101895170968	0.11749106302467378	0.3798578685687324	6976	0.037300644981645294	0.037300644981645294	0
1.0	81710	0.07301816126245947	0.08685532892006309	0.2828639101616519	6324	0.09636253009919168	0.09636253009919168	0
0.9912109375	116228	0.02877134960839721	0.033576040546763254	0.2882791890494824	6152	0.02963557015086901	0.02963557015086901	0
1.0	152472	0.03301319919359526	0.03651064506342181	0.28930546707362265	6214	0.027800990300990296	0.027800990300990296	0
1.0	129052	0.05195200675576814	0.061387755473929446	0.2783053430736509	6228	0.06204939561406187	0.06204939561406187	0
0.990234375	96160	0.023062906498160663	0.02994562330411296	0.2622283717958727	5900	0.03336694269514026	0.03336694269514026	0
1.0	147942	0.058484597003391085	0.0687280655075972	0.2994598799410904	6482	0.046666873905811423	0.046666873905811423	0
1.0	157474	0.05250176801172344	0.06131436204113736	0.3232276175176523	6892	0.04908724931797345	0.04908724931797345	0
0.9921875	159506	0.03695280335609654	0.042047160540014075	0.30087558798306646	6346	0.03808549575157406	0.03808549575157406	0
0.998046875	72994	0.10808458533654974	0.11537636893013097	0.25714329283119675	5994	0.05809761656559257	0.05809761656559257	0
1.0	54932	0.05768270440312346	0.0621264492389481	0.2510594526747385	6154	0.03426142915291397	0.03426142915291397	0
1.0	213788	0.006428527645501723	0.006721941967088965	0.3221260830720773	6610	0.008793290043290044	0.008793290043290044	0
1.0	110118	0.02317001656478986	0.026476644638837275	0.29883413673304077	6530	0.050787479239388075	0.050787479239388075	0
1.0	104450	0.028585961814312347	0.031049251184061964	0.287936164211768	6328	0.0582832994904981	0.0582832994904981	0
0.9921875	136206	0.01981743924322394	0.022804693592037087	0.322352143906939	6564	0.045492683517395896	0.045492683517395896	0
0.9921875	99950	0.03530704727377593	0.040415228837760775	0.2788010690068879	6210	0.036086173310438015	0.036086173310438015	0
1.0	44706	0.0700544275882682	0.0736473810436991	0.24190325817750014	5948	0.055237062285095985	0.055237062285095985	0
0.9970703125	98918	0.03401445139551456	0.03657965554018619	0.291172164632131	6564	0.036706809511375844	0.036706809511375844	0
0.990234375	112214	0.03453274884631745	0.034835452437177734	0.30607478922872317	6696	0.02557218456564387	0.02557218456564387	0
1.0	216228	0.03968574183634935	0.045810111915741844	0.32639572185057136	6716	0.04021574371291981	0.04021574371291981	0
1.0	83996	0.15429348110332555	0.15910937856440502	0.287965682538278	6320	0.08107439232143472	0.08107439232143472	0
1.0	112304	0.04215542199752887	0.046384022767520114	0.31107463180688766	6738	0.04119183248034269	0.04119183248034269	0
1.0	170840	0.03784734507789803	0.04158828347470894	0.295894976659732	6300	0.05445523474898074	0.05445523474898074	0
1.0	107602	0.02215384179883068	0.02620953270966413	0.309044155421108	6540	0.06482240803770208	0.06482240803770208	0
1.0	65954	0.046312670848717534	0.0491997655252893	0.2516854682480511	6056	0.03599699209001462	0.03599699209001462	0
0.99609375	157336	0.04626156597037899	0.04871834761558849	0.31698379741860616	6710	0.034264386162266326	0.034264386162266326	0
0.998046875	206696	0.19253554537410683	0.200202182071034	0.3620645653419802	7084	0.06212885177836964	0.06212885177836964	0
1.0	80468	0.045485262389049146	0.04884396772600806	0.2864119250539466	6456	0.09123695241190867	0.09123695241190867	0
0.9921875	99886	0.060840827267130915	0.06901498355973601	0.2974232849587912	6400	0.0753318361237201	0.0753318361237201	0
1.0	166280	0.011430041828790153	0.011698003655527808	0.32213107931558604	6756	0.017100143880667138	0.017100143880667138	0
1.0	43248	0.14135616134539716	0.1577214705321815	0.21188630388388674	5660	0.09981365285271591	0.09981365285271591	0
0.99609375	83016	0.017355380307740625	0.019491347259805086	0.28810926745986526	6580	0.03076125475134621	0.03076125475134621	0
1.0	163798	0.01786841019528404	0.0197634216647842	0.3151803801022547	6668	0.03644973934829904	0.03644973934829904	0
0.9921875	104060	0.011395112020456089	0.012664971055416231	0.30476702473792106	6582	0.015464652906809427	0.015464652906809427	0
0.994140625	205558	0.03227025785745987	0.035843227160452254	0.3170478738326527	6502	0.02177204932783877	0.02177204932783877	0
0.9970703125	254586	0.07685714463225599	0.08860098418264109	0.3596450693605681	6654	0.017851629620124536	0.017851629620124536	0
0.994140625	144968	0.06935748213576577	0.07744145925063889	0.31079841006193265	6476	0.11686251518518177	0.11686251518518177	0
0.99609375	232872	0.04679161776249792	0.04932152308777971	0.34581915766939036	6858	0.036563887015126785	0.036563887015126785	0
1.0	67554	0.01869645637075157	0.02049406735231728	0.23012055425997022	5640	0.015131699398940778	0.015131699398940778	0
0.998046875	106622	0.04282564818773758	0.04567970807586626	0.2997370352491469	6506	0.042631034931977924	0.042631034931977924	0
1.0	89998	0.03494592135674119	0.0374931577085063	0.2785807263378755	6318	0.037812073747696004	0.037812073747696004	0
1.0	115896	0.02795188317600166	0.03316415692321495	0.32706289972370806	6894	0.0664916732578686	0.0664916732578686	0
1.0	107140	0.010146518400482255	0.01140838721688912	0.2900654126546392	6364	0.03191281211161073	0.03191281211161073	0
1.0	152132	0.0123894524751768	0.013789045293954041	0.29283779210727373	6344	0.015771694430231017	0.015771694430231017	0
1.0	113372	0.021922525616232053	0.022619183523788874	0.3063642700495727	6616	0.02349325995639094	0.02349325995639094	0
0.990234375	110794	0.11233125430355498	0.1172685050350375	0.29963237790860925	6280	0.1013435736506563	0.1013435736506563	0
1.0	66296	0.07969807637412053	0.08337628878271479	0.2780757597300439	6540	0.07619036344317444	0.07619036344317444	0
1.0	156442	0.03650443055530935	0.0390594089917333	0.31535950100654336	6630	0.05761042911826877	0.05761042911826877	0
0.998046875	86042	0.026457187719785953	0.030604465969785284	0.2716207570745193	6232	0.03284093697170088	0.03284093697170088	0
0.998046875	139456	0.02147598752253651	0.02405320380689702	0.2896734823612594	6428	0.023001851252143334	0.023001851252143334	0
1.0	52802	0.11084157619367285	0.12289345708003452	0.24420330692595718	6046	0.10736183408185292	0.10736183408185292	0
1.0	132828	0.017776230803490514	0.020893779551730177	0.3193047017595305	6592	0.0298565988540907	0.0298565988540907	0
0.9921875	210444	0.016617882526870145	0.02125998816988021	0.36656882759339265	6836	0.024726863934619484	0.024726863934619484	0
1.0	107146	0.027301532779014377	0.029751775527020335	0.29620985577352504	6522	0.025472385363194135	0.025472385363194135	0
0.9970703125	100308	0.06444970764828492	0.07185442019083327	0.28209603181579745	6366	0.04631196396710805	0.04631196396710805	0
1.0	152474	0.0407860423500296	0.046326647394784086	0.3048885309201021	6578	0.036441652276776135	0.036441652276776135	0
1.0	80650	0.1450187022788642	0.16217486339270737	0.3035766092393277	6656	0.10187405195344346	0.10187405195344346	0
1.0	68990	0.16324161647162297	0.17226112080063274	0.2751272673013705	6382	0.11957140437050644	0.11957140437050644	0
1.0	75426	0.027099713360179186	0.027346619031296208	0.28089180130183605	6642	0.025050284824994128	0.025050284824994128	0
1.0	128404	0.0031432688677327275	0.0031741617567418398	0.27063362432740495	6084	0.007058032058032058	0.007058032058032058	0
0.978515625	109322	0.03241669472895866	0.04032618363268205	0.3119631181670168	6636	0.03127811637774077	0.03127811637774077	0
1.0	45078	0.05801184658198259	0.07032409720273806	0.24083202448042126	6150	0.06585992429871983	0.06585992429871983	0
0.9990234375	104500	0.0072911319484977415	0.009765863895046556	0.3032777215050742	6614	0.01456114997524773	0.01456114997524773	0
1.0	67666	0.028273738337397204	0.033155405175003455	0.23839406816180345	5850	0.03346283362886779	0.03346283362886779	0
1.0	103196	0.03890243002434067	0.04258980164562184	0.2989951195232035	6380	0.058459066869434986	0.058459066869434986	0
0.99169921875	159476	0.03285516971720778	0.03765416862505472	0.32730755159635166	6912	0.028458216505545253	0.028458216505545253	0
1.0	130720	0.06154305885800907	0.0700796225418623	0.2836127309359383	6374	0.05152185183481149	0.05152185183481149	0
0.99609375	90450	0.02521556758623258	0.028059841630769675	0.2957265345639146	6642	0.022862432054161375	0.022862432054161375	0
1.0	50550	0.05608617587517591	0.05906644817182295	0.23875204043703105	5992	0.03608777769388234	0.03608777769388234	0
1.0	156826	0.038939492036608424	0.04346689620463747	0.30647464304741007	6584	0.04247863630267666	0.04247863630267666	0
1.0	63678	0.025665007312109165	0.02878573004693892	0.24531562070380894	5852	0.021493596493596497	0.021493596493596497	0
0.9990234375	97000	0.13958779694262705	0.15333378454821728	0.30435734594016955	6414	0.09614707165299928	0.09614707165299928	0
1.0	63496	0.04112873859609587	0.04348033647101358	0.2560450112988924	6092	0.042210908503586136	0.042210908503586136	0
1.0	78978	0.0570373184680254	0.0637351489721775	0.2684933604896333	6168	0.06780538999327286	0.06780538999327286	0
1.0	139360	0.10753613141091782	0.10820338906303598	0.33135466859133705	6672	0.059151789978127985	0.059151789978127985	0
0.97705078125	247862	0.21448614824620407	0.22118230031396824	0.38106284357877745	6912	0.08310842874455088	0.08310842874455088	0
0.994140625	89662	0.19230518954902448	0.19312650176112386	0.2852267151021631	6308	0.0776185648454497	0.0776185648454497	0
1.0	71534	0.0454159858456769	0.05758290217448128	0.2526189388113746	6008	0.0725233963813992	0.0725233963813992	0
1.0	65058	0.06376222370002053	0.07124496977851967	0.24705231546583536	5930	0.06771358696472816	0.06771358696472816	0
0.998046875	155904	0.02657457036134286	0.027725971447658874	0.30312179288388946	6456	0.036457953501877215	0.036457953501877215	0
1.0	60778	0.061143393933530965	0.06547958891148778	0.2441107128516267	6010	0.03660580305847708	0.03660580305847708	0
1.0	208970	0.05726559850337721	0.06500961118303075	0.361771894579979	6858	0.03237620699549477	0.03237620699549477	0
0.99609375	85680	0.13734626850728338	0.14541330932749144	0.29850719748990556	6560	0.1029231606713014	0.1029231606713014	0
1.0	102068	0.06105000858773103	0.06824756518098245	0.30300998847001376	6618	0.07461894317988708	0.07461894317988708	0
1.0	165890	0.03688972517150238	0.04016036355307629	0.330577113429332	6920	0.04251575120696495	0.04251575120696495	0
0.9951171875	109384	0.04457287479176651	0.05127807824393787	0.3238643134117592	6784	0.0770155919301896	0.0770155919301896	0
1.0	86658	0.03620981395862625	0.04153081660336807	0.27853698697288215	6398	0.0258775365757239	0.0258775365757239	0
1.0	83578	0.08963392867832176	0.09736565778936285	0.2863652911551855	6278	0.08197843129893127	0.08197843129893127	0
1.0	76376	0.025929543099400286	0.029437387983173236	0.2787549417436352	6530	0.03011302329936336	0.03011302329936336	0
1.0	269462	0.07248986060416097	0.07323990115188864	0.3600029367156505	6720	0.029105883917443336	0.029105883917443336	0
1.0	79272	0.0477016640022291	0.053371032777214375	0.2776907309873076	6302	0.05671883137545942	0.05671883137545942	0
0.99609375	135788	0.19715772759462663	0.2018775211265629	0.31112156648650346	6406	0.06876039488268593	0.06876039488268593	0
1.0	52944	0.03213017552049899	0.03425342833860549	0.23527447588676517	5888	0.02492551486453926	0.02492551486453926	0
0.994140625	192826	0.0021229571193090383	0.0024070421338003964	0.3501342907452441	6882	0.004019474637681159	0.004019474637681159	0
1.0	94036	0.042948924518042206	0.050816592928015394	0.2986243190297458	6706	0.045672375352840335	0.045672375352840335	0
0.99609375	216940	0.005463321996101112	0.006288426836722278	0.3097214576023697	6334	0.015623694653299916	0.015623694653299916	0
1.0	90250	0.052396753602264604	0.05795395222225834	0.28647589348664354	6390	0.0763770378046142	0.0763770378046142	0
1.0	94858	0.0661841634781891	0.06936540252694973	0.29656467775911993	6648	0.039055524050834296	0.039055524050834296	0
0.986328125	99286	0.06367265975569786	0.07379238757547286	0.2867678098378373	6258	0.06938379825022746	0.06938379825022746	0
0.990234375	149428	0.013926445613782257	0.014254821594860741	0.2720179286088566	5902	0.012966029825908857	0.012966029825908857	0
1.0	104882	0.018471082419237655	0.020205600013274667	0.2937299636961429	6466	0.019295192590195243	0.019295192590195243	0
1.0	55280	0.08892401168569004	0.10314643074933223	0.2728251321733304	6428	0.08936369776859336	0.08936369776859336	0
0.994140625	106882	0.00614882217500169	0.008261153927435413	0.2922664960391949	6358	0.010620538087643351	0.010620538087643351	0
1.0	82152	0.05661400323921865	0.05865579398759253	0.2781086378249515	6378	0.03736679995876046	0.03736679995876046	0
0.994140625	88858	0.04419915464196132	0.054459825002087695	0.28612676887938565	6392	0.06053742360435048	0.06053742360435048	0
1.0	119154	0.047761248771724676	0.05247085554665777	0.3197841068168379	6864	0.03955410764367419	0.03955410764367419	0
1.0	163686	0.0088748980239851	0.011106916768120997	0.30411075778525987	6362	0.009124209124209125	0.009124209124209125	0
1.0	164692	0.003452042360472758	0.00398142210695621	0.359328533847115	7012	0.013086503623188408	0.013086503623188408	0
1.0	122874	0.004351994418065733	0.00451102012932771	0.3076028809491941	6566	0.009964601370851372	0.009964601370851372	0
0.9990234375	192152	0.031114702039879896	0.032823605389872106	0.34642072551109165	6800	0.022960139491681575	0.022960139491681575	0
1.0	100868	0.008377987118348418	0.010014052694327268	0.28883423461804875	6266	0.027008513156633423	0.027008513156633423	0
1.0	181154	0.022388624288104397	0.027052618605867967	0.331179364692533	6672	0.013703372690091649	0.013703372690091649	0
1.0	103098	0.026916402959940824	0.027716675708670525	0.30045236352982146	6608	0.025048818934688504	0.025048818934688504	0
1.0	174842	0.02302411416752662	0.027621098136191517	0.32515860633815913	6620	0.02553843020867847	0.02553843020867847	0
0.994140625	191072	0.2874276607132142	0.29338644952603066	0.37509955647467835	7226	0.09238359041990772	0.09238359041990772	0
1.0	90688	0.050048434257140666	0.05407599334569156	0.28501424010169546	6452	0.04569805309455603	0.04569805309455603	0
0.994140625	75580	0.03512886067819541	0.03897129973751325	0.2583794162746983	6058	0.029896304246476862	0.029896304246476862	0
0.9921875	103694	0.1800789353871557	0.19052114377868387	0.3132426440781529	6604	0.06391248750537741	0.06391248750537741	0
0.9990234375	137334	0.14401779420147093	0.1492599362209137	0.317421036488921	6562	0.043649938262422215	0.043649938262422215	0
1.0	63074	0.08075800435692528	0.08800846867339576	0.26897600261663057	6464	0.07657863772172979	0.07657863772172979	0
1.0	106554	0.03195213085962614	0.03733806145116121	0.2899386416339485	6336	0.035077060105700726	0.035077060105700726	0
0.98828125	99874	0.008850770114185403	0.01098859587129064	0.2802767443233734	6156	0.010209116541353383	0.010209116541353383	0
0.998046875	114806	0.021634193646992962	0.021962078450613765	0.30493426254308426	6510	0.02085934898434898	0.02085934898434898	0
1.0	85296	0.034613224139213764	0.04088849052540541	0.2945281680374146	6408	0.06611776899609911	0.06611776899609911	0
1.0	72638	0.04386671790931698	0.04987062354036926	0.253375124946567	6044	0.04919054204089128	0.04919054204089128	0
1.0	215116	0.019880542323549615	0.024460153255576298	0.3625105688639391	7048	0.042994092262508866	0.042994092262508866	0
1.0	69044	0.048212291827122555	0.05383835584015795	0.26265718048420283	6034	0.04570574334939254	0.04570574334939254	0
1.0	85412	0.05218654458290648	0.059569775614444084	0.2724324612105008	6392	0.04241613667036966	0.04241613667036966	0
1.0	66454	0.028806001246895	0.03308764548012207	0.23142113388579635	5690	0.022891093738133212	0.022891093738133212	0
1.0	49116	0.1116056675690266	0.12494168168773814	0.24482681035600543	6056	0.10633405967616155	0.10633405967616155	0
1.0	64646	0.04109142972520721	0.048177012736393285	0.24804806952583125	5908	0.04647674269609181	0.04647674269609181	0
1.0	110480	0.026521219405461215	0.0289544409857575	0.2971397690324603	6436	0.022526069944548206	0.022526069944548206	0
0.984375	165486	0.03810055839790065	0.0432175007672921	0.32222628814663123	6626	0.029829674694935537	0.029829674694935537	0
1.0	71544	0.03898686609079244	0.038603055197104816	0.26732322311517603	6210	0.03430622305499245	0.03430622305499245	0
1.0	143910	0.04683132852644558	0.0524304057404605	0.2859122978088775	6274	0.04302564048396753	0.04302564048396753	0
1.0	82100	0.08030326001772545	0.08929068816808824	0.269007158187116	6120	0.06850781875672537	0.06850781875672537	0
1.0	49874	0.08368008719207558	0.08980650537845099	0.2323843321297199	5810	0.08286555697654836	0.08286555697654836	0
1.0	92890	0.04192692871653774	0.04640361660422107	0.27928194536462503	6410	0.0395230104709685	0.0395230104709685	0
0.9970703125	88042	0.11531720415335167	0.12060625177558165	0.2918795072434882	6422	0.12214462713432032	0.12214462713432032	0
1.0	79802	0.052223719899509746	0.05699813644025172	0.27810049864971004	6402	0.06855116888781493	0.06855116888781493	0
0.9921875	173772	0.016897275448378032	0.02107761317781972	0.3325093356166251	6820	0.01745830590300636	0.01745830590300636	0
0.9921875	157488	0.04253378384359614	0.04569842284514363	0.2913757761491285	6292	0.05295726751318857	0.05295726751318857	0
1.0	93084	0.01415640487998376	0.016048617792403165	0.2819204383946094	6304	0.018076715060726688	0.018076715060726688	0
0.994140625	100312	0.03989276397762641	0.04083368346104972	0.2945590834080543	6410	0.04643245711177168	0.04643245711177168	0
0.9931640625	209326	0.0959608153873487	0.09850344420822704	0.359753573041143	6710	0.061870674498326554	0.061870674498326554	0
1.0	94768	0.03398533187997178	0.03719822958626559	0.28713439025699156	6424	0.0325900130838353	0.0325900130838353	0
1.0	78788	0.04414802368996793	0.047406019865843474	0.27677686161921566	6430	0.04144052673482649	0.04144052673482649	0
1.0	77894	0.0423179139120301	0.046695845168436945	0.2553726607350355	6072	0.055886807613087675	0.055886807613087675	0
0.998046875	103994	0.02883531690507173	0.033273508993644646	0.2871243942058028	6350	0.021720731849755433	0.021720731849755433	0
0.982421875	158596	0.017116904352309347	0.019869809758043904	0.30807715777849204	6362	0.023201751074303098	0.023201751074303098	0
1.0	158510	0.055538720394421356	0.05815218231886931	0.32948600220565366	6602	0.02587131006248654	0.02587131006248654	0
1.0	118986	0.01653806103077491	0.019409814041369745	0.3150779637867901	6728	0.037710525380364734	0.037710525380364734	0
1.0	72266	0.048041203275940116	0.05554839422817232	0.25720487793628727	6100	0.05003232635375761	0.05003232635375761	0
0.9921875	70340	0.027389547265623197	0.028615888580695255	0.25425785332203593	5856	0.02929857017558631	0.02929857017558631	0
0.9912109375	87698	0.06032851515811997	0.06680908385571459	0.26833204292810464	6194	0.04559395891224967	0.04559395891224967	0
1.0	58060	0.07111552562813614	0.08289129051900779	0.2538976396963817	6084	0.07873278037751721	0.07873278037751721	0
1.0	88174	0.009981118044677653	0.012261751767070356	0.28240471039601384	6432	0.017662830992006565	0.017662830992006565	0
0.9921875	100386	0.04535224466152174	0.05360111633904309	0.29960316298044803	6604	0.038203164039970636	0.038203164039970636	0
0.9970703125	215292	0.014721289145307381	0.01859565479650097	0.3122613990773979	6342	0.019107549890203933	0.019107549890203933	0
1.0	110284	0.01824399786909316	0.020268570308557443	0.29919386344046867	6498	0.022719468031968032	0.022719468031968032	0
0.990234375	72210	0.12028964911899781	0.12356690539391049	0.2799503636060104	6322	0.050340291214139216	0.050340291214139216	0
1.0	92136	0.025526646322409443	0.028866710595469934	0.27748050656914075	6268	0.06486709178461425	0.06486709178461425	0
1.0	88588	0.056147715286046784	0.06386364208989971	0.2840912375270683	6470	0.04376425280930256	0.04376425280930256	0
0.986328125	145632	0.014979716780205283	0.015060536435644808	0.2748041804189399	6004	0.011186525892408246	0.011186525892408246	0
1.0	90302	0.07570302481219975	0.085729472566915	0.29342674076494163	6198	0.0916247689887222	0.0916247689887222	0
1.0	52818	0.045374853516266175	0.050690693108128806	0.26473424314062194	6198	0.05720932097412062	0.05720932097412062	0
0.98876953125	153486	0.040241602571847314	0.04317392895820261	0.3096065540440443	6650	0.03870090581356566	0.03870090581356566	0
1.0	85350	0.04727441285637043	0.04935223718227361	0.28748401113811056	6484	0.03719534770425785	0.03719534770425785	0
1.0	174670	0.00843970108613546	0.008730243812790982	0.32826751172419166	6668	0.004578754578754578	0.004578754578754578	0
0.998046875	108158	0.008053933811137504	0.009118460782827683	0.3056854037902965	6704	0.012659886912604305	0.012659886912604305	0
0.9931640625	117348	0.05117983274687018	0.05409133826075831	0.302507184269105	6456	0.03560696714878003	0.03560696714878003	0
1.0	80470	0.07062522417712164	0.07269271454454802	0.2748412213876084	6244	0.054592102248352245	0.054592102248352245	0
1.0	197784	0.16593554856707	0.16910337652289806	0.34911203059772405	7004	0.060873548840316545	0.060873548840316545	0
0.9921875	229016	0.11342793127689013	0.11542154469834622	0.3869300958534468	7182	0.05436671449850654	0.05436671449850654	0
1.0	87460	0.03290595384154247	0.03670452636251232	0.293965695759079	6580	0.04099820766893038	0.04099820766893038	0
1.0	83768	0.05953674137548447	0.06399483176679886	0.26417676010340824	6092	0.056172383793552536	0.056172383793552536	0
1.0	77504	0.06781008414499058	0.07214904323907774	0.2695098334852182	6320	0.05894047085070453	0.05894047085070453	0
1.0	190308	0.009110306236634112	0.01188830686615887	0.348026430053718	6742	0.01979949874686717	0.01979949874686717	0
1.0	129892	0.011528867360052873	0.01349737896092799	0.3249297789906067	6662	0.012242498880429914	0.012242498880429914	0
1.0	98458	0.06909952849394357	0.07208960795191814	0.2717079175100627	6000	0.09990599168063939	0.09990599168063939	0
0.994140625	75676	0.01720002351746768	0.018872921248971386	0.2554211612923195	6004	0.017065572005829362	0.017065572005829362	0
1.0	47194	0.07824036209592548	0.08827416731863355	0.22818094988423596	5796	0.0728169572875345	0.0728169572875345	0
1.0	86920	0.06369342511756058	0.06558007987841065	0.2676779418617229	6136	0.05668771759873455	0.05668771759873455	0
1.0	143792	0.06903684709721782	0.07586987338884928	0.28683532093802283	6368	0.042784500155935205	0.042784500155935205	0
0.99609375	123014	0.03629830454125139	0.038468265778557574	0.31380251701305495	6622	0.036807301302364176	0.036807301302364176	0
1.0	119826	0.021576580139609832	0.024269420234355243	0.30158910744211415	6454	0.049807630658194574	0.049807630658194574	0
1.0	66492	0.09995220265584495	0.10805180072074316	0.2639591187612315	6136	0.065688847101775	0.065688847101775	0
1.0	93790	0.13182576196127402	0.14857704754713266	0.31301299622907125	6536	0.10284683462203985	0.10284683462203985	0
1.0	62140	0.0006676877820047775	0.0008576515546291472	0.2476676055206581	6026	0.004166666666666667	0.004166666666666667	0
1.0	49016	0.10507371989369746	0.11428259421909637	0.23475646315064894	5808	0.10002399427563897	0.10002399427563897	0
0.9921875	99802	0.06267158478291308	0.06458682563876142	0.3047835378449568	6682	0.051956083722401035	0.051956083722401035	0
1.0	113762	0.0240840320460303	0.02730370918934674	0.3069108573828672	6598	0.026202505994677935	0.026202505994677935	0
1.0	185046	0.1321355682654612	0.1420207041973536	0.32287755803733287	6562	0.04241798041140146	0.04241798041140146	0
1.0	68856	0.04866794353297226	0.04965802785892098	0.2720633848903658	6352	0.036474837685206485	0.036474837685206485	0
0.990234375	90810	0.035973203669097446	0.04020586886518425	0.28178774434362963	6338	0.031502795759412956	0.031502795759412956	0
1.0	49888	0.017046398474269257	0.01894166627154344	0.24667559236961942	5958	0.02262174833635814	0.02262174833635814	0
1.0	112818	0.022855813801972748	0.02523961159605191	0.30812005868347564	6596	0.020365400830047	0.020365400830047	0
1.0	90390	0.040962074533455614	0.04473248401513005	0.30406853909303894	6654	0.034715919704522896	0.034715919704522896	0
1.0	163666	0.015776463590098516	0.017779675690337546	0.312348519935217	6544	0.027506868426997465	0.027506868426997465	0
0.9970703125	69650	0.04762116317098342	0.05367361578162871	0.25420448387492106	6124	0.04438942030337206	0.04438942030337206	0
0.998046875	83494	0.07279406436114158	0.07923356738737594	0.2606726585667151	6150	0.04921277544632807	0.04921277544632807	0
0.99609375	156042	0.01714391917069578	0.018613254784746458	0.3092063126849081	6540	0.01708749764433862	0.01708749764433862	0
1.0	161208	0.08934389131541849	0.09355219307144648	0.3164262176074413	6376	0.06297016450968658	0.06297016450968658	0
1.0	81750	0.19713614108821134	0.2021091496983453	0.2761394347548999	6322	0.10470728635091839	0.10470728635091839	0
1.0	158190	0.034320352220180574	0.03943383974200705	0.29757161885356925	6366	0.035286222020568664	0.035286222020568664	0
1.0	81944	0.04255270486463593	0.045382540618682306	0.26435781194299596	6244	0.03367463264667212	0.03367463264667212	0
1.0	136728	0.042996987978335045	0.045678621605056244	0.2929843438192379	6618	0.03890622283098758	0.03890622283098758	0
1.0	184616	0.024791543728332657	0.02582746883372744	0.3427896340550427	6866	0.023545392382908367	0.023545392382908367	0
1.0	69880	0.12342898036990661	0.1263336551988869	0.2513402667221612	6106	0.0799390077096682	0.0799390077096682	0
0.994140625	54806	0.06584175471989502	0.08028977051182445	0.23766896845768473	5660	0.08848839839901768	0.08848839839901768	0
1.0	99804	0.11793742874348564	0.12500682215838516	0.29265038326163345	6434	0.1082876273705534	0.1082876273705534	0
1.0	67668	0.04603428540090561	0.05434822308549708	0.23997286679540994	5948	0.047080567002442	0.047080567002442	0
1.0	109438	0.014577708585340446	0.016061290698745907	0.2908151172788452	6224	0.018798368387184176	0.018798368387184176	0
0.998046875	120246	0.03598599666919533	0.04039266512478047	0.2973423231073247	6336	0.0330176134056892	0.0330176134056892	0
1.0	97504	0.04609363833786801	0.05363812691675669	0.28775682160774857	6428	0.038902279327585616	0.038902279327585616	0
1.0	48692	0.11818671859491064	0.12876284413070885	0.2374791750262953	6004	0.0787462360000994	0.0787462360000994	0
1.0	99704	0.038472079071097204	0.04342777254092422	0.28215808523789393	6334	0.03607751496471008	0.03607751496471008	0
0.9990234375	65044	0.06573000366696423	0.07168539916723357	0.2711849704902131	6230	0.07366292729451072	0.07366292729451072	0
1.0	61678	0.06628977696849571	0.06824459587687248	0.27458141236907285	6502	0.059513804051558435	0.059513804051558435	0
1.0	89468	0.04754476708015004	0.050099178356719544	0.26737960361424573	6206	0.0406705827690874	0.0406705827690874	0
0.99853515625	82208	0.06730642399074711	0.07487916296296392	0.2716933177379804	6250	0.08281543531274524	0.08281543531274524	0
0.9814453125	253510	0.002875766871165644	0.0037955465587044533	0.3737337791491868	6846	0.0020161290322580645	0.0020161290322580645	0
0.9990234375	93928	0.058661342651583036	0.06581823686794702	0.28133366950310484	6408	0.043615704577110635	0.043615704577110635	0
1.0	81478	0.03521456810159387	0.04091875730926158	0.2858696952656244	6518	0.037773240962498886	0.037773240962498886	0
1.0	148794	0.027102831473161525	0.0317376138278787	0.29218036081535287	6294	0.08101510951999541	0.08101510951999541	0
1.0	164928	0.033164337029318425	0.038072106838864764	0.3108044734696607	6522	0.028239475998674674	0.028239475998674674	0
1.0	81018	0.02666597234765311	0.028907122012820856	0.26860133437985917	6208	0.032319874796097624	0.032319874796097624	0
1.0	87642	0.05579515241533992	0.06391346895934805	0.25842284403474675	5982	0.03742781097759941	0.03742781097759941	0
1.0	83720	0.04935233657242408	0.05425130958522212	0.28263868583208795	6584	0.04520137219637361	0.04520137219637361	0
1.0	172924	0.02306631644098075	0.022579733765346402	0.3091192716334071	6320	0.02573205994621436	0.02573205994621436	0
1.0	121872	0.03480237619741908	0.03832378025878624	0.3202262885122383	6790	0.03179980000274341	0.03179980000274341	0
1.0	77090	0.021180085042151513	0.026129924812803268	0.2558997408487997	6026	0.02687738747189967	0.02687738747189967	0
1.0	151204	0.014960076306138374	0.014856488491750407	0.2995298579140809	6400	0.0125879329004329	0.0125879329004329	0
1.0	84148	0.04480891077927501	0.050867493058869874	0.29011464160151806	6320	0.08877726935732266	0.08877726935732266	0
0.9912109375	62152	0.07355646525966578	0.07916702048655587	0.2677651988517528	6104	0.08198428105959467	0.08198428105959467	0
1.0	90796	0.051781201697588645	0.05716106952522091	0.2747265240283136	6234	0.04501401799581365	0.04501401799581365	0
1.0	58458	0.019089903969068657	0.022140211452102015	0.25163167065740943	6186	0.016536634809141693	0.016536634809141693	0
1.0	79026	0.03631177662235086	0.038869925111889594	0.2936650478857327	6732	0.03777316309008466	0.03777316309008466	0
0.998046875	94444	0.04140078343285594	0.047026741933086036	0.2857750269167779	6334	0.07439353168556964	0.07439353168556964	0
0.9951171875	171068	0.032676281549592325	0.033902627950933455	0.3094641172231969	6430	0.03294906847538427	0.03294906847538427	0
1.0	174786	0.02404304154805489	0.028333670650701793	0.32212361724379773	6640	0.021422200766712963	0.021422200766712963	0
1.0	131416	0.04935848495243766	0.05222522188478061	0.258626105890989	5922	0.03498382248382249	0.03498382248382249	0
1.0	59290	0.005672591353100938	0.007862769478707564	0.25267544873577347	5842	0.009460751237067026	0.009460751237067026	0
0.99609375	146242	0.015629259815157243	0.01743085054119128	0.2870963907206161	6282	0.021275845864661653	0.021275845864661653	0
1.0	121232	0.021888869637152385	0.02332701972316848	0.32194572326447196	6774	0.018512364447713318	0.018512364447713318	0
1.0	72954	0.06284743319289862	0.0644393818522147	0.25740395288688195	6096	0.044242559051207955	0.044242559051207955	0
0.998046875	127308	0.017558209655675065	0.021636374916692926	0.3123686895795688	6406	0.02135002832564752	0.02135002832564752	0
0.9921875	153378	0.02805264611336078	0.02849211061791842	0.2935974416596257	6282	0.033661746696286174	0.033661746696286174	0
1.0	165078	0.05181972654228498	0.053831398523198556	0.3080840717457616	6604	0.019850970250679556	0.019850970250679556	0
1.0	57768	0.03319814806886944	0.03713360222423111	0.23987088857558178	5908	0.03906203290394467	0.03906203290394467	0
0.99609375	145090	0.04404622513448232	0.04946442447333617	0.30291822034537996	6580	0.06320286791259219	0.06320286791259219	0
1.0	173246	0.0391185475762337	0.04583165610938887	0.32972809021414967	6638	0.03943099041783253	0.03943099041783253	0
1.0	88874	0.053203801842144315	0.05701622992703399	0.2895996096509507	6432	0.05075423026126936	0.05075423026126936	0
1.0	98890	0.04042217473280495	0.04290120819395751	0.29984028349622033	6756	0.031807356683201754	0.031807356683201754	0
0.9921875	142712	0.11319555065783606	0.11801901937892259	0.32076274476853306	6434	0.07516939929870015	0.07516939929870015	0
1.0	102820	0.01968924837494241	0.023290850525462935	0.2987282412751609	6536	0.050112081955908466	0.050112081955908466	0
1.0	51450	0.02031724183816712	0.021747730594452345	0.24634151982777364	6172	0.028695864166018208	0.028695864166018208	0
1.0	109386	0.026930596000740995	0.027934328287745527	0.30533251436303116	6592	0.031568256556734994	0.031568256556734994	0
1.0	64796	0.029748255235993726	0.03027325822164362	0.2511833978861069	6146	0.024023924371343548	0.024023924371343548	0
0.986328125	153228	0.003372179794147629	0.0032877292122009427	0.31102996824114876	6412	0.00588474025974026	0.00588474025974026	0
0.998046875	69162	0.03998710526749941	0.04133615708760449	0.27323045243882627	6380	0.04438745892039452	0.04438745892039452	0
1.0	78918	0.043153691889238566	0.04457086044171617	0.27064867291892175	6122	0.043100362244421375	0.043100362244421375	0
1.0	101646	0.017191149630528795	0.019871034396548446	0.2958138956848506	6574	0.044573004765408146	0.044573004765408146	0
1.0	64254	0.06983276156456357	0.07044054387826028	0.27785764582175737	6318	0.06814824999722034	0.06814824999722034	0
1.0	156862	0.0019652997097454428	0.0021915084331760384	0.2886740315113942	6086	0.010017641129032258	0.010017641129032258	0
1.0	70222	0.040517083654130696	0.04740314088064769	0.2787022626891849	6482	0.06543950713671103	0.06543950713671103	0
0.98046875	189706	0.03006727592150099	0.03370197506947341	0.3435628816923369	6634	0.024528091088424124	0.024528091088424124	0
1.0	105878	0.02647790813020757	0.030791901156507546	0.2911972049117603	6290	0.0636693345193503	0.0636693345193503	0
1.0	125662	0.047478957484046985	0.05150719971757993	0.3198584402205218	6746	0.044988599877693686	0.044988599877693686	0
1.0	127912	0.16325343638025294	0.17238751372488004	0.3230622165392498	6848	0.07632754108588975	0.07632754108588975	0
1.0	109976	0.043016332679514484	0.048067776934379296	0.3095763952163156	6708	0.0386995682623731	0.0386995682623731	0
1.0	139460	0.040844026927788504	0.04619283553880802	0.28222922965761454	6252	0.05500433097485316	0.05500433097485316	0
0.990234375	110728	0.017060400474674504	0.02046889386618602	0.3067470252141979	6638	0.01575044033870187	0.01575044033870187	0
1.0	105210	0.0023155091272645673	0.002584696323283075	0.27045470055175264	6010	0.011169625308969571	0.011169625308969571	0
1.0	99596	0.006593772131875768	0.007294874947429178	0.29865401591807755	6550	0.011715367965367967	0.011715367965367967	0
1.0	88104	0.044631487314723196	0.05278884547619866	0.2702994676691136	6324	0.042203256168181214	0.042203256168181214	0
0.99267578125	85272	0.03499815213434215	0.038220319821883286	0.2593191679780793	6128	0.02654024796147049	0.02654024796147049	0
1.0	70280	0.017626404162690266	0.021618024627299347	0.2530409413711974	6194	0.024238306842796008	0.024238306842796008	0
0.994140625	204122	0.20212108883221216	0.2125414321972412	0.35023978021858637	6868	0.0901508071833254	0.0901508071833254	0
0.998046875	151564	0.0023724278906202007	0.003126525798447426	0.29495631652253435	6318	0.007487128146453089	0.007487128146453089	0
1.0	73262	0.07861708287653098	0.08447434124030054	0.2532494369840794	5956	0.07616094133761789	0.07616094133761789	0
1.0	81954	0.02935993038823721	0.032550136629686185	0.2601472456605765	6002	0.028697683915325567	0.028697683915325567	0
1.0	106058	0.04742043655079139	0.054759969408395504	0.3188985659710427	6944	0.044013272605471075	0.044013272605471075	0
0.99609375	117940	0.021472430552474317	0.026032040683559767	0.30855558802969263	6578	0.056208679124698145	0.056208679124698145	0
1.0	103778	0.02561745153521853	0.030958695687347215	0.29218632853187826	6274	0.0394802301947438	0.0394802301947438	0
1.0	138960	0.0048873599738790685	0.00508680144370945	0.295828654488921	6344	0.01152275040699737	0.01152275040699737	0
0.998046875	171708	0.04515066775389546	0.049149953011742145	0.3326628632196454	6938	0.04405909883611168	0.04405909883611168	0
1.0	80690	0.04206529662241825	0.04558980736474882	0.27452700606079106	6362	0.03843570469282754	0.03843570469282754	0
1.0	81938	0.05084998882433076	0.05752654064068291	0.270193226152161	6412	0.041435029351907925	0.041435029351907925	0
0.9931640625	158972	0.028284275961221753	0.03080117227362086	0.2884050026284352	6170	0.040429451277073834	0.040429451277073834	0
1.0	169136	0.06616430981855692	0.07057876909397405	0.3281840485511225	6598	0.0829996218593808	0.0829996218593808	0
1.0	138896	0.009361969566854884	0.00922583247170399	0.3462604925162825	6968	0.016255847883213766	0.016255847883213766	0
1.0	133208	0.055098360008148196	0.06578190238709801	0.27404471824746346	6104	0.06374406435181681	0.06374406435181681	0
1.0	150898	0.08651541157836967	0.0908842379443542	0.29592278080215767	6266	0.1138292011380879	0.1138292011380879	0
1.0	155320	0.07581804246660574	0.07739340373879264	0.30767956415355663	6434	0.03768698948002226	0.03768698948002226	0
0.98828125	97690	0.05368341313853722	0.06064180199483677	0.2978297023955056	6658	0.038780298506490465	0.038780298506490465	0
1.0	107514	0.03094406641723416	0.03376029468758886	0.29775955257364695	6528	0.03559880160489916	0.03559880160489916	0
1.0	45296	0.11507195803927843	0.12729703395223793	0.2516391518743129	6248	0.09297753906360415	0.09297753906360415	0
0.9931640625	98986	0.03550104289156663	0.03891288767448953	0.3083105645666558	6716	0.03912256822307202	0.03912256822307202	0
1.0	194890	0.10726377809144	0.11297956683092125	0.3642637949083714	7286	0.08164220404351984	0.08164220404351984	0
1.0	67570	0.04802109792142023	0.053377431089433214	0.2615662628937106	6176	0.055894094777637314	0.055894094777637314	0
0.990234375	89600	0.01971755219560618	0.023076455432356625	0.29027848426198927	6420	0.023563642352571766	0.023563642352571766	0
0.998046875	103942	0.023802044035710207	0.026026383921105234	0.31290388300448096	6792	0.029823176592882826	0.029823176592882826	0
1.0	58684	0.0557476925662939	0.0640550408010464	0.24966336968460986	5978	0.07608739407307516	0.07608739407307516	0
1.0	64292	0.052069664782285516	0.057475549606089846	0.23313132266194017	5760	0.03872511585617293	0.03872511585617293	0
1.0	132246	0.02813602723514056	0.029460515804276798	0.2963885478608671	6630	0.03196482919026698	0.03196482919026698	0
0.99609375	85574	0.1476289385439819	0.16041761996706239	0.28310626935134436	6386	0.1031708108201635	0.1031708108201635	0
1.0	127108	0.007409451511682916	0.009201051314820375	0.32639403898124436	6872	0.012830565034122842	0.012830565034122842	0
1.0	73282	0.057181689193565866	0.06202490719830688	0.26597767563876146	6026	0.10673307624397914	0.10673307624397914	0
1.0	87490	0.048241268312253165	0.05412553121488335	0.2726644387775341	6244	0.03835129647895257	0.03835129647895257	0
1.0	107718	0.06402804893874005	0.07370513655880966	0.30969990248396534	6656	0.06518163999904647	0.06518163999904647	0
1.0	70118	0.036394331915341596	0.04207844255752267	0.25317858109916136	6124	0.035718358374608364	0.035718358374608364	0
1.0	63674	0.056598252644217764	0.058647278156582786	0.257174469033232	6122	0.04631383603668794	0.04631383603668794	0
0.98828125	149020	0.031169858985743724	0.032789136649164885	0.2770590781708459	6062	0.02347687030785984	0.02347687030785984	0
0.986328125	101758	0.000718167701863354	0.001038479255091633	0.2892285051091081	6242	0.004319955406911928	0.004319955406911928	0
1.0	42862	0.045866112161702756	0.05096718411766223	0.24431607123439272	6262	0.034636564212802604	0.034636564212802604	0
1.0	148148	0.0304446193514082	0.03326739202084647	0.3070016180168775	6624	0.03577747669442738	0.03577747669442738	0
1.0	209792	0.04099014972923316	0.044275639460483664	0.31001810992559964	6420	0.02923310967065225	0.02923310967065225	0
1.0	93878	0.03373637922896693	0.04152463697614725	0.27874021669597365	6248	0.039253928966300596	0.039253928966300596	0
1.0	129318	0.06711600211828209	0.07346019085570255	0.2810189983636164	6308	0.05893894384230272	0.05893894384230272	0
1.0	67974	0.08945539686824885	0.10101363422309641	0.2536920598631744	6098	0.09387197014081372	0.09387197014081372	0
0.99609375	174544	0.00883949561125209	0.00988669725439716	0.3245308761444367	6656	0.016668777440054038	0.016668777440054038	0
0.9951171875	86574	0.04936126297220767	0.052912851460086875	0.28578659298625636	6498	0.04384437607146502	0.04384437607146502	0
0.99365234375	256960	0.022083258521537707	0.02374233315655949	0.36697494318236584	7026	0.04615809089593284	0.04615809089593284	0
1.0	192558	0.007075633293335946	0.007636819264492702	0.34428608724899395	6654	0.010159513366750209	0.010159513366750209	0
1.0	122168	0.11926397468541497	0.12230269131561461	0.31101099795611326	6544	0.06020395998681826	0.06020395998681826	0
1.0	87626	0.0687356359566333	0.07760742854264208	0.27610943129884896	6166	0.07790599806811715	0.07790599806811715	0
1.0	148488	0.057944588223597396	0.06162856065717422	0.29396021019348284	6434	0.05135225935238614	0.05135225935238614	0
1.0	172422	0.02919007273404856	0.031147974756874322	0.300412985740012	6370	0.0409719967540444	0.0409719967540444	0
1.0	106236	0.08658079629129121	0.08825022009860203	0.2686112642655933	6104	0.05000277413437642	0.05000277413437642	0
1.0	96284	0.06753532063128348	0.07032376264824396	0.2851976509931217	6094	0.050179728986419	0.050179728986419	0
1.0	189086	0.14567874132473105	0.15331472820246914	0.3281411597681911	6674	0.05872144309018594	0.05872144309018594	0
0.98779296875	100426	0.029083083609992903	0.03075641274418176	0.2863609636416149	6352	0.030904210914839445	0.030904210914839445	0
1.0	163752	0.0217869507939618	0.02257518737544779	0.32630539492978033	6940	0.029201902145557998	0.029201902145557998	0
1.0	134508	0.058593331828266794	0.06480263216643624	0.2744540139778931	6208	0.04660352074487137	0.04660352074487137	0
0.99560546875	184172	0.0035551185405660467	0.0037002785996797915	0.32996899038590544	6572	0.007308948321891685	0.007308948321891685	0
1.0	58340	0.03070543169291936	0.03531497352221306	0.2597552792485232	6280	0.04143695374475346	0.04143695374475346	0
1.0	88038	0.012460620458411578	0.015667990782131182	0.26298905889233487	6062	0.017323023805693893	0.017323023805693893	0
1.0	71148	0.0631253119291429	0.07355437804339793	0.24818781580285507	6074	0.0779177601221121	0.0779177601221121	0
1.0	150810	0.04881512893421544	0.05369298663560918	0.29699841784118836	6526	0.049474791979025746	0.049474791979025746	0
1.0	121484	0.051078215596747176	0.055796667332141794	0.32804628461999114	6808	0.05732907870279475	0.05732907870279475	0
1.0	84024	0.01698638763012249	0.019840558817207136	0.26502737652125946	5972	0.01926432238932239	0.01926432238932239	0
1.0	179188	0.026110393067138332	0.02856642175200756	0.338791525127587	6896	0.03152140119365012	0.03152140119365012	0
1.0	197598	0.10642698677184187	0.10852230031012645	0.33297498720747043	6526	0.05114747714147028	0.05114747714147028	0
0.99609375	145260	0.013347957807003244	0.014882482217580416	0.28633284015326066	6242	0.015381353519470365	0.015381353519470365	0
0.986328125	181504	0.12520372487261455	0.13237945424174155	0.31245064415987905	6348	0.0581742927137664	0.0581742927137664	0
1.0	61098	0.08742690530056046	0.09706552706478513	0.25112134138842884	6164	0.04478879784801853	0.04478879784801853	0
0.9931640625	91148	0.05569076361974671	0.06139940972633341	0.29594121575590077	6592	0.04382427915365172	0.04382427915365172	0
1.0	93314	0.08024158114349277	0.07878520117467917	0.2681999754359943	6070	0.08942099065052371	0.08942099065052371	0
0.9990234375	94526	0.03564386876748016	0.03819938348890972	0.29246510527745884	6506	0.04117865833559245	0.04117865833559245	0
0.986328125	106994	0.03354757936830639	0.03841405270415161	0.2882361389837201	6256	0.029811069092198748	0.029811069092198748	0
0.98828125	118030	0.004369486247442484	0.004241489535333549	0.30410300953330444	6406	0.010462860310421287	0.010462860310421287	0
1.0	57664	0.02928615917751758	0.03841884980001167	0.26983736461684177	6254	0.04218669517105225	0.04218669517105225	0
1.0	53560	0.031089117562158607	0.038919136061343916	0.24446195103398824	5966	0.03958153740523944	0.03958153740523944	0
1.0	91306	0.03046868834234516	0.032886489260027275	0.27126438655017815	6206	0.028684010714581334	0.028684010714581334	0
1.0	240000	0.02707256286875268	0.03153392180492519	0.3593603676155513	6918	0.0289193143812709	0.0289193143812709	0
1.0	85544	0.07483267930729864	0.08030290400952668	0.272665564468023	6272	0.054885152660071664	0.054885152660071664	0
1.0	73882	0.044511414420303576	0.044333983144216105	0.26603549751435956	6152	0.03502825803500444	0.03502825803500444	0
0.9921875	194312	0.07374315288577969	0.07762549387978193	0.33528128494804205	6814	0.06115138135412328	0.06115138135412328	0
1.0	77154	0.03972436665031625	0.04235343020818266	0.27617554449450327	6350	0.051765155203336244	0.051765155203336244	0
1.0	87618	0.06710567737529538	0.07367163963159047	0.2925940244593478	6606	0.054261526524312556	0.054261526524312556	0
1.0	230048	0.020432711298978397	0.021780416792126903	0.3527995788795941	7070	0.02844892283836611	0.02844892283836611	0
1.0	83222	0.05402318853377104	0.06257416004482047	0.2571977641732646	6078	0.04824079253120607	0.04824079253120607	0
0.9921875	172296	0.030521913385079286	0.033831361373618335	0.327616277957568	6696	0.045341550720535834	0.045341550720535834	0
1.0	51002	0.0984658098247425	0.1080812555026905	0.23724259482411195	5972	0.09485898234644367	0.09485898234644367	0
0.99609375	64228	0.07213948387339836	0.07604507025432625	0.2638059223124934	6198	0.06854765662936135	0.06854765662936135	0
1.0	41824	0.056097337846697	0.05966683322856915	0.22020666629511076	5772	0.044045077210920935	0.044045077210920935	0
1.0	82906	0.0761829494025789	0.08534278315145534	0.2531507760096629	5936	0.042521661668255474	0.042521661668255474	0
1.0	141032	0.04612938318033051	0.053047368048621556	0.28394187776465213	6338	0.045639348113450266	0.045639348113450266	0
1.0	82506	0.03319234764529253	0.036307402235530424	0.28796780304945774	6336	0.06704096516212531	0.06704096516212531	0
1.0	80202	0.020817906966145924	0.022068832352775382	0.2668744611320108	6232	0.02314545834282676	0.02314545834282676	0
1.0	179058	0.014790730733379307	0.01711639963589442	0.30905004263558294	6456	0.04187432256995856	0.04187432256995856	0
0.994140625	203952	0.015491624688473907	0.016975205718613093	0.36214373787198473	7060	0.0313949314028634	0.0313949314028634	0
0.9970703125	139188	0.038509869232982524	0.04182307718205924	0.28373696398385967	6270	0.03629865794499941	0.03629865794499941	0
0.994140625	137552	0.030899528815954827	0.03366390588113005	0.32597547144251915	6696	0.041300756880934424	0.041300756880934424	0
1.0	105976	0.037778260478789905	0.0449286799456332	0.29201682169861326	6398	0.03333851917841763	0.03333851917841763	0
0.984375	114346	0.01799735088957906	0.020938806741184014	0.29827575788649036	6354	0.04984798644079233	0.04984798644079233	0
1.0	88198	0.030233404908025212	0.03128858359136303	0.28223360228300004	6504	0.028569736864183005	0.028569736864183005	0
1.0	101942	0.020201202147312407	0.022686051438142327	0.2779928602587396	6210	0.026641506760248738	0.026641506760248738	0
1.0	149044	0.04833909795670475	0.055149351778498	0.3509850364017435	6936	0.04803116455373404	0.04803116455373404	0
1.0	61922	0.0741141553394974	0.08517225377807033	0.25998306156087675	6218	0.09306389844033697	0.09306389844033697	0
1.0	97524	0.1523464967901817	0.16963722548049553	0.32707805494316716	6788	0.1110331924377667	0.1110331924377667	0
1.0	88432	0.06381115315033606	0.06933303223648939	0.26285565617098056	6020	0.055225608972399726	0.055225608972399726	0
0.99658203125	91536	0.014278498022715098	0.01564068201578002	0.27562337874150344	6266	0.01596282274635933	0.01596282274635933	0
1.0	208210	0.13573812681028877	0.13835241647945523	0.34286839716537654	6824	0.0785706728871628	0.0785706728871628	0
0.99609375	172800	0.016120329160801812	0.018298428371379342	0.29909230913116985	6284	0.03424058315579476	0.03424058315579476	0
0.998046875	173282	0.08625230310032796	0.0920604696298827	0.32414811468639076	6548	0.07829587927754368	0.07829587927754368	0
0.994140625	129452	0.017438613833890722	0.018448821131783776	0.30657209891045517	6394	0.017561667768822512	0.017561667768822512	0
0.998046875	241316	0.012659575652734024	0.01145508060156906	0.3472072851236237	6730	0.020699970288739433	0.020699970288739433	0
1.0	104264	0.029671296589715714	0.03372152317681641	0.2916786666156792	6388	0.022765519102589685	0.022765519102589685	0
0.9951171875	146772	0	0	0.3233940773813347	6758	0	0	0
0.990234375	78004	0.03062799483100946	0.035131613346747255	0.2615282021861234	6036	0.031372749858432546	0.031372749858432546	0
1.0	79374	0.0025960559049791063	0.003944405481134561	0.26163400466452175	6112	0.006496293702727301	0.006496293702727301	0
1.0	66964	0.033453319282902606	0.03693790941317211	0.2443612617991866	5932	0.02926972802166301	0.02926972802166301	0
1.0	40468	0.011955858742333698	0.012703906890908606	0.23479163895161637	5896	0.012371518567639258	0.012371518567639258	0
1.0	87068	0.022863691253182612	0.023254805617660468	0.27343915342594655	6294	0.018191123983719703	0.018191123983719703	0
1.0	147542	0.05672068939092776	0.06037408587132273	0.3153444166695923	6596	0.061761608355296704	0.061761608355296704	0
1.0	131494	0.014943861932824617	0.01704743630588141	0.31942819198205546	6616	0.043479933129228245	0.043479933129228245	0
0.994140625	130474	0.048539221294747074	0.05199552463379427	0.3292377942064415	6820	0.0485815960095108	0.0485815960095108	0
1.0	62982	0.036483760992628164	0.039395772491430135	0.2697023599111597	6270	0.04399429366084634	0.04399429366084634	0
1.0	118120	0.025106581071080544	0.02970821029711352	0.3117632705146255	6574	0.03045895333609532	0.03045895333609532	0
1.0	88366	0.008314835944978892	0.010764791054587615	0.2851218866638225	6504	0.017703800644771957	0.017703800644771957	0
0.98828125	111060	0.027108980023482103	0.03241222611569006	0.2979067298287767	6370	0.07375623007125455	0.07375623007125455	0
1.0	86300	0.04992144942614826	0.05629606108888286	0.2836719786536045	6496	0.044050761881633746	0.044050761881633746	0
0.998046875	128146	0.026744952969142675	0.03272776191933227	0.31724013850455585	6504	0.03166762489612297	0.03166762489612297	0
1.0	68120	0.03977507183297539	0.04295424500527758	0.25906605475654965	6004	0.047208511522005725	0.047208511522005725	0
1.0	56338	0.04677398542921766	0.052777070204071505	0.25051312246278884	6188	0.0490593172964585	0.0490593172964585	0
1.0	108908	0.04606114766209515	0.050802520758007286	0.2971845942020384	6380	0.08704399946302527	0.08704399946302527	0
0.9990234375	83674	0.04123536096216227	0.04232783431167323	0.2798230247662082	6450	0.04069544726936475	0.04069544726936475	0
1.0	65808	0.016092765236855624	0.01922009634613786	0.2705183528733209	6418	0.019197850446716742	0.019197850446716742	0
1.0	75962	0.035413513026645964	0.041146785883455744	0.27476493368105337	6370	0.03734029290773139	0.03734029290773139	0
1.0	56242	0.040627150920838115	0.048704175459518696	0.24722063468403466	6016	0.06383525588656551	0.06383525588656551	0
1.0	146950	0.010389207714110296	0.011641806836954982	0.295067265943319	6240	0.024631485195779214	0.024631485195779214	0
1.0	154972	0.02619135586316535	0.027768787905737183	0.28760618411701316	6204	0.022167466277291055	0.022167466277291055	0
1.0	85656	0.036381601422395486	0.0390547169547406	0.26617066603821193	6158	0.03094432567303312	0.03094432567303312	0
0.9990234375	185772	0.013292675782274834	0.01523824841819551	0.33747694716968435	6792	0.012376716892393112	0.012376716892393112	0
0.99609375	144854	0.04570072352487549	0.0503263429322594	0.31736566048913395	6784	0.03789482278418614	0.03789482278418614	0
1.0	128130	0.04657697747938474	0.0487809116361406	0.27948111769606104	6258	0.043221800977039884	0.043221800977039884	0
1.0	172178	0.002393695912282277	0.0029638873347709246	0.33006583590510324	6782	0.0059223790322580645	0.0059223790322580645	0
1.0	74344	0.0529747589705759	0.05821007181311698	0.2707915882590475	6332	0.03758042536825431	0.03758042536825431	0
1.0	60484	0.03965807562190342	0.04571579787064739	0.2516108754910869	5942	0.05071776313771729	0.05071776313771729	0
1.0	82640	0.05614083544833928	0.0637633002523168	0.27891489686634585	6438	0.05289426156406095	0.05289426156406095	0
1.0	132480	0.16865796889718515	0.1757120181412953	0.3124168323430781	6454	0.09661136338767914	0.09661136338767914	0
1.0	146116	0.0699589656711194	0.07591908332008487	0.2770270810059821	6064	0.04222398334333072	0.04222398334333072	0
1.0	73384	0.06872612802935409	0.07331317716234304	0.2666432063589773	6280	0.057638894828532766	0.057638894828532766	0
1.0	156698	0.039306215218494735	0.04646753083882119	0.3352201440193647	6880	0.08301359865171566	0.08301359865171566	0
0.99658203125	233360	0.025912718550430165	0.02760977258026218	0.35053037227209916	6866	0.025257207774353613	0.025257207774353613	0
0.9970703125	156650	0.01859305117470704	0.020360972714811562	0.3017013639512039	6298	0.018127394636015325	0.018127394636015325	0
0.9921875	119086	0.016486377730422677	0.018232320510709783	0.310946827401584	6532	0.014448078407210163	0.014448078407210163	0
0.994140625	180670	0.12811668068271437	0.1372074374118518	0.3275881904263207	6624	0.05231422526561097	0.05231422526561097	0
1.0	95714	0.04090733942011469	0.04450018117662753	0.27359054568955393	6128	0.03618335786275869	0.03618335786275869	0
0.994140625	97400	0.04218201132265992	0.046784033179853586	0.27961802706890543	6204	0.05532083388056332	0.05532083388056332	0
0.9921875	154262	0.043025858286259946	0.04539174599626192	0.31225812139355064	6656	0.03970141967287262	0.03970141967287262	0
1.0	84166	0.035845167225851786	0.042400447097494846	0.2838141107310119	6528	0.03200737623181119	0.03200737623181119	0
1.0	133748	0.01568160328906578	0.019467892760468248	0.3378774439759284	7008	0.04315281354692605	0.04315281354692605	0
0.994140625	170114	0.025736308922674037	0.027555721907972626	0.3156765434597129	6258	0.04516146843352725	0.04516146843352725	0
0.998046875	166546	0.02508142127255787	0.026074967292073842	0.2976563477906692	6216	0.016688857560568086	0.016688857560568086	0
0.994140625	155272	0.01217595212100768	0.012961959021926928	0.314284829984359	6714	0.013575467278635641	0.013575467278635641	0
1.0	54954	0.08932439696470643	0.09534983579237233	0.24712549351577184	6050	0.08551571903494035	0.08551571903494035	0
1.0	130622	0.039672745635119945	0.04746040135153969	0.31464939342495385	6412	0.07613709063299437	0.07613709063299437	0
1.0	83488	0.04515007564194778	0.05143944834999538	0.27378386896328805	6366	0.03388190119342167	0.03388190119342167	0
0.998046875	173474	0.023595234804470344	0.026906339349267817	0.3268260472814702	6718	0.027850899030752413	0.027850899030752413	0
1.0	105214	0.09678160671994732	0.10272468259240458	0.2863769095235441	6254	0.09545493905391228	0.09545493905391228	0
0.98828125	166860	0.09772679620629039	0.10312258658536162	0.33056765660810566	6610	0.07856501970962486	0.07856501970962486	0
1.0	36196	0.16768077107073218	0.18499454727759695	0.2542811542412177	6534	0.09755763086065991	0.09755763086065991	0
1.0	243412	0.19754746323342537	0.20437525825379244	0.3788272717577365	6490	0.0649146722340244	0.0649146722340244	0
0.998046875	76702	0.00949131952066302	0.010600931343053687	0.25869392950548975	6040	0.013616507820136852	0.013616507820136852	0
1.0	88034	0.04685056424092832	0.05067004088687654	0.2929665997106563	6660	0.04473887033371818	0.04473887033371818	0
1.0	49772	0.03661600223193572	0.03655391650144556	0.236686513317649	5782	0.034412788113446	0.034412788113446	0
1.0	168500	0.010526855693249708	0.01190483959062638	0.3234769920151828	6770	0.015430631038647344	0.015430631038647344	0
0.99609375	156234	0.04622964275020791	0.05251481594026284	0.2817722556012687	6082	0.04824776337934233	0.04824776337934233	0
1.0	48518	0.07588514007152558	0.09155162198264262	0.24737785310504692	6086	0.08154176413694394	0.08154176413694394	0
1.0	83236	0.033818941594791374	0.03605629938640527	0.28941243852609716	6466	0.04652293803530711	0.04652293803530711	0
0.9970703125	111890	0.14428749711252378	0.1473042534958572	0.29277916681180444	6428	0.06569556000932113	0.06569556000932113	0
1.0	62746	0.07095697076930078	0.0766650139529392	0.2293294104521477	5774	0.05343586504685643	0.05343586504685643	0
1.0	95112	0.0027157236546455454	0.0026295747402777917	0.2938694027582427	6580	0.003993055555555555	0.003993055555555555	0
1.0	77094	0.03736116035072329	0.0385168982562952	0.2627903408737127	6202	0.036113078257150856	0.036113078257150856	0
1.0	247622	0.04175387193535131	0.04572604522873027	0.36953083182876795	6894	0.036666624224818915	0.036666624224818915	0
1.0	80894	0.03934877527647077	0.04535388634613958	0.2646145236768052	6052	0.028133684725176696	0.028133684725176696	0
1.0	108260	0.030629125139766976	0.034303798147825915	0.29372394881171215	6446	0.031173029556650255	0.031173029556650255	0
1.0	95716	0.04524534794126651	0.051438864907802674	0.2875260934634109	6362	0.04057532400670406	0.04057532400670406	0
1.0	161076	0.02141159538411271	0.022941264799479368	0.31824399328484093	6708	0.026092270998607725	0.026092270998607725	0
1.0	80016	0.023367061907609465	0.024269749933484935	0.2729730533970334	6348	0.027262773278828933	0.027262773278828933	0
1.0	136286	0.04424784441739277	0.04671500158306005	0.30328356534317263	6586	0.06613149103472149	0.06613149103472149	0
1.0	85454	0.009600064054398618	0.01238704013720704	0.2324378830764551	5368	0.033482903988251114	0.033482903988251114	0
0.99853515625	111814	0.027968973928045066	0.03127113266586866	0.30835864282669634	6660	0.021512411576949622	0.021512411576949622	0
1.0	124266	0.013739007487545378	0.013493075118541534	0.3152901069753821	6654	0.01244235836627141	0.01244235836627141	0
1.0	188232	0.034509778929004295	0.04102769330484581	0.32947464360922407	6464	0.045377230991800965	0.045377230991800965	0
1.0	54036	0.02757039805329146	0.02781880854993292	0.24597412057533352	6128	0.027241135958241222	0.027241135958241222	0
1.0	87994	0.03104268857600564	0.03437687682854436	0.27895611567087114	6430	0.028014755707904845	0.028014755707904845	0
0.998046875	85356	0.025628484884825914	0.029140479664955934	0.27058756832015074	6232	0.03263392957686436	0.03263392957686436	0
1.0	70520	0.052535577166252664	0.05606563458393106	0.27283079647880637	6350	0.0635182181033994	0.0635182181033994	0
0.998046875	154208	0.06843704814506943	0.07822194318329885	0.335531318611795	6682	0.05555098505633001	0.05555098505633001	0
0.990234375	165488	0.009507824245874957	0.01118842820766198	0.30607614450750603	6312	0.014278544430181143	0.014278544430181143	0
0.998046875	167390	0.0273993173270485	0.03130387450665248	0.3017754205862649	6396	0.02139918008820448	0.02139918008820448	0
0.998046875	61000	0.05714816259128329	0.0635517834620212	0.24252354387225541	5878	0.055724924751001395	0.055724924751001395	0
1.0	193980	0.01682117226983394	0.01796812250789897	0.336067485909391	6794	0.016844961402242474	0.016844961402242474	0
1.0	88232	0.01601236757245586	0.01776758605621578	0.2905974402243292	6382	0.029689718548683075	0.029689718548683075	0
1.0	102290	0.04771579912161261	0.05521616261372673	0.3064707304831136	6690	0.0765301484605314	0.0765301484605314	0
1.0	178542	0.017291565637017205	0.01800007292014308	0.3355251302195432	6848	0.01803136665568731	0.01803136665568731	0
0.986328125	139324	0.04176474842866161	0.046551579125482745	0.2882432545084967	6266	0.04597962473815609	0.04597962473815609	0
1.0	168504	0.015233285117283437	0.01579759354370569	0.30723362788481307	6528	0.03196841535657325	0.03196841535657325	0
1.0	64718	0.025985795696976347	0.028624689346348823	0.26463862724465015	6192	0.02761310447480085	0.02761310447480085	0
0.99853515625	216684	0.03837789263073749	0.04310992378306474	0.3212171062097337	6576	0.04137021783407749	0.04137021783407749	0
0.990234375	211548	0.011615229021042114	0.011978937852875151	0.31638604115235297	6500	0.016378932880457272	0.016378932880457272	0
0.9921875	104332	0.006317214010505633	0.007734167208146664	0.27990807233298604	6194	0.010654592202286772	0.010654592202286772	0
0.994140625	130380	0.014621936456190443	0.015176003825008031	0.31878070192921043	6574	0.014122883695252117	0.014122883695252117	0
1.0	127154	0.01841846718386987	0.020680321270118845	0.31717958551718567	6532	0.023250976540450226	0.023250976540450226	0
0.9921875	76564	0.0615565865437217	0.07106152815397807	0.25563400940504144	6030	0.04984347564891295	0.04984347564891295	0
1.0	173230	0.011560462850575062	0.011478367393886461	0.3196599012850756	6596	0.009667849302973602	0.009667849302973602	0
1.0	145862	0.043841768583427025	0.04699496624531366	0.2975850541086247	6456	0.041121498921028184	0.041121498921028184	0
1.0	69388	0.04111558040239741	0.0442776673410627	0.26486390177480373	6040	0.06397900697014569	0.06397900697014569	0
1.0	64890	0.03893729975215757	0.04647720913084101	0.2584494470003685	6198	0.03530787048317536	0.03530787048317536	0
1.0	89080	0.010818290201680542	0.012614323240083884	0.2979850616646333	6436	0.02320483020914055	0.02320483020914055	0
1.0	60176	0.026539865596248453	0.028647621534591827	0.27357040461161714	6338	0.0289374350654062	0.0289374350654062	0
1.0	87346	0.13156341634871216	0.13763273871064066	0.28047181381333136	6258	0.11737343677931877	0.11737343677931877	0
0.998046875	91154	0.044548656326994944	0.04707105165174807	0.29755662113329817	6574	0.03424785323170048	0.03424785323170048	0
1.0	180978	0.011711335880362803	0.014599987086975005	0.3294077450623818	6640	0.014195247053154421	0.014195247053154421	0
1.0	210080	0.01549834083945354	0.01757481580200928	0.32601292061494763	6640	0.013858421500508825	0.013858421500508825	0
1.0	84960	0.06295494552532985	0.07010082926857782	0.26807798543471656	6224	0.03883604859214615	0.03883604859214615	0
0.99609375	92430	0.056530123957348966	0.0592459515188096	0.2912791117338392	6536	0.054815943786426916	0.054815943786426916	0
1.0	150586	0.057950278560471254	0.0661155826254834	0.291344642665973	6336	0.044843513990136544	0.044843513990136544	0
1.0	83654	0.013043768932188159	0.01649750129737851	0.26084571430621634	6174	0.02228218163450526	0.02228218163450526	0
1.0	136514	0.14579096520727802	0.15100322748166423	0.3183616104673626	6572	0.075869417497707	0.075869417497707	0
0.9990234375	159066	0.018449486471409128	0.019488143751308563	0.31676065666698056	6716	0.01837025797768166	0.01837025797768166	0
0.998046875	68676	0.058158052489926754	0.0628616092742174	0.26815315887861185	6286	0.05527032531524697	0.05527032531524697	0
1.0	131214	0.010294563782540463	0.011957795221610747	0.3324118773032696	6800	0.013831036849329532	0.013831036849329532	0
1.0	85508	0.04027438039537533	0.04467564542597951	0.2809260471848221	6414	0.037055762220235905	0.037055762220235905	0
1.0	151950	0.03170059264602895	0.03580396713336693	0.3002263343076789	6466	0.06184875440351315	0.06184875440351315	0
1.0	67194	0.08165067633802703	0.08884775549061502	0.2539218584020515	5976	0.10475599369752597	0.10475599369752597	0
0.9951171875	98840	0.03871783505210481	0.03949116101383074	0.29151788331932843	6394	0.03311507441640648	0.03311507441640648	0
1.0	95106	0.04776002856151837	0.050168649772186935	0.2718270774485683	6242	0.040766229698630876	0.040766229698630876	0
1.0	175242	0.010084897947871239	0.011078217123801332	0.3094393693567924	6478	0.01840115144418423	0.01840115144418423	0
1.0	159970	0.04464572004604914	0.04817498996398271	0.3141522833091523	6634	0.041593932284185425	0.041593932284185425	0
1.0	76310	0.006575539107582785	0.008080646536581821	0.2644558825178989	6166	0.011837121212121212	0.011837121212121212	0
1.0	115454	0.008847525839663585	0.010893765568531744	0.30895211009731144	6640	0.027306930508728025	0.027306930508728025	0
0.9921875	95078	0.0660440817612035	0.07204613537026261	0.2911173302923861	6438	0.054118700503327316	0.054118700503327316	0
0.986328125	91462	0.17372694090082905	0.18129948960360515	0.2694781457015218	6028	0.08704898896060538	0.08704898896060538	0
1.0	91498	0.04805776053865071	0.05453272321760376	0.2656844754298107	6190	0.04561039968375595	0.04561039968375595	0
1.0	122798	0.021826393164574638	0.02416383117436658	0.32693440998400963	6928	0.030227021905713802	0.030227021905713802	0
0.9970703125	89582	0.06491563483772919	0.07256205699162713	0.28272710345453467	6294	0.09300219003444749	0.09300219003444749	0
1.0	184904	0.06208229051164513	0.06939437601625893	0.3261965935987378	6716	0.04121291693493245	0.04121291693493245	0
1.0	103140	0.05625578969207871	0.06191296937111938	0.30080170168759746	6614	0.041665644204939005	0.041665644204939005	0
0.98486328125	129444	0.03540916258006126	0.04074366614993556	0.32497556162552726	6434	0.041529861092170446	0.041529861092170446	0
0.99462890625	116658	0.0064222619704314005	0.006704897110447588	0.3067687304080858	6528	0.009658199152413739	0.009658199152413739	0
1.0	74018	0.03354192656549435	0.0371347269947304	0.27946853906615415	6276	0.052811555560414634	0.052811555560414634	0
1.0	114310	0.021190173639227282	0.02405616213959761	0.2907866420468544	6214	0.01794362718813277	0.01794362718813277	0
1.0	111374	0.05411026566436965	0.05858217253415777	0.2938609288000647	6482	0.04247882490567373	0.04247882490567373	0
0.998046875	126854	0.017539578057271375	0.01988874479968242	0.3037512874190292	6320	0.019940297078454974	0.019940297078454974	0
1.0	89928	0.06673524380037857	0.07422999319657032	0.2817613573196825	6404	0.043163457630813425	0.043163457630813425	0
0.99609375	146156	0.049261921213371924	0.05573935816831637	0.2796889260686821	6184	0.039456497414716414	0.039456497414716414	0
0.99560546875	83548	0.06304104771398604	0.06951883975469718	0.2853042011497979	6406	0.058171738472702926	0.058171738472702926	0
1.0	82268	0.04517651754796203	0.051472559230057995	0.2537469057340049	6020	0.03703472242918856	0.03703472242918856	0
1.0	88724	0.028070543768932463	0.03378840401840486	0.26843860463244257	6242	0.03843993942678154	0.03843993942678154	0
1.0	70590	0.035836286133633585	0.03812339381211992	0.27095950268749847	6204	0.03750870862906468	0.03750870862906468	0
1.0	110638	0.023877324580261927	0.02309975538855692	0.2966699658468919	6466	0.026563424353058505	0.026563424353058505	0
1.0	50532	0.005120339092213052	0.00683485636721464	0.24725650482793274	5976	0.009026525493951682	0.009026525493951682	0
1.0	84406	0.031216256994759717	0.0315692028160228	0.28915360242623417	6466	0.03844960985152644	0.03844960985152644	0
1.0	78418	0.029222375510583765	0.03327077613654524	0.29141837033339973	6496	0.03475040119046445	0.03475040119046445	0
1.0	167356	0.04756114186812273	0.05432001051138527	0.30769826595761146	6428	0.03141004622731317	0.03141004622731317	0
0.99609375	104502	0.009562734250480782	0.00974266753765969	0.28781713439828555	6236	0.007807328320318777	0.007807328320318777	0
1.0	97118	0.05247221355648498	0.060484832945222736	0.29523669427151106	6576	0.04152931175399362	0.04152931175399362	0
1.0	67490	0.030392496665604028	0.033420871543041145	0.2765939614619736	6244	0.03271489001846365	0.03271489001846365	0
1.0	81956	0.030569459851521118	0.03437891379860241	0.2523423476881774	5910	0.029053299322464848	0.029053299322464848	0
1.0	70188	0.05102158385003708	0.057218987932694185	0.25626314074573875	6068	0.03727660817459872	0.03727660817459872	0
1.0	107966	0.03520731573478322	0.039232261145120455	0.29036848981379704	6382	0.03779500209842852	0.03779500209842852	0
1.0	64532	0.025028513881408577	0.02867584170697856	0.271128885043811	6290	0.031098642435851732	0.031098642435851732	0
1.0	134904	0.05607975210636238	0.0633119400047088	0.28104541899953783	6214	0.0787709542924667	0.0787709542924667	0
1.0	126696	0.004985330624260469	0.005644724134923724	0.32131322511287724	6700	0.010391590927699992	0.010391590927699992	0
0.9921875	180518	0.03955097815777523	0.04550813285669859	0.3282260985277988	6604	0.03897064154605875	0.03897064154605875	0
1.0	76480	0.04848689315354988	0.0510836713417146	0.28134132704590153	6464	0.05124209646414444	0.05124209646414444	0
1.0	149186	0.14397299267647717	0.15289499165833437	0.3276870614235849	6568	0.12192192442983987	0.12192192442983987	0
1.0	40320	0.010220611432466005	0.011606613762558081	0.22783525467163954	5874	0.01147972862463537	0.01147972862463537	0
1.0	188970	0.02885562650438015	0.03377958648268646	0.3377525193859219	6696	0.02640510531135531	0.02640510531135531	0
0.998046875	148524	0.06927881914635456	0.07280119340646055	0.3190441287605869	6912	0.04477354900318419	0.04477354900318419	0
1.0	168590	0.022082389493728115	0.023520550288154904	0.32598777191397554	6826	0.01784090909090909	0.01784090909090909	0
1.0	107174	0.05167783468604909	0.061507407115591176	0.2924657882374487	6400	0.041906581575945616	0.041906581575945616	0
1.0	131630	0.07076755351301658	0.08001189941220162	0.28509347934494544	6368	0.05897225341294026	0.05897225341294026	0
1.0	90320	0.055101596915740514	0.0650591698479002	0.2900222282133436	6476	0.04069004235023732	0.04069004235023732	0
1.0	50350	0.07623429392296716	0.08217239443534587	0.2584009258033592	6366	0.05631160393373242	0.05631160393373242	0
1.0	82936	0.0703287245483469	0.07885119729619341	0.2839455273908643	6344	0.08642277519568224	0.08642277519568224	0
1.0	112828	0.03131897802751976	0.034448234944803494	0.30522281999562956	6616	0.03853068274832683	0.03853068274832683	0
0.984375	84818	0.05384824154994949	0.06451781751040639	0.28618049419586494	6346	0.07537848696223244	0.07537848696223244	0
1.0	173968	0.05220235639057658	0.05886613729972176	0.3287319884686091	6796	0.04423216495974015	0.04423216495974015	0
1.0	139100	0.02265071524169127	0.027709496433286927	0.3050463103918236	6564	0.05151769809776174	0.05151769809776174	0
0.9970703125	105026	0.21474621224831697	0.23648749953347545	0.3195143725308394	6766	0.08850242029781517	0.08850242029781517	0
0.9990234375	161440	0.021576910705424984	0.024568147392163772	0.3326068423774179	6910	0.019484944184830707	0.019484944184830707	0
0.98974609375	74334	0.09063985329456267	0.10224993591972205	0.26953669787671447	6056	0.11263870430396093	0.11263870430396093	0
1.0	106982	0.019766373424556723	0.023139211395320956	0.2872008068306819	6250	0.05189589895716695	0.05189589895716695	0
1.0	134556	0.060217356455624205	0.06508187704542753	0.29296134189927553	6466	0.05857666299936525	0.05857666299936525	0
1.0	101566	0.02310602540663358	0.026136775853297278	0.2889424607042908	6462	0.016873837758962056	0.016873837758962056	0
1.0	51776	0.10746369511372643	0.11800253562322592	0.2427657045909085	5898	0.10916858829731475	0.10916858829731475	0
1.0	61418	0.042284129531844315	0.0486558543687561	0.232571150852146	5646	0.07333343424655764	0.07333343424655764	0
1.0	188186	0.02211641037934233	0.025394473998879136	0.33984422114420915	6754	0.03098568098568099	0.03098568098568099	0
1.0	152162	0.07009894263535996	0.07862101817171598	0.3023261490391049	6294	0.08668883920369487	0.08668883920369487	0
1.0	91116	0.04208800473430782	0.04978650651203442	0.30011257368918515	6540	0.07050726309918649	0.07050726309918649	0
1.0	86380	0.05158630774791534	0.05690310903932893	0.26789111266206006	6204	0.04216009845909062	0.04216009845909062	0
0.990234375	70810	0.06543468609233324	0.068035443508173	0.2723876445238373	6170	0.07217877833346742	0.07217877833346742	0
1.0	79126	0.006833858116995174	0.007165071497195689	0.2544800461031664	6020	0.010044642857142856	0.010044642857142856	0
1.0	94536	0.029490615479138452	0.031193689274216736	0.28739108713839623	6508	0.028811271780021783	0.028811271780021783	0
0.99609375	149690	0.060391008719617736	0.0670018971064834	0.2984804964479156	6540	0.039672083724327956	0.039672083724327956	0
1.0	97162	0.044910525233648226	0.052007557287827626	0.30184586094962973	6702	0.05736800482837711	0.05736800482837711	0
0.986328125	169350	0.026223484900068	0.028759993890020423	0.3159132884116082	6560	0.029610758427533346	0.029610758427533346	0
1.0	157168	0.022772861639298862	0.024748747714210786	0.30453026683554313	6612	0.022414831103855497	0.022414831103855497	0
1.0	64488	0.06250667856136281	0.06865688351254239	0.2621542225025797	6218	0.08271820207149286	0.08271820207149286	0
1.0	91564	0.04876440658907904	0.05396041218086503	0.298320998010949	6608	0.06995153342535118	0.06995153342535118	0
1.0	110430	0.04123280758066993	0.046442896190631994	0.32190325865079594	6766	0.05053050788275521	0.05053050788275521	0
0.986328125	95586	0.0468657173795276	0.05126538862341866	0.2839088509209092	6306	0.0519472676795534	0.0519472676795534	0
1.0	133478	0.02362414058104456	0.02536409768476614	0.2869671942106162	6276	0.041574234903943075	0.041574234903943075	0
1.0	69842	0.05662962949681729	0.0622582228792362	0.26122991554225916	6256	0.0481966864042591	0.0481966864042591	0
0.990234375	259982	0.0020623334137297804	0.002190294800331839	0.36255260898234304	6900	0.012012368395733684	0.012012368395733684	0
1.0	88764	0.022110698833718426	0.02415869426902552	0.29945832445149245	6542	0.04240910511419125	0.04240910511419125	0
1.0	139228	0.011698383636222583	0.013780229294142375	0.2643200985992817	5864	0.013585069444444445	0.013585069444444445	0
1.0	133372	0.037502797217777654	0.04319071887654748	0.34867528789563834	6868	0.0343057076007266	0.0343057076007266	0
0.9921875	79944	0.04199879276212043	0.046280128151160706	0.260784229509798	6118	0.03623688963724078	0.03623688963724078	0
1.0	173992	0.022858948301630173	0.026952254286139607	0.30442030308294105	6380	0.04649652488348262	0.04649652488348262	0
1.0	65094	0.11773996264210003	0.12554944904430596	0.2587941397653439	6242	0.11293566789997733	0.11293566789997733	0
1.0	48786	0.1011790702255155	0.10829764299773215	0.2663748993044158	6240	0.07809255490553743	0.07809255490553743	0
0.998046875	55408	0.0732191793302239	0.08654695726664965	0.2456474311823307	5986	0.098080317932638	0.098080317932638	0
0.99609375	118312	0.1574350083092438	0.16262043830559156	0.29830653425830195	6224	0.06080252206569244	0.06080252206569244	0
0.9921875	90122	0.03831737059534883	0.04487908861638984	0.2664749086239788	6122	0.03799581279022068	0.03799581279022068	0
1.0	156868	0.163319993177889	0.17651352478477778	0.3426631641553477	6792	0.10610861597866242	0.10610861597866242	0
1.0	149786	0.02671609394431052	0.02871859282864793	0.28937059535256265	6406	0.028599552859421288	0.028599552859421288	0
1.0	110458	0.03429194204697929	0.03580659598822317	0.31155391514953407	6732	0.032023908120450986	0.032023908120450986	0
0.998046875	104434	0.037588443248701135	0.0412684536518524	0.29395722786364537	6304	0.06964949812721508	0.06964949812721508	0
1.0	98282	0.06452494553612215	0.06902850702327562	0.29296448998084607	6542	0.03707760379097675	0.03707760379097675	0
0.99072265625	174414	0.024982658283462234	0.02837366548030637	0.3276526386258864	6736	0.020561006022962548	0.020561006022962548	0
1.0	130208	0.05437500749098508	0.05651468614681478	0.29264801388495487	6404	0.07435258877125651	0.07435258877125651	0
0.9951171875	113492	0.016444696723763825	0.016616826467225267	0.285614642973883	6146	0.02290900735294118	0.02290900735294118	0
1.0	138866	0.05370598462224649	0.06159626215125033	0.28157168018873807	6360	0.044025812053833394	0.044025812053833394	0
1.0	238836	0.03570152551799036	0.03883370645413776	0.35118436737697944	6836	0.03083815994522793	0.03083815994522793	0
1.0	88616	0.035106883182074035	0.03955448683216995	0.30336120327411936	6700	0.030975087297010984	0.030975087297010984	0
1.0	75250	0.025538015538118446	0.027356820488420308	0.2774162821960675	6472	0.025496505800688244	0.025496505800688244	0
1.0	63000	0.020484220017485472	0.023087133134690626	0.23797573506654487	5910	0.023995893463047098	0.023995893463047098	0
1.0	85024	0.04294647782196418	0.04955358912451775	0.26641487502977357	5960	0.08166965677657605	0.08166965677657605	0
0.998046875	259940	0.05185676861260537	0.0551096057762466	0.38472768383009986	6972	0.028290665447677648	0.028290665447677648	0
0.99462890625	74214	0.018103971049482484	0.018198253187087433	0.2866261697136613	6424	0.016558270234263088	0.016558270234263088	0
1.0	49242	0.08135635885996743	0.09477482500894664	0.24816719908806442	6198	0.06813252178643547	0.06813252178643547	0
0.98828125	105204	0.0371251172768991	0.0429804291040337	0.29516055121831436	6428	0.025337613378210035	0.025337613378210035	0
1.0	203306	0.04731828286836154	0.053910977260947755	0.3589215877826444	6664	0.04256001032515379	0.04256001032515379	0
0.97509765625	126936	0.016642942140363225	0.019521434838317253	0.31179381357472974	6346	0.0140913912214394	0.0140913912214394	0
0.998046875	95936	0	0	0.2796794657407982	6150	0	0	0
0.986328125	138098	0.05537968732212106	0.05591392322236438	0.292143968754791	6296	0.05000104477856217	0.05000104477856217	0
0.9990234375	77916	0.13743261960330697	0.14172151134468094	0.24999361655620966	5874	0.09138938427302128	0.09138938427302128	0
1.0	82254	0.04129494245328848	0.04457323383032886	0.2795376482650786	6374	0.041953691005407974	0.041953691005407974	0
0.984375	170178	0.11595545906883575	0.12339345065669917	0.32989514903412614	6604	0.09343964336856633	0.09343964336856633	0
1.0	185130	0.019205152579342903	0.020886158110102696	0.3525381110210364	6798	0.025756046912800944	0.025756046912800944	0
0.990234375	74906	0.14754633779046916	0.15922924469944869	0.27499192167316766	6294	0.12027805631852792	0.12027805631852792	0
0.9990234375	143536	0.01088201788873608	0.011972593647444728	0.2897292483165871	6386	0.02256958404062063	0.02256958404062063	0
1.0	107060	0.04556165994118747	0.0551760377459455	0.30270763901910175	6618	0.03737146124928526	0.03737146124928526	0
1.0	86854	0.03493741947314702	0.04061201717398422	0.28222193481316227	6530	0.02962578366603174	0.02962578366603174	0
1.0	186518	0.003543149102359629	0.003813178523071368	0.3315666436756549	6622	0.0062232252141982865	0.0062232252141982865	0
1.0	64390	0.03460761082419832	0.04069480784443117	0.25796426484845225	6228	0.03890520632490446	0.03890520632490446	0
1.0	172638	0.015165828672841076	0.01753981121379255	0.32701361788315664	6746	0.01574854549716615	0.01574854549716615	0
1.0	64504	0.03605199440579505	0.038678215485140235	0.2595714649173886	6164	0.03383224180086586	0.03383224180086586	0
0.99609375	199398	0.0006824969310540684	0.000878314393939394	0.35702052301679593	6860	0.002883085896076352	0.002883085896076352	0
0.990234375	152878	0.027700809997312906	0.028758398742002946	0.3565589068912802	6802	0.028731884057971006	0.028731884057971006	0
0.99609375	172492	0.030550539942700836	0.032350342798084686	0.3229901726252407	6658	0.038033401804322145	0.038033401804322145	0
0.990234375	129232	0.012897386251266955	0.01513026400805775	0.26038661983225936	5988	0.017233328253065092	0.017233328253065092	0
0.9951171875	85968	0.029327697659815827	0.03231632302761991	0.272989547605643	6230	0.02065910259153919	0.02065910259153919	0
1.0	58784	0.015787422440017938	0.019899241729399705	0.2319884753152611	5724	0.03705035552897395	0.03705035552897395	0
1.0	109590	0.018919053535496284	0.02078469714078007	0.2863854804886353	6270	0.0435310741431919	0.0435310741431919	0
1.0	88812	0.03619927797880229	0.04298689203429049	0.2964926210538114	6650	0.04962571884330703	0.04962571884330703	0
1.0	89062	0.025652453958999486	0.032716592737138415	0.2849448555885155	6498	0.028357288404783326	0.028357288404783326	0
0.994140625	184500	0.16991030574709326	0.17609080485612574	0.3408420406109993	6874	0.09439281089852491	0.09439281089852491	0
1.0	65874	0.03902705660121222	0.043682387400012276	0.23579334545833822	5766	0.08468607969321078	0.08468607969321078	0
1.0	91334	0.04257032959962366	0.043978346778389917	0.2897221743805158	6550	0.04212724397639561	0.04212724397639561	0
0.998046875	89396	0.08604799319743923	0.10254824354956373	0.2901409217431582	6428	0.11619763183845573	0.11619763183845573	0
1.0	46148	0.12585557629025346	0.135540259577648	0.24461521191952865	6080	0.10021154043608275	0.10021154043608275	0
0.994140625	146668	0.05635021445574565	0.06270932096091665	0.2983391035381676	6294	0.08716472018831821	0.08716472018831821	0
1.0	68150	0.04411282691690594	0.04799291785483145	0.25679007462902964	6038	0.05443557944570195	0.05443557944570195	0
1.0	127926	0.004793497426380496	0.006377834225562238	0.32188791340515455	6702	0.008232838589981447	0.008232838589981447	0
1.0	143684	0.014589857009153748	0.017494477556059505	0.34203091766613225	6714	0.023363303567436627	0.023363303567436627	0
1.0	59804	0.04552392975098465	0.052646699396344455	0.24838335339080753	6056	0.041596946078853975	0.041596946078853975	0
1.0	108116	0.06977841472228824	0.07830307263399526	0.32007234542252533	6856	0.06929287801218921	0.06929287801218921	0
1.0	97558	0.008497436117725639	0.010456980452114802	0.2879603070322411	6286	0.01392814736423083	0.01392814736423083	0
1.0	64024	0.023077997794743964	0.02818622504561034	0.25381130825042103	6124	0.027088584278843947	0.027088584278843947	0
0.9951171875	50366	0.06837101071232199	0.08043819257851449	0.22703765044900157	5664	0.06233848033261086	0.06233848033261086	0
1.0	117132	0.12096816898676595	0.12701374304818505	0.2869630023917849	6184	0.12254025935121657	0.12254025935121657	0
1.0	66300	0.06334175850732952	0.07184408108095003	0.24035595482564018	5918	0.060162359428979774	0.060162359428979774	0
1.0	79396	0.02989833184347027	0.03452386751969772	0.2500136879022617	5894	0.03369206249079602	0.03369206249079602	0
1.0	79012	0.03649655681092618	0.0428927392900196	0.28797230464568446	6620	0.038924830167719124	0.038924830167719124	0
0.984375	134706	0.021899233086241986	0.024662932082846797	0.3317023631451334	6846	0.05128361974066605	0.05128361974066605	0
1.0	72298	0.1088513672499586	0.11921012089620457	0.28391019404572115	6438	0.06534469047143973	0.06534469047143973	0
0.998046875	82714	0.031754531964152295	0.03735257381388483	0.26860137142850343	6244	0.03320906487024909	0.03320906487024909	0
0.9990234375	125362	0.05699978230921693	0.06097829948363064	0.3067077986271721	6544	0.031343992406148685	0.031343992406148685	0
1.0	171180	0.10883983690998193	0.1170273600356847	0.34858633929790783	7030	0.09007967577975842	0.09007967577975842	0
1.0	86660	0.016515380296742918	0.018291496019481355	0.25854729386740294	5984	0.02158948303880995	0.02158948303880995	0
1.0	190916	0.05061219977284646	0.05773800052788606	0.35646524327364415	7002	0.044278729223603014	0.044278729223603014	0
1.0	93004	0.029370254624175852	0.03321696679517942	0.29212461472520856	6506	0.035370914943474455	0.035370914943474455	0
0.99609375	144106	0.11560684204020286	0.1183819270248762	0.3011317516028504	6502	0.0680509924370008	0.0680509924370008	0
1.0	139010	0.019680472255493252	0.02225641886376302	0.32848123333497	6586	0.051424141585632764	0.051424141585632764	0
0.984375	89140	0.03412954933406516	0.03964949781832214	0.2763743411082838	6188	0.04878137668745919	0.04878137668745919	0
0.99365234375	101008	0.04752140192642242	0.05060520095989202	0.29628718602644316	6552	0.043645678762692305	0.043645678762692305	0
1.0	188736	0.012307827933352911	0.013556454540048633	0.3504901955461321	6994	0.016359159943046986	0.016359159943046986	0
1.0	220010	0.015461861082889324	0.018047221284622578	0.32956068258576837	6666	0.022518321805006587	0.022518321805006587	0
1.0	74922	0.04418290066587126	0.050050636485155675	0.27315681497601463	6338	0.05735493409870704	0.05735493409870704	0
1.0	115858	0.017142898612808457	0.020982708032205873	0.3074022888145478	6590	0.04424471211155993	0.04424471211155993	0
1.0	140410	0.18980523433194163	0.19972440574944597	0.3418083737061359	6924	0.08386294921296054	0.08386294921296054	0
1.0	149818	0.023743904544704295	0.026478511763077535	0.31127425310763673	6620	0.02490398283962409	0.02490398283962409	0
1.0	129632	0.03394238484005136	0.03786108203571041	0.31971265741237603	6650	0.0321802230415016	0.0321802230415016	0
0.998046875	93176	0.04251179389284655	0.04812245258217837	0.27357543033378945	6236	0.043975541021032044	0.043975541021032044	0
0.998046875	107260	0.03297134879381934	0.03870092594189108	0.30276662463309495	6596	0.03217304271360352	0.03217304271360352	0
1.0	130020	0.06387321844661067	0.07141888491275347	0.2827448370100753	6350	0.05130020267147624	0.05130020267147624	0
1.0	68816	0.06623561633888293	0.07208311349296356	0.27747511773651073	6472	0.0698143709918447	0.0698143709918447	0
1.0	72258	0.045777937311451605	0.04821088452168858	0.2723249757226836	6258	0.047732662910396	0.047732662910396	0
0.99853515625	127008	0.17306576785636577	0.1837975623456555	0.32296661103644597	6656	0.11012825643758048	0.11012825643758048	0
0.9951171875	143806	0.03177846862137415	0.03397993774426744	0.3450632827737814	6844	0.03135953752481719	0.03135953752481719	0
1.0	71352	0.11743706014305058	0.1253146578715993	0.2632929258433317	6036	0.06745038692170272	0.06745038692170272	0
