Utilization	Connections(A2A)	Lvl1TraffRatio(A2A)	Lvl1TraffRatioNoIndirect(A2A)	RatioIndirect(A2A)	Connections(AR)	Lvl1TraffRatio(AR)	Lvl1TraffRatioNoIndirect(AR)	RatioIndirect(AR)
1.0	1497338	0.5141666418293583	0.5030245827562329	0.35543982021068016	28846	0.1813594688477406	0.1583324610684674	0.18776217479827836
1.0	1656346	0.5069115818653417	0.4946782361451206	0.37021619217486723	29396	0.18084993644194533	0.1622765578411498	0.19386737514999766
1.0	1220700	0.5097855597550586	0.49568846357663787	0.3564557192574748	29788	0.16428839196230238	0.14944861612526902	0.1826174545606241
1.0	1422518	0.5459388114826005	0.5355679608618786	0.35876957958487005	29756	0.17366107336589065	0.1562700135449566	0.18356373474502832
1.0	2847706	0.6270002416542827	0.6169194678392317	0.3875066011669193	30718	0.22269884906584103	0.2026818517588688	0.19887287054522063
1.0	2550770	0.6003528739127214	0.5895549043416596	0.3675282982236927	29466	0.20908076479857327	0.18966881975254382	0.20123314400893
1.0	976004	0.532611139158354	0.5190640707625606	0.34767565043367954	29206	0.15339927708170156	0.1340101444741497	0.16899735920405393
1.0	1710794	0.5446848008347758	0.532598711303989	0.3624046769525571	30002	0.2143560251221708	0.19304437127832733	0.20427164340725493
1.0	1309594	0.5302281005318656	0.5189095189489609	0.35748276394800454	29966	0.15798568132925164	0.13541340258632975	0.18078234515099956
1.0	1570070	0.5963782305283097	0.5852476561185631	0.3632232443352111	29944	0.22338762100319073	0.20719803373849857	0.19378139362025634
1.0	2382102	0.5737181042903593	0.5606331061781457	0.3701449991407799	29016	0.2051659921284582	0.18566142207434386	0.1947067859576591
1.0	2382114	0.6083096912739167	0.597151565397872	0.37247331855631804	29210	0.17681397205069968	0.15585386170851057	0.19737547409090894
1.0	1509384	0.56206496735484	0.5494324387922004	0.36017987692116776	29638	0.19167906841730398	0.17707955971823483	0.1910626091622378
1.0	4259448	0.6133120967581508	0.6065160880670076	0.40255836078403	30364	0.2664531757515199	0.23922595525467236	0.21049378030836885
1.0	1608776	0.5682987070397678	0.5567430156253892	0.37315615266811925	29272	0.20037830176234753	0.18261934917296221	0.18296509553887677
1.0	1265434	0.5243858018375956	0.5118534145279762	0.3566303432985771	28636	0.15012899152203518	0.1374249686011684	0.18958219087659492
1.0	1099022	0.503245006074235	0.4891682961156727	0.34793456326159616	28124	0.1545753672648136	0.1402732078850899	0.17694576815231244
1.0	2665224	0.6178332759661254	0.6063268342441004	0.3795655572706343	29524	0.22797534043406817	0.2075972721177395	0.19963480118927004
1.0	1361610	0.5007602564890418	0.4875047247853814	0.35664033995135064	29018	0.165851592086647	0.15590599749714154	0.18710074006452884
1.0	1402830	0.5698387785750452	0.5586230848499655	0.3623121514404694	29486	0.18068447558055392	0.15860612964249154	0.1896861879048877
1.0	2189954	0.5837406821396992	0.5736317907771893	0.3880710138186279	30176	0.2611958058468423	0.24216397251062494	0.20380184814674443
1.0	1226298	0.5176587290497832	0.5036236548789975	0.347595626491158	28810	0.1987064767603369	0.17636388868586114	0.1948728160268304
1.0	2046460	0.5621395827769492	0.5533795992436545	0.38601757863191605	29976	0.25796834887656866	0.2397380131325069	0.19347797568745193
1.0	1008696	0.5179752523928117	0.5052289996758536	0.3474420422562874	29182	0.12605119394965372	0.11185695103729391	0.1827238999757106
1.0	1798750	0.5495497277602525	0.5342085138250648	0.3667645920418581	28546	0.18805049381231345	0.1659433468385017	0.18922030847005591
1.0	1592552	0.544324666319516	0.5322540287271846	0.37107394903430496	30048	0.19082725683662463	0.17166336875231888	0.19529713753880537
1.0	1558742	0.5516647362580983	0.5370480804489848	0.3654930813460224	29050	0.19928191183662458	0.18806842109523322	0.19120826691639478
1.0	909584	0.5230556698136308	0.5055699218941263	0.344604708774815	28482	0.11996153349192494	0.10580382416059635	0.18409262726325482
1.0	1594646	0.530349471196024	0.5158144036191895	0.36819311501369306	28868	0.20657565140101733	0.18587256562398588	0.19036695074948562
1.0	1181374	0.5750475992549647	0.5618998243879295	0.342574775618078	29098	0.19566881175770842	0.18281116298781988	0.1923815592177004
1.0	1302860	0.5237760887577203	0.5105294599739983	0.3613651960368353	29794	0.18777493704831785	0.16782795514367962	0.19521039898741824
1.0	3838078	0.6121369658085983	0.6058792346255181	0.407961373240235	30628	0.27954520509097397	0.2562529018979038	0.2126299901166396
1.0	1269610	0.5584787454612465	0.5445864956994798	0.35536010134041973	29010	0.1652295090435517	0.15458610981659268	0.1854253473715574
1.0	2651600	0.5838257191582558	0.5746312480017569	0.3753202325948693	29696	0.20805981098411938	0.18416254524602946	0.19525241861952816
1.0	2870334	0.5623702333127552	0.550119877853229	0.39124118826344273	29482	0.2145389391343755	0.1925638170275307	0.19644454556178512
1.0	1095580	0.5294786906207616	0.5124830174866173	0.3379384643770364	28662	0.17408047167232366	0.15575318528160215	0.1955608328151602
1.0	2420002	0.6054160833378385	0.5957433896004433	0.3729211066721187	30122	0.1759057356400283	0.1573662798560478	0.1905159239626514
1.0	980130	0.5167677659576518	0.5032531387102904	0.3421234695239632	29096	0.13960809330018664	0.12922373845891036	0.18424489927322685
1.0	1574382	0.5530649394718361	0.5402648661854103	0.36661186048423683	29968	0.19293660212449107	0.1768881343587941	0.1902885504577707
1.0	2671246	0.5638953684761907	0.5520219495022093	0.38219825158413817	29738	0.21858275779627734	0.19746901640240253	0.20381518288514333
1.0	1891562	0.529266165633295	0.5184321270216709	0.3800812438952395	30260	0.19110001306628566	0.17940420549878755	0.19728716165930713
1.0	1280190	0.5606933281024256	0.5492776643587342	0.356293495336075	29848	0.1841564087996833	0.16263147418993285	0.2080528273927368
1.0	979298	0.5394660880005404	0.5264149959047896	0.3374780381616848	28398	0.12409288753413776	0.10982087481920266	0.18344381137748456
1.0	1209140	0.5014457704904044	0.4861832097940171	0.3522622796172545	28334	0.1390615026629248	0.12395857184788323	0.18847579692229932
1.0	2195586	0.5356718534233474	0.527169276129691	0.38093645997754894	29750	0.283777421790392	0.2513447800477231	0.20664225088381896
1.0	1829608	0.5495735713443811	0.5358101214167341	0.37588553800297	29788	0.20417665490544476	0.18839260467479935	0.19308259848674267
1.0	1518322	0.5553484114156213	0.5411312980418584	0.3611203974479837	29032	0.1764511899382221	0.16219863344861327	0.19333771040826175
1.0	2150750	0.5042531025121603	0.4931887997396351	0.37941348972174876	30284	0.23289346349290474	0.21214712232399704	0.1970572175626628
1.0	2243962	0.5657940257078341	0.5549525827627683	0.3828197123879899	29190	0.2106651374116145	0.18802742467565636	0.19517250303479203
1.0	2721950	0.5506514977634501	0.5434102477316337	0.3946972810565339	30386	0.25074287423591446	0.23046616091304142	0.2106479883821548
1.0	2280020	0.6328163555015182	0.6191175342246432	0.3686540419938776	29202	0.18154736923014478	0.16461188437494473	0.19586060730838295
1.0	2584102	0.5881945450178359	0.5781246390636047	0.3596075220970732	29002	0.2055652900210261	0.18692532360261713	0.19952640848426098
1.0	2226682	0.633278939828982	0.6187782335117361	0.3539661250052916	28498	0.17537406895699326	0.1536773027009082	0.19261964230988227
1.0	2748026	0.6209254265918127	0.6070660157036042	0.3687897048830695	28866	0.2245767438179288	0.20010330464566892	0.20307013652456188
1.0	1639154	0.552717076708672	0.5432781595451442	0.3664287509500541	29916	0.1963176275821731	0.17322804404218747	0.17993224338348704
1.0	1563302	0.5095221121722298	0.4947408691411928	0.36424513966989885	30132	0.15930000420495224	0.1449761393757914	0.1993246050136375
1.0	1454714	0.5682442004677615	0.555547499412937	0.34618755312385163	27976	0.21355220215153306	0.20206942185933643	0.1869294100000346
1.0	1366976	0.5189105653020509	0.5072848365886137	0.35311007893816293	28766	0.1664932089184332	0.15353224760430198	0.18116587939919593
1.0	861160	0.5134021370906461	0.49689540267164617	0.32746212182787904	27438	0.1286463314219618	0.1190697822687697	0.18701963450825665
1.0	1379486	0.5193199984329561	0.5071838078576646	0.35974355472683656	28708	0.15451340416501944	0.14019828913195578	0.18594081794922998
1.0	1156182	0.5131650059782534	0.5000535501165554	0.3623418301426995	29638	0.14153992893078512	0.1239272883932722	0.1786328570468669
1.0	1179506	0.518029764093375	0.5020363082623208	0.34875011573374226	28656	0.17651157802717762	0.16248407074326882	0.18231319832402418
1.0	2792346	0.6331177855612989	0.6245120076328549	0.3882797570564542	29702	0.21346514427128394	0.19383823420939406	0.1934904486615376
1.0	1092700	0.5178454337386474	0.5064652886847417	0.34737022602664536	28820	0.15150248272502362	0.14143411837356115	0.18864607771965566
1.0	886578	0.5257646484408064	0.5100382239466482	0.3360243619348838	28300	0.15404909306808684	0.13583783821929554	0.17136951861692026
1.0	963504	0.5164256482545103	0.5011891895867886	0.3452832348116012	28458	0.11872406170654685	0.10872693192465384	0.19166616536017703
1.0	1836648	0.5549294827191469	0.5434386043309486	0.3623060872850798	29270	0.19825624187814683	0.1831244138317684	0.19883422347092083
1.0	2319302	0.5830760697817228	0.5741765303620766	0.3874282933742416	30810	0.23358136099179436	0.21131227511362902	0.19572128553154214
1.0	1530626	0.5394170692802918	0.524612227009958	0.36266976509002574	28958	0.18070697598303279	0.16125225443251745	0.19334790324250964
1.0	2977816	0.6026401101912863	0.59447425431442	0.3794027157528003	29688	0.24281366078725372	0.21896156458636448	0.20438384006707386
1.0	2898882	0.5921616586658693	0.5805536993557822	0.37494663907763454	28794	0.2030430326700304	0.1804073932846504	0.20093672748292882
1.0	1919868	0.5202212162909556	0.5101177182521731	0.37993527717071657	29796	0.2170552274552775	0.19406441545215825	0.19232129704904533
1.0	2894432	0.5933502714523499	0.5835263978592219	0.3795220138731022	29278	0.22072182686932793	0.19905191845378759	0.2006871425693998
1.0	1514024	0.5688816143567847	0.5536935564306075	0.3632340181429883	29194	0.2023815747292935	0.1836662950305407	0.19445296154757805
1.0	1481582	0.5467586135557688	0.5317756933126792	0.3595913024863287	29102	0.18482518198947095	0.16392715564915486	0.19283396394758745
1.0	802908	0.5007749661871385	0.4841850036194555	0.3245184315482551	27994	0.141615862908382	0.13039540930076104	0.18473988166353209
1.0	1474556	0.5768236706688606	0.5664496172713572	0.36943526635040863	29662	0.19594596549755186	0.19027458952108356	0.18612267212949576
1.0	1150302	0.5433720151249778	0.5295559693257643	0.3336697484035352	27838	0.15431567832196705	0.13722558650341413	0.1761552432298843
1.0	2656834	0.6137472782094395	0.6012285740245059	0.3826278121717421	29862	0.2135883988450216	0.19370011592280253	0.19615030368839023
1.0	1686408	0.5445902967725115	0.5320966673963919	0.3811125558570117	30016	0.18984187898483995	0.17478811156892174	0.19531569627818848
1.0	2390222	0.5270730997919988	0.5170929282241422	0.383618978938036	29356	0.24681659344011023	0.22921282879854268	0.19578906713828517
1.0	2467236	0.5850355579664369	0.5781641333138999	0.3794869686326376	29694	0.24927410193937863	0.22489159901776767	0.20286296172826515
1.0	3566790	0.602352534535416	0.5931652950293803	0.4004522293064947	30204	0.28056017459691507	0.25840150249752164	0.2091078825119976
1.0	2895660	0.5931213055813459	0.5817879863703641	0.3861274592272737	29782	0.23026385387307036	0.20722672761997693	0.2059026311981792
1.0	2602558	0.5982030451665903	0.5881139172240869	0.3780811434783404	29880	0.1849315746219408	0.16731179383267483	0.19865599443742177
1.0	2091486	0.5682195145478416	0.5589611035946412	0.38425136310008384	30052	0.22779285231923171	0.21807745275461465	0.19489445439873795
1.0	1938338	0.5395657263725016	0.5296153564361195	0.3705641167096922	30054	0.18879413006926002	0.17014314317128007	0.197111258512817
1.0	1277834	0.5096957180129369	0.49677984755587246	0.35841500889921446	29206	0.15425757401479348	0.13886671261829453	0.17499694202166619
1.0	1828020	0.5142058408294367	0.5054070834786014	0.35498444918169275	28192	0.1925634927567205	0.1739959289819023	0.1910766446008487
1.0	2883590	0.5816934728998017	0.5721510385045527	0.3802107493741101	30074	0.21973817111107255	0.198008070093168	0.2019842408088217
1.0	1549414	0.524554109034229	0.5132863312658421	0.36479973256385495	30138	0.20211107060136116	0.17978656168357898	0.1871767994769734
1.0	1452796	0.5585187591934193	0.5473370504877426	0.3728898731549521	29870	0.17927007170016732	0.16749879684960967	0.1799412376244076
1.0	1202156	0.5490581925358475	0.5371159525877582	0.3376364919555715	28604	0.17963540810817233	0.16395856889617336	0.1956314987376436
1.0	1719712	0.5561465024450871	0.5466403238789053	0.37699802186528797	29792	0.1767847689693974	0.15941714883109792	0.19900985982486982
1.0	1529094	0.5067515647149213	0.49513986860546527	0.36569038389139735	29560	0.16450837380937017	0.14757386518933133	0.1906082206678692
1.0	2154290	0.5922216093176249	0.5811841960763314	0.3759162528529823	29924	0.20883444333245105	0.19717048797341818	0.19626902059625342
1.0	2118062	0.5434519410847544	0.5326298162255544	0.3732362871113419	29568	0.23376986015147527	0.20881014472555837	0.1936528624115017
1.0	839798	0.535812899627992	0.5177889369493632	0.3315160235544776	28086	0.14604621544386973	0.13581842306023992	0.18836826770309137
1.0	1196354	0.5380370789785981	0.5246519983500575	0.35667468432128996	29758	0.15305103053672242	0.138651287900989	0.1812875914791505
1.0	2996742	0.5758321953461181	0.5665982949016669	0.3947985529333436	30504	0.2360534327797469	0.2134482256561343	0.20364602704788679
1.0	1682204	0.5085467064379352	0.49643846452335255	0.37113387442084517	29596	0.15383200710016337	0.1366539374821604	0.1901414935449838
1.0	2326780	0.5975450991941534	0.5838782847198812	0.36951234658983445	28864	0.18054820622414505	0.1637405025118245	0.19515758968566807
1.0	1458040	0.5147344814084737	0.5037310476939689	0.3680068384853259	29858	0.1862507979981407	0.17592647101124514	0.17980583112576765
1.0	2400780	0.6212219433641074	0.6084003225706823	0.37752419438755935	29752	0.1907959189928166	0.17349661951273712	0.1995328038133527
1.0	2210962	0.6257739076659566	0.6122482662043863	0.35259301603381793	28842	0.17583949832220622	0.15560261914046852	0.2000663656427438
1.0	1635902	0.5997036807242712	0.5866769302195213	0.3592846257455276	28308	0.16421940173600322	0.15462742605416055	0.18556036137022006
1.0	1572882	0.5343800594620808	0.520177362976277	0.37076720315627903	28908	0.2032939608826618	0.18842952441774183	0.18121040526391177
1.0	2617424	0.5627230305867713	0.5513358546365391	0.37738202320404707	30228	0.20447407927877181	0.18614278515205082	0.19526466784647198
1.0	1322250	0.5248541187397059	0.5121253714762006	0.34972455789738727	28496	0.17466058230709292	0.15710737128542093	0.18495585665561362
1.0	3072772	0.6141192385047476	0.6014183640288316	0.37379631599076385	28824	0.22642767635451777	0.2029555762210122	0.2002432037112166
1.0	2799656	0.6073547902933596	0.599955693333205	0.38297652480274774	30448	0.20056964337337638	0.18417636129242787	0.19554494389107302
1.0	1536994	0.5677455810073385	0.5547149254753972	0.36512003541744015	29324	0.21462924779653977	0.19357684022964125	0.19946320172732432
1.0	1643218	0.5186063641500958	0.5029546193922139	0.3575252831880729	28974	0.19977940453518192	0.1807875400840374	0.1897146182567093
1.0	1656952	0.5806426092396059	0.5664544299483282	0.3679644027720071	29354	0.19893315131100828	0.18149034456855773	0.188125148672995
1.0	1701398	0.5699774501712356	0.5580222196136279	0.37747363008612883	29088	0.1959212903137425	0.1811976026444708	0.19725017716835358
1.0	1762276	0.5662320017109831	0.5527850147251094	0.3531691800950734	28824	0.1737433255810107	0.16262581203504173	0.1958085613326107
1.0	1634036	0.5202109367739501	0.5081466320760122	0.3674172309707276	29088	0.17500862901197956	0.16182072686627869	0.2017269181781632
1.0	1007610	0.5201506160985881	0.508090779910655	0.3403696452093521	29026	0.1342390895330315	0.11427588230269807	0.1842577953651138
1.0	1394688	0.5035051883699484	0.4913426448203308	0.3621812966575422	29734	0.15847146740034357	0.14137509520374864	0.1921418181435821
1.0	1336298	0.5478263002771073	0.5324105942777745	0.3615480913027451	28318	0.17453874332934105	0.15812803356932478	0.19170923158917053
1.0	2735012	0.5926570049423088	0.5828448022070013	0.38715028764923604	30232	0.18667994377871566	0.1661821426932236	0.19455202968255414
1.0	1019538	0.5412060409434323	0.5270679779989759	0.3489190464680949	29048	0.16849731982253435	0.15102365908513876	0.18372186203504026
1.0	2919194	0.6467747595883601	0.6375646920084364	0.3792838789427502	29972	0.2060673060841233	0.18289766100726057	0.1970731126979871
1.0	1851392	0.5286375120915215	0.5174666443141188	0.37508921424964564	30132	0.20439584535893	0.18401883130384353	0.19288754999794833
1.0	1194388	0.513559361795848	0.4985568817266088	0.34528673420299266	28470	0.1697769075555137	0.15042579713573695	0.19046459405436755
1.0	1051380	0.5158679668712349	0.5027616625401528	0.3502938367597206	29342	0.15034312916862858	0.13362726637247346	0.17752352561213203
1.0	2255644	0.5430872638847161	0.5341346594153896	0.3875458902373891	30082	0.21954641089051677	0.19931379125978477	0.199494123410737
1.0	1017054	0.5018385234075126	0.48564778157592303	0.35098971104673776	28850	0.1504220721088529	0.13634990419901558	0.18267586733980912
1.0	2317614	0.5119999940378589	0.4990027279183064	0.3810879867116003	28772	0.20334324440653836	0.18493248218165445	0.1972682889005679
1.0	2696768	0.6268479015487545	0.6145496976216706	0.3935477945992174	29868	0.2114797312650758	0.18713916838216568	0.19616509194525047
1.0	1862048	0.5055854943292262	0.4941146073013445	0.3790596146217684	29806	0.19978512145637142	0.18121111494141887	0.19969896732993553
1.0	2533588	0.6173612236268732	0.6059290363509647	0.37528083249419697	29270	0.1952440748552159	0.1769743724812376	0.20317957059541025
1.0	3897260	0.6295786593681599	0.6206472854118863	0.3893469694599159	29714	0.2478515631713896	0.22098243385426697	0.21092890633383155
1.0	1446618	0.5178718660919167	0.5079022502965828	0.36355401813232596	29958	0.1615454430313951	0.14188986870361006	0.190905797754784
1.0	2038694	0.597367480032408	0.5877391811377914	0.38346234157282266	30094	0.24652159100708385	0.22638414804117735	0.1926846838051222
1.0	1404264	0.5091340997120632	0.49481341106978	0.33018121097762276	28172	0.16043525498751854	0.1449949071115477	0.1902829450029532
1.0	2581980	0.5966564414655975	0.589372816843541	0.4005691799595104	30508	0.30256680442928224	0.27891706762644836	0.20989365851276778
1.0	1951520	0.543841571858409	0.5341891210910259	0.37591225197758577	30012	0.19718765672680305	0.1751899324579104	0.19124148039912728
1.0	1354940	0.5764165698694095	0.5641053986821452	0.3574044374778904	29176	0.19357309501238787	0.18163907026544787	0.18774959554732865
1.0	2275998	0.5735305909323565	0.5617246127773983	0.36147056494623	28890	0.16055805677082216	0.15115909389032223	0.19731497382378207
1.0	1576376	0.515017074839312	0.5045308887554004	0.3594689442201491	29700	0.16172102016251433	0.14362419884362873	0.19332793509616011
1.0	1361904	0.5213023721637164	0.5099672131751399	0.3651791770750538	30048	0.16658398525032533	0.1532339999506794	0.19700479282732206
1.0	2096304	0.6095811232442915	0.5974582007057538	0.37132691296905745	29690	0.23899323200937705	0.22265823252993197	0.19249509229448314
1.0	2544474	0.5291935626953339	0.5197003917442177	0.3912814094041235	29744	0.2384425333803085	0.2130263640130339	0.19752193586930514
1.0	2722120	0.6108244907105028	0.6006972992682278	0.3799711272314226	29856	0.20675414636972056	0.18520694168169013	0.2001108090368872
1.0	2404452	0.6125791291346908	0.6013913014336317	0.3712364746744053	30020	0.18127028480975882	0.15963618134609736	0.19547914476607775
1.0	1354014	0.5138550601717284	0.5020540451440837	0.36168447490627725	30040	0.18074304071159994	0.16236077896530685	0.18776881479808416
1.0	1531970	0.5571517601713124	0.5453602152767447	0.3536136654147702	28260	0.17984438662996213	0.15945269008078167	0.20094844417207527
1.0	1833422	0.5395502542081126	0.5253035459565295	0.371742880255213	29270	0.20690871505839095	0.18690552221883394	0.1809651845781024
1.0	1583176	0.5699165132999925	0.5543038736403396	0.36070492340609134	29152	0.18807365083074226	0.16868824204959906	0.18953514469459698
1.0	2878802	0.5370384208171851	0.5282471015884217	0.39692551408330456	30016	0.2561266483140849	0.23728912237023017	0.20253163987952782
1.0	973148	0.5187604712618966	0.5033129881005719	0.33600292099245066	28132	0.14177939057050407	0.126111595490341	0.17456242243783046
1.0	2181682	0.506060714130056	0.49460392934466485	0.37547522487090434	29482	0.19980712375492946	0.1819226882716881	0.19803573620956802
1.0	1490164	0.49948484080863326	0.4855232790808152	0.3543214195505117	28472	0.16087735825332336	0.1409183019064592	0.19000670550910573
1.0	3810846	0.5509838745051464	0.5439697801708212	0.4085256548049592	30726	0.2700105998504115	0.2458479606040703	0.20776929109002504
1.0	2267942	0.6371169547649913	0.6260509436756003	0.3815276839501225	29286	0.2075836397432249	0.18564013396566362	0.19149986926472773
1.0	2862352	0.5988353818556228	0.5909801556555434	0.3762854258967969	29498	0.2242109218352694	0.20478993150031768	0.1999361661962381
1.0	1673390	0.4974473603367175	0.48501406021501703	0.35421296448603856	29172	0.14786964450332574	0.13470570684475572	0.1956838946497168
1.0	1278150	0.5475315398033602	0.5359396733883269	0.35152250931102097	28918	0.16687087663710207	0.14573307572024918	0.18731086047598447
1.0	1877816	0.537487993590852	0.5245568373638443	0.36428153238247374	29034	0.20319006538661324	0.18565401307378648	0.20129952461103928
1.0	1941486	0.5170166160335704	0.5073616873954145	0.37410460860011935	29642	0.2179376640118079	0.2093346369079714	0.18942174296913414
1.0	1589272	0.5884128482588445	0.5746278409720141	0.36032986521953975	29524	0.18357916139017028	0.17278372326040004	0.18893618541154492
1.0	1397748	0.5219136406509572	0.5092797878473608	0.36585630860199947	29082	0.1711329914469213	0.1575149893990859	0.18866204860099942
1.0	1054838	0.5153129300798308	0.5017280995686391	0.3480098335273368	29048	0.15426446079861544	0.13962520472906095	0.18947951123987314
1.0	1686374	0.5583571208760166	0.5469231919969648	0.370732788161074	29512	0.21742399775444055	0.19688033863211354	0.19306781114575233
1.0	1599094	0.5704125184614705	0.559196838451961	0.3656888594553432	29720	0.20870876548720343	0.19259089757708794	0.18498704061818963
1.0	3229740	0.5944365513692101	0.5854200682404093	0.3985416169116984	30206	0.24860738904354737	0.22475073415057537	0.20641055287033516
1.0	3227754	0.6139259298680114	0.6046174079465824	0.3939254404955306	30494	0.23092318792600441	0.20490598620106334	0.20497065801735195
1.0	2742746	0.6078581943638471	0.5943039768235336	0.38532918382549064	29412	0.19680959090680983	0.18013115519255476	0.19086134117912223
1.0	1529984	0.5155846374365874	0.5009444613209216	0.3489914056524001	28368	0.1678711016223173	0.14878868551788554	0.19164792031681097
1.0	1579288	0.5108409239485568	0.49764369331620445	0.369770282867637	29460	0.2081994382414933	0.1910294822253303	0.18724025984803938
1.0	3098934	0.6261321889073678	0.6149280379804357	0.3876155358552207	29450	0.24330349610293825	0.22053876863307206	0.203136367536405
1.0	1579766	0.5494206684233822	0.536674096192732	0.3647206562644964	29220	0.19460058241251657	0.1730102669473094	0.19463114511940668
1.0	1982070	0.5459076418189304	0.5355798942541529	0.3856379074649625	30088	0.21456070218924003	0.19947796890381242	0.19067067820488556
1.0	1432028	0.5169162282823987	0.5031713472973453	0.34693490731938903	28718	0.1850401781554966	0.17229660841986771	0.1853084184210176
1.0	2180452	0.5558889964613322	0.5461862661364051	0.3841183264005152	29640	0.24370709213686692	0.23179767730915693	0.1950931948928721
1.0	2758814	0.5279807348868929	0.5169997723993615	0.367006000822032	28972	0.22592919992855207	0.20657907033317935	0.20065205202588274
1.0	1914142	0.5442029317384163	0.534977764059296	0.38189888021487367	29890	0.23968166515318665	0.2161761561966199	0.20840324178675354
1.0	1511088	0.5132651501318372	0.5013723280422622	0.3603537918100197	29478	0.14874451304477063	0.1334316812991101	0.19758900859682563
1.0	1029596	0.5082796407219617	0.4911905230472083	0.34909383915403125	28426	0.1461250871147936	0.13372287304134786	0.18603513597037616
1.0	1940196	0.5443670708792417	0.5345505782026317	0.3748736965475295	29436	0.23089450485949314	0.21284878583052422	0.19774624651688663
1.0	4424988	0.6110911313176973	0.603591063550686	0.4051317139258775	29830	0.28205310892940677	0.2554636180758232	0.21949454784622022
1.0	2976404	0.6190904776122322	0.6100626575924636	0.3912506498239354	30122	0.23820901347625714	0.21878415983689706	0.19957254127207855
1.0	1278488	0.5165403539158441	0.5063083990641601	0.3479768754141072	29494	0.15221742265173774	0.14217999717114668	0.1916848615375286
1.0	2279782	0.5982951133660311	0.5880802485061185	0.37697560582362794	29944	0.21832608760706682	0.19394579343860183	0.1920400679758283
1.0	1590838	0.5576758507042562	0.5464085195126412	0.3640523207771423	29854	0.18000958376276488	0.16145016994858744	0.186699313084794
1.0	2625756	0.5837728753322796	0.5741995237855216	0.37943154943220797	30066	0.20607019777995103	0.1887831278189339	0.2020637339450546
1.0	2658686	0.6147625540896698	0.605394329941584	0.3763079173123289	29894	0.21448300128506423	0.19689958769916568	0.20313643777385035
1.0	1084312	0.5336408725790619	0.5195900649817999	0.358441488703832	29482	0.14322292038519366	0.11732471921554626	0.19420749808577545
1.0	1463836	0.5584987025036648	0.5430559934133593	0.35391501737936776	28222	0.1911369477380195	0.17334662571438322	0.18519112294041282
1.0	2133346	0.533550607445595	0.5218926533022047	0.37434701446349017	29406	0.19569062009002178	0.18064982777910985	0.20709078593254535
1.0	1699506	0.560484502651834	0.5492327797559472	0.3712956694324137	29170	0.20713605022439915	0.1865417087100525	0.19362389024620452
1.0	1925904	0.5211245977653464	0.5101999895182483	0.38053076897164634	29776	0.2080510662986832	0.18314532941651387	0.1923843700253244
1.0	1602026	0.5015819986340386	0.4879783860746931	0.36375847974466796	29052	0.17000104479149666	0.15201784373509508	0.19876934864487206
1.0	1829584	0.5133085766612684	0.5004203241486788	0.37372863701283504	29572	0.20147212664150793	0.18059125117988709	0.19740941884383814
1.0	1583228	0.5168335358620952	0.5058212953191569	0.3628758042269021	29860	0.1730111704035211	0.16039096780386525	0.18628965140594678
1.0	1273768	0.5128447898780931	0.49899488566656797	0.3539158460753939	29134	0.1676335062205275	0.1528850821951051	0.17019250477988823
1.0	1039940	0.5090785829512456	0.49524065609976065	0.3500493801078206	28592	0.12025396499956875	0.1090159181319536	0.16697829149910368
1.0	2597586	0.6355820264989985	0.6238704741941976	0.3745726755506409	29690	0.2077471322728435	0.187806069146617	0.19524234526319925
1.0	3290508	0.6155048876965261	0.6070141274561661	0.4071922748782472	30482	0.24649891005719793	0.22365602089372708	0.2063164228509624
1.0	2332822	0.6189932698752253	0.6080036921253672	0.3813868883774958	29400	0.2272922270062907	0.2118882673755271	0.19905432843684637
1.0	3040488	0.5914987354501134	0.582208934952097	0.3995602446389894	30528	0.22490279235341107	0.2031168559197379	0.20288781354950222
1.0	1373980	0.5117684225791178	0.5005298965274824	0.3622592630364623	29544	0.14189125904082786	0.1259284613768598	0.18363450796992895
1.0	3592562	0.6009659331403003	0.5896852102074435	0.3861936539976234	30102	0.21376284538380763	0.18867564033314047	0.20740836940036397
1.0	2082758	0.5413361406108027	0.530077587910471	0.3765518786200273	29634	0.22045003413263733	0.1987949594370857	0.1948382909176731
1.0	1380202	0.5079920616234681	0.49627736657986005	0.36118467810876775	29500	0.15357668798638227	0.13858691742057724	0.18600868286317995
1.0	1879982	0.5209062421543503	0.5081684080700133	0.375052542498246	29898	0.20092368677560457	0.18350083889902255	0.19358562550928737
1.0	1788302	0.5575925859368994	0.5474135575621734	0.36429609060464824	29596	0.23264191424291447	0.21439358071685535	0.1955044514391833
1.0	2739042	0.6089390294718754	0.5965643549538316	0.38001860372566504	29572	0.20834101688028606	0.18983519172943938	0.20198086160930448
1.0	1402538	0.5439484902996594	0.5311339020269169	0.36282199096320183	28942	0.1659418325328108	0.15006576855181275	0.1873922586330763
1.0	908938	0.5299635093890446	0.5167250851902105	0.33296844572293055	29036	0.15799412740176813	0.14077518537416947	0.17304052950843862
1.0	1617624	0.5627673454063024	0.5496693132194844	0.3721949492127903	29150	0.20815950343530384	0.19348812050608166	0.19500061188384624
1.0	1284066	0.5195927180626169	0.5074827068132625	0.3527020769851652	28494	0.15390844378154236	0.13729484103323084	0.19433344797896016
1.0	2091920	0.6387426933575615	0.628018337745188	0.36496831072243535	28772	0.23112488003910536	0.20789625426580685	0.19259788423422955
1.0	968396	0.5420404060656009	0.5234805403546209	0.3554101680123414	28756	0.14216104245176295	0.126571111345039	0.18648497861157134
1.0	1524442	0.5564314427755709	0.5420339002864506	0.36263753866940135	28116	0.1819435375644661	0.16632545483731334	0.19184729378537968
1.0	1913344	0.5883837678872156	0.5795288158591189	0.37002164327299863	29482	0.2173597348865456	0.20099070731407329	0.18654986332846743
1.0	1564794	0.5677546412923209	0.5544778321024223	0.36176989850263297	29456	0.17323479636374695	0.15178340526025008	0.19351220599860633
1.0	1223050	0.4924009147743222	0.4776504604908373	0.3467254597062406	29222	0.14229343582008197	0.12985779096766123	0.19366017481815304
1.0	2303534	0.5867030324905423	0.5769746502797052	0.3552976337133637	29506	0.17502340006877057	0.15573614422255663	0.19521449042772124
1.0	950828	0.5203480909447153	0.5063563603567074	0.34759959030342613	28784	0.15244399339044823	0.13218107706252874	0.20437918578415834
1.0	984188	0.5281891028631898	0.5122985589207931	0.34160358874691776	27816	0.15620977455394006	0.13233255432033955	0.18389902824572538
1.0	1387702	0.5116888855597268	0.5016430910732042	0.3604994456196838	29492	0.16063009760317148	0.14936833481435383	0.19255801282587184
1.0	1232194	0.5098742366323509	0.4942056972006567	0.35248666373902177	28428	0.1555405140676077	0.14790180185989646	0.18894841229780704
1.0	1203012	0.512544878616889	0.499588002878272	0.3442135943814959	28690	0.14064701922713527	0.12276481545851725	0.18635272572210418
1.0	1493662	0.5159558003305375	0.5045233418279488	0.37337016257390704	30354	0.16604644401524402	0.1491776073147284	0.18549685347913783
1.0	1213596	0.5234076486570302	0.5096177090533386	0.34832413296711606	28248	0.1384909708597181	0.1207669275994697	0.18969070067275282
1.0	1981550	0.5903042986598078	0.5783367915761457	0.3723844609020264	29256	0.22382436301465916	0.19510815784158228	0.19454803346221672
1.0	1123926	0.5136143211235684	0.5016927736718607	0.344860533226264	29118	0.13310741824205854	0.12080652979379149	0.17243148297774916
1.0	1133556	0.537715538261076	0.5217421814610353	0.36818219463707463	28962	0.14812008058005796	0.13569425887457967	0.179396517659575
1.0	1288154	0.5656033482678621	0.5538092257916929	0.3577821619948786	29900	0.16614909080617588	0.14485368906107418	0.18536191593649284
1.0	1571058	0.5130247627002534	0.5024677336384445	0.36191768169247424	29430	0.16637490298880242	0.1438030322430047	0.17434609591487324
1.0	3283102	0.5655468469569999	0.5586104232020708	0.3985331076707561	29830	0.23666497874148232	0.21410413258094108	0.2045679490197744
1.0	1177432	0.5152572707702281	0.49938251353266777	0.35002317624406465	28752	0.18713515151930996	0.17569191608021306	0.18920251438563418
1.0	1121004	0.5038839397528835	0.48877033007678045	0.35353222173082083	29192	0.14918214260613624	0.14108979094519675	0.18003049240809063
1.0	927702	0.5331992439423485	0.5163557362565255	0.3373104049341244	27330	0.14606739578063835	0.13437802758668307	0.18302114634881314
1.0	1255190	0.5758596135640638	0.5594056749788697	0.35738302098530544	29194	0.18250161908071713	0.16354005201204816	0.19076050491408245
1.0	1224152	0.520604670443947	0.5048346069278303	0.3551677385344088	28884	0.15847958047392194	0.14133016260307943	0.19023474921582184
1.0	911322	0.5222384684253383	0.5070656431900872	0.34091070892354797	28970	0.14389264859075665	0.13079327658022685	0.17242737314757126
1.0	2376618	0.6262234221278123	0.6142183197121687	0.36954867655227636	29246	0.17791160651359175	0.1563496302228529	0.19018710250762913
1.0	2038768	0.5491102969138714	0.5381836585937695	0.37639674870731676	29708	0.2201396875103979	0.20612220648803123	0.19142652166497923
1.0	2175946	0.6307009337374608	0.6174173054035488	0.3514001083779263	28952	0.17788023854102075	0.15857450519448432	0.19472611842747858
1.0	1110340	0.5323732328870813	0.5188753316744913	0.33226274777133014	28798	0.17847255609600102	0.16630860775504944	0.19742307811918824
1.0	2867622	0.628311163260662	0.6171880932347391	0.38062708642731574	29876	0.23551905807315784	0.21232554882991217	0.2011557804738553
1.0	1229790	0.5279663817747743	0.514953742022183	0.3445091884886133	28900	0.19195806372075255	0.17600853983477738	0.18960548866463534
1.0	2810652	0.6025709303790333	0.5908816267933764	0.3789086473502761	29484	0.21691688391485822	0.19857011714702436	0.19753276752844007
1.0	1321650	0.5187441191972746	0.5060086445753328	0.36255332969593285	29478	0.14282214653508038	0.12672454396404756	0.19433537326308606
1.0	1645632	0.5590201301310632	0.5469971581153319	0.36547651936634257	29486	0.1934707962164366	0.18120772536445998	0.19063442076778794
1.0	1599194	0.5552557327749904	0.5451168725459908	0.3639301671910948	30552	0.19532161336815765	0.17953845668514914	0.19419916547496865
1.0	1344188	0.5119467388839759	0.49998053462276015	0.3573638134691302	29528	0.15859163911470547	0.1400307787561264	0.18698508477116205
1.0	2804724	0.6353277994377502	0.6218534489526205	0.381402245974427	28606	0.21977832078127044	0.19763637589119362	0.19864166183031207
1.0	2914150	0.5620785238649153	0.554879897521762	0.4077965998680711	30496	0.28562811076789113	0.27323603564504134	0.20505765701206533
1.0	1454748	0.5054198318144111	0.48901482627069986	0.36115207892329143	28504	0.1808654397477747	0.15989417424489816	0.18744677792560913
1.0	1941594	0.5116457987260247	0.5016550174461359	0.3778245967221577	29862	0.22362843491274745	0.20960472784641415	0.19103014209527094
1.0	2823310	0.5848377060853203	0.5739866489627551	0.37581302139938905	29118	0.2394670257849725	0.2181800810818153	0.20093733740706876
1.0	1347878	0.5064920453981956	0.4944691853952646	0.3597138405878531	29414	0.1472703991522787	0.12935462631073835	0.1950566416185491
1.0	1348744	0.5599904521166263	0.5465234526547759	0.36250627445264877	29192	0.17652731848543	0.16067310860491216	0.1851373915458037
1.0	2475060	0.529833791705093	0.518591948769079	0.39146739292331634	30228	0.21256479481490598	0.19358243160467026	0.20262032301071822
1.0	3492784	0.6078767495038118	0.6000747574317544	0.3946482419511896	30326	0.24517555855924777	0.22467651832950294	0.20404052644308043
1.0	1609676	0.5424418752389188	0.5315871530208996	0.36374521098110746	29842	0.2224788485322241	0.20876973308762814	0.20403859085200257
1.0	1057322	0.524249524306374	0.5108008549002502	0.3473355678927696	28466	0.1538027308572121	0.14083435816776993	0.18748262111907074
1.0	1967070	0.6401872904404712	0.6272101624789056	0.35417105271845056	28196	0.22713143731887805	0.2044756396463483	0.1892907630229366
1.0	1999994	0.5027418711039776	0.4918739039903264	0.36567919127435183	29004	0.18748951739715727	0.16740805683388985	0.19716740553927548
1.0	1828872	0.5061939261677504	0.49433611495282154	0.3649717514976935	29630	0.17357838808067547	0.1596643769832376	0.18649454824085684
1.0	1475570	0.512653977854477	0.501616799837253	0.371796030366285	30190	0.16813416537787196	0.15723817388837316	0.18320119778612817
1.0	1379664	0.5106068778249683	0.49852118172354826	0.36335570981757925	29000	0.139651412935198	0.1242332401754177	0.18832508175557547
1.0	2221414	0.5665186344719223	0.5580783418948345	0.39204933258889657	30512	0.22454587827095293	0.20490858063906744	0.18335741111990436
1.0	2865368	0.6017456058098919	0.5899229721460567	0.3904756632662569	29772	0.2186861059681493	0.20047691806741982	0.20113747895662795
1.0	2357924	0.5750483375101959	0.5673203909916963	0.399966587099609	30404	0.25214013902938875	0.23470711801788188	0.1971337711253144
1.0	1593204	0.5511254326767306	0.5382533311249222	0.36896415463569743	29396	0.18823750860126534	0.17476786786555443	0.19131336721330536
1.0	2152148	0.6056611901261343	0.5946939737833988	0.3760992461041682	29588	0.22105514822235814	0.20852028730435476	0.19851723476124805
1.0	2028046	0.6005872116877629	0.589507503810671	0.3877157350226261	29852	0.28054125323216333	0.26542777313055893	0.19259401663263276
1.0	1725464	0.529349670556484	0.5193022767054996	0.376600423191439	29652	0.22137424779209292	0.2108527469660992	0.18852020626275204
1.0	1417316	0.4989063402612676	0.48711323011434454	0.3703546644507599	30182	0.1467781828552369	0.12990069222968706	0.1872223463833602
1.0	2041994	0.5603935215919332	0.5493905895825834	0.36814685685625426	29034	0.2252194639733789	0.21256803177383501	0.19816110735524325
1.0	1316018	0.5654327668358877	0.5513169380783943	0.3606382374721055	29456	0.18254555220927762	0.1609408798726776	0.18576370493606129
1.0	3865166	0.6359361097313886	0.6259588774098038	0.38807217319606213	29302	0.23484189916783763	0.2052777168558836	0.2134303420699032
1.0	1509672	0.5113614497696285	0.49792183873772067	0.3650894401346528	29264	0.17320748296816368	0.15383794862934017	0.19164352134802679
1.0	1158232	0.5722129709576561	0.5547625363007295	0.34486850809983194	27936	0.15514390662756702	0.13634890136285674	0.17971246487185175
1.0	2046880	0.5390143394283229	0.5304719469661441	0.38702749766063654	30068	0.22698478127119756	0.20430064456831246	0.18215989121436804
1.0	1308010	0.5160892693859187	0.5031303887693656	0.36194962733959724	29986	0.15717333235745573	0.13908692787964136	0.1817392108395329
1.0	2768466	0.6161277840706773	0.6065712240184286	0.3889661066698109	30004	0.22000232865102487	0.19803085874984436	0.2024671909532306
1.0	3245378	0.5733626727785915	0.5653495495144581	0.40318693258847277	31046	0.2267203314819081	0.20095228618153735	0.2022887411730743
1.0	955074	0.5249817721970685	0.5080907752636494	0.3472910713087776	27796	0.12877924862282314	0.1191599433134878	0.19162246221084203
1.0	1932598	0.5393114146603396	0.5290925415488107	0.38091940248765027	29928	0.2507905972056315	0.23145591181298666	0.1861690107000522
1.0	1289438	0.566783832001676	0.5543129154787845	0.3502296933530598	28568	0.19340323611267715	0.17893287210789544	0.18478146930672548
1.0	1243732	0.5160563498064714	0.5009107763920807	0.34687080409047727	28154	0.17320638645705522	0.15223417024253663	0.19075540260713145
1.0	1571728	0.5681414167080029	0.5554121775409919	0.3698761086203748	30160	0.2113750502320546	0.1948898059551222	0.19332401974714056
1.0	1830084	0.564716757010982	0.5533806340574107	0.3776003368959291	30490	0.2307181128057144	0.20665405675807372	0.19063641806569764
1.0	1989750	0.555478499308745	0.5444816620510092	0.37835820587045044	28994	0.2296164188164291	0.21285504297293786	0.2004668307264654
1.0	1492130	0.5314078789267663	0.5184356331453187	0.34788894443769736	28774	0.1972657353076749	0.17880213876860315	0.19827524840337127
1.0	1482224	0.5654393202872154	0.5511197595307198	0.3503450152978341	29110	0.22310336861996216	0.20150394758867438	0.19028489093291778
1.0	2478756	0.5533160635920727	0.5432767523164025	0.3907250847677259	30096	0.23126936037908605	0.21806357797418915	0.206030364368635
1.0	1191796	0.5236424281581441	0.5077338895587876	0.3551080410194638	29450	0.18657763415493187	0.17152764371625975	0.19548605887542433
1.0	3332206	0.6003940502610956	0.592255854747723	0.39746508827912597	30144	0.24116306497693984	0.21798989953909578	0.2043145154725904
1.0	980078	0.5416181272917112	0.5269143093581647	0.34682104305614175	28726	0.16435589961631894	0.15062426472297202	0.1882963212552967
1.0	1942644	0.551296018354496	0.5398505567267513	0.37693465695019995	30006	0.17660879273885402	0.15856406691875397	0.20069033461256125
1.0	1826696	0.5786528682529043	0.5682296603313234	0.37475883883552924	29878	0.19169490167783707	0.1788866414688662	0.18718966278247703
1.0	1278820	0.5152278922762589	0.501909866766527	0.35306924029353765	28690	0.15758827883457852	0.13615566084443767	0.19007643044140854
1.0	1467364	0.5043673695866423	0.4920055197490465	0.3546760369546597	28978	0.1628509186069209	0.14630135025208954	0.19087432872507834
1.0	2272678	0.6059981758685823	0.5986368928596453	0.3717720001945686	29568	0.21763042702313196	0.19981584736692484	0.19664005295884446
1.0	1475350	0.5143241607279003	0.5014195769021356	0.3655052573717014	29834	0.17369073171735738	0.1571760737847705	0.19558895610917285
1.0	1186146	0.5461811478341299	0.5302005599598223	0.3473431202631952	28920	0.17896177087669066	0.15881454550506272	0.18550769511239704
1.0	3271610	0.6181876225652525	0.6099330365120876	0.3968802709530473	30620	0.22330107114912934	0.19944430120069193	0.2024552912866986
1.0	2998526	0.5892858625506213	0.5803246463671871	0.3905402663410142	29712	0.22937355820930846	0.2082546917911113	0.2042315322174969
1.0	948052	0.5139915864864921	0.49775531403599543	0.3419799789100246	28426	0.13546892442485295	0.12817205573065024	0.18901863727345317
1.0	1087640	0.5448545165738731	0.527429545897304	0.3423682735954326	28344	0.17385942101550067	0.15973227505250276	0.19158364990251306
1.0	1549830	0.5106393935739725	0.498323634083007	0.3640880027089879	29384	0.16876130774675643	0.15828415827281098	0.1819535896832106
1.0	900994	0.5230952199772013	0.5071255999235833	0.3416675207101129	28996	0.12337136751511545	0.10763178761019172	0.1741937365541649
1.0	2507778	0.5990796917015443	0.5864505261358697	0.3721055152821901	29614	0.19929049958908382	0.17646107688062782	0.1948216036960876
1.0	1911272	0.5430969012978808	0.5310696316072953	0.3676983316538196	29714	0.2014865204944608	0.18668442865959048	0.1897391902195641
1.0	1149362	0.5018813622846149	0.48874102215452364	0.3419394227403381	29392	0.15759475629561545	0.14270529267449636	0.1876597192965844
1.0	1704076	0.5477639421857241	0.536378616228632	0.3703991129153709	29384	0.17946951497874955	0.1611001377353194	0.19639682363301378
1.0	3843210	0.5801531701165573	0.5677002806053146	0.3891689521326554	28868	0.24958247565704783	0.2255425079436327	0.2103381845918215
1.0	1317144	0.5421456188752095	0.5289478813686724	0.3517260808424138	28310	0.19586792643923132	0.17213960288125238	0.1904901063544555
1.0	2976702	0.6058280122414207	0.5970663861097212	0.38362139223949704	30264	0.2237480602056594	0.1986633375025724	0.19766212419816195
1.0	1276630	0.5177196482588837	0.5053825613624724	0.351577312085402	28866	0.1483766248557446	0.13215670751279518	0.1840469846152185
1.0	1694294	0.5465442270977313	0.5355121523705392	0.37767634802201666	29592	0.18927441969134104	0.17120852202021816	0.18043749242885532
1.0	1248346	0.5188718432973849	0.5052471358244421	0.35153862465142843	29394	0.17761336400976338	0.16057279045175235	0.19405784881717894
1.0	1302100	0.5232000552632982	0.5110697098724174	0.3572048350603048	29442	0.16708204045807043	0.14807288856902007	0.19270415035345137
1.0	2142836	0.6315395619631774	0.617981933411497	0.34890840851615607	29052	0.17710566118193363	0.15509897850148366	0.19882743838995165
1.0	936852	0.5145724734074589	0.5008692608842161	0.3344025453857266	28836	0.16124249556166528	0.1435775217453485	0.17051657235402526
1.0	3574894	0.6260199657649349	0.615456370770065	0.3809437500754264	29664	0.21348987880780487	0.1894446417655139	0.2033923165338314
1.0	1915198	0.54663508181792	0.5386564260907424	0.3748311339982926	30504	0.2143483973905139	0.1947636580308846	0.18991889551805727
1.0	1644042	0.5963561369257365	0.5827806729136796	0.36545176718142597	29400	0.18022479965400542	0.15676680643188393	0.18755913885127792
1.0	1545284	0.5943073730415215	0.5807601361671207	0.3644247514403285	29188	0.19876959456603685	0.18574459345091968	0.18163435569936381
1.0	2950738	0.6096482286367829	0.6007577064392574	0.3858550705559986	29670	0.21631794620014008	0.1947261493006528	0.1967290190907258
1.0	1140454	0.5784523400724049	0.5649467463136709	0.35029496894278656	28992	0.15506283790674277	0.13761304828325868	0.19152814865033227
1.0	1771210	0.4995927093039392	0.48795927535643924	0.3593964944650592	29078	0.18517861812706352	0.16608394195478088	0.18737202247524964
1.0	2373896	0.5862085762191417	0.5758840709776499	0.38876330115810626	30340	0.2875546479583449	0.27100060413229465	0.19837202321373562
1.0	1574200	0.5344946806588752	0.5224169477527755	0.36168467818623845	29384	0.2038762710104736	0.19219214812368557	0.19586918022659291
1.0	1283310	0.5912647802409334	0.5793096714889469	0.34973936651716137	29220	0.1949964666300513	0.17858627126827273	0.18328972476693928
1.0	1777612	0.5044047843991375	0.4890531090169163	0.3677717014088984	28786	0.20834345583375527	0.1899788170163309	0.1972592541665151
1.0	2801546	0.6193541076798186	0.6062582541843261	0.37413563155444685	29280	0.22245507047003663	0.19734878215746554	0.19596215784531576
1.0	1263806	0.5552618176948313	0.5439196107133873	0.3497634207028426	29260	0.20055735268984753	0.18201872779455583	0.19785873707351098
1.0	1493720	0.5804136650229584	0.5669236565608546	0.3508566873393639	27894	0.210997664392833	0.19464422928219768	0.1878939472234182
1.0	3919142	0.6395640980045051	0.631600123938199	0.38738081516466333	29644	0.2359792341964638	0.21101539812271017	0.20936832448903728
1.0	1286292	0.513814231481734	0.5001377276086676	0.3535265740767323	29588	0.1681810038202591	0.15328874462523787	0.19642964804053975
1.0	1201990	0.5086914327998348	0.4940927244310945	0.34604355029689704	28248	0.15330014095134628	0.14051089573883843	0.1890389359505418
1.0	1967952	0.5316889101384631	0.5206663130897614	0.3790988992766779	30350	0.21298599221974848	0.19309017673491027	0.19484678763737998
1.0	2576216	0.6305020033271403	0.6198182771154997	0.3667926024421548	29184	0.19636881961913244	0.17653314783370952	0.1993860894565698
1.0	1985282	0.5161776304905351	0.5054592759895841	0.389383733137634	30400	0.18967674599648524	0.17425478384320459	0.1934941539920257
1.0	2494938	0.5979451183906529	0.5839600382893736	0.36653077201643164	28738	0.18881836885884754	0.17114232794573048	0.1988685580963215
1.0	1739904	0.5110372791419826	0.5005706022744266	0.38355032468694583	29344	0.1780195020673454	0.1587174218065314	0.19148356793728982
1.0	1518754	0.597144711373922	0.5842405286969156	0.3454164146939469	28348	0.17249392573829284	0.1597628862309769	0.17896149846970763
1.0	2633054	0.5627572847393634	0.5512997903196558	0.3792411411132124	29938	0.2066117620466288	0.1866993460028048	0.1986076924657212
1.0	1272250	0.5641610623383915	0.5496105969748991	0.35555118634956	28976	0.1792671295518107	0.1653242795637757	0.18930670251136208
1.0	1219032	0.5172381314110287	0.5023283492573204	0.35698989780303875	29540	0.16280705823970928	0.14474262151713774	0.18818226585437473
1.0	1887468	0.5188651856711121	0.5091841019809004	0.3746943841381796	29542	0.19703034043063572	0.17998875326788558	0.1907939790887365
1.0	2503802	0.5261335703245903	0.515427418539692	0.3792345409710316	29282	0.22270189772056015	0.19993811870586176	0.1938960543220227
1.0	1892240	0.5562233898244263	0.5454566516327626	0.37068095110187715	29778	0.19660447940046777	0.19154346114683837	0.19478810008392067
1.0	2792442	0.6085191890287917	0.5992461047640109	0.3728723492518689	29648	0.20719088761179227	0.18711707626976737	0.20195882272997645
1.0	1096440	0.5677430549597028	0.5525341862996197	0.3372828147145231	28218	0.1686385636626576	0.1513282901903875	0.188854665164634
1.0	946132	0.5063421902013094	0.4896629690871222	0.3433898062626559	27772	0.12888709714364446	0.10978657362189387	0.18690863475783545
1.0	1214596	0.5166431947237718	0.5061170439309063	0.3442519998546769	29836	0.1747442708513368	0.1551175176458036	0.18719244810083216
1.0	2142582	0.5083951779400906	0.49547205626593455	0.3722647691897764	28810	0.1806894078654535	0.16310378843468826	0.20236115431433857
1.0	1917796	0.5628315138399438	0.5506693460275006	0.36817878601056514	29428	0.2318132033123058	0.2168894008737973	0.19253976196717484
1.0	1156064	0.6007949011326978	0.5855735583512854	0.34879824452194913	28018	0.16327500555876193	0.14163647387090703	0.17910855650219218
1.0	1205702	0.559982006879866	0.5463463612599974	0.34970460933506664	29744	0.1846378208889733	0.16340365344191785	0.19845050960200925
1.0	2313476	0.6134260908226186	0.6006004301296639	0.37122392990747977	29230	0.18816104192910468	0.1687061110363982	0.19463141605059178
1.0	2784226	0.5762391963069223	0.5657747469458684	0.3764808909652724	29410	0.21127298803330904	0.19161272235595886	0.19840947459966873
1.0	2610136	0.5720433451582749	0.5602018620525239	0.3791252003401844	29472	0.20283871037188617	0.1787987529279356	0.19700871647132281
1.0	1446778	0.5067764008982519	0.49329049853017154	0.3503683636820905	28950	0.17439348579126393	0.15737627380359057	0.19066947579913526
1.0	2293254	0.5014738480078597	0.4904563224353704	0.3758693751516069	29766	0.1953689691368481	0.174400006119418	0.20229064721905332
1.0	1258860	0.5644871885292813	0.5508151992210352	0.35026048082332756	29070	0.19601444948046673	0.18092045284592448	0.19798154872075582
1.0	2333882	0.585534246307982	0.575406297877283	0.36211206474063373	29370	0.1947888153104943	0.1730695951059361	0.19334842226399404
1.0	2614924	0.5563919724046976	0.5484189756547982	0.40809033577528003	31040	0.2897506540473534	0.2730049666728975	0.20733433337644394
1.0	3155242	0.6105530875386461	0.6006363752611688	0.37942944054810407	29118	0.22357741784594656	0.19896635619814304	0.20278108449682206
1.0	1663698	0.5129154855543212	0.5028420277644773	0.3513122903737386	27796	0.1512029965368977	0.13671447659687846	0.18485687338034876
1.0	1609580	0.5442989533341223	0.5289005810369568	0.3715249227661763	28398	0.19420913616597757	0.1784584631254624	0.19080121504751568
1.0	3629438	0.6034120304286542	0.5951438396539975	0.39576444075792505	30094	0.26737504733619555	0.23959794797749046	0.21133526123737767
1.0	1367522	0.5505931618963089	0.5414745775522026	0.3722269465544399	29470	0.16664516174056912	0.15233881739378877	0.18293509970051167
1.0	838888	0.5247390455878489	0.5043574309678368	0.33767385808020095	28580	0.13231900528885557	0.11598975062083831	0.1897582163135275
1.0	1270746	0.5384723390725925	0.5237784056788043	0.35786837682300926	28712	0.15582642537364852	0.13718289705619632	0.19100756346080042
1.0	2160436	0.6228598876497484	0.6085216939548198	0.34904976970836943	28096	0.18345199903276313	0.16273053424074108	0.1963669752625752
1.0	1588640	0.5990805420349922	0.5881331264641849	0.3631890961581983	29398	0.22323118488078286	0.21315668784446642	0.19057521558798227
1.0	1691316	0.49806895448850064	0.48608118636537917	0.349524952320337	29308	0.16151224623305752	0.14765635064561625	0.1927933729142596
1.0	2670366	0.6150567263982779	0.6030348126914833	0.38414309055603385	29860	0.2202514306532879	0.20183057248705036	0.20330192743569522
1.0	1291738	0.512298166955245	0.49907159706856263	0.3530149237888569	28956	0.1687179014585519	0.15528569886594454	0.18178466792652792
1.0	2903664	0.5873975803345391	0.5784841029503526	0.3846698180802958	30642	0.23016056728993428	0.2069116895770242	0.20276604062697026
1.0	2006902	0.5415634261850328	0.5315579996294066	0.3757199354494345	29582	0.20984684195969996	0.1871830955203151	0.1944564389864475
1.0	1987318	0.5409497781809428	0.5300038846741211	0.374120374839974	28948	0.2306789010406789	0.20667859663514568	0.19320727879746516
1.0	1290618	0.5002312720164702	0.4871903103342063	0.3580279040934102	29688	0.14128496124358092	0.12176640923047162	0.18510853471167912
1.0	2781090	0.5971285798879014	0.5842468843382321	0.3769901438066929	28782	0.20598600937246248	0.1809042348868727	0.19917355377155022
1.0	1161528	0.5796324544167173	0.5626812688019832	0.3485167353007183	28762	0.18225937116328975	0.16691903526840088	0.19686334008719322
1.0	1562798	0.5408570717196531	0.528912770812297	0.3609513636038751	28928	0.19176637927738985	0.17340585938080175	0.1934296369947677
1.0	1435184	0.5922207222416803	0.5777512169328741	0.3512490160223721	28434	0.19405453909760662	0.17746290785784394	0.19424679481097984
1.0	2377542	0.6078296125794079	0.5960003746483039	0.37276939598651765	29710	0.1990526659997889	0.17839132957985201	0.1967856126499531
1.0	1420120	0.5290889873796699	0.5175284308873692	0.3378224023439365	29008	0.1701441750046767	0.15654475933794118	0.18609250876068417
1.0	1061794	0.5349377713738338	0.5225848538172425	0.3480158797050051	29142	0.18175143905501415	0.17100079895964473	0.18132320205750352
1.0	1561620	0.5564302905025901	0.5441317365052888	0.35675945154622996	29712	0.19282903242152893	0.1754130159113396	0.1918912778079819
1.0	1216002	0.5361709548229382	0.5195417243410395	0.35179547504992775	27994	0.1727532035612843	0.15954445529160646	0.18915154687643096
1.0	2370940	0.6423823614997782	0.6345746631112025	0.3617569687995379	29136	0.17241644294186087	0.1560700384444638	0.19594877249150633
1.0	941254	0.5195406118142823	0.5060257923511937	0.3345454571313957	28710	0.13485800223042124	0.12337883246827074	0.18014668785656665
1.0	1271520	0.5127894294943796	0.4984723756548939	0.3578844543634913	28118	0.14683136599841443	0.14024635417259954	0.19091933300554706
1.0	784044	0.5202466298744257	0.5025384150200684	0.32106406530387605	27702	0.1341150349454612	0.12069387647026797	0.1847053693284507
1.0	3282734	0.5730010295923943	0.5649784967298127	0.3974863257143019	30094	0.2400454526978718	0.21332805423894344	0.2061593495875853
1.0	1605416	0.5210060795015576	0.5112940092273323	0.3684812538691342	29940	0.19281909977453385	0.1709661544429567	0.19110743122616677
1.0	1353358	0.5751997435013553	0.5641564114210081	0.3552260775342683	29760	0.20165521568148578	0.18347563422400023	0.18727633961702103
1.0	1649414	0.5153079180719556	0.5028856597455936	0.3746133134409954	30072	0.1756258084243539	0.15547256636024379	0.19537785374114303
1.0	1534880	0.5825676238421578	0.5688758776747622	0.3642043993711099	29190	0.20559717710912165	0.19535365120584533	0.19109050605842862
1.0	1468154	0.5600828468656185	0.5477946204567349	0.35145695432347607	28728	0.1930468301665338	0.180945116614022	0.19255391936492774
1.0	1544244	0.5369157459718928	0.5255479332470651	0.35720477313884397	28572	0.19588582990997863	0.18076249402496333	0.18560985281704256
1.0	2566930	0.6099337285549085	0.5976557936709405	0.37307019633047855	28946	0.19719414836841123	0.17674524604006625	0.2001332608635172
1.0	1602516	0.5135824720499428	0.5015870023906663	0.3617775201540139	28496	0.19766978311318437	0.1856560566484912	0.18546541153980498
1.0	1296388	0.5159281642552459	0.5019199856115081	0.36100997349043457	29654	0.15291027702347879	0.13470383649193665	0.187778194957139
1.0	2369456	0.5768101729903655	0.5644750701193267	0.37929941639501785	29326	0.23044367152650522	0.20927544535332818	0.19230733170488676
1.0	2154610	0.5559356531795242	0.5447106590099134	0.37628960049436566	29820	0.21998422345056826	0.20295388228167988	0.19564929685601765
1.0	1483446	0.5155238026499837	0.5009679785681526	0.3575572058319137	28550	0.19189119407770874	0.1768249532054248	0.18621862702052663
1.0	2512920	0.5778980176710585	0.5633969446085563	0.3692635418763342	28752	0.21400776185271017	0.19440050902909686	0.20167551842022505
1.0	2207404	0.5911199836111692	0.5817495038838905	0.3800668512139069	30054	0.23453006764702802	0.22105914391527873	0.19754327144625894
1.0	1446100	0.5194725574327619	0.5068277157857866	0.35143727251885265	29788	0.19894137555391442	0.18334285043622514	0.18694739257658735
1.0	1403864	0.5139673438490265	0.5031257365079784	0.36134291217588516	29268	0.15951650725646224	0.14379878885816763	0.1931397341916963
1.0	2107854	0.4963682609429821	0.4866922426546418	0.3712976844637999	29672	0.21458529890897124	0.19318361184367175	0.19896332779603856
1.0	1421326	0.5602105001326676	0.5451033510646633	0.35007888171093215	28354	0.19438317755187318	0.17961059513415267	0.19503541820276812
1.0	1597886	0.5230166417764087	0.5112921273884424	0.36650499787630464	29754	0.1620797724431439	0.14244111721834782	0.19019467860799422
1.0	1287366	0.562993903879382	0.5525910736987595	0.3581945515686544	30054	0.1815757440404072	0.17151885617873128	0.17378403351520946
1.0	2586792	0.5635360122790837	0.5520327873320877	0.3761995781681508	29762	0.20530151712621267	0.1827017477102191	0.20224893778710862
1.0	1604498	0.5526189560642644	0.5417478798545466	0.36852085770023807	30010	0.18584971033748668	0.16375239249283313	0.1884522184422078
1.0	3196042	0.6150760483464497	0.6065817690134854	0.3851347247090992	29906	0.23866519760526714	0.2152051654596477	0.2011399656958984
1.0	1378764	0.5228894283270887	0.5131343801334012	0.3568908808663123	29650	0.16041295577361975	0.14920013245596805	0.19277349555508771
1.0	1427694	0.5439334521231779	0.5281788179021608	0.3518596003457843	28410	0.17033163004091215	0.1583171976917806	0.18647080299372107
1.0	1497086	0.5932325179240499	0.5766956494207119	0.3507922765668543	28462	0.16531051637073993	0.14463903801088868	0.1842164624000966
1.0	1142464	0.5114259877111582	0.4943561576053173	0.34732579161111077	28658	0.16436213317557533	0.15053546712950952	0.1942705964479687
1.0	1280854	0.560968860333278	0.5496045022087257	0.35555606314044425	30138	0.17491175106769355	0.15796090987597097	0.17938325112374062
1.0	1183028	0.5425770715833164	0.5323382372463942	0.3554320120724264	29172	0.207316072016696	0.206348303100226	0.17659034739857513
1.0	2577806	0.5941764869293898	0.5847489516637706	0.37104943251720846	30242	0.1943663203026197	0.17719267957608364	0.19838532199776618
1.0	2708420	0.6311063838449182	0.6210279439049797	0.3777786100108141	28898	0.21452383833570918	0.19382175375024038	0.19433421986006763
1.0	2115114	0.5758835182346194	0.5661426282266995	0.3747487837856844	29410	0.25320113563302377	0.23643073473425924	0.1927350407370115
1.0	2921280	0.6450738696264355	0.6351369573355071	0.3842977804215028	30042	0.23960442323627773	0.22101070602124598	0.1998126319148157
1.0	3660136	0.6455463625957922	0.6363609178172874	0.38712964407646583	29766	0.22832310313741744	0.2017725006710107	0.2089284602102308
1.0	1038462	0.5217541604774446	0.5077287047369193	0.3470414692060904	28240	0.14531383193505684	0.1309104713861073	0.18325935305428429
1.0	3761772	0.6261883828378039	0.6157288908423592	0.40026072045560396	29730	0.25986855163090433	0.23765030005090226	0.20898732322046412
1.0	1081064	0.5090491706460194	0.4962965492485938	0.3510016804087807	29466	0.14017640969991307	0.12279025199711224	0.19923182423850397
1.0	2969692	0.6007781300640657	0.5907107788847151	0.3907121736933694	30090	0.22311460419231266	0.20230310141253696	0.204925823253485
1.0	1059116	0.5311242175696712	0.5174421138044677	0.3463267906653728	28896	0.16254389508965375	0.14324080530453842	0.18371111787968045
1.0	1665026	0.5490150363673991	0.5375932110969026	0.3734445426640683	29580	0.19294702634530791	0.17454773199680193	0.1911141733146602
1.0	2137894	0.568871631016108	0.5591516936102064	0.38295742951853945	29494	0.22268441870220548	0.20827579376449382	0.19518603740735574
1.0	1467886	0.5239867659177316	0.5126759587003233	0.3742205623703614	29668	0.14331352190894198	0.1271412821614876	0.1822482766987813
1.0	2638198	0.5701857695534714	0.5594036613251465	0.3707691062927921	28968	0.21004841784679804	0.18871805820034446	0.20238617962374825
1.0	1926244	0.5677788311679225	0.556905423714506	0.36931943378427007	29666	0.20419743887539765	0.1901535663242078	0.19299255080241218
1.0	1083094	0.5189828502639576	0.5056410941555138	0.352041915167922	28418	0.12816313306234972	0.10950542075250187	0.18483781821798329
1.0	1188210	0.5911201131003819	0.5734306153682144	0.34370992027546904	27312	0.18601746360035118	0.17033127022311775	0.18403878991022174
1.0	1578260	0.61608093888341	0.6042035206517654	0.3561313813086638	29596	0.18160576718486832	0.16686521930155604	0.19853333039376944
1.0	1267982	0.5140391285486491	0.5012643454133994	0.3525471391948829	29652	0.145350293719426	0.1315282741767493	0.18915984180743906
1.0	3243700	0.6111366321645257	0.6029369068643273	0.3885667227002631	29848	0.23733964510986302	0.215248821081145	0.20474102579353695
1.0	1055236	0.5142897564007901	0.498670701934524	0.35086477072086647	28992	0.1550222618094357	0.14380135258662985	0.1884735116773837
1.0	1384078	0.5033420779811658	0.4920690207585869	0.36434492612766395	30036	0.1529817131883265	0.14051199128695577	0.1783167742792947
1.0	1804900	0.6251715666024991	0.6145245166437246	0.36427945571915515	29284	0.2539117508945023	0.23687569361505556	0.18859499780760022
1.0	1901642	0.5630420883792664	0.5535186361641787	0.3732883759709906	29688	0.22886805511618294	0.21413295276214786	0.1840750591701009
1.0	1949978	0.5807407871810097	0.5687638079541577	0.3776400961771813	29208	0.19696308523689834	0.1778188227570434	0.19694249467709246
1.0	1191430	0.5224961795557099	0.510017736665378	0.3696889453159127	29858	0.13362018529680664	0.12011296140919824	0.17895440135289564
1.0	1083422	0.5148142932008399	0.5002883522361209	0.3518263608801527	28782	0.1561403592175226	0.1419107010450172	0.19221053216760217
1.0	1267522	0.5712868655505428	0.5580663684454131	0.3508736429966763	28478	0.18027099195120314	0.16840911712314785	0.18571634117052602
1.0	2170590	0.577797067699546	0.5683642501575876	0.3758849216912719	30100	0.25068057489494133	0.2322375483458156	0.19521775229389216
1.0	1468106	0.5329252182367926	0.517726314202395	0.36051380032155317	28806	0.17544787616546098	0.16177454856441645	0.18690249416972013
1.0	3039532	0.5945203738215586	0.5848425698307177	0.373108305066372	29864	0.21991645381061867	0.1969701362818784	0.20454054151287163
1.0	4728666	0.6068863824889452	0.6004358315249188	0.4193343107292696	30654	0.2755395738718129	0.2488317897359186	0.21497372153516228
1.0	1929264	0.506055265038953	0.4974581219914453	0.37475383089484837	29986	0.19900393331075014	0.18441341602070357	0.20184390503513758
1.0	1463200	0.5214967314770823	0.5098276870979223	0.36613129389285476	29482	0.2024853324318198	0.19142742802677448	0.18943573669314115
1.0	1798218	0.5274974638370639	0.5162747785658836	0.3678732389127363	29230	0.20970098904001996	0.19805572959576426	0.1998415597092198
1.0	3009566	0.593530156024253	0.5836724953183795	0.38843000489537743	30012	0.1951794523707708	0.1727702538567054	0.1945850519000294
1.0	1509060	0.5190047280488248	0.5049169564658037	0.36457924383373014	29300	0.1904316415013302	0.17109629824601572	0.18891680224619115
1.0	3623390	0.6242668501012527	0.6164145994199727	0.40595051954354083	30172	0.27926965133629444	0.2533543357315251	0.2075430681439208
1.0	979708	0.5365638997542362	0.5223352330707541	0.34859723946524307	29128	0.15499658917362244	0.14066391382785717	0.19150175128264835
1.0	1365410	0.554681176301664	0.5405090264100801	0.364443142782076	28480	0.18641705656557062	0.1703182984859223	0.1872830538962973
1.0	1925698	0.5711727430425698	0.5634868063402917	0.3734202826436887	29686	0.23856404349659008	0.21768569952768638	0.1938375563724469
1.0	1176856	0.4978988886090118	0.48350421353490086	0.34436739145673095	28378	0.16603271327056437	0.15513750617181232	0.18445290465069805
1.0	2342050	0.6185858161459001	0.6082714489683617	0.3620370395113348	30014	0.2002298446951889	0.1787036889011319	0.20146605230202697
1.0	2618138	0.6076857090651003	0.5981563075883473	0.3731859488205067	30476	0.21051090663133878	0.1897086573475886	0.20127696898179093
1.0	1166528	0.5057395216024957	0.4908695293859593	0.34258883886903685	29144	0.1565595979856473	0.1401210662437888	0.19236147398461334
1.0	1315794	0.5613158593493237	0.5485116241224348	0.35962234825677647	29584	0.17881701291547422	0.1584485752962042	0.18800702575114994
1.0	1111556	0.5210055190730007	0.5074126104298783	0.3530094923105385	29212	0.149899376547929	0.1352752492121151	0.1788148264908824
1.0	2270892	0.5421553466419292	0.5326325643510373	0.38484418476416343	29078	0.2528350303235237	0.23594690515547356	0.20770322952318332
1.0	2421230	0.5718576897288	0.560842593377316	0.3723039313297351	29432	0.22287834047796842	0.20219626365874802	0.19819237721359376
1.0	1160698	0.5852622555513087	0.5694409857117219	0.3411293298758314	27714	0.18254654877563647	0.1625971313872873	0.2007024835808989
1.0	2609990	0.5936765285683331	0.5831499234967153	0.3756185227125423	29584	0.20028142459568457	0.17844530534524208	0.193453771311727
1.0	1674806	0.5087517680109227	0.4972382079005395	0.3743502640836624	29738	0.18299553153274076	0.16704328424198275	0.1919967037791035
1.0	2363324	0.5508997120080542	0.5434868999720952	0.3992152063291004	30172	0.24119021017621803	0.21710679380580403	0.19761661004715436
1.0	2519746	0.61383263204577	0.5997283420842936	0.3734774009746398	28888	0.19330352097469716	0.17319355991262245	0.19660431602841558
1.0	1605536	0.5621602369947514	0.550811443994305	0.3691086121957299	30286	0.19390105137637081	0.17608655135954676	0.18337149921867776
1.0	3626784	0.5979136130172417	0.5868129012136114	0.3868902999020058	29776	0.23005556383362358	0.20582217763401311	0.21106549313339018
1.0	2480034	0.6184349922477376	0.6087474376876136	0.38271024166552364	29734	0.23025355983481896	0.21670152088555483	0.20260903934991648
1.0	1413960	0.536158350422907	0.5256422731590018	0.3677726418260699	29942	0.1965353711842425	0.18438577907613515	0.17995994845484642
1.0	2834786	0.6027602328896154	0.5923714587999573	0.38192359355412303	29890	0.22525551251358758	0.20057617353645493	0.20608296037029317
1.0	1690644	0.586761320570148	0.5750434865330244	0.3621730931393327	28882	0.19097290351805044	0.17357733625007912	0.1959667559539947
1.0	1023190	0.513741972541734	0.5008287000732782	0.34555687946289687	28732	0.1420190963523493	0.12776796069762067	0.18952740342895558
1.0	2851888	0.5859705957822032	0.57350851743897	0.3868523402898225	29392	0.2121042376652671	0.19078825768914995	0.20216555463608835
1.0	1353834	0.5961199384743406	0.5854860789192434	0.36117653322447524	29580	0.19499198270588503	0.17797535839735742	0.1758184182224882
1.0	2302342	0.5644060315951216	0.5513892488402342	0.3788546243952689	29376	0.22970321668222507	0.21024589665475077	0.2037142817244717
1.0	1149534	0.5076259131382205	0.49129494607408847	0.34307470463504125	28778	0.15647387845477995	0.14479781500254396	0.20282501293380364
1.0	989212	0.512672595187294	0.49823923769298517	0.34037236553688643	28062	0.12961694575587815	0.11253704470908014	0.17907915838822483
1.0	1752220	0.5521554569847499	0.541146455189354	0.36077347817205746	28934	0.2209447093291347	0.20944687086456162	0.18389125658097402
1.0	4038888	0.6504330145510526	0.643804262544094	0.4028937902923438	30400	0.25103189489902683	0.22528497001434392	0.20823556925344192
1.0	2053104	0.5622084771986727	0.5537374254385966	0.3870147193811664	30650	0.23153653603106172	0.21173494581349903	0.19727127926151097
1.0	1365998	0.5548343077102229	0.5427795278092774	0.36029756275461094	29696	0.17365236042159995	0.15612852821069012	0.19329716434767907
1.0	1222766	0.5115209406159656	0.500546485509728	0.3445762510977894	28992	0.15820412336661696	0.14481219410651763	0.19406407574460927
1.0	1406566	0.5734753091802881	0.5628820465921306	0.37057904864050767	30106	0.1796242104921941	0.16186563227788806	0.17748782799303173
1.0	1165990	0.5763033058070409	0.5621396047619092	0.3464599035416054	28664	0.1698247352833875	0.15202839419068845	0.18606321690752745
1.0	1581194	0.602413729888365	0.5904820921820199	0.35968508295842544	28520	0.19770085392384315	0.18071802005898296	0.18834623794638497
1.0	2369920	0.5974407528065306	0.5874209761321803	0.3702065605818701	30238	0.18833555187479137	0.1666158543597524	0.19044867362365872
1.0	1765318	0.5566428439968683	0.5455756683926114	0.37620212359018734	29698	0.23091896042839544	0.22260232125556192	0.20195096309857755
1.0	866716	0.5240966974688945	0.5087375377304352	0.336128304353108	28416	0.14340179214761956	0.12291877593721397	0.19164066161003032
1.0	904488	0.5244412612618305	0.5076350901049869	0.33758849026961985	27800	0.144667815478462	0.12662144189187988	0.18193984903516014
1.0	952418	0.5321213341761999	0.5178856709853276	0.34468801571552987	29410	0.16213122006371503	0.14387274248964868	0.19452561872745655
1.0	1216776	0.5131678351846565	0.4985060420849612	0.3469147220486188	28984	0.15634004327589093	0.13704245474611337	0.18335350309782095
1.0	2220764	0.5649211486089998	0.5559845366705857	0.38934221055283813	30470	0.2510826741370355	0.2347635066158201	0.1902092943106588
1.0	1258920	0.5223922829120146	0.5089785536453565	0.35153225125535875	29418	0.18197290155692736	0.1644263437971465	0.18402036769711197
1.0	1612272	0.5323776492760787	0.5212636402044899	0.3663669491592803	29768	0.2028174972302085	0.18173509630370566	0.19695058286946712
1.0	1572638	0.5103597869330797	0.4982924985439611	0.36191667779221187	28438	0.18576409266067528	0.1708679305348009	0.19323985560467194
1.0	1651516	0.5353419778606394	0.5238671006975623	0.36124098168956875	29600	0.18229406907019063	0.167751542438729	0.18890513840513412
1.0	1213404	0.5091104308257096	0.49571351938380803	0.33875107731081316	28090	0.15022517574417743	0.1361301963504345	0.18129929464630687
1.0	1935144	0.5800341520515593	0.5700443382229655	0.3763729729362	29716	0.24716115359670207	0.2206584636510723	0.19818724186133985
1.0	3297244	0.6299872380114726	0.6241149110753814	0.400873021974469	30906	0.2650892117317965	0.24376139145974848	0.20265252079299864
1.0	2279522	0.6345394932257001	0.622379110185757	0.3592879505755953	29220	0.1749006904706676	0.15621203881846388	0.19380853103886286
1.0	2666340	0.5302017326604899	0.5199438233082762	0.3852323232585592	29080	0.19968743848930648	0.17967135849962657	0.20015313541910765
1.0	2177364	0.5816308911993645	0.5711779550676518	0.38670773130494274	29776	0.22633183898657783	0.1975709512032042	0.19474140297341677
1.0	2484220	0.5794269147345457	0.5657986898898454	0.3695780069791407	29248	0.20606243653584946	0.18716272447323767	0.19826889083797958
1.0	1547448	0.568895949561739	0.5561454752667471	0.3740088848150784	29444	0.19764124245257222	0.17930736330358035	0.19116857685147673
1.0	3169798	0.5761158219459498	0.5668491141315158	0.3928316783192058	29718	0.25666154878916103	0.2356107879531986	0.20616214079940962
1.0	2368592	0.5931501248936367	0.5788539317907633	0.37342462794857195	29092	0.20156373188477625	0.1769663678465034	0.1924325856082761
1.0	1487646	0.5449536378955407	0.5317227206170906	0.35287022915213234	29116	0.1882442190200639	0.1780049207670136	0.1907033163407912
1.0	2861038	0.5897565160458286	0.5782055406929315	0.38460587779289707	29430	0.22152870390863996	0.2009508684421147	0.20322761869120046
1.0	2204038	0.5706679136649823	0.5613698390753653	0.37445243902114217	29200	0.21098553244661064	0.19279024518286172	0.1949874964277545
1.0	1786854	0.6086744957405518	0.5966601123818935	0.35448095916454286	29370	0.20953611015586537	0.181811552374489	0.20076246132080466
1.0	2426382	0.6218552048151129	0.6101302652886388	0.3620152541333546	28916	0.1872523151085289	0.16872858063690754	0.19469518346265624
1.0	1280044	0.5685836210440592	0.5548749042722388	0.35250073991806524	28334	0.163135016285899	0.15021477535967045	0.18731091079833248
1.0	2229178	0.5991639053779151	0.5859677124637331	0.3618894149217511	29046	0.16900945594237862	0.15252306389803424	0.20008482482402015
1.0	3070770	0.6262500703987903	0.6153817401269732	0.37448125866230697	29196	0.21725076954211878	0.19755662041921626	0.20437586972539137
1.0	1659464	0.5665517894975348	0.5566960628628631	0.3693809765692135	30170	0.22848913086856282	0.2104945554989398	0.1949558304036877
1.0	1759170	0.5057740079528498	0.4939686721104641	0.367252518441662	29476	0.1764381558001302	0.1601461229805601	0.19511083833678375
1.0	1545258	0.5297153281717295	0.5156171150366659	0.3663384168860693	28330	0.19186827870981082	0.16826010218790624	0.1872895416699968
1.0	1609624	0.5785300466543849	0.5673172244332522	0.3592459609493084	28958	0.21857703954543153	0.2033015099263431	0.19112529164608227
1.0	1678506	0.5304607004326837	0.5152378154566135	0.35957698166598906	28206	0.20648447683601912	0.18982626775812186	0.1962356792402914
1.0	1223082	0.5187734211365654	0.5078031526684743	0.33728878781892857	29692	0.16643884849450719	0.15057556710978465	0.1878831349202816
1.0	2026466	0.6094571920929014	0.5993396495734978	0.3853745397749102	30020	0.21138841134729605	0.20052049773422212	0.1983662700382307
1.0	1637864	0.5821649200951711	0.5728360966150028	0.3640148103648217	29400	0.19440354827817927	0.1849505692971837	0.20041787657105795
1.0	1796222	0.5362865266647133	0.5239057440110692	0.3607195252095479	29458	0.20454549209558118	0.1860326056775401	0.19887578821310936
1.0	2565762	0.6288037204804093	0.6190369891265538	0.39828013808113233	30582	0.2702351958679972	0.255000350644012	0.1976571510574713
1.0	2358692	0.6219329722179402	0.6113177816343061	0.36563555239864026	28318	0.16721262340467902	0.14740645012663336	0.19603716411601765
1.0	1901848	0.5285910216696935	0.5160418593750936	0.3588897597428469	29444	0.17718197908762343	0.15700760548541806	0.19208873006617053
1.0	3560924	0.6151966030117221	0.6062728469512031	0.40454065922333154	29772	0.2562650398238029	0.2363835310194736	0.20593514634992902
1.0	2576782	0.6251489645649414	0.6144571993992723	0.37840905950468184	30344	0.20701324530126822	0.18726568184425138	0.1978930868449582
1.0	3795176	0.5829854312797605	0.575754068294327	0.4188847309138826	31062	0.2783999941760699	0.2502462990042733	0.2107798157523205
1.0	3107032	0.6431929026297056	0.6326999933126627	0.38959000175175734	30406	0.25119853491064364	0.22556483068984334	0.2065902883365691
1.0	1463222	0.559444104663632	0.5477288395083076	0.34771606729461507	28380	0.18110419818641663	0.15867001276934822	0.1946103011607175
1.0	1582926	0.557341130262906	0.5469710186421102	0.3612741250683427	30046	0.18840516062657128	0.16965473471451542	0.19013480362473387
1.0	1913458	0.6140441074775567	0.605860121659873	0.37091455875113627	29870	0.2400194205414875	0.21916180375770444	0.18987758030992138
1.0	1399510	0.554446257510836	0.5441202689402173	0.36390568424402375	30052	0.1904997904010585	0.17523890992202487	0.19020420687089945
1.0	1383216	0.5082519772097509	0.4964874661099252	0.3597585950660658	28922	0.12802422843949926	0.11546655558081538	0.1779300151555178
1.0	1612542	0.5729743173948406	0.5596717105396273	0.3635884943405976	29908	0.19118755364134887	0.1732150246011265	0.19525432050683436
1.0	1637458	0.5402045038904921	0.5284360159569077	0.36475763347136403	29486	0.19210634687520012	0.17871248549624116	0.19614965350652827
1.0	1523662	0.5584051673017978	0.5471061879474647	0.3527179178733719	29298	0.20815159365293967	0.1923649607820079	0.20189725522115456
1.0	1592820	0.5092084804846707	0.498489056485312	0.367332677337731	29312	0.17223406000280694	0.15395663645645244	0.18702262889011265
1.0	886932	0.5165532529431084	0.4999431863581112	0.3355288160155671	27648	0.11634125176910125	0.10455149521207285	0.1744321629294909
1.0	1888060	0.5210067170154548	0.5091068197537943	0.37925425284680925	29890	0.19711194737787344	0.18105487510967033	0.18914797977102638
1.0	1233496	0.5604311599142396	0.5457598023114035	0.3588523401013022	28858	0.17667032041181316	0.15647515968451894	0.1942592896248855
1.0	1809372	0.541374767656866	0.5276040568056779	0.36175003759365126	29314	0.2031034339028314	0.18894328743310693	0.1974183974408239
1.0	1352648	0.5321952073323379	0.5219421072609979	0.35427965732005	29244	0.17734843821653837	0.1626377643698981	0.18856550861541102
1.0	1747948	0.5448172846013287	0.5326757179414547	0.3730717885892325	28714	0.1923007199222545	0.18041408471327855	0.19650609371537456
1.0	1217238	0.5769255499904019	0.5630485726718074	0.35033834269525116	28756	0.16852270675266487	0.15591548405616554	0.19228524918317194
1.0	1349308	0.506165524712806	0.4947318362453435	0.35778453995444276	29696	0.16933488190887636	0.15167309719977895	0.19383820499310403
1.0	1199918	0.5121381529850312	0.4979173442549465	0.3456721136566683	28314	0.13803712907545715	0.12023270448823838	0.19118143511377042
1.0	1567560	0.5095197424347914	0.4971057109178751	0.3599822044900843	29620	0.15626864390333733	0.13995724974698504	0.1763265587025248
1.0	1594162	0.5997114337197877	0.5874423362707991	0.36382605870066387	29726	0.21971056015497367	0.19889716118525072	0.19530365602348335
1.0	1033858	0.5126295607191584	0.5002617358066085	0.3484013124613814	28454	0.13816733216697677	0.12928500883762392	0.18625196340819614
1.0	1513790	0.5418133243178261	0.5258287594143781	0.3492267288490247	28198	0.19380136062721742	0.1744002235368222	0.18278583340261856
1.0	2793950	0.534991248852514	0.5284288405201366	0.3930386043282558	30726	0.2577774122696233	0.24151162472883878	0.19795576421523475
1.0	804374	0.5062319309400058	0.4846323131843828	0.33838108148875573	28438	0.14536491955599237	0.12839896544711052	0.1881057940892232
1.0	2921578	0.5937723977741978	0.5835022723687074	0.3903198480198935	29822	0.23104228324826162	0.20985738976830504	0.20521349321337964
1.0	2524828	0.5933417951004462	0.582577528220079	0.3655557810059192	29278	0.19582811971885042	0.17874334688796248	0.20348440178166813
1.0	1460906	0.5113149661617787	0.4989015569543718	0.37780231775858614	29604	0.17128170249360317	0.1588855399592874	0.18253337486771704
1.0	2270398	0.6035552803287462	0.5942581211476875	0.38606899010355206	30432	0.21119258015541972	0.19462759516610106	0.1934271453917488
1.0	995008	0.518129653742459	0.5047080028735857	0.338030557008222	28362	0.16729405558113017	0.15328852034655552	0.18908415620800376
1.0	2363446	0.5991306146814749	0.5874735886434167	0.3734849032438763	29232	0.18261256722367936	0.16352953766186987	0.1947804873030643
1.0	1210676	0.5433926134076889	0.529834286038885	0.34598809739218234	29264	0.17098631478989015	0.15481778358131357	0.18862003967694144
1.0	1244208	0.49908180393332097	0.4824562210454122	0.3553372532921601	28850	0.15180963789731303	0.13579677275522647	0.19299675316965778
1.0	1198308	0.55791819034472	0.5426636001296639	0.3510090056796875	28466	0.1680254835453546	0.15380685252912848	0.1835583737678749
1.0	1108442	0.5708136051514899	0.5534833376995794	0.3399506058883295	27784	0.16272737698140066	0.1412516580023601	0.17352026210679103
1.0	1269876	0.5872691225730235	0.5732715258027471	0.3565093230584788	29740	0.19765461803642678	0.17704244448978548	0.1896895978492322
1.0	1471156	0.5184642283358883	0.5067773547654	0.3676008035787182	29318	0.1532086236149647	0.1316275776347304	0.185080073548155
1.0	1509478	0.5108728347491911	0.4989116103633476	0.3816596557554173	30556	0.1637952519914778	0.1416885876568212	0.18248682224695
1.0	3119318	0.5059197570289137	0.4970678107716455	0.4080699616339571	29998	0.24188367323566276	0.22003790965727033	0.20599811878788685
1.0	2637764	0.6152793542379659	0.6053901537546756	0.37493806362986404	29938	0.21361380410342876	0.19434931342236125	0.19829376883356464
1.0	1480476	0.5456945279426203	0.5323383962918312	0.35780260418683835	28974	0.20403174948144362	0.18862096041472587	0.17980495452355771
1.0	1079656	0.590862329026982	0.5738798361016534	0.33191864619475603	27550	0.16073750897832478	0.14677835524134122	0.18614360430776022
1.0	1072436	0.5164639366483069	0.4993521323462	0.34037896875160706	28486	0.16020436148023695	0.14691213498589453	0.19380990142425228
1.0	2524652	0.621623913787545	0.6090071948087868	0.36365175638685104	29058	0.1987288723153083	0.1774833825120462	0.20163998903623723
1.0	2267260	0.5927131905539642	0.5826938628308249	0.38879308786773886	30368	0.22553434013630444	0.20761876062522636	0.1933066317860993
1.0	2521106	0.6079303977747984	0.5957117089618107	0.36397440711145906	28958	0.20601651500917542	0.18553187814430663	0.19793446173443527
1.0	1609980	0.5962478848913793	0.5841963297111206	0.3708551023699205	30264	0.2155431485054837	0.20160005426972916	0.18947096516505793
1.0	4210868	0.6120231256979474	0.6022227287104768	0.3990399736933172	30772	0.25702457658216565	0.22995480013095856	0.21481945904978864
1.0	2377522	0.6229980395761407	0.6112392318450249	0.3703333839798406	29468	0.196481469937297	0.1749997160879425	0.1921234787242886
1.0	1934598	0.6094646849204148	0.5991663873743888	0.3707415805797331	29630	0.2044051969085755	0.19469866944153436	0.19366682424020476
1.0	2302514	0.6033312143790898	0.5895992623498562	0.3587610071979395	28732	0.20973517108640524	0.18978789427791753	0.2054654837297795
1.0	1427254	0.5245666274550703	0.5115320020006423	0.3593513782496343	29226	0.19078520517817651	0.1755843538706494	0.1931701759213871
1.0	2841698	0.5784846841298751	0.5673012274243868	0.3805028973182118	29106	0.23848521578474355	0.2134435487480714	0.20673119483874972
1.0	1749940	0.589236491372968	0.5753446646040316	0.3533993390426688	28370	0.19605176552044304	0.1796626070189209	0.19363223595304135
1.0	1828866	0.5573900526877366	0.5458179251457173	0.375002580682142	28920	0.22355239154590797	0.20883822370122884	0.1959973009085146
1.0	1201190	0.5539166183087858	0.5354354877613853	0.3499951751143491	28168	0.15832575123413833	0.1444366426174519	0.18104429691289728
1.0	1398858	0.5684454215030962	0.556121804971886	0.35982149932228963	28880	0.19745167936565666	0.1872564742350081	0.19359171523514254
1.0	1829360	0.5697193237492115	0.5576729642849718	0.37578030630399617	29452	0.23866548295277212	0.2081226772800149	0.20051393652165936
1.0	2464778	0.5950236334379936	0.5800904784336182	0.3677784411887702	28772	0.19491474387329377	0.17544998600262932	0.1934384370922162
1.0	2518890	0.6123526634838312	0.5997033084595664	0.36716945998920386	29374	0.20615159611930436	0.1868536213918206	0.19623021600724136
1.0	1929672	0.5454083571728828	0.5360992615534058	0.3755895598627419	29958	0.24362327337429254	0.23161335585896417	0.1980215900701711
1.0	1206538	0.5170073853456454	0.5023178667892585	0.34415325704439814	29414	0.18496283152020854	0.16283368127228126	0.19215987284579564
1.0	2149494	0.5994534167829267	0.5899321227331318	0.37097111168787994	29942	0.2372971168100826	0.216887946377331	0.19755284246437324
1.0	1918248	0.5449046676272068	0.5349643378888184	0.36783168724460275	29800	0.19174890908667933	0.1764285075274241	0.18983449654238002
1.0	1998390	0.5471220918272398	0.5359392045636148	0.38056775642853863	29606	0.19104192745534573	0.16797726918306163	0.1907779531368429
1.0	1406742	0.567985473103908	0.5547252487490768	0.3525550098701167	28826	0.18216569018843162	0.1674422086442147	0.18346968594318433
1.0	1613818	0.5170108423958825	0.5038784596952425	0.3662124928062807	29090	0.1653429022594523	0.15537921401146013	0.18223978165929933
1.0	2214286	0.5701195981089495	0.5602819730442571	0.37988736635554926	29832	0.22905354012228055	0.2078856954807167	0.19834256110097373
1.0	2780274	0.6042597708478105	0.5951221000002207	0.3841133674409953	30164	0.22575385864290043	0.20485621527600437	0.19865344848942748
1.0	1164112	0.5112888938263727	0.49556529997175064	0.344001716230552	28326	0.14562958266970974	0.13155703891825463	0.17954603962296034
1.0	2257768	0.6002625045794203	0.5904047426665265	0.35446511618404414	29356	0.1959065930671996	0.17811381740439725	0.1997492502953484
1.0	870766	0.5286621025137229	0.5149839050139077	0.3359671074161236	29448	0.12956305451475528	0.11415147643006125	0.17516919606077921
1.0	2096586	0.5523872818995572	0.5393460806029718	0.3676388536497887	28160	0.21123802479731876	0.18944038945576866	0.1986004752443186
1.0	1467440	0.5613536701033816	0.5479830133784692	0.35483543487791946	29118	0.19344013712595157	0.1751362438429739	0.19463844633393332
1.0	2214948	0.5608825283962066	0.551289054194013	0.3755789334357095	29666	0.20554049779656647	0.18787621738653706	0.20291797735700157
1.0	1195530	0.5089867924438399	0.4926318497002348	0.3473540767261883	27844	0.16264992025355937	0.14439000309514402	0.190067975343064
1.0	2632370	0.6041219250883232	0.59371524907722	0.38023795835498864	30166	0.19980936722710294	0.1798102338597116	0.2003432665547569
1.0	2933688	0.6257838152575749	0.6136436637566904	0.3916464634541639	29542	0.23349646434562013	0.21384637562364806	0.20168103008146565
1.0	1244014	0.5827545495049674	0.5686316070702556	0.35128648077120944	28450	0.20067978631153985	0.1841508682376137	0.182851640672006
1.0	1462968	0.5915871090946548	0.5779186436677944	0.34865228595943193	27956	0.21077007126812383	0.1951029088281014	0.19467447247922307
1.0	1255034	0.5485753299641271	0.5338216856647463	0.34696082702605247	28340	0.18045930518635558	0.16602466942684704	0.19459096999229608
1.0	1914556	0.5253502153596152	0.5158918303820884	0.37381222538065234	30586	0.22852900361776507	0.21090025919100383	0.19298060564158637
1.0	2578806	0.6163291874675724	0.6058723475924834	0.37148817029884196	29140	0.19271716377434364	0.17074465390833657	0.19802125841590923
1.0	895334	0.5017334434464913	0.4856643905423783	0.3349259539289813	28536	0.15670250183790227	0.1523656429032266	0.1773060006670124
1.0	2934680	0.5720392825364634	0.561492136130506	0.3853977263965256	30444	0.21649110419317188	0.1934934162849747	0.20170601993867898
1.0	2670326	0.6160963932840792	0.604519032001764	0.37643721800139684	29346	0.21121966564312586	0.18952711460897542	0.20265528769595956
1.0	2926006	0.6228389053371279	0.6123266655690439	0.3889248185818903	29344	0.22253683518621922	0.2016051111480787	0.20009100442483496
1.0	1655616	0.5522064937313352	0.5419719670884438	0.35425022045877846	28722	0.22553416197813114	0.20307624331305507	0.18813220950193754
1.0	2469760	0.6380080702126038	0.6252237625191169	0.3606870619205959	28576	0.21471882164556141	0.19062690388022208	0.20149304555384553
1.0	1543496	0.5174202602297883	0.5017833345641295	0.36516704688024354	29042	0.18721320829342603	0.17141839134291323	0.19224664981722675
1.0	1251160	0.5043270877406428	0.489585634966478	0.35859477121345645	29338	0.14683669668682273	0.13152595721766258	0.18570433180143744
1.0	2921432	0.6219149204132779	0.6118715012238302	0.3887278360670714	30270	0.24701660387628235	0.22361264125591615	0.2055355577476122
1.0	2074194	0.5578189402085771	0.5476142827947343	0.3954147602155897	30012	0.23827749969731574	0.2160090365689804	0.19332045638957804
1.0	1654656	0.6073370907726817	0.5963931647233561	0.3750184079794521	29822	0.1994666696456101	0.18711988257694315	0.18941558114995416
1.0	2351378	0.6407364117006403	0.6273248890807014	0.3740143920608355	28812	0.2119888695948374	0.1886602481929881	0.201384796136188
1.0	1242146	0.5356023555742915	0.5198368624244037	0.3540118160952929	28492	0.17554741420442596	0.15835124766059788	0.18262724500940655
1.0	1127894	0.5808031941127291	0.5657723926587546	0.34084365404995	28386	0.17593013292104132	0.16457909262279738	0.19667707361080958
1.0	1846090	0.5189961197182159	0.5077896511682867	0.3662304624478598	30048	0.2201556022974973	0.20582112714088832	0.19765824554755082
1.0	1838982	0.5036462237684097	0.4903735170687235	0.36716939748513777	28864	0.17806839928407944	0.15734388143234587	0.19273156295943517
1.0	1520992	0.604230726982471	0.5896220473413604	0.35920317665456375	28628	0.18416231050842144	0.16467129917653736	0.19469266461128654
1.0	1366638	0.5264938860656408	0.51517830167696	0.3659647197640367	29976	0.19820682439308077	0.18228221895399965	0.19127254663244223
1.0	1495482	0.5128536047557829	0.49790465470298667	0.3644749872155712	29030	0.17549616642054025	0.15667849896537472	0.19495690195005386
1.0	971136	0.524763750091563	0.5103269818150513	0.3353039330494479	28524	0.13678315983016298	0.1172940618753626	0.17879677264841523
1.0	1312356	0.5032655579259656	0.4890425573257105	0.354622640098909	29234	0.1938932722560578	0.17722945374902077	0.1918203315420963
1.0	1916018	0.5788336926531966	0.5672292939628405	0.3707046967568141	29360	0.19792012879445234	0.17764715268203904	0.1940107410708117
1.0	1608114	0.5075525765798109	0.4954495788939024	0.37214537815608395	29856	0.1632408671482938	0.14757696397207784	0.1871712297225817
1.0	1511262	0.5274889539652643	0.5115964281675812	0.36275101715050734	28042	0.19314818560786462	0.1773711696255523	0.19565648722311557
1.0	3014882	0.6292544944374695	0.6213092041674392	0.39160357241279137	30594	0.23569664133303078	0.21342775602251698	0.20323754088361665
1.0	1683996	0.49464035488121777	0.48178189262504817	0.3569867844198993	29262	0.21489304054982342	0.1980724834763101	0.20039986473300117
1.0	1385538	0.5603379355547006	0.5488615963216618	0.3616147315443196	29462	0.19162281670802983	0.1849097700113496	0.18342549975626757
1.0	1307656	0.5112756565761846	0.49714935390968845	0.3499279849711388	28564	0.17239665815201644	0.15002521887619322	0.1878608406275427
1.0	1632064	0.5032439199941049	0.4886304791442751	0.36125764827234996	29326	0.1880336564029629	0.1702769113051976	0.19462934703643878
1.0	2210134	0.5161540562056208	0.5069604569388534	0.3781083362526097	29924	0.20875873214397767	0.19125493547904096	0.1984246091577304
1.0	1850800	0.6110000120856542	0.5966156944053517	0.3733057138569315	28590	0.2368418916494641	0.21822285963860777	0.18910137044095524
1.0	1572008	0.555534620345334	0.5430281734257942	0.367039942757992	29422	0.19950680077721414	0.17509304944139506	0.18987971596553632
1.0	1854854	0.6260593809011316	0.613550816186567	0.3713675769508318	29628	0.19925120708851218	0.1806473831805523	0.1939117855766029
1.0	1043604	0.5061830946165012	0.4901697946858749	0.35297435147988904	27870	0.12079585617600071	0.11746428278137667	0.16927694262383206
1.0	2340316	0.6182195167400661	0.6062407951212402	0.36446676132068445	28786	0.1804424198116207	0.1601677925897875	0.19801194901393893
1.0	1654158	0.534442474202437	0.5218475777289584	0.36425449743911537	29062	0.17046916017325497	0.145750171888002	0.1935667696964196
1.0	2472066	0.5694801851243115	0.5615740598690282	0.38975082164841884	29950	0.25518942910194636	0.2352947704974194	0.2001691779324762
1.0	3621198	0.6085006092589132	0.5986161793345842	0.38659936538295714	29830	0.22024737337380118	0.19498206690503736	0.20578439051707112
1.0	1875738	0.6189926871058172	0.6087093144846335	0.37634433048204446	30528	0.22811184230364936	0.2142414913141075	0.1966763293348264
1.0	967364	0.5044303788222899	0.4917169003430469	0.33932079168182844	28672	0.1464520721653795	0.13364823344561458	0.19220423490597668
1.0	2338806	0.631004255513507	0.6192260971843552	0.3754987564067345	30498	0.1901135403369896	0.1713695162359079	0.19602506035597903
1.0	1841064	0.5500965252334047	0.5383687125224601	0.37214375759623963	29872	0.1953444543730236	0.1812027372912783	0.19851802689622822
1.0	2793988	0.5960565039363197	0.5847535745089391	0.3713524212540964	29268	0.22581111532925724	0.20266723183973534	0.20534824090135326
1.0	2465952	0.5935561841643143	0.5803664179792211	0.37033288372424056	29480	0.18832249542209745	0.16747383160166682	0.20111841640860595
1.0	1418832	0.5759916626789383	0.5655137934102815	0.36362715411427676	29442	0.19607576751707567	0.1864945444013744	0.18976648021837814
1.0	4533938	0.6316530667462786	0.6262906633259387	0.4231395550578248	31290	0.2750865760810522	0.24554848752578975	0.20999465323345032
1.0	1273638	0.5638355415460629	0.5519640903500972	0.35267185967934117	29802	0.16686338368576445	0.1494019763022298	0.18900729235411232
1.0	1603188	0.5609267504653356	0.5490813626113804	0.3667161155739252	29018	0.18553346606247903	0.17199124777094574	0.1780832749012856
1.0	2412984	0.5640614909460892	0.5524436285476955	0.3816859240313608	29392	0.23096023546797348	0.21045185215137327	0.206428173560911
1.0	2869326	0.6250321795609454	0.6143483595502622	0.3845688357558123	29858	0.22878162305748218	0.2086149090664682	0.19943266214956354
1.0	1573148	0.5503174383353523	0.5387339065440163	0.3652149427854647	29104	0.19368029714485588	0.1769529290492888	0.18569976479615058
1.0	3436332	0.5759918194478449	0.5678359328780582	0.40200124871665865	29910	0.2539562068706026	0.22904074876225924	0.21001406495487862
1.0	1972114	0.5106917420063897	0.5001916680292934	0.3780338048420125	29998	0.19698249191680717	0.18282595705350688	0.19835949359714655
1.0	2140948	0.5637726177319338	0.5522403504959646	0.380606177324826	29590	0.23076104772118122	0.20929046822087882	0.19466966277270717
1.0	1727068	0.5059054607008456	0.4939610993067895	0.3617966187652508	29412	0.18249319190840688	0.16620687976435244	0.19631889391807414
1.0	1387980	0.5235307848445745	0.5133834862241538	0.36757795926874054	29278	0.1430246202467469	0.13127346713941285	0.18587841127713692
1.0	1356612	0.5858369265959874	0.5730473139487364	0.3674889205637177	29762	0.1723787040447294	0.15335665112420752	0.18770658115284178
1.0	1647372	0.4988397340097664	0.48501025717519525	0.3545579433413597	28728	0.16914836457117943	0.15273066416954337	0.19176300517836356
1.0	2294808	0.5299593130808974	0.5183320073556449	0.3781786955084668	28824	0.21892269640159354	0.19685389921826577	0.18970566064132033
1.0	2050794	0.5401467943954642	0.5320353035111282	0.39139017040200536	31050	0.2032344445188873	0.1887590835578811	0.19448353557748713
1.0	1491958	0.4957340241528367	0.4821365395960504	0.35875752276363787	29108	0.17913847697458118	0.16104434496586775	0.1861231592855842
1.0	2612872	0.5812016374548745	0.5697856167239839	0.37114257180225474	29000	0.21813093770611205	0.19921790942634124	0.2028872938032301
1.0	1808224	0.5572883745403671	0.5462260777784732	0.3707728454054311	29852	0.2371601851159737	0.21774568614588807	0.19708346310634184
1.0	1788138	0.5465512503328711	0.5351359998024803	0.36559498800531065	29252	0.20343077659391495	0.18188970123747694	0.19833357145095898
1.0	2420428	0.5848055043527648	0.5733008918381336	0.3844734666060577	29442	0.2708150261682097	0.24770227178712326	0.20049734618595846
1.0	934276	0.5043868521855225	0.48800223528530523	0.3462784042861871	28914	0.14599726151154058	0.12894947776374827	0.1681964035043216
1.0	1618126	0.5166039676157147	0.5047107386259558	0.36499062299348733	29114	0.16347086763022486	0.14801670747301152	0.1774912903077065
1.0	1022714	0.5177413476705688	0.5022947551801863	0.3497214394692492	29310	0.14623277254511532	0.13359841294491356	0.1786519990142161
1.0	2257584	0.5291233892270161	0.5190362396993643	0.3848496201801283	29872	0.2200099344941221	0.20288277061897364	0.19799498894941234
1.0	2301886	0.63072701023649	0.6185241815043728	0.36878209411638446	29956	0.17894626328921623	0.15930195359254246	0.18753485869503317
1.0	846078	0.5238767219772568	0.5050802781607006	0.34034937002464766	27324	0.13761209292588897	0.12320619837023905	0.17970793426092269
1.0	2499562	0.503238836975177	0.4935021584817783	0.38054624043819	29978	0.198631038512706	0.1763882120975598	0.20308737356973341
1.0	1358644	0.518388222112388	0.5075216406781755	0.35696939311783393	29754	0.17694816908885913	0.15888850715195305	0.19552537402259826
1.0	1339942	0.5415063448813316	0.5309730604843524	0.353720688444571	29534	0.16589574712788327	0.15898704956021217	0.18874118317623792
1.0	803752	0.5343122742372676	0.5203341139787644	0.3296389624091119	29078	0.15398823647290316	0.1336113996146961	0.18742049406703595
1.0	2515234	0.5660018645424626	0.5582411672349251	0.3988966483511455	29850	0.21725151262979003	0.20299076522987988	0.19883829292137442
1.0	1239766	0.537765680919291	0.5260438240667468	0.3503808169377883	29762	0.187409340607714	0.16252539073989047	0.19527755925204307
1.0	1598732	0.5528213552823391	0.5402823487828636	0.36486431817141135	29564	0.2052515689072066	0.18776175145297946	0.19207320603971637
1.0	2326916	0.5549163719969826	0.5419340350376004	0.371162312597658	28948	0.23656076295143383	0.221780201382491	0.19828689996679483
1.0	1200550	0.5927569892045123	0.577348764570784	0.3487960131246078	28980	0.19021588969026734	0.1716249533444585	0.1882430492090886
1.0	3632520	0.6238329434349611	0.6136804422063011	0.38510182960243106	29596	0.2273103766192958	0.2029940897183268	0.21179578479982653
1.0	2388548	0.6396022156666455	0.6276964712069556	0.36149526880335875	29644	0.19305636602095785	0.1777771239687991	0.18892614421739798
1.0	1306126	0.5800804148675377	0.5680238254992515	0.35628730139477244	29150	0.18187515038404356	0.1635714859953822	0.1848367084680388
1.0	2573556	0.590787812636575	0.5791820919518978	0.3769527819145968	29844	0.20060787635922264	0.18171764142359684	0.20128451379418144
1.0	1691664	0.5168444637785793	0.5061431907590567	0.3775324044637555	30246	0.17152531416612746	0.15663182862217703	0.18312643277617588
1.0	2938352	0.607684710693727	0.5986654929862615	0.3894116901107389	30436	0.21293806002157545	0.19246755857678588	0.20447381662695743
1.0	2618142	0.6045603352318675	0.5929879460009913	0.37261915678077706	28862	0.19870128483384908	0.17896956227922353	0.19746449809959155
1.0	3826276	0.6435044826395262	0.6333226526232355	0.3881412340336403	29228	0.23152095152643326	0.2075721096574563	0.2081345344025729
1.0	1280170	0.5835652069151318	0.5738613473142437	0.3424996850254822	29682	0.19083575981472814	0.17361328715894345	0.18114357113671878
1.0	2412988	0.6269228237915068	0.6131932889654905	0.3751885034525438	29490	0.1917997847092019	0.1696557638522914	0.19380357477010082
1.0	2356450	0.5956649290678441	0.5803322417652425	0.3760230321601012	28802	0.18650498293660545	0.16852103237770652	0.20074918202436096
1.0	1533410	0.5309404182692522	0.5187384216884886	0.3626916339480266	29616	0.15896115774147504	0.1409356123480622	0.18206414380023728
1.0	1705142	0.5034974306416452	0.49259285848252327	0.3731483344582969	29496	0.16495160582575938	0.14903282385095878	0.19152005310067957
1.0	1898578	0.5721778027361566	0.5611971738235695	0.3775246165553267	30252	0.204652517499298	0.1861770151110499	0.1912142208933176
1.0	2454588	0.630209381920249	0.6188726704037497	0.36557208080453263	29496	0.18397298073672838	0.16452626572023465	0.2026338257954516
1.0	2386238	0.6204209438808207	0.6066003068657136	0.36798257415717156	28874	0.1859561687316094	0.1667984722652283	0.19591276507664102
1.0	2417134	0.6100427921208027	0.5998689672324736	0.38269597684966644	30408	0.17863585974227877	0.16250617768085104	0.19449145637392118
1.0	1575188	0.5269968777223577	0.5135321939013032	0.36841282847037743	29148	0.15999895868506395	0.1492441562696967	0.19325786637166997
1.0	1285828	0.5433108852644838	0.5294649277649366	0.35619491912088114	29052	0.20426991833930253	0.181830791940225	0.1906458246191973
1.0	1241434	0.532499106502606	0.5201839032899431	0.34380834314094727	28404	0.17567315514072612	0.16056678636602786	0.1753527946449428
1.0	2328596	0.60162372766333	0.5913924926608018	0.3619946184382445	29716	0.17622432816192615	0.15747452503544296	0.19501982824244432
1.0	1299524	0.5092165150191277	0.49486814882792896	0.35737047595113425	29612	0.18193918809458057	0.1611414796374245	0.19042186576200457
1.0	1406720	0.5063562004427765	0.4930881257031354	0.3682465126704331	29036	0.16799111260425506	0.14531553883741688	0.1849158410355636
1.0	2604718	0.6442218977934666	0.6322749129920534	0.383921399389017	29582	0.20137951571704016	0.1829057079626757	0.19679196163834403
1.0	1967458	0.5783046809270339	0.566948573302056	0.376502715200497	29962	0.22566731022597342	0.20784857456408526	0.20229978496028667
1.0	2855446	0.5990485467038938	0.5915757097792184	0.39137806533837755	30360	0.24460914937246328	0.22280700256474625	0.20720150919883593
1.0	1623304	0.5104173527869578	0.49844601820615053	0.36257080947299	29684	0.1786960542292173	0.166973136796962	0.19172731235970064
1.0	1083910	0.5399941550886062	0.5256560301481408	0.35514292514554996	28138	0.12751742070813174	0.11587850435112912	0.17946150190028257
1.0	1572358	0.558589618347692	0.5462280316455845	0.3663795788367008	29370	0.19303107449224174	0.1696733036393974	0.18646933828316767
1.0	2320008	0.5760745804664497	0.5627477188198153	0.3658594481189043	29264	0.1738954695418474	0.15375641385508182	0.19134983081022872
1.0	864730	0.5250986309861982	0.5089911136694966	0.33471421472352286	28054	0.1507930424752373	0.1377632214019189	0.1822221002057903
1.0	1929038	0.5203748268316253	0.5082964450960803	0.3772701308706734	29922	0.17813449061571426	0.1624071512726097	0.19561389069557056
1.0	3100304	0.6039629688150067	0.593840529780933	0.38597970809010623	29866	0.23509417956534737	0.2095796331665709	0.20437989663008438
1.0	1152394	0.5928208884029279	0.5791059646739576	0.34061687851803085	28992	0.16051753715434527	0.15684253941454857	0.19006687599628513
1.0	1442312	0.5394648626527037	0.5251244461963849	0.35045871490981256	28274	0.19675383867838728	0.17795384966077601	0.18917331185827255
1.0	1571894	0.6027748498005439	0.5887943098141911	0.3584332699587034	29086	0.17913422642431961	0.1595418189077177	0.19141400118430665
1.0	1642044	0.5403065869550113	0.5300115899064773	0.36824451658627916	29116	0.18673551693003274	0.17335556701946953	0.19025734829110189
1.0	1462136	0.5249953160344861	0.5105054147630875	0.34509925133782154	29112	0.1755818640196004	0.16083388428376735	0.19258682921262163
1.0	1480086	0.5167813860083142	0.5025930319379476	0.3623335279737158	28884	0.1866242902699424	0.17199963610204885	0.19190424267829356
1.0	1259346	0.5049725266779902	0.4902840104403014	0.3553508051595762	29346	0.1525566131536699	0.13348078915933667	0.18205484770557576
1.0	1767604	0.5216922727975739	0.5093416360344879	0.358366788629978	29588	0.203305509555327	0.19033410138923723	0.19586053321985564
1.0	2981012	0.5725892413173487	0.5622644879751626	0.38286933876745466	29444	0.21398882341770967	0.19232915717734653	0.2017436939801928
1.0	1727462	0.5698196728020513	0.5576965879578251	0.37204236275299035	29914	0.19863560875614217	0.18250981333679747	0.19606167145257877
1.0	1216710	0.500810683835523	0.4876278737399193	0.3408387754452317	29082	0.1539860720323943	0.1398978982856853	0.1786350912461653
1.0	1550446	0.512754597083369	0.49912673217872633	0.36407639993344265	28642	0.17975312806970356	0.16055765328774213	0.18629773136712977
1.0	2015080	0.4979707570185426	0.4871021314572285	0.3736688826633161	29850	0.17942699843423018	0.16166153787209758	0.18270765813793802
1.0	1390586	0.5028529545965298	0.49287984885206654	0.35066530105637406	29158	0.188732349849666	0.17211093543492884	0.19944489425918036
1.0	1840198	0.585495489707288	0.5719701639993053	0.3716771890308379	28990	0.22168167106852463	0.19734237589947765	0.19026606311370667
1.0	884976	0.5240854847407376	0.5102345828904752	0.3251709204241378	27988	0.15193936059855198	0.1396604984950905	0.19480932928219089
1.0	1442182	0.5529761403108452	0.5393169223695478	0.3526076676496082	28598	0.18720481457679808	0.17172527044239982	0.19497779715286181
1.0	1195244	0.5199477865722335	0.5089169371564383	0.33880137129528626	29482	0.1557033363260128	0.13764260778124826	0.185869525002198
1.0	1462730	0.5336108259765338	0.5191085151282335	0.3587576921431051	29524	0.18211059738353205	0.16983590149254335	0.18802062776962167
1.0	2627578	0.6180190294760167	0.6063361154605679	0.37656419191784646	29170	0.1911809381335626	0.16961487410372414	0.19531640493310912
1.0	1639894	0.5849146098643413	0.5712557341139048	0.3622934565913521	29116	0.17579791954718607	0.16630875765522848	0.1879261273303051
1.0	1255984	0.5068538502434553	0.4926309175278481	0.3516294214990882	29028	0.14634193314276292	0.13282856118829547	0.1988258985627773
1.0	2174496	0.5598574162061197	0.5498902873745407	0.3711862311283751	29396	0.21223990146898308	0.1893375112761673	0.18857734466403164
1.0	897558	0.5195405398278087	0.5079943386927839	0.33043443183556837	28714	0.12406780435813973	0.10672085792032722	0.1835680332840959
1.0	4215870	0.6259471739185513	0.6183803397797341	0.40642229147927655	30662	0.2560972142169564	0.2310230652839265	0.2125080266920275
1.0	1699932	0.515869645425643	0.503658597194426	0.3704031252513152	29896	0.15497609437019697	0.14039169860539885	0.1910600562795746
1.0	1219416	0.5707933652857332	0.5562792296219187	0.3494546869503936	28984	0.18051131551782063	0.16489104784571842	0.18758117107345426
1.0	3865512	0.6426432507543357	0.632846874068867	0.3922998724776243	29842	0.23653621744378092	0.21186872104112633	0.21000165767766918
1.0	1410510	0.5299902581321179	0.5186354074075797	0.36781553033538805	29974	0.1888966943423992	0.16478038286006527	0.19956856455577124
1.0	1088948	0.5091458471736438	0.49644148844466823	0.34849824036833704	29566	0.15047334444349422	0.14333165911558085	0.1910133100676863
1.0	1513106	0.5154475129795353	0.5049758888809894	0.35839955138082197	29274	0.17613127682461405	0.16011120230399525	0.18131016627340876
1.0	2672820	0.6336141394087075	0.624658300902934	0.37954945715672883	29800	0.2135161662685262	0.192561497596577	0.19833312779712411
1.0	1639080	0.5097951561157759	0.49684976118907276	0.3636502009062317	29630	0.1768457537872167	0.1565152285586777	0.19695173363506113
1.0	1801508	0.5774168384311203	0.5659773436863916	0.36654443956794913	28900	0.20117070013342106	0.17996218623540514	0.1998390894593884
1.0	1340302	0.5100344557090343	0.49901235827691637	0.3504582188575973	29950	0.17232941586989745	0.15354970592627878	0.18815539290245084
1.0	1534248	0.5815582586572218	0.5675323761373057	0.3451664124055647	28040	0.20215548359268434	0.1830416481062593	0.18326135713431066
1.0	1659102	0.5610989679789876	0.5483736170449004	0.36382962181817163	29454	0.1874675606674793	0.17589938795822954	0.21009109654186567
1.0	1388526	0.5083494959875322	0.49529288471883454	0.3573207727885997	28434	0.1453751514843496	0.13324774122920882	0.16831774000107827
1.0	2516200	0.5742770994766261	0.5625417930820231	0.36043685540053727	29126	0.2289626415867818	0.206464490515928	0.2077695283113243
1.0	1790898	0.5052809652217315	0.49398566286747586	0.36352102708731104	29844	0.19251465706736207	0.17912586787232207	0.19835267274137044
1.0	1300898	0.5335162728180572	0.519351457417911	0.3580515591038937	28748	0.17275824565451284	0.15574107950855293	0.1845634790461933
1.0	1555038	0.5154887415775287	0.5015986367729762	0.3678563623524132	28868	0.18439400237869816	0.16956164747558525	0.19403196345433701
1.0	3190996	0.6418785427123014	0.6320332659091207	0.3964918078292949	29778	0.2645879051114693	0.2421322109220649	0.20826841656890774
1.0	3886784	0.622762815872597	0.6124800430610409	0.3934496589755772	29272	0.2372029877770536	0.2131564183999333	0.20897401985789096
1.0	2312278	0.5788825816251651	0.5641245808395677	0.37355245699668793	29606	0.19336161755762463	0.17295464181976997	0.19686516307217491
1.0	1527052	0.5130547658748675	0.4995851356787955	0.3460264852295651	29090	0.14831039461396275	0.13231093049545048	0.1886050222474491
1.0	1170998	0.5907250737756314	0.5754813823419566	0.3452712640766182	28482	0.17335400625498243	0.1637706901928281	0.1887538597756974
1.0	2404534	0.5823390444650783	0.5703316588735898	0.3838936962955886	29312	0.24803776128437371	0.22596879636034295	0.19986114757790774
1.0	1242890	0.5665981491057707	0.5510074774224085	0.3539442193410797	28702	0.16333275464727817	0.1431504782695866	0.18416341717439202
1.0	2515060	0.6129169790531009	0.6038486886535565	0.37793397801575424	29564	0.2039309240926126	0.18341631366962505	0.2047255165594345
1.0	2962860	0.5457635484058236	0.5410692133088739	0.40077682851981394	31162	0.2590704290396766	0.24498605971378876	0.20716826163565819
1.0	1449480	0.5286174493377401	0.5169354387086329	0.36915163119431815	29796	0.18720292392672874	0.1708516074142299	0.18645952697107707
1.0	2105744	0.5456053275906996	0.53474713406619	0.37857735397740017	29222	0.2077347546408318	0.18875772778315533	0.20092729358023498
1.0	2582548	0.6374340366475494	0.6274035538201742	0.36687382003243435	28980	0.19762459848084243	0.1720530414080413	0.20163164868503736
1.0	3139724	0.601791991748682	0.5894850592744337	0.39637253247647414	29010	0.22294352415204866	0.2000415947410149	0.20250680100768878
1.0	1020606	0.5438954351450753	0.5300091439789485	0.3477389887239055	28526	0.18387787677773956	0.16408010047316604	0.17967965953575038
1.0	1819510	0.5539422447557734	0.5418633057903873	0.36272611897541746	28872	0.2262727305796486	0.20940644580260556	0.19081973637053581
1.0	1359586	0.5658943403718141	0.5539764081341191	0.35329261357952024	28194	0.162496123289072	0.1541799093492288	0.18967873782935019
1.0	1082970	0.5742663936811495	0.5591815454917571	0.3327297135850004	27994	0.16642681094215783	0.15990343641549074	0.1822980202714453
1.0	2331158	0.5308415750325642	0.5214909755356841	0.38410431566239306	30068	0.23302257236399604	0.22574622915089457	0.20595023192035564
1.0	1161724	0.5037950959178988	0.4886867826968358	0.34516497444869504	28812	0.15248419109149214	0.1410022208534448	0.18764918367286565
1.0	2080720	0.5349821099217257	0.5217244193325051	0.37901217310298735	29178	0.23436738025089096	0.21789426405609966	0.19854581088692266
1.0	894408	0.5042032774677404	0.48918102723209683	0.3366768103418247	29380	0.12909895439073638	0.1219096910516188	0.19100479280283397
1.0	1556842	0.5195835181779217	0.5051590569227764	0.35101237186523554	28570	0.17810150280260617	0.16147965899459296	0.19339957976600974
1.0	2848894	0.6112562706297172	0.6017312152390398	0.37579730877256873	29490	0.21961408244888816	0.19656923751227418	0.20452369522253536
1.0	2400914	0.6153904117424788	0.6048676510933514	0.375427711191389	30338	0.18334030729797912	0.16255627236024833	0.1946633522580179
1.0	2903546	0.5654499767666538	0.5538578125125045	0.3869936328037246	29732	0.23901808634415303	0.21682893082500734	0.202356059503674
1.0	1519106	0.5075748242441332	0.49538451930586475	0.3548764134685434	29476	0.1636002907871004	0.14914935893352288	0.17716429460818509
1.0	3251706	0.6342805252792705	0.6265981579754266	0.4035168232426452	30386	0.2558886162580872	0.23054354684703174	0.20954281298781008
1.0	1089674	0.514767206939041	0.5009867069744275	0.35740730462824444	29840	0.15190831096699026	0.13624838131146355	0.19162011990245656
1.0	2921498	0.6212719280504112	0.6120088345784233	0.3831843510583433	30098	0.23052426696117623	0.2063479948937819	0.20120731280845253
1.0	2243334	0.5497984606215501	0.5414673465756987	0.38025419527095283	29840	0.23386588166977665	0.20968406043742235	0.20554281072769073
1.0	1524350	0.5549856552817481	0.5401335510505261	0.3602057673693673	28146	0.20530883182979623	0.18487333621156068	0.19086483519233247
1.0	2109332	0.5330052798733254	0.5241405220582526	0.3691640981850479	29526	0.23378076774018752	0.2224715825705322	0.1985198261047508
1.0	2329692	0.6257122270325082	0.6139910720049623	0.3638301247964959	29306	0.179153642335643	0.16072292999798848	0.1929625180354482
1.0	1745874	0.5814562425847859	0.5692695992285908	0.3622031655596322	28104	0.20595721088190547	0.19172770959735908	0.19708789315709366
1.0	3931724	0.6483861396472548	0.6386789803532864	0.39530661509672443	30202	0.2512860215617052	0.22263765038664576	0.2134656445093468
1.0	1958124	0.5436772228056604	0.5350188417467031	0.3755483481405191	30618	0.2291685017212329	0.21176224229420992	0.19552731433438872
1.0	954496	0.5135990301833173	0.4979601194013927	0.3437511227990262	28174	0.13124070658977063	0.11721279153552717	0.1803055181465297
1.0	1609088	0.5186338580175333	0.5034985989085999	0.3629502601879395	29034	0.16923953842676073	0.15266014159880806	0.1952044271569631
1.0	1355210	0.5751758765581855	0.5626684515923436	0.36243450662157234	29658	0.1900492490673885	0.17355355376565004	0.19576148860386344
1.0	1762686	0.5251763089421164	0.5154733494251852	0.3745755067818557	29628	0.19970099186087986	0.17900526988520324	0.18769545254818842
1.0	2697626	0.6441459657874544	0.6326141638997633	0.366391257091571	29398	0.22686262201997456	0.2093632867699684	0.20159673941344525
1.0	2627742	0.6072185409910963	0.5959756359845263	0.37581251343666827	28918	0.20383476177555956	0.1834167555865888	0.19787535897935485
1.0	901368	0.5169312172717785	0.5010861999587376	0.3365398541406093	28250	0.12390173864957421	0.11032066635058141	0.18479080315397442
1.0	1399076	0.5042007996164913	0.4928962501935305	0.36538175386347427	29832	0.14103039982393886	0.1248908474471424	0.19640169765849144
1.0	1062208	0.5191106144785608	0.5027944716401337	0.3536497378962014	28516	0.14209910384944702	0.1282431481998951	0.18645280316487556
1.0	1341630	0.527999048004493	0.5138016124704797	0.36224481368512396	29198	0.1838741910547248	0.16848154716398986	0.18233008599750597
1.0	2193544	0.5042131786512927	0.4939729312011567	0.38009398077615897	29296	0.1945563679668233	0.1772052925802423	0.19241694945768548
1.0	2259340	0.5510924337019109	0.5416152683646989	0.379777355980561	29682	0.26297339615953125	0.23088864312259916	0.20874155223193944
1.0	1977356	0.5759253878428461	0.5657711548062908	0.3825083112948704	30162	0.23420708009948898	0.21514297190687667	0.20283870095148082
1.0	941566	0.5155925508565834	0.5013011247837307	0.33737861396182206	28438	0.14968705044433975	0.1369996069390151	0.17904962643673092
1.0	1679634	0.5548117515026577	0.545262819659703	0.36246242366663267	29964	0.1908421032322666	0.18016520241041203	0.18519731072113985
1.0	2195142	0.6052479673125047	0.5961922008934061	0.3744152542475143	29922	0.24031892793084206	0.2246212408591378	0.1909416959782431
1.0	1237332	0.5153909454851707	0.5044786795673143	0.3560176615140616	29772	0.15215416729297704	0.13435177097465148	0.18263822801154458
1.0	1572626	0.5119755816942423	0.5025195812465933	0.3575063954545083	29488	0.16129503297240136	0.1442286661298182	0.2048096202691492
1.0	1373744	0.5767719988644463	0.5658736108439976	0.35997363492585494	28944	0.15989656233205235	0.14466882516578608	0.19262020143719324
1.0	1766558	0.5485269212723006	0.5346853360395095	0.3573850817968785	28462	0.18728681267124767	0.1702872973968602	0.19262346795678834
1.0	1428372	0.565057009671814	0.5511794632927604	0.34790985456874424	28350	0.18281885726916938	0.1654255609675879	0.19155279069319123
1.0	1381370	0.5882000431109832	0.5769295882921075	0.35418237776894884	28900	0.21901687709392947	0.2073548723560661	0.18944156792190056
1.0	1927116	0.5842593835111226	0.5747902737229701	0.3790552354568595	30310	0.24131816132138764	0.2167992281440286	0.20005398533288396
1.0	1339538	0.5730165651422036	0.5600772928909018	0.36063839436853956	28876	0.176025409958623	0.16218085211774036	0.18661300823240942
1.0	1524152	0.5036924530469209	0.4905507484667036	0.36189350075088167	29510	0.15411779266656814	0.14017297546389929	0.1988662546447663
1.0	1544634	0.5731373119240551	0.5611283930301194	0.35975939225938464	29638	0.22073061162483168	0.21655333483008202	0.1921646933208038
1.0	1270758	0.56518214486139	0.5516902549011498	0.3481401161307514	28558	0.18555238900247886	0.17175655844129614	0.1792647825106396
1.0	3159838	0.5931400730881419	0.5851970191187893	0.3851910318698506	29900	0.24683796566875946	0.21987105294138365	0.20946157677392727
1.0	1358322	0.567301666276644	0.555141695511698	0.3576203215017471	29380	0.1829371881748435	0.1626905425749148	0.17756941738872256
1.0	2607528	0.5746127810376193	0.5601407924430004	0.37595774511038155	29250	0.22062042977483654	0.197663200759304	0.19851787011341968
1.0	1712724	0.5780920717524585	0.5679339384067845	0.3645279438091112	29344	0.1777149755226255	0.1605660571418584	0.18209542810636217
1.0	1595134	0.5256339529928538	0.5122568243313171	0.3632457888061505	29138	0.18711842826780334	0.17221853163657894	0.1893404744525022
1.0	2853904	0.5999711533945294	0.5896141290327983	0.3826702170346286	30080	0.2240732954719454	0.2040317660924875	0.2016056820374413
1.0	1199734	0.5131330423901089	0.49726873720838066	0.3457934706656079	28028	0.16531577455974827	0.14991685953109016	0.18549814864940184
1.0	2023426	0.5676952132599556	0.5549774454850206	0.372683983486009	29364	0.218714220640339	0.20260656692468312	0.19629225764418404
1.0	3324024	0.6236166287830295	0.613958659263387	0.39545075904712107	29836	0.2467351301286744	0.2249662890494878	0.20338511132316237
1.0	2888284	0.5903387041760103	0.5812900229071517	0.379172769809629	30478	0.24471761919617663	0.22045814903189886	0.20366917282120342
1.0	1749398	0.575469103141229	0.5641488278387726	0.37580372298298387	29470	0.22402532344214088	0.203922266262764	0.19729358881466064
1.0	1437990	0.524290039290722	0.5144500114941868	0.3629125708183887	30288	0.216696571170209	0.2011502502370169	0.19097973748985356
1.0	2900122	0.5988652373427604	0.5893571238998888	0.3835939446710402	29736	0.2265048718156604	0.2098837473062168	0.19926288045141793
1.0	1309126	0.4988167840574147	0.4852051663651305	0.34686553362376876	28906	0.15929609480216855	0.14216129773006306	0.17840569911605772
1.0	1115426	0.5298004705631979	0.5172082424832797	0.3558520982292672	28990	0.1505782887973927	0.13949915032303437	0.18562110754191966
1.0	2248360	0.5982056562308636	0.586652415659929	0.35508220112520444	29572	0.18254715790678863	0.16258719059028678	0.19885035245003238
1.0	2931308	0.6209472439563567	0.6096571439226021	0.3867780064234611	29330	0.23016532028791067	0.2146894709125199	0.20904750955006368
1.0	1406210	0.5839541165904472	0.5708828825826765	0.34143097054457944	27910	0.2130389486834097	0.1989901787511623	0.18215227591101787
1.0	2624610	0.5665193861757961	0.5570103397369813	0.37833919135667	29620	0.19109236777671387	0.1704832923069162	0.19711411638187834
1.0	3376198	0.6232417736958307	0.6125121088239657	0.3863593842431717	29138	0.24525842124123154	0.2212259071801681	0.2031116312010379
1.0	2468450	0.6314006986433809	0.6216727564354514	0.3683930814655973	30030	0.19780205870489712	0.17416766700199768	0.19386965050169438
1.0	1335188	0.5686814268727934	0.5553764057684931	0.359058616768583	29092	0.18516826952704413	0.17359351524427122	0.19026527768064647
1.0	1162222	0.5220582810738474	0.5102318137618235	0.360070955140124	29674	0.1440222455681934	0.1300952623089126	0.20060334100558508
1.0	1639068	0.6027582400665633	0.5922808019370477	0.3620616504784003	29286	0.22316319309420105	0.2016588224058076	0.19860885483607682
1.0	1135362	0.5309163568977289	0.5193770225710583	0.3578111397587407	29592	0.14497817123537052	0.13214282823468776	0.19254585268756175
1.0	3675636	0.6047273270273427	0.5983076103017771	0.40842043431743563	30696	0.26336451483427675	0.23788035200450822	0.2083813285023932
1.0	1428598	0.5718884416150282	0.5587989931645753	0.36624828499590406	29228	0.17358698823974772	0.15570525288256135	0.1888285944166289
1.0	2326634	0.5287094380848756	0.5177601227017056	0.3814065871899004	29424	0.23600389263350555	0.21789080109018424	0.20692979664267727
1.0	1470250	0.5564805835386426	0.5428352613176322	0.3569895248244985	29030	0.20107309188832853	0.1900927586990362	0.1831633407738745
1.0	1654520	0.5112950952719039	0.5008823197123403	0.37183403221522465	29752	0.16811848172812904	0.146047695977543	0.19647984883194092
1.0	2088170	0.521406454242725	0.5087706139171343	0.3485037061863267	28892	0.18022171048975388	0.16722293903810612	0.1956020944372021
1.0	4468134	0.6150024495073027	0.6071950658397005	0.412523065017747	30746	0.26530956148373336	0.23942270270411395	0.21836823697749644
1.0	1614728	0.5570057214178656	0.5427166959238032	0.3615912869249371	29126	0.1699736455724232	0.15415806981983562	0.18575434702451868
1.0	1306024	0.5209484859920385	0.5085702562013162	0.3576893559876087	30382	0.16709705778826855	0.15603888699113397	0.17477520163544025
1.0	3754932	0.6400706349702074	0.6306214194087875	0.3995001855342695	30062	0.23068885665975805	0.20419561979066747	0.20510355770486297
1.0	2874318	0.6267484585135215	0.6190287684642005	0.39775564216224996	31104	0.21103324307090335	0.19117812153098915	0.19317726533524204
1.0	1118346	0.5785296168107383	0.563927973011363	0.3329291774656416	27968	0.1813552673840482	0.16090420236530795	0.18508505126556116
1.0	1518984	0.4978896673799791	0.48476096518735795	0.3482310199474825	28114	0.15981370024019906	0.13593223080666939	0.19983087000999034
1.0	1804812	0.5114403811622358	0.5006051249541967	0.37529232603038115	29766	0.1874698903825892	0.17507492469207744	0.19626595289610949
1.0	900246	0.5322229835586922	0.5132991611398642	0.3345653966425112	27210	0.13687421823569304	0.12115204147049334	0.17661984499791616
1.0	1283664	0.5117059408240735	0.5004396849062898	0.34925939248882004	28554	0.1523220206430843	0.13308624036042666	0.18584907299492237
1.0	1609518	0.5903602658594861	0.5764064493829021	0.3531414271675675	27848	0.17560442630405892	0.1716852741373078	0.1950592649929136
1.0	1102372	0.5199062075987743	0.5041574040189404	0.33751523165705066	27962	0.13341849332035147	0.11903086545166243	0.18208776783778688
1.0	1603438	0.5508645142693994	0.5391139031528717	0.3666297141368089	29216	0.1702268732497586	0.15701583686523632	0.19258509123027054
1.0	1683608	0.5398141406468544	0.5296914108617956	0.3723826891164656	29592	0.18268955454176902	0.16796764080707985	0.1804811157442221
1.0	1139188	0.5748585838059536	0.5560272375792591	0.34817760008302984	28470	0.16985408061163268	0.14839263869639116	0.18541987580441718
1.0	1524726	0.5424020719744981	0.5285031469372898	0.36163580198786077	27892	0.18698145922670031	0.16289041754555206	0.18731735417390424
1.0	1030418	0.5204209712207237	0.5060742348128665	0.35049827475895223	29360	0.14468257288661915	0.13221423469822471	0.19017165417455265
1.0	1202820	0.5090835308348144	0.49447330138089923	0.3484558596967375	29614	0.1556720872101896	0.14061295039249125	0.19513530066625165
1.0	1847314	0.5837354325298888	0.5713405815346068	0.37152713873635473	29480	0.2247731155568611	0.20279820493460513	0.1937276120462582
1.0	3145436	0.6365839928403717	0.6268390251152104	0.3826811511203261	30242	0.22865218450986213	0.2046770711523662	0.20502568094102214
1.0	2883072	0.5883530104854603	0.5786747882369992	0.38177313706355315	29958	0.2151035527392824	0.19433066200815405	0.20335539353695542
1.0	1267176	0.50611578309634	0.4928958886378903	0.3453257236539022	28422	0.1480212247966359	0.13767938860843593	0.18878930579937106
1.0	1978540	0.5840298269552298	0.573165083637004	0.37362889924667503	29230	0.22305773322739886	0.20416702649426854	0.19221444942008667
1.0	2115224	0.5699662852206692	0.5574003240022457	0.3692355538312302	28170	0.2378165508171872	0.2102026033520943	0.19749581257353244
1.0	3632774	0.5931046010911906	0.5822400408445164	0.3911442447319262	30064	0.21731900040833352	0.19549904634660686	0.20509430768972522
1.0	1869856	0.5562644644789204	0.5453768301675063	0.3702089244212425	29256	0.21521247249942022	0.19317816583399236	0.2065946207516435
1.0	1320224	0.5370816378955394	0.5245884640262943	0.3532343065497488	28390	0.1689057480007828	0.15823374849104638	0.18594694858428581
1.0	1899948	0.5782264397357985	0.5674961753153319	0.373216121669185	29516	0.24830670023875126	0.23366212067577083	0.18826611328779033
1.0	1177318	0.5242502041533146	0.5095579286592836	0.3430629523801909	28234	0.1908427216024995	0.17544295659665332	0.18778971204627057
1.0	1566524	0.5204650741791553	0.5111382591138319	0.36333070897779063	29898	0.18913223443006721	0.17874770694056727	0.1942592260516303
1.0	1622058	0.5594327451709565	0.5482073696962143	0.3689975729462645	29496	0.19012405197029295	0.17610348268809198	0.182702062594268
1.0	1566512	0.6018525405097771	0.5905525513782925	0.356228654520985	29362	0.21536372267343118	0.1989632377164758	0.1916427322994113
1.0	2348870	0.5981643823258173	0.585659151384574	0.3704239606699297	29484	0.19211846585341422	0.17271050461693746	0.2014453594143566
1.0	3270868	0.5919347650007636	0.5848481842509418	0.4060573776817811	31022	0.21577701622289444	0.1934216280100619	0.19760125347861304
1.0	1247026	0.5748067467223195	0.5575009945267063	0.3547414549511159	28390	0.17564218816417257	0.1613520413006946	0.19148304999820087
1.0	1333184	0.5588998163406583	0.544706416474314	0.357153402446939	28904	0.18592185268863534	0.17423887234068483	0.1926246931553872
1.0	2950150	0.6048942447532096	0.5955830368742798	0.39027464045561805	30190	0.23418866093862445	0.21371573837563482	0.20427252135824656
1.0	1882124	0.510933669891179	0.5018787946098325	0.3702773196984281	29318	0.17617734402605031	0.16212671917241991	0.1918532619184876
1.0	1402606	0.5114313092667038	0.4967077636635436	0.3493501485190169	28176	0.14570119806571727	0.13193616500273814	0.1912948779878275
1.0	1894836	0.5197202735020213	0.5097354851571576	0.37446894549978577	30326	0.21964887186181167	0.20300459318256983	0.19302164950590003
1.0	1148608	0.5284754426743871	0.5134538236561449	0.34521370391753314	28586	0.17510952881479083	0.16747156469998858	0.1865065676184459
1.0	3194944	0.5698389591928011	0.5611534981627364	0.37899851652953553	29904	0.2328764361481275	0.21041703324864236	0.2071504111699888
1.0	2291374	0.5336917404033968	0.5234798774297019	0.38507427717754633	30342	0.21465619111945766	0.19433982001007186	0.19708859156063618
1.0	2109408	0.6093401667040085	0.5988341450353633	0.3700539361795745	28828	0.22708608501703162	0.21548010200272358	0.19686197193519048
1.0	2649082	0.613446491358438	0.6036553151091927	0.3740782416347123	29540	0.21321461428917535	0.1908223553087165	0.1982409371837195
1.0	1110050	0.5104153430008654	0.49477649555594017	0.35179387367428516	28428	0.11846776848892258	0.10799783162028555	0.1655538750966605
1.0	2462470	0.5726110090154978	0.5622556419640605	0.38326542167354005	29248	0.25021131322107365	0.2279119045807058	0.19925630131786662
1.0	2390208	0.6154721817354142	0.6061487849354259	0.36713207766392336	29810	0.21519005621382128	0.19045382055007098	0.19847362198554597
1.0	2776372	0.6090819280275546	0.6003433308153632	0.3884192057202042	30414	0.20236741058398822	0.1804030416840353	0.1972769553468522
1.0	1217858	0.5472276099052731	0.5288809171816985	0.35673031685448503	28092	0.16088117738268626	0.14271535038422795	0.1792519144496699
1.0	2357946	0.6278042183292993	0.614541222144603	0.37049833840891794	29174	0.20867791961809765	0.18817594405614702	0.19565757500419578
1.0	2552022	0.6131232523189658	0.6027790805879532	0.3716964580176038	30092	0.19459241279625136	0.17421797202487807	0.2003713333371162
1.0	3187372	0.6194050178981667	0.6096010874444502	0.38683303986151163	30472	0.2617434268236556	0.2411248395136364	0.2090662119056923
1.0	1342822	0.5297179407393869	0.5179849209254345	0.3600925610716325	29462	0.16503386455111982	0.14953261001153997	0.1903350870505185
1.0	2442836	0.5459699363923473	0.5383796939852457	0.3933251489261273	30804	0.2567281457301966	0.2402821771674425	0.1963388960107617
1.0	1511792	0.5498823628895168	0.538430412300393	0.34945014319931106	28524	0.1789260462946732	0.15808135805310689	0.18588429966333087
1.0	2732510	0.6203337435255395	0.6081322642546	0.37829901646104896	29108	0.20662012239436686	0.1895995554864012	0.19560726275227122
1.0	3508616	0.5828508202926054	0.5771001832957084	0.4022217848405036	30714	0.2553708891391398	0.2309536377078719	0.20229213722922246
1.0	1636834	0.5956726868933132	0.5827706079166305	0.3648400728620149	29024	0.17972924133812554	0.17014919175897614	0.18374803695242378
1.0	1535080	0.5546272800945513	0.5413613133739508	0.35993818399364713	29280	0.2014214391681937	0.19390848593817067	0.19007664547289063
1.0	1270274	0.5468869496345351	0.5350062975384057	0.3521330492326511	29016	0.16791089963210995	0.1548684588733933	0.19721329803598997
1.0	1630154	0.6047240548778839	0.59413149675816	0.36743015179383137	29962	0.2288042564760062	0.21347634616451813	0.1832915463597008
1.0	1752240	0.5438823273223429	0.531571409381239	0.36057218587762335	28810	0.21361230676054044	0.1996306317099682	0.1908338123442714
1.0	1446536	0.563047934990572	0.5490988353621841	0.3462842600726503	28614	0.19816787616189194	0.1800798652152943	0.18530817014341183
1.0	2177240	0.6074219134967841	0.5936969028415996	0.3507212207060746	28576	0.19316229222075496	0.16873240816683024	0.1925879412897802
1.0	2142142	0.5678564699535787	0.5550981233286054	0.38170318095756456	29720	0.21309576983329967	0.19857272128720804	0.19423512131534817
1.0	1877502	0.517113488377488	0.5058679442801867	0.37123409472966745	28592	0.20862196305969216	0.193050710735488	0.20300992733696455
1.0	2401744	0.6159635927482311	0.6029684546763319	0.36613324750186194	29446	0.18483456372173268	0.16572423097082536	0.19652022226351995
1.0	1430760	0.5246533154460977	0.5137185469032726	0.3663919668134248	29526	0.17657451837380053	0.15762446549654052	0.18169606691048235
1.0	1422872	0.5069672143637544	0.49400837729145275	0.36484712831508664	28852	0.165849793368978	0.14837033727516283	0.20050282568232194
1.0	3119548	0.6102771152567618	0.6003709466212398	0.3854006302615896	29406	0.2474108766567927	0.22589826660818246	0.20716930604801076
1.0	1450438	0.5296861759732622	0.5159567955415348	0.3703227805578762	29536	0.18823345020836244	0.1763109164419272	0.1983480154508961
1.0	1316816	0.5205808391520937	0.5065299523389405	0.35839489193350077	29148	0.14106967242787205	0.1331053584949676	0.18477366709544188
1.0	912566	0.5187048544552212	0.5010133676333811	0.34202626756519194	28224	0.14665665592637447	0.13377466190659432	0.18204452790933237
1.0	989990	0.5163849355772997	0.5022466330086568	0.34428631591020337	29464	0.1370897957758295	0.12487568512061586	0.18760034196238642
1.0	1775090	0.5198011919113432	0.5093920153684811	0.3738305755684567	29852	0.18675423143786177	0.170816095050313	0.19671510653808874
1.0	2360082	0.5720872614394409	0.5614302816974517	0.3674286861540536	29734	0.18703473807709967	0.16919315768275725	0.19896308878445212
1.0	1911842	0.5748160630958022	0.5622502446558078	0.37427307374187974	29550	0.24144687948105495	0.23343861672245494	0.19423506460171558
1.0	3514102	0.6132892322136294	0.6020592236919946	0.3707272802281943	29620	0.21620154277095013	0.19259443328823214	0.2060626543440571
1.0	1916900	0.5786504416589558	0.5688311604060556	0.3783307221790906	30890	0.20837056598497053	0.19431921662613827	0.19853300014845165
1.0	2810020	0.5564996060548989	0.5455851493691859	0.36745676200098437	28398	0.2154088868493764	0.19744645960977658	0.2052805405762994
1.0	2655070	0.6014345264836306	0.5915393345175571	0.3789768495717236	29144	0.20084526827835672	0.1791354155388977	0.20134585738349453
1.0	1230056	0.5072886390180916	0.4936434695093735	0.35097040372290184	28644	0.15570749244729112	0.1450556016252905	0.1778930127610405
1.0	1835492	0.5591459076734661	0.5460571128236863	0.3791349171477351	29822	0.21081991505162537	0.19053547526118322	0.1971567557184455
1.0	1672412	0.5998045026252414	0.5880501362463483	0.3613492819422293	29436	0.16940759870065492	0.15257264723426978	0.18372574062028632
1.0	1624910	0.5448811263219995	0.5347795645807348	0.3684549063092221	29464	0.1830549423869805	0.16909502091944748	0.18692691518106722
1.0	1388736	0.531181745254781	0.519148222404043	0.36452455322403304	29982	0.19620227756021036	0.18232600591631642	0.1881569691744849
1.0	1466800	0.5394447874567511	0.5280011808451639	0.3586683453407553	29514	0.18298768815853586	0.17065508717378375	0.1908369084916494
1.0	1517838	0.5055417999055212	0.49176894261535925	0.3538603941728931	28776	0.1929137945755194	0.1794890704634066	0.19202850683984898
1.0	1307170	0.49460189630039847	0.47872095192090103	0.3456292166474018	28430	0.16865079378966152	0.15279489801293164	0.19329509150689447
1.0	1292160	0.5225200489836127	0.5073782712808396	0.36033798405396295	29312	0.17536769683570083	0.1547246350679467	0.17978977601908677
1.0	2614838	0.5493130622765187	0.5418392001848106	0.39932232581073196	31044	0.2672043224713228	0.24405139838086745	0.20168882513955658
1.0	2725758	0.557872295283473	0.5475922250286923	0.379076109051425	30018	0.23965232881997803	0.21488528576544255	0.2055534987989701
1.0	1421428	0.5247540955480207	0.5132826691471256	0.3657303963127976	28644	0.14502046709875563	0.13307201384240938	0.19308418880974623
1.0	1034560	0.5173529435352878	0.5034047545917694	0.3525904789412011	29196	0.14323842911964113	0.1272503423469347	0.1888833278254508
1.0	2151040	0.5473443521472463	0.5370589177862927	0.3845240506068439	30216	0.2277345292605948	0.20742163339613995	0.1962386473163994
1.0	1184732	0.5556793889422905	0.5414353251933596	0.3363097615262927	27534	0.19215547890163057	0.17272385333091536	0.19912568751978044
1.0	2543518	0.5918684678858213	0.5788593532331076	0.36650679285015336	29192	0.19334901982030198	0.17613331293085324	0.20079006453288692
1.0	4107202	0.5733716356847148	0.5672025065817401	0.4151310517136697	31300	0.297440281947589	0.2728051348558976	0.21766846268682605
1.0	2587980	0.5589490067927011	0.5496875013568873	0.389542901090222	30204	0.27632703151378735	0.25558292516687275	0.20099395616210916
1.0	1577832	0.5052662158367279	0.49115387200672517	0.3637000033392754	29554	0.1815383058739792	0.16238128203193014	0.19901381971069876
1.0	1297830	0.5526867072070193	0.539192432783078	0.35395030729496263	29014	0.18261705020769003	0.16197551430175017	0.19347094581387825
1.0	1830494	0.5410167568858424	0.5277271658731005	0.3720856834958164	29416	0.21190634717144577	0.19377465584142303	0.19673855379020133
1.0	2374412	0.5796995861017422	0.5709090725141805	0.38876505940389183	30082	0.2565756692412264	0.24243300804563395	0.19951954605851344
1.0	2674108	0.5912788340031664	0.5821306545944779	0.3770496499025862	30380	0.2179989233977172	0.19272674893460737	0.20225047906703045
1.0	811796	0.5284163914630139	0.510840690306179	0.3237272840421933	28444	0.1484893762575227	0.1275465884188091	0.1883393307371549
1.0	901418	0.5274740079701489	0.5138953243972477	0.3389368838971516	29442	0.17077769172114524	0.1539566286748589	0.18683087392277478
1.0	1523004	0.5137072155429823	0.498436247519561	0.36464818770358853	28338	0.17603458473355063	0.1557270653138255	0.19870658214589598
1.0	1228414	0.5036065074193055	0.4872494462495774	0.35482365588375736	28698	0.14445594125444985	0.131900446123445	0.18705611228337507
1.0	2296466	0.6327920568401126	0.6206915354227541	0.3587771955697369	28500	0.17625677978309293	0.15771472289112956	0.19255471150516093
1.0	2203294	0.6026719621941011	0.5935255844221942	0.37129757293281856	29930	0.22995159624823125	0.21735088831535496	0.1972796992077879
1.0	1187876	0.5739855888023732	0.5601866672117263	0.34513523003997687	28204	0.18711375155589138	0.16881360472685894	0.19571717726330418
1.0	1540990	0.5967290385117828	0.5844702554424743	0.3516246041098478	28952	0.21128045857758412	0.19494735631786275	0.19301366967931952
1.0	1256224	0.5408640344861565	0.5270198474742716	0.350411353233081	28324	0.18314091921581457	0.1713850851566597	0.17958688144963375
1.0	1300642	0.5105133338340423	0.4979035624868476	0.3533283299010124	29092	0.16176198701629635	0.1435553250204669	0.17843714381496387
1.0	1401588	0.5216398677377287	0.51204475708327	0.3646338572634739	30008	0.1682933153029651	0.15778080675683906	0.18862208458740104
1.0	2283594	0.5085401802377845	0.498804267373324	0.3796443318193527	29534	0.19869036499108675	0.17930330180236778	0.19674061689386912
1.0	1074420	0.5226085540157617	0.5108884238282536	0.3583311850977721	30056	0.14980284912986347	0.13163511402341568	0.18797271134081417
1.0	2415722	0.5298039826856709	0.5209250831228999	0.3795673739653149	29560	0.21665348094025963	0.19594669784681495	0.20343738807619463
1.0	1579422	0.5590394405615232	0.5462363023009997	0.36895042163056546	29410	0.17267485737076116	0.15521577153285923	0.18942737311961425
1.0	1158210	0.5118089112985152	0.4995512543543134	0.3452851206625167	29646	0.14163721766128806	0.1240541764834795	0.18680319282464283
1.0	1563560	0.5515079080523455	0.5388285374413825	0.36608742886602014	29186	0.18605375097527607	0.16581043847079643	0.19360663860109306
1.0	2222562	0.5839093551812414	0.5744308827087222	0.3816526306035212	29648	0.21394311340000483	0.19736187147380613	0.1977853145038224
1.0	1143638	0.5487369760113419	0.5325420438546278	0.3410385024936482	28370	0.18424501073967647	0.17141097948385856	0.18919605614226476
