Utilization	Connections(A2A)	Lvl1TraffRatio(A2A)	Lvl1TraffRatioNoIndirect(A2A)	RatioIndirect(A2A)	Connections(AR)	Lvl1TraffRatio(AR)	Lvl1TraffRatioNoIndirect(AR)	RatioIndirect(AR)
0.9359359359359359	251094	0.21531103931015644	0.22430345236059215	0.4263512093676018	6970	0.08853288128479093	0.08853288128479093	0
0.9084084084084084	253280	0.33992672511193606	0.34482623895052883	0.45055522899225325	6950	0.1396091414322295	0.1396091414322295	0
0.9594594594594594	156784	0.3488964211765674	0.35364930167193587	0.416592243809327	7312	0.15860415778140155	0.15860415778140155	0
0.9284284284284284	232340	0.4229774770786788	0.4342659729726373	0.44346798707783036	6952	0.12111327657303542	0.12111327657303542	0
0.9409409409409409	171166	0.27938209343521386	0.2836731084894717	0.42810280385333405	7240	0.11350850899753914	0.11350850899753914	0
0.9004004004004004	134172	0.30296874525816125	0.3099435986140537	0.420095159924808	6724	0.1313796713986287	0.1313796713986287	0
0.8918918918918919	138198	0.3092437329588437	0.31441644762666826	0.43033784100839917	6622	0.10634995799311965	0.10634995799311965	0
0.9579579579579579	184304	0.3162674106468679	0.3243647811092733	0.4293219278650091	7126	0.1493635265493408	0.1493635265493408	0
0.9934934934934935	159286	0.18776088529740245	0.20036765214983032	0.40384067139049856	7404	0.10056182602200398	0.10056182602200398	0
0.9624624624624625	110852	0.1761491146588544	0.1847179222783034	0.3993002536945525	7220	0.12068767414145394	0.12068767414145394	0
0.968968968968969	204492	0.28791068832809674	0.2965408207211552	0.43195946616145786	7324	0.1370325902447476	0.1370325902447476	0
0.9184184184184184	217766	0.4627299318645712	0.456387516129781	0.4380898220070139	7016	0.13335475061208268	0.13335475061208268	0
0.9169169169169169	180148	0.3740850151570357	0.3846855780839673	0.43726862595968624	6942	0.13066920584088104	0.13066920584088104	0
0.978978978978979	217908	0.3516802383133173	0.362922895696226	0.4360427141977783	7354	0.10547898387180392	0.10547898387180392	0
0.9579579579579579	191142	0.43083828635894794	0.43657637858065196	0.42623622975638575	7224	0.09290837729254667	0.09290837729254667	0
0.9369369369369369	137048	0.2280886453646608	0.23925381642443733	0.42767883081145347	7124	0.0952796536210986	0.0952796536210986	0
0.9469469469469469	382274	0.5251256792512814	0.5236514599780375	0.4550636559717757	7086	0.12422742973273393	0.12422742973273393	0
0.8208208208208209	123584	0.24194671324515352	0.24913685605149533	0.4303834345661077	6224	0.12219254620685965	0.12219254620685965	0
0.9454454454454454	174820	0.1304025687104857	0.13385632737162032	0.42452769445159116	7096	0.08015049208591604	0.08015049208591604	0
0.9459459459459459	184056	0.18046197029504638	0.184830487192376	0.4288386534923676	7234	0.10874191575185366	0.10874191575185366	0
0.9794794794794794	178130	0.2502265895439583	0.24649374728073642	0.4250697055275004	7310	0.15623832773665347	0.15623832773665347	0
0.8293293293293293	181290	0.2953921185715353	0.2973319913115028	0.42910566947583034	6218	0.14050320312458417	0.14050320312458417	0
0.8663663663663663	141202	0.22130084067483088	0.22948201091096138	0.4156624467081133	6402	0.1098996134464182	0.1098996134464182	0
0.9109109109109109	251476	0.48078646496208294	0.47957206455114243	0.4353399349771525	6856	0.17950173464031777	0.17950173464031777	0
0.8948948948948949	185056	0.20667883996435915	0.2141233401710899	0.42753081157166345	6748	0.1481629137637968	0.1481629137637968	0
0.9614614614614615	151300	0.2728524765451431	0.2894488639681958	0.4225021602521191	7118	0.10553408774534125	0.10553408774534125	0
0.965965965965966	131180	0.3238027929001464	0.3341318408318854	0.4142824456756929	7202	0.16384041254989656	0.16384041254989656	0
0.9274274274274275	146922	0.06297432432626793	0.07045306539782782	0.41006648316816113	7058	0.05253739165908096	0.05253739165908096	0
0.9119119119119119	166242	0.17573273416279964	0.1799151920080119	0.41906278027562277	6788	0.10382956391299937	0.10382956391299937	0
0.9089089089089089	117434	0.16816730385169276	0.17262011857695436	0.4155018795077707	6892	0.11540226425611985	0.11540226425611985	0
0.8838838838838838	135972	0.16328078723146852	0.1707165872193108	0.397589884142626	6644	0.0808497750599071	0.0808497750599071	0
0.9494494494494494	181204	0.25022574675415404	0.2537898353266068	0.42670862300543283	7158	0.09893898021956975	0.09893898021956975	0
0.958958958958959	137410	0.1960067184746581	0.2073896767303165	0.41624863998888745	7256	0.12263184538657594	0.12263184538657594	0
0.9804804804804805	149000	0.34454268473488814	0.34604222254812295	0.43336602527838597	7432	0.15515438269321252	0.15515438269321252	0
0.943943943943944	217518	0.48429624648583236	0.48625030416282444	0.43760233526612285	7130	0.14349467387471257	0.14349467387471257	0
0.9309309309309309	181678	0.140688388870277	0.1439065986096273	0.41744475019553323	6944	0.0786975515247298	0.0786975515247298	0
0.9234234234234234	161764	0.3557182644158214	0.35359741657193894	0.4319546389839802	7028	0.15588222733216092	0.15588222733216092	0
0.9219219219219219	131044	0.16249752377850465	0.1704638170706999	0.4069882233222341	7150	0.1088943551757509	0.1088943551757509	0
0.9684684684684685	170922	0.23112464932891466	0.2399370308403208	0.425999720107362	7238	0.14579401134564546	0.14579401134564546	0
0.9264264264264265	161836	0.4024558525013039	0.4112314671775406	0.42954015399805545	6964	0.15517887347547019	0.15517887347547019	0
0.9309309309309309	129300	0.2751204585191126	0.28814240226319315	0.4255007841380625	7072	0.1521550319817764	0.1521550319817764	0
0.9064064064064064	270832	0.47099483417366533	0.47383328169609074	0.4482596793764559	6932	0.17463323325255126	0.17463323325255126	0
0.9369369369369369	197632	0.09651318887469049	0.10401311494166887	0.41528413134955744	6976	0.1149724470625488	0.1149724470625488	0
0.95995995995996	130822	0.24858401698996263	0.2603865020388786	0.40190338390091496	7170	0.0942797745824489	0.0942797745824489	0
0.9534534534534534	180254	0.4525673593693558	0.45571231231591164	0.4148905961234151	7164	0.1798847012548628	0.1798847012548628	0
0.948948948948949	176782	0.31505742383936014	0.3241786334630241	0.4249356425369915	7064	0.15507676893519218	0.15507676893519218	0
0.8463463463463463	133646	0.17444238731153408	0.17872939502488974	0.43319124484083044	6248	0.10371750019868121	0.10371750019868121	0
0.955955955955956	187506	0.3131214267992862	0.31828134045140516	0.4238804410517571	7196	0.14047059655415575	0.14047059655415575	0
0.8608608608608609	211508	0.4971124501381575	0.49344824326778625	0.4404496172221408	6290	0.15824450330088818	0.15824450330088818	0
0.9654654654654655	173958	0.37096985727014586	0.3749397307837265	0.4190975319480273	7214	0.14437966745312913	0.14437966745312913	0
0.9644644644644644	222464	0.16781183617357864	0.1724239348069617	0.42868002908411534	7304	0.08654640477700648	0.08654640477700648	0
0.9279279279279279	199562	0.3818095064597567	0.3837628130702069	0.4208219873914009	6848	0.15482498187105223	0.15482498187105223	0
0.8633633633633634	190462	0.36772918919541275	0.3711068542147225	0.44513114419914296	6602	0.1692554222213136	0.1692554222213136	0
0.9644644644644644	176814	0.1702077464939325	0.1785137803969209	0.42663789383498235	7426	0.09834015311011376	0.09834015311011376	0
0.950950950950951	191472	0.3734681814650516	0.3785713989461202	0.4373963414891025	7200	0.11644898962220629	0.11644898962220629	0
0.950950950950951	137754	0.343285439094563	0.35095580843850516	0.4132245806316917	7048	0.1583365744579313	0.1583365744579313	0
0.9329329329329329	162144	0.22428165784078963	0.22793498054337208	0.4354167992432656	6980	0.07507314744665515	0.07507314744665515	0
0.9229229229229229	166846	0.32229599161910405	0.3279374610801574	0.42190255502483276	6930	0.12747569216428528	0.12747569216428528	0
0.948948948948949	157114	0.15561132441568115	0.17047153538506374	0.4120438031484977	6936	0.1011626399265444	0.1011626399265444	0
0.9024024024024024	158134	0.42291517484161323	0.4269809534250302	0.43326776806207074	6932	0.1353169116189546	0.1353169116189546	0
0.9409409409409409	176084	0.29252971853519893	0.29865972870752155	0.43339747719180227	7296	0.12017257007149731	0.12017257007149731	0
0.9644644644644644	156484	0.2866366612549729	0.29706783910488593	0.4175572803810896	7206	0.12048008161806106	0.12048008161806106	0
0.928928928928929	103240	0.26540934670682714	0.2713001629369473	0.4011964813300369	6846	0.13943448136747036	0.13943448136747036	0
0.9259259259259259	235646	0.5048219076801511	0.5049909694333101	0.43969521794287947	6942	0.15979802218354228	0.15979802218354228	0
0.9344344344344344	274886	0.49880724555440764	0.5013736738098219	0.4492748668697381	7106	0.143895274418135	0.143895274418135	0
0.9504504504504504	259320	0.5075574761342982	0.5050505363973525	0.4256504866014541	6970	0.13529568844485612	0.13529568844485612	0
0.9814814814814815	247190	0.4783519556148264	0.4852587544424923	0.42868255896228186	7386	0.11919607000103191	0.11919607000103191	0
0.8868868868868869	198458	0.2669057638192563	0.27245952701967896	0.42103225267526806	6646	0.13976501161722193	0.13976501161722193	0
0.9614614614614615	154226	0.3460220919357274	0.3487357214476679	0.41542665256565114	7254	0.14624293572376196	0.14624293572376196	0
0.8623623623623624	211100	0.1996801874030599	0.20339287821717403	0.40249077087480695	6318	0.0678319336166126	0.0678319336166126	0
0.953953953953954	171868	0.21270796930627686	0.22496538891738954	0.41799117819471093	7222	0.09916110814484877	0.09916110814484877	0
0.9769769769769769	244006	0.18349138042287547	0.19455094599170986	0.4324236804135914	7346	0.10875739590639295	0.10875739590639295	0
0.9824824824824825	225290	0.3703048962097356	0.3723937978969261	0.4253436461093338	7300	0.1674983443703638	0.1674983443703638	0
0.9734734734734735	110976	0.30498655057096946	0.30910538184737407	0.41002741357312056	7186	0.15648456522259754	0.15648456522259754	0
0.9174174174174174	219218	0.22164195862972927	0.22643067360059835	0.43858808318734216	6994	0.11973212209719077	0.11973212209719077	0
0.8293293293293293	152888	0.4054007857767776	0.4077228971398202	0.41646604508533924	6054	0.12877979713237886	0.12877979713237886	0
0.8783783783783784	167204	0.1845588229747302	0.18933393872438586	0.3968550601837269	6628	0.05980656174556816	0.05980656174556816	0
0.970970970970971	176240	0.34305889190026956	0.3493372457771545	0.40844523596807164	7182	0.1131995480774647	0.1131995480774647	0
0.9269269269269269	293942	0.35111081244573006	0.3559672432751778	0.44265022899281936	6974	0.11508354958173163	0.11508354958173163	0
0.8978978978978979	147696	0.37930287565857634	0.3879007002454623	0.4171736764830773	6684	0.1207259518508868	0.1207259518508868	0
0.958958958958959	167588	0.20344135123462498	0.2114377693961307	0.4071967050124434	7176	0.11495504477535018	0.11495504477535018	0
0.9194194194194194	172510	0.2164865646216465	0.219925937216154	0.4259072434861624	7010	0.1395534974613635	0.1395534974613635	0
0.8643643643643644	192228	0.19932826210807894	0.2103818410199966	0.4271732186909289	6460	0.12441784181479378	0.12441784181479378	0
0.9624624624624625	133648	0.19105955180683434	0.19559240572890077	0.41596673382512456	7252	0.1063266712883885	0.1063266712883885	0
0.9189189189189189	212512	0.24411124259265182	0.2500792772408963	0.43682206694935993	6916	0.11024766216199675	0.11024766216199675	0
0.8993993993993994	143504	0.41472976151056695	0.42192649937145427	0.42236557908897093	6750	0.12339398317345529	0.12339398317345529	0
0.970970970970971	217678	0.4459311061108523	0.44499844983082293	0.43491863512526324	7388	0.1792024945846913	0.1792024945846913	0
0.8378378378378378	199656	0.26180846482146586	0.26211517197108136	0.435139955030267	6316	0.11117491067134429	0.11117491067134429	0
0.9459459459459459	160076	0.25640405841525843	0.26495214650771687	0.42275347255836343	7116	0.13940672648003538	0.13940672648003538	0
0.8808808808808809	162636	0.3844424409772504	0.38348871843503496	0.4363111927437642	6716	0.1614839854667534	0.1614839854667534	0
0.9004004004004004	131732	0.20659691778334313	0.21517189035343612	0.4170945951768241	6730	0.1165887818297945	0.1165887818297945	0
0.934934934934935	188102	0.24303616526980473	0.2509007877992668	0.42215879642866905	7074	0.1037833406405792	0.1037833406405792	0
0.9224224224224224	133558	0.15508086293051349	0.16023842340078784	0.4009581074699782	6728	0.11542951852925615	0.11542951852925615	0
0.9844844844844844	130822	0.29515789939217324	0.29698625656962213	0.4183769146198099	7328	0.1504740762359564	0.1504740762359564	0
0.943943943943944	144474	0.1824872502626207	0.18787781775944884	0.42103383488122526	7078	0.14812058550215262	0.14812058550215262	0
0.980980980980981	235240	0.3845723702902467	0.3894448850121592	0.43480616664125155	7458	0.1412907025030529	0.1412907025030529	0
0.8908908908908909	134084	0.18634653766115158	0.19246372280562843	0.4239473786617578	6490	0.11691868142175631	0.11691868142175631	0
0.9514514514514515	156060	0.24698891116675734	0.2482171243094831	0.42330661142873754	7050	0.1700996387538496	0.1700996387538496	0
0.8458458458458459	224788	0.379653680317903	0.3776251472305077	0.44538431495472636	6396	0.10835636642344691	0.10835636642344691	0
0.8978978978978979	226396	0.39795542465230493	0.4017171453836424	0.44279192566271974	6726	0.134547472264842	0.134547472264842	0
0.9654654654654655	160526	0.2624901118560861	0.27054979648971494	0.424461227065741	7412	0.14117999889750402	0.14117999889750402	0
0.9169169169169169	193086	0.27643704596443397	0.28152382896146677	0.4403739309781281	7000	0.16722318096062258	0.16722318096062258	0
0.9544544544544544	262090	0.44384135410205	0.44994342202412047	0.43973840039230033	7212	0.14043958455708963	0.14043958455708963	0
0.9534534534534534	251272	0.4007799952678234	0.40554303774652983	0.43024328292214187	7256	0.1687328860592357	0.1687328860592357	0
0.9694694694694694	259190	0.4006943860745261	0.4036467769986051	0.42035433440151265	7030	0.16682159551973147	0.16682159551973147	0
0.9704704704704705	167552	0.2414294748328012	0.2489973270471834	0.4188573684553396	7320	0.09006178418762276	0.09006178418762276	0
0.9754754754754755	180894	0.32110645460977144	0.32627385096171346	0.4261606902500857	7288	0.1540365496001947	0.1540365496001947	0
0.9384384384384384	178956	0.2668236470264747	0.26668427739100686	0.42565866420878556	7004	0.13339787865440378	0.13339787865440378	0
0.9184184184184184	142038	0.2142023073073482	0.22126984345005177	0.4067450608482209	6840	0.08599148777408525	0.08599148777408525	0
0.974974974974975	141798	0.2535273588213791	0.2672714279270977	0.40045732992252137	7266	0.06940491030413834	0.06940491030413834	0
0.8148148148148149	113538	0.2683019738302934	0.27667919141853364	0.4236634496127045	6108	0.10977434510312967	0.10977434510312967	0
0.9049049049049049	182692	0.29960374577663296	0.30958709455499983	0.4322274927787917	6824	0.09632678343334691	0.09632678343334691	0
0.9564564564564565	177508	0.43983990749322366	0.43693898587881136	0.4192758757861768	7068	0.19585421595071373	0.19585421595071373	0
0.8233233233233234	170752	0.3829288921880033	0.38240129861553473	0.4368916583537226	6238	0.16992121873359656	0.16992121873359656	0
0.9624624624624625	174124	0.3143075877957715	0.3117253379085176	0.42144096587654767	7258	0.12835340802679035	0.12835340802679035	0
0.9154154154154154	206538	0.3920391696061974	0.3955679703624254	0.4244180569272021	6750	0.12162256114278039	0.12162256114278039	0
0.933933933933934	261496	0.473013810666412	0.4739966639111	0.43231347664525627	7074	0.12423287157969715	0.12423287157969715	0
0.9604604604604605	256474	0.31877771639711305	0.321926650772989	0.44146017828617623	7154	0.130651490598495	0.130651490598495	0
0.9884884884884885	219044	0.4471644149937757	0.44371981803162136	0.4326741502311065	7372	0.11527648235887315	0.11527648235887315	0
0.9369369369369369	171076	0.29764805377206205	0.30112226599932845	0.43462600502575627	7046	0.11286615865848929	0.11286615865848929	0
0.973973973973974	175658	0.251217792338841	0.26119948288127404	0.41877904165807306	7384	0.11744516796664625	0.11744516796664625	0
0.948948948948949	182308	0.42396524979918593	0.43221740472479403	0.43416350808918835	7176	0.14653072442055828	0.14653072442055828	0
0.9194194194194194	153050	0.23989733299548152	0.24084851862288056	0.42274958217458547	6826	0.12498830264869087	0.12498830264869087	0
0.9714714714714715	137748	0.24572742791218677	0.25429032690716163	0.3972347368067582	7098	0.12555448383310028	0.12555448383310028	0
0.8558558558558559	129598	0.22947304487378928	0.23531649639925206	0.4183390139919998	6326	0.08747782445017509	0.08747782445017509	0
0.9754754754754755	176324	0.20587537335451078	0.2136335893768819	0.42839086941894317	7312	0.06157935595261697	0.06157935595261697	0
0.9434434434434434	224192	0.3248657273334952	0.3304445810137198	0.4363654814705919	7186	0.12257106330952898	0.12257106330952898	0
0.8268268268268268	154956	0.4090935553972	0.4103909868351307	0.4374373866107195	6284	0.12154785469170633	0.12154785469170633	0
0.96996996996997	196066	0.24168451686782744	0.2456154454578601	0.4177104855806268	7276	0.11343840966898669	0.11343840966898669	0
0.9044044044044044	222832	0.08844070906633283	0.09174959749950251	0.44165860083793	6798	0.08245542950573163	0.08245542950573163	0
0.985985985985986	202984	0.4013621991404778	0.40640330845106676	0.40952069346438535	7304	0.1389892854533226	0.1389892854533226	0
0.978978978978979	203524	0.38296765508291364	0.38853776680245794	0.41042293565318694	7216	0.15073518862562077	0.15073518862562077	0
0.9724724724724725	169294	0.3176206211926373	0.3238868720735787	0.4137085196637109	7216	0.12975088189773068	0.12975088189773068	0
0.934934934934935	190646	0.318591495673283	0.324790186113953	0.4262401622563761	7074	0.0792830722279505	0.0792830722279505	0
0.93993993993994	108524	0.11834679201131444	0.12332866209961564	0.3993291674898645	6934	0.06889623990119276	0.06889623990119276	0
0.9409409409409409	300402	0.622234487630993	0.6205928356351126	0.44228052226076303	7140	0.17400190855088676	0.17400190855088676	0
0.9454454454454454	167514	0.4023024831201776	0.4081348447871604	0.42400197274256946	7128	0.14668797861673719	0.14668797861673719	0
0.8718718718718719	192462	0.40753608057555285	0.4088182652407444	0.43361748971723785	6480	0.1560751477150829	0.1560751477150829	0
0.9379379379379379	246536	0.2759749794935224	0.2805880192231037	0.4118893350593081	6974	0.07425885088652819	0.07425885088652819	0
0.9464464464464465	200098	0.25628287851082104	0.2613869951015443	0.43519833287125875	7016	0.09816734474506618	0.09816734474506618	0
0.9479479479479479	187990	0.33381730685868355	0.33780648257135976	0.42896487381687814	7166	0.0822461340179142	0.0822461340179142	0
0.9254254254254254	171248	0.2916552481172304	0.3002653660549487	0.43031544347167355	6992	0.14081141224288884	0.14081141224288884	0
0.9189189189189189	284046	0.374440189148207	0.3798413667356597	0.45558944492846903	6934	0.09861530453674416	0.09861530453674416	0
0.938938938938939	161090	0.2427381252498778	0.2449483493638361	0.42356643968454377	7032	0.14421291996899077	0.14421291996899077	0
0.9354354354354354	238702	0.3675686167527347	0.37216900484817406	0.4347234073688257	6960	0.14331502486676778	0.14331502486676778	0
0.9304304304304304	177752	0.2770556679448355	0.2789986860482314	0.4372637284211524	6840	0.13893743908908565	0.13893743908908565	0
0.967967967967968	156388	0.28612354776011895	0.2902360112715823	0.4201826854583475	7176	0.1529641228864182	0.1529641228864182	0
0.9334334334334334	196808	0.3260967732167387	0.32939592000440726	0.42756481420386633	7060	0.1299299896704113	0.1299299896704113	0
0.8783783783783784	143160	0.3751460254997729	0.38105056197877857	0.43202067742923417	6608	0.16465199685236745	0.16465199685236745	0
0.9264264264264265	157400	0.27646850838508863	0.28046954337039637	0.42341540317910115	6964	0.12263153576635671	0.12263153576635671	0
0.8473473473473474	237870	0.2971167427985069	0.3051542253799001	0.4358033342677994	6418	0.10567681072891011	0.10567681072891011	0
0.9554554554554554	191670	0.3420524867092419	0.3504538469432176	0.4193066495675993	7272	0.13375755377664547	0.13375755377664547	0
0.8158158158158157	166082	0.2740906676969586	0.28575319599830473	0.4410015277497512	6076	0.11794853083777292	0.11794853083777292	0
0.970970970970971	217448	0.3819362867944204	0.38678444520547245	0.428510388375919	7264	0.1268970770089745	0.1268970770089745	0
0.9099099099099099	140230	0.3517406845673101	0.3617208706125078	0.4228611290712146	6852	0.1132886874495975	0.1132886874495975	0
0.9494494494494494	176658	0.33117825848852805	0.3370990729019232	0.4286862263499258	7256	0.13044420605357834	0.13044420605357834	0
0.9344344344344344	144186	0.189062572243954	0.19990963459884617	0.4179911627704011	6900	0.14295077934018885	0.14295077934018885	0
0.962962962962963	168204	0.35161411837817663	0.3566568361492329	0.4279421097025405	7312	0.1269805392675153	0.1269805392675153	0
0.967967967967968	220820	0.27518822776720053	0.2833224926563765	0.43725776772953834	7332	0.1783618565751328	0.1783618565751328	0
0.8913913913913913	134284	0.1842777209122675	0.18810629656394137	0.4127350207613946	6672	0.09676908189569779	0.09676908189569779	0
0.8493493493493494	111362	0.20669414825416854	0.21198212674800007	0.4136646894937516	6416	0.13334488624560167	0.13334488624560167	0
0.977977977977978	161966	0.3531246118104485	0.35624764089012895	0.42260441346316974	7378	0.11908730260384374	0.11908730260384374	0
0.9614614614614615	160788	0.23725573293167873	0.2465069109045246	0.42622010068160315	7142	0.11521006889067745	0.11521006889067745	0
0.9619619619619619	203274	0.37093215240635663	0.3737988170421731	0.4051690535044858	6908	0.10511411641305356	0.10511411641305356	0
0.9484484484484484	135798	0.13614843428975046	0.14270319401637097	0.4137202434406287	7262	0.09346940964253372	0.09346940964253372	0
0.7757757757757757	154994	0.24615073484186642	0.25045757805631047	0.44360823654903675	5826	0.12583884470272505	0.12583884470272505	0
0.9404404404404404	141368	0.3435755292433552	0.3500870477457348	0.42132133971952634	7172	0.17334648531063912	0.17334648531063912	0
0.973973973973974	168428	0.20717461714332724	0.21241706280289063	0.4249654608683582	7310	0.136553000389463	0.136553000389463	0
0.9719719719719719	137310	0.16809813709585295	0.17859847001895202	0.4086569104867101	7332	0.08773120449980666	0.08773120449980666	0
0.9514514514514515	193704	0.4590674736986243	0.4618506237314837	0.4316705720295428	7062	0.14453924983227062	0.14453924983227062	0
0.9534534534534534	213656	0.2554250190813083	0.260127929617734	0.4231834507497072	7182	0.09257185877705984	0.09257185877705984	0
0.9529529529529529	246772	0.2716432999961108	0.2800813672797219	0.4238360638597491	7116	0.09245676868892724	0.09245676868892724	0
0.9554554554554554	158446	0.3175104337881906	0.31792703296460895	0.4279962467244977	7354	0.09900235457068339	0.09900235457068339	0
0.9084084084084084	189426	0.5071178285936198	0.5097641649545255	0.4244458995621078	6804	0.17666220591977147	0.17666220591977147	0
0.970970970970971	155478	0.35199281987083086	0.35908230751922504	0.4142906170451875	7282	0.1597905113939571	0.1597905113939571	0
0.973973973973974	140396	0.21515254873278025	0.22089804215095954	0.40636781447788267	7256	0.10588386273296496	0.10588386273296496	0
0.938938938938939	185406	0.2452706144459353	0.25755105748054247	0.4337621624233879	7146	0.14928688946045457	0.14928688946045457	0
0.9444444444444444	262922	0.3290028001156924	0.33156377648879776	0.44021643063230176	7088	0.10069411970149299	0.10069411970149299	0
0.9359359359359359	160478	0.08222683962500528	0.08708945167676677	0.40146746986966136	6848	0.061787919750695225	0.061787919750695225	0
0.9564564564564565	216872	0.11195443874202875	0.11787459875014485	0.433168747181194	7226	0.09312502855412567	0.09312502855412567	0
0.9704704704704705	175392	0.34428498877786284	0.35310495479681636	0.4196317987429068	7348	0.09967706472899587	0.09967706472899587	0
0.9294294294294294	302602	0.2764317063226781	0.2794007140628115	0.4403471775000842	7118	0.06664374096643977	0.06664374096643977	0
0.9479479479479479	146422	0.29084777789494776	0.29484275233034185	0.41695679641260047	7054	0.159030650543626	0.159030650543626	0
0.953953953953954	186776	0.39256133941189447	0.3928687654930964	0.4261930038802236	7162	0.20735292114853066	0.20735292114853066	0
0.9584584584584585	227208	0.26000162653932835	0.26905675493184816	0.43088452011525386	7170	0.1503576042326537	0.1503576042326537	0
0.9459459459459459	185056	0.3732867020358018	0.3770590342678392	0.42547293724028085	7098	0.1010831778324508	0.1010831778324508	0
0.9484484484484484	227670	0.2710718251730787	0.27516571955240343	0.4270832285967665	7100	0.17106052184943382	0.17106052184943382	0
0.9554554554554554	222688	0.20859755239330197	0.21092435108300725	0.43514425282771674	7290	0.06431335146637746	0.06431335146637746	0
0.9784784784784785	246836	0.4964055905148983	0.5026367820369347	0.4273850568691085	7390	0.12846490349179854	0.12846490349179854	0
0.8898898898898899	297488	0.5560679785139663	0.5583404330551549	0.4422973483596764	6600	0.11800801867903205	0.11800801867903205	0
0.7977977977977978	140768	0.28331622485788893	0.2867385742956608	0.4199645182107256	5858	0.10984910155599995	0.10984910155599995	0
0.9719719719719719	122634	0.13667281109672214	0.14691988352395915	0.3854071173091729	7030	0.10439627400349709	0.10439627400349709	0
0.8398398398398399	184828	0.2667781007027875	0.26798035217407457	0.42065063182206736	6046	0.09155341636503438	0.09155341636503438	0
0.972972972972973	141636	0.16800606804779522	0.17436879967552654	0.40659850027059635	7158	0.06667707962536185	0.06667707962536185	0
0.8983983983983984	171762	0.26278109217916695	0.2677811411706327	0.42327561629174176	6750	0.1522921674934431	0.1522921674934431	0
0.997997997997998	177714	0.06642844090014285	0.0756556302730987	0.4074990733012113	7348	0.05910945008115223	0.05910945008115223	0
0.9624624624624625	129440	0.0746552059876136	0.08482658205082147	0.4103350316972505	7236	0.07880062130747754	0.07880062130747754	0
0.974974974974975	188974	0.34870005558915906	0.35618153332878677	0.41307603791352726	7158	0.13957724363222063	0.13957724363222063	0
0.7582582582582582	198090	0.29271982662559387	0.29539737180401393	0.4431572101671426	5768	0.11661586475511475	0.11661586475511475	0
0.8233233233233234	124494	0.34526374502324786	0.35115038363424855	0.4338475469514203	6328	0.11666986158956928	0.11666986158956928	0
0.9379379379379379	142880	0.22426164369852408	0.23157782112548805	0.4222383081935914	7114	0.10153349549001513	0.10153349549001513	0
0.9069069069069069	174800	0.22461774854628488	0.2295185012192927	0.42245102210692725	6792	0.12089244626735098	0.12089244626735098	0
0.9294294294294294	184682	0.28687980448216877	0.2897348801497875	0.43529838889832456	7156	0.13039898816789805	0.13039898816789805	0
0.964964964964965	290468	0.27233246986978504	0.27677870500812174	0.4298284502741403	7212	0.09302772453002808	0.09302772453002808	0
0.9379379379379379	182290	0.15774690883226397	0.15998759898470052	0.425647311471339	7164	0.1239181436330236	0.1239181436330236	0
0.943943943943944	226998	0.41888737746546656	0.42803023812729957	0.4399513882546014	7094	0.1363699883934264	0.1363699883934264	0
0.9594594594594594	175052	0.32414848398477114	0.3318383216545315	0.41315523532226184	7128	0.13772252656854114	0.13772252656854114	0
0.9114114114114114	125196	0.3449704053158662	0.3523224501973936	0.42826754546335266	6830	0.1694608716425295	0.1694608716425295	0
0.9819819819819819	162176	0.16484495499415674	0.17420797781302938	0.4117354744032158	7338	0.15423125429415382	0.15423125429415382	0
0.9029029029029029	118938	0.21736319151769407	0.22566878648706737	0.41659005804381777	6802	0.12279968719665114	0.12279968719665114	0
0.968968968968969	226524	0.33290449405432543	0.34495457235856664	0.43872541960929157	7318	0.11798048402901337	0.11798048402901337	0
0.9614614614614615	192288	0.3568961666172589	0.3610892454091045	0.421714901466832	7286	0.10928241627987828	0.10928241627987828	0
0.9684684684684685	206962	0.36210733313953425	0.3707275748973898	0.4328012511097195	7338	0.11192762487960525	0.11192762487960525	0
0.8868868868868869	221870	0.401368259633786	0.4051013362703336	0.43925676171737177	6746	0.15587015701027127	0.15587015701027127	0
0.91991991991992	246350	0.1954141954814765	0.2042114640891524	0.4355075076879615	6938	0.13645222055795708	0.13645222055795708	0
0.9039039039039038	148478	0.38342964122833506	0.3912985165519808	0.4316338657575613	6778	0.13650364374099586	0.13650364374099586	0
0.9434434434434434	131162	0.1656966491588456	0.17541494245651817	0.41736775253051966	7166	0.09243994523196518	0.09243994523196518	0
0.9084084084084084	168036	0.20306547048248713	0.20693520562118292	0.42785919797953526	6894	0.09823617082082328	0.09823617082082328	0
0.9624624624624625	163458	0.3141925741181165	0.3179552931125899	0.42297493893883287	7078	0.09953836171504965	0.09953836171504965	0
0.9099099099099099	140292	0.07303733194854323	0.07940235172913931	0.40281689094882195	6864	0.08553735292561498	0.08553735292561498	0
0.9474474474474475	285284	0.4963039820895419	0.4974463160764292	0.4415690937619526	7192	0.16491701010880752	0.16491701010880752	0
0.9814814814814815	169894	0.15528007300710345	0.16389870475658103	0.4054246634727914	7180	0.09320023486597372	0.09320023486597372	0
0.95995995995996	118964	0.17037872104147445	0.17928765005234992	0.39403993139618293	7130	0.11088051104200236	0.11088051104200236	0
0.9334334334334334	250238	0.4590653914453823	0.45955253151933134	0.44592988435755987	7190	0.22344330701091258	0.22344330701091258	0
0.9569569569569569	210298	0.38067712062724934	0.3853747847728367	0.4326466196773629	7284	0.13927281969702882	0.13927281969702882	0
0.9364364364364365	166786	0.25713534800134835	0.2636646976872364	0.42905088843999445	7102	0.10279377430823007	0.10279377430823007	0
0.9464464464464465	239828	0.27989593070802593	0.28312824211393633	0.4357094039654758	7198	0.08832566560190247	0.08832566560190247	0
0.9404404404404404	296300	0.5319318253055904	0.5325420293211529	0.44046215045630316	7206	0.1807035581054654	0.1807035581054654	0
0.8518518518518519	174246	0.1858929511905017	0.1946740937203179	0.4202069522284704	6276	0.0988447309593364	0.0988447309593364	0
0.9444444444444444	226436	0.38722010347770247	0.3944589851709634	0.43584701766952055	7152	0.1277813534203659	0.1277813534203659	0
0.970970970970971	160266	0.24152553164424861	0.24104106142255502	0.4260270049657817	7374	0.1127375742262504	0.1127375742262504	0
0.7617617617617618	198426	0.18767780519681132	0.19347741547035785	0.44701831576319145	5704	0.07979296252773593	0.07979296252773593	0
0.9719719719719719	148518	0.2683243492464205	0.28014674568967374	0.42213985271054333	7316	0.13623426468413471	0.13623426468413471	0
0.8078078078078078	111788	0.1829249265927109	0.19745087883049722	0.39963568236481256	5982	0.11740743318599149	0.11740743318599149	0
0.9134134134134134	161532	0.36875578514887225	0.3725911820339491	0.4373922476506676	6876	0.13397131540096086	0.13397131540096086	0
0.9024024024024024	188116	0.26646418885612977	0.27439515813462684	0.4349552953858751	6768	0.09469754668383809	0.09469754668383809	0
0.9574574574574575	193942	0.41564030411142383	0.4198960704619055	0.42321749123540187	7086	0.11709637094994516	0.11709637094994516	0
0.948948948948949	166556	0.4605630854881619	0.4656224413724283	0.43450794000743626	7196	0.10782133427986902	0.10782133427986902	0
0.9464464464464465	222512	0.3145447451724574	0.3180318542731633	0.43643934295815767	7154	0.12314420349925745	0.12314420349925745	0
0.9054054054054054	126518	0.319586932349307	0.32225699371610633	0.41323056585174706	6708	0.1418468561248145	0.1418468561248145	0
0.9704704704704705	123154	0.23001074353610051	0.23291696334182008	0.4132171688271793	7362	0.11227458563127443	0.11227458563127443	0
0.9459459459459459	213818	0.29658557306777594	0.30351525335211005	0.4308849101462073	7050	0.16952404486804654	0.16952404486804654	0
0.972972972972973	223306	0.08749165849312197	0.09450017030915907	0.42027794343758856	7404	0.09966111328201506	0.09966111328201506	0
0.954954954954955	150588	0.20968953789505002	0.21038767360119587	0.4135811154174776	7270	0.11696199084113146	0.11696199084113146	0
0.9404404404404404	175674	0.2165757708330834	0.22318555671953064	0.412768362659623	6934	0.0816242335866651	0.0816242335866651	0
0.96996996996997	226422	0.2454084134023643	0.2458451369790135	0.43153473051140967	7346	0.17194285022357494	0.17194285022357494	0
0.97997997997998	165670	0.1889300783827677	0.19913008115693787	0.4279450209346769	7392	0.09078621582721695	0.09078621582721695	0
0.9274274274274275	198316	0.3353918322962489	0.3461110564463838	0.4338733932258214	7082	0.12491525023813488	0.12491525023813488	0
0.9179179179179179	114520	0.18868770709989896	0.20191333517925691	0.4055766210784813	6758	0.10626121598214634	0.10626121598214634	0
0.8673673673673674	134622	0.16392029713514772	0.17485286745123066	0.41044934909197184	6420	0.10851042214262017	0.10851042214262017	0
0.960960960960961	152638	0.3141599993564492	0.31692552590943845	0.3959727284109555	6864	0.07785277747302852	0.07785277747302852	0
0.9144144144144144	202110	0.3466668176933709	0.354519107425116	0.43039906642333053	6810	0.11264735110273427	0.11264735110273427	0
0.9364364364364365	142594	0.12255998316525758	0.1317693803877505	0.40651742231602356	7192	0.10399360716841563	0.10399360716841563	0
0.954954954954955	187518	0.09905153262856774	0.11193714694602082	0.4253118370758455	7342	0.09696563854798118	0.09696563854798118	0
0.93993993993994	224010	0.25261869028140593	0.25938553487064286	0.41348211700825677	7114	0.11011963472318129	0.11011963472318129	0
0.9044044044044044	144510	0.17641015616785094	0.18170366863462573	0.4268389025573649	6862	0.12818160234387876	0.12818160234387876	0
0.9239239239239239	145338	0.2743464464883386	0.27519509543975496	0.41811777719776894	6846	0.10502351717715395	0.10502351717715395	0
0.9814814814814815	122446	0.201204081786775	0.2111950704951151	0.39035914901844565	7222	0.12044595287506318	0.12044595287506318	0
0.8668668668668669	163972	0.3919103830295835	0.39582130849919434	0.4351404806013374	6472	0.13580660506811296	0.13580660506811296	0
0.984984984984985	162862	0.16572536036934563	0.17453968703170056	0.4099463958679675	7332	0.10156267317568446	0.10156267317568446	0
0.9484484484484484	257706	0.4803299135926937	0.48175631250258416	0.4316954955370275	7056	0.15949553654535067	0.15949553654535067	0
0.944944944944945	157826	0.2161412755908303	0.22366661558048323	0.41783946344587103	7072	0.12675734151985485	0.12675734151985485	0
0.9164164164164164	230016	0.2718525751155484	0.2710542090363938	0.43930252657793734	6998	0.15923451512334366	0.15923451512334366	0
0.9379379379379379	163604	0.17289043924851005	0.18867987680024145	0.40663341113289087	6838	0.10655588950163591	0.10655588950163591	0
0.8573573573573574	194356	0.39633563694227414	0.3979076999434872	0.4196455305414846	6618	0.12637455310873769	0.12637455310873769	0
0.974974974974975	199228	0.40114174251275686	0.4034861943151024	0.42210587810616645	7310	0.19488189226152494	0.19488189226152494	0
0.9089089089089089	216622	0.47880934451796164	0.4826463846633753	0.4435016014974862	6862	0.1439852247947587	0.1439852247947587	0
0.8868868868868869	153734	0.40216696789658063	0.4011399265888163	0.43117439294454324	6858	0.1735100774867139	0.1735100774867139	0
0.91991991991992	265796	0.4966199518254044	0.5005997035025187	0.4362151242233266	6902	0.12944158320482718	0.12944158320482718	0
0.9319319319319319	169198	0.3144205394645124	0.3168980762170833	0.42773101250195683	7064	0.13218353843687725	0.13218353843687725	0
0.9664664664664665	175406	0.3168716799233018	0.320506176619986	0.4141576408126704	7342	0.10737803868815622	0.10737803868815622	0
0.9614614614614615	163768	0.26420285777239233	0.27424110431160176	0.4194657310714874	7268	0.08333319511502185	0.08333319511502185	0
0.9314314314314315	223546	0.21686043451441678	0.22584191793606617	0.43055774635613653	7004	0.12354183082824838	0.12354183082824838	0
0.9554554554554554	112142	0.1898261883443974	0.19712682702563428	0.40119091127437073	6966	0.1261458964368801	0.1261458964368801	0
0.8073073073073074	282450	0.25153311984966414	0.2562442899255259	0.4395900827389025	6098	0.1027259265188992	0.1027259265188992	0
0.9064064064064064	207196	0.5026161377657223	0.5015397746056356	0.4373180035257098	6936	0.17375937348951248	0.17375937348951248	0
0.9114114114114114	150326	0.24645210229121003	0.2534027838119881	0.4190407804981631	6728	0.12710403981289384	0.12710403981289384	0
0.9544544544544544	166668	0.2796024428597048	0.28865607780100444	0.42883599480540013	7292	0.13241021753170945	0.13241021753170945	0
0.9054054054054054	115944	0.22989803440855808	0.2397303706862256	0.4183095589095487	6778	0.07991890421145731	0.07991890421145731	0
0.8623623623623624	163752	0.3834238194043654	0.38534888253493726	0.43425250817464683	6360	0.18989454700768507	0.18989454700768507	0
0.970970970970971	204278	0.28273811652463476	0.2920537839591477	0.4226623876637807	7278	0.09253509383751445	0.09253509383751445	0
0.9394394394394394	166416	0.30864647189680816	0.3205766580537512	0.4185451041040778	7020	0.143575915906941	0.143575915906941	0
0.9784784784784785	186606	0.24086663819135953	0.24683498312048222	0.4251526234622465	7200	0.08191662892128998	0.08191662892128998	0
0.960960960960961	261442	0.27794149466350954	0.2840634841256049	0.44132159477648325	7306	0.11540933275262973	0.11540933275262973	0
0.8953953953953954	116440	0.2916103244389212	0.3026935963249534	0.41360874422884825	6828	0.1354631959335569	0.1354631959335569	0
0.9664664664664665	167410	0.40154519989124704	0.4044733695484145	0.42446784231706386	7172	0.1266686540628277	0.1266686540628277	0
0.9534534534534534	149496	0.29596197038168315	0.2979913084177544	0.4330398268749496	7272	0.13709006304038862	0.13709006304038862	0
0.9234234234234234	178232	0.40236714266331763	0.40936480822498716	0.42791102205521847	6956	0.16294316986696525	0.16294316986696525	0
0.8758758758758759	185144	0.37132223563895156	0.37330873044225243	0.4395369565891755	6730	0.1271690795625582	0.1271690795625582	0
0.9584584584584585	150246	0.23081979340459644	0.23613226620458194	0.4223162914087315	7170	0.12732898872436746	0.12732898872436746	0
0.9479479479479479	162986	0.2750383835530769	0.28484978490925633	0.4217273517357552	7046	0.15846185911741298	0.15846185911741298	0
0.9604604604604605	159574	0.2101992923659978	0.21342095595028063	0.41581318805790174	7232	0.10820332861584522	0.10820332861584522	0
0.8318318318318318	184596	0.05545175978572764	0.06159631682592491	0.419365722651223	6034	0.09256462192769048	0.09256462192769048	0
0.9354354354354354	131766	0.29290781283920125	0.30739770276170103	0.4196773309999129	6986	0.14833361240710832	0.14833361240710832	0
0.9674674674674675	134824	0.27527759889789377	0.2848198386197231	0.4154369754004992	7220	0.12461053275861857	0.12461053275861857	0
0.9079079079079079	168654	0.22679804082425667	0.22951839598544263	0.427470689012401	6774	0.11683296667335673	0.11683296667335673	0
0.982982982982983	196722	0.25301164678080695	0.26671791302896314	0.4296279148289201	7476	0.09451409840852139	0.09451409840852139	0
0.9079079079079079	125638	0.3412083038435858	0.34154971626631875	0.4191882958630296	6936	0.1523807717142431	0.1523807717142431	0
0.9024024024024024	188692	0.3778956103399754	0.3828576711360698	0.4206250278462025	6822	0.1342812508420188	0.1342812508420188	0
0.9784784784784785	175158	0.2739625931925977	0.27633978289754013	0.4136839218889942	7234	0.12394123583936001	0.12394123583936001	0
0.943943943943944	149714	0.3413094218766833	0.3444858201009776	0.4227368784135519	7004	0.10664968406088	0.10664968406088	0
0.9444444444444444	282344	0.19855864662230813	0.20540747011763802	0.42900576840853427	7032	0.09562525584041093	0.09562525584041093	0
0.9284284284284284	200218	0.38193499120694774	0.3900369899326121	0.4444332590949202	7024	0.14543238034214553	0.14543238034214553	0
0.9209209209209209	174270	0.3297751002269107	0.334073643348264	0.4333319426217232	6848	0.10702023212938902	0.10702023212938902	0
0.9119119119119119	294048	0.5175440254361027	0.5190564650259398	0.4357990066492421	6852	0.13655922642638854	0.13655922642638854	0
0.9309309309309309	178170	0.3732292910193309	0.3782815945953186	0.439165636329961	6988	0.11686390590177972	0.11686390590177972	0
0.9724724724724725	222384	0.4155952938577426	0.4210201499871565	0.4336432913183053	7286	0.1502674570860078	0.1502674570860078	0
0.8258258258258259	152218	0.21685089982862585	0.22077624845755733	0.42131443925805834	6072	0.04729891063949037	0.04729891063949037	0
0.9429429429429429	172124	0.16494921650759342	0.1724014293901205	0.4099921228419378	6896	0.11104135195555082	0.11104135195555082	0
0.973973973973974	159014	0.1765266529329584	0.1791239480504292	0.4257334938316008	7314	0.0767285447212844	0.0767285447212844	0
0.964964964964965	165400	0.2968007974292652	0.30356487055488307	0.41697614538637034	7276	0.1327840458593355	0.1327840458593355	0
0.9554554554554554	203838	0.36649637258756157	0.37848883342342904	0.43522972944741967	7300	0.12461314687068861	0.12461314687068861	0
0.914914914914915	153676	0.3321154762191057	0.34081839738325187	0.41766875000715187	6898	0.13117053550851557	0.13117053550851557	0
0.9734734734734735	144006	0.285620548811494	0.2930192480365784	0.41356614511315276	7396	0.12451348206318032	0.12451348206318032	0
0.9059059059059059	193668	0.24597459335632074	0.24720752338070073	0.43070793379668576	6876	0.09500280128320504	0.09500280128320504	0
0.8673673673673674	153020	0.4174957933073725	0.4238915240120997	0.43476387386284326	6386	0.1366610850504851	0.1366610850504851	0
0.9379379379379379	301784	0.39593612353460106	0.3954572299231526	0.44176308035656353	7036	0.11576828803684933	0.11576828803684933	0
0.8918918918918919	120118	0.3592536228086359	0.36882634218010196	0.4240890435439008	6738	0.1528027127998887	0.1528027127998887	0
0.970970970970971	150418	0.16409326926072354	0.1740704738710229	0.4174321644186418	7342	0.07298174124622611	0.07298174124622611	0
0.8798798798798799	157816	0.39820972568079965	0.39978312664629695	0.43930416044267967	6780	0.16018682414472032	0.16018682414472032	0
0.944944944944945	131584	0.17413332799799391	0.18312808921368534	0.41653391374731835	7246	0.09659184809259806	0.09659184809259806	0
0.974974974974975	220668	0.22633273358429576	0.22962700230591954	0.42721850598558175	7278	0.10153382645848426	0.10153382645848426	0
0.9359359359359359	215166	0.48938324342993567	0.48923469115250723	0.4169688596032329	6830	0.1706730825274389	0.1706730825274389	0
0.914914914914915	158478	0.30216629745891094	0.3072249511066727	0.420490419445857	6808	0.07867475638400384	0.07867475638400384	0
0.9754754754754755	244068	0.20920658383332452	0.21802641245055177	0.44350404262476056	7474	0.13345733896880563	0.13345733896880563	0
0.9474474474474475	145336	0.35809933386911424	0.36459284292132604	0.4261785901441544	7062	0.1542962387483276	0.1542962387483276	0
0.9284284284284284	145614	0.2573812610515739	0.2632509271158509	0.41330899678650934	6880	0.14494812925982734	0.14494812925982734	0
0.8993993993993994	166960	0.41585800165937853	0.4152836848926047	0.43094888417716776	6764	0.18699583844823126	0.18699583844823126	0
0.8978978978978979	132746	0.23841870718682637	0.24374835154759558	0.42704287881203545	6696	0.10916734269262693	0.10916734269262693	0
0.8453453453453453	182086	0.4455866840367658	0.448329340511662	0.44358020835443884	6452	0.17345680301250221	0.17345680301250221	0
0.8813813813813813	205690	0.4359331805760007	0.43875593846460265	0.44401067265946415	6602	0.13464418519456328	0.13464418519456328	0
0.9164164164164164	179080	0.379400614330788	0.3840782366750841	0.4331080594617395	6982	0.1497863627276224	0.1497863627276224	0
0.9334334334334334	233310	0.258046596342126	0.25887848094703886	0.43935617237930763	7150	0.1331189817154084	0.1331189817154084	0
0.9064064064064064	196554	0.20851829210430625	0.21484563791432892	0.4324832869851158	6914	0.11464195417312036	0.11464195417312036	0
0.974974974974975	129474	0.28980036719640284	0.2939529763727673	0.4126674855077898	7428	0.11147974649531389	0.11147974649531389	0
0.8913913913913913	194498	0.39510839163255496	0.39588243010049456	0.423187942500956	6822	0.1534099669019925	0.1534099669019925	0
0.982982982982983	170050	0.2541513089070179	0.263851988008918	0.4240617720801451	7462	0.12245631586882133	0.12245631586882133	0
0.8423423423423424	242806	0.38243568923141197	0.39031414711087303	0.42971664908301693	6404	0.09945541830769358	0.09945541830769358	0
0.8948948948948949	196026	0.1348568494828518	0.14519145102436642	0.43662422662197703	6708	0.10080751577381784	0.10080751577381784	0
0.9644644644644644	189504	0.26954229222277093	0.2726764748455289	0.4299749378219475	7188	0.13768281337756944	0.13768281337756944	0
0.9744744744744744	203998	0.1143110936169391	0.11893707665565023	0.4252339986435123	7322	0.12885671962722192	0.12885671962722192	0
0.9684684684684685	151562	0.28401282895625124	0.2943164572982355	0.41937149385119527	7386	0.1254376604466586	0.1254376604466586	0
0.9414414414414415	158266	0.24772423872498195	0.24961686282471876	0.413971955062092	6768	0.10440594192754216	0.10440594192754216	0
0.964964964964965	144276	0.34021197951122456	0.3396175303318672	0.4162133868681038	7228	0.15315408751044676	0.15315408751044676	0
0.9714714714714715	219896	0.19316848052504582	0.19835897500793173	0.4319774396781439	7332	0.07240309750666996	0.07240309750666996	0
0.9194194194194194	197010	0.22068679034817973	0.2238229707280876	0.42959841825667855	6772	0.11325839514530253	0.11325839514530253	0
0.8983983983983984	224014	0.17369767830488633	0.17419410975472446	0.4263561544097165	6818	0.05566388850870982	0.05566388850870982	0
0.9724724724724725	153228	0.19439013574873346	0.2000876478480294	0.41068723745479324	7278	0.17854600973195636	0.17854600973195636	0
0.934934934934935	176046	0.3683284991338415	0.3728177123453421	0.4298129048981616	6996	0.12910080840148186	0.12910080840148186	0
0.8848848848848849	255786	0.5100882597378673	0.5096959408679954	0.43960017717985966	6622	0.1424707200272131	0.1424707200272131	0
0.970970970970971	208832	0.30067238350632697	0.310607748194455	0.4284734168277002	7178	0.11964688700510309	0.11964688700510309	0
0.9664664664664665	161496	0.5167645080315451	0.5182197556072125	0.4046900248264196	7084	0.20052242438227272	0.20052242438227272	0
0.8373373373373374	103154	0.20050947323104168	0.20927138934075873	0.40355739581842204	6312	0.10212454177821656	0.10212454177821656	0
0.9594594594594594	204878	0.242223898922463	0.24625231800153363	0.4342173653532728	7364	0.07513751407702583	0.07513751407702583	0
0.9584584584584585	134428	0.317113992646715	0.32115904183015864	0.4016921471049873	6998	0.13231291858359376	0.13231291858359376	0
0.8978978978978979	123704	0.31807824485684144	0.32287500622355453	0.4200832446367953	6702	0.1548648618351351	0.1548648618351351	0
0.9464464464464465	92572	0.22184763704308766	0.22328279060784237	0.39258853430290414	7018	0.15960350262568077	0.15960350262568077	0
0.9159159159159159	124506	0.3596643611944277	0.36043874390531716	0.41614216394983256	6754	0.15927144952919	0.15927144952919	0
0.9714714714714715	160422	0.25358904934229143	0.26155483879426	0.4217838213114766	7318	0.10374524761589858	0.10374524761589858	0
0.987987987987988	117694	0.18240330815468317	0.18773214314980605	0.38524371057648105	7198	0.09589707316097827	0.09589707316097827	0
0.9579579579579579	117758	0.10467197957242501	0.11239400993682605	0.38597881913407495	7170	0.08628204922641704	0.08628204922641704	0
0.9354354354354354	124258	0.2671496922936621	0.27439040344188664	0.4115067177408171	7050	0.14839879535514774	0.14839879535514774	0
0.974974974974975	150878	0.3050839567693697	0.3128925698497712	0.40783064033460065	7080	0.17529278369560908	0.17529278369560908	0
0.9414414414414415	182530	0.31018950378687205	0.3198174892219751	0.434129782949302	6948	0.1025837962997444	0.1025837962997444	0
0.9764764764764765	175848	0.3757622256013717	0.3812786337415762	0.42063815581006575	7294	0.10697113142276816	0.10697113142276816	0
0.9024024024024024	246692	0.4572924941048002	0.4646190997358788	0.4368228574661765	6752	0.12635374580658945	0.12635374580658945	0
0.8618618618618619	184192	0.3903275699685567	0.39355322714032026	0.44878100528348064	6624	0.16124909557584197	0.16124909557584197	0
0.9414414414414415	190984	0.15925458357538452	0.1641999493969243	0.41709209763824234	7078	0.13284022936236992	0.13284022936236992	0
0.9634634634634635	185310	0.10990493956030473	0.11695358833690722	0.4173951736448595	7236	0.09408122784531663	0.09408122784531663	0
0.9514514514514515	180776	0.19066512572958097	0.20085842213349192	0.42376824491559345	7132	0.12737990149268413	0.12737990149268413	0
0.933933933933934	240382	0.41548672065304554	0.4210485227507841	0.44035201534049334	7114	0.1555807359354902	0.1555807359354902	0
0.9069069069069069	215162	0.278489231055425	0.28418909871201964	0.4347340022686699	6778	0.10512356655292332	0.10512356655292332	0
0.9314314314314315	164650	0.38223164780798363	0.38958318049594665	0.4311336220524086	6996	0.14389765770312765	0.14389765770312765	0
0.8673673673673674	146756	0.36611586270786356	0.37225881892951324	0.41836808834585154	6438	0.14352349726736174	0.14352349726736174	0
0.9764764764764765	174270	0.35663696376906767	0.3602436071815764	0.4142348241305014	7232	0.12437566213040921	0.12437566213040921	0
0.9554554554554554	202130	0.45198590188916915	0.4570308636686599	0.4273816848108109	7186	0.15034190645205706	0.15034190645205706	0
0.9444444444444444	143196	0.16602797111437562	0.1712060349141406	0.4125079158301781	7074	0.1379149807449869	0.1379149807449869	0
0.9474474474474475	153710	0.2851530353547248	0.2971792947940336	0.42616463136130794	7212	0.11395794579470493	0.11395794579470493	0
0.9019019019019019	281712	0.41038751978855786	0.4114187189205908	0.44241407540589045	6774	0.1281145655722212	0.1281145655722212	0
0.9484484484484484	115108	0.09464948503648697	0.10064505632149921	0.3848666298564903	6990	0.08553660689711465	0.08553660689711465	0
0.9239239239239239	177324	0.22771147279707704	0.23444025014181707	0.4273610542974831	6954	0.09314752337619593	0.09314752337619593	0
0.9379379379379379	202068	0.490514701354718	0.4888234186555633	0.4408403992445933	6978	0.26014239843679554	0.26014239843679554	0
0.9634634634634635	157980	0.21446196752881463	0.22278618103166886	0.4132818191722141	7184	0.13451838101447786	0.13451838101447786	0
0.9384384384384384	212528	0.3970823320395206	0.39825333168978033	0.43302434302133763	7040	0.14034529515898217	0.14034529515898217	0
0.948948948948949	294576	0.42487620858161546	0.42468338297729996	0.43407117561308284	7152	0.15231954236812328	0.15231954236812328	0
0.7857857857857857	143100	0.22714936877101793	0.2350182052471382	0.4361317999188101	5926	0.0883021793499216	0.0883021793499216	0
0.9819819819819819	159892	0.3615020510908371	0.3656020772312145	0.43243878385340984	7494	0.14032570680718578	0.14032570680718578	0
0.8238238238238238	170484	0.3697340938456148	0.3725252847885773	0.4297176633486024	6132	0.140773222392544	0.140773222392544	0
0.9129129129129129	204756	0.3291212402456373	0.3350216783123609	0.42774566181608575	6800	0.10535439967111739	0.10535439967111739	0
0.8883883883883884	205700	0.31478983871312655	0.324677952331557	0.43779636565759267	6750	0.11204777779317741	0.11204777779317741	0
0.9369369369369369	158394	0.3318227608974595	0.34425068521663094	0.42219367346102143	6970	0.1540979190033061	0.1540979190033061	0
0.9604604604604605	126274	0.3424469930051955	0.34851380106301266	0.41546930514641384	7068	0.14764272409983498	0.14764272409983498	0
0.9469469469469469	181854	0.3704418213981795	0.3746513146199673	0.43518074404184515	7250	0.17037260848546082	0.17037260848546082	0
0.8898898898898899	118308	0.25367696698047726	0.26303622242491276	0.4224093095573927	6766	0.13407929576438746	0.13407929576438746	0
0.9484484484484484	206376	0.327890510383968	0.32985623879935005	0.42484255517119207	7152	0.17362753658197508	0.17362753658197508	0
0.9444444444444444	147204	0.1201539198866614	0.12667153015220728	0.41644822374719964	7226	0.08405708125419614	0.08405708125419614	0
0.9794794794794794	184740	0.1304691097634853	0.14149278500272888	0.40839322398360967	7310	0.09047134972684427	0.09047134972684427	0
0.8968968968968969	171302	0.2339514132862215	0.2392024886077614	0.427884957928474	6704	0.12124776912341229	0.12124776912341229	0
0.9094094094094094	109810	0.20694441084730883	0.21153611311608195	0.412113140003416	6776	0.10407874299973566	0.10407874299973566	0
0.9684684684684685	279436	0.38159140590863583	0.3941468086554968	0.43559871121335975	7338	0.10123775002273235	0.10123775002273235	0
0.9494494494494494	183620	0.3555868670726557	0.35694780463314507	0.41462937847894393	7006	0.10340053789701938	0.10340053789701938	0
0.9224224224224224	183918	0.28536122142933446	0.28295657435897037	0.42760152601373663	6938	0.1561400365051093	0.1561400365051093	0
0.8923923923923924	194706	0.15914152446689223	0.1628789807579907	0.43606832012070895	6692	0.07976343871851638	0.07976343871851638	0
0.9314314314314315	165446	0.37617190437225795	0.3786530003215904	0.43196638058926684	6992	0.15651404109690706	0.15651404109690706	0
0.9619619619619619	137772	0.3284693698925642	0.3372140802637526	0.4168428590308837	7124	0.131363862717931	0.131363862717931	0
0.8828828828828829	189192	0.3284050176664816	0.3309795527827348	0.4353302454637831	6604	0.15968718227437956	0.15968718227437956	0
0.9129129129129129	114834	0.3297465913267328	0.337038276679468	0.41410730127408907	7002	0.16907250161863158	0.16907250161863158	0
0.8893893893893894	148888	0.25268669867094773	0.265430749534353	0.4260624809856696	6640	0.1105865820068317	0.1105865820068317	0
0.9554554554554554	190224	0.34702829542024827	0.35228417701346315	0.418819324708257	6976	0.08297845739631252	0.08297845739631252	0
0.9454454454454454	165078	0.3045286992474287	0.313429738537599	0.4272357580737591	7146	0.1337702147631084	0.1337702147631084	0
0.9379379379379379	164330	0.28174061240124354	0.29182311862574867	0.41366910103199417	7214	0.12124597460279389	0.12124597460279389	0
0.9714714714714715	268738	0.3513434872895425	0.35482060084745964	0.43422685189920524	7104	0.14471694128239426	0.14471694128239426	0
0.9099099099099099	130518	0.28337243778514415	0.29187619905590095	0.41494429367350855	6914	0.10866403555724707	0.10866403555724707	0
0.9784784784784785	320238	0.4284820464621052	0.42885172572787744	0.43835761835743536	7372	0.15184456248826356	0.15184456248826356	0
0.8593593593593594	126104	0.39160151140922295	0.39819996793021434	0.419321589816072	6454	0.1428180629009845	0.1428180629009845	0
0.92992992992993	202264	0.30339539834773	0.3081418978721804	0.42514571461472594	6834	0.0810607272318831	0.0810607272318831	0
0.943943943943944	181324	0.21638740558526706	0.21937059967485786	0.42661154008228985	7154	0.0962676810214156	0.0962676810214156	0
0.8788788788788788	165808	0.3606711706177445	0.36441312747829213	0.4309704797420175	6584	0.11590210676170956	0.11590210676170956	0
0.8828828828828829	176022	0.136239553937357	0.14573758631945644	0.43025223438585924	6528	0.12857880765530744	0.12857880765530744	0
0.968968968968969	181688	0.27235409633283775	0.27444969770398053	0.42685598034170685	7278	0.10441160327205508	0.10441160327205508	0
0.9254254254254254	142318	0.2646523647121541	0.26850967546495447	0.42087125033038125	7072	0.14949743645054359	0.14949743645054359	0
0.9724724724724725	180256	0.3431591588685622	0.34667274368481715	0.42217667976093026	7282	0.1439257515395295	0.1439257515395295	0
0.9569569569569569	216080	0.27812682022458707	0.2816319638181933	0.4241124538831351	7206	0.09054857932328693	0.09054857932328693	0
0.9574574574574575	146362	0.2581129198848603	0.26090030292676797	0.4183659069938033	7298	0.1355532642035393	0.1355532642035393	0
0.972972972972973	168148	0.3830767882049133	0.3907386855194385	0.41973844768327506	7248	0.13901265158946902	0.13901265158946902	0
0.9554554554554554	253938	0.3034448202898868	0.3064368950042712	0.4332348857612616	7110	0.15734662932871088	0.15734662932871088	0
0.9184184184184184	230322	0.30831395393490146	0.31034002944269534	0.4313944432039339	6994	0.07012309189830206	0.07012309189830206	0
0.9704704704704705	146694	0.32228918655085753	0.3247210945078301	0.41893644371064825	7312	0.109312054932922	0.109312054932922	0
0.9714714714714715	159882	0.12982217304783986	0.1374897236524391	0.400994247777343	7266	0.10679282856902715	0.10679282856902715	0
0.91991991991992	199374	0.3728158169674857	0.3767533612187914	0.43381356585328307	7000	0.16599145988245134	0.16599145988245134	0
0.9524524524524525	156706	0.3964821052682821	0.4007188125419445	0.4191118834906391	7232	0.13919900804954874	0.13919900804954874	0
0.9534534534534534	240318	0.3680874614299619	0.36502644634728315	0.43094390239255403	7270	0.1670207287748336	0.1670207287748336	0
0.964964964964965	119760	0.1403476604133439	0.1478052143583734	0.4093833711446682	7220	0.11273473450245938	0.11273473450245938	0
0.94994994994995	165450	0.432206762877511	0.43516027654037637	0.424732316667106	7008	0.1872137297390693	0.1872137297390693	0
0.9099099099099099	143184	0.1759286791521805	0.1825550646179804	0.4069192947124514	6736	0.094693328213789	0.094693328213789	0
0.9264264264264265	225820	0.17723884460007722	0.186739125073169	0.4261428449301476	7098	0.103506652997405	0.103506652997405	0
0.9464464464464465	195374	0.3053899885951195	0.30973502959454746	0.44029051012863124	7142	0.15548773544205755	0.15548773544205755	0
0.8963963963963963	191424	0.33180586442520993	0.33776053187846156	0.4466545868942778	6888	0.1089086734789169	0.1089086734789169	0
0.9744744744744744	158020	0.24331094516259838	0.25460701701703414	0.4138428901728666	7172	0.11558978543871379	0.11558978543871379	0
0.9294294294294294	159374	0.3635086868052413	0.37101498617919304	0.4314515899864577	7104	0.14321002737349853	0.14321002737349853	0
0.9129129129129129	192228	0.38500055560915936	0.3854127960506407	0.4351500643021567	6754	0.11228224792862558	0.11228224792862558	0
0.8733733733733734	136000	0.31340457661953575	0.32303919366891604	0.4151851164855565	6638	0.10580134023983247	0.10580134023983247	0
0.9464464464464465	175492	0.07141388347993498	0.07698933965023412	0.41035002606160825	7092	0.03920411800779265	0.03920411800779265	0
0.9529529529529529	132512	0.2229037965912053	0.23079202752616457	0.4130729919785244	7108	0.11887307809902783	0.11887307809902783	0
0.9514514514514515	191926	0.3202492601393894	0.32399790185201593	0.4276706623079866	7210	0.1391047944346451	0.1391047944346451	0
0.91991991991992	150534	0.20277808351269397	0.20505824262359984	0.4116093088520059	6978	0.09910020610031024	0.09910020610031024	0
0.94994994994995	155610	0.11824856956982159	0.12557869095333823	0.40521023180539933	7116	0.07471191606049105	0.07471191606049105	0
0.8983983983983984	203194	0.3776915586751954	0.37493781503870066	0.4450047348866544	6900	0.14778346364292358	0.14778346364292358	0
0.9504504504504504	145912	0.3986427642476648	0.40217814920009454	0.42323595967779054	7218	0.19356773075949446	0.19356773075949446	0
0.93993993993994	133064	0.2192950380932259	0.22456812825486558	0.41447527020477287	7042	0.11869595048022485	0.11869595048022485	0
0.9614614614614615	182428	0.3857989956983292	0.38618676072737024	0.432548631931031	7206	0.1557761625738913	0.1557761625738913	0
0.9274274274274275	216332	0.26235518946356373	0.2700389318482974	0.4336018083634952	6990	0.11393977384527179	0.11393977384527179	0
0.9674674674674675	164004	0.15485931750236087	0.16153131487669292	0.41430442155640285	7360	0.1494852609610806	0.1494852609610806	0
0.9619619619619619	247792	0.24271817842460436	0.25168904439602663	0.4341939195720139	7346	0.12195210610484987	0.12195210610484987	0
0.9454454454454454	315624	0.42053207840559037	0.4224529654668689	0.45135274541020065	7232	0.1541519513998057	0.1541519513998057	0
0.9144144144144144	169762	0.36039024017160454	0.36325572080830715	0.42590099310413304	6872	0.130119027226955	0.130119027226955	0
0.9359359359359359	220750	0.4792099849994633	0.4825556722183706	0.4356736696434615	7008	0.12192495265268663	0.12192495265268663	0
0.8968968968968969	260282	0.4929680073616489	0.49926970928931164	0.44550479804821413	6832	0.10536132384512777	0.10536132384512777	0
0.985985985985986	138050	0.11911934524115536	0.12740189759520892	0.37968618046266983	7182	0.07610705630016384	0.07610705630016384	0
0.9404404404404404	146106	0.207976262907745	0.21759364468623885	0.4197523392636319	7012	0.08679061785625107	0.08679061785625107	0
0.9279279279279279	209020	0.33303891143525227	0.339407902402061	0.4356316179553849	7074	0.14725873783992144	0.14725873783992144	0
0.9274274274274275	230778	0.431970651955995	0.44005543551573917	0.4343310865390217	7084	0.12373081424857246	0.12373081424857246	0
0.973973973973974	187464	0.18220699484606873	0.18623211274615775	0.39408269937121615	7080	0.0922972058833413	0.0922972058833413	0
0.950950950950951	189614	0.364734111647724	0.36631982275152225	0.41678320013721026	6994	0.15783644036057048	0.15783644036057048	0
0.9099099099099099	132338	0.1578867898701859	0.1631898118426337	0.41186869646704416	6830	0.10340432082132953	0.10340432082132953	0
0.9329329329329329	144582	0.22506056451537781	0.22836243478814885	0.4101003452371336	6922	0.14780812904055732	0.14780812904055732	0
0.955955955955956	210422	0.30281229400091003	0.31659202461536373	0.44109816798656093	7116	0.09480049929767162	0.09480049929767162	0
0.8473473473473474	216736	0.3353592056908155	0.3381288157363947	0.4316325941463704	6370	0.12437145595317721	0.12437145595317721	0
0.9594594594594594	165706	0.4316517241258403	0.43264644182990125	0.43345192187458853	7172	0.1713208269817473	0.1713208269817473	0
0.9704704704704705	189034	0.2337297494995848	0.24224103853613588	0.4308155938690624	7414	0.07381912916691809	0.07381912916691809	0
0.8628628628628628	184794	0.19889310696563542	0.20812298610146163	0.43462506692801467	6406	0.07066390128532182	0.07066390128532182	0
0.9234234234234234	168336	0.2130828378793407	0.22022614730739493	0.4170279514160357	6684	0.1345748328755394	0.1345748328755394	0
0.9284284284284284	179714	0.30750218070470753	0.3161628926017082	0.4281069736683671	6978	0.12729743561818377	0.12729743561818377	0
0.962962962962963	239570	0.43107454637218223	0.4357091793259065	0.43943432865206833	7252	0.12580423863415238	0.12580423863415238	0
0.9644644644644644	173534	0.4320281473547645	0.4359718032035224	0.4120542803607043	7006	0.17380738509386648	0.17380738509386648	0
0.9694694694694694	374858	0.5413254610645999	0.5466480583482707	0.4457169809486852	7308	0.1630499143585908	0.1630499143585908	0
0.9534534534534534	221134	0.43387352924646067	0.4328854687925417	0.43135018512102546	7364	0.12471301344496681	0.12471301344496681	0
0.95995995995996	143304	0.24176188449766495	0.24583169003354538	0.4132353801639323	7008	0.14326213488266226	0.14326213488266226	0
0.928928928928929	209580	0.34106687351633813	0.34034932955423797	0.42687703855561027	6888	0.14496857563110838	0.14496857563110838	0
0.93993993993994	294132	0.2486612357107924	0.2586710604075401	0.4540237164145228	7152	0.08728264534085983	0.08728264534085983	0
0.9219219219219219	227546	0.25653244835663774	0.2615192648965756	0.43368574050932157	6996	0.10241538257740729	0.10241538257740729	0
0.943943943943944	123194	0.2873304402648303	0.2937302712327148	0.4118758801383609	7102	0.11597805521459888	0.11597805521459888	0
0.94994994994995	151044	0.1889473821938614	0.19488434060528056	0.4074047716990416	7020	0.11542764857844055	0.11542764857844055	0
0.9719719719719719	274762	0.518578239594374	0.5202060593333816	0.44131434714181483	7244	0.17373629313611305	0.17373629313611305	0
0.9334334334334334	122980	0.2593174185087576	0.25890102346235516	0.4128124176731256	6984	0.1581132968606332	0.1581132968606332	0
0.9569569569569569	190452	0.37465729744629384	0.38111111007688986	0.4103141819473996	7026	0.15051850432742164	0.15051850432742164	0
0.9024024024024024	246810	0.28887032526270146	0.293482727661907	0.43465906492728607	6800	0.11416943980488072	0.11416943980488072	0
0.8638638638638638	149686	0.36713612051216543	0.3693769632218332	0.4323259136434014	6598	0.1601528369256675	0.1601528369256675	0
0.8918918918918919	203328	0.33297310724638074	0.3346427449448072	0.4375171490743419	6564	0.10616609238028575	0.10616609238028575	0
0.9019019019019019	148666	0.1692952336780129	0.17580672332909708	0.42624553685740874	6840	0.10101961671197876	0.10101961671197876	0
0.9174174174174174	157496	0.31501427399531856	0.319946289531881	0.43085889310224856	6910	0.11591108225755739	0.11591108225755739	0
0.948948948948949	170004	0.31993725398610023	0.3253334484743662	0.4208868490212582	7032	0.1294452990726247	0.1294452990726247	0
0.9264264264264265	152980	0.34980479553770755	0.358992787174933	0.423335920820121	6760	0.12542143584010718	0.12542143584010718	0
0.8778778778778779	128702	0.36176702953811335	0.3678752815408615	0.4270994164000361	6536	0.12315824146658592	0.12315824146658592	0
0.948948948948949	255984	0.42333596243924215	0.4265557512887177	0.43022969568875546	7020	0.11241844611628604	0.11241844611628604	0
0.9824824824824825	137234	0.2825500319251015	0.28996532118659246	0.41814562458668597	7290	0.12461914908284387	0.12461914908284387	0
0.960960960960961	143500	0.27701078923536215	0.28294519817630914	0.41373678414875076	7208	0.09642202689830605	0.09642202689830605	0
0.9714714714714715	261634	0.37649444132565124	0.37835036819664675	0.4275512731941287	7374	0.1002302254899511	0.1002302254899511	0
0.962962962962963	193298	0.4108981069244913	0.42156854245154585	0.43221663447605413	7128	0.15588446255369343	0.15588446255369343	0
0.9419419419419419	217686	0.47469591651671017	0.47648983390430233	0.43299518759466066	7056	0.13794743470165943	0.13794743470165943	0
0.9434434434434434	162268	0.06744426730797078	0.07329412882015154	0.4095487341955981	7242	0.07687108671437862	0.07687108671437862	0
0.8603603603603603	117346	0.29204446985446425	0.2957334826936234	0.40700646552967784	6310	0.10472793561770646	0.10472793561770646	0
0.8938938938938938	154242	0.2644513380054507	0.26799617365603173	0.4082635917275517	6632	0.13139651803995936	0.13139651803995936	0
0.9244244244244244	238948	0.5484523465689469	0.5461532658501234	0.44242096811356224	6956	0.188316126609786	0.188316126609786	0
0.943943943943944	180408	0.27139292054635356	0.27618347282434286	0.42114663154960313	7068	0.11677760431855949	0.11677760431855949	0
0.9124124124124124	118522	0.29790044735592075	0.3054528215707706	0.4203739843764109	6958	0.13675271271956535	0.13675271271956535	0
0.9529529529529529	149988	0.11804170925107764	0.12563553192908633	0.410073285442341	7184	0.08002925322499348	0.08002925322499348	0
0.95995995995996	132882	0.23008622284156652	0.2326363018019291	0.4155878756255675	6976	0.08832112285148178	0.08832112285148178	0
0.972972972972973	164710	0.0891069938416052	0.09112427047519202	0.40920809778371275	7292	0.06890355882652809	0.06890355882652809	0
0.938938938938939	186206	0.4537545516930823	0.45807053488555083	0.4317252260432598	7002	0.15048996080542304	0.15048996080542304	0
0.9619619619619619	203002	0.42824586211484555	0.4413902948849773	0.4198201919674078	7202	0.1465875078423929	0.1465875078423929	0
0.8898898898898899	174996	0.22904802028869184	0.23616623918127494	0.4430921900790346	6704	0.11632439444525551	0.11632439444525551	0
0.9274274274274275	124100	0.2534655555358833	0.2566956381471887	0.40687231568455146	6818	0.10407561091150398	0.10407561091150398	0
0.9669669669669669	154850	0.1380583015202319	0.14543872562775595	0.4173221240499731	7344	0.09171532527212024	0.09171532527212024	0
0.9059059059059059	221960	0.3601272042582458	0.3606825235262844	0.449314846790474	6906	0.13298969469930502	0.13298969469930502	0
0.9359359359359359	112364	0.28218448827028775	0.28808839299192346	0.4032776438449895	6938	0.1396122833108876	0.1396122833108876	0
0.914914914914915	142680	0.1588022310280591	0.16514443120989686	0.42189969447732495	6824	0.09922188918871273	0.09922188918871273	0
0.9404404404404404	213448	0.4027486078166448	0.40660528631955	0.4328774390245913	7166	0.1238884671468667	0.1238884671468667	0
0.8668668668668669	282592	0.42153711041225467	0.4229785988328708	0.4540327413169556	6584	0.12537312610079562	0.12537312610079562	0
0.950950950950951	167812	0.31078984997079634	0.31611464791602095	0.4332535834874762	7192	0.11316666858941056	0.11316666858941056	0
0.9569569569569569	172172	0.28067180206247316	0.2892224451854054	0.42246791847518533	7204	0.1266034623065579	0.1266034623065579	0
0.9429429429429429	167432	0.3971678884823733	0.3918293924118599	0.4303753084884358	6896	0.16912186024932338	0.16912186024932338	0
0.9784784784784785	201902	0.3741990891915842	0.37693040293396657	0.4373533133105742	7572	0.1220534087198719	0.1220534087198719	0
0.9514514514514515	167646	0.30665311908775006	0.31278459054058727	0.4267893060754672	7240	0.1257357215571997	0.1257357215571997	0
0.9474474474474475	187124	0.27133615039533954	0.2775310538058965	0.4226968067063021	7228	0.1623845685816733	0.1623845685816733	0
0.9234234234234234	188572	0.46399258739030863	0.46409446385182346	0.40827549052888407	6650	0.12592894657395667	0.12592894657395667	0
0.9259259259259259	130158	0.18475191459014684	0.19254303842429887	0.4006683972492538	6756	0.1357655717667064	0.1357655717667064	0
0.8878878878878879	113394	0.12544633876427014	0.12895790470254712	0.39819077916378953	6534	0.049722849909678915	0.049722849909678915	0
0.9139139139139139	216316	0.254306502775285	0.25930803440839556	0.4379377436963407	6776	0.11995810419945394	0.11995810419945394	0
0.9644644644644644	270478	0.3883302996153494	0.3899875918317118	0.4409800115035314	7298	0.13712067655119728	0.13712067655119728	0
0.9189189189189189	142860	0.3867944012687148	0.387916616560276	0.4199798629336688	6854	0.14196655934396665	0.14196655934396665	0
0.9034034034034034	195452	0.44097458378487303	0.44526890331937646	0.4379933326984167	6824	0.13019991368204756	0.13019991368204756	0
0.9614614614614615	155828	0.2885171880034143	0.28600486400414976	0.413595271355385	7108	0.1512357332328798	0.1512357332328798	0
0.9454454454454454	233086	0.4218708373949872	0.4216030264710042	0.44360727838291036	7228	0.15215617656735728	0.15215617656735728	0
0.968968968968969	222122	0.15222340999022516	0.15530933710603384	0.4216916297105347	7224	0.1412734072723823	0.1412734072723823	0
0.9564564564564565	178064	0.3385056765787659	0.3440205587443936	0.42349729351611765	7372	0.08596110256340646	0.08596110256340646	0
0.984984984984985	205252	0.45283091146555776	0.45537279558246613	0.42449359011189064	7336	0.13665933289556872	0.13665933289556872	0
0.9494494494494494	203362	0.3205606313277723	0.32392996190148066	0.4357892772753809	7218	0.1374504297862134	0.1374504297862134	0
0.9434434434434434	146700	0.22087404907347974	0.22588859006685533	0.40575037490533744	7032	0.0778714711984181	0.0778714711984181	0
0.962962962962963	192114	0.22861923615221924	0.23149052461612507	0.41833906700762796	7184	0.15368927064041019	0.15368927064041019	0
0.9574574574574575	164926	0.3499439306227832	0.35197520161365264	0.4129180383952305	7068	0.11190558605870564	0.11190558605870564	0
0.8933933933933934	166440	0.3713058729251313	0.37246516314557687	0.4362668864641998	6800	0.14079858398449965	0.14079858398449965	0
0.9734734734734735	241276	0.2497460842698066	0.2557587654328928	0.43296063970917825	7280	0.0960323115520404	0.0960323115520404	0
0.994994994994995	233996	0.2507093854779519	0.25283082887920066	0.4092085613292282	7256	0.13012167402571942	0.13012167402571942	0
0.965965965965966	240334	0.18272045086825567	0.18804810192001795	0.43077273938176736	7312	0.07965416854113065	0.07965416854113065	0
0.983983983983984	185716	0.2519680060098431	0.25516697898131135	0.41425607744203763	7308	0.11404091495267978	0.11404091495267978	0
0.95995995995996	155552	0.31097595061144157	0.31831957641933883	0.42144398341619427	7138	0.1660234902428625	0.1660234902428625	0
0.9604604604604605	199524	0.3284238645269484	0.3328690702491701	0.42910943135362584	7258	0.14252343429535758	0.14252343429535758	0
0.9604604604604605	271674	0.3009467634268326	0.30486330979069265	0.4468450034048999	7248	0.08808801811917641	0.08808801811917641	0
0.9669669669669669	223784	0.40202428991636385	0.4047847853573156	0.4298092572396428	7354	0.15290993180483653	0.15290993180483653	0
0.9134134134134134	181520	0.18252573845182046	0.18635216938190688	0.4144977346360603	6932	0.14452956628139219	0.14452956628139219	0
0.8688688688688688	211328	0.4811253865358996	0.48347371199899	0.43061460930796946	6290	0.1538341924451718	0.1538341924451718	0
0.9724724724724725	203304	0.2564819088584664	0.26176115165265956	0.4147444378738252	7180	0.10557038627003006	0.10557038627003006	0
0.970970970970971	200862	0.36277403040714223	0.37155886113085423	0.40528208251277675	7190	0.10594836099581185	0.10594836099581185	0
0.9654654654654655	123958	0.17440937328586661	0.18196352203537366	0.4098784670291664	7224	0.09236955723686878	0.09236955723686878	0
0.933933933933934	204988	0.2646534276266594	0.2669614756372455	0.4377852599296151	7060	0.12230403617741543	0.12230403617741543	0
0.948948948948949	255080	0.26715919281715134	0.2709901834034766	0.4216009369668119	7112	0.06672657631064109	0.06672657631064109	0
0.9374374374374375	246502	0.488913776576918	0.48824028991537205	0.4390002115846196	6966	0.17013173175073723	0.17013173175073723	0
0.9554554554554554	137404	0.3323424655670846	0.3363730359641198	0.4219128088013215	7056	0.1465124441320611	0.1465124441320611	0
0.9359359359359359	203222	0.3855877814483232	0.395812088780922	0.43352455246687377	7328	0.14664349778707325	0.14664349778707325	0
0.9724724724724725	217988	0.30648978369845087	0.3110132049774884	0.44135278699659924	7124	0.10237870369476267	0.10237870369476267	0
0.9574574574574575	193284	0.12577131985683343	0.13730993720434365	0.419418472629798	7232	0.07147552010870993	0.07147552010870993	0
0.9294294294294294	171084	0.30260953416354464	0.307521554927913	0.4270382328127069	7022	0.1011067271291338	0.1011067271291338	0
0.9644644644644644	181680	0.17063955389799593	0.18082166907314465	0.41832513815108713	7280	0.07517261671046434	0.07517261671046434	0
0.988988988988989	142144	0.19292995321670584	0.1957013221911133	0.4091693384103401	7420	0.17821199590645986	0.17821199590645986	0
0.9229229229229229	249636	0.42759737137008985	0.4340246735358242	0.4359135459931054	6982	0.21047966063006437	0.21047966063006437	0
0.9369369369369369	309144	0.45235702910118186	0.4581845717279909	0.44333923033304434	7058	0.11546626648762694	0.11546626648762694	0
0.968968968968969	199460	0.34745120617633907	0.35437185046107567	0.43238775477146224	7524	0.15712836963894367	0.15712836963894367	0
0.9714714714714715	183478	0.3883151683545191	0.39013229578536246	0.4209021120767656	7274	0.11957592474067551	0.11957592474067551	0
0.9574574574574575	115092	0.24638144549134885	0.2560721150281601	0.3997079312165597	7258	0.09566290238219474	0.09566290238219474	0
0.974974974974975	112010	0.11928426515942465	0.13019086093744003	0.39079328392342033	7156	0.05635822266585397	0.05635822266585397	0
0.9669669669669669	155290	0.12366988077215799	0.13401799839372447	0.41104635327143124	7236	0.09735564690258802	0.09735564690258802	0
0.9194194194194194	220208	0.3840498724854686	0.38885857673268964	0.4396579414734863	6948	0.11176579584655194	0.11176579584655194	0
0.9574574574574575	219200	0.32349504104168636	0.33059609623701786	0.43134251432445475	7282	0.1204224980406672	0.1204224980406672	0
0.8933933933933934	187730	0.3292431495373602	0.333679597422713	0.43396749009482244	6622	0.15499054451615094	0.15499054451615094	0
0.97997997997998	145026	0.12052390737243292	0.13312517414066444	0.4138936968463447	7394	0.09408066540664821	0.09408066540664821	0
0.8873873873873874	245004	0.5964413109630373	0.5936419361667996	0.4456602845089357	6828	0.21383700424039565	0.21383700424039565	0
0.9469469469469469	153506	0.12015728808162353	0.12824216483894751	0.4099382402503405	7300	0.08509098468220817	0.08509098468220817	0
0.8698698698698699	161734	0.3855224906446391	0.3883536868091539	0.4289094915895921	6402	0.16767296113549573	0.16767296113549573	0
0.9804804804804805	234240	0.35932704703244556	0.3633307148138692	0.44403033159223354	7542	0.11060355498124054	0.11060355498124054	0
0.8953953953953954	269424	0.356381702563049	0.361186885809044	0.4377115004413202	6694	0.1247498142299004	0.1247498142299004	0
0.9309309309309309	239734	0.25194921676250065	0.2594956489345165	0.4420487964208626	7062	0.06746494868499474	0.06746494868499474	0
0.9674674674674675	154640	0.14942509849557495	0.1570887199545294	0.4215120805915599	7290	0.1112617732560561	0.1112617732560561	0
0.8943943943943944	223762	0.32176244960351397	0.3287455798426425	0.44704325149208385	6744	0.10785501343198856	0.10785501343198856	0
0.9259259259259259	108902	0.22753309706197802	0.2350962997029329	0.4045906852322528	6648	0.15944967353822345	0.15944967353822345	0
0.9344344344344344	301918	0.42043215103117654	0.41728823740868864	0.4430031007599709	6982	0.12199411879816227	0.12199411879816227	0
0.9379379379379379	133176	0.4439193804919272	0.44299536574403203	0.42759182744137214	7102	0.20287661744717217	0.20287661744717217	0
0.8703703703703703	188764	0.3303559622153545	0.33548674020939767	0.42718014107657165	6674	0.1659846522604067	0.1659846522604067	0
0.9664664664664665	136340	0.2491914898995659	0.2598202867898626	0.3969151873314709	7070	0.10663536055290246	0.10663536055290246	0
0.977977977977978	240278	0.37462219372848315	0.3831448561460603	0.43091463689424564	7284	0.1260109907740991	0.1260109907740991	0
0.967967967967968	132348	0.28054035949902884	0.2846440859469511	0.398058085851458	7154	0.1258044680987728	0.1258044680987728	0
0.954954954954955	224972	0.4160383112654494	0.4175295625700051	0.4298182080845479	7088	0.11494460248135899	0.11494460248135899	0
0.9674674674674675	136106	0.18276292114189696	0.19155819660279796	0.4006694862165845	6960	0.07949501002266694	0.07949501002266694	0
0.8623623623623624	172480	0.31763666140001195	0.32695702081365563	0.4331684559922211	6496	0.14372169897669437	0.14372169897669437	0
0.8083083083083082	241828	0.4295183745234717	0.42856369105829817	0.44593723898659166	6200	0.10110701473702498	0.10110701473702498	0
0.9419419419419419	202068	0.2579209404433324	0.26209020941990513	0.43944677522903053	7158	0.12191698423168072	0.12191698423168072	0
0.9484484484484484	192324	0.2754187002845019	0.2819211665572927	0.43776889529963675	7180	0.13412606656725595	0.13412606656725595	0
0.960960960960961	138792	0.16022414942847066	0.1655116780423948	0.4064387735570998	7302	0.12595168932453885	0.12595168932453885	0
0.9644644644644644	159518	0.2664669502028336	0.2663043353100121	0.4199829515258542	7118	0.11320435190178503	0.11320435190178503	0
0.958958958958959	163880	0.24463493431880398	0.26191136873540255	0.4240899331822106	7322	0.1237946944680358	0.1237946944680358	0
0.9374374374374375	198178	0.3533513249170935	0.3602641296363168	0.42421234556052007	7064	0.15085925460298916	0.15085925460298916	0
0.8788788788788788	228910	0.1866283864817287	0.19244106859030558	0.4397746309146487	6652	0.17375681370519935	0.17375681370519935	0
0.950950950950951	157258	0.40013253546198224	0.4040808438465898	0.41658286427073593	6978	0.10927755988096761	0.10927755988096761	0
0.9514514514514515	219562	0.36690417109666595	0.3724449809017509	0.43211573483984034	7074	0.12340517597223433	0.12340517597223433	0
0.9579579579579579	162552	0.34090081538246364	0.3423569830257544	0.41939005502648397	7054	0.20584329632691786	0.20584329632691786	0
0.973973973973974	262176	0.25980376905120495	0.26748842964116565	0.43278707619678625	7262	0.10818369993724537	0.10818369993724537	0
0.8823823823823824	145956	0.36460294200524446	0.37006499523338826	0.4233531407245113	6574	0.12071053300843308	0.12071053300843308	0
0.8903903903903904	206376	0.30137250622393086	0.3067157813335793	0.4311163335737252	6744	0.11862327086723166	0.11862327086723166	0
0.9484484484484484	271648	0.2536932964685108	0.2527197685752139	0.44756339464656003	7156	0.11887251809285683	0.11887251809285683	0
0.960960960960961	160732	0.22865005390049092	0.2430181020587098	0.41889237652447137	7328	0.12114363396072454	0.12114363396072454	0
0.8458458458458459	114722	0.2960499660759352	0.3006028521467474	0.4246446732767994	6228	0.1351733202947727	0.1351733202947727	0
0.9419419419419419	185604	0.2651704700209944	0.2655677457944545	0.4301746195755915	7014	0.1217818742281583	0.1217818742281583	0
0.9419419419419419	182838	0.2472167482383155	0.24848604162078503	0.4268915550529411	7130	0.11631044044992671	0.11631044044992671	0
0.8218218218218218	165316	0.25718250392457487	0.2581805365314831	0.4334785598529398	6194	0.11263597750497861	0.11263597750497861	0
0.955955955955956	179752	0.3481003651047547	0.35154870522574744	0.43008495856438805	7194	0.10454628279074658	0.10454628279074658	0
0.964964964964965	108954	0.24859388784553949	0.256913463013514	0.40134489194750794	7140	0.14214288492423188	0.14214288492423188	0
0.9264264264264265	122912	0.17717082080171934	0.1847616591892867	0.40033180664829154	6756	0.190524859720101	0.190524859720101	0
0.9954954954954955	160784	0.3142085021322587	0.32640102028056844	0.4073789607712231	7346	0.11022336108872142	0.11022336108872142	0
0.9804804804804805	140172	0.13336366235274313	0.14054713826370138	0.3991788176334224	7178	0.08787247616163245	0.08787247616163245	0
0.9024024024024024	177838	0.29396779172121834	0.29277076502177635	0.4399228652925178	6834	0.16585903439832167	0.16585903439832167	0
0.8988988988988988	201704	0.4742253967001332	0.4742179124463292	0.42740321994098013	6838	0.15612675574301138	0.15612675574301138	0
0.9604604604604605	154028	0.12860583657350447	0.13188146377202997	0.4010355033979229	6922	0.07749656611961883	0.07749656611961883	0
0.95995995995996	222764	0.2673354610440817	0.2755702365445173	0.43021708825791755	7172	0.0994656087707278	0.0994656087707278	0
0.9244244244244244	145840	0.15303646948968058	0.1568362730982635	0.4150405173868017	6894	0.13687545139099963	0.13687545139099963	0
0.9974974974974975	213384	0.14060758760638886	0.1463715128977309	0.41697634884311796	7232	0.13838369841511422	0.13838369841511422	0
0.9009009009009009	204030	0.4099018749046231	0.4103235084429495	0.4285307769207527	6720	0.1503516652279245	0.1503516652279245	0
0.9514514514514515	214184	0.37187935745662376	0.3734363346483853	0.4281453944977151	7118	0.135713796953129	0.135713796953129	0
0.977977977977978	155436	0.30600847338081616	0.3053990732530497	0.41248596433186796	7334	0.18820855111557727	0.18820855111557727	0
0.9484484484484484	199166	0.45206060825478656	0.4588475022337999	0.43236212229775733	7122	0.1441240827653965	0.1441240827653965	0
0.9004004004004004	149928	0.32093668221300165	0.3228953702714195	0.4330268544067298	6606	0.14789215425783828	0.14789215425783828	0
0.9169169169169169	152784	0.2379041871083112	0.2512275917455216	0.4197917220605794	6854	0.1490251389063168	0.1490251389063168	0
0.962962962962963	205170	0.126695886014568	0.13097521713480925	0.42593038684827406	7310	0.1206560501963502	0.1206560501963502	0
0.9394394394394394	135360	0.03507875260188773	0.04183755490647903	0.39930381194794956	7020	0.05133053149751342	0.05133053149751342	0
0.967967967967968	132078	0.18395477585854383	0.18958801098893724	0.4067446420286666	7278	0.11870520227523598	0.11870520227523598	0
0.9614614614614615	299642	0.5513353119544574	0.5519722170442567	0.4341538174271795	7306	0.16944108062755675	0.16944108062755675	0
0.8973973973973974	216540	0.4545282715985434	0.4572980485159702	0.41961913330715617	6676	0.178348106218387	0.178348106218387	0
0.8158158158158157	174030	0.3447962097858658	0.3478149894335009	0.43308584255571914	6006	0.14384798893832254	0.14384798893832254	0
0.8588588588588588	136288	0.33781228393012996	0.3504631302695615	0.42961943910472766	6600	0.12958111537021855	0.12958111537021855	0
0.9144144144144144	147870	0.3049855489259408	0.30964971667903346	0.4256019549705643	6836	0.11697091292150961	0.11697091292150961	0
0.9864864864864865	148970	0.43035465596238237	0.4370944598208054	0.4189698844524355	7466	0.11981913752707049	0.11981913752707049	0
0.9529529529529529	201700	0.2770961200874829	0.2823736059804441	0.42269928326938505	7126	0.11150175868053738	0.11150175868053738	0
0.8983983983983984	206312	0.2515086310290736	0.25357724741073373	0.4419256986445212	6784	0.08584050113566083	0.08584050113566083	0
0.978978978978979	171834	0.3555510730719285	0.35639607331820905	0.4350737524526172	7262	0.15692769754178068	0.15692769754178068	0
0.953953953953954	197960	0.26837564720408136	0.273194507051604	0.41796436652836966	7174	0.1226698549976817	0.1226698549976817	0
0.9204204204204204	193598	0.3975116087165252	0.40233342608025646	0.43331926887230016	6788	0.12456507944653362	0.12456507944653362	0
0.9194194194194194	152280	0.22848241002873562	0.23321665099525168	0.4082869412664408	6974	0.1448347617829415	0.1448347617829415	0
0.9504504504504504	186054	0.19694341123242726	0.20292538430934884	0.4338019937245512	7258	0.0972753556814807	0.0972753556814807	0
0.9109109109109109	167090	0.20268487729972898	0.20707757877435712	0.43340477494686525	6806	0.09149178784946405	0.09149178784946405	0
0.9359359359359359	169594	0.28409534504382583	0.2848580141862939	0.430993989699802	6950	0.12535684717727716	0.12535684717727716	0
0.9409409409409409	290924	0.5888694370077219	0.5893177601015935	0.4396512884753188	6970	0.16117772417672832	0.16117772417672832	0
0.9669669669669669	183830	0.3679005362150806	0.37144433551152994	0.428485704773202	7146	0.1211129463644932	0.1211129463644932	0
0.8343343343343343	130636	0.2643967507767679	0.27322948203452047	0.41892897828619136	6180	0.09680216410264192	0.09680216410264192	0
0.9534534534534534	184534	0.31043362766308186	0.31928174914562446	0.4290543022011775	7000	0.12548067539007488	0.12548067539007488	0
0.9414414414414415	210158	0.4840678217551237	0.48443964721116917	0.44214781471917536	7168	0.16725678259622956	0.16725678259622956	0
0.9579579579579579	193604	0.31717163574107793	0.3208811881571488	0.4298212930204035	7342	0.18349739076961408	0.18349739076961408	0
0.9544544544544544	149282	0.21339897606171718	0.21826086591260377	0.40993377615548393	7002	0.11278600390417688	0.11278600390417688	0
0.9189189189189189	148032	0.3202384794982975	0.3292190383803966	0.4290305236751708	6842	0.1465648159197182	0.1465648159197182	0
0.9574574574574575	181078	0.3844116519665248	0.3908947582563933	0.4333211977511486	7358	0.14149067369950638	0.14149067369950638	0
0.9354354354354354	177402	0.17059731651512833	0.17668464432304218	0.4240288279072346	7092	0.08251727293325238	0.08251727293325238	0
0.9524524524524525	300636	0.478726982437411	0.4840373339530885	0.4473961408914713	7356	0.16439877499489933	0.16439877499489933	0
0.914914914914915	125964	0.13684634250206718	0.14533084760812223	0.4062612166360577	6964	0.09416962480289416	0.09416962480289416	0
0.9259259259259259	179894	0.014943125865894379	0.017267829038827415	0.40930435836692225	7068	0.014308447828454668	0.014308447828454668	0
0.9524524524524525	142226	0.2542922770783517	0.26925610761135593	0.4082060497199065	7152	0.11631913749248657	0.11631913749248657	0
0.9719719719719719	172252	0.2770000555540517	0.2793468324187695	0.42098291666415966	7466	0.16382763752329108	0.16382763752329108	0
0.9189189189189189	133908	0.318133499701598	0.3192813598943501	0.4189976327707266	6750	0.17417321444557465	0.17417321444557465	0
0.8813813813813813	136980	0.2602497109314251	0.26923686598788854	0.43132792627511907	6684	0.12235138736853847	0.12235138736853847	0
0.972972972972973	194232	0.3477560978673775	0.3572862074424568	0.4275796696286998	7246	0.13989039941394302	0.13989039941394302	0
0.9684684684684685	200938	0.4965439440641894	0.49861019430204245	0.41160085655250983	7180	0.21716932082195975	0.21716932082195975	0
0.9604604604604605	291264	0.3323464315906848	0.3342356007565358	0.44619730582591566	7340	0.12283347484300602	0.12283347484300602	0
0.9534534534534534	224600	0.44452883112633723	0.44678911159281764	0.43361539744420297	7152	0.14359573297502984	0.14359573297502984	0
0.8683683683683684	161542	0.18095213582651284	0.1850599610865864	0.4205629520355671	6502	0.07629002645049245	0.07629002645049245	0
0.9544544544544544	258880	0.38113717155348087	0.3824036660559652	0.439123324327187	7074	0.1172109385312654	0.1172109385312654	0
0.9329329329329329	296950	0.4609794362235166	0.46242338041228304	0.44507549976974753	7108	0.15496730519645813	0.15496730519645813	0
0.8958958958958959	181868	0.3599496494010595	0.3610087145987967	0.43242521093433156	6810	0.16597959605510515	0.16597959605510515	0
0.9474474474474475	118706	0.21386745700986148	0.2234971264742078	0.4082818089391235	7152	0.12822279002172882	0.12822279002172882	0
0.8913913913913913	239064	0.5266970285668756	0.5281089357441808	0.4378072670850714	6700	0.1552632506857764	0.1552632506857764	0
0.9724724724724725	244844	0.2804129688320207	0.2935741881843086	0.4337952226303472	7308	0.11073912811842954	0.11073912811842954	0
0.9274274274274275	159592	0.2870742149489889	0.29500235034933386	0.4282390501584838	6924	0.09302405083729491	0.09302405083729491	0
0.95995995995996	182746	0.2850643989847792	0.29253954764909507	0.42806486632172097	7094	0.16007854491795895	0.16007854491795895	0
0.9844844844844844	132446	0.33754808169994466	0.3427790227580709	0.38347727199387793	7024	0.15276422434528317	0.15276422434528317	0
0.9574574574574575	144276	0.2682086290500785	0.2733208646274588	0.4295065105583596	7176	0.10695821245745131	0.10695821245745131	0
0.9529529529529529	282218	0.3271429814188481	0.33754807287346444	0.445227341530515	7234	0.11850921745547187	0.11850921745547187	0
0.9564564564564565	141118	0.23831672439814494	0.24395594782993105	0.41097944959204563	6902	0.1545391007816319	0.1545391007816319	0
0.9084084084084084	156196	0.21903801199338227	0.22296709222684186	0.42086882314744645	6588	0.10295413930399	0.10295413930399	0
0.9529529529529529	335944	0.22144945504222666	0.22431375986984556	0.4474353591447336	7360	0.053229962444541826	0.053229962444541826	0
0.9284284284284284	176962	0.2843958572580479	0.2912854390793298	0.42133816861836326	7108	0.10577837393181168	0.10577837393181168	0
0.9194194194194194	241528	0.4967394594630222	0.4979386452640053	0.4374482690453223	6948	0.154386598837304	0.154386598837304	0
0.8983983983983984	141906	0.10582619511610684	0.1217929186184909	0.41615716529484964	6606	0.10909809854382041	0.10909809854382041	0
0.9374374374374375	214676	0.382896687994596	0.38915736334023976	0.42841979162378396	7120	0.14284453702062036	0.14284453702062036	0
0.9574574574574575	142334	0.05686792392635861	0.0664448337591718	0.40481779503140647	7172	0.06435948953115872	0.06435948953115872	0
0.9219219219219219	102178	0.18407718817255414	0.1984733285431564	0.40523261447253556	6932	0.11619477939982083	0.11619477939982083	0
0.954954954954955	280930	0.47475181270917	0.47751273753741463	0.43004529627159815	7130	0.0993741079553415	0.0993741079553415	0
0.928928928928929	222614	0.31399667507483375	0.3218167087684103	0.4341916141437276	7094	0.20451392749506023	0.20451392749506023	0
0.9119119119119119	146002	0.313647248868903	0.3227654404413149	0.401328523719746	6784	0.10068452964160518	0.10068452964160518	0
0.9319319319319319	262490	0.4507169282570558	0.4537658861764536	0.41870743563037993	6976	0.13402078569522283	0.13402078569522283	0
0.9864864864864865	177166	0.26752067173456073	0.2714148792213771	0.4218046607388239	7380	0.12217417818828892	0.12217417818828892	0
0.9564564564564565	275456	0.46618955845873994	0.46968979907013164	0.4422889794267743	7254	0.11062141823007299	0.11062141823007299	0
0.9744744744744744	266784	0.5872246103310459	0.5853443028929177	0.43937614415992526	7162	0.1884625507095648	0.1884625507095648	0
0.9719719719719719	207536	0.1949032889282558	0.20022625504226543	0.42930964484742895	7274	0.12154584678454387	0.12154584678454387	0
0.9369369369369369	152522	0.1698487385736583	0.17265017806277416	0.4186079423604061	7216	0.08081130250811965	0.08081130250811965	0
0.9694694694694694	181224	0.23674789788930875	0.24525397788508901	0.4197315118481723	7226	0.12543827750369213	0.12543827750369213	0
0.9314314314314315	185010	0.3648248185504118	0.36981354674436956	0.4195770408601496	7002	0.09690763753234012	0.09690763753234012	0
0.9854854854854855	143584	0.13267374131451046	0.1399145193878479	0.3997625048965395	7292	0.05188702397500476	0.05188702397500476	0
0.9259259259259259	257894	0.34052901423298143	0.34481052464557427	0.4386741538045593	6910	0.10242591998295186	0.10242591998295186	0
0.943943943943944	168932	0.4427102022239178	0.4478902894983939	0.4258560955496189	6808	0.15847329956553993	0.15847329956553993	0
0.9324324324324325	187122	0.19724910842971233	0.19988302093976726	0.42649217550323826	7018	0.1254659437292119	0.1254659437292119	0
0.9304304304304304	167774	0.30758603425470626	0.31874851248017105	0.42885150558676227	7106	0.09871842541002179	0.09871842541002179	0
0.9039039039039038	132094	0.37083618752450886	0.3782930787879548	0.42641091692525146	6756	0.15371623783865368	0.15371623783865368	0
0.8933933933933934	157666	0.32255233420840507	0.3304076263606412	0.4241333779210779	6782	0.14032342180935803	0.14032342180935803	0
0.8683683683683684	191544	0.2850152814573745	0.28620888283775475	0.4399425977737297	6608	0.11108305185549451	0.11108305185549451	0
0.9134134134134134	192528	0.29030886424804914	0.2984019286714489	0.43065977863478455	6744	0.12506018642956712	0.12506018642956712	0
0.9409409409409409	163104	0.32346152481300217	0.3365420739105982	0.4168699983936563	6994	0.14264510128384064	0.14264510128384064	0
0.9614614614614615	214964	0.45628859694218193	0.45686081669880785	0.4259801312793036	7270	0.16283211653458593	0.16283211653458593	0
0.9519519519519519	273812	0.4143668163581889	0.4122132545361395	0.4426479353212001	7274	0.18943055102344677	0.18943055102344677	0
0.9544544544544544	184188	0.29128318629869865	0.30118024018586664	0.41197885593953903	7092	0.10877458753423627	0.10877458753423627	0
0.9324324324324325	201692	0.31406444113295107	0.3145777151358335	0.4286916294031546	7068	0.14800046995654065	0.14800046995654065	0
0.8213213213213213	115358	0.41473561648347046	0.41917119197798625	0.4263128771199692	6092	0.116431786791382	0.116431786791382	0
0.9369369369369369	114522	0.09859463293147028	0.10175282485874876	0.3970859175805274	7040	0.09150475239833317	0.09150475239833317	0
0.8628628628628628	170066	0.43916144010243596	0.44486684578249974	0.43419472732603004	6508	0.16839095118268443	0.16839095118268443	0
0.9109109109109109	177204	0.24033839633590037	0.24749629659899283	0.42977553023550463	6702	0.11839373040571148	0.11839373040571148	0
0.8868868868868869	165052	0.32726691646377704	0.32815862407773055	0.42842707137262304	6748	0.14180997562329778	0.14180997562329778	0
0.928928928928929	146670	0.13237900550052606	0.13715846925760125	0.42111792206603593	7110	0.12424507431891682	0.12424507431891682	0
0.962962962962963	217818	0.28626820089585564	0.29168605692149696	0.4379574221351669	7160	0.09299075375355435	0.09299075375355435	0
0.8868868868868869	168270	0.3684029779069332	0.368153005706789	0.44101581642133286	6778	0.1575439835071962	0.1575439835071962	0
0.9014014014014013	142544	0.36639191695926865	0.37389072811083107	0.41783739813475823	6860	0.15648495927428605	0.15648495927428605	0
0.9824824824824825	168658	0.1658312292473403	0.1717312549682349	0.4267268709427658	7442	0.10858830260998377	0.10858830260998377	0
0.9444444444444444	163686	0.3281686771093952	0.330658994829964	0.4355817397379072	7208	0.17360914952207976	0.17360914952207976	0
0.9619619619619619	122494	0.3714928494361616	0.37899426725403157	0.4093043407414165	7272	0.14287495995924032	0.14287495995924032	0
0.9114114114114114	275952	0.28031346000342655	0.2861296894159874	0.44910629959652515	6904	0.11179899837208052	0.11179899837208052	0
0.8718718718718719	219872	0.44639595602664833	0.4470044347832848	0.4382442556819676	6546	0.15542448578486132	0.15542448578486132	0
0.9279279279279279	121624	0.24542347290042626	0.2511838438856944	0.423951777341345	7034	0.14589688825245434	0.14589688825245434	0
0.8898898898898899	200728	0.3557786020947921	0.35677558448875346	0.4343787481742923	6724	0.15071922980903565	0.15071922980903565	0
0.9329329329329329	150546	0.1764772812822186	0.1808689525948739	0.4290671202470539	7186	0.08798105304350269	0.08798105304350269	0
0.9079079079079079	136062	0.26687547564873226	0.27623751169534905	0.40697643408321055	6816	0.1035207707237631	0.1035207707237631	0
0.9874874874874875	163336	0.28325182602420806	0.29597985126014814	0.41166034828536874	7218	0.12728456925069115	0.12728456925069115	0
0.9419419419419419	215600	0.3620940993060628	0.37046535388264956	0.43359903494939783	7042	0.1137920151375308	0.1137920151375308	0
0.9714714714714715	188220	0.24773438572794484	0.2538037518208599	0.4262843915172005	7362	0.15623415297651516	0.15623415297651516	0
0.9619619619619619	129322	0.15554700097823626	0.1669720953934466	0.4133779782168317	7238	0.1345749611848495	0.1345749611848495	0
0.934934934934935	127372	0.3393096737019169	0.3391556588133432	0.41190202533892023	7020	0.20047349281107166	0.20047349281107166	0
0.9574574574574575	147672	0.13578913142659016	0.14266216823171873	0.4078063456855023	7146	0.0671946275454983	0.0671946275454983	0
0.9039039039039038	180894	0.3469563227868955	0.3491933564457289	0.42348522203247313	6640	0.16751543274297076	0.16751543274297076	0
0.9309309309309309	241032	0.342810088293702	0.34884971559444916	0.4304989389803006	7010	0.1832457559332789	0.1832457559332789	0
0.992992992992993	209856	0.30005185461233375	0.3109309769187525	0.4102041905400305	7408	0.10444868517784317	0.10444868517784317	0
0.9669669669669669	164104	0.3282800569493811	0.3342358355503889	0.4185198719893391	7272	0.15345028199076688	0.15345028199076688	0
0.9129129129129129	162168	0.09578165424255006	0.09960381496344296	0.40889604115339956	6822	0.055372771140543946	0.055372771140543946	0
0.950950950950951	126278	0.211961576983196	0.2183285433202489	0.3975777917948054	7022	0.12676781425799705	0.12676781425799705	0
0.9564564564564565	164054	0.2657357789862685	0.2711620320769952	0.4213641296315276	7170	0.10956663114863202	0.10956663114863202	0
0.9484484484484484	134568	0.20497455269735987	0.21353570422698046	0.409015990206554	7064	0.13548341874409545	0.13548341874409545	0
0.9279279279279279	172716	0.17374309397625015	0.1803115657918025	0.4202364119163567	6946	0.07684853214156716	0.07684853214156716	0
0.8998998998998999	205978	0.23512439281998523	0.23931944186800996	0.4405422886631654	6622	0.13464133486695912	0.13464133486695912	0
0.8753753753753754	149052	0.3241221961351086	0.3293348254655634	0.4326056674117198	6556	0.16717921249244572	0.16717921249244572	0
0.8703703703703703	150896	0.34079611528975273	0.34709041077273045	0.42193499192226464	6380	0.09029431850412993	0.09029431850412993	0
0.997997997997998	214932	0.3543679782152651	0.3613015004787602	0.42324884412397457	7442	0.12800323699549918	0.12800323699549918	0
0.9434434434434434	207078	0.49578544007868214	0.4963879530163673	0.4414458138639898	7076	0.20006650641509408	0.20006650641509408	0
0.9504504504504504	275894	0.3466840880256885	0.34984355150414664	0.44713893371145025	7306	0.1213435032454319	0.1213435032454319	0
0.8678678678678678	172644	0.3612995438450791	0.3652959765866442	0.4260381347719655	6478	0.13565785150831575	0.13565785150831575	0
0.8403403403403403	122092	0.2502581170623281	0.2586743091142575	0.4203182387240902	6198	0.11148429256040962	0.11148429256040962	0
0.9494494494494494	160954	0.22625632015689615	0.2370120803534774	0.4196979114280399	7016	0.10286645087403465	0.10286645087403465	0
0.987987987987988	154698	0.1805658314386488	0.18940087278939283	0.41184092306642217	7282	0.12627806935871214	0.12627806935871214	0
0.9189189189189189	205436	0.49367906307107834	0.5001069239601821	0.4324385438293823	7000	0.13510192857244394	0.13510192857244394	0
0.9164164164164164	189142	0.36965324068046296	0.3701140203439029	0.42713675664019224	6836	0.1022823491597009	0.1022823491597009	0
0.8213213213213213	105846	0.28105861688455325	0.2887487021870468	0.4085971925992396	6020	0.1548060984773339	0.1548060984773339	0
0.9504504504504504	155612	0.4803076422097278	0.4805947121976181	0.4172369494452206	7166	0.17903107893585474	0.17903107893585474	0
0.9614614614614615	165958	0.2183174579537787	0.2236170299693813	0.4258718436638608	7218	0.08486637029605522	0.08486637029605522	0
0.9774774774774775	163134	0.21642819838526914	0.22398439630258252	0.40891071249640754	7256	0.1064986397122405	0.1064986397122405	0
0.954954954954955	182856	0.21462691226235195	0.21877357469112846	0.42644656536753534	7344	0.13129709332638784	0.13129709332638784	0
0.9214214214214214	226170	0.38122818595824637	0.3853151721988157	0.4449590617042675	6886	0.1537277915418663	0.1537277915418663	0
0.977977977977978	174250	0.3762070446450035	0.38486927585371133	0.41998927987552676	7318	0.20400851018436808	0.20400851018436808	0
0.9834834834834835	115588	0.24642235131167406	0.26118394339072365	0.4090530390309728	7464	0.10760391490186244	0.10760391490186244	0
0.9704704704704705	171620	0.2777777821391955	0.2794388529258921	0.42776206407944234	7266	0.11291314926922269	0.11291314926922269	0
0.9209209209209209	192302	0.17416015236619423	0.17973777999348275	0.42556694866852113	6856	0.07861964386661244	0.07861964386661244	0
0.9519519519519519	175344	0.2350272152020118	0.24222490767128843	0.41869253226517894	7278	0.13804773464772435	0.13804773464772435	0
0.9564564564564565	267818	0.4581902334455755	0.4588269008693187	0.4350363326315829	7054	0.09844158723282163	0.09844158723282163	0
0.9579579579579579	163674	0.3270124743069599	0.33022212386960953	0.41849944422589935	7180	0.14174539971230546	0.14174539971230546	0
0.8983983983983984	129180	0.22992881351974181	0.24048862963775577	0.4153662890776088	6644	0.11734049138396345	0.11734049138396345	0
0.9624624624624625	183430	0.39642144593522466	0.40004504711198097	0.41807132180564377	7162	0.10508422258534368	0.10508422258534368	0
0.9464464464464465	215174	0.36602857147822404	0.3661684723358205	0.44706744718030333	7134	0.11041778558461247	0.11041778558461247	0
0.9529529529529529	148992	0.19354008396952335	0.20851935952862793	0.4118806734247627	7334	0.08050601017741418	0.08050601017741418	0
0.9294294294294294	157768	0.3570787598412338	0.3583973910724598	0.43335661973898354	6988	0.1832812627144296	0.1832812627144296	0
0.9434434434434434	144294	0.2879926259021471	0.2981640913419598	0.4152160272888637	7194	0.15187263454442917	0.15187263454442917	0
0.8963963963963963	122458	0.3579248004325625	0.35497613453348853	0.4130403057114305	6760	0.2081313789379735	0.2081313789379735	0
0.955955955955956	138856	0.2334840302075366	0.24037571253424167	0.41431877477948476	7178	0.1214806027948446	0.1214806027948446	0
0.8728728728728729	188542	0.3877099032521012	0.3859332467083298	0.43250287015308464	6392	0.13662426865344132	0.13662426865344132	0
0.8513513513513513	145538	0.30901529472716355	0.31356635860463444	0.422941480589105	6514	0.11984826929605029	0.11984826929605029	0
0.9794794794794794	256568	0.551848688042398	0.5543887306661617	0.4263559557429957	7330	0.14481471140630098	0.14481471140630098	0
0.9354354354354354	222534	0.394853288896155	0.3988979069676764	0.4360154764901168	6906	0.11646698198653933	0.11646698198653933	0
0.9029029029029029	199514	0.16708379435865947	0.17440257750193006	0.43977687325180986	6888	0.12306447323115013	0.12306447323115013	0
0.9274274274274275	204600	0.3113938009677683	0.3115210783774987	0.42253789420110305	6948	0.13802553531732267	0.13802553531732267	0
0.958958958958959	165678	0.2794382090114954	0.2834899101722678	0.42041560546123957	7064	0.08910606995571922	0.08910606995571922	0
0.9564564564564565	155016	0.27433672906766876	0.28411052831796213	0.4159129520183357	7190	0.173826978087066	0.173826978087066	0
0.8988988988988988	146204	0.21661341460606548	0.2250123693697422	0.43156441122363626	6820	0.12866410140723192	0.12866410140723192	0
0.9409409409409409	125032	0.21118962824149468	0.21747879550490906	0.40157461662858923	6882	0.10479513514147398	0.10479513514147398	0
0.9239239239239239	179214	0.24760645879379428	0.24898074889608085	0.42547778444670786	6894	0.1452085614316973	0.1452085614316973	0
0.9769769769769769	152402	0.3430138496295895	0.3513994393086346	0.4215539884099557	7144	0.1185683871387478	0.1185683871387478	0
0.9124124124124124	146652	0.2526893944496224	0.25617065194109967	0.42208887141486945	6798	0.14894101455561157	0.14894101455561157	0
0.9119119119119119	198658	0.4070801468362434	0.4095345241231275	0.44328977943450143	6768	0.16583897767624106	0.16583897767624106	0
0.9259259259259259	159484	0.27621699353601303	0.28386136814210605	0.41138820258108355	6840	0.11355178498377547	0.11355178498377547	0
0.938938938938939	214234	0.3932290931278026	0.3945968706294915	0.4340466963257952	7008	0.12297433402935788	0.12297433402935788	0
0.9379379379379379	158410	0.11981370423528591	0.12937777304145331	0.4238987558756369	7062	0.10044257752829111	0.10044257752829111	0
0.8723723723723724	181424	0.3334621150387611	0.33505145336535025	0.4400121997538738	6586	0.13147209136276944	0.13147209136276944	0
0.964964964964965	171860	0.31727989178172517	0.3216156516073963	0.42163644502920955	7288	0.14924424718999227	0.14924424718999227	0
0.9534534534534534	186712	0.20617227943906932	0.2136781498052546	0.4187591572156761	7028	0.11217053645147655	0.11217053645147655	0
0.9169169169169169	134320	0.21169037827354165	0.2203114770321607	0.42575533781835334	6790	0.09420504470025749	0.09420504470025749	0
0.8848848848848849	182954	0.10804479181702656	0.11871134991832548	0.4258269286776946	6654	0.11766000656474024	0.11766000656474024	0
0.9059059059059059	181610	0.32120788993460575	0.3259747516484865	0.42407468025661177	6682	0.1232468093774135	0.1232468093774135	0
0.8958958958958959	151882	0.35473941174513784	0.358896065969154	0.428197634877396	6806	0.1574661961961354	0.1574661961961354	0
0.978978978978979	217122	0.33113402768663214	0.33722169553467785	0.4254706740915783	7292	0.11013296464167466	0.11013296464167466	0
0.9134134134134134	123768	0.17189393726550606	0.18279986394126438	0.4218873727997347	6972	0.10864313987917813	0.10864313987917813	0
0.8973973973973974	166654	0.1695392543642492	0.1773969015745324	0.42584356544466817	6896	0.1057808660199174	0.1057808660199174	0
0.9714714714714715	271078	0.3363977159161774	0.33928195878626716	0.4364072513261363	7256	0.0914849110089675	0.0914849110089675	0
0.9494494494494494	212752	0.35780775512609797	0.3601923467985566	0.44138762053370284	7176	0.11194263672841559	0.11194263672841559	0
0.934934934934935	182228	0.25847743329235695	0.2658531184552853	0.4329407382055648	6928	0.12332517137147708	0.12332517137147708	0
0.9684684684684685	199802	0.37675923707956943	0.37988488645205043	0.4273448646606126	7310	0.13954284614693255	0.13954284614693255	0
0.9784784784784785	153630	0.31082151267650754	0.32629402873954055	0.4152010110231222	7284	0.09301698678910497	0.09301698678910497	0
0.9079079079079079	214140	0.3802614973529279	0.3789104414183859	0.43624163708538916	6834	0.16246513315128197	0.16246513315128197	0
0.9219219219219219	186124	0.28233016361885976	0.2900967711625218	0.42706317523078696	6884	0.11613487038865146	0.11613487038865146	0
0.8983983983983984	147936	0.2174673371356503	0.22122004647651275	0.4157283464858383	6668	0.10818258119899972	0.10818258119899972	0
0.8983983983983984	157888	0.29555222180745405	0.29911267252352663	0.43076819069934663	6698	0.1362839203399261	0.1362839203399261	0
0.9694694694694694	184852	0.36471254993984586	0.36610048176486776	0.43489571304077784	7312	0.14298139271680566	0.14298139271680566	0
0.9354354354354354	155896	0.17427161224549098	0.18330088919144227	0.404569485783941	6856	0.09378663080213871	0.09378663080213871	0
0.9374374374374375	214742	0.25683528444538617	0.26147441150135997	0.42820327725203716	7050	0.07460531411226266	0.07460531411226266	0
0.9209209209209209	141432	0.3139295817027236	0.3164615089765745	0.4302825302882911	6886	0.13759609032000752	0.13759609032000752	0
0.94994994994995	200536	0.4114277335783424	0.41221264767930293	0.4210548391630964	7154	0.11351521039773776	0.11351521039773776	0
0.9354354354354354	191310	0.3520058535651895	0.35924512001779024	0.43966688072985044	7094	0.12722542861976538	0.12722542861976538	0
0.9894894894894894	171444	0.17820779661745834	0.1859612060586707	0.4281951553938205	7408	0.08898605842094001	0.08898605842094001	0
0.9069069069069069	143552	0.18266951202760234	0.1875506560396257	0.40372322028131297	6616	0.10098282956960362	0.10098282956960362	0
0.9404404404404404	140112	0.14888490203256033	0.15068022600586814	0.40550986339093403	6888	0.11231682630645237	0.11231682630645237	0
0.96996996996997	256552	0.3320089425011992	0.3444163920564745	0.43683035635723827	7468	0.1238216788853003	0.1238216788853003	0
0.9774774774774775	193418	0.3310212552333928	0.3342946277646098	0.4183082939520924	7336	0.10340057201357783	0.10340057201357783	0
0.9209209209209209	230356	0.23197617761866784	0.2439119738032087	0.4384567035894771	6972	0.15254532458600345	0.15254532458600345	0
0.9769769769769769	140764	0.2523509649968033	0.2622224136667244	0.42047304571189487	7324	0.12887019363677474	0.12887019363677474	0
0.9459459459459459	245982	0.4910776710900032	0.4954940135563158	0.4273861044131437	7110	0.14628786406459146	0.14628786406459146	0
0.972972972972973	295236	0.34250243562002763	0.34960278350135526	0.44716678498475254	7294	0.08385877462174716	0.08385877462174716	0
0.914914914914915	173962	0.19600945586414814	0.20505088319936238	0.41937231940989833	6808	0.1349324339859902	0.1349324339859902	0
0.8243243243243243	251404	0.2944478441695667	0.2965530813678001	0.4376680837110665	6130	0.1698389312530031	0.1698389312530031	0
0.9409409409409409	217374	0.40659989941279756	0.4084526608456707	0.44317050063089	6896	0.1342838481221027	0.1342838481221027	0
0.934934934934935	314100	0.3316913537620947	0.34045814256575674	0.4407801576864054	6986	0.1405971930482761	0.1405971930482761	0
0.9634634634634635	150284	0.06867260843922074	0.0724399596301116	0.41301050076504575	7414	0.09636581894663669	0.09636581894663669	0
0.9864864864864865	154652	0.2800733848487088	0.29004605336459605	0.41629697858331677	7378	0.13058033728201748	0.13058033728201748	0
0.950950950950951	156836	0.32885762151554077	0.33374384606220686	0.42375880261889254	7210	0.1371754298157371	0.1371754298157371	0
0.8748748748748749	173798	0.2660905651307431	0.27242486634640983	0.4377753037892215	6712	0.16451724677406168	0.16451724677406168	0
0.9544544544544544	216038	0.2868845554002755	0.295698606058618	0.4085214382906814	6892	0.0881186722045679	0.0881186722045679	0
0.9274274274274275	175166	0.275269930093484	0.2767618677938218	0.3966074748421977	6704	0.12361673117988713	0.12361673117988713	0
0.9414414414414415	122910	0.16373797463955964	0.16959407008483487	0.39467809661679554	6900	0.09965193423699921	0.09965193423699921	0
0.9214214214214214	198590	0.2527808854140266	0.2665269407771966	0.4186348299023915	6926	0.11126990890010276	0.11126990890010276	0
0.9139139139139139	242678	0.472993170222226	0.4811242532299917	0.44711226385567354	6768	0.13682555285436476	0.13682555285436476	0
0.953953953953954	214772	0.3798693356633711	0.392806834935107	0.43051031133837586	7042	0.14789340131747808	0.14789340131747808	0
0.968968968968969	193112	0.1635301361048757	0.17272503312985762	0.4106064955683278	6870	0.13664802804807416	0.13664802804807416	0
0.8438438438438438	229950	0.3256636797591415	0.3297514690771483	0.44070081044731196	6214	0.13871868700221152	0.13871868700221152	0
0.9694694694694694	195714	0.4518878442012102	0.4546064132340251	0.42333298964763205	7204	0.13380818098738168	0.13380818098738168	0
0.9534534534534534	202512	0.11285683672276249	0.11772512752472306	0.4353702102420829	7344	0.05383152094261118	0.05383152094261118	0
0.9164164164164164	185702	0.29445022659825376	0.30099683047719245	0.4378381806077003	6912	0.14994107661313427	0.14994107661313427	0
0.9619619619619619	145146	0.23284580718516135	0.23875833132799557	0.40702667842243295	7088	0.11883608350173985	0.11883608350173985	0
0.94994994994995	167368	0.2818255235606073	0.28763178714783577	0.4195710468857088	7162	0.11908635060465395	0.11908635060465395	0
0.9459459459459459	249960	0.31978190518784544	0.3239884933011584	0.43359145747397393	7080	0.0981277925462115	0.0981277925462115	0
0.9429429429429429	165304	0.3311687701244519	0.34097485756891616	0.43059759715253826	7158	0.14921739136379922	0.14921739136379922	0
0.8993993993993994	125334	0.20568553689673696	0.20939398242936938	0.40760348429669097	6666	0.10817623909093803	0.10817623909093803	0
0.9434434434434434	191896	0.19548687603086756	0.20013059867537825	0.41763069198790465	6932	0.09004416953283448	0.09004416953283448	0
0.8703703703703703	148734	0.24965958814732653	0.2530724289041233	0.42817450065736057	6506	0.16807984870839598	0.16807984870839598	0
0.9704704704704705	166574	0.07698488388427874	0.08320284740175166	0.41727108427603693	7276	0.07164443733370246	0.07164443733370246	0
0.9259259259259259	101888	0.2827188030209366	0.28725800206885965	0.38740562020028224	6854	0.197379028560111	0.197379028560111	0
0.95995995995996	176508	0.17706587347631217	0.18239951415957553	0.42396203438586144	7258	0.06517140155889395	0.06517140155889395	0
0.8293293293293293	155648	0.2214058383766117	0.22860832625862879	0.42589711985283235	6144	0.08612658918420665	0.08612658918420665	0
0.9374374374374375	87136	0.12766590222676924	0.13199483091080072	0.35814707292970094	6696	0.08153587429457042	0.08153587429457042	0
0.93993993993994	277046	0.5304373882736166	0.5366496187431028	0.445830429114007	7084	0.10180404577249733	0.10180404577249733	0
0.985985985985986	180418	0.3134097252596367	0.31730561259290074	0.4189022384096935	7408	0.11937005331599257	0.11937005331599257	0
0.9524524524524525	309048	0.3183647603152086	0.32535602079012327	0.4372827154519004	7172	0.13953959740868557	0.13953959740868557	0
0.965965965965966	181290	0.35835401742709877	0.3661373211029835	0.4251102197933933	7216	0.1263826544682656	0.1263826544682656	0
0.8978978978978979	144278	0.23308063694739437	0.23949684408197863	0.4129139476049762	6504	0.17128708916027105	0.17128708916027105	0
0.9754754754754755	184192	0.2774229538060247	0.2824671849031382	0.4193466661790098	7246	0.09867472455662872	0.09867472455662872	0
0.9204204204204204	161540	0.3750394322371355	0.377872963436645	0.42299300645326493	6888	0.19372211791402322	0.19372211791402322	0
0.9444444444444444	150664	0.3082273558506666	0.32054613099068363	0.4238784560495364	7134	0.17748900411689525	0.17748900411689525	0
0.964964964964965	196302	0.25387296534775394	0.25789067270310717	0.4157397455960692	7178	0.12825177502383053	0.12825177502383053	0
0.980980980980981	190084	0.22616520866656953	0.23394664401036863	0.4108244540266863	7280	0.12569311818090567	0.12569311818090567	0
0.9764764764764765	134332	0.20371281063994123	0.2058432654263734	0.4190853207333203	7380	0.09087596615266973	0.09087596615266973	0
0.9844844844844844	201598	0.21007719275406073	0.21385770194189907	0.4200913944201603	7200	0.09602965051270333	0.09602965051270333	0
0.9334334334334334	146938	0.24280544413530813	0.24417506015504095	0.4234762795936971	7040	0.13585584387901795	0.13585584387901795	0
0.9124124124124124	219148	0.4543636361108159	0.4566257195485541	0.43834312711216833	6878	0.13283238566895245	0.13283238566895245	0
0.9624624624624625	121508	0.2763168986214411	0.27821049497514333	0.38345569909687344	7084	0.13699963902547038	0.13699963902547038	0
0.9024024024024024	210630	0.2671155440073081	0.27311842732648633	0.43343316579761776	6820	0.1328982040398203	0.1328982040398203	0
0.9274274274274275	133506	0.06528033530877264	0.07153635244181877	0.40120922141181453	6796	0.06944582133191285	0.06944582133191285	0
0.9319319319319319	248492	0.33817790865469866	0.33969037882815395	0.4413199348837928	7032	0.12472984854994285	0.12472984854994285	0
0.9384384384384384	199352	0.34461911345832896	0.34608854638749553	0.42502365746253906	7038	0.17557108902018126	0.17557108902018126	0
0.9379379379379379	162080	0.06107476438345557	0.0659839838188934	0.41238144699707674	7124	0.06162381427688531	0.06162381427688531	0
0.944944944944945	208610	0.28697697919349757	0.2947309856028302	0.43670626875228763	7094	0.10349833302253135	0.10349833302253135	0
0.9394394394394394	186760	0.407090421591579	0.4101273858246707	0.42666352135872465	7048	0.14685233120986518	0.14685233120986518	0
0.9374374374374375	173804	0.17942315409725293	0.18691721793341778	0.41848253027329135	7080	0.08268638851638546	0.08268638851638546	0
0.9619619619619619	230314	0.4236527678740351	0.4216840242552194	0.42315914432420665	7150	0.1132514409755141	0.1132514409755141	0
0.9189189189189189	204952	0.24702804173645274	0.25139190168958436	0.4293091871743954	6784	0.11560098204992766	0.11560098204992766	0
0.982982982982983	150088	0.3097028138439585	0.31460659189057505	0.4135099857639825	7116	0.11965114165458626	0.11965114165458626	0
0.8298298298298299	107126	0.15719648234337244	0.16148454667775367	0.41043690056788057	6126	0.10861736867376691	0.10861736867376691	0
0.9654654654654655	163510	0.19626644241963037	0.20854602456272722	0.4267069420332563	7386	0.09041186442400224	0.09041186442400224	0
0.8923923923923924	213144	0.2482061341455033	0.2527943530977441	0.42291520108879327	6662	0.05845999960134271	0.05845999960134271	0
0.8178178178178178	177118	0.40624459539197644	0.40777765581099856	0.44356250048971374	6240	0.1543002506979636	0.1543002506979636	0
0.9209209209209209	189272	0.3004275075945626	0.303387754769538	0.4393403192775302	6996	0.1285515318895573	0.1285515318895573	0
0.9354354354354354	155960	0.13079005397420804	0.13761263269547663	0.41173760453844216	7074	0.044901084486182095	0.044901084486182095	0
0.9434434434434434	183344	0.390142632693076	0.39655214090460933	0.433806282208401	7166	0.17295414466517586	0.17295414466517586	0
0.9529529529529529	138186	0.10856163558807216	0.11742290425736253	0.4064856543374205	7108	0.09798193652217288	0.09798193652217288	0
0.9804804804804805	180148	0.3032679183710601	0.3057523278326062	0.4143644211801442	7324	0.1605777065734423	0.1605777065734423	0
0.8373373373373374	169440	0.37557026607024946	0.37788786369134164	0.4426023985832483	6304	0.17720958884835766	0.17720958884835766	0
0.9874874874874875	204672	0.37620014821923303	0.3749431032929128	0.43240594212436045	7328	0.10240356857418187	0.10240356857418187	0
0.9404404404404404	123498	0.2569310499468759	0.26096245059353174	0.42233760123769976	7028	0.11681093074974705	0.11681093074974705	0
0.965965965965966	242888	0.41258316993502253	0.4145248770115258	0.4306532714129969	7260	0.15711114721932845	0.15711114721932845	0
0.96996996996997	147552	0.24798775529087227	0.2603673671725276	0.4021677937096735	7060	0.10672383207388231	0.10672383207388231	0
0.9634634634634635	160630	0.20497921242079636	0.20703315705564918	0.41514709553552215	7248	0.11031704916086658	0.11031704916086658	0
0.8728728728728729	270664	0.5428330556603866	0.5433717165276365	0.44278502622828936	6542	0.15576801076503494	0.15576801076503494	0
0.934934934934935	250644	0.3226586428608357	0.3290311526611332	0.4492567714090598	7058	0.10985630662723239	0.10985630662723239	0
0.9654654654654655	214324	0.35803285711076205	0.3618571904366862	0.42402400804230306	7294	0.14301411739391814	0.14301411739391814	0
0.958958958958959	280894	0.5632393280233675	0.5624249568397738	0.44126999167626874	7224	0.16852775675627038	0.16852775675627038	0
0.9619619619619619	147562	0.21571369985927183	0.22549708536093732	0.41281909502361097	7304	0.09078458608282255	0.09078458608282255	0
0.9369369369369369	173864	0.29212900971171113	0.2948104143895886	0.44260237879437025	7026	0.10667605310473037	0.10667605310473037	0
0.948948948948949	163520	0.25760725656824973	0.26325453058061826	0.4253221596099028	7178	0.12886627451460395	0.12886627451460395	0
0.9444444444444444	157240	0.2434653421365665	0.25673624789136107	0.4299067319807926	7286	0.09947659896680097	0.09947659896680097	0
0.9794794794794794	189296	0.28462973495836036	0.2874441371366053	0.43668297599700306	7434	0.10311946145178427	0.10311946145178427	0
0.9214214214214214	187216	0.35840999581618965	0.36823167203927093	0.4279725197530819	6838	0.12940597536402534	0.12940597536402534	0
0.974974974974975	201000	0.3982339209655833	0.40107645628648414	0.4260254921895017	7514	0.1482886804447013	0.1482886804447013	0
0.9269269269269269	222388	0.38541640905188157	0.38701927754225607	0.4367315309263449	6926	0.13648417395550405	0.13648417395550405	0
0.9524524524524525	180292	0.25938009328700123	0.26493251121408795	0.4247402706417663	7030	0.11846510602699693	0.11846510602699693	0
0.9019019019019019	271800	0.432203729024946	0.440888511658328	0.4379362671006455	6710	0.1156009024405593	0.1156009024405593	0
0.9654654654654655	156818	0.3932316619227585	0.3967174732509452	0.4275694468459052	7204	0.15636407762742582	0.15636407762742582	0
0.9114114114114114	101568	0.30941272927425567	0.3140010635874533	0.4204433873117189	6846	0.16511360017101215	0.16511360017101215	0
0.9594594594594594	228772	0.41476808906612467	0.4171385819108128	0.4339916618478475	7288	0.08586516480425885	0.08586516480425885	0
0.9564564564564565	151110	0.3674212643857027	0.367071701528519	0.4106763379206362	7140	0.18582271810221548	0.18582271810221548	0
0.9379379379379379	130570	0.33626706872111706	0.3403394905726342	0.4138576791494272	7038	0.12568097387417848	0.12568097387417848	0
0.9069069069069069	148502	0.15365808389938532	0.16194136231926332	0.41844974096384463	6870	0.10143077764185089	0.10143077764185089	0
0.8953953953953954	207526	0.1395899950022788	0.14565663215273733	0.43422976808056624	6730	0.11806199095111901	0.11806199095111901	0
0.8908908908908909	274054	0.4109580185731863	0.41247593118582276	0.446420888757101	6722	0.1387636806793888	0.1387636806793888	0
0.9139139139139139	184838	0.49642693511132197	0.4918333920652914	0.43057424721586185	6666	0.22780857526778292	0.22780857526778292	0
0.9444444444444444	173706	0.42385408432833455	0.4282273971928703	0.41645157209727074	7078	0.1495572352444815	0.1495572352444815	0
0.8963963963963963	249296	0.379993956416186	0.38837662764298986	0.4465302311374808	6824	0.17225320333436572	0.17225320333436572	0
0.9394394394394394	141452	0.26014486158669275	0.26102973402039237	0.4199718264858295	7006	0.19718183937665398	0.19718183937665398	0
0.9084084084084084	206056	0.3349217311037101	0.3407043301884857	0.44173020284577613	6908	0.12457173784645255	0.12457173784645255	0
0.980980980980981	143554	0.20724727454623137	0.21708342185625412	0.4169358522168915	7208	0.08858700378465331	0.08858700378465331	0
0.8998998998998999	164572	0.19484231648549336	0.20289317724085315	0.41930534146235293	6602	0.10557019413121882	0.10557019413121882	0
0.9359359359359359	222878	0.2261448621888055	0.2311794822209441	0.4178321503252267	7072	0.056901578222557994	0.056901578222557994	0
0.9824824824824825	151366	0.21246270692675256	0.21966424909751217	0.42852055554667773	7458	0.12198714581649166	0.12198714581649166	0
0.9529529529529529	131274	0.18340520003064661	0.1896616860425096	0.41447913675017173	7182	0.09642898384327865	0.09642898384327865	0
0.9224224224224224	162950	0.33295770936292013	0.335948358389452	0.41872602488711297	6968	0.1424153408133604	0.1424153408133604	0
0.8913913913913913	129622	0.29095448928935197	0.2927141601710656	0.42851203773036195	6630	0.14515910811672683	0.14515910811672683	0
0.8833833833833834	198116	0.36473746721692935	0.3727198132298741	0.44401635522954236	6780	0.12027804380584223	0.12027804380584223	0
0.9569569569569569	194854	0.48001734014666714	0.47409614656717275	0.433405276982678	7272	0.15977305496306696	0.15977305496306696	0
0.8053053053053053	148292	0.3271806074112156	0.3322983684614278	0.4353085528140607	6134	0.1742408282455316	0.1742408282455316	0
0.9014014014014013	157536	0.27456176544507244	0.2779840791492806	0.4269399793867192	6710	0.12219184311478332	0.12219184311478332	0
0.9109109109109109	139318	0.25045699707691665	0.2574036227052322	0.420931480606969	6826	0.17312473961022465	0.17312473961022465	0
0.9519519519519519	138668	0.1927674815870784	0.1965825548879078	0.40910038823695155	7072	0.11783414268599603	0.11783414268599603	0
0.953953953953954	230606	0.35044361742058244	0.3555358901614704	0.4183112347434408	7038	0.1549465211236657	0.1549465211236657	0
0.8243243243243243	125566	0.16048981858193978	0.16894827846605096	0.423509562924624	6250	0.08392131065442716	0.08392131065442716	0
0.9724724724724725	233930	0.5426935302381338	0.5479750475100966	0.43737621803654614	7312	0.1526186713763458	0.1526186713763458	0
0.9574574574574575	210498	0.4391172235499508	0.4390803305982445	0.43769356178810725	7238	0.17851609572217084	0.17851609572217084	0
0.91991991991992	217286	0.444928671952574	0.4538069441985874	0.43039123291240006	6900	0.09782399697389806	0.09782399697389806	0
0.9469469469469469	182862	0.16627499134078852	0.1733324135800536	0.42071317045897566	7124	0.08558032725607145	0.08558032725607145	0
0.9419419419419419	151168	0.23560356727219373	0.24402087926827307	0.4042238044339683	6956	0.11954851705537799	0.11954851705537799	0
0.9409409409409409	187618	0.2918360431383143	0.29484860885862246	0.4332581677417366	7150	0.1452389181499741	0.1452389181499741	0
0.96996996996997	231256	0.42927889318393536	0.4339896989919008	0.41818532839447653	6808	0.12720630802499633	0.12720630802499633	0
0.6701701701701701	172550	0.3494245450031504	0.3463521673919817	0.4375573012725005	5008	0.2008088091228219	0.2008088091228219	0
0.9504504504504504	283064	0.3734237132628744	0.3750275131179825	0.43157122152409744	7190	0.07845002209926971	0.07845002209926971	0
0.9274274274274275	163654	0.2758842767188666	0.2882521662666249	0.4323748034504935	7038	0.12329720682120156	0.12329720682120156	0
0.8428428428428428	173212	0.18209181912407726	0.18512453086563843	0.40664102397804175	6118	0.08518084625052509	0.08518084625052509	0
0.958958958958959	219390	0.40056922006938545	0.4046763766724446	0.4352013517026741	7228	0.1052326587617905	0.1052326587617905	0
0.9454454454454454	183712	0.26589437570245184	0.2675010447138246	0.43236719956051073	7108	0.11126781664985094	0.11126781664985094	0
0.9294294294294294	206112	0.3811366558296082	0.3863012798911388	0.41928159608098725	7000	0.11634112766306198	0.11634112766306198	0
0.8763763763763763	98078	0.1479076635935915	0.1552807303691692	0.38344875668753	6440	0.07250521535099351	0.07250521535099351	0
0.9719719719719719	193884	0.33203523311673416	0.3370439334871733	0.42431145526706837	7294	0.1458958202164336	0.1458958202164336	0
0.9484484484484484	218834	0.2766096982566138	0.2860704863946215	0.44268752563386626	7260	0.07670321978142193	0.07670321978142193	0
0.92992992992993	261522	0.4105582595346536	0.41159159520815397	0.449767712220923	7154	0.11058806754409159	0.11058806754409159	0
0.9374374374374375	130874	0.3147315260971618	0.3218543626070709	0.4122290569135932	6934	0.10974964486269674	0.10974964486269674	0
0.9459459459459459	129976	0.19909727189739873	0.2098736252796549	0.41300745441812875	7146	0.13235819624061645	0.13235819624061645	0
0.8953953953953954	238438	0.3767216341689274	0.3832876360987794	0.4504885471296525	6700	0.14292205132963523	0.14292205132963523	0
0.9059059059059059	208754	0.4025612228469947	0.40403277434501955	0.44380920860276607	6960	0.17841102369504788	0.17841102369504788	0
0.9304304304304304	206050	0.41893313954757283	0.4225883305261713	0.44370838522144623	7080	0.1337392248913748	0.1337392248913748	0
0.980980980980981	151022	0.29878612169956215	0.3111981874347545	0.4197235856489623	7356	0.12232785994488335	0.12232785994488335	0
0.94994994994995	185902	0.3982368632810223	0.40154419355556475	0.4274070728308532	7248	0.1448589907606812	0.1448589907606812	0
0.9159159159159159	155634	0.3396332652892899	0.3449619832903132	0.4290137864463593	6786	0.09406594492438371	0.09406594492438371	0
0.9324324324324325	199432	0.39647243340270283	0.39761537833754373	0.43574629854523433	6854	0.10052512704199264	0.10052512704199264	0
0.9454454454454454	150324	0.34644238548326456	0.3487330457804201	0.40648740289769325	7106	0.14791776146964355	0.14791776146964355	0
0.9424424424424425	220316	0.47899269165398833	0.4862960865628021	0.4395756464178326	7236	0.16221028526460707	0.16221028526460707	0
0.9319319319319319	201664	0.24691579709435366	0.2525721054015973	0.4363380059244752	7178	0.08833653498644878	0.08833653498644878	0
0.9664664664664665	141362	0.1773333621921068	0.18152410079977083	0.39716524319763385	7246	0.11317746753915506	0.11317746753915506	0
0.93993993993994	200036	0.3095778190402533	0.314848280637568	0.4316201580281785	7024	0.10971052917948693	0.10971052917948693	0
0.9414414414414415	238178	0.3490995957779351	0.3569830146554142	0.44247235890881537	7056	0.1419922504458424	0.1419922504458424	0
0.954954954954955	230150	0.33556826205296303	0.3391842969912251	0.43789086526320703	7308	0.14784241341745014	0.14784241341745014	0
0.953953953953954	198924	0.25069866233199933	0.2625748303860213	0.4343180604834276	7232	0.09914820536880739	0.09914820536880739	0
0.914914914914915	222754	0.28276296943173385	0.2885865711930651	0.4245895417178723	6826	0.10045622535062768	0.10045622535062768	0
0.9324324324324325	138150	0.19681655863806582	0.2075378474488147	0.40885096864488907	6740	0.12981476548312548	0.12981476548312548	0
0.8423423423423424	165332	0.3377455521065496	0.3460999760532483	0.4341961324156883	6362	0.10821629183309872	0.10821629183309872	0
0.9304304304304304	180766	0.17990474346765953	0.18365891666280254	0.4307505345304414	7058	0.11713545556168817	0.11713545556168817	0
0.9459459459459459	189914	0.16268068084112647	0.1664720992821183	0.4271967373794749	7306	0.07617259607642866	0.07617259607642866	0
0.970970970970971	197558	0.3031913625194094	0.3057925058288001	0.43273956643015826	7384	0.14834286836240218	0.14834286836240218	0
0.7752752752752753	182002	0.5232237589992846	0.5249196469914791	0.45318766294035745	5972	0.18094976605555668	0.18094976605555668	0
0.9634634634634635	198804	0.3261226570830701	0.3264137216353429	0.4368517604735149	7278	0.11577757290196121	0.11577757290196121	0
0.9704704704704705	154902	0.07068576182683298	0.07977409175089101	0.4075137775446145	7282	0.11528264526077785	0.11528264526077785	0
0.9574574574574575	149052	0.30905947515972554	0.315574736209419	0.42213833730710665	7280	0.1325454867224127	0.1325454867224127	0
0.9519519519519519	141968	0.2773040090151966	0.2782292885316496	0.40239299332349443	6970	0.09364902736931148	0.09364902736931148	0
0.9514514514514515	248400	0.30656511891861726	0.3079549837999783	0.43643035332147156	7298	0.11913063003839089	0.11913063003839089	0
0.9419419419419419	237248	0.46156416805887956	0.4676922974655185	0.42925816602904665	6944	0.11604116069908374	0.11604116069908374	0
0.9109109109109109	251832	0.41323662909992726	0.4173893350411856	0.44833227950845966	6814	0.1730579220924796	0.1730579220924796	0
0.9644644644644644	134522	0.24362076512173134	0.2562935242384136	0.4138896353168681	7206	0.16971020740729814	0.16971020740729814	0
0.9634634634634635	120118	0.1622506577529367	0.1755872550273806	0.40231058286771143	6986	0.11544301853513304	0.11544301853513304	0
0.9029029029029029	154376	0.4393157796132777	0.44070823128326936	0.42312022384151304	6608	0.15752700739957795	0.15752700739957795	0
0.9634634634634635	135850	0.3202648531037151	0.3286733068857148	0.39563115713442293	6968	0.11521145207434412	0.11521145207434412	0
