Utilization	Connections(A2A)	Lvl1TraffRatio(A2A)	Lvl1TraffRatioNoIndirect(A2A)	RatioIndirect(A2A)	Connections(AR)	Lvl1TraffRatio(AR)	Lvl1TraffRatioNoIndirect(AR)	RatioIndirect(AR)
0.8926099851705388	2955552	0.5804613833360478	0.5817480867291481	0.46522079056788507	28262	0.17073789264870232	0.17073789264870232	0
0.9290657439446367	2533964	0.5425382549496567	0.5427238647178728	0.4498869562883665	29294	0.15020477020419123	0.15020477020419123	0
0.9403114186851211	1924052	0.46995456603029956	0.4757323968185528	0.44842931346147874	29408	0.17168286079638795	0.17168286079638795	0
0.8678942165101334	2928170	0.5791282325866753	0.5817344036193556	0.4613686642106983	27360	0.18894932294182953	0.18894932294182953	0
0.842560553633218	2428912	0.5313601504448028	0.5360217709002992	0.4562607726506162	26444	0.16862064564358847	0.16862064564358847	0
0.9158428077113199	2064798	0.5049690066398983	0.5093983665883814	0.44440750418711034	28862	0.14462835072016592	0.14462835072016592	0
0.865546218487395	3003708	0.4866859705846398	0.49094186556442515	0.46716241325924956	27332	0.1794021101975004	0.1794021101975004	0
0.9115175481957489	3282284	0.5877256609144287	0.5899862513948549	0.4560551457307614	28734	0.1802110637474927	0.1802110637474927	0
0.9316608996539792	3102498	0.539001743563021	0.539211397167006	0.4575757292795953	29478	0.12072968885232256	0.12072968885232256	0
0.8832179930795848	2431400	0.5006349433275147	0.5026696873850075	0.45699671152601407	27922	0.17810048438809278	0.17810048438809278	0
0.9063272367770637	3892286	0.5695384379872716	0.5746501167907856	0.4667817296763002	28712	0.17639407721488135	0.17639407721488135	0
0.9429065743944637	2309894	0.5290360806019997	0.5337644483781631	0.44907493268550075	29502	0.13217285740365373	0.13217285740365373	0
0.7355412753336629	3182848	0.35775776653696517	0.36164686688103637	0.4692416124372858	23392	0.1704154957989232	0.1704154957989232	0
0.9096638655462185	2322292	0.5466417184378368	0.5487315026481815	0.4539325142282296	28606	0.18125627054477655	0.18125627054477655	0
0.9079337617399901	3464260	0.5953065774830607	0.5975810975297604	0.45962747843856316	28730	0.13211141756528294	0.13211141756528294	0
0.935244686109738	2893780	0.5667326466520347	0.5689099273782068	0.4579180120418893	29154	0.14517364508957056	0.14517364508957056	0
0.893722194760257	3202940	0.6042281941046476	0.6070118523563796	0.4575726042782966	28190	0.16750950490238162	0.16750950490238162	0
0.8246416213544241	2112700	0.5698789126214613	0.5721365010416058	0.4603958184682169	25696	0.2252952709859211	0.2252952709859211	0
0.791275333662877	2386796	0.5171725600704404	0.5209826966961738	0.4670074048589457	24970	0.1963628416614407	0.1963628416614407	0
0.8355165595650025	3699178	0.659879614328376	0.6610927170361954	0.46899213929269207	26428	0.16340373341892792	0.16340373341892792	0
0.9278299555116164	3758368	0.593791853591101	0.5980457358115807	0.4557028643843862	29224	0.15755792169793878	0.15755792169793878	0
0.9043499752842313	3882990	0.6268843002474903	0.6277189344689769	0.4542765691030828	28508	0.12903897298642233	0.12903897298642233	0
0.888902619871478	2368366	0.5446495545163633	0.5474571343806078	0.4563289487514867	27968	0.15659796353486627	0.15659796353486627	0
0.9146070192782996	1943486	0.5734473003916756	0.5752446283525171	0.4483392644824182	28834	0.1672227309340549	0.1672227309340549	0
0.916707859614434	3951890	0.6121980561065471	0.6125378690017375	0.46625058460540464	29090	0.15191960232394813	0.15191960232394813	0
0.860726643598616	4377914	0.5897706435363116	0.591477114507742	0.4614912089956409	27308	0.16393474532805846	0.16393474532805846	0
0.8591201186356896	2467648	0.5602125675694819	0.5615160080106738	0.45362799474620036	27126	0.12604897429498896	0.12604897429498896	0
0.8608502224419179	2751350	0.5072847122733418	0.5103229840669847	0.46364267686405075	27418	0.1299314393389493	0.1299314393389493	0
0.9108996539792388	3013700	0.613267388678253	0.615522906044994	0.45737843723023924	28898	0.1674685551277274	0.1674685551277274	0
0.9107760751359367	2949850	0.5751328288444418	0.5771311720858908	0.45830567755093127	28782	0.13696666088040493	0.13696666088040493	0
0.8974295600593178	2821394	0.5902354544025369	0.5919919857449027	0.45887886242292303	28360	0.15720565913277001	0.15720565913277001	0
0.8489866534849234	2549602	0.5866435540352014	0.589144502257857	0.45898256186692415	26834	0.13632421348074483	0.13632421348074483	0
0.8756796836381612	2223432	0.49099472681265993	0.49719881639640096	0.446826344875231	27436	0.12531382258457535	0.12531382258457535	0
0.9263470093919921	2489466	0.5932471165667346	0.5937103079523398	0.45651916761798467	29304	0.17596595456080874	0.17596595456080874	0
0.897676717745922	3562872	0.6102095029595721	0.6119919598564654	0.4616453398813831	28188	0.17189323721355665	0.17189323721355665	0
0.9143598615916955	2988082	0.5924427843397417	0.5940389666859517	0.4615920353761207	29016	0.1710867000150187	0.1710867000150187	0
0.8597380128521996	2344792	0.5844811471246893	0.5861173829670141	0.45729788233884155	26888	0.20481757386740806	0.20481757386740806	0
0.8601087493821058	3859088	0.6348238208724942	0.6357381942709076	0.4640474751943943	27276	0.13024256059437778	0.13024256059437778	0
0.8680177953534355	3562288	0.5602269634243006	0.561562934723355	0.46374357600741395	27458	0.11601716376512768	0.11601716376512768	0
0.772985664854177	2258370	0.5621065097529402	0.5639350403154254	0.4607864924464933	24006	0.14748760280793818	0.14748760280793818	0
0.9159663865546218	2803206	0.6008047311946519	0.6038436667831919	0.45239479261024546	28636	0.1727993914614625	0.1727993914614625	0
0.916337123084528	2399076	0.5644100588499382	0.5669205600002268	0.4545760190462355	28562	0.15959702236722803	0.15959702236722803	0
0.8969352446861097	2496074	0.6302257732554783	0.6309802116457577	0.45328806140651684	28510	0.19314994358802673	0.19314994358802673	0
0.9222689075630253	2880614	0.6193054784882962	0.621248369285441	0.45225484182597914	28974	0.16087472545384568	0.16087472545384568	0
0.912011863568957	3280676	0.578096339226665	0.579534818642038	0.4650438626184407	28672	0.15728491276953252	0.15728491276953252	0
0.9017548195748888	2775520	0.595675016905746	0.5973155470031674	0.46118107489182886	28830	0.17120562198565706	0.17120562198565706	0
0.893475037073653	1941868	0.5081496625124847	0.5108317351356715	0.449217209856257	28304	0.15953765501167086	0.15953765501167086	0
0.8882847256549679	3032360	0.5364069155634167	0.5398281624493341	0.4612817526535968	27976	0.12605928669612965	0.12605928669612965	0
0.9282006920415224	2360620	0.57330473912003	0.5748680487243906	0.44380355859143994	28854	0.16940439817545502	0.16940439817545502	0
0.8912506178942166	2294742	0.5534446621382826	0.5552765985574112	0.4560614975450283	28274	0.14515882947317174	0.14515882947317174	0
0.9094167078596145	1825528	0.5380216884774929	0.5411218842441935	0.449660728236583	28732	0.16928291486539535	0.16928291486539535	0
0.9164607019278299	3033564	0.6011220962875602	0.6032649751032458	0.45887255865081517	29078	0.15318951044972845	0.15318951044972845	0
0.9320316361838853	3487286	0.5925230400202056	0.5943421945602899	0.4628812886299389	29504	0.1331291704384124	0.1331291704384124	0
0.8818586258032625	2781504	0.5464443743347619	0.54749777546285	0.45373429585459296	28028	0.14666480103045335	0.14666480103045335	0
0.8978002965892239	2124900	0.5312533852619238	0.5360134987322213	0.4518601233767594	28334	0.15948047793817333	0.15948047793817333	0
0.8868017795353436	3375424	0.5900540552150177	0.5904671820402287	0.46400137465723795	28084	0.14073079559388688	0.14073079559388688	0
0.8886554621848739	4341050	0.5875380817115986	0.5888328796974104	0.46000164407565075	27986	0.19162502451395058	0.19162502451395058	0
0.81463173504696	2089196	0.4554907490037929	0.45986363139882697	0.45590581729774454	25524	0.1542265969830125	0.1542265969830125	0
0.8687592684132477	6638734	0.6936890410301695	0.6944714493223719	0.46894510768628433	27548	0.15663635618020957	0.15663635618020957	0
0.8959466139396935	2568960	0.5956245345616742	0.5960543456247196	0.4650979540276264	28444	0.1831028457544047	0.1831028457544047	0
0.8541769649036085	2092934	0.4794076434823867	0.48581555750686123	0.4639230786659969	27112	0.14452748733891554	0.14452748733891554	0
0.8638161146811666	2089018	0.5058249012451592	0.5085139296084545	0.45788646669061706	26942	0.178055113102388	0.178055113102388	0
0.8266188828472565	3122916	0.6055363364451247	0.6053530423694621	0.46572170081695013	26168	0.17389994837756106	0.17389994837756106	0
0.902867029164607	3615542	0.562290529546077	0.5641130811292715	0.46496474268009874	28356	0.13764706638213411	0.13764706638213411	0
0.9277063766683143	2902396	0.5432746211589229	0.5464465397484567	0.45810369845526583	29556	0.12060046577010204	0.12060046577010204	0
0.8898912506178942	3267536	0.5743438982699934	0.5752759380303528	0.45933200010370007	27978	0.1408837256671153	0.1408837256671153	0
0.9149777558082056	2702042	0.5360294142059981	0.538984879373637	0.45578577929778064	29022	0.1275096775239489	0.1275096775239489	0
0.8330449826989619	2339030	0.514399270062853	0.5177791278331756	0.4560240009309033	26226	0.16909885986063036	0.16909885986063036	0
0.8559070687098369	3216482	0.5668000037648785	0.5671499169546669	0.4624387506931467	26974	0.13016113939818735	0.13016113939818735	0
0.8572664359861591	2357976	0.5685900921488485	0.5700914908253087	0.45436607188848505	27236	0.1670398425618901	0.1670398425618901	0
0.8991596638655462	2631592	0.6117693533660172	0.6132438723022825	0.45697212355201144	27990	0.18785233658335496	0.18785233658335496	0
0.8905091448344044	3375708	0.6016023929674245	0.6039751989858909	0.4672072063125287	28434	0.17625729605828724	0.17625729605828724	0
0.9083044982698962	3031382	0.6076134332838505	0.6091271935758228	0.4650250799699482	28970	0.15385567575574247	0.15385567575574247	0
0.9180672268907563	2610034	0.5272330239598898	0.5321017681895569	0.45261062889272763	28714	0.17528791341281783	0.17528791341281783	0
0.9049678695007415	2316660	0.5563302864315266	0.5577362361614797	0.4476095864804646	28308	0.167811732894854	0.167811732894854	0
0.8854424122590212	2878184	0.5528407272838559	0.5544868606179586	0.46426764182048313	28218	0.14909399019364739	0.14909399019364739	0
0.9108996539792388	2490048	0.5619015442175821	0.565654813130584	0.44565399997202143	28196	0.1384385998916136	0.1384385998916136	0
0.8597380128521996	3757890	0.5849948068546534	0.5853089809905612	0.4626860316801223	27138	0.1200466599540715	0.1200466599540715	0
0.903114186851211	3916886	0.6486703108018038	0.6489761943113722	0.4611082105919844	28652	0.12355335580144605	0.12355335580144605	0
0.8819822046465645	2597706	0.5444232664423557	0.5470816676534532	0.4453738243398278	27536	0.1618287075315917	0.1618287075315917	0
0.8738260009886307	5036614	0.6911963039965339	0.6912976630089189	0.4591209224531671	27838	0.13616906642393603	0.13616906642393603	0
0.8971824023727137	4126334	0.6189249018208316	0.6196967889919732	0.4704027675288991	28582	0.18080761221644706	0.18080761221644706	0
0.8814878892733564	3301440	0.5993111436518731	0.6009020560766655	0.4564269824673279	28160	0.14170553513553333	0.14170553513553333	0
0.9221453287197232	3236718	0.5682068796944064	0.5692037194150569	0.45582933153940397	29164	0.14210493954523412	0.14210493954523412	0
0.8582550667325753	2037700	0.566192330793975	0.5675105012218109	0.45008178750738664	27092	0.17216751693438315	0.17216751693438315	0
0.9195501730103807	3046714	0.5642553616548736	0.5657983641546781	0.45208953616158704	28798	0.13511809319079457	0.13511809319079457	0
0.9283242708848245	2717908	0.6297824746496308	0.6310934952678166	0.46310613410292195	29424	0.17607502383964446	0.17607502383964446	0
0.8580079090459714	3257658	0.6123239791537581	0.6129147768865394	0.462737894282899	27480	0.134269302229182	0.134269302229182	0
0.828843302026693	2314136	0.5975674045191431	0.5984623915688826	0.45957085112849344	25964	0.21986528720890483	0.21986528720890483	0
0.8670291646070193	1635684	0.5084493997426096	0.5114568500867217	0.4476957851806864	27178	0.17673513975371669	0.17673513975371669	0
0.9168314384577361	2539554	0.5514181412555353	0.5551871282066516	0.45717141542262935	28938	0.15422730407014343	0.15422730407014343	0
0.8868017795353436	2379200	0.48277735168512786	0.48707399777224597	0.4612880088949658	27860	0.16442723973986248	0.16442723973986248	0
0.916584280771132	2441558	0.532621503465097	0.5351634485439656	0.4561028864543957	28806	0.13695214124397376	0.13695214124397376	0
0.8592436974789917	2445264	0.5943212638284945	0.5960830426805941	0.4586984946712889	27124	0.17240428956414644	0.17240428956414644	0
0.9569945625308947	3250072	0.5846532313930924	0.5865910356403404	0.45303390517087666	30204	0.15880227945031897	0.15880227945031897	0
0.9209095402867029	2844856	0.5623223517494998	0.565677386147581	0.4549871911399947	29130	0.15836453678094722	0.15836453678094722	0
0.8766683143845774	2699778	0.5933450380832752	0.5952113597233818	0.4603549475016993	27922	0.17379499487183983	0.17379499487183983	0
0.8766683143845774	5677240	0.6854630161893395	0.6854158842010324	0.47394248166842395	27748	0.15530796300715669	0.15530796300715669	0
0.9335145823035096	2882452	0.5365862687583148	0.5390289640858249	0.45682370607447825	29572	0.14838508639059403	0.14838508639059403	0
0.9363568956994562	3446880	0.6207180337793076	0.6245163051976634	0.4512960502736607	29182	0.16306759020819642	0.16306759020819642	0
0.8886554621848739	2925994	0.5009723416052153	0.503998195711756	0.46832249481246024	28212	0.15258858066577274	0.15258858066577274	0
0.8926099851705388	3441280	0.5845142793514649	0.5861685058058337	0.4581026557912904	28122	0.13575982400120332	0.13575982400120332	0
0.8652990608007909	2537326	0.5767313090380064	0.5779590450224691	0.4540331642747331	27102	0.17075310618746617	0.17075310618746617	0
0.8711072664359861	3000102	0.5912465766978202	0.5926933381423504	0.4607252343381856	27566	0.15151797256660318	0.15151797256660318	0
0.883835887296095	4178834	0.5407549250018374	0.5446675729360574	0.47059655433683006	27690	0.18089933871463956	0.18089933871463956	0
0.870612951062778	2020640	0.4931879773072569	0.49895242794129363	0.4601404233211029	27670	0.15693266543713302	0.15693266543713302	0
0.8821057834898666	3243542	0.6205760037442436	0.6209400735642828	0.45014605036250693	27646	0.13025787176401096	0.13025787176401096	0
0.8662876915472071	3560276	0.6780828344280043	0.6801221676795782	0.46533354524967185	27230	0.19337066697402785	0.19337066697402785	0
0.8500988630746416	1840752	0.5693972493048841	0.5706433927119233	0.44773839439850627	26618	0.2059235522184111	0.2059235522184111	0
0.9373455264458724	2683322	0.5939342166148088	0.5959385834570478	0.45417514745699844	29646	0.16062391227590928	0.16062391227590928	0
0.9362333168561542	4091318	0.6085437743490562	0.6104003045115257	0.46906890571818205	29836	0.1294686325738378	0.1294686325738378	0
0.8804992585269402	3221712	0.6185053920952587	0.6195887852200265	0.4611220993445852	27886	0.1628549410859549	0.1628549410859549	0
0.8690064260998517	2304382	0.6046940541844583	0.6049460986047315	0.4607358621322443	27330	0.1975955972137935	0.1975955972137935	0
0.8482451804251112	2363674	0.4321543288590069	0.439668375155365	0.4596478170465203	26570	0.1519284241880405	0.1519284241880405	0
0.921156697973307	2371524	0.5699798377673378	0.5710003754901305	0.45243513935854596	29158	0.13341358475474505	0.13341358475474505	0
0.8829708353929807	4126264	0.6419515454364034	0.6434099229328587	0.4648482185558662	27866	0.1592745697449837	0.1592745697449837	0
0.9183143845773604	4580382	0.5974795583213847	0.5980054768721617	0.46746833557737344	29180	0.125591581390971	0.125591581390971	0
0.7995551161641127	2693176	0.4932307996138037	0.49566015755542203	0.4625625789574612	24820	0.17386725478847445	0.17386725478847445	0
0.9155956500247158	1975740	0.4785040418772654	0.482571245049727	0.4475788924928498	28550	0.13919682280566	0.13919682280566	0
0.9085516559565002	2497126	0.554456727109261	0.5549814178375967	0.4632214106385475	28816	0.14494211128717643	0.14494211128717643	0
0.8717251606524963	2485570	0.5582677267359305	0.5595606218510066	0.4593095486353973	27724	0.14478733766511642	0.14478733766511642	0
0.9364804745427583	2834674	0.5063923983152007	0.5129759196060492	0.46245924256017434	29462	0.1615757231977378	0.1615757231977378	0
0.9378398418190805	3333948	0.585752443787349	0.5860521209158616	0.45267642757132026	29638	0.1577726531017037	0.1577726531017037	0
0.916337123084528	2351942	0.5447357095403836	0.5480382518189103	0.4527301021510542	29166	0.16081824780482057	0.16081824780482057	0
0.8575135936727633	2336680	0.5935912816416286	0.59400096932734	0.4486082356108862	27194	0.18735061237526707	0.18735061237526707	0
0.9300543746910529	3713736	0.5833717341441271	0.5844848492240662	0.4585552705133787	29314	0.17201130599580647	0.17201130599580647	0
0.8648047454275828	3415214	0.5324712164086289	0.5339943128460097	0.4617389324016828	27326	0.14434573232209139	0.14434573232209139	0
0.9325259515570934	3483292	0.6101728552545671	0.6116922014558539	0.4486601966986983	29488	0.14968894005693834	0.14968894005693834	0
0.9155956500247158	2085994	0.5485511671110291	0.5497039428142204	0.4493173548790886	28816	0.15409844831514477	0.15409844831514477	0
0.8735788433020267	2678254	0.5764771477600207	0.578614289583563	0.45916342493379236	27650	0.1370525103238139	0.1370525103238139	0
0.8670291646070193	2933822	0.5985164713440123	0.6008847507850664	0.4631699437003893	27262	0.17817257595628352	0.17817257595628352	0
0.898294611962432	3425020	0.5730875417561844	0.5728591028208372	0.45178824697591896	28362	0.13239849595458855	0.13239849595458855	0
0.8808699950568463	3566774	0.5876244264408818	0.5881241693202076	0.46407104196070836	28024	0.14658133400418175	0.14658133400418175	0
0.8828472565496787	3761916	0.592988328594437	0.5937760095313922	0.4628843931728208	27926	0.1209456467965034	0.1209456467965034	0
0.9154720711814137	2170880	0.5456363234871189	0.5488903072107997	0.4544891972651553	28880	0.1779149544600418	0.1779149544600418	0
0.9336381611468116	3157286	0.6595593747638332	0.6600637570167448	0.44496189106794976	29278	0.18116028177843777	0.18116028177843777	0
0.9101581809194266	2849648	0.5619442548410812	0.562286581267147	0.4570154535515487	28808	0.1426100077003847	0.1426100077003847	0
0.9179436480474543	3168644	0.6095492971754285	0.6103141520140024	0.4543673321507282	28998	0.14442464264307944	0.14442464264307944	0
0.9011369253583786	3144438	0.5585566667264675	0.5610067795504738	0.4624095101354359	28536	0.1573570449990155	0.1573570449990155	0
0.9406821552150272	2746740	0.591545518053663	0.5935256350418939	0.45333606421981726	29742	0.14976982153782767	0.14976982153782767	0
0.9012605042016807	2232968	0.5578561242232845	0.5619319020964749	0.45642858610357995	28018	0.18156168064271902	0.18156168064271902	0
0.9247404844290658	4252960	0.6233245542835629	0.6240606524127422	0.4606196388401542	29028	0.16083196711856543	0.16083196711856543	0
0.8964409293129016	3919412	0.6760675402400191	0.6765273807378628	0.46370273431180076	28022	0.17131948484031254	0.17131948484031254	0
0.9193030153237766	2649222	0.5497454668309455	0.5528240513099302	0.4602012467001663	28980	0.14970329558377168	0.14970329558377168	0
0.805610479485912	3338518	0.6240552584382303	0.6268675325200338	0.4652470003546598	25352	0.14475494007037354	0.14475494007037354	0
0.8975531389026199	4533488	0.6036368035883469	0.6053340395881667	0.4603101610800517	28440	0.1503692941114639	0.1503692941114639	0
0.8800049431537321	3086258	0.5795794034492653	0.5808646021557847	0.4591845248237811	27882	0.1440045868881127	0.1440045868881127	0
0.8368759268413247	3082322	0.6013868148894059	0.6020137689899764	0.45945552487681257	26170	0.17262662335315518	0.17262662335315518	0
0.9393227879387049	3910336	0.659227064215307	0.6600158590997348	0.4589203397711437	29492	0.15231752958646505	0.15231752958646505	0
0.9179436480474543	5037622	0.6860714758552727	0.6866631140550776	0.45895674973553846	28844	0.15786163574838655	0.15786163574838655	0
0.8821057834898666	1905550	0.4750230427089419	0.4820978778398613	0.4516745962637423	27500	0.1526558408908511	0.1526558408908511	0
0.8866782006920415	3537012	0.5649915693002118	0.5665618311459205	0.46073714246426345	27988	0.16166849153276167	0.16166849153276167	0
0.9252347998022739	3415768	0.5421722294298305	0.5457916648487072	0.46472976818522443	29210	0.16982949160208813	0.16982949160208813	0
0.8987889273356402	2519256	0.5592927266506699	0.5600735370359001	0.4468008718218552	28172	0.1458511189220398	0.1458511189220398	0
0.9200444883835888	2748294	0.5366205558642813	0.538867931906301	0.4607070565755216	29158	0.15266273221255633	0.15266273221255633	0
0.7113198220464656	2867108	0.45312603822056663	0.45607373892935166	0.46881229184717954	22442	0.1763495372990126	0.1763495372990126	0
0.9463667820069204	3472744	0.6156148190923655	0.6154113034945751	0.4454894609732542	29618	0.14153502072907623	0.14153502072907623	0
0.9425358378645576	2957302	0.5754251866190198	0.5760595546634891	0.4475518030414887	29272	0.13451457797283375	0.13451457797283375	0
0.7763222936233317	1854330	0.5550905341958524	0.5602202076849498	0.45335461084552353	24120	0.20066085660325275	0.20066085660325275	0
0.893475037073653	3352844	0.5282287543920102	0.5304620879417438	0.45959428434240857	28124	0.12614270453987228	0.12614270453987228	0
0.9220217498764212	3638216	0.5986801545598094	0.6046452890065948	0.4619256672126731	28996	0.13928735757010044	0.13928735757010044	0
0.934997528423134	2927498	0.5918757128766646	0.5927833829898771	0.454192408606575	29228	0.15696177697029476	0.15696177697029476	0
0.8901384083044983	2273428	0.47582505035824196	0.4793482157774926	0.45092448970975435	27742	0.13186835322963938	0.13186835322963938	0
0.9237518536826496	3457776	0.5697238651679711	0.5725495170331855	0.4617957290334773	29268	0.1495561807757741	0.1495561807757741	0
0.8903855659911023	1974018	0.5187971721767451	0.5226948863870333	0.44614556277484874	27688	0.16883120427347376	0.16883120427347376	0
0.9236282748393475	3292634	0.5977663416342793	0.5987671355253035	0.46198438122896635	29076	0.15822322697984179	0.15822322697984179	0
0.9375926841324765	4580106	0.6591768967969751	0.6596257398379531	0.4563391002310631	29626	0.14286869109223463	0.14286869109223463	0
0.9015076618882847	2034454	0.5817190360217298	0.5838835473546105	0.44948043966427204	28466	0.16988403513546813	0.16988403513546813	0
0.8876668314384577	3103370	0.6117392163793275	0.6123370468505799	0.46099652144851694	28160	0.15926636003139136	0.15926636003139136	0
0.9377162629757786	3578554	0.6097798366448833	0.6119257507387811	0.46349756772159284	29748	0.13262206331672835	0.13262206331672835	0
0.8954522985664854	2967456	0.5967144578505942	0.5981574041235965	0.4589880879698	28198	0.182116537017324	0.182116537017324	0
0.8818586258032625	2088014	0.5296043812152786	0.5316235810356763	0.4457824511053381	27438	0.15360211895232467	0.15360211895232467	0
0.8335392980721701	5017030	0.6402091195794395	0.6409555478306272	0.47589140875443253	26236	0.17410077838289154	0.17410077838289154	0
0.9385813148788927	2647702	0.5827016603750503	0.5835275679275497	0.45118054376799205	29234	0.17637470442804948	0.17637470442804948	0
0.9090459713297083	3352196	0.6450566644420335	0.64510287212286	0.46004499301134155	28636	0.16759714895135136	0.16759714895135136	0
0.8104300543746911	3045026	0.5483844511289976	0.5518484523652076	0.4568677759543664	25502	0.19558186599208272	0.19558186599208272	0
0.9155956500247158	4964282	0.5930399183327467	0.5958808621264706	0.4727813005911415	28806	0.17263172964557205	0.17263172964557205	0
0.8570192782995552	2373054	0.5789611086208103	0.580812766968155	0.4646508197549914	27164	0.17903897698289606	0.17903897698289606	0
0.934997528423134	2711356	0.5249693174006814	0.5276836960980568	0.44669263411557497	29690	0.12301325104201466	0.12301325104201466	0
0.9505684626791894	2639182	0.5190723477979398	0.5251532052075253	0.4573531597272338	30170	0.1685819394190918	0.1685819394190918	0
0.8130252100840336	1762594	0.45728270249671216	0.4644238649690624	0.4603915452332274	25642	0.16583549246766388	0.16583549246766388	0
0.8712308452792882	3196052	0.6326225240726498	0.6334933767634021	0.45764145181619226	27084	0.16571192738305004	0.16571192738305004	0
0.8504695996045477	2763296	0.606884505204355	0.6088678823506711	0.45139117891153085	26430	0.1609683585530931	0.1609683585530931	0
0.8759268413247652	3521226	0.574979561128763	0.5815591305667319	0.45545205254370597	27528	0.17866138719773964	0.17866138719773964	0
0.8740731586752348	2509438	0.5313356582810624	0.5365279007892313	0.46302411750907674	27710	0.2130550407137517	0.2130550407137517	0
0.8445378151260504	4548138	0.6495769174484248	0.6496148779118022	0.47279279542692865	26830	0.16317214465256527	0.16317214465256527	0
0.9401878398418191	4657368	0.6141269172313694	0.6142650520886123	0.454315241245244	29666	0.13158171275327687	0.13158171275327687	0
0.7886801779535344	3471096	0.5926486871888218	0.5926050012271492	0.46603690775727774	25088	0.10621175061596727	0.10621175061596727	0
0.9002718734552645	2766250	0.5662883054782741	0.5676841424625915	0.4413474755877443	28204	0.13732241703084822	0.13732241703084822	0
0.874938210578349	5779522	0.6665298451684896	0.6671187725669955	0.4551510079453032	27418	0.13643526402661116	0.13643526402661116	0
0.8633217993079585	2469982	0.45311444547477703	0.4579802347815736	0.45120450237156834	26862	0.190975464709539	0.190975464709539	0
0.8695007414730598	2436208	0.528425461542444	0.531573082978471	0.4606261135159593	27404	0.2068554803508855	0.2068554803508855	0
0.8416955017301038	2800642	0.588911851149757	0.5894878075323677	0.459576816936417	26252	0.1592053723894264	0.1592053723894264	0
0.8351458230350963	3229808	0.5977023203025412	0.598804306233999	0.4578917492792804	26202	0.13440806298574762	0.13440806298574762	0
0.9038556599110232	2671592	0.5086102315687636	0.5120897134961455	0.45727068195174536	28520	0.1437671353329493	0.1437671353329493	0
0.8489866534849234	3061604	0.6031116172170635	0.603542771911019	0.46338081860353686	26816	0.13827188894518275	0.13827188894518275	0
0.8675234799802274	2056830	0.5556814298502042	0.558123041411953	0.4574299890538574	27420	0.1694752832216413	0.1694752832216413	0
0.8864310430054375	3582904	0.6318318541802005	0.632977533333974	0.4611732597650995	28170	0.18816382944564722	0.18816382944564722	0
0.8780276816608996	2200638	0.45906092635208	0.46242414815256105	0.4548517946177224	27736	0.11072113313704408	0.11072113313704408	0
0.8680177953534355	2223974	0.5340806973681279	0.5365338919061072	0.4471610015786111	27250	0.14819264137045954	0.14819264137045954	0
0.9080573405832921	2984118	0.5368949609180442	0.5387277126031709	0.45668047982472393	28504	0.1685351806054154	0.1685351806054154	0
0.9092931290163124	2659878	0.608056398134744	0.6098633580366217	0.4531664252304502	28556	0.17327098655984127	0.17327098655984127	0
0.8910034602076125	3719376	0.5789475504325655	0.5797801841849516	0.4690172036242284	28362	0.12785585383862438	0.12785585383862438	0
0.9050914483440435	2824548	0.5511260993114568	0.552239838777807	0.4528058052711667	28632	0.12903404233024274	0.12903404233024274	0
0.8625803262481463	2579734	0.5128261116751807	0.5170813041737449	0.4541038686303686	27292	0.09610551112941314	0.09610551112941314	0
0.9288185862580326	1767684	0.49962038212428994	0.5058485501356413	0.4417375707894433	29150	0.1473502664308289	0.1473502664308289	0
0.893969352446861	2941694	0.5614728914888695	0.561601458971258	0.45697444112873825	28216	0.13990414408139065	0.13990414408139065	0
0.8460207612456747	2669174	0.5471082288329719	0.548710736852361	0.4615082920631289	26916	0.15610847774405226	0.15610847774405226	0
0.9296836381611469	3719122	0.5571875731462496	0.5605451369699245	0.4599280373164889	29332	0.14820803533759072	0.14820803533759072	0
0.9230103806228374	2851012	0.5567367423911909	0.5595676543364897	0.45452564125436906	28874	0.15598667648271905	0.15598667648271905	0
0.8455264458724666	2393220	0.5936704696416649	0.5947222905406961	0.45732739802485983	26502	0.17295407227248838	0.17295407227248838	0
0.925852694018784	3713918	0.5939034436941966	0.5953013010769487	0.4634107758501038	29352	0.1495500022317033	0.1495500022317033	0
0.861097380128522	2007922	0.5224427157961805	0.5239122984947207	0.4461691321595544	27014	0.13586569539603358	0.13586569539603358	0
0.8086999505684627	2725682	0.5991442579865148	0.6003681385652703	0.4595767095665924	25794	0.16549372526838665	0.16549372526838665	0
0.8639396935244686	2319360	0.5722246855977888	0.5748449400790409	0.45582987058354746	27204	0.18619964846877549	0.18619964846877549	0
0.9020019772614929	3534164	0.5712460907055686	0.5756633630630298	0.46287790407397456	28062	0.16158533099144565	0.16158533099144565	0
0.9111468116658428	4098542	0.623485736260984	0.6244618127321705	0.46497712959466625	28588	0.13819067670552496	0.13819067670552496	0
0.7859614434008898	2492316	0.4891368408813927	0.4932880156110144	0.4631177360049982	24962	0.19773939749156041	0.19773939749156041	0
0.8465150766188828	3216348	0.6273881557392993	0.6281556026605031	0.47100342370224507	26824	0.21743361656242766	0.21743361656242766	0
0.7785467128027681	1679980	0.49378037156449556	0.495980939473176	0.4579515843340023	24598	0.18297803171870977	0.18297803171870977	0
0.9158428077113199	5588814	0.6950384082157344	0.6960147307648678	0.4641986467111591	29018	0.1518127070784546	0.1518127070784546	0
0.9175729115175482	2623626	0.6245849850740238	0.6250591872562294	0.4620268946437794	29278	0.17784848146468923	0.17784848146468923	0
0.9555116164112704	3493486	0.629292513653221	0.6304291226005049	0.46296777794164007	30202	0.17823915390448494	0.17823915390448494	0
0.8717251606524963	2829716	0.49856059501956557	0.5015059610322848	0.4645107642956224	27698	0.1766155078693673	0.1766155078693673	0
0.8963173504695996	2993326	0.6009966326761177	0.603244320344018	0.4585833014501323	28522	0.1453898040013471	0.1453898040013471	0
0.8404597132970836	1834000	0.5106274826275014	0.5127067666367072	0.45518966930405097	26588	0.17078412107961605	0.17078412107961605	0
0.9029906080079091	2190966	0.559853013442264	0.5621681367276503	0.4490860826123116	28412	0.16291036402060602	0.16291036402060602	0
0.9487147800296589	2992996	0.6041828957107086	0.6046069208810328	0.45534007385163383	29802	0.1434384278954526	0.1434384278954526	0
0.9322787938704894	4134802	0.6269910326739477	0.6288038838703849	0.45456840037812957	29230	0.1513815596699998	0.1513815596699998	0
0.9095402867029164	2738902	0.5363991160718627	0.5387405549341008	0.4606101622770431	28744	0.1501176294453181	0.1501176294453181	0
0.8879139891250618	3029984	0.5742783228042521	0.5745911721838891	0.462658596721182	28196	0.15676511561231976	0.15676511561231976	0
0.912259021255561	3801908	0.5823311916542655	0.5831291317987365	0.44778598085309224	28880	0.1355000526838565	0.1355000526838565	0
0.8973059812160158	2309046	0.554115727284697	0.5580275892803609	0.45447967452830745	28512	0.1526815401525887	0.1526815401525887	0
0.9132476520019772	2848172	0.5651317302955419	0.5665741943568112	0.4542837438784085	28494	0.14900460070176205	0.14900460070176205	0
0.9422886801779535	3941146	0.6214128421236381	0.6238573743758125	0.4526886981463034	29728	0.14500972020874262	0.14500972020874262	0
0.8876668314384577	2508452	0.4689469514831437	0.47409058781632957	0.4593974562967393	28018	0.17917039028785856	0.17917039028785856	0
0.893227879387049	2946782	0.5571959830594807	0.5600890518139645	0.4619724616571597	27868	0.16185784666137734	0.16185784666137734	0
0.9110232328225408	3689828	0.6429911184191272	0.644469960462366	0.4675997712824526	28858	0.20804112060614408	0.20804112060614408	0
0.921280276816609	2367772	0.5020690591647468	0.5085954623912224	0.45102635897906573	29054	0.14136889368000652	0.14136889368000652	0
0.8098121601581809	2463062	0.520562227737445	0.5231686984723676	0.46213330797996793	25742	0.1196893666738061	0.1196893666738061	0
0.9108996539792388	2893244	0.6014899232328846	0.6011350063666588	0.45797878706646716	28736	0.1582670206720087	0.1582670206720087	0
0.8570192782995552	2030862	0.46416275584391364	0.46977477589133004	0.45887580844152226	26908	0.13688301620498952	0.13688301620498952	0
0.8917449332674247	4218404	0.6118829133616347	0.6136835378559021	0.46912760478829124	28216	0.15627128682099978	0.15627128682099978	0
0.8596144340088977	3129102	0.5733086133790382	0.5752851550185726	0.46307554336771845	27326	0.15503471331789306	0.15503471331789306	0
0.8908798813643104	5169578	0.6520695742506081	0.6523973566558404	0.46907065671394504	28188	0.131653108386275	0.131653108386275	0
0.8578843302026693	2425804	0.55668071682335	0.5572369308685076	0.4535362331735781	27104	0.1660656345247466	0.1660656345247466	0
0.814384577360356	2664358	0.5694071571417169	0.5708167304809011	0.4604527667564055	25600	0.18316807182238162	0.18316807182238162	0
0.9143598615916955	3079826	0.5304472758320096	0.532319920498125	0.46155137347576525	29046	0.13693826794020766	0.13693826794020766	0
0.8362580326248146	2370648	0.5652623926174237	0.5669089312219406	0.4594111504768575	26284	0.16377011940266603	0.16377011940266603	0
0.8576371725160652	2782822	0.5706773434622684	0.5729788561690217	0.45517650096239487	27128	0.16131359399261813	0.16131359399261813	0
0.8686356895699456	5812252	0.6732212264949003	0.6740692678658925	0.4704857596626026	27566	0.15241428784733063	0.15241428784733063	0
0.9551408798813643	3428450	0.6005958571888801	0.6017010675652875	0.45592900724855007	30030	0.1487152655630174	0.1487152655630174	0
0.9328966880869995	3312758	0.6263062485929177	0.6279414161164795	0.45976465053057575	29350	0.1611370965416489	0.1611370965416489	0
0.9149777558082056	3347060	0.5495053085877081	0.551669625442745	0.4649128132945102	28944	0.1447917637381987	0.1447917637381987	0
0.893598615916955	3235994	0.5765602327596246	0.5783183396452835	0.4584232100527572	27788	0.17563999371876207	0.17563999371876207	0
0.893598615916955	3735996	0.5739994401103484	0.5775001965703576	0.4647113944834182	28400	0.14680564101199386	0.14680564101199386	0
0.8903855659911023	2671790	0.5913970406483721	0.5932698573961767	0.457851263389866	27786	0.15016096585104285	0.15016096585104285	0
0.9326495304003954	2673816	0.5233914190032657	0.5273892416830386	0.45928321141138345	29186	0.15417909538482757	0.15417909538482757	0
0.7959713297083539	2220500	0.5764969260190365	0.5777947030456853	0.46153076379216823	24996	0.19475450145827122	0.19475450145827122	0
0.9152249134948097	3683370	0.5769826409502322	0.5811209043864919	0.45818701361337194	28842	0.12892149704468012	0.12892149704468012	0
0.8606030647553139	4046064	0.6418990632690825	0.6428357552112004	0.4522411706213365	27188	0.13269902458064584	0.13269902458064584	0
0.9191794364804745	2495490	0.540897998513667	0.5429529710657833	0.4567673343292578	29154	0.1669211398433432	0.1669211398433432	0
0.9170785961443401	2885642	0.6007073707523617	0.6030908278416561	0.4442318455329472	28700	0.1257598622035209	0.1257598622035209	0
0.9054621848739496	3337450	0.6039446206968903	0.6050058095851029	0.4599858184940453	28564	0.16963620031641916	0.16963620031641916	0
0.9222689075630253	4193406	0.6708298220733954	0.6726787756820629	0.4602527568207333	29240	0.15351304993938564	0.15351304993938564	0
0.9012605042016807	2815660	0.5821113415145706	0.5821986516236193	0.45560405450976277	28588	0.1593602660663971	0.1593602660663971	0
0.8860603064755314	2595700	0.5905029754195662	0.592920644303881	0.4607013885531613	28018	0.1520077794413338	0.1520077794413338	0
0.8790163124073158	1731446	0.5679620455793138	0.5694436320082702	0.45516067006781785	28022	0.20733013886255106	0.20733013886255106	0
0.92622343054869	2598068	0.5175721614150359	0.518973703402794	0.4581749585812512	29166	0.15727626985597698	0.15727626985597698	0
0.9184379634206624	1903304	0.5420731398101626	0.5453548617420381	0.44523477997943844	28738	0.16177432209358447	0.16177432209358447	0
0.8942165101334651	2720258	0.5526631670386307	0.5548041263425298	0.46462448213379587	28472	0.16951112073174604	0.16951112073174604	0
0.921403855659911	2349358	0.5654088286659799	0.570242283367245	0.4482617502473362	28818	0.16537670402233376	0.16537670402233376	0
0.9029906080079091	3641954	0.6049715956721187	0.6056151436294657	0.46649752432622177	28824	0.14580570341938406	0.14580570341938406	0
0.8671527434503213	2316176	0.5448154126858861	0.5461667239384229	0.45566918180251825	27384	0.18238415366049462	0.18238415366049462	0
0.8868017795353436	2337458	0.5549137311682738	0.5559878490907656	0.4511184017674521	28056	0.14506040461715478	0.14506040461715478	0
0.921156697973307	2944192	0.5643805056122108	0.5696186870384393	0.45396163162938336	29078	0.15293872115152204	0.15293872115152204	0
0.8578843302026693	3605682	0.5746010998245044	0.5762123481405067	0.4707614365435375	27338	0.13864842609157174	0.13864842609157174	0
0.9370983687592684	2128864	0.5245907475913976	0.5273922928029603	0.4445883107508504	29536	0.16557770297576055	0.16557770297576055	0
0.9008897676717746	3822226	0.6626869785165507	0.6641466977832008	0.46030995117680695	28076	0.18343686596626194	0.18343686596626194	0
0.9173257538309442	3894586	0.5687212126857243	0.5720076326733983	0.46004047148242266	29110	0.15995423416608884	0.15995423416608884	0
0.8388531883341572	2701092	0.5455528657502118	0.5474401826577836	0.4613108752673556	26510	0.14352327113448785	0.14352327113448785	0
0.9345032130499259	2058022	0.5485081031405318	0.5505531712528309	0.4514966505576999	29278	0.18850472350662925	0.18850472350662925	0
0.893722194760257	3547156	0.5710913024114214	0.5721699721761284	0.45841387614032825	28206	0.132271113809755	0.132271113809755	0
0.8875432525951557	4823160	0.6604403366677719	0.6608409039666573	0.4722281653625578	28058	0.1712319670869458	0.1712319670869458	0
0.8882847256549679	1752486	0.4702889329900171	0.47649849692749263	0.44548323474174406	27822	0.16193513998024242	0.16193513998024242	0
0.9154720711814137	3387646	0.6062503107684939	0.607244783507909	0.46362054566188254	29002	0.18462480124302902	0.18462480124302902	0
0.9079337617399901	5182678	0.6615995405869289	0.6628269455066848	0.4712444886617711	28762	0.16288489874360917	0.16288489874360917	0
0.8785219970341077	3174016	0.6190152342657167	0.618825766820457	0.4564498631112519	27632	0.17231568039726852	0.17231568039726852	0
0.911888284725655	3388420	0.6313700294396377	0.6333815283115997	0.4623818734050497	28568	0.1777078210415299	0.1777078210415299	0
0.9010133465150766	2918654	0.5367908286990504	0.5388935819308566	0.45518896295487205	28522	0.1528918196844363	0.1528918196844363	0
0.903114186851211	2704202	0.5573551856940083	0.5590424442286819	0.45840747493079115	28138	0.14676088494277087	0.14676088494277087	0
0.8602323282254078	2147944	0.5493126429825482	0.5523395371970017	0.45966592905648257	26584	0.1935615284066983	0.1935615284066983	0
0.8582550667325753	3422888	0.5640545644177805	0.5646433637847305	0.46755174612177414	27156	0.11564565292576628	0.11564565292576628	0
0.9168314384577361	3550518	0.6148275892738834	0.61533694704441	0.4594541295162273	29118	0.13428132753058472	0.13428132753058472	0
0.9148541769649036	2795082	0.5567514471579634	0.5600110126334686	0.4511657834112111	28622	0.1686373081064111	0.1686373081064111	0
0.9026198714780029	2670308	0.567500055813568	0.567999252136695	0.4586147134759549	28394	0.16812006980588903	0.16812006980588903	0
0.9154720711814137	2733956	0.5844027745337907	0.5891134517719774	0.45801970643294027	29072	0.16233513432354726	0.16233513432354726	0
0.8782748393475037	3414014	0.5659286051175522	0.5672312507785435	0.4668734369594026	27822	0.1571892434719572	0.1571892434719572	0
0.888779041028176	2601320	0.6039275360946096	0.6038814937411021	0.4587363592308373	27960	0.16884608642370047	0.16884608642370047	0
0.9263470093919921	3270758	0.4956598601886302	0.49891897180922146	0.46254200018924724	29340	0.1443688573823327	0.1443688573823327	0
0.8483687592684133	2307020	0.5518952454167566	0.5553540028594481	0.4540697734999488	26774	0.15522923135877356	0.15522923135877356	0
0.9348739495798319	1687268	0.5140548775175974	0.520695505558986	0.4448987985106167	29706	0.161110692143745	0.161110692143745	0
0.8086999505684627	1703892	0.568423919855174	0.570951278790916	0.4540913729365825	25480	0.2140973470759823	0.2140973470759823	0
0.8813643104300544	4261262	0.6234475715766833	0.624278141295016	0.45646058241223414	27700	0.14964638353358767	0.14964638353358767	0
0.8628274839347504	1637568	0.4914137655557185	0.49491379450509315	0.44842014606045816	27284	0.1842167559793483	0.1842167559793483	0
0.9123826000988631	3425628	0.6004903686834898	0.6002804762831685	0.45900772040965454	28914	0.1380819307591866	0.1380819307591866	0
0.9367276322293623	3090772	0.5947419924172872	0.5951857053588356	0.46429791763517286	29680	0.15935822677905107	0.15935822677905107	0
0.8141374196737519	2102730	0.550266407239664	0.5549029165680734	0.4532679088761622	25768	0.16338586519677162	0.16338586519677162	0
0.875308947108255	3027530	0.5834234090730226	0.587259285048389	0.4563473621554118	27650	0.16806985140315386	0.16806985140315386	0
0.847256549678695	2321954	0.5874210975658579	0.5880128521762671	0.4619207054761986	27000	0.1750565173529465	0.1750565173529465	0
0.9427829955511616	2921506	0.5543247059538575	0.5546307219765274	0.4558113238569103	29780	0.13504702129750779	0.13504702129750779	0
0.9377162629757786	3031924	0.5915049906980948	0.5920829458485964	0.4593388647613738	29538	0.1582663105689738	0.1582663105689738	0
0.9158428077113199	4021332	0.6164846519196726	0.6192991216766012	0.44644416395493663	28414	0.17246351568963247	0.17246351568963247	0
0.9041028175976273	2211544	0.541468050939426	0.545009850908239	0.46084993734383045	28742	0.17617055784409316	0.17617055784409316	0
0.9099110232328226	3476782	0.6023120734775634	0.6034520340323976	0.46017763816626106	28748	0.15796731351805451	0.15796731351805451	0
0.838111715274345	3082114	0.5443843275849466	0.5476768060332343	0.4695049042714196	26678	0.15556269994544328	0.15556269994544328	0
0.9368512110726643	2851908	0.5944144806955829	0.5939992273090159	0.444876128834743	29392	0.14633506894122505	0.14633506894122505	0
0.9409293129016313	3904056	0.5714494625865082	0.5751266140763608	0.45519434176139817	29682	0.14377006430358627	0.14377006430358627	0
0.8963173504695996	2071154	0.5022121199602821	0.5087702841655831	0.45731617624764703	28406	0.16460065526371287	0.16460065526371287	0
0.8943400889767672	3196546	0.5368534648073164	0.5396174466027004	0.4695985480580443	28348	0.18636186161899637	0.18636186161899637	0
0.8987889273356402	3224104	0.6423517398267955	0.6428914730094502	0.4634511789396778	28578	0.14610082532495045	0.14610082532495045	0
0.9368512110726643	3301250	0.5546421385041357	0.5563756049745924	0.45628347399839014	29732	0.11598473813092103	0.11598473813092103	0
0.726643598615917	1704022	0.44542360917088136	0.44880499375167643	0.45796677145234393	22400	0.1696872517841614	0.1696872517841614	0
0.934997528423134	2193306	0.5432505973440805	0.5458236722501832	0.44002461629329076	29646	0.18429409285299428	0.18429409285299428	0
0.8861838853188334	3143796	0.5690141546727486	0.5713097812829107	0.46449533571322804	28034	0.12738957400813247	0.12738957400813247	0
0.8624567474048443	2664986	0.6114481346452978	0.6123516866063167	0.4640021982641671	27372	0.2054137803827074	0.2054137803827074	0
0.921774592189817	2994934	0.5427428061725742	0.5450969669266444	0.45118585405384964	29052	0.13129392586505736	0.13129392586505736	0
0.8928571428571429	2640028	0.5769931297441114	0.5777174096328747	0.4491508826753913	28280	0.1739833354926215	0.1739833354926215	0
0.8535590706870984	1995468	0.45509705781716403	0.4628710912741849	0.4572776967680363	26910	0.1691936546598565	0.1691936546598565	0
0.8923628274839348	3221564	0.6029956228012963	0.6049205215722181	0.46227377026950056	28188	0.18664915044236605	0.18664915044236605	0
0.9125061789421651	2447492	0.5760345256345673	0.5778696154844961	0.4616352587357389	28910	0.1821126228895398	0.1821126228895398	0
0.9331438457736035	2871864	0.5098701199799484	0.5118980590150859	0.4532043820733931	29514	0.12260784827741984	0.12260784827741984	0
0.9158428077113199	3031460	0.6362010102238463	0.6377009302801379	0.4533072888651451	28834	0.16473037126716814	0.16473037126716814	0
0.8953287197231834	2246762	0.5402264964506227	0.5453264506437403	0.45530925656946714	28314	0.16355126948234786	0.16355126948234786	0
0.8152496292634701	3505262	0.6170592009559254	0.619039777282714	0.46066391784164473	25616	0.16046137162268495	0.16046137162268495	0
0.8526940187839842	3121430	0.5822236925883738	0.5851388679963555	0.4624518856765514	26856	0.15031363173673934	0.15031363173673934	0
0.9139891250617894	2444046	0.4603490746215166	0.4648163493785644	0.45676476861766485	28826	0.14456214967078715	0.14456214967078715	0
0.9223924864063272	3871266	0.611641967864302	0.6122604351997445	0.4466491368469425	28952	0.12320506964752577	0.12320506964752577	0
0.8886554621848739	2971274	0.592169406585341	0.5928832512412437	0.4533946258438384	28366	0.12719662639610135	0.12719662639610135	0
0.8735788433020267	3405376	0.36191012943373085	0.36942782030442584	0.46894557422848826	27608	0.12882043069626523	0.12882043069626523	0
0.8880375679683639	2159618	0.5920836615480388	0.5945172355615902	0.45765268339916404	28112	0.18242977962623338	0.18242977962623338	0
0.8581314878892734	2083100	0.5727617507332344	0.5743945199793044	0.455176674372929	27264	0.17307576178761228	0.17307576178761228	0
0.9057093425605536	2370856	0.5451187932117878	0.5470007384338867	0.45243718963284474	28508	0.15510730783099386	0.15510730783099386	0
0.9059565002471577	3149886	0.529131693096948	0.5306322305309349	0.454158155604069	28680	0.12498045424050695	0.12498045424050695	0
0.8817350469599604	4045146	0.5578166599288726	0.5609009035199581	0.47234928834145173	27878	0.17151496828659377	0.17151496828659377	0
0.8776569451309936	2293716	0.5538803410810181	0.5558322230858608	0.4598985434483121	27822	0.17263981552420535	0.17263981552420535	0
0.9479733069698467	2708286	0.5810312712702156	0.5846131607896551	0.4563923787425013	30012	0.16928633461900344	0.16928633461900344	0
0.9279535343549185	2231942	0.5481696474952201	0.5519240924798398	0.44981396517755484	28924	0.160070485413607	0.160070485413607	0
0.8895205140879882	2971140	0.5826708597283664	0.5842690900934461	0.4580350801670385	27580	0.15613786808821664	0.15613786808821664	0
0.8644340088976767	3494922	0.6108774510762747	0.6110033291575269	0.4641910947480837	27516	0.13765524913695606	0.13765524913695606	0
0.8520761245674741	2873562	0.5867911818928453	0.5890537644022681	0.4515823811147888	26606	0.15716777848029348	0.15716777848029348	0
0.8834651507661888	3214906	0.6130660447729085	0.6127694387510887	0.46536935974948374	28152	0.14826358539104398	0.14826358539104398	0
0.9042263964409293	3166902	0.5115198835288169	0.5139878448839453	0.4613044968459952	28334	0.14469875966473225	0.14469875966473225	0
0.8300790904597133	2903870	0.5565526676724012	0.5588012162453868	0.45854144325326024	26260	0.1406856288860995	0.1406856288860995	0
0.9205388037567969	2520926	0.4899472833879975	0.4949159017365043	0.454440101274907	28992	0.1504913567493427	0.1504913567493427	0
0.8492338111715274	4457958	0.6430108492323827	0.642830351609257	0.45563986040453514	26630	0.1250334109851315	0.1250334109851315	0
0.8439199209095403	2448174	0.5595754603315181	0.5614216875721626	0.4616710062534482	26616	0.17418580975323006	0.17418580975323006	0
0.9134948096885813	3710668	0.6221024472036788	0.6235963062869028	0.45852913476237767	28872	0.12781187905392885	0.12781187905392885	0
0.7487642115669797	2522060	0.3892318083097277	0.39535129560368915	0.4696108851244089	23442	0.14431970882540132	0.14431970882540132	0
0.9437716262975778	2248766	0.5630183269356234	0.5661264620688305	0.4488076249244623	29632	0.16698159628305861	0.16698159628305861	0
0.8660405338606031	3192918	0.5445290126340864	0.5463802473911649	0.4638530822632572	27410	0.14956041469325532	0.14956041469325532	0
0.9003954522985664	2268728	0.49033999711915416	0.49280236295481283	0.4595527311284164	28384	0.15388595361465313	0.15388595361465313	0
0.9007661888284726	2195188	0.5523798484184818	0.5546184659551135	0.449326466374581	28324	0.13230273188121597	0.13230273188121597	0
0.9116411270390509	1862430	0.5522069549640015	0.5540189887032317	0.4395190836643576	28590	0.1461395639688078	0.1461395639688078	0
0.9194265941670786	3054944	0.6367596709902991	0.6368335741583021	0.449421557105589	28846	0.16475893716872422	0.16475893716872422	0
0.8802521008403361	2808736	0.5414417116558746	0.542917353591351	0.4589159082599054	27588	0.1398126450696275	0.1398126450696275	0
0.9089223924864063	2636446	0.5854135056496791	0.5854485563917968	0.4622526127266022	28852	0.16399624922514047	0.16399624922514047	0
0.930672268907563	2402546	0.560577378981881	0.5644270454922773	0.45450292282039517	29246	0.16051402203239648	0.16051402203239648	0
0.9204152249134948	3585474	0.604458263772781	0.6065367692264642	0.46520777724354573	29114	0.16964184635771407	0.16964184635771407	0
0.8687592684132477	3074752	0.4861399628637096	0.48977176095774094	0.46034240308326674	27288	0.11959845480878452	0.11959845480878452	0
0.9125061789421651	2733128	0.5077351887197038	0.5129763404340579	0.45171644565371644	28774	0.12060305996492737	0.12060305996492737	0
0.8431784478497282	3186370	0.5177425639283713	0.5190936706501786	0.47003269593421276	26538	0.1611090091938635	0.1611090091938635	0
0.9341324765200197	3096644	0.5599404357725766	0.5605606552600298	0.4479550778070625	29258	0.11545922927342728	0.11545922927342728	0
0.884206623826001	4319464	0.5849940813704667	0.5861747430321537	0.4622776413052187	27724	0.14776666118471654	0.14776666118471654	0
0.893351458230351	2187882	0.48604506318054813	0.4915856763059249	0.4524331861614903	28178	0.1459172847407769	0.1459172847407769	0
0.9100346020761245	2665840	0.5452016976193288	0.5477557707548525	0.449810066715253	28988	0.1166417299360017	0.1166417299360017	0
0.8561542263964409	3609216	0.6333242617250393	0.6341051830219232	0.46776467770155156	26668	0.17785496271373927	0.17785496271373927	0
0.8811171527434503	2459378	0.521092185925762	0.526653372165054	0.4568997587846981	27788	0.13968011629512664	0.13968011629512664	0
0.9041028175976273	2986464	0.5665004262557839	0.5671485063607428	0.4479499182775562	28420	0.12413712668593647	0.12413712668593647	0
0.9455017301038062	2989704	0.5686266921010926	0.5724642098703945	0.45802420825316603	29978	0.14624262308094158	0.14624262308094158	0
0.8817350469599604	2566800	0.5952696994460234	0.5962158078097223	0.4597023334688006	28190	0.15917161047574374	0.15917161047574374	0
0.8723430548690064	2691210	0.5888560000706385	0.5908895060249655	0.4629084606376477	27114	0.19109741095650357	0.19109741095650357	0
0.9111468116658428	2206182	0.5709435399545241	0.5722747778051033	0.4503264160458196	28802	0.1944748927918495	0.1944748927918495	0
0.8954522985664854	2853758	0.5883694591561469	0.589666146137864	0.45628365521762376	28106	0.14010326012434046	0.14010326012434046	0
0.9042263964409293	3962836	0.6563967600396291	0.6562159049135731	0.46080220461305976	28782	0.17262493853210736	0.17262493853210736	0
0.9132476520019772	2464250	0.5105275254166087	0.516191123945831	0.4512057913986108	28604	0.14543760638214756	0.14543760638214756	0
0.935244686109738	2471934	0.5614223562704933	0.5641315671527679	0.4487182802735236	29094	0.14865594727019044	0.14865594727019044	0
0.9403114186851211	3238114	0.6096417468824314	0.6108362054553699	0.4559844284990409	30072	0.17551267523614064	0.17551267523614064	0
0.8530647553138903	2764062	0.6067630012140358	0.6076143649712357	0.45966220698390153	26774	0.17272697199545842	0.17272697199545842	0
0.8886554621848739	2510696	0.5769519683578469	0.5782245989504095	0.45389259355299555	27724	0.1732363382018949	0.1732363382018949	0
0.8551655956500247	3121290	0.5825300697498034	0.5826262142708835	0.45897331150945403	27208	0.15053469503717026	0.15053469503717026	0
0.8687592684132477	2467852	0.606395081326467	0.6070232786406465	0.4600587656625125	27562	0.1577185738458207	0.1577185738458207	0
0.903114186851211	2851306	0.587378311279997	0.5892335734454606	0.45307546133262905	28558	0.14434826368663592	0.14434826368663592	0
0.921403855659911	2578340	0.48667704803170114	0.4924045032595971	0.45309516719768145	29008	0.14562028636932764	0.14562028636932764	0
0.9275827978250124	3132394	0.590105346391952	0.5913983711430478	0.4517281792550109	29214	0.1598961503172848	0.1598961503172848	0
0.9288185862580326	2338436	0.5708117803036635	0.5719353549335687	0.44638558271939366	29098	0.16998886762536916	0.16998886762536916	0
0.8822293623331685	2378554	0.5279398264425569	0.5288417961074351	0.4605410070407813	27790	0.14328822542166972	0.14328822542166972	0
0.888779041028176	3803126	0.6660698438962495	0.6668906291767156	0.46368766732179684	28028	0.18434972867348778	0.18434972867348778	0
0.8905091448344044	2568254	0.591334695293986	0.5923685965392713	0.45796175053802707	28088	0.1585943475455967	0.1585943475455967	0
0.9223924864063272	2510894	0.5654531864779141	0.5680238355675105	0.4567202659588636	29014	0.15623490682851257	0.15623490682851257	0
0.8491102323282254	2639246	0.6040594551117456	0.6057529296703078	0.46328104370533896	26844	0.19962149688593153	0.19962149688593153	0
0.8816114681166585	2189904	0.43024731042439773	0.4392201118884642	0.45286173584851785	28090	0.12352648244622934	0.12352648244622934	0
0.9373455264458724	2756618	0.5566199970097575	0.5607490855044438	0.45232055526835113	29484	0.1609881736032464	0.1609881736032464	0
0.9274592189817104	2167756	0.5948086665140045	0.5968833056525227	0.4543466188077006	29230	0.17100256679168555	0.17100256679168555	0
0.7984429065743944	1753044	0.5085379826991837	0.5120040944492957	0.45670443554334456	25184	0.18919145132828138	0.18919145132828138	0
0.8221700444883836	2474588	0.5390360733410535	0.5409530973170187	0.46152980425220164	26208	0.13537994984574	0.13537994984574	0
0.8960701927829955	2422084	0.5225435285111942	0.5234734898849237	0.4526542058377809	28244	0.1363087743853086	0.1363087743853086	0
0.8407068709836876	2475154	0.524029082088521	0.5284163740749941	0.4610180603157084	26338	0.1841866078882798	0.1841866078882798	0
0.8881611468116658	2433156	0.5230028101011724	0.5252271151390759	0.45698173863920605	27902	0.15815705507883127	0.15815705507883127	0
0.8971824023727137	2556058	0.5157933009919969	0.5200408915954292	0.4551082097167203	28192	0.16202410597614061	0.16202410597614061	0
0.8860603064755314	3993232	0.627624222023805	0.6311289393268863	0.4689134742864663	28262	0.1679444215117991	0.1679444215117991	0
0.9422886801779535	2994442	0.637719588483937	0.6390379942947529	0.45694442987883943	29804	0.1719945211284822	0.1719945211284822	0
0.921156697973307	2171986	0.5519989345939026	0.5536436312293557	0.44872721147211797	28996	0.15546872135008197	0.15546872135008197	0
0.9493326742461691	2685546	0.5554305796262949	0.5569430415052644	0.44376561611051635	29628	0.12719770735348027	0.12719770735348027	0
0.8067226890756303	2800376	0.5337725442335549	0.5363108483092078	0.458843886585067	25482	0.18308208291953632	0.18308208291953632	0
0.9277063766683143	2551422	0.5056617043322467	0.5072070651725805	0.44974609985443675	29382	0.15452629457940018	0.15452629457940018	0
0.9325259515570934	3355928	0.5632778453708488	0.5652976453264982	0.45463665461346814	29698	0.16284341517203937	0.16284341517203937	0
0.9094167078596145	2574816	0.5181403269017468	0.5245187451383168	0.4541045941126758	28592	0.1678145666364702	0.1678145666364702	0
0.865669797330697	2927786	0.5421592563435843	0.5452895384319326	0.46261993556485587	27352	0.1325786895345404	0.1325786895345404	0
0.8991596638655462	2271064	0.5291311838673248	0.5328862235108512	0.4568555253248375	28560	0.15923954300612336	0.15923954300612336	0
0.9002718734552645	2585050	0.49124346164855953	0.4960411170975821	0.45961654589070866	28320	0.17370923320920528	0.17370923320920528	0
0.9155956500247158	3468464	0.6299686112822162	0.6313906337648431	0.4691365146779431	29028	0.16364901406894772	0.16364901406894772	0
0.8803756796836382	2267450	0.5976310396358447	0.599892048435562	0.4578702356594147	27980	0.15960127632196697	0.15960127632196697	0
0.8905091448344044	3525486	0.5531420085693751	0.5551590160002156	0.4593142720711536	28070	0.14917251151709907	0.14917251151709907	0
0.9153484923381117	2265304	0.5553690783678179	0.5570002599276989	0.45507890070436785	28992	0.14833856070146867	0.14833856070146867	0
0.8384824518042511	2764702	0.5251804846347639	0.5290048144635974	0.4595409248730174	26400	0.1962417037013662	0.1962417037013662	0
0.8829708353929807	2373576	0.5162666121534772	0.5180763827054689	0.44925936801390365	27864	0.1411598135720014	0.1411598135720014	0
0.8942165101334651	3510678	0.5893597858352132	0.5900066417317463	0.4619882146931134	28310	0.1289233001576334	0.1289233001576334	0
0.8863074641621355	2093314	0.5928388964365757	0.5965176087955365	0.44898775241712485	27674	0.16755018709353733	0.16755018709353733	0
0.8814878892733564	2058990	0.48965848937775963	0.4956393963357441	0.4480289505825404	27728	0.1578612125883263	0.1578612125883263	0
0.9000247157686604	2141306	0.4821219397910141	0.48653496354393927	0.4514763462533114	28588	0.14068884640610227	0.14068884640610227	0
0.9134948096885813	4369378	0.6347217961079088	0.6347557095437207	0.4513192143861789	28806	0.12082453550948047	0.12082453550948047	0
0.8589965397923875	2056056	0.4885460143100135	0.49279112683350657	0.4511888707357034	26802	0.171589567725302	0.171589567725302	0
0.8877904102817598	3164082	0.5912753172493393	0.5919080854764225	0.45076066287731126	27730	0.16126183696852367	0.16126183696852367	0
0.8565249629263469	2249560	0.5552958942445965	0.5582387590915682	0.45582094423672115	26944	0.1456072194752516	0.1456072194752516	0
0.879634206623826	4007150	0.603909713294661	0.6053039198960939	0.4717907968425643	28168	0.1358926390785501	0.1358926390785501	0
0.865669797330697	4407914	0.6444439076473804	0.6456104994885048	0.46911673818553196	27142	0.1409711542616434	0.1409711542616434	0
0.8792634700939199	2155470	0.4779463139709028	0.48180664264859735	0.4608912678324612	27810	0.19271381660631268	0.19271381660631268	0
0.9139891250617894	2157350	0.5356124283075694	0.5391205908708895	0.45787893684678277	29134	0.15274544423429187	0.15274544423429187	0
0.9425358378645576	2713316	0.5781897437868408	0.579607278449452	0.46228153460238525	29864	0.1698041960019717	0.1698041960019717	0
0.9062036579337618	2891552	0.5519988435993398	0.5540957912771157	0.4540970434036236	28488	0.13504540348842917	0.13504540348842917	0
0.9312901631240732	4269298	0.6014990233156431	0.6035937657214541	0.45970881474386643	29378	0.15219581986342842	0.15219581986342842	0
0.8965645081562037	2350824	0.5113936183233307	0.5125373478759202	0.4335608057233136	27948	0.132911631887582	0.132911631887582	0
0.8608502224419179	2797876	0.3853772389119779	0.3926444016331064	0.46055938599463236	26978	0.12891587157758877	0.12891587157758877	0
0.8613445378151261	2467362	0.5398546581971889	0.5436974162498961	0.45974639540000145	27264	0.14643234899719518	0.14643234899719518	0
0.9178200692041523	3097886	0.6265846003340564	0.6279408005250687	0.46292991002388145	29074	0.1584484780617706	0.1584484780617706	0
0.9342560553633218	2434744	0.510260011243275	0.5129488262949681	0.44964793089111477	29506	0.12427996460807829	0.12427996460807829	0
0.8645575877409788	3128976	0.5699246580878542	0.5735367896326798	0.45741940303815604	27246	0.15760600414739837	0.15760600414739837	0
0.8834651507661888	3296974	0.5401779038812352	0.5412239174725096	0.4563759418586865	27880	0.11359128293644477	0.11359128293644477	0
0.9089223924864063	3121680	0.5700171053402721	0.5713337737619223	0.4587725224102766	28536	0.12838297026692141	0.12838297026692141	0
0.9128769154720712	2538598	0.5825540615515844	0.5838637239312628	0.4574860417582212	28982	0.18210129736131053	0.18210129736131053	0
0.888902619871478	2537426	0.527680468323942	0.529143255274762	0.4543325912815432	28002	0.1316000187537821	0.1316000187537821	0
0.8504695996045477	5245706	0.6363651901475106	0.6389116073733978	0.4723020425777247	26816	0.13890514379825875	0.13890514379825875	0
0.935121107266436	4645184	0.6142429421077032	0.6144459712763126	0.4641105718207361	29760	0.15634992562405264	0.15634992562405264	0
0.8786455758774098	3447096	0.5982763336263411	0.5985362208574908	0.4559739499714499	27702	0.15381586382186405	0.15381586382186405	0
0.9043499752842313	4035482	0.6178380258867334	0.6188320698304349	0.461174383760951	28350	0.15109245153217357	0.15109245153217357	0
0.8989125061789421	2351562	0.5413544525377375	0.5460176458473726	0.4530590999352673	28264	0.16454010839738328	0.16454010839738328	0
0.8743203163618388	3183924	0.5261058869068089	0.5297357988146975	0.4677311371989166	27442	0.16292208913692777	0.16292208913692777	0
0.8880375679683639	2835492	0.5912923491467581	0.5920698166496263	0.45855853206822833	27952	0.14755208783141846	0.14755208783141846	0
0.9468610973801286	2604292	0.5738013025050401	0.5767989981521812	0.45746907884005733	29762	0.14348072516268778	0.14348072516268778	0
0.8405832921403855	2128198	0.5196750128972011	0.5244426668122472	0.464759297186766	26496	0.18751537591169476	0.18751537591169476	0
0.8866782006920415	2934212	0.5806725258116222	0.5824841081692692	0.46169112682212327	28048	0.18177311408083383	0.18177311408083383	0
0.8879139891250618	3406788	0.6226244832094339	0.6256642541965903	0.46100213496105474	27636	0.19251194318113626	0.19251194318113626	0
0.9053386060306475	3483452	0.6178628422881919	0.619488636956227	0.46440694353959655	28580	0.18947093971991993	0.18947093971991993	0
0.8435491843796342	2006214	0.5702649302450572	0.5713280536364194	0.44959566851007354	26660	0.1491703315271191	0.1491703315271191	0
0.8809935739001483	4808950	0.6333986540196869	0.6372815625166961	0.46079222295463457	27202	0.12281448545542163	0.12281448545542163	0
0.9085516559565002	1962074	0.4944470036361257	0.49782896431573925	0.4548793234997311	28848	0.1749492350536631	0.1749492350536631	0
0.866164112703905	1955468	0.5198429230844833	0.5253852353740559	0.4552063336320584	27372	0.15732008051483085	0.15732008051483085	0
0.8481216015818092	2894614	0.49998586572741993	0.5033755886783747	0.462300112701278	26556	0.16759448414053246	0.16759448414053246	0
0.9493326742461691	3329262	0.5974944860141606	0.6006139650851566	0.4588789473260492	30072	0.15907372139827944	0.15907372139827944	0
0.9026198714780029	4396260	0.6381062339385758	0.6392209792143788	0.4663632923224052	28454	0.13717173997996338	0.13717173997996338	0
0.90731586752348	3791618	0.584474645266761	0.5852259206460281	0.4642505301931214	28842	0.12505679206796422	0.12505679206796422	0
0.9003954522985664	2690778	0.5394790068313123	0.5417134767784414	0.4566108352087501	28468	0.13311157798134185	0.13311157798134185	0
0.8771626297577855	2713724	0.568426551087721	0.5715475643896608	0.46088198613291426	27752	0.1453941079888177	0.1453941079888177	0
0.84268413247652	3288296	0.3761182898739561	0.38163059418611406	0.4672324836964958	26262	0.14857864567873655	0.14857864567873655	0
0.8927335640138409	4568144	0.6227917440927926	0.6237439389563763	0.4666337810719338	28386	0.1361208312196559	0.1361208312196559	0
0.8896440929312902	4311962	0.6181750265284794	0.6223126499354913	0.4515154130946253	27934	0.15118530495069302	0.15118530495069302	0
0.9560059317844785	3954254	0.6003814706244291	0.6006905451801999	0.45552583904395183	30108	0.17581407519397055	0.17581407519397055	0
0.8817350469599604	3098404	0.5893993064696835	0.5899461069288282	0.4648997401443316	28132	0.165117430719372	0.165117430719372	0
0.8974295600593178	2917962	0.5133659023147117	0.516027114509044	0.46482664887438613	28614	0.15696336923563894	0.15696336923563894	0
0.824147305981216	2276988	0.46714880455805047	0.472863436605467	0.45628682636383827	25924	0.14977418554157773	0.14977418554157773	0
0.9106524962926347	2607334	0.5413412425638282	0.5441924381514109	0.45536113498865816	28988	0.1552346875016728	0.1552346875016728	0
0.8631982204646564	2217002	0.5507228572201904	0.5536631547358176	0.4589258354917074	27088	0.18847841430263756	0.18847841430263756	0
0.9293129016312407	3656088	0.6145186543214088	0.6159708427501326	0.4586624232251511	29180	0.13889579958340145	0.13889579958340145	0
0.9134948096885813	2765122	0.5676074226099163	0.569530439695854	0.45177535146243847	29258	0.14275065487943286	0.14275065487943286	0
0.9288185862580326	3638322	0.5949555349334698	0.5971089211388839	0.458399935163432	29122	0.1382902032048456	0.1382902032048456	0
0.8585022244191794	5266190	0.6033948276613933	0.6046001108061793	0.46769609520851757	27072	0.15123489203527588	0.15123489203527588	0
0.925729115175482	3013042	0.6029118570792021	0.6035302033080122	0.4570359008186356	29502	0.14938032913434732	0.14938032913434732	0
0.9033613445378151	2834352	0.6114065382462924	0.6120313712718765	0.46354902452946894	28762	0.17562326308236953	0.17562326308236953	0
0.9314137419673751	3261920	0.5343931476836942	0.5382913033320017	0.46198280401297587	29516	0.12819194854905433	0.12819194854905433	0
0.8504695996045477	2192950	0.5303471818838447	0.5325269304033421	0.4614850409963354	26768	0.16584750822859248	0.16584750822859248	0
0.8695007414730598	3423842	0.5208134369434472	0.5229377957462437	0.4619660672006584	27024	0.12395452493855523	0.12395452493855523	0
0.8388531883341572	2118324	0.5687885258780788	0.5709347262066211	0.4610588329115246	26290	0.19770518722167438	0.19770518722167438	0
0.9310430054374691	3820328	0.6392833252102091	0.6398347654148991	0.46405152232965863	29568	0.16262032469659815	0.16262032469659815	0
0.8169797330696984	4138178	0.6040328171101751	0.6044376335077569	0.46948334097749117	25340	0.13561833520554306	0.13561833520554306	0
0.9049678695007415	2807172	0.49108512518816183	0.4957410328005207	0.46426049504673655	28790	0.15391824360035467	0.15391824360035467	0
0.8947108255066732	3081808	0.6214433683964706	0.6245948518103777	0.4553940209230245	28342	0.1506141094260006	0.1506141094260006	0
0.8923628274839348	4117506	0.626889292488846	0.629168143260678	0.4601273914091711	27886	0.1763271677116061	0.1763271677116061	0
0.9522985664854177	2901774	0.4624262934372109	0.46849956874792914	0.45957509642572286	30216	0.14913923567682985	0.14913923567682985	0
0.8402125556104795	3857400	0.6030992523322122	0.605351523767797	0.46411864211843445	26656	0.14820604249482636	0.14820604249482636	0
0.9033613445378151	3361060	0.5412084053570431	0.5427057865502543	0.4531823894896241	28094	0.12681934141558723	0.12681934141558723	0
0.8791398912506179	3731746	0.5790958786789809	0.5804124757992039	0.4643327637144869	27632	0.1280258649341662	0.1280258649341662	0
0.907192288680178	2276378	0.5037119073105852	0.5069586228041788	0.449915999035263	28510	0.15609841524663506	0.15609841524663506	0
0.9286950074147307	3539910	0.5529355076842876	0.554592541244194	0.4546713895081891	29538	0.12345374362555746	0.12345374362555746	0
0.9196737518536826	2703584	0.5545893724232914	0.5561085490748826	0.4545520499062447	28900	0.1726855026564529	0.1726855026564529	0
0.8337864557587741	2335634	0.5336360363288597	0.5365249639264205	0.4616898369733777	26394	0.18270075013963735	0.18270075013963735	0
0.8615916955017301	2077884	0.47752418731049623	0.48231903297558065	0.4615496667569865	27202	0.1504567366152025	0.1504567366152025	0
0.8945872466633712	4052198	0.5701228523112621	0.5704876273493807	0.45725671023737147	28122	0.14101922515048654	0.14101922515048654	0
0.8826000988630747	3393720	0.6151870090555772	0.6163582610287202	0.4625848532960799	27810	0.17347543884715444	0.17347543884715444	0
0.9197973306969847	3539866	0.6061585290043391	0.6077947576056908	0.45607937970074025	28994	0.16176843056177645	0.16176843056177645	0
0.8990360850222442	4860112	0.6157161059158219	0.6157816003212137	0.4716303219005817	28676	0.16150645889219353	0.16150645889219353	0
0.9239990113692536	2125414	0.49496912392890974	0.49936281442170066	0.4543676280667275	29284	0.16778796682380417	0.16778796682380417	0
0.930919426594167	3692714	0.6222946319336699	0.6250732248926577	0.46461115804065317	29488	0.14991079945079383	0.14991079945079383	0
0.893598615916955	4034590	0.6031450953298297	0.605824448253225	0.46529267015881387	28418	0.13648625576172646	0.13648625576172646	0
0.9394463667820069	3964538	0.6074313436992342	0.6081895419579745	0.46870525462052703	29756	0.16284216130671228	0.16284216130671228	0
0.9049678695007415	2582700	0.5970359041061465	0.5988412989208226	0.4596490526880397	28708	0.19634827247060568	0.19634827247060568	0
0.8340336134453782	5587050	0.6892162135119856	0.6893457524612935	0.4800226506936482	26586	0.13448738312808775	0.13448738312808775	0
0.884083044982699	1774734	0.4966769804387843	0.503317729500692	0.44754916895013314	27766	0.17957223694537436	0.17957223694537436	0
0.8316856154226396	1744848	0.47780882733700286	0.47940029053668165	0.4514402659831455	26324	0.16265177834439673	0.16265177834439673	0
0.893969352446861	2874640	0.5618711164294324	0.5616205077479796	0.4607904107661016	28278	0.15600899985910535	0.15600899985910535	0
0.8615916955017301	3033496	0.6039917691364146	0.6053974051760505	0.4621260256134274	27150	0.1723298511930075	0.1723298511930075	0
0.8582550667325753	2308162	0.5161576772060604	0.5209588723217349	0.4592546761232425	27212	0.1624296203361396	0.1624296203361396	0
0.9062036579337618	2983250	0.5888650766086949	0.5901307453525938	0.452803106926193	28656	0.1282334543435758	0.1282334543435758	0
0.9236282748393475	4019298	0.6191226314761366	0.6211076687443553	0.46150814462007655	29092	0.15850068917254165	0.15850068917254165	0
0.8457736035590707	2374986	0.5813685744438136	0.5838814293259116	0.46012221704520945	26834	0.17351664873669573	0.17351664873669573	0
0.9136183885318834	2370704	0.4905270791698282	0.4954510190001405	0.4552922324038029	29040	0.13102671572972768	0.13102671572972768	0
0.870242214532872	2452222	0.5465553071415895	0.5504467903546947	0.4590704031542334	27556	0.15601256155472346	0.15601256155472346	0
0.9307958477508651	3879796	0.54173163809894	0.5439552709937131	0.465133744758575	29282	0.148926683378138	0.148926683378138	0
0.9079337617399901	2243666	0.5778591857428521	0.5802991536207486	0.45273921650226673	28918	0.20673752263654402	0.20673752263654402	0
0.8497281265447355	2539358	0.6045919459081023	0.6055055753977915	0.45906973663410394	26816	0.16051757646820738	0.16051757646820738	0
0.9053386060306475	2929934	0.529677971959588	0.5312756961786452	0.45498182667561843	28468	0.13020501608791396	0.13020501608791396	0
0.8541769649036085	2460896	0.532443592217976	0.5368502352633079	0.46124863182901493	27018	0.18672657574929397	0.18672657574929397	0
0.8294611962432031	4053662	0.5631296858930682	0.5668263264683339	0.4705232341133269	26266	0.1370749023374049	0.1370749023374049	0
0.9002718734552645	4755504	0.5913435780455495	0.5918760067858774	0.46818222411128446	28298	0.16806360998989892	0.16806360998989892	0
0.921280276816609	3013442	0.5779839191017017	0.5795329180614431	0.454863507202085	29348	0.14887697722078042	0.14887697722078042	0
0.9044735541275334	2422554	0.49414219930526954	0.4982014932287488	0.4530997779976044	28494	0.11928173499969018	0.11928173499969018	0
0.925729115175482	3012816	0.6045107177176994	0.6062135138661484	0.4592433005187222	29378	0.16813086035969713	0.16813086035969713	0
0.8200692041522492	3304300	0.5944636672114213	0.59522545181187	0.46724586374500304	25890	0.16351587053578526	0.16351587053578526	0
0.9143598615916955	3032950	0.5141167811678998	0.5161060549381623	0.45913303856547816	28978	0.13591788995607465	0.13591788995607465	0
0.8556599110232328	2559120	0.5518612217675088	0.5550889244987537	0.46513888167678785	27226	0.17593433183297644	0.17593433183297644	0
0.884330202669303	2742548	0.5816227555361436	0.5843049476623806	0.45365253338028255	28000	0.17238691001459672	0.17238691001459672	0
0.9168314384577361	2568622	0.5546563924185762	0.5571244916937544	0.4565328501848996	29188	0.16072900487019778	0.16072900487019778	0
0.8777805239742956	2473708	0.5725012960163066	0.574230867161195	0.45873042222299637	27778	0.16652942263998186	0.16652942263998186	0
0.9291893227879386	2017788	0.5417533889741318	0.54569338299953	0.45121819624440285	29454	0.17778593034456783	0.17778593034456783	0
0.9101581809194266	3609508	0.5641710799361473	0.5668792340784853	0.46467129994814216	28616	0.14501523339075598	0.14501523339075598	0
0.898418190805734	2535466	0.5364570628349891	0.5410997593302045	0.46023278834620696	28406	0.1774294366026219	0.1774294366026219	0
0.8865546218487395	4105972	0.6542303095288796	0.6542031965518839	0.46338625136152817	28364	0.1329182124383588	0.1329182124383588	0
0.7910281759762728	5415202	0.6848144370063841	0.6844622906975747	0.4689203048210579	25022	0.127846232842695	0.127846232842695	0
0.9278299555116164	2725222	0.5720266507517825	0.5723652762692831	0.4525188159174965	29376	0.1491642934498915	0.1491642934498915	0
0.9087988136431043	2024136	0.46646316524281056	0.4740739991459902	0.45689999528900077	28768	0.1608987871636397	0.1608987871636397	0
0.8712308452792882	3476004	0.554896273238843	0.5583963032362208	0.46722105816563536	27512	0.18128024247634575	0.18128024247634575	0
0.8760504201680672	3133608	0.5698517478508153	0.5739911739420146	0.45786733878691094	27684	0.16405550372976807	0.16405550372976807	0
0.9104053386060307	2973458	0.6235545709541452	0.6239994403480618	0.46101596933106087	28684	0.18454248972270723	0.18454248972270723	0
0.9288185862580326	3581404	0.571349250432667	0.5746612190011106	0.45244514824080406	29114	0.15878534950626016	0.15878534950626016	0
0.9138655462184874	3297808	0.5471898108224215	0.5508255414068307	0.4675669553938488	28992	0.1702242193020164	0.1702242193020164	0
0.8853188334157193	3202982	0.6075246089628515	0.6088466886581528	0.4632449727401084	27664	0.18091313602516768	0.18091313602516768	0
0.9055857637172516	2728354	0.581298621229239	0.5837706329778546	0.461007732079697	28394	0.1738094202868001	0.1738094202868001	0
0.8631982204646564	2231714	0.5952417631417221	0.5989270760953228	0.45460754653826596	26858	0.17478863997893293	0.17478863997893293	0
0.9273356401384083	2981246	0.5617623541885027	0.5644209731594655	0.4472264061028066	29316	0.16155879749482366	0.16155879749482366	0
0.9202916460701928	2532738	0.5751034323525744	0.5768525217042134	0.4542064751955676	29144	0.1781642173873634	0.1781642173873634	0
0.8927335640138409	2465302	0.5908256309760592	0.5922834978579916	0.4582614537547753	28380	0.17636527588193876	0.17636527588193876	0
0.8853188334157193	4694926	0.6095799711392088	0.6103381486777003	0.45985921242142425	27696	0.16523149198451717	0.16523149198451717	0
0.89817103311913	3258212	0.5750912314014068	0.5781304858811944	0.4633772155021741	28374	0.1404230590597956	0.1404230590597956	0
0.8845773603559071	3246230	0.6232450620712903	0.623428498530554	0.4642849855663143	27990	0.17482324917121203	0.17482324917121203	0
0.8577607513593672	2220232	0.5022480340748511	0.5040158988072693	0.458177771198581	26620	0.13289992789126093	0.13289992789126093	0
0.8358872960949085	4294176	0.5683882439291844	0.5693854789446072	0.4710925999348861	26178	0.13926776505552493	0.13926776505552493	0
0.9117647058823529	3554414	0.5959645101099957	0.5973191166223702	0.458243420158738	29096	0.14507204955624944	0.14507204955624944	0
0.8987889273356402	3418462	0.5902027941658925	0.590733171688835	0.4656658683867871	28582	0.1579364206221683	0.1579364206221683	0
0.9394463667820069	3657554	0.5489920722764959	0.5511497183294697	0.4597488281183217	29774	0.1389821091144836	0.1389821091144836	0
0.9413000494315373	2997812	0.591561002712889	0.5931041418510283	0.4617357625003487	29722	0.18609868990379883	0.18609868990379883	0
0.9404349975284232	3037032	0.5832170532844053	0.584933857275097	0.4574862827168967	29778	0.16593627253981882	0.16593627253981882	0
0.92622343054869	1999942	0.5050656313505915	0.5083576191796609	0.44665685073772604	29260	0.14286678137052602	0.14286678137052602	0
0.925729115175482	4550844	0.679115439224451	0.6792878792042737	0.46619173604022457	29502	0.16506588400487393	0.16506588400487393	0
0.930919426594167	3757820	0.591371572659363	0.5929194658047049	0.46115504434475946	29250	0.1509836938240029	0.1509836938240029	0
0.8940929312901631	2105130	0.5487677889641743	0.5504695846399105	0.4527716882327375	28274	0.15650740011116265	0.15650740011116265	0
0.9053386060306475	2401418	0.6173521733284731	0.6177754410367038	0.45908226539254127	28954	0.1815830241767152	0.1815830241767152	0
0.8907563025210083	3092392	0.5308856378490221	0.534052835409922	0.4588429070754299	28184	0.15020864408043236	0.15020864408043236	0
0.8912506178942166	2816858	0.5930304264434281	0.5948664677005205	0.4525882964555659	28066	0.159829985290343	0.159829985290343	0
0.884206623826001	2400902	0.5525235565876804	0.5556145771123421	0.45124229176904856	28272	0.16384323790483174	0.16384323790483174	0
0.8978002965892239	2691052	0.5558994969068868	0.5578907134683929	0.4611656759365161	28322	0.16382302203706633	0.16382302203706633	0
0.8850716757291152	3526234	0.5830952052428672	0.5859762817317972	0.4609228234742626	27892	0.14920996924414687	0.14920996924414687	0
0.9286950074147307	3845356	0.6213928802918496	0.624668638194878	0.4612551865497198	29076	0.17645620595157085	0.17645620595157085	0
0.9274592189817104	3277000	0.5972870838961905	0.5994745574686827	0.4632856638601663	29298	0.1641455331686494	0.1641455331686494	0
0.9130004943153732	2580848	0.5720644921879791	0.5741603583402105	0.45077669548093763	28794	0.14663919495809954	0.14663919495809954	0
0.9079337617399901	2921952	0.5561781134735712	0.5585858386230252	0.46196286859638463	28850	0.17108952412053705	0.17108952412053705	0
0.9366040533860603	3000080	0.5501946518759816	0.554802791791449	0.4623916473210108	29650	0.17494728227937315	0.17494728227937315	0
0.9034849233811172	3721836	0.6117557497591541	0.6130293810332651	0.4690973899664863	28630	0.13033040687937184	0.13033040687937184	0
0.9160899653979239	2648430	0.5390968726053899	0.5431585317287014	0.4516775623176634	28842	0.1856272529577836	0.1856272529577836	0
0.911888284725655	2452340	0.6061135912425097	0.6089716055174841	0.4601018158012935	29096	0.15867553470513318	0.15867553470513318	0
0.8283489866534849	3831992	0.6321633199852299	0.6327274159760975	0.46978150681438313	26198	0.16118307113498734	0.16118307113498734	0
0.8943400889767672	2107104	0.5409638380636346	0.5432702018683889	0.44754130459527247	28218	0.1440253177934127	0.1440253177934127	0
0.856401384083045	3397698	0.6515318955422513	0.6514441172890181	0.46806738153875105	26956	0.16154076075035131	0.16154076075035131	0
0.8774097874443896	2560260	0.5223297299536623	0.5240656684112908	0.45753103802160017	27652	0.173242299536386	0.173242299536386	0
0.9236282748393475	2720114	0.598337350430373	0.5998179768259123	0.4572202460848143	28912	0.18678292112100495	0.18678292112100495	0
0.9283242708848245	2747346	0.5516695582983893	0.5568168031518185	0.453948629951302	29072	0.14492825599009382	0.14492825599009382	0
0.8871725160652496	3692726	0.6278218113435315	0.6288349781306714	0.4638983058845581	28122	0.1785900418200256	0.1785900418200256	0
0.8900148294611963	3529792	0.6076091033745801	0.609233573878483	0.4649912918197066	28056	0.19732115830265382	0.19732115830265382	0
0.9218981710331191	2482544	0.5397076189915111	0.542814506888799	0.4506109183460507	28860	0.1556927519685198	0.1556927519685198	0
0.9181908057340583	2166910	0.4997886326042897	0.5023326633909838	0.4506619026292183	29092	0.1402422515276386	0.1402422515276386	0
0.9049678695007415	3714206	0.6430222872098177	0.6446563499905441	0.4525605956581908	28324	0.15028164538641955	0.15028164538641955	0
0.8699950568462679	3345238	0.5977365567020406	0.5984256934832183	0.4584092774552814	27390	0.14348453083710344	0.14348453083710344	0
0.865546218487395	2353898	0.5117487435043819	0.5139787454248024	0.4585058321296567	27164	0.14087410448340434	0.14087410448340434	0
0.7471576866040535	2495896	0.5900763864628885	0.591816657512454	0.4670116333802405	23598	0.17511345273055567	0.17511345273055567	0
0.9049678695007415	2354000	0.5793950770022824	0.5845104950085496	0.4609809726850586	28638	0.17112008379516633	0.17112008379516633	0
0.9107760751359367	2831076	0.5209019168992757	0.5257663455654739	0.4535832656412652	28732	0.13313457828107092	0.13313457828107092	0
0.9089223924864063	2424292	0.6128696834715791	0.6142335961497996	0.45135696094026695	28786	0.17309521403116926	0.17309521403116926	0
0.9243697478991597	2489488	0.5452522337056306	0.5463781777901119	0.45102687395283714	28966	0.13996531154723005	0.13996531154723005	0
0.8770390509144834	2441372	0.598576331774553	0.5986511008733734	0.4514829845020715	27518	0.16560516150943683	0.16560516150943683	0
0.8454028670291647	2135088	0.5373736438186788	0.5397136852750227	0.4515217576895234	26804	0.11522260831954066	0.11522260831954066	0
0.8520761245674741	2968790	0.6052578971648551	0.607214387940573	0.45357928227127103	26850	0.16570503196999628	0.16570503196999628	0
0.9041028175976273	2697036	0.4915056111068202	0.4957856679093242	0.4613855302262322	28666	0.16344810902914184	0.16344810902914184	0
0.9002718734552645	4786382	0.6576868011722687	0.65772112754658	0.45862720475440955	28298	0.13691006920268095	0.13691006920268095	0
0.8849480968858131	2191114	0.5464883250265996	0.5511769059660508	0.4599810073496972	27946	0.16403618421949698	0.16403618421949698	0
0.8975531389026199	2368564	0.5120611273980039	0.5141284158702262	0.4518421830826917	28184	0.13531097345077298	0.13531097345077298	0
0.8968116658428077	3593214	0.5884443544863428	0.5886871159715917	0.45369373757324677	28328	0.12925844105209086	0.12925844105209086	0
0.9095402867029164	2227702	0.5800910521788067	0.5830767402877702	0.4593845540498989	28568	0.1776130926375636	0.1776130926375636	0
0.9087988136431043	2500336	0.6079364825818125	0.6099196196403006	0.4484789071743453	28484	0.17948311005494508	0.17948311005494508	0
0.9197973306969847	2592718	0.5301784805719013	0.5318030278101675	0.45110959778910104	29058	0.13037030968241267	0.13037030968241267	0
0.8898912506178942	3006232	0.5528620635038745	0.5552501100666986	0.45973685473467807	28138	0.15706636788021822	0.15706636788021822	0
0.9312901631240732	2534788	0.4977147044383023	0.5000611061506514	0.4528239587760592	29588	0.12238921430936729	0.12238921430936729	0
0.9264705882352942	2619950	0.5728676619125793	0.574125982762877	0.4571971840061913	29416	0.15437474473674787	0.15437474473674787	0
0.8368759268413247	2445426	0.5573291645830717	0.5581918926354414	0.45379079060297295	26302	0.16648111979202015	0.16648111979202015	0
0.9269649036085023	3420718	0.5702799952001857	0.5720612984670793	0.4566423795260183	29156	0.1311522799479365	0.1311522799479365	0
0.8505931784478498	3375586	0.6203243515354635	0.621449870973258	0.4652182998246643	26594	0.16435802758451198	0.16435802758451198	0
0.9131240731586753	2043982	0.5491341522932722	0.5516127325800199	0.4524229650355824	28832	0.1483707334706822	0.1483707334706822	0
0.8823529411764706	4369128	0.6098389636833063	0.6107556273904334	0.46780497422005535	28086	0.13706857937016245	0.13706857937016245	0
0.9424122590212556	3348298	0.6299517407379943	0.6301289801447764	0.4621381458081429	29812	0.17278953899356497	0.17278953899356497	0
0.8666584280771132	2898192	0.5994507051026274	0.5995936264514589	0.4620347900191724	27400	0.17073168256654245	0.17073168256654245	0
0.8931043005437469	2578340	0.44602328592531437	0.4510737142676014	0.45603931967012484	28298	0.10961179601482988	0.10961179601482988	0
0.8931043005437469	2530654	0.597614807539952	0.5982277341848381	0.4593548984543789	28120	0.18634447291957465	0.18634447291957465	0
0.8827236777063767	2844518	0.5074422856556725	0.5079073607149583	0.46191709534121084	28082	0.11061095960808552	0.11061095960808552	0
0.8800049431537321	2737282	0.5750847959164845	0.5764125914202881	0.4601727654236893	27586	0.1686123460450847	0.1686123460450847	0
0.8696243203163618	2509744	0.5839050452067875	0.5866959101927909	0.4552202312596725	27348	0.16879943658357746	0.16879943658357746	0
0.8965645081562037	3189522	0.5793195359079889	0.5819896137199597	0.4542423477882769	28260	0.13831547070784725	0.13831547070784725	0
0.8979238754325259	2259272	0.5170129683772405	0.5171514854336188	0.45395357497728583	28490	0.12609506830126596	0.12609506830126596	0
0.773232822540781	3491314	0.5619948386713294	0.5636538019812196	0.4734670779040498	24434	0.18569320624824726	0.18569320624824726	0
0.8256302521008403	3611834	0.6428973477374902	0.6436617274553164	0.46620171546605715	26112	0.17406709702782105	0.17406709702782105	0
0.9252347998022739	3772048	0.5726556738114817	0.574960400655695	0.4614383796775345	29504	0.12989438420076302	0.12989438420076302	0
0.8902619871478002	3074530	0.6213621772671201	0.622441258908259	0.46132189787799976	28168	0.18334205379909554	0.18334205379909554	0
0.9048442906574394	3231112	0.5989027361644396	0.6002597205073981	0.46234994387870265	28840	0.16631716288148846	0.16631716288148846	0
0.8673999011369253	5830174	0.6649568458419675	0.6654683370767115	0.46272600223869076	27152	0.12463794137333112	0.12463794137333112	0
0.8513346515076619	2517458	0.5466303876510298	0.5473704467111121	0.45447374500222143	26588	0.13350914467865618	0.13350914467865618	0
0.8926099851705388	2523832	0.5409729680568801	0.5438921925942442	0.45520652099025893	28090	0.13309663651965128	0.13309663651965128	0
0.8780276816608996	2450038	0.5370608137598353	0.5396236829606952	0.4558611110613611	27940	0.1322716355440488	0.1322716355440488	0
0.9348739495798319	2515454	0.5385576202978573	0.5426571988672354	0.4566658088511781	29568	0.15696757862721566	0.15696757862721566	0
0.9005190311418685	2429172	0.5428267629785203	0.5445378746755573	0.45241096021257393	28280	0.1320666136694924	0.1320666136694924	0
0.8955758774097875	2401128	0.5677736936806058	0.5690370941162313	0.44556769149388625	28254	0.13408355805383465	0.13408355805383465	0
0.8493573900148295	2689592	0.5358997968462862	0.5391749594340081	0.45477947354299314	26996	0.14324921762235024	0.14324921762235024	0
0.9164607019278299	2431358	0.46059802202191524	0.46809292804180375	0.45449600841064886	28638	0.1480905381199196	0.1480905381199196	0
0.8250123578843302	2128606	0.473450754468492	0.4792670785438473	0.45593777490139836	26102	0.16331243606192722	0.16331243606192722	0
0.8952051408798813	4647446	0.6439918248334774	0.6451986266722098	0.4626580853696542	28268	0.1473658402453543	0.1473658402453543	0
0.9185615422639644	2833614	0.5393330185664482	0.541862659391285	0.4556426359338927	29032	0.14800786654991935	0.14800786654991935	0
0.8599851705388037	3341926	0.5696256243345009	0.5713674637174224	0.46251195001699535	27222	0.17030439909082495	0.17030439909082495	0
0.9367276322293623	3901990	0.6782678580555005	0.6785190020118916	0.45284236957922	29696	0.17390673315816085	0.17390673315816085	0
0.7969599604547701	2383456	0.5160729595398076	0.5200946417698634	0.42881042439139816	25044	0.14746989690768966	0.14746989690768966	0
0.9116411270390509	3156954	0.48769153237280854	0.4926675365387723	0.46883456297197196	28680	0.17167343499799695	0.17167343499799695	0
0.9336381611468116	3098312	0.5364670962892751	0.5374807958857665	0.45793529934050925	29622	0.1364199330732183	0.1364199330732183	0
0.9125061789421651	3424490	0.6149501806543641	0.6161196438490896	0.45909734009126035	28928	0.143072352059579	0.143072352059579	0
0.8591201186356896	2508682	0.5340248649594374	0.5343444396334401	0.4548720242495386	27066	0.16429161170470444	0.16429161170470444	0
0.8834651507661888	3941616	0.610718707723961	0.612061374768011	0.46740614950465137	27842	0.14142174379514538	0.14142174379514538	0
0.9204152249134948	2236302	0.5127560742704534	0.5154845444974406	0.4559771916310272	29210	0.17552816182424016	0.17552816182424016	0
0.7918932278793871	2386674	0.562427857186162	0.5646350917965325	0.4667046031008201	24784	0.17206744777611527	0.17206744777611527	0
0.8152496292634701	2965568	0.504356238182823	0.5059889644229837	0.46986881874035363	25716	0.16815452171229692	0.16815452171229692	0
0.8766683143845774	3177380	0.6118966584407031	0.6125092238705667	0.45893556098571087	27800	0.15417382047723813	0.15417382047723813	0
0.9504448838358873	2874170	0.5724577835633782	0.5735246629056042	0.4528763186775983	30098	0.1628665683505026	0.1628665683505026	0
0.9010133465150766	4091268	0.5720642442401441	0.573486978215285	0.46881171670377825	28678	0.11002277214076621	0.11002277214076621	0
0.9354918437963421	2937542	0.6071116192792351	0.6101501998358089	0.4525023251014881	29162	0.1627741277821363	0.1627741277821363	0
0.8863074641621355	4431812	0.6231847754453127	0.6248423965551313	0.45451124591028375	27546	0.15756315643640997	0.15756315643640997	0
0.8489866534849234	2674624	0.4705642986135743	0.47386097601418364	0.4612043553661804	26952	0.15851508705959963	0.15851508705959963	0
0.897676717745922	3551590	0.5683071057977296	0.5691320072778276	0.46547531608617104	27976	0.16027010111737558	0.16027010111737558	0
0.861220958971824	3097740	0.5827968708139301	0.5847286021395335	0.46602530080638876	27310	0.15644673630995543	0.15644673630995543	0
0.9388284725654967	2012422	0.5224499638489762	0.5252297991674272	0.4483751460172376	29648	0.1647542838580831	0.1647542838580831	0
0.8669055857637172	3513720	0.5562238128452003	0.5594118218080423	0.4663882646402597	27384	0.1506990303096028	0.1506990303096028	0
0.8833415719228868	2300638	0.5958645956046341	0.5983297716496352	0.45581518227169376	27924	0.1621860440880211	0.1621860440880211	0
0.8593672763222936	3157102	0.6067452447894143	0.6080954641723075	0.45345735955208005	27006	0.13736167662660095	0.13736167662660095	0
0.953781512605042	2357442	0.556171544077456	0.5570211888222195	0.4479550311865908	29990	0.16232473391539845	0.16232473391539845	0
0.8791398912506179	3565038	0.6399531812455536	0.6403978591043263	0.4553655829920842	27744	0.1455350157928749	0.1455350157928749	0
0.9137419673751854	3150026	0.5917999981334152	0.5924309967020336	0.45222401558681935	28762	0.1456126085225706	0.1456126085225706	0
0.9155956500247158	2458366	0.5733788407602286	0.5769369089783274	0.4574895645764409	28616	0.17505323288711352	0.17505323288711352	0
0.893475037073653	2043370	0.545957758514982	0.5507331550556113	0.4482400890687656	28208	0.15706495072184334	0.15706495072184334	0
0.9007661888284726	5244682	0.6486732410603935	0.6489349118919236	0.4612253824603419	28344	0.13741018436182365	0.13741018436182365	0
0.8744438952051409	2420272	0.5350521701157287	0.5380431069982383	0.46005358318509937	27772	0.16392834925461752	0.16392834925461752	0
0.8853188334157193	3113336	0.6254554683128182	0.6254365015377268	0.4535146347194479	27858	0.18073045826214207	0.18073045826214207	0
0.8660405338606031	2742680	0.5922902083501679	0.5939971160750906	0.45897941173695833	27604	0.14374866364955788	0.14374866364955788	0
0.8167325753830944	1964274	0.5228403932881962	0.5261775445404897	0.4545283535464766	25778	0.1874646235445733	0.1874646235445733	0
0.9002718734552645	2534558	0.5568304811397341	0.5618390991911325	0.45109108964079997	27960	0.15798592415420035	0.15798592415420035	0
0.8947108255066732	2349482	0.5812244938132711	0.5830229643474948	0.45553491781694816	28204	0.15064869432253583	0.15064869432253583	0
0.9273356401384083	4280354	0.6276336180530641	0.6285761592261639	0.4602283412511314	29508	0.1405239121628916	0.1405239121628916	0
0.9106524962926347	2139460	0.47946640888405795	0.48587235106293786	0.4549198396316978	28534	0.14843727928759812	0.14843727928759812	0
0.8850716757291152	2228174	0.5511958642482784	0.5543181447990904	0.4529722819373556	27902	0.16135381542798385	0.16135381542798385	0
0.8770390509144834	3676544	0.6595069966650202	0.6595459962025951	0.45801572717228334	27696	0.1482485563292218	0.1482485563292218	0
0.9285714285714286	3295250	0.6049357123819743	0.6062498022806698	0.45285783332037255	29036	0.13841577897149218	0.13841577897149218	0
0.9380869995056846	5218752	0.6222815665813952	0.6271849270959942	0.46532240752508564	29700	0.13896296345564052	0.13896296345564052	0
0.8917449332674247	2202218	0.5425681397124981	0.5479445346958708	0.4570372869872627	28018	0.18531429078626746	0.18531429078626746	0
0.9246169055857637	2534666	0.5406321128917059	0.5424686913017106	0.45136152107576305	29202	0.13933062147765854	0.13933062147765854	0
0.9006426099851705	4486374	0.6154620705955683	0.6152247063215505	0.4635740450910224	28790	0.12062803562431745	0.12062803562431745	0
0.8891497775580821	4990160	0.6675298188244353	0.667650076053042	0.4677367352113835	28236	0.14105300628825065	0.14105300628825065	0
0.9434008897676718	2969478	0.5748973204449502	0.5752659834412029	0.4516435440156483	29960	0.1256304164404022	0.1256304164404022	0
0.9008897676717746	3869164	0.5651512820816408	0.568170571534874	0.46628379950314264	28514	0.125239398185146	0.125239398185146	0
0.7839841819080573	2789826	0.5637735028412104	0.5664590759716355	0.4704154462113008	24738	0.15728075172708403	0.15728075172708403	0
0.8999011369253583	3634036	0.5810179143453527	0.5818208977523346	0.4643148716981293	28310	0.1532356058122197	0.1532356058122197	0
0.930919426594167	2436786	0.552072555359001	0.5558726073545797	0.4560243181528469	29414	0.17846595066831727	0.17846595066831727	0
0.9147305981216016	3099696	0.5670790362822521	0.5696023765347057	0.46315341285229944	28778	0.14972328902781148	0.14972328902781148	0
0.9059565002471577	3070622	0.594455373200765	0.5976776328728193	0.4680456867152651	28816	0.17253702737603563	0.17253702737603563	0
0.8346515076618883	3517432	0.5624143479056933	0.566580339322504	0.45514945716535965	26190	0.17299827587261699	0.17299827587261699	0
0.8723430548690064	3384062	0.5916719884074576	0.5940724611592609	0.4627782144119201	27498	0.19745377385758778	0.19745377385758778	0
0.939940682155215	2826352	0.58397095971434	0.5848692988268184	0.4577972651038838	29536	0.15915487801303976	0.15915487801303976	0
0.9359861591695502	2889406	0.5432369298228629	0.5464717748670849	0.4543079225466054	29514	0.16137683877957862	0.16137683877957862	0
0.8963173504695996	2879298	0.5861445404411644	0.5876486188827387	0.46729722430082493	28124	0.20363867525096394	0.20363867525096394	0
0.9220217498764212	2051856	0.5692616351814282	0.5725717791218526	0.443522762814378	29100	0.17045737714011286	0.17045737714011286	0
0.8451557093425606	2472142	0.4088822186896827	0.4164348208679265	0.45917739715956457	26876	0.15977881197409974	0.15977881197409974	0
0.8592436974789917	3213938	0.5388682717514627	0.5404335949576099	0.4638734370843742	27156	0.14039464929685522	0.14039464929685522	0
0.9085516559565002	2352906	0.529536769994458	0.5309362044612534	0.4571209515692832	28828	0.15080239875432244	0.15080239875432244	0
0.8924864063272367	3045722	0.5369311593069835	0.5394778180772444	0.45217011849210237	27860	0.11896250480791555	0.11896250480791555	0
0.93536826495304	2804888	0.5838592224883011	0.5860155814812525	0.45764784058884467	29298	0.14538015664722181	0.14538015664722181	0
0.9064508156203658	1949470	0.49945360953266366	0.5024855592128611	0.4475540546417531	28488	0.1632590941151443	0.1632590941151443	0
0.8635689569945626	3357218	0.5991440915765903	0.5999314223909539	0.46271642470304175	27424	0.1341416301028834	0.1341416301028834	0
0.8670291646070193	1807184	0.5022495204940597	0.5088829815814213	0.4541052330550171	27086	0.17046163735927486	0.17046163735927486	0
0.9117647058823529	3365838	0.5753683915340984	0.5755331916294902	0.45881440682729163	28918	0.14500473248175194	0.14500473248175194	0
0.9108996539792388	3228306	0.5545247320095077	0.5558304161751004	0.45842728544562367	28684	0.17631487870295479	0.17631487870295479	0
0.8766683143845774	3426610	0.5665754919231639	0.5685770169101972	0.46246740354636046	27418	0.12130262154012095	0.12130262154012095	0
0.9288185862580326	3060864	0.6151766077134617	0.6157636700293134	0.4549707621842682	29464	0.15692294328813763	0.15692294328813763	0
0.8420662382600099	4270100	0.6165893817286924	0.6187863171609188	0.4681908198285884	26646	0.13844207651193804	0.13844207651193804	0
0.9101581809194266	2646450	0.5635006478068462	0.5646304422201185	0.4423944164355902	28616	0.12746758360111884	0.12746758360111884	0
0.9110232328225408	2743504	0.5903454998131167	0.5934739853632922	0.4546992568100485	28558	0.16468509900509162	0.16468509900509162	0
0.902867029164607	1781926	0.5704861418330204	0.5722608131727065	0.452360511018094	28714	0.16362819558637232	0.16362819558637232	0
0.8529411764705882	4485132	0.6484137390028989	0.6478989581192195	0.46952531566476163	27204	0.14380084517048242	0.14380084517048242	0
0.9055857637172516	3969936	0.5558574970209087	0.5581763118819425	0.4707649457712955	28858	0.19707624374223767	0.19707624374223767	0
0.8031389026198714	2689914	0.6365346267115058	0.637057773543796	0.4577734752931783	25052	0.1834911283885445	0.1834911283885445	0
0.7974542758279782	2016114	0.5074053852796323	0.5101408271334097	0.4417621722350032	24756	0.19486706870905976	0.19486706870905976	0
0.9116411270390509	3828862	0.591222027813645	0.5921156214961516	0.46024877622231636	28766	0.1346526104168895	0.1346526104168895	0
0.8416955017301038	3360590	0.6044911255500268	0.6057573252938611	0.467537462136649	26572	0.1582845451604892	0.1582845451604892	0
0.8363816114681166	2065266	0.4787705114502463	0.48300029386949367	0.4620401834195506	26698	0.16638483423618763	0.16638483423618763	0
0.9385813148788927	3181008	0.5557444625785369	0.5572609960975914	0.45890323429776286	29900	0.13937535469071152	0.13937535469071152	0
0.9002718734552645	3275134	0.6181653772871215	0.6183704467994962	0.46003939202591465	28286	0.16607849700718091	0.16607849700718091	0
0.8762975778546713	1510740	0.5453179044185813	0.5500047923836493	0.44432979364530784	27464	0.179458785438829	0.179458785438829	0
0.8964409293129016	2135138	0.4785751342836846	0.4817433086613158	0.4511954980754342	28054	0.12065661159815838	0.12065661159815838	0
0.9045971329708354	3854936	0.6322337270235059	0.6334842491771434	0.46619362853776775	28418	0.17830559195530818	0.17830559195530818	0
0.9175729115175482	3257090	0.6000169212856028	0.5995851288964557	0.4535049915271354	28690	0.14111458940663008	0.14111458940663008	0
0.8676470588235294	4825318	0.674529292870974	0.6762208023203403	0.471977260683524	27592	0.17500959434216393	0.17500959434216393	0
0.9206623826000988	4017220	0.6046201160593861	0.6075323531370279	0.46445286940624825	29266	0.15657784347087939	0.15657784347087939	0
0.8620860108749382	2358128	0.46298369460016975	0.4663195969445151	0.4540982465955146	27100	0.16145914673380535	0.16145914673380535	0
0.8203163618388531	2794910	0.6316764972706069	0.6314197435048534	0.46472593634427817	26018	0.16715433632108864	0.16715433632108864	0
0.8549184379634207	2049544	0.4980143271502932	0.5030124293447719	0.4539810220845819	26704	0.1783741071303865	0.1783741071303865	0
0.8628274839347504	3506342	0.5906710352285748	0.5932128832489689	0.45475378568954467	26932	0.184921790997464	0.184921790997464	0
0.8545477014335146	2705864	0.5707629465884306	0.57426665999067	0.4619040821109233	27276	0.18958332086664664	0.18958332086664664	0
0.9125061789421651	2352130	0.5340963473611262	0.5366432111700293	0.4516873514521387	28812	0.14300635895897604	0.14300635895897604	0
0.8835887296094909	2200512	0.5666072990614949	0.5669353700470924	0.45492231140809863	27980	0.1635539712519891	0.1635539712519891	0
0.8652990608007909	3616378	0.605652051988394	0.6066341393509739	0.4636351461372817	27452	0.15502563803073402	0.15502563803073402	0
0.8813643104300544	2040306	0.47137843582166944	0.475054479052522	0.44745736035199113	27814	0.13399643674827846	0.13399643674827846	0
0.9002718734552645	4044388	0.601053302352773	0.6042964053827	0.4637950815558846	28524	0.17568873666447618	0.17568873666447618	0
0.9408057340583292	3818550	0.6410672460543928	0.6419552189893718	0.45889192747959234	29592	0.16303986242506835	0.16303986242506835	0
0.9080573405832921	3143430	0.49757315782890893	0.5004531459755637	0.459868094980711	28688	0.14410173179406746	0.14410173179406746	0
0.8929807217004448	4335866	0.5615334731576118	0.5631387842394866	0.47161108590414624	28384	0.16664573494629945	0.16664573494629945	0
0.8812407315867523	2064368	0.5182251689512584	0.521712843258668	0.455900747661839	27862	0.15511831875541268	0.15511831875541268	0
0.8835887296094909	2732878	0.5567939285355609	0.5593905143108232	0.45836090457821504	27692	0.16754158409275935	0.16754158409275935	0
0.9175729115175482	1484378	0.4874653385502117	0.49307164077970794	0.4366421010350974	28740	0.19093424298762599	0.19093424298762599	0
0.8804992585269402	2697122	0.6006745209722417	0.6026877688983715	0.45646889026519427	27688	0.1932598445188106	0.1932598445188106	0
0.9157192288680178	2302328	0.5659204176339532	0.5679297268510419	0.44684297551526037	28890	0.14626383284575611	0.14626383284575611	0
0.9176964903608502	3579622	0.5636496749050466	0.5655580219049132	0.45999578142314546	28778	0.1458966713298762	0.1458966713298762	0
0.9160899653979239	4628276	0.6688024821183131	0.6690424814314379	0.4593297915452584	28556	0.16590823327758916	0.16590823327758916	0
0.9230103806228374	4087468	0.6338472157971775	0.6360126543056698	0.4655097033190412	29352	0.17390934973689517	0.17390934973689517	0
0.8641868512110726	3006106	0.5721041598604698	0.5754639681911025	0.4624916951298564	27208	0.14998936867103702	0.14998936867103702	0
0.925852694018784	2579640	0.5425745885864943	0.54687716503948	0.45490834253940554	29560	0.15230470582145336	0.15230470582145336	0
0.9111468116658428	2520474	0.5227396085395929	0.5261569452172657	0.4590064689100799	28948	0.15922524228089546	0.15922524228089546	0
0.9142362827483934	2632460	0.5649699779773265	0.5673704071030119	0.4524934254353051	28764	0.16420518695484806	0.16420518695484806	0
0.9295600593178448	2407664	0.526666759088029	0.5302717905643132	0.4486937290752015	29440	0.14111928065754695	0.14111928065754695	0
0.930177953534355	2878886	0.5227641994729316	0.52944547521019	0.4606329150558573	29358	0.16859744403762392	0.16859744403762392	0
0.8881611468116658	4299282	0.6310538453109181	0.631574362564341	0.4600664804149884	27970	0.1477399011994607	0.1477399011994607	0
0.9348739495798319	2341624	0.533564351809833	0.5358270966674047	0.4543412233596677	29664	0.1462064980513327	0.1462064980513327	0
0.9248640632723678	2263460	0.47900235276695974	0.4851931545580615	0.4545487706056694	29328	0.14115563409374915	0.14115563409374915	0
0.9369747899159664	2579742	0.5376163619548019	0.5407496270830453	0.44956463345443537	29460	0.14664854242981248	0.14664854242981248	0
0.912135442412259	2080048	0.5730198911967803	0.5760676732065335	0.45012611973554345	28998	0.15368337941152763	0.15368337941152763	0
0.9142362827483934	4049464	0.605582140118131	0.6065089353791789	0.45389193200184036	28796	0.151507485719064	0.151507485719064	0
0.8898912506178942	2947994	0.5287746284958322	0.5299086172299798	0.4586784213231901	28020	0.11497635400180224	0.11497635400180224	0
0.9296836381611469	3097968	0.5751285932189104	0.5765057852636318	0.4521062423043869	29712	0.14577521870187177	0.14577521870187177	0
0.8845773603559071	2494368	0.5390280928197688	0.5400842767893144	0.452049103109313	27730	0.14475549492088866	0.14475549492088866	0
0.8997775580820564	2269800	0.610008808242521	0.6098989400485778	0.4493839325670939	28384	0.18641145253140415	0.18641145253140415	0
0.8666584280771132	2737442	0.593591355613622	0.592998884825537	0.46415556014722165	27652	0.16765696761860202	0.16765696761860202	0
0.9132476520019772	2248394	0.5743057289074216	0.5767048098068516	0.45507379730520925	28854	0.18101131686854308	0.18101131686854308	0
0.9064508156203658	2517404	0.6117277876623745	0.6121878756836425	0.45465583450773156	28858	0.15885688517605132	0.15885688517605132	0
0.9059565002471577	3690042	0.635358508259089	0.6363030823642105	0.4603113679402733	28494	0.1634934248609083	0.1634934248609083	0
0.8769154720711814	1827474	0.44347450497359436	0.449723762087707	0.4460415313776933	27730	0.14409637446341658	0.14409637446341658	0
0.893969352446861	1597422	0.4332766463325999	0.44320588091250523	0.4515422655178745	28352	0.16832936973332902	0.16832936973332902	0
0.8828472565496787	2296364	0.5629582111343434	0.5654148779274958	0.45021124941101415	27820	0.13232393217151942	0.13232393217151942	0
0.8743203163618388	3033916	0.5415269973649426	0.5446924464303825	0.4626279017618407	27958	0.1340909059989975	0.1340909059989975	0
0.9196737518536826	2410296	0.5376673448837583	0.5390601060298813	0.4470631122558213	28786	0.1428327591563715	0.1428327591563715	0
0.8912506178942166	3888554	0.5750650330264622	0.5764326802669785	0.4620319487250486	28326	0.15871865493704393	0.15871865493704393	0
0.9152249134948097	4627512	0.6118867528842356	0.6124010367534464	0.46657586330192685	28858	0.16779790710051534	0.16779790710051534	0
0.9420415224913494	3379364	0.5502858198556433	0.5519388431774039	0.46516412369222976	29754	0.13931164195331658	0.13931164195331658	0
0.9059565002471577	3794558	0.5805640047497586	0.5801840803311872	0.45765962650383735	28868	0.12041421100961507	0.12041421100961507	0
0.9414236282748394	3783728	0.6022527280680161	0.6036883797332603	0.4616651892210517	29622	0.16725719729631786	0.16725719729631786	0
0.8130252100840336	3360688	0.5769624161723349	0.5786547918736465	0.467133605771553	25794	0.21926904059033614	0.21926904059033614	0
0.9117647058823529	1945876	0.5471990672889461	0.5520731235519678	0.45094559898419595	28790	0.17889437764415209	0.17889437764415209	0
0.8395946613939693	2160988	0.5524657940273313	0.5560434053435649	0.4594973109102957	26442	0.17816166411805687	0.17816166411805687	0
0.8854424122590212	3098138	0.5490431344399807	0.5511022469628138	0.4605562812615205	28090	0.13694704806409913	0.13694704806409913	0
0.8963173504695996	2761296	0.504481281647916	0.5093164409581131	0.45652806690981	28010	0.15046791887728408	0.15046791887728408	0
0.8650519031141868	2866170	0.5540211108753871	0.5570660656259616	0.4651929769725491	27040	0.19406363033495266	0.19406363033495266	0
0.9253583786455759	2293562	0.5320101875777465	0.5327447759975885	0.4511922467061305	29536	0.14496370806265535	0.14496370806265535	0
0.9368512110726643	1827532	0.48286827649061365	0.4892757052471915	0.44282016828002396	29624	0.14616290648488842	0.14616290648488842	0
0.8760504201680672	2085514	0.5101984250009955	0.5170794407213101	0.4464899040037482	27324	0.13813006117061732	0.13813006117061732	0
0.8744438952051409	3224540	0.5442821512817713	0.5470028461156383	0.46821730005052226	27504	0.16399322644740771	0.16399322644740771	0
0.9023727137913989	2858550	0.5706359623875924	0.5711454060632657	0.4555298885529843	28504	0.1628839614412567	0.1628839614412567	0
0.9283242708848245	3582562	0.610995952779022	0.6125544048516395	0.45645395415239837	29078	0.14261629459059874	0.14261629459059874	0
0.9131240731586753	2953740	0.550349844130852	0.5542599179859712	0.4553401580599156	28976	0.16744495933903558	0.16744495933903558	0
0.9315373208106772	3525760	0.5755718043297142	0.5800379520327844	0.45538458093349976	29254	0.14955318229550602	0.14955318229550602	0
0.8746910528917449	2147424	0.49516040890950636	0.49868574953977934	0.4527223541824676	27408	0.14500752568983213	0.14500752568983213	0
0.8765447355412753	3091330	0.5566911887087853	0.5587858569393073	0.4616924245409531	27580	0.15623876848530524	0.15623876848530524	0
0.8943400889767672	2546950	0.5267097539798092	0.5296277389109498	0.45852554550733715	28268	0.164803366741658	0.164803366741658	0
0.884206623826001	3863076	0.6532885594859122	0.6542978469056172	0.4649136438067296	28192	0.1763515645645303	0.1763515645645303	0
0.9333910034602076	3296030	0.5930310453732247	0.5943829295293072	0.46344492324253195	29640	0.16622626041676475	0.16622626041676475	0
0.8963173504695996	3025884	0.5849993486910438	0.5854215584259248	0.45661335076943416	28288	0.13388362212971663	0.13388362212971663	0
0.9274592189817104	3492378	0.571751996313836	0.5731661242597695	0.45839242068805125	29236	0.1381558696357466	0.1381558696357466	0
0.902743450321305	3127336	0.5534537709222663	0.5543243942271143	0.4488128278706678	28738	0.1348106657111804	0.1348106657111804	0
0.8945872466633712	3558624	0.611185422335364	0.6123040150819843	0.4677159244184805	28382	0.15281683458444742	0.15281683458444742	0
0.9089223924864063	3525344	0.6198284700460018	0.6223385908365843	0.4606406832434697	28924	0.16145349774410747	0.16145349774410747	0
0.9337617399901137	2272266	0.5860269472776894	0.5900543926516196	0.4537081510678503	29570	0.17300380036241136	0.17300380036241136	0
0.8953287197231834	1718912	0.5362445474853834	0.5406322338843158	0.4470627739505924	28476	0.17184911540185274	0.17184911540185274	0
0.8284725654967869	2117008	0.5077084462226834	0.5110065797424835	0.4482561387511588	25966	0.1784295316834218	0.1784295316834218	0
0.9274592189817104	2102282	0.5943852833563199	0.5953308675719302	0.44970914913286514	29280	0.1636198491434254	0.1636198491434254	0
0.9022491349480969	2435434	0.5618942158704613	0.5642672318606845	0.4489817652029869	28094	0.15451384877746907	0.15451384877746907	0
0.9107760751359367	2186214	0.5428300622807988	0.5453468681930428	0.4543409556528451	28712	0.16008927025970357	0.16008927025970357	0
0.8970588235294118	2942546	0.557712856114252	0.5592310576256534	0.4612218645928096	28366	0.14417024733238246	0.14417024733238246	0
0.9284478497281266	2511276	0.5904501454916903	0.5920465037108954	0.4589985927296551	29262	0.1796585417233536	0.1796585417233536	0
0.8804992585269402	2654122	0.5314168880514644	0.5328215812755813	0.4630492170130489	27910	0.14450795748782594	0.14450795748782594	0
0.9095402867029164	2619670	0.5562949365383774	0.5588905780727309	0.4536643170504195	28682	0.14469694315399098	0.14469694315399098	0
0.8991596638655462	5054178	0.6409844160957585	0.6422553837020621	0.4719432142484595	28410	0.15547499910022808	0.15547499910022808	0
0.9238754325259515	2431632	0.4886853994432602	0.49501129496530916	0.4559225024747496	28966	0.12072226881500651	0.12072226881500651	0
0.8879139891250618	2008360	0.5001794071215441	0.5044435427025488	0.45160580149082924	27968	0.1536653697612077	0.1536653697612077	0
0.8761739990113693	1930148	0.5080170867213857	0.5098895659183994	0.45754987441553413	27858	0.15134161464651533	0.15134161464651533	0
0.9096638655462185	3425096	0.5421776588484014	0.5458323141795383	0.465002284761916	28764	0.15789778966710313	0.15789778966710313	0
0.893722194760257	2009378	0.5466982543253079	0.5476943001091419	0.45274845614362375	28526	0.14844366257533922	0.14844366257533922	0
0.9026198714780029	2176754	0.5459254243008568	0.546382153800768	0.456541244436385	28776	0.16637402386971611	0.16637402386971611	0
0.8115422639644093	2183750	0.6253825617764418	0.6253353915831811	0.4500817113616003	25598	0.179060626111571	0.179060626111571	0
0.9455017301038062	2860414	0.5312578572357683	0.5341721616876124	0.4540431050470884	29602	0.1497175947037568	0.1497175947037568	0
0.8849480968858131	3706962	0.5653213259775073	0.5660735426139284	0.4595227381894671	28156	0.14794091255259045	0.14794091255259045	0
0.8394710825506673	2574970	0.4809707660042521	0.4852570894910619	0.4633440003259411	26462	0.16062398395886632	0.16062398395886632	0
0.8754325259515571	2069646	0.48325602058416806	0.48796311864219016	0.4579779612484191	27716	0.14996145577842107	0.14996145577842107	0
0.9337617399901137	2574638	0.5848217230590101	0.5858529201413176	0.4524144959719636	29496	0.14140024681693594	0.14140024681693594	0
0.8954522985664854	3284936	0.57610337427337	0.579328217148604	0.46205005671783855	28308	0.1614118420595339	0.1614118420595339	0
0.8525704399406822	5045166	0.635488949652319	0.6362265918728981	0.4690726509277512	26968	0.1382501754473395	0.1382501754473395	0
0.8669055857637172	3105042	0.6225637136857592	0.6231684800447784	0.4658923825072034	27400	0.17039203463498195	0.17039203463498195	0
0.9197973306969847	3040938	0.5445429994448475	0.5464788066652134	0.4607490144419842	29038	0.14015550770587978	0.14015550770587978	0
0.9382105783489867	3856696	0.6643539153211259	0.6644316228014178	0.4606317914000378	29806	0.159388935367072	0.159388935367072	0
0.9173257538309442	3742294	0.6235961668766186	0.6242511827529466	0.4675872704012094	29180	0.17268875549198312	0.17268875549198312	0
0.8863074641621355	3369884	0.596159532559639	0.5971480497735154	0.45629342826093683	27908	0.1548932159536923	0.1548932159536923	0
0.8863074641621355	2755920	0.5604765187430786	0.5625943681862134	0.4537676361170018	27684	0.1408387803109041	0.1408387803109041	0
0.9385813148788927	3361480	0.6022712405357754	0.6025717150613418	0.45499876035660297	29480	0.13691314671864593	0.13691314671864593	0
0.911888284725655	4268760	0.6238914679814257	0.624591563255677	0.4683927724144195	28704	0.18389497704252264	0.18389497704252264	0
0.9064508156203658	2041100	0.5207893449998588	0.5234247823150987	0.4439365324557151	28794	0.14976463974381252	0.14976463974381252	0
0.9123826000988631	2479086	0.5566145423416877	0.5583646516866028	0.4495390018525967	28328	0.15291610477150205	0.15291610477150205	0
0.8905091448344044	3181172	0.5617923740032934	0.5661238657658892	0.46015951394363136	28078	0.16396684532688757	0.16396684532688757	0
0.8948344043499753	4160830	0.6195035137410925	0.6209697926687802	0.4677978410298858	28548	0.1468584968356639	0.1468584968356639	0
0.8636925358378645	2928358	0.571068999828778	0.5720636477021059	0.454010773435968	27190	0.12224836242641156	0.12224836242641156	0
0.8955758774097875	2669204	0.5306449644739151	0.5335923555021636	0.4646630137058089	28038	0.19458189886458596	0.19458189886458596	0
0.9184379634206624	2170386	0.4362361472566397	0.4419274168373297	0.45492699342795223	28960	0.1547765007876056	0.1547765007876056	0
0.8938457736035591	2542474	0.556088437973268	0.5577727951951496	0.456458879175262	28186	0.12960131365146224	0.12960131365146224	0
0.9289421651013346	2903374	0.5602046385438807	0.562140367965999	0.4585466722661866	29172	0.15523058312666424	0.15523058312666424	0
0.8494809688581315	3495728	0.5645339203885927	0.5669988085692231	0.4677155887249873	27010	0.1679268546776381	0.1679268546776381	0
0.8748146317350469	2627974	0.6170904734910253	0.6187759108954076	0.4568128342390305	27632	0.1968749921135369	0.1968749921135369	0
0.9290657439446367	2013694	0.5070498973448946	0.5094816559617363	0.44669886725419344	29160	0.12322414389597808	0.12322414389597808	0
0.8200692041522492	2571656	0.42344260730547406	0.43081620228266493	0.464767422002008	25850	0.10799142430009352	0.10799142430009352	0
0.8393475037073653	2989280	0.46278349760230575	0.46657917620063977	0.47287845827057357	26574	0.15870509121817375	0.15870509121817375	0
0.8664112703905091	2816992	0.5405789713713045	0.5423763225994598	0.45900944959121054	27466	0.17901427788262045	0.17901427788262045	0
0.8450321304992585	3556548	0.5834960308365428	0.5858706387835941	0.4634987438774811	26412	0.1723749829355401	0.1723749829355401	0
0.8482451804251112	3504684	0.6787211602521209	0.6791899420685638	0.46124977633763037	26662	0.1652071424113928	0.1652071424113928	0
0.9328966880869995	2246764	0.5321558671546582	0.5352882593176332	0.4527758534808692	29536	0.15914332213886603	0.15914332213886603	0
0.8859367276322294	2759656	0.5375709732177194	0.5412567186793135	0.4605110882376437	27546	0.17362003815868168	0.17362003815868168	0
0.8604794859120118	4205748	0.6437174379415294	0.644057109919213	0.4634909118147174	27238	0.12430928595269514	0.12430928595269514	0
0.912259021255561	2710516	0.5239410712517606	0.5285069534679817	0.4567888464946679	28964	0.1426357496703272	0.1426357496703272	0
0.9081809194265942	2750286	0.4806485026725558	0.48358339774933645	0.4584684007819085	28524	0.13081179647317862	0.13081179647317862	0
0.7857142857142857	3437920	0.5910406664777722	0.5926372794975902	0.457540661566046	24944	0.19564505704697902	0.19564505704697902	0
0.8682649530400395	3003652	0.5537283515148348	0.5554839134525884	0.46700404874281687	27334	0.16346321369418665	0.16346321369418665	0
0.9065743944636678	5739894	0.6733633178310257	0.6739448585875466	0.47015470649097785	28822	0.15980624047052513	0.15980624047052513	0
0.8077113198220465	1938560	0.4582383491293449	0.4616386555530399	0.45712292292783613	25468	0.15479199191676135	0.15479199191676135	0
0.8863074641621355	2450058	0.546951796107029	0.5471288194992272	0.4558050612371982	28124	0.16995922613408262	0.16995922613408262	0
0.9026198714780029	2426324	0.582581914932781	0.5842600006176907	0.4610432734415295	28750	0.16963290022719615	0.16963290022719615	0
0.8744438952051409	2009158	0.5061148306853674	0.5092483758765692	0.45494109747774103	27514	0.15254906553765832	0.15254906553765832	0
0.861468116658428	2773790	0.5506360936157402	0.5539626776109858	0.4627018345192626	27180	0.14578195352329307	0.14578195352329307	0
0.8737024221453287	2930810	0.5164524346107486	0.5196674118506078	0.46284319701298743	27660	0.15567687611240802	0.15567687611240802	0
0.9252347998022739	2599320	0.5511594759372471	0.5535700099321057	0.45108933290243597	29038	0.14395725623123637	0.14395725623123637	0
0.9070687098368759	4456074	0.6351266544468522	0.6352175030470409	0.4686217670041219	28910	0.13768289578114346	0.13768289578114346	0
0.8004201680672269	2721134	0.5213990590816177	0.5239307600106745	0.4528975204548904	24890	0.17140189617171656	0.17140189617171656	0
0.9047207118141374	3641282	0.5905585702467514	0.592923352788751	0.45746977374593967	28582	0.143753575290875	0.143753575290875	0
0.865793376173999	2262400	0.541306505119028	0.5436194025824083	0.45592627449943995	27516	0.14705417583591285	0.14705417583591285	0
0.9044735541275334	3813022	0.6056771918533597	0.6059407102938976	0.4570143626576992	28470	0.11814463167569166	0.11814463167569166	0
0.8318091942659417	2150516	0.510871518316175	0.5149391560448996	0.46025660189932016	26296	0.18992358113417096	0.18992358113417096	0
0.9106524962926347	2438480	0.5308506626755122	0.530983962426517	0.44885438177575665	28824	0.14673756807818716	0.14673756807818716	0
0.9230103806228374	2127464	0.512743780536901	0.5149422957405945	0.45380066407602054	29304	0.16206817738379273	0.16206817738379273	0
0.870365793376174	4974382	0.6825774089950988	0.6832611995042579	0.47094206763400104	27892	0.14286043428362752	0.14286043428362752	0
0.8808699950568463	2794822	0.5949397809380003	0.5965699283817122	0.45756022440094984	27792	0.17060367462558623	0.17060367462558623	0
0.8080820563519525	3475274	0.6141856596493868	0.6166034003472953	0.46431737611347995	25632	0.13150676193980745	0.13150676193980745	0
0.9275827978250124	4499310	0.6299899676397069	0.6317446165162789	0.47033603995796086	29598	0.17966431173021194	0.17966431173021194	0
0.9099110232328226	3746134	0.6160707416742262	0.6187264531362772	0.46670814819006723	29024	0.15961023593163934	0.15961023593163934	0
0.8676470588235294	2207532	0.516934049621245	0.519970483097089	0.4556527868267383	27324	0.15185347817699396	0.15185347817699396	0
0.916337123084528	2677916	0.5711540581305923	0.572113576313978	0.4594768042066519	28936	0.20155080921504884	0.20155080921504884	0
0.8901384083044983	3181122	0.5707429737271534	0.5730641220588047	0.46512836577175243	27938	0.18799106629754395	0.18799106629754395	0
0.8552891744933268	2474086	0.5927043375248053	0.5928116475705484	0.45637577243122324	26828	0.15698971438499804	0.15698971438499804	0
0.9128769154720712	2809610	0.5117905888348067	0.5132017792466894	0.4586208559446339	28596	0.11419460052177828	0.11419460052177828	0
0.9107760751359367	2788092	0.5674469328393391	0.5681123348882934	0.4563413724744252	28712	0.1530427298402647	0.1530427298402647	0
0.8735788433020267	3414916	0.6293672330716099	0.6299796725518482	0.4604689633702022	27466	0.1335202020508894	0.1335202020508894	0
0.8997775580820564	2408782	0.45558523392799244	0.46216424664961075	0.46161538553342746	28184	0.1742509065652029	0.1742509065652029	0
0.879634206623826	3196406	0.6253476113243164	0.6250026258394957	0.45987534695619803	27682	0.1723132381301454	0.1723132381301454	0
0.8999011369253583	3410346	0.6011754128752081	0.6020125725663336	0.4539944289031159	28520	0.1219201221383552	0.1219201221383552	0
0.8756796836381612	2873678	0.5401494963552759	0.5437302905429015	0.45968818405150236	27428	0.10354076553843244	0.10354076553843244	0
0.8043746910528917	2556906	0.5871935738986923	0.5891205592681025	0.4588844954172318	25440	0.16749950951432382	0.16749950951432382	0
0.9160899653979239	2719960	0.590291618423974	0.5920393841723857	0.4573165353182609	28942	0.1647604385637297	0.1647604385637297	0
0.9358625803262481	3668328	0.5770607166864606	0.5795658817818344	0.4603425890853135	29612	0.11396784247074665	0.11396784247074665	0
0.8970588235294118	2720940	0.6296113933127601	0.6310628561860167	0.4574236660721538	28264	0.1682884436794635	0.1682884436794635	0
0.8822293623331685	3201824	0.6101362292325563	0.6100950311801986	0.4458325821955687	27476	0.13153990145175126	0.13153990145175126	0
0.9086752347998023	3839252	0.6804308755062841	0.6800333363859995	0.4620885929622817	28850	0.1677640440106233	0.1677640440106233	0
0.9327731092436975	3104412	0.6304242742925211	0.6306501119155775	0.44886639962145525	29412	0.17657270906716313	0.17657270906716313	0
0.884083044982699	3236952	0.57861519531263	0.5788615922930447	0.45741495483642153	27922	0.12792767728294469	0.12792767728294469	0
0.8782748393475037	2137856	0.5363166670486246	0.5390828229043014	0.4540714152476127	27490	0.17166358353211011	0.17166358353211011	0
0.9123826000988631	3142424	0.5888308047516221	0.5893463942568453	0.4588749584766006	28782	0.14443822738422032	0.14443822738422032	0
0.930919426594167	4123930	0.6492255914778463	0.6494165801776045	0.46302978171219283	29654	0.16048758940836047	0.16048758940836047	0
0.8539298072170045	2861946	0.6134722523451998	0.6135552246218104	0.45298174028695476	26766	0.16546399336642123	0.16546399336642123	0
0.8665348492338112	2168560	0.5656433477965233	0.5696141955946533	0.45894387510487394	27284	0.18247282993051459	0.18247282993051459	0
0.8987889273356402	3741716	0.5979356694716327	0.599355429525519	0.45578127320876205	28300	0.15177554475168706	0.15177554475168706	0
0.902867029164607	2341392	0.5457279997887337	0.549137310170536	0.4553538858873452	28718	0.16254829255770098	0.16254829255770098	0
0.898047454275828	3123752	0.6503955457674115	0.651059683882577	0.4550672730081408	28246	0.14973182710052999	0.14973182710052999	0
0.9190558576371726	2344912	0.5471676615659183	0.5509864248895889	0.45757011668605796	29112	0.15946588122852626	0.15946588122852626	0
0.9384577360355907	2906168	0.5767966169837584	0.5812539563116367	0.4428695375237817	29368	0.15732531901499533	0.15732531901499533	0
0.8444142362827484	2084074	0.6285155709689311	0.6309391623952932	0.45833127375802	26280	0.19354770120931516	0.19354770120931516	0
0.8568956994562531	3073284	0.5557699049347619	0.5580807760438724	0.4657100536940617	27342	0.15268650197689024	0.15268650197689024	0
0.8503460207612457	2603450	0.565540055061531	0.5695903537234112	0.460075137748258	26778	0.1625429068779307	0.1625429068779307	0
0.8744438952051409	2300692	0.5261500311638927	0.5295856280782992	0.4542621086843954	27722	0.14570633391703583	0.14570633391703583	0
0.851705388037568	2882012	0.6159123234712591	0.6168574877425258	0.46171026728175674	26740	0.18438831052832994	0.18438831052832994	0
0.8851952545724172	2827848	0.567872115237945	0.570111595159143	0.4532460241447442	27606	0.14573266076836852	0.14573266076836852	0
0.8965645081562037	2567274	0.5732847621840712	0.5753794309385598	0.4508659339066707	28334	0.16886972441556544	0.16886972441556544	0
0.8994068215521502	4317390	0.6080123250448622	0.6091693099598742	0.4644425171469428	28620	0.12563614815355015	0.12563614815355015	0
0.9243697478991597	2450834	0.5435109011246881	0.544629572266551	0.4464984129391331	28866	0.15355906208721984	0.15355906208721984	0
0.9084280771131982	3591168	0.5871161642491639	0.5876620978335927	0.46745017834479835	28708	0.1722990794977152	0.1722990794977152	0
0.8895205140879882	3139558	0.5617272768764422	0.5650216025340841	0.4534220425950406	27972	0.13010741882795532	0.13010741882795532	0
0.9060800790904597	4081668	0.6056429181772354	0.6068301902450717	0.46409347541769747	28452	0.15377248118705902	0.15377248118705902	0
0.9228868017795353	2958634	0.5723605960135788	0.5728425544471941	0.4533090311239385	29056	0.12184618147585562	0.12184618147585562	0
0.8890261987147801	2370182	0.5328179487708448	0.534228807924423	0.4442630061130033	28056	0.13536040009348685	0.13536040009348685	0
0.9139891250617894	2960398	0.5635862677497201	0.56493952187562	0.45548144897972326	28632	0.1423549291931047	0.1423549291931047	0
0.9294364804745427	3305876	0.5978414500937191	0.5994185940310476	0.45761449815779526	29490	0.15176485302221013	0.15176485302221013	0
0.8492338111715274	3567692	0.5867212224962477	0.5878309409734827	0.47098679802720794	27156	0.1387714340150267	0.1387714340150267	0
0.8766683143845774	2952386	0.5270251717994736	0.5287379617785092	0.457409272879449	27494	0.142307003511676	0.142307003511676	0
0.8762975778546713	2636352	0.6026081386708037	0.6035796207732226	0.4580475071330448	27628	0.16635579797359548	0.16635579797359548	0
0.7791646070192784	1801370	0.5100149467326592	0.5148396291481988	0.4546102633784412	24554	0.16964083036605782	0.16964083036605782	0
0.9091695501730104	3160212	0.6023704665513475	0.6037768208510913	0.4629932595277506	28762	0.16038979720611138	0.16038979720611138	0
0.8811171527434503	4424394	0.6932618982525104	0.6929257109844925	0.470355431880429	27614	0.16546181095238965	0.16546181095238965	0
0.9346267918932278	2307034	0.4959862308372865	0.5014181890829311	0.4563066317998636	29610	0.16276270469520904	0.16276270469520904	0
0.8869253583786456	3851992	0.6054868694088441	0.6070083480164715	0.4536149146493471	27924	0.1346130451377593	0.1346130451377593	0
0.8365051903114187	2137224	0.4776627576192543	0.48302517898691627	0.4561982963704896	26198	0.16156760866988182	0.16156760866988182	0
0.9085516559565002	3603520	0.5552864164083202	0.556884159425907	0.4599571106003131	28552	0.1432709488784909	0.1432709488784909	0
0.8891497775580821	2559498	0.538027229336614	0.5427486436049181	0.45564124604791106	28346	0.13949518362551167	0.13949518362551167	0
0.9477261492832427	2828004	0.5750073815502309	0.5762805770433629	0.45512985211952284	29888	0.15035840385276664	0.15035840385276664	0
0.8341571922886801	4777144	0.6473361047122336	0.6480596719430395	0.4655550908034483	26306	0.1762432406856518	0.1762432406856518	0
0.9275827978250124	3580008	0.599882732501409	0.6006118843879208	0.46143331777341134	29398	0.16226878973555683	0.16226878973555683	0
0.8556599110232328	2646500	0.5042183939938	0.5090371516400028	0.4631986638422099	27090	0.13453719506140935	0.13453719506140935	0
0.9191794364804745	2238916	0.5743421269027794	0.5753235497516388	0.4598353388122903	29214	0.16469759682399096	0.16469759682399096	0
0.8525704399406822	3374556	0.5784504046915888	0.5811613190892998	0.4641518253446546	26704	0.1730240823513779	0.1730240823513779	0
0.8812407315867523	2564416	0.5460505392476277	0.5472527079735464	0.4572547747540185	27872	0.12499069998985395	0.12499069998985395	0
0.9291893227879386	3221538	0.5158478833637649	0.5207035692172219	0.4617497475250198	29326	0.13068786703974797	0.13068786703974797	0
0.8683885318833415	2807406	0.545441654144695	0.548799078898032	0.454855243307473	27324	0.12314538571819739	0.12314538571819739	0
0.8403361344537815	3243816	0.5928955645289654	0.5949369502646012	0.45812548205106124	26712	0.14607510248462266	0.14607510248462266	0
0.9296836381611469	2417072	0.5633984413624283	0.5648159359513756	0.4479624451817881	29400	0.17904412441629905	0.17904412441629905	0
0.8601087493821058	4133326	0.5883911396534715	0.5890270121162371	0.47120972566398417	27164	0.15156636065609677	0.15156636065609677	0
0.9170785961443401	3211234	0.6158778359534355	0.6160733356601614	0.4684744883092875	29196	0.16024903960826864	0.16024903960826864	0
0.9429065743944637	4024938	0.624038399528844	0.6253013480442176	0.4615487929993188	29580	0.1532994379380333	0.1532994379380333	0
0.9127533366287691	1966100	0.5074974972599391	0.5091864204519901	0.44253160335671776	28480	0.1704849868074836	0.1704849868074836	0
0.9133712308452793	6348508	0.6337642575222576	0.6345243166311746	0.4803471046767804	28886	0.15935467829016206	0.15935467829016206	0
0.8652990608007909	2953762	0.553885712289019	0.5546704442875025	0.4527815103763204	26994	0.15016008266749142	0.15016008266749142	0
0.9110232328225408	2884062	0.5643362910917913	0.565699957024099	0.45178571022640557	28816	0.14086861758729766	0.14086861758729766	0
0.8882847256549679	2702204	0.5468714283605915	0.5510193243161822	0.4654503077682759	28136	0.17189709294761527	0.17189709294761527	0
0.8531883341571923	1926952	0.5463449902987542	0.5519491054123353	0.4545166052806038	26610	0.19475283433633972	0.19475283433633972	0
0.9201680672268908	3778226	0.6078857033676159	0.607981859308973	0.4596531859837603	29226	0.1417504275317253	0.1417504275317253	0
0.9130004943153732	2786670	0.5825850781660941	0.5840655997491953	0.46218959255441955	28780	0.1837025849392304	0.1837025849392304	0
0.8814878892733564	4177154	0.6070554623149146	0.6069015058336132	0.4703789954653533	27758	0.12174901361607791	0.12174901361607791	0
0.754819574888779	3100162	0.629166863098697	0.6285189311740241	0.45924647345801506	23794	0.1818829408552114	0.1818829408552114	0
0.9328966880869995	3359620	0.571894405002011	0.5739033981030343	0.46295093332042364	29472	0.15634893788417897	0.15634893788417897	0
0.8352694018783984	3698134	0.5627732017324991	0.5650790180029955	0.47381428758522537	26340	0.15413290340986796	0.15413290340986796	0
0.9377162629757786	2869700	0.5801333352253267	0.5834100273526909	0.4546451732646036	29580	0.14686776045034602	0.14686776045034602	0
0.893598615916955	3385716	0.5796611868170225	0.5806121393566509	0.45813354995294403	28314	0.14922630411887405	0.14922630411887405	0
0.888531883341572	2511718	0.5701861847628117	0.573110175114002	0.4550969667493625	28178	0.15294351259444097	0.15294351259444097	0
0.8864310430054375	3890196	0.6506612484092065	0.6514682000554476	0.460563659752007	27886	0.13889628923688313	0.13889628923688313	0
0.8839594661393969	2872430	0.6089419277398399	0.6090982568251485	0.4619347658507949	27872	0.1678695008564247	0.1678695008564247	0
0.9000247157686604	3092546	0.4680737138217342	0.4719371512371005	0.45799024075785644	28376	0.15660448528400475	0.15660448528400475	0
0.8682649530400395	1882796	0.5798685201491731	0.5813615713657715	0.4496355563745285	27272	0.18544578520146782	0.18544578520146782	0
0.9076866040533861	3004660	0.5988659745331338	0.6010400961869994	0.46308367735374617	28736	0.1711075235053983	0.1711075235053983	0
0.9058329214038556	3034040	0.548503897942673	0.5495100840411044	0.45945270772163	28522	0.12006831260402524	0.12006831260402524	0
0.9043499752842313	2252280	0.5195916918521136	0.5209249698805644	0.4476639113892175	28242	0.14157947455260372	0.14157947455260372	0
0.9060800790904597	3019010	0.5423571113899699	0.5443423149918337	0.4625246513059414	28756	0.14423726932645303	0.14423726932645303	0
0.8832179930795848	2306312	0.5401391057391701	0.5428958051923087	0.45166002415380807	27728	0.15210952565720445	0.15210952565720445	0
0.8393475037073653	3004398	0.5583432640965696	0.5624880644567699	0.4622307996291117	26654	0.1411565757078788	0.1411565757078788	0
0.9010133465150766	2862704	0.5353465029856734	0.5375175858025726	0.45732052489140235	28650	0.14287913725111326	0.14287913725111326	0
0.9247404844290658	2416886	0.5348892363099678	0.5383122271138333	0.45519475941513327	29110	0.17399742202161195	0.17399742202161195	0
0.9372219476025705	3050220	0.5875361272391566	0.5885088541665434	0.45810040404350105	29588	0.16984501589726217	0.16984501589726217	0
0.8568956994562531	1973688	0.5727557247402015	0.574329702854252	0.4593773906953631	26960	0.19041588505906895	0.19041588505906895	0
0.8886554621848739	3955980	0.6144312256983022	0.6147943476677199	0.4667829560800971	28220	0.12319875921152412	0.12319875921152412	0
0.893969352446861	2509764	0.5540829410385798	0.556122010688119	0.4547131850169736	28500	0.14418570025767913	0.14418570025767913	0
0.8727137913989125	3047954	0.5624243996932481	0.5641358984873418	0.46496313548547624	27746	0.1412329914284476	0.1412329914284476	0
0.8133959466139397	3887578	0.642106632984467	0.6425823304876505	0.47193825031044057	25474	0.1782157877931619	0.1782157877931619	0
0.828843302026693	2750874	0.5873560231461727	0.5896898146111781	0.46142671894036275	26142	0.19108211834079072	0.19108211834079072	0
0.8743203163618388	2367458	0.555920861269645	0.5578860255536395	0.45611496911317295	27446	0.16411686560605146	0.16411686560605146	0
0.8681413741967375	2769924	0.5326924054585405	0.5338720461150003	0.4636261438797533	27516	0.12783005665752573	0.12783005665752573	0
