Utilization	Connections(A2A)	Lvl1TraffRatio(A2A)	Lvl1TraffRatioNoIndirect(A2A)	RatioIndirect(A2A)	Connections(AR)	Lvl1TraffRatio(AR)	Lvl1TraffRatioNoIndirect(AR)	RatioIndirect(AR)
0.8290346352247605	1444862	0.5399658041852237	0.547597505111089	0.4437574156660127	24292	0.17898634252894044	0.17898634252894044	0
0.7977155490051584	1401570	0.5725578610421922	0.5789543139212943	0.43021000984273366	23848	0.21057267271587318	0.21057267271587318	0
0.9175878162613609	882836	0.5103450999177953	0.5237214367185024	0.3947182291394183	26176	0.23172386044488746	0.23172386044488746	0
0.7883812331122575	2953268	0.6406235974223077	0.6429086942071081	0.44397153837255776	24296	0.1820077967968897	0.1820077967968897	0
0.8576516826332596	1695362	0.5845812308860924	0.5895210339569134	0.4408927994446572	25110	0.28337634110077964	0.28337634110077964	0
0.7677474821911079	1062280	0.4849562104673863	0.49677408920182375	0.4206369842278843	22408	0.23695168182736584	0.23695168182736584	0
0.8351756325227218	1235436	0.5861040456399493	0.590264624580536	0.414912393883528	24254	0.2497100679949155	0.2497100679949155	0
0.8230164578727586	1051198	0.5944443454445977	0.6008202688713732	0.412433439202254	24342	0.2768020365634865	0.2768020365634865	0
0.7902235323016458	772844	0.5346242500276462	0.5418526639063411	0.40666898068386564	22866	0.25086060162230683	0.25086060162230683	0
0.8801277327437976	1551818	0.47518894811447804	0.48549322160066577	0.4263724649708893	26490	0.166353393846263	0.166353393846263	0
0.8651436993367723	1296256	0.6127788129346295	0.620697642101466	0.4301431005099597	25626	0.2674617132225387	0.2674617132225387	0
0.8294030950626382	2506528	0.5767006158564416	0.5816280755859525	0.45354905637517834	25562	0.19150400506114515	0.19150400506114515	0
0.8181036600343896	1387244	0.5883954923526332	0.5974923845368653	0.42160473219847905	23224	0.17921248638756127	0.17921248638756127	0
0.8887251289609432	1405926	0.523422474312018	0.5313498365778525	0.41284018567963515	25104	0.17088252683989869	0.17088252683989869	0
0.8876197494473103	868448	0.5501846868325984	0.5580424553348521	0.41565333094713414	25688	0.26075382760478	0.26075382760478	0
0.8576516826332596	1701784	0.51721236067814	0.5244563942003485	0.4461764013488953	24802	0.2470483187623844	0.2470483187623844	0
0.8726357160402849	1646976	0.585079304284258	0.590231115219433	0.42134224776984874	26032	0.21823665560304595	0.21823665560304595	0
0.7835912552198477	1351670	0.6110971295803749	0.6127941422720549	0.4366633262101178	23412	0.26320714760220487	0.26320714760220487	0
0.9026037828543355	1776028	0.6079084196907784	0.6185551621298219	0.4029018342843497	26480	0.19528910442086375	0.19528910442086375	0
0.8351756325227218	1335142	0.606525696362854	0.6171758281551089	0.40017004514140403	24252	0.22429597386038935	0.22429597386038935	0
0.8726357160402849	1293790	0.518508284997823	0.5268979937414445	0.4225099503683521	24868	0.19613338594116525	0.19613338594116525	0
0.8496683861459101	2025414	0.5878339473752182	0.5914855328067413	0.4520341680207707	25790	0.187704170157902	0.187704170157902	0
0.8910587079341685	1971304	0.5434744557409955	0.5494722080886495	0.4391246973035489	26710	0.18367052296577138	0.18367052296577138	0
0.7679931220830263	1105542	0.5249429869273199	0.5282197542928034	0.4330931742574826	22822	0.24992614207988148	0.24992614207988148	0
0.9265536723163842	2995610	0.6194704653397861	0.6228097250730177	0.44027727735337613	28068	0.2065553268975924	0.2065553268975924	0
0.8171211004667158	1288102	0.4943507896927956	0.5030065692919142	0.42178579133034816	23820	0.19991024450349973	0.19991024450349973	0
0.8726357160402849	2158648	0.5840100602087962	0.5910695914131779	0.4242767798282377	25992	0.21740839997372685	0.21740839997372685	0
0.877057234094817	1295980	0.46797539820821715	0.4777325061271571	0.43190030968321097	26466	0.18783517585420684	0.18783517585420684	0
0.7676246622451486	1405888	0.5635624963549366	0.5696089563816837	0.4395642392042374	22876	0.21551692021722357	0.21551692021722357	0
0.8126995824121838	816338	0.49090687183607756	0.4993105995123906	0.42336274105710303	23420	0.2499079909723437	0.2499079909723437	0
0.8544583640383199	2718088	0.5816273638014526	0.5862824340505682	0.4463451639221869	25800	0.1879680391260026	0.1879680391260026	0
0.8876197494473103	1523766	0.5828650534052162	0.5892149722735907	0.4086116762658614	26018	0.22325711311348265	0.22325711311348265	0
0.9026037828543355	1447298	0.5607209900075658	0.5692482960691627	0.4194190307093786	25964	0.21670536001319743	0.21670536001319743	0
0.7902235323016458	1273746	0.6056133578585549	0.6113745953903421	0.42469472098536226	22736	0.2685386855125707	0.2685386855125707	0
0.8286661753868828	1386886	0.5304555603045268	0.5391102292198382	0.4214716505966327	24326	0.15268017141181336	0.15268017141181336	0
0.8343158929010072	2357198	0.5836082365036828	0.5884602414619392	0.44180856564673965	24946	0.20088971261967137	0.20088971261967137	0
0.8456153279292558	1223160	0.5718788246960401	0.5820738921206099	0.4085587676195881	24486	0.23345563825065743	0.23345563825065743	0
0.8876197494473103	778026	0.49010487455273427	0.5007006474289929	0.3845997805480979	24886	0.2057021657864614	0.2057021657864614	0
0.8259641365757799	2207654	0.6454756759661674	0.6490581900062176	0.42171742419502634	23800	0.20651530575039512	0.20651530575039512	0
0.8878653893392287	2511768	0.6248695319553971	0.630675618137546	0.4246546144939091	25306	0.20137351033533266	0.20137351033533266	0
0.9400638663718988	1282796	0.5128215756901903	0.5221422796091592	0.41479880318003665	28442	0.1964254266850198	0.1964254266850198	0
0.915991156963891	1668254	0.6193684104134242	0.6236497185864481	0.4283196890813932	26824	0.20009490610077937	0.20009490610077937	0
0.8651436993367723	1026192	0.5848753694751235	0.5910140159690358	0.4107805073016109	25328	0.23862619118551884	0.23862619118551884	0
0.8037337263571604	1286126	0.5327274183655548	0.5387517290747355	0.4257718054929481	22644	0.2129361684271354	0.2129361684271354	0
0.7802751166789487	1687698	0.544241634643882	0.550444162030396	0.42242296480537633	23604	0.1472094466158996	0.1472094466158996	0
0.8936379267993122	2223444	0.5518378601942953	0.5588356723668134	0.4223040813170917	26034	0.17395647748963428	0.17395647748963428	0
0.7285679194301155	1294754	0.6066029086857485	0.6093013341035799	0.4276091587937287	21502	0.32094322483070475	0.32094322483070475	0
0.8795136330140014	1464422	0.5866926471712547	0.5896309256807499	0.43243622769065876	26356	0.23464848743854538	0.23464848743854538	0
0.8511422254974208	1180796	0.6123829862283494	0.6203839709389966	0.4203146775421644	24816	0.25502607387276993	0.25502607387276993	0
0.8426676492262344	1651214	0.585254170901543	0.5911779767223854	0.43716643799722216	24684	0.20132416053733182	0.20132416053733182	0
0.7527634487840825	1416972	0.6405934378316122	0.6466244766671905	0.44334205763592144	22808	0.2910549639058904	0.2910549639058904	0
0.8951117661508229	1158172	0.49899115118435283	0.5083855014055045	0.40593391288465686	26346	0.1832697897434643	0.1832697897434643	0
0.827683615819209	2510922	0.6469760621452872	0.6493695780018908	0.4499887346097892	24922	0.23636189052300252	0.23636189052300252	0
0.857897322525178	765650	0.5323386779584797	0.5432881192265783	0.4075631288700463	24732	0.24464312842234157	0.24464312842234157	0
0.8726357160402849	1206642	0.5737044231190883	0.5821909115715301	0.426250370697193	25172	0.21471758349706216	0.21471758349706216	0
0.827683615819209	799504	0.4894685885475154	0.5002158361103753	0.4050620784366208	24666	0.20037537985043274	0.20037537985043274	0
0.8818472119872267	1374324	0.5879803655936512	0.5975690308808349	0.40544684483537563	25542	0.23542813911261165	0.23542813911261165	0
0.8532301645787276	1481076	0.5754985114330641	0.5824764277863421	0.4329437560138322	25416	0.1783368046104331	0.1783368046104331	0
0.8279292557111275	2565682	0.6770907284802149	0.6790263654574749	0.4461342006427024	24920	0.17285822197043244	0.17285822197043244	0
0.9220093343158929	2480318	0.6387913581635346	0.6436416738081673	0.41779640372644883	27116	0.20909573617137253	0.20909573617137253	0
0.8219110783591255	1056928	0.5932708985018095	0.5996251604543864	0.428666681356305	24294	0.23463325028685836	0.23463325028685836	0
0.7971014492753623	2681244	0.6476952540486715	0.6506349204946341	0.43781568427642265	24010	0.15633598332119272	0.15633598332119272	0
0.9100957995578483	1696908	0.5617074248016067	0.5704828773710491	0.4337208971422664	26914	0.2097194233679677	0.2097194233679677	0
0.7227953819700319	1321896	0.5199906752297941	0.5239743252539205	0.43174378791866	21340	0.2224700819069527	0.2224700819069527	0
0.8333333333333334	1720270	0.6290256514979488	0.6327845520129051	0.45191040605913435	25370	0.22085459256404702	0.22085459256404702	0
0.8321051338737411	1785064	0.5931414378021773	0.5975018611867376	0.4350555883864408	24326	0.18599614745990778	0.18599614745990778	0
0.86551215917465	2445426	0.6616417019185071	0.6649134405420642	0.43639492023372145	24958	0.26280834857334284	0.26280834857334284	0
0.7842053549496438	1313886	0.5180200335420739	0.5234350387073587	0.4100606867530557	22500	0.1932461627106424	0.1932461627106424	0
0.8351756325227218	2449148	0.6395974187978982	0.6408894937605484	0.4420422795623484	25592	0.2455966580419925	0.2455966580419925	0
0.857897322525178	1216942	0.5479563241826279	0.5576115982605877	0.421612866901772	24968	0.25694930880906713	0.25694930880906713	0
0.850159665929747	1188878	0.6042748980275527	0.6122013999261184	0.4146923608107109	25434	0.22229305204210306	0.22229305204210306	0
0.8801277327437976	1566866	0.5426716588298767	0.5540452631194156	0.4406359447313302	26666	0.19172721047531496	0.19172721047531496	0
0.8126995824121838	795618	0.4676753972365139	0.4726641452473796	0.41274798833443027	23902	0.26036789860931914	0.26036789860931914	0
0.8141734217636944	1610760	0.5994552747593566	0.6017998903895878	0.4485073206747557	24532	0.2310679677106233	0.2310679677106233	0
0.8726357160402849	2251722	0.6376535891575729	0.6394167585937496	0.4467591127223089	26184	0.21366313796271952	0.21366313796271952	0
0.7907148120854827	877980	0.6116605665855707	0.6186274048982022	0.41920924282080113	21966	0.32126677051178504	0.32126677051178504	0
0.7796610169491526	1373092	0.637471906910948	0.6397013534036637	0.44613052014915006	23316	0.29427518788934226	0.29427518788934226	0
0.9253254728567919	1602568	0.6056801510818441	0.610610487124301	0.4196050982312504	27216	0.19321468204171224	0.19321468204171224	0
0.6672807663964628	1918224	0.5469235747577496	0.5521560779661396	0.44428953313604475	20268	0.2819150333500432	0.2819150333500432	0
0.8208056988454925	2479816	0.6583205914136739	0.6620798091342003	0.43477857743792	24822	0.19947570318402386	0.19947570318402386	0
0.9100957995578483	1655680	0.5532440493840894	0.5591650218348402	0.4130449950911858	27360	0.2010857632200629	0.2010857632200629	0
0.8126995824121838	2194912	0.5795062518336876	0.5869518786909954	0.4314999935986304	24052	0.20092960708616858	0.20092960708616858	0
0.8199459592237779	1415290	0.5631087218744294	0.5711048752345712	0.42629916724498584	24114	0.1956918299171091	0.1956918299171091	0
0.7829771554900515	753682	0.5848632812161264	0.5942096336668429	0.40170458875122633	21888	0.28366188186425645	0.28366188186425645	0
0.8618275607958732	1617116	0.5611636612193406	0.5680494999579462	0.40627312011604694	24846	0.17869989246279913	0.17869989246279913	0
0.7873986735445837	2696104	0.6466348105265237	0.6486950922935549	0.4348824187346547	23300	0.24605238487872105	0.24605238487872105	0
0.7668877425693933	708478	0.39385553467202783	0.40702435847718305	0.4038114353696621	21576	0.18397127797770682	0.18397127797770682	0
0.9328174895603046	2362090	0.6057318305307248	0.6112507320955685	0.4345899301496045	27756	0.17761531274522013	0.17761531274522013	0
0.8878653893392287	1474772	0.5311665592157945	0.5385148933456428	0.42435055919790016	25918	0.19617237548794372	0.19617237548794372	0
0.8620732006877917	1118856	0.5242820678020287	0.5348807954097654	0.4212966363993276	25524	0.191356657068788	0.191356657068788	0
0.850159665929747	802330	0.53685540368232	0.545135873820727	0.41168507693606404	24718	0.23213187870349986	0.23213187870349986	0
0.8726357160402849	2113208	0.5641465112182915	0.57099059883421	0.44484849778589236	26018	0.20135134345838612	0.20135134345838612	0
0.8351756325227218	2229284	0.6172388098936288	0.6237130020373637	0.43059204272104873	24742	0.22092267579044303	0.22092267579044303	0
0.860599361336281	1160990	0.4777294506721772	0.4866301099858516	0.4176333275706343	25764	0.1822846631895779	0.1822846631895779	0
0.9040776222058462	1631474	0.6153284439260082	0.6192673324437458	0.43534633384670296	27088	0.2559923786273885	0.2559923786273885	0
0.850159665929747	1082174	0.5421986044223012	0.5473593998548557	0.41323450983683513	25222	0.20938012089924538	0.20938012089924538	0
0.8206828788995333	2185166	0.5550124538269758	0.5585954048580413	0.4376657303066866	25402	0.1740596752716814	0.1740596752716814	0
0.7977155490051584	1018678	0.5037524589424592	0.5091598672966205	0.4189409651838343	23488	0.18996343047626787	0.18996343047626787	0
0.7367968558093834	1952440	0.6043801568974967	0.6077845742121112	0.4448131546815875	22654	0.2004494119474682	0.2004494119474682	0
0.8216654384672071	1760588	0.6101745964485698	0.6114023805276512	0.4461144453309871	24486	0.26514909787840785	0.26514909787840785	0
0.8426676492262344	2406966	0.629302614918376	0.6321098552200451	0.44411523308796247	25312	0.23725463495376564	0.23725463495376564	0
0.8784082535003684	1497286	0.5732429379738723	0.5809260424009068	0.428262248648082	26582	0.203015086081669	0.203015086081669	0
0.8726357160402849	1472584	0.49983347192131106	0.5072565127329017	0.42691412351101937	25832	0.1901211015546047	0.1901211015546047	0
0.8651436993367723	1150476	0.5218863509592878	0.5311556614464746	0.4208274437270312	25610	0.2262425989682276	0.2262425989682276	0
0.7302873986735445	1870820	0.6133977442825996	0.6171805305422181	0.4308824310310953	21620	0.27093028326332685	0.27093028326332685	0
0.7677474821911079	1865564	0.6005274150645593	0.6069070450040016	0.4385792754793058	22674	0.19140898464848102	0.19140898464848102	0
0.7692213215426185	2632718	0.6821981775161802	0.6829471885382551	0.4585836446178222	23640	0.2639615311075835	0.2639615311075835	0
0.7977155490051584	1169136	0.5386900789608211	0.5472625195307369	0.4197012839729293	22664	0.22550924618661258	0.22550924618661258	0
0.9369933677229182	1740370	0.581081082392091	0.5864843439561455	0.4102870119440736	27500	0.1678990745284683	0.1678990745284683	0
0.8382461311717023	1414504	0.6327443444085256	0.6381660991424235	0.43397637570504427	24974	0.252382801126137	0.252382801126137	0
0.8351756325227218	2313886	0.5623752409295747	0.5660841259763544	0.42378805513807233	23966	0.19687313591356556	0.19687313591356556	0
0.8593711618766888	1792612	0.6374373435173016	0.6408405261129596	0.42317915764293607	25654	0.24080503987962354	0.24080503987962354	0
0.9146401375583395	1140018	0.5492803110844983	0.5576923353357185	0.40718607083759367	26712	0.1813230878560347	0.1813230878560347	0
0.7677474821911079	1082038	0.5966217147309486	0.6037301766832203	0.42339335333667244	22362	0.22423653312526326	0.22423653312526326	0
0.7941537705723409	1536200	0.6112706618023155	0.6160217357170198	0.42658177631418287	22590	0.21910928311734326	0.21910928311734326	0
0.8741095553917957	805162	0.5090468484753776	0.5171118217967476	0.4036144199720096	25098	0.24612511100579945	0.24612511100579945	0
0.8545811839842791	1029620	0.5495718525457832	0.5579311274293063	0.40766744173043334	24868	0.26330401654997176	0.26330401654997176	0
0.760746745271432	2224300	0.6303910102715683	0.6338339752433723	0.44504083639909203	22490	0.20934369343915024	0.20934369343915024	0
0.827683615819209	1019508	0.46686520716714835	0.47634347646778963	0.4128365625953352	23694	0.175374965769954	0.175374965769954	0
0.835298452468681	1080848	0.5183082075193991	0.5279403856402662	0.40953672347546877	24450	0.2077668048623952	0.2077668048623952	0
0.9175878162613609	2637806	0.5483825422554617	0.5530941507662298	0.43877719294273915	26838	0.15830904807605775	0.15830904807605775	0
0.7752394988946205	1322388	0.5672647257327766	0.5725458721591684	0.43907742565455493	22988	0.17481758310221052	0.17481758310221052	0
0.8357897322525178	2677086	0.5749374049429046	0.5794892485464529	0.4346075332910608	25016	0.17838731946438835	0.17838731946438835	0
0.6861950380741833	686574	0.607062944998587	0.6113690644187826	0.40098244730002763	19808	0.3257465412424207	0.3257465412424207	0
0.721198722672562	1288072	0.5726684736460573	0.5775562660769699	0.4274401730183584	21706	0.2694901564129213	0.2694901564129213	0
0.6909850159665929	1331552	0.6581425898742645	0.6595344634743093	0.4317283414308868	20464	0.26105014215982025	0.26105014215982025	0
0.7796610169491526	1589258	0.5966820039964655	0.600319676752605	0.44349335746898005	23466	0.24289800884007148	0.24289800884007148	0
0.8518791451731761	3316484	0.6051714447743238	0.607202246932925	0.45560780725639094	25692	0.13180224444865923	0.13180224444865923	0
0.8478260869565217	1706736	0.595939842370619	0.6013576567535593	0.42938423501521256	25582	0.213850953003768	0.213850953003768	0
0.8801277327437976	692950	0.5244351472026743	0.5399611307968514	0.37503890362151243	24514	0.2493302130638433	0.2493302130638433	0
0.7931712110046671	1652980	0.5463588365046207	0.5508422442897388	0.44336376732384775	23522	0.2165576030471367	0.2165576030471367	0
0.8889707688528617	2937202	0.6366362229184915	0.6430104115060692	0.4435618383241539	25722	0.17844713189763597	0.17844713189763597	0
0.8279292557111275	1111426	0.581533924183587	0.5889263226013122	0.42716371190649344	23384	0.2742595574639865	0.2742595574639865	0
0.7677474821911079	1754726	0.5403194161113717	0.5456889218038645	0.4473819013381261	23070	0.17283394489498558	0.17283394489498558	0
0.7977155490051584	1651614	0.6192466485946567	0.6253675938863229	0.4368692702078623	23324	0.2425707151005639	0.2425707151005639	0
0.8965856055023336	2786318	0.6212353381520629	0.6260267532635561	0.43282707449667934	26854	0.18639952212587316	0.18639952212587316	0
0.8651436993367723	847650	0.4614259259539258	0.4762548657275531	0.3972479819621595	24870	0.20519041298691568	0.20519041298691568	0
0.7977155490051584	930298	0.5964345253352499	0.603746580844655	0.41011474659840075	21998	0.31668021643995864	0.31668021643995864	0
0.805207565708671	941912	0.4341354289541217	0.4457584691373975	0.41329912402778307	23280	0.1562341183463319	0.1562341183463319	0
0.8426676492262344	2215404	0.6412162874487665	0.6455322272767022	0.4337599184237211	24488	0.2420179048541241	0.2420179048541241	0
0.8876197494473103	1532548	0.5835773044775897	0.5909295373757745	0.43201733299135175	25804	0.2058920250576929	0.2058920250576929	0
0.818349299926308	1203622	0.5726076806493378	0.5794501118352288	0.4307629894322238	24582	0.23855002823218485	0.23855002823218485	0
0.8451240481454187	2068944	0.5389282059560639	0.5477498843162885	0.41953860182482255	24816	0.18689522880060805	0.18689522880060805	0
0.8351756325227218	743404	0.4444108467546856	0.45473137747838616	0.3720708684251521	24098	0.18858299639856024	0.18858299639856024	0
0.8096290837632032	2054404	0.6172813567194196	0.6202188384083733	0.4476565901614589	24334	0.2685172953034124	0.2685172953034124	0
0.8658806190125277	2804218	0.5997108807580995	0.6033746390274031	0.447379852432398	26080	0.1467130022995642	0.1467130022995642	0
0.8801277327437976	787650	0.5084689302387883	0.5250114420511395	0.3856460990703246	25302	0.21332097693322238	0.21332097693322238	0
0.8802505526897568	1139756	0.5317726074890581	0.5408115225406066	0.4098817416140501	24722	0.22312441124536417	0.22312441124536417	0
0.8426676492262344	743754	0.49888215684666126	0.5105473916776805	0.4036656581922919	23020	0.2271720211493277	0.2271720211493277	0
0.9175878162613609	1318658	0.5444253718757754	0.5524146787466306	0.42230353883431215	27494	0.24179505747934252	0.24179505747934252	0
0.9099729796118889	1496156	0.5591713901949712	0.5681372562023491	0.4242429055491747	27220	0.19909504006328962	0.19909504006328962	0
0.8876197494473103	1145790	0.5087766905454251	0.5204729940659811	0.41772817386383654	25944	0.20128678574228254	0.20128678574228254	0
0.9026037828543355	2052920	0.5593268627874095	0.5641863865163076	0.4069953881782753	26450	0.16041630243825777	0.16041630243825777	0
0.8447555883075412	2684112	0.6096864408568036	0.6134136848045392	0.4552047115279953	25244	0.19543789527942787	0.19543789527942787	0
0.8802505526897568	1231792	0.5655647245418745	0.572726983621547	0.43013244981481713	26282	0.18968096900633039	0.18968096900633039	0
0.8620732006877917	1223370	0.4952537741965026	0.5076438648273262	0.4113687766693775	25038	0.15431539306981026	0.15431539306981026	0
0.8411938098747236	1438950	0.5658797949841238	0.5703397508052065	0.42726227883502693	25110	0.21997860107964184	0.21997860107964184	0
0.8785310734463276	1485856	0.5864283588338749	0.5950774635011883	0.4313264096611183	26190	0.21040329225347942	0.21040329225347942	0
0.7020388111029231	993288	0.4612961228445085	0.4678242074191718	0.42336142338622057	20504	0.21303223545425018	0.21303223545425018	0
0.7902235323016458	1296486	0.602546676635293	0.608030186754457	0.42959363680762713	22848	0.2406224432251448	0.2406224432251448	0
0.6950380741832474	1472636	0.5869937210281347	0.5918811246899495	0.4168718302512797	19484	0.21408539263598733	0.21408539263598733	0
0.8126995824121838	710782	0.5476003924080403	0.5553484055493189	0.40406238977916825	23820	0.2428922621214237	0.2428922621214237	0
0.7646769835421272	952590	0.551951800922942	0.5588855486457264	0.41457626295693345	22298	0.2741871214135953	0.2741871214135953	0
0.8351756325227218	867212	0.4851594672827251	0.4970788026576906	0.40517336453956093	24038	0.23121432658861643	0.23121432658861643	0
0.7849422746253991	707708	0.5661398954321525	0.5769204370139446	0.4115940644854949	22438	0.30721659052694256	0.30721659052694256	0
0.8506509457135839	1202792	0.5100729184084903	0.5185189011147958	0.41559776691594297	25948	0.21371506681921523	0.21371506681921523	0
0.8082780643576517	1955942	0.6484176930545206	0.6520440033389593	0.4292821668785336	24160	0.20212743802925717	0.20212743802925717	0
0.7391304347826086	1047278	0.5143277679768824	0.5196387883451627	0.42742427033996777	21898	0.24396656754677623	0.24396656754677623	0
0.844141488577745	1642410	0.5554366831217415	0.5572895858764858	0.41494602035355377	24652	0.19449555605139082	0.19449555605139082	0
0.8504053058216654	976946	0.5106309752503919	0.5192747461285525	0.41237799622554755	25316	0.23841674687347278	0.23841674687347278	0
0.8171211004667158	1062532	0.5338061709605213	0.5390567341818221	0.4233081488912773	24522	0.2263665792035192	0.2263665792035192	0
0.8381233112257431	1300052	0.6066482510076603	0.6097294731922506	0.4170763495601441	24202	0.22101075224249334	0.22101075224249334	0
0.8108572832227954	1929900	0.5767102892512782	0.5802772188228034	0.44066781667039717	24218	0.22500664945920426	0.22500664945920426	0
0.8677229182019159	1187624	0.6130218860173339	0.6183723251333115	0.42758172818792745	25062	0.2913831922501548	0.2913831922501548	0
0.7904691721935643	1042942	0.46255126456143564	0.47187227171922475	0.42343303255235193	23528	0.22767485004075771	0.22767485004075771	0
0.860599361336281	1361688	0.5333908626184987	0.5435638699259173	0.4281301992655831	25192	0.17789829416256045	0.17789829416256045	0
0.813927781871776	2314328	0.6220996655488721	0.62374299966819	0.4245527526526159	24156	0.2319682695996956	0.2319682695996956	0
0.8348071726848441	1402048	0.5442851318046807	0.5496215950534318	0.40912472676125655	24516	0.18955729224199983	0.18955729224199983	0
0.8576516826332596	1965852	0.5357305396837596	0.5422835215227737	0.4412482101706044	25174	0.1718625684577899	0.1718625684577899	0
0.7759764185703758	2542910	0.638902855365754	0.6396388277675926	0.4407516046321151	22712	0.2716250239734412	0.2716250239734412	0
0.8970768852861705	1276646	0.5811722940613583	0.5905429531668388	0.40365231860777223	25730	0.19840147561500007	0.19840147561500007	0
0.700319331859494	914196	0.49941098906137826	0.5103302342689601	0.41088287187378664	20142	0.20687903417457484	0.20687903417457484	0
0.7827315155981331	814670	0.5266568571959046	0.534087284482994	0.4118402497738412	22526	0.23559534099761625	0.23559534099761625	0
0.915991156963891	905918	0.5791653161164213	0.5941882241640298	0.39971579072567903	25680	0.27210769612951574	0.27210769612951574	0
0.9404323262097765	1453424	0.5949215575886817	0.5989256615444111	0.42871135056263876	27342	0.20892159773327354	0.20892159773327354	0
0.827683615819209	2097064	0.576257006907687	0.5807965861706106	0.44113403150012004	24532	0.21715473692861306	0.21715473692861306	0
0.9046917219356423	1595492	0.5401765060740568	0.5457526271754022	0.42466649162659015	26364	0.18741075951877195	0.18741075951877195	0
0.7302873986735445	1641922	0.6558235399453601	0.6600789175722974	0.43910334340970025	21934	0.2288237519409595	0.2288237519409595	0
0.8426676492262344	854700	0.5206986857292679	0.5321269570527558	0.4231041365329918	24876	0.2519677193487155	0.2519677193487155	0
0.8485630066322771	742766	0.5071457648228372	0.5196419188558609	0.39756931859912475	24110	0.26317660837139817	0.26317660837139817	0
0.7914517317612381	1980384	0.5870664184829849	0.5884461057870941	0.4476360302619684	23498	0.21172850989709757	0.21172850989709757	0
0.8129452223041022	2449140	0.6004995342908258	0.6046873150231635	0.44658597662606253	24996	0.20115233145312558	0.20115233145312558	0
0.7979611888970769	865978	0.4796752794563078	0.48751908802342153	0.42443867790472933	23058	0.2516349778447868	0.2516349778447868	0
0.9190616556128716	1076584	0.5087908128901704	0.5167339279210114	0.40992010257581635	26178	0.2047723188390991	0.2047723188390991	0
0.8876197494473103	1570760	0.6485437935235608	0.6554890447942493	0.4033375605858817	26380	0.19201257407178907	0.19201257407178907	0
0.7677474821911079	745930	0.5707278508125663	0.5761311300947028	0.4150096147783988	21920	0.3232314850314327	0.3232314850314327	0
0.8126995824121838	1642850	0.46844584549829626	0.47494815099013304	0.4429123712670946	24378	0.13459116595739148	0.13459116595739148	0
0.8851633505281258	1480122	0.560624662531805	0.5674217254240109	0.41920794816116097	26464	0.20031251225872423	0.20031251225872423	0
0.7752394988946205	1167816	0.5526552932344485	0.557847110016555	0.43665240998705296	23662	0.21245252403366174	0.21245252403366174	0
0.7677474821911079	644204	0.5172512786288898	0.5273698007011635	0.4050737907815564	21816	0.3073088510593566	0.3073088510593566	0
0.846352247605011	2386162	0.6364396493668207	0.6394579407723647	0.4342527755011028	25188	0.22559590644031433	0.22559590644031433	0
0.8979366249078851	2772654	0.5977811546735373	0.6023446216727067	0.4374132793098091	27260	0.13490736267888045	0.13490736267888045	0
0.7660280029476787	602552	0.5386652682040943	0.5492231970768976	0.4003253660294586	21318	0.30298131945168777	0.30298131945168777	0
0.8925325472856792	2313312	0.594757863364644	0.5992509017916915	0.4358464609254231	26508	0.16951312914665595	0.16951312914665595	0
0.8351756325227218	974888	0.5553847418490688	0.5657080712186521	0.40848941371306885	23432	0.2538020049915754	0.2538020049915754	0
0.8801277327437976	864838	0.49797598368115953	0.509367350975137	0.39013929371814055	25914	0.20872217746188482	0.20872217746188482	0
0.7602554654875952	990330	0.5402361222587265	0.5489984933226163	0.41842130246931686	22956	0.2247117287753505	0.2247117287753505	0
0.850159665929747	2135004	0.5649307848424951	0.5752487948840169	0.42183403934018227	25076	0.20833868570137948	0.20833868570137948	0
0.8081552444116924	1359994	0.601276404350385	0.6073243725283303	0.4192847861653122	23748	0.24197018024726766	0.24197018024726766	0
0.8726357160402849	1648172	0.5485287315861848	0.5534140367426675	0.4434312730047704	25436	0.17658261526925156	0.17658261526925156	0
0.827683615819209	1347328	0.6192683220727714	0.6236376306935497	0.4444591711153532	24664	0.3152916878517001	0.3152916878517001	0
0.7961188897076885	772536	0.49374364936901766	0.5076286421797063	0.40544076014765174	22676	0.2714065285092361	0.2714065285092361	0
0.8664947187423238	1132246	0.5348751801204424	0.5407655113924329	0.4323826095450114	25860	0.22348874271831284	0.22348874271831284	0
0.8279292557111275	1939808	0.5832295120858194	0.5849016176381471	0.4485067701606771	24742	0.20227636453556852	0.20227636453556852	0
0.8755833947433063	876328	0.6088578329657088	0.615492382885498	0.39374175289530355	25152	0.2726863258831058	0.2726863258831058	0
0.7693441414885778	1008598	0.4785469294220057	0.4865286319071025	0.42246389704568926	22798	0.18122332708821218	0.18122332708821218	0
0.7428150331613854	949886	0.45226427909853745	0.4576621174405607	0.41276620436325523	21086	0.16516484876758575	0.16516484876758575	0
0.8847948906902481	2470220	0.595646188340107	0.6019542259710385	0.43175103235464657	26016	0.18145065388591528	0.18145065388591528	0
0.8021370670596905	1050840	0.5721412694705521	0.5775914745538174	0.4279797898639733	22832	0.28055063356508375	0.28055063356508375	0
0.7827315155981331	823254	0.5447380082322258	0.555058327422378	0.41732414299530723	22860	0.21997250453279407	0.21997250453279407	0
0.843036109064112	1016048	0.5298449846808039	0.5374403829611384	0.40463106307349034	24216	0.23015870666493032	0.23015870666493032	0
0.8647752394988946	2054174	0.5869696611319697	0.593148206131814	0.4350558983314805	25438	0.20570320914301984	0.20570320914301984	0
0.8867600098255957	1509520	0.459609002990833	0.46950675562319516	0.42995162056946334	26718	0.17861038875463264	0.17861038875463264	0
0.8215426185212479	2948838	0.6453949699058626	0.6468012624360735	0.4552321984484932	24626	0.17943112346754628	0.17943112346754628	0
0.7977155490051584	806090	0.5327439161132947	0.5418687873974262	0.4020797518263976	23024	0.2614318601286843	0.2614318601286843	0
0.9040776222058462	2569512	0.6191022851546993	0.6233613256090498	0.4264821737981787	27076	0.1512486738167121	0.1512486738167121	0
0.8141734217636944	1743788	0.6165307948991051	0.6198026646842464	0.43283544384075817	24462	0.2299665583026322	0.2299665583026322	0
0.8726357160402849	2139410	0.4930370104045551	0.49974596626652984	0.43032763307370675	25978	0.17293084615206736	0.17293084615206736	0
0.7376565954310981	678194	0.5911169421051826	0.6004722003019473	0.4051254677568407	20068	0.29631625153379454	0.29631625153379454	0
0.8576516826332596	1345056	0.6490151675901661	0.6570357256810089	0.4193749014356846	25658	0.2387409588806876	0.2387409588806876	0
0.9490297224269222	1137902	0.5411632976537721	0.5498806256349313	0.3980988001010041	27052	0.2080690770005862	0.2080690770005862	0
0.7977155490051584	1312620	0.5496302380576241	0.5552684027376538	0.43286969791079266	23746	0.21056841617921437	0.21056841617921437	0
0.8965856055023336	1094724	0.5547118897642188	0.5637642441047707	0.4047089729621734	25744	0.1832775814391188	0.1832775814391188	0
0.9100957995578483	881436	0.5078579648469815	0.5195035071272137	0.383552672261207	26378	0.22611696314363172	0.22611696314363172	0
0.8470891672807663	1432214	0.5693240432703331	0.5750891134546293	0.426629689876505	25128	0.20899564601335185	0.20899564601335185	0
0.8662490788504054	1462510	0.5860222489203143	0.5928745133082817	0.42191922316436553	25716	0.21042585192288396	0.21042585192288396	0
0.8307541144681896	2248474	0.5666001715347267	0.5718993612719923	0.4387987079888289	24870	0.17999520764558655	0.17999520764558655	0
0.8171211004667158	1257000	0.5218845184243127	0.527306355012243	0.4203672217455699	23430	0.17789074503521743	0.17789074503521743	0
0.8876197494473103	996550	0.5758626607212837	0.5886831432938137	0.39855588214864884	24940	0.2748198274543956	0.2748198274543956	0
0.760746745271432	1091890	0.6117022300216629	0.6168208317219199	0.41888325242540897	22838	0.29287041182539914	0.29287041182539914	0
0.83701793171211	1362466	0.5351806669537597	0.546572258942474	0.42931164831887053	24226	0.20859631320194127	0.20859631320194127	0
0.8801277327437976	1908144	0.5788637005690134	0.584444220519004	0.4258744964622225	26082	0.19746363393821229	0.19746363393821229	0
0.8297715549005158	1454266	0.5746834268887856	0.5852840786809382	0.4150123605046267	24200	0.19029469126571905	0.19029469126571905	0
0.8723900761483665	1997246	0.5859877074527996	0.5904062955198309	0.4336120725170138	26254	0.1698825174123159	0.1698825174123159	0
0.8828297715549005	2715170	0.6129296398995219	0.6161857414552702	0.4324288128389382	26590	0.19305781966061897	0.19305781966061897	0
0.7027757307786784	676688	0.5793596781310538	0.5847022060905857	0.41111289889788744	20582	0.3025578216087992	0.3025578216087992	0
0.7754851387865389	1309412	0.5551186544379924	0.561714131886365	0.43159314931172615	22434	0.20619902910958213	0.20619902910958213	0
0.9490297224269222	1704944	0.6114002559577888	0.6173570449047178	0.409490874938264	26628	0.1890661483587758	0.1890661483587758	0
0.8604765413903218	2338096	0.6241409577305709	0.6303409106476694	0.43047781061003065	25062	0.20046323058887938	0.20046323058887938	0
0.7827315155981331	1634796	0.6020555050622777	0.6059009072265397	0.43593159522558794	23344	0.20615475423922425	0.20615475423922425	0
0.8038565463031196	1333132	0.5724453737175922	0.5784503401120467	0.425325245633606	23680	0.1690799767531592	0.1690799767531592	0
0.8714075165806927	2753678	0.6274551877136416	0.6306288095053864	0.4390367485614006	26746	0.20941667697896008	0.20941667697896008	0
0.7827315155981331	1517780	0.5774085513492528	0.5814174382499668	0.44025883472068345	23508	0.2524585308676237	0.2524585308676237	0
0.8741095553917957	1566644	0.6147173574904257	0.6200645609005416	0.4272005525483831	26656	0.2505841784627997	0.2505841784627997	0
0.9026037828543355	1672412	0.5261989354173323	0.5350555278421808	0.41762380967609164	26354	0.15565474119547332	0.15565474119547332	0
0.8726357160402849	2557206	0.5719736369072431	0.5772498335574593	0.42732699616210224	26430	0.17445530069373968	0.17445530069373968	0
0.8435273888479489	1233812	0.5392115975782946	0.5474111047358021	0.4311145376086886	25370	0.1972233513216075	0.1972233513216075	0
0.9250798329648735	1281188	0.5198515477529743	0.527398110627251	0.41454135892278465	27912	0.16844131281479527	0.16844131281479527	0
0.805207565708671	1400932	0.5207834668149348	0.5261592136216425	0.4349728740713357	23940	0.1777568347143156	0.1777568347143156	0
0.8414394497666421	1322966	0.62289752426426	0.6278548690398752	0.4162728166651968	24184	0.21661687246379305	0.21661687246379305	0
0.7302873986735445	1574744	0.6522261438712763	0.6533064043647278	0.4441743746626589	22144	0.2301892365078462	0.2301892365078462	0
0.7769589781380496	1403782	0.5616698958062795	0.5688820828613911	0.442289871837881	22604	0.24140169714434048	0.24140169714434048	0
0.7230410218619504	1186766	0.6041684520864282	0.6062429630493958	0.43864735358093815	20572	0.2594440514759305	0.2594440514759305	0
0.9205354949643823	1210738	0.6057003364414899	0.6138275704995347	0.41301044424994043	26254	0.25455148306633824	0.25455148306633824	0
0.7452714320805699	1017670	0.5801983897167294	0.5881353470324459	0.4282307976010857	21918	0.2687472157853454	0.2687472157853454	0
0.9100957995578483	1384156	0.5234720070123507	0.534137000518131	0.40276891816477334	25932	0.18518953706677863	0.18518953706677863	0
0.8205600589535741	1027520	0.5158814651819744	0.5247823022805015	0.40843990130199	23378	0.19143270782051505	0.19143270782051505	0
0.8091378039793662	1325148	0.6004980819851514	0.6043201533583414	0.4343761392874687	23836	0.26578170660354045	0.26578170660354045	0
0.8054532056005895	1227800	0.5516798518153118	0.5580607228772853	0.43470013982220634	24200	0.23975437234194452	0.23975437234194452	0
0.7827315155981331	712444	0.4558383100597849	0.4643223677496739	0.40997393528621334	22058	0.2545597421431095	0.2545597421431095	0
0.8576516826332596	1320174	0.48514075312240257	0.49336695013610105	0.42020743050181686	25818	0.1606773564138456	0.1606773564138456	0
0.8426676492262344	1225216	0.5995626680104347	0.6047615910846774	0.4345348854407849	24398	0.25668387029458484	0.25668387029458484	0
0.8576516826332596	1440500	0.5665399994700634	0.5710837958885463	0.43416660600824514	25742	0.24316574848530145	0.24316574848530145	0
0.850159665929747	2217132	0.5722801364497745	0.5773703479335172	0.43603289277234153	25168	0.19966875921453917	0.19966875921453917	0
0.8685826578236305	2056334	0.5872413725300079	0.5909306516775035	0.4402466593966903	26296	0.17565417007935089	0.17565417007935089	0
0.8426676492262344	917790	0.507880513254361	0.5187819280030345	0.4226859763347543	24580	0.21896926622808888	0.21896926622808888	0
0.7977155490051584	2647264	0.6013504039130091	0.6049852376740271	0.4438789951884337	23908	0.1688227810888788	0.1688227810888788	0
0.8651436993367723	1564898	0.5615398511422071	0.5665537635712253	0.43769962652349576	25656	0.18466198939843828	0.18466198939843828	0
0.880373372635716	3033226	0.6127527684773701	0.6156457642967061	0.4258781755032864	25904	0.17532912408275855	0.17532912408275855	0
0.8818472119872267	1378574	0.5313092068300231	0.5391304254666851	0.4335801396640071	26112	0.2130307590554229	0.2130307590554229	0
0.7667649226234341	1041354	0.5686624200611728	0.5731451489454867	0.4144848610171916	22418	0.3181658102052894	0.3181658102052894	0
0.7991893883566691	2399276	0.62391149753594	0.6269681141994422	0.4574039305489846	24058	0.26460126244503057	0.26460126244503057	0
0.8126995824121838	1004432	0.6008775561051661	0.6100139168249297	0.4202556644859778	23978	0.3001687268404269	0.3001687268404269	0
0.8921640874478015	1157206	0.5197591671516942	0.530672463434198	0.41842683323732394	25752	0.1838961296983372	0.1838961296983372	0
0.8590027020388111	1260774	0.6425590075932318	0.6479033279888388	0.422576215147031	24488	0.26107610785927066	0.26107610785927066	0
0.8564234831736675	1840446	0.5796912125309686	0.5824861217298721	0.4394286587458431	24854	0.1849488564728774	0.1849488564728774	0
0.8081552444116924	1176636	0.6019188915762449	0.6047087418453809	0.42215953673084555	24384	0.24833257625318828	0.24833257625318828	0
0.850159665929747	707912	0.45208283607389593	0.4671749105183865	0.3928697729422226	23492	0.18687255380159207	0.18687255380159207	0
0.857897322525178	1065782	0.5462066693246257	0.5554882182718556	0.41120214704163943	24234	0.22561467314973593	0.22561467314973593	0
0.8604765413903218	2138894	0.5669271862458557	0.5717947541596469	0.4422350751483704	26218	0.22037657285669346	0.22037657285669346	0
0.8440186686317858	740924	0.5679008422390285	0.5762679056588274	0.3953252601982775	24912	0.2608739323631013	0.2608739323631013	0
0.8970768852861705	999868	0.5647804334011273	0.5746657925129679	0.39820313923938083	25954	0.2044497900764289	0.2044497900764289	0
0.9383443871284697	1745126	0.6218571557758139	0.6260659187713109	0.4116984431152748	28006	0.1656177384944224	0.1656177384944224	0
0.7905919921395235	2609762	0.6001004245189663	0.6024361139852751	0.45117411031735194	23514	0.15036602863264878	0.15036602863264878	0
0.8663718987963646	1497112	0.5889221154916194	0.5954628527926399	0.41529081540014584	25486	0.22134662859722656	0.22134662859722656	0
0.8506509457135839	1342844	0.5356206950018921	0.5425619106547677	0.42398156091409417	24568	0.21512176227714197	0.21512176227714197	0
0.8559322033898304	2331412	0.5888800136490316	0.5937288171858022	0.4315268554008937	24220	0.17692053020652407	0.17692053020652407	0
0.7714320805698845	863492	0.5686758677067254	0.5745865734969583	0.41925315569430327	22854	0.28028314682502364	0.28028314682502364	0
0.7679931220830263	1021430	0.46222073784897866	0.4674497631097025	0.41835696743644385	22048	0.16207536064440145	0.16207536064440145	0
0.794767870302137	2395836	0.6104263373788417	0.6148379676801424	0.44800085600991596	22898	0.24391274429071017	0.24391274429071017	0
0.9055514615573569	1781822	0.5691397849465086	0.5759645820119087	0.43373640959940246	27282	0.16402698444703617	0.16402698444703617	0
0.8208056988454925	1295666	0.554091782489492	0.5585997450392529	0.42135155929688334	24782	0.22180247732859418	0.22180247732859418	0
0.9438712846966347	1050068	0.5377737429697511	0.5489326000212094	0.3959417495651922	26128	0.20017530189707422	0.20017530189707422	0
0.8695652173913043	2509994	0.5905596206189475	0.5957145268083738	0.43852298943468027	25972	0.15592322534186262	0.15592322534186262	0
0.8177352001965119	1234448	0.5337408645710767	0.5446690607498705	0.41794619782778447	23460	0.17993611308872207	0.17993611308872207	0
0.7829771554900515	2813984	0.4783710897863788	0.48188806721937044	0.4446085174033474	23326	0.08896154413195222	0.08896154413195222	0
0.8149103414394497	2779464	0.6342163302888072	0.6372030355549231	0.4472002698736855	24346	0.16637530906377263	0.16637530906377263	0
0.8367722918201916	1755620	0.5790014148228969	0.5886049633325827	0.42439745677500623	24312	0.1592465885617298	0.1592465885617298	0
0.8356669123065585	1713476	0.5513754792167923	0.5576873970294851	0.4177308914921314	25346	0.20029550407319732	0.20029550407319732	0
0.8876197494473103	1313842	0.6165543124984841	0.6212706982885606	0.3953911956715502	26028	0.21614762512913233	0.21614762512913233	0
0.8422991893883567	2091516	0.5244990354304512	0.5314980188127301	0.431247202275995	24628	0.18874142553050766	0.18874142553050766	0
0.8590027020388111	1578358	0.5294032425170944	0.5324088311113447	0.4447818272225823	26724	0.19414955153718685	0.19414955153718685	0
0.7155490051584377	1213464	0.483622146602341	0.49262258919625324	0.4280006331876292	20724	0.16126777912958531	0.16126777912958531	0
0.850159665929747	1250854	0.5285854854777428	0.5399852239035957	0.40890466302373213	24072	0.17275647683194126	0.17275647683194126	0
0.8801277327437976	2138710	0.5333925488400351	0.5425643121351277	0.4291709976973765	25232	0.1795573763276008	0.1795573763276008	0
0.8365266519282731	2069764	0.6048450889803426	0.6134618065909626	0.41120996843566554	23870	0.18638926712110693	0.18638926712110693	0
0.9100957995578483	1461038	0.5395367122026642	0.5476947155439196	0.4333728643153636	27364	0.22351255783259938	0.22351255783259938	0
0.8427904691721936	1425548	0.5578728458209722	0.5646776384061758	0.4205877831122303	25132	0.2265817379943131	0.2265817379943131	0
0.8651436993367723	1343620	0.557441269244327	0.5661300960349165	0.4325976153884424	24682	0.19926047722806053	0.19926047722806053	0
0.8876197494473103	1584722	0.5661686146930104	0.5725569947194803	0.4135553407766735	26016	0.20508565481413668	0.20508565481413668	0
0.8801277327437976	1012078	0.5964611563990682	0.6072273892992236	0.39781413183549535	24650	0.2565946966345475	0.2565946966345475	0
0.8351756325227218	1033826	0.5682534108190201	0.5782800624097173	0.377893714619388	23428	0.17566306664282993	0.17566306664282993	0
0.8876197494473103	1120526	0.5852996522578027	0.593836915530935	0.40507310854176865	26222	0.22752338662976657	0.22752338662976657	0
0.7602554654875952	1066774	0.5413531262134631	0.5483204147027535	0.41687253413174924	22816	0.19573397258461564	0.19573397258461564	0
0.8596168017686072	785910	0.44474763711607923	0.46034293326063724	0.39614045679255055	25726	0.19759953604238234	0.19759953604238234	0
0.7990665684107099	892136	0.4355294431026433	0.44768597378472247	0.41073789007903455	22844	0.21336147157154214	0.21336147157154214	0
0.8409481699828052	1480998	0.5563516998145998	0.5630683760586284	0.43460856288923694	25338	0.19812044493783734	0.19812044493783734	0
0.8995332842053549	1138152	0.5037982832620876	0.5160875334237983	0.40862025360877907	26468	0.21834303213212383	0.21834303213212383	0
0.8351756325227218	744434	0.5022428026960143	0.5162301860390385	0.4088408345074983	24456	0.22925457230908422	0.22925457230908422	0
0.827683615819209	1930078	0.47150763184401906	0.47498758535059243	0.44336749939320813	25356	0.13473003711812956	0.13473003711812956	0
0.8036109064112011	1277944	0.5645816848712895	0.5735595694389809	0.41921759624147087	22900	0.2290711639888553	0.2290711639888553	0
0.86551215917465	1014740	0.5654607302627906	0.5758253565341929	0.3956953863222692	24876	0.25940575885565725	0.25940575885565725	0
0.850159665929747	846516	0.5633199311032978	0.5763270045543123	0.40384919832204225	23418	0.31776023137918974	0.31776023137918974	0
0.8440186686317858	4425258	0.6390649972316352	0.6399820653199134	0.45426875786556603	26226	0.13247509156817536	0.13247509156817536	0
0.9481699828052076	1556784	0.558194566983871	0.5642461984978377	0.4182297277036311	27432	0.20063536030612628	0.20063536030612628	0
0.8351756325227218	2162038	0.5841445038116402	0.5906170002736864	0.4429601081627716	25072	0.17051898061831203	0.17051898061831203	0
0.8004175878162614	1437054	0.49042572250532296	0.49657596190981784	0.4261997461419262	23416	0.1846069526528723	0.1846069526528723	0
0.8355440923605993	736900	0.5339224122573947	0.5472439781428371	0.39389481046761143	23694	0.25891697107391437	0.25891697107391437	0
0.8515106853352985	820538	0.5298871783891509	0.543780512540879	0.4067582275545181	24782	0.26255690460469244	0.26255690460469244	0
0.850159665929747	1326988	0.5684600612750043	0.5807348651817251	0.4156419808737331	24516	0.20560564399667602	0.20560564399667602	0
0.9190616556128716	2170260	0.5846144295019432	0.5897788308840408	0.42969998863848824	27688	0.19291685085871416	0.19291685085871416	0
0.8440186686317858	3625414	0.6233430545220318	0.6269724957124725	0.4385657595958967	24476	0.18885883107059642	0.18885883107059642	0
0.7904691721935643	1068676	0.5186396147163864	0.5234130048362301	0.4346074170396135	23670	0.2480160952735837	0.2480160952735837	0
0.8714075165806927	1141524	0.49881517490963906	0.508738666340907	0.4218525356729413	25252	0.21512493113009	0.21512493113009	0
0.8668631785802015	3642796	0.5924506244421326	0.5962345595695681	0.442743304606061	26642	0.10902768826126673	0.10902768826126673	0
0.8651436993367723	1398920	0.506510128613845	0.5170300657110513	0.43017997557076454	26298	0.1668743113056025	0.1668743113056025	0
0.8020142471137313	1603964	0.5801579024312121	0.5832753533654637	0.4311078123536882	23626	0.18610715569970593	0.18610715569970593	0
0.7827315155981331	814956	0.57289851501127	0.5771479666986717	0.40968095619197703	22340	0.32824502939016503	0.32824502939016503	0
0.8890935887988209	1456650	0.5776117098300446	0.58669567399048	0.4316212513261981	26734	0.2249624336173558	0.2249624336173558	0
0.9175878162613609	1622432	0.6234132119554051	0.6260014943388169	0.40043987303297546	26300	0.23472268343131153	0.23472268343131153	0
0.9221321542618521	1453882	0.5925099861251019	0.603283565299918	0.3961766082906026	26982	0.18432006535066045	0.18432006535066045	0
0.6928273151559814	931682	0.6354959728455393	0.6384224398808299	0.42223695318824395	20544	0.3169667641190433	0.3169667641190433	0
0.8351756325227218	1518112	0.5811361861302223	0.5868580380298359	0.43431430818260197	24118	0.17553531919559476	0.17553531919559476	0
0.9222549742078113	1572874	0.5574034792077424	0.5666838569671616	0.4218118210428708	27440	0.1735737672426705	0.1735737672426705	0
0.8426676492262344	1940644	0.6533417611291025	0.6578502428642486	0.43071252265113674	24754	0.21979090424506595	0.21979090424506595	0
0.8201915991156964	1352590	0.5899741062511596	0.5955675132219185	0.4120254325473771	23188	0.1840359298541012	0.1840359298541012	0
0.8576516826332596	1721026	0.5504685820572415	0.5625031100784238	0.40657752303147904	25122	0.1685961714635256	0.1685961714635256	0
0.857897322525178	1672734	0.5656982835615613	0.5700481752303103	0.41961007084383817	25506	0.19722746816271605	0.19722746816271605	0
0.7317612380250553	1549834	0.5835117521771803	0.5851943063675252	0.43818125401534647	21632	0.2438214911634121	0.2438214911634121	0
0.850159665929747	2686994	0.5899023553715087	0.593770744481721	0.4391951554059912	25056	0.20795917998839988	0.20795917998839988	0
0.8951117661508229	1350366	0.48067080566295023	0.48950271582706034	0.42587518077890296	25924	0.19956508354015787	0.19956508354015787	0
0.805207565708671	1341678	0.5959738351810976	0.5995834409481674	0.43642725631617724	23588	0.2661491221105467	0.2661491221105467	0
0.8302628346843528	1318878	0.6181910574805298	0.6232733846161672	0.4284306075663691	24768	0.2231913569145885	0.2231913569145885	0
0.8980594448538443	1195216	0.5893411812343795	0.5970049631313433	0.41378164805611006	26504	0.22158580799291905	0.22158580799291905	0
0.7602554654875952	1574010	0.6467559198832219	0.6507155094249467	0.43621730193255664	22378	0.27180089063247265	0.27180089063247265	0
0.7602554654875952	1571980	0.538413554406007	0.5452263880137219	0.44405286000162164	23400	0.17649583321492546	0.17649583321492546	0
0.8726357160402849	2068910	0.5961771420747232	0.6028522686081613	0.44009031943269833	26106	0.22535512031909108	0.22535512031909108	0
0.7718005404077622	1078342	0.4740359646995779	0.4830973940985534	0.42023590507722647	22834	0.208473751488227	0.208473751488227	0
0.8954802259887006	1048312	0.5300788148932504	0.5394332680313981	0.3951312227066175	25648	0.21398152482208502	0.21398152482208502	0
0.7677474821911079	1561920	0.4915285303240317	0.5007486858154544	0.42976133372963626	22520	0.19109875126486886	0.19109875126486886	0
0.8260869565217391	1366770	0.46581279022173167	0.47850688829940674	0.4349197263265086	24708	0.15471750333562437	0.15471750333562437	0
0.8366494718742323	994288	0.5705590101546573	0.5825698211908885	0.41103436911892444	23350	0.2328379612796219	0.2328379612796219	0
0.8580201424711373	1373970	0.49631505211988336	0.5080886744306929	0.40337190581309074	24796	0.157582856997504	0.157582856997504	0
0.8093834438712847	1202480	0.5756293943484238	0.5833557905630561	0.43060933800596685	24208	0.25979255081192837	0.25979255081192837	0
0.9100957995578483	1090350	0.5897382474158769	0.5952346444665014	0.4061589744745154	26206	0.23805630645442677	0.23805630645442677	0
0.8038565463031196	4838088	0.6438298624773932	0.6454852569434854	0.46269194366440386	25078	0.11583437004838681	0.11583437004838681	0
0.880373372635716	972296	0.5521155206565215	0.5637377228575271	0.41094732474146145	23854	0.2357831023896355	0.2357831023896355	0
0.8356669123065585	1372446	0.5824184899236077	0.5924307316293934	0.42176837949787416	24978	0.18268556047486753	0.18268556047486753	0
0.8953574060427414	1603154	0.564080645282751	0.5661090656681379	0.4226463323406741	26278	0.20299626944851815	0.20299626944851815	0
0.9189388356669124	1746816	0.5484394387761293	0.55421366804367	0.4405949080960039	27032	0.20678031140364717	0.20678031140364717	0
0.8398427904691722	1983946	0.5618263050729645	0.5692165768107837	0.4063107508537796	23590	0.21638855867610843	0.21638855867610843	0
0.850159665929747	1616300	0.629331718161278	0.6353436623516512	0.4382583903024728	24844	0.27030857822347715	0.27030857822347715	0
0.7946450503561778	2213228	0.5624503626490173	0.5704345441551353	0.43990122636206785	24160	0.18428044620778303	0.18428044620778303	0
0.7526406288381233	1320246	0.5976491576244002	0.6020670817454593	0.42232838933338734	21446	0.295870153461992	0.295870153461992	0
0.7962417096536477	1280282	0.56018610424897	0.5678547503079245	0.4050222478713263	23392	0.19811679981427668	0.19811679981427668	0
0.850159665929747	1621022	0.6077407892646165	0.6130886259654583	0.4413368779223477	25170	0.2555680735894779	0.2555680735894779	0
0.8368951117661508	1631280	0.5174263990191629	0.5215881430093002	0.4472401070196767	24888	0.1923488394093189	0.1923488394093189	0
0.8750921149594694	2832454	0.6309220567558217	0.6336726934702664	0.4563429963401709	26860	0.1784371049364389	0.1784371049364389	0
0.8845492507983297	1000002	0.615612864455566	0.6219754199168203	0.4132241395225482	25194	0.294729710733967	0.294729710733967	0
0.8878653893392287	901810	0.5220332293660329	0.5373306702955544	0.41110058092966256	26132	0.2562668821321144	0.2562668821321144	0
0.8755833947433063	2310342	0.6197501320995723	0.6217241060724412	0.4463673287797156	26760	0.25460404881216775	0.25460404881216775	0
0.8201915991156964	1366528	0.5737974264010305	0.576510289551877	0.43185639089322514	24008	0.2515277377017245	0.2515277377017245	0
0.8506509457135839	1511662	0.5138206556260856	0.5256336003604009	0.4208329355639176	25102	0.15417418210082923	0.15417418210082923	0
0.7953819700319332	1644806	0.6247176111846251	0.6271275960194546	0.4432462863072369	23560	0.2757469096146945	0.2757469096146945	0
0.8819700319331859	3853114	0.6650820402469598	0.6707273231672904	0.4487225445844058	27004	0.2066481793567514	0.2066481793567514	0
0.8099975436010808	1096434	0.46360081854369956	0.4746312072208077	0.4159564584191979	24088	0.17160791028887815	0.17160791028887815	0
0.8020142471137313	1338138	0.566819143724946	0.5735896236467436	0.42007495226746866	23522	0.21260843898354861	0.21260843898354861	0
0.8954802259887006	1493122	0.5407810513965273	0.5481286230640433	0.42256419310504306	26778	0.19683385584286892	0.19683385584286892	0
0.7227953819700319	1164154	0.5963305980910926	0.6033997065533433	0.44412836030790875	22112	0.27935826059112223	0.27935826059112223	0
0.7827315155981331	855010	0.5854765851988752	0.589917274393211	0.42054775555322627	23676	0.2905604542654214	0.2905604542654214	0
0.8426676492262344	2368518	0.5685591510422389	0.5727045460714703	0.44810215067179987	24762	0.2173177806881914	0.2173177806881914	0
0.7886268730041759	2707228	0.649586959751565	0.6509005805826544	0.45064418319480876	23742	0.21352761342340784	0.21352761342340784	0
0.8262097764676983	785072	0.5660105037517638	0.5720538043296284	0.4131306006611147	23660	0.26409289434172456	0.26409289434172456	0
0.8576516826332596	1748286	0.5491396811840346	0.5575162111966138	0.4298374734408108	24334	0.17778078183326418	0.17778078183326418	0
0.8372635716040285	3837206	0.6369763493510631	0.6400523387716807	0.4519311621942843	26026	0.1492892757626342	0.1492892757626342	0
0.8860230901498404	2462608	0.6390429973852477	0.6451362842378808	0.42331270320192593	26306	0.1922892800606332	0.1922892800606332	0
0.8822156718251044	1215766	0.5404958193478874	0.5475850208355888	0.4055213689685697	25886	0.20047165054478636	0.20047165054478636	0
0.827683615819209	2691268	0.6365363961405256	0.6394735045942055	0.44131401156905764	25294	0.1980178263402127	0.1980178263402127	0
0.850159665929747	2061826	0.5882487462690008	0.5931214916741968	0.45205265342775874	26656	0.1785166505598417	0.1785166505598417	0
0.7905919921395235	913302	0.5313862605927971	0.5374355834799643	0.4081464717592098	22418	0.24688799236728523	0.24688799236728523	0
0.791943011545075	3690402	0.6782590263198826	0.6816404507898408	0.4485249853095567	23450	0.15934900933617246	0.15934900933617246	0
0.7602554654875952	983914	0.5414086715797634	0.5451293672921337	0.4190705740064628	21926	0.28144752487215513	0.28144752487215513	0
0.8639154998771801	1419914	0.5103112861236007	0.5201649337512069	0.41920201951352326	24720	0.20304270476258254	0.20304270476258254	0
0.805207565708671	919250	0.45977779203603525	0.46805013110504534	0.4115637057481085	23738	0.23970174292361546	0.23970174292361546	0
0.8351756325227218	813170	0.4605236533214437	0.46818022620827543	0.3930892790337212	23922	0.17785896069764717	0.17785896069764717	0
0.8728813559322034	1341706	0.5543412689936641	0.5632909028140098	0.41631774250621406	25436	0.26274519551214276	0.26274519551214276	0
0.8951117661508229	1848786	0.5946378230727117	0.6011672661389799	0.43304239245637094	27422	0.21517632692212094	0.21517632692212094	0
0.8356669123065585	1458440	0.5038538377672868	0.5102966116681052	0.42257947560523085	25090	0.1791329719896011	0.1791329719896011	0
0.881478752149349	1686990	0.6224101276691965	0.6272060498667819	0.42392698652138844	25856	0.18823966786631585	0.18823966786631585	0
0.8965856055023336	1128356	0.5105003809598377	0.5213095931502126	0.4075357353218747	26508	0.2061860774538141	0.2061860774538141	0
0.8231392778187178	1018954	0.5853610215434399	0.5924720937802556	0.4115655739030484	24084	0.24012759540580206	0.24012759540580206	0
0.8096290837632032	915342	0.6048357460661947	0.6117427237289271	0.41116727742660303	23182	0.30615085907752265	0.30615085907752265	0
0.8590027020388111	748366	0.5629290382818084	0.5741808959413689	0.3859348333473847	23528	0.23658555026896352	0.23658555026896352	0
0.8279292557111275	953600	0.523264479403886	0.530394803399674	0.4228406238574527	24512	0.2509031381214405	0.2509031381214405	0
0.8500368459837877	4180722	0.6321694425962073	0.6333611903984614	0.4584120234860148	26312	0.1386408174594527	0.1386408174594527	0
0.805207565708671	2581168	0.6119775175599932	0.617306400768582	0.43227542976895655	23828	0.19883505373658258	0.19883505373658258	0
0.9205354949643823	2667288	0.6351191627176853	0.640183601899274	0.4270237474049081	27728	0.16752809625069587	0.16752809625069587	0
0.8328420535494965	1390396	0.5760213263659545	0.5837528230629069	0.4290968457297486	24266	0.18393603615626467	0.18393603615626467	0
0.805207565708671	2939140	0.6451458347126743	0.6460393319917229	0.4570164519117024	24254	0.22738413950325662	0.22738413950325662	0
0.8141734217636944	887492	0.48101445541560567	0.4915186788801886	0.4040006693174522	24168	0.22132528557762146	0.22132528557762146	0
0.7587816261360845	1618950	0.5584680197640075	0.5642701364479544	0.43321985126856316	22854	0.24838845923671807	0.24838845923671807	0
0.8171211004667158	1267196	0.560787197216091	0.571145251169841	0.418123107986543	23550	0.22844912717471574	0.22844912717471574	0
0.8504053058216654	1098400	0.5409802537034812	0.5472522878281797	0.41504703737944254	24992	0.2139521756850736	0.2139521756850736	0
0.7908376320314419	1292110	0.5540386336935835	0.5619798636531202	0.42585682262473273	22816	0.1843031047022435	0.1843031047022435	0
0.8801277327437976	2351942	0.512723132288407	0.516546230567272	0.4496166126165581	25294	0.16357781042681743	0.16357781042681743	0
0.835298452468681	1150252	0.6353922877482899	0.6447151720748489	0.42518978837724103	23768	0.2665726057125984	0.2665726057125984	0
0.8948661262589045	2783196	0.6329070653070575	0.6397513961605912	0.42175288665975663	26792	0.13690355396823486	0.13690355396823486	0
0.850159665929747	900950	0.49164174324007615	0.5023931842875048	0.4116872489997188	24592	0.26442994341103204	0.26442994341103204	0
0.8255956767379022	1139470	0.5398383815809952	0.5473111876317948	0.4210811768920612	24116	0.1984011522529412	0.1984011522529412	0
0.8651436993367723	2682894	0.6566431117451875	0.6589085060162335	0.43888401849120745	25550	0.21435946095745786	0.21435946095745786	0
0.8012773274379759	791026	0.4744122195225365	0.4866881640418512	0.4067919362072198	23484	0.23951580296920313	0.23951580296920313	0
0.9055514615573569	1197708	0.4892599105066438	0.49756503321056367	0.4146103068725486	26306	0.20326067536106981	0.20326067536106981	0
0.8876197494473103	893258	0.42829423419264073	0.4409014317411349	0.40919510058936887	26720	0.1777542616776926	0.1777542616776926	0
0.7902235323016458	2678808	0.6308818279352265	0.6334008467465332	0.4577481963008861	23870	0.23060201456760768	0.23060201456760768	0
0.8651436993367723	850624	0.46773297037898387	0.48420380730322393	0.41821165415288064	25212	0.23664526931206528	0.23664526931206528	0
0.8801277327437976	781050	0.5029852786328405	0.5175396476429084	0.39382940635692987	25130	0.20285733463815867	0.20285733463815867	0
0.9250798329648735	1830428	0.5328119526448422	0.5387966225244304	0.4259868481397784	28106	0.17853558631621722	0.17853558631621722	0
0.8580201424711373	1191386	0.5585728852645045	0.5675641814983	0.42873113993754225	25372	0.2484381461775288	0.2484381461775288	0
0.850159665929747	1732760	0.5682925166978804	0.5784159360205897	0.4221233607291535	25132	0.1957443245312519	0.1957443245312519	0
0.8351756325227218	719726	0.4644132731182753	0.47538733352718326	0.35453661568269057	22866	0.17505235824961185	0.17505235824961185	0
0.8351756325227218	1031954	0.5374160342072436	0.5437640124483175	0.39566950292373576	23308	0.22662274224470016	0.22662274224470016	0
0.7880127732743798	1726112	0.6037368192607883	0.6115221072484007	0.43960016029216037	23512	0.22960109098833895	0.22960109098833895	0
0.8651436993367723	1436708	0.6041288981039346	0.6119397298200873	0.423803410425873	25208	0.1956869358608884	0.1956869358608884	0
0.9175878162613609	2053314	0.6194919170480168	0.6248304137145101	0.4311554394795241	26918	0.17465210456061533	0.17465210456061533	0
0.8653893392286908	1244432	0.5655524861229654	0.5729690760888733	0.41035278114333207	25624	0.21084662685716082	0.21084662685716082	0
0.8426676492262344	918244	0.5365411023541525	0.5445039312014511	0.4079558815519828	23936	0.23724830558987722	0.23724830558987722	0
0.8531073446327684	2640348	0.6503581485562299	0.6526556916251789	0.45914298648954693	25830	0.19452786811040704	0.19452786811040704	0
0.805207565708671	1710994	0.6213224400499197	0.6251224296962835	0.4452177460474926	24550	0.19168356540133277	0.19168356540133277	0
0.8122083026283469	1096836	0.5011661589751079	0.5073912867555203	0.42703721559422525	24086	0.2260276251208051	0.2260276251208051	0
0.850159665929747	1051676	0.49742739941301206	0.5086908199145208	0.40234706693904737	25448	0.18942951571868108	0.18942951571868108	0
0.7752394988946205	1206672	0.5218561605495016	0.5269057203418591	0.43647451684724364	23324	0.20682202758438495	0.20682202758438495	0
0.8109801031687546	2922562	0.6525190403007267	0.653925797762336	0.4618515225857864	24744	0.23441480098403936	0.23441480098403936	0
0.805207565708671	1055784	0.5778906268400835	0.5832227019424026	0.4171631013016344	23416	0.25799667413782956	0.25799667413782956	0
0.8651436993367723	1456566	0.542483536865051	0.5495271256615841	0.4345124090766921	26032	0.19583065382385043	0.19583065382385043	0
0.8801277327437976	1721902	0.6125720186785137	0.6187620499860015	0.41460447713132625	26024	0.20349079035373796	0.20349079035373796	0
0.8429132891181528	824536	0.5619871171735799	0.5711519911832091	0.3917147379139223	23444	0.2612630907647654	0.2612630907647654	0
0.866617538688283	1304502	0.5531899598793072	0.5582991895607634	0.42193203980988625	25020	0.20910453470389853	0.20910453470389853	0
0.9253254728567919	2652430	0.6110842844073968	0.6180627181469339	0.413296468582434	26884	0.2132774842991805	0.2132774842991805	0
0.798575288626873	1572652	0.5648151955611027	0.5707258837030732	0.4413980320107596	23622	0.1942573577257953	0.1942573577257953	0
0.8201915991156964	1005288	0.5260262994762143	0.5363224548936817	0.4103793241686929	23430	0.26926420773742427	0.26926420773742427	0
0.8726357160402849	809678	0.5184898479199649	0.5287067944885558	0.40598469489400985	24904	0.2741442106603458	0.2741442106603458	0
0.7616064848931466	1236840	0.641705336766984	0.643397646363759	0.4330424123679933	22962	0.2966461320826799	0.2966461320826799	0
0.8011545074920167	993000	0.5628418619930764	0.5686147230925805	0.4223877057916332	23404	0.26276646383229785	0.26276646383229785	0
0.9400638663718988	2128188	0.5964324224455679	0.6000010531778291	0.416005798781842	28004	0.1459434123000399	0.1459434123000399	0
0.655858511422255	2379774	0.5973495198134701	0.6015800757935299	0.45839540407985163	20668	0.20247376104583312	0.20247376104583312	0
0.8126995824121838	1399854	0.5668020033584176	0.5703016671925314	0.4329857519006028	23688	0.2559733301839836	0.2559733301839836	0
0.7873986735445837	1335012	0.5828824976605033	0.5863821045664326	0.427863032632879	23442	0.2303188287701574	0.2303188287701574	0
0.850159665929747	1123212	0.558337632654197	0.5637862411645523	0.420285910134309	25530	0.2294219685998801	0.2294219685998801	0
0.7452714320805699	657688	0.3736449094264149	0.386573839210608	0.41051979243940556	21504	0.20109811288520155	0.20109811288520155	0
0.8507737656595431	1272038	0.5422424150056405	0.5494700114047711	0.4142820530299743	26056	0.16000770257363592	0.16000770257363592	0
0.9100957995578483	1999828	0.5832786800008803	0.5886344774977869	0.42202475996726957	26612	0.1876215261994598	0.1876215261994598	0
0.7253746008351756	1232686	0.5835458494133466	0.5890220158868945	0.4308085665936201	21346	0.223254116792182	0.223254116792182	0
0.8126995824121838	1266580	0.5810522950234525	0.5888282230891897	0.42125538955242164	22962	0.2438861871474616	0.2438861871474616	0
0.8576516826332596	1464416	0.6083558030336327	0.6107840602966718	0.4305093099846695	25594	0.2515629938557023	0.2515629938557023	0
0.8065585851142225	1998750	0.6210708709281295	0.622927849729144	0.4534795245308923	24490	0.20302111828501268	0.20302111828501268	0
0.8005404077622206	1098280	0.5252121788717544	0.531646795664571	0.4200313369407618	23062	0.2330874100443386	0.2330874100443386	0
0.8607221812822402	1217508	0.5169145549719251	0.5220551910326133	0.406418947418796	24936	0.1954856171327932	0.1954856171327932	0
0.8801277327437976	1388210	0.5566290414601737	0.562315876810801	0.4374162492469565	25504	0.19606819623753421	0.19606819623753421	0
0.8279292557111275	1036198	0.4831028631262681	0.49144351363117983	0.4098294091317087	24216	0.22355376026011053	0.22355376026011053	0
0.8141734217636944	780704	0.5725657087449317	0.577187786232877	0.4237420687489983	24138	0.26243770109264214	0.26243770109264214	0
0.7157946450503562	1234866	0.4653631491123212	0.4696716430461639	0.43692258771976017	21376	0.19986307668151773	0.19986307668151773	0
0.8728813559322034	2048588	0.5983929203573208	0.6034742712339335	0.43616707908958086	25922	0.2078463488218879	0.2078463488218879	0
0.8965856055023336	2102798	0.5354075443099289	0.5449788671369173	0.4176005945943369	25598	0.176242997818694	0.176242997818694	0
0.8651436993367723	1417398	0.576938267023445	0.5831752225752862	0.42535141546113264	25872	0.24203457312207896	0.24203457312207896	0
0.8651436993367723	1343504	0.6112105116050289	0.623200901858375	0.4268899663288768	25134	0.21830609553795918	0.21830609553795918	0
0.8126995824121838	1277042	0.5545085159219579	0.5612621144234383	0.4133159467122676	23130	0.2329184644425009	0.2329184644425009	0
0.8545811839842791	738344	0.45896327785710483	0.47575129719058973	0.39629748376855956	24580	0.20829190623714758	0.20829190623714758	0
0.857897322525178	1226718	0.6056952585197733	0.6121882242406625	0.4233150715665825	24168	0.26935725987635334	0.26935725987635334	0
0.805207565708671	712298	0.49311665679875555	0.500944635724977	0.40268346516006587	23376	0.24477097442053186	0.24477097442053186	0
0.8575288626873004	1459164	0.5785305037169998	0.584729915590724	0.41801452601574757	24642	0.24617959005870418	0.24617959005870418	0
0.827683615819209	1770410	0.5320784307761727	0.5374658956288381	0.44003637722773276	25102	0.18074818991868377	0.18074818991868377	0
0.8354212724146401	1486456	0.5502384385895716	0.5603866237620813	0.4168087607272905	24856	0.19456099971523919	0.19456099971523919	0
0.8954802259887006	1433310	0.5695443331029935	0.5780698082894363	0.40275491888660503	26272	0.22154183390426951	0.22154183390426951	0
0.8351756325227218	1376958	0.5698587695534642	0.5752555560925646	0.4209741795806749	24968	0.21274088123607868	0.21274088123607868	0
0.7902235323016458	961450	0.4772841171981052	0.4867225712911773	0.4163322074434759	22860	0.16350627613181992	0.16350627613181992	0
0.7532547285679194	723764	0.5382452870016993	0.5515003177740335	0.40087954096387973	21176	0.30562788604023344	0.30562788604023344	0
0.9055514615573569	3349334	0.6312397950429386	0.634478975191504	0.44846570427376004	26970	0.16871804933998433	0.16871804933998433	0
0.7752394988946205	742652	0.5358873013719611	0.5437618420579236	0.41891305683979274	22118	0.3074091946537241	0.3074091946537241	0
0.9400638663718988	1849950	0.6039313877141997	0.6081382763005564	0.42646875588189004	28056	0.20698470919947107	0.20698470919947107	0
0.744780152296733	1065950	0.6079010319643309	0.6117335563134086	0.4207756741961492	21690	0.2726551535932529	0.2726551535932529	0
0.850159665929747	2100514	0.582220048630802	0.5894990505088878	0.4251167595951624	24834	0.1922916861483858	0.1922916861483858	0
0.8889707688528617	872892	0.5039582728525135	0.5154654116775007	0.40393170019577723	25794	0.2308141279637619	0.2308141279637619	0
0.8126995824121838	698308	0.5011833246388319	0.5100425493710531	0.4020304010361324	22850	0.2857132880667919	0.2857132880667919	0
0.8580201424711373	2418670	0.6645346510215976	0.6704817094283207	0.4237084105767463	24754	0.20860283869506535	0.20860283869506535	0
0.7757307786784574	1361166	0.596523020838142	0.6019367775318228	0.4218772916810938	22926	0.24956358996250813	0.24956358996250813	0
0.8321051338737411	2161710	0.6330074368251539	0.6346747149443072	0.4401405638833473	24346	0.22114637016414987	0.22114637016414987	0
0.8368951117661508	1402492	0.5884370711673607	0.5941972541297602	0.4146074431033942	24266	0.20966858656382426	0.20966858656382426	0
0.8429132891181528	2390564	0.5947025898319424	0.5993751253322482	0.4368517619386822	25088	0.21276857009016978	0.21276857009016978	0
0.8816015720953083	1647104	0.5758683295168304	0.581602268756822	0.41867154875704576	24548	0.20800602478265395	0.20800602478265395	0
0.7589044460820438	783722	0.4396983272364747	0.4509536684604239	0.4159463011047175	21700	0.2155706429189028	0.2155706429189028	0
0.8125767624662246	2010686	0.57878957908894	0.5824370097144744	0.44856689841473446	24546	0.1874987330930271	0.1874987330930271	0
0.8951117661508229	830592	0.5545531245096817	0.5651775744692705	0.3933971212379035	26598	0.22035909730616435	0.22035909730616435	0
0.8033652665192828	1635344	0.6006388528167358	0.6047176717744016	0.42747621790419493	23190	0.2078292040625556	0.2078292040625556	0
0.8726357160402849	1630262	0.5724753298895192	0.5791998389410274	0.43866966104769295	26314	0.20245051311808984	0.20245051311808984	0
0.8801277327437976	1333052	0.5568942738987284	0.5642881658898629	0.4317587169045247	26102	0.22681574555204667	0.22681574555204667	0
0.8398427904691722	1417792	0.6324892217308931	0.6354382395898742	0.4326510740791904	24280	0.24290676997114516	0.24290676997114516	0
0.9026037828543355	877284	0.48543846344584957	0.4989876635226352	0.39048392279804783	26156	0.20430948356965092	0.20430948356965092	0
0.8126995824121838	1408172	0.5329034808231446	0.5399721654131956	0.40618027252435734	24244	0.2087491786422282	0.2087491786422282	0
0.8608450012281994	1567362	0.5068690112003184	0.5128779408814642	0.44040459369545976	25916	0.22812096621553735	0.22812096621553735	0
0.8201915991156964	1235342	0.567755983116105	0.5728822734360614	0.41682114837912865	22860	0.24232438043031201	0.24232438043031201	0
0.78322279538197	1157080	0.524096856840916	0.530336293704062	0.4094279669805059	23072	0.1716093561073405	0.1716093561073405	0
0.7979611888970769	1387874	0.5032876784210559	0.5151488914521638	0.4357727371921891	23822	0.1641478762067779	0.1641478762067779	0
0.8728813559322034	2790254	0.5934450323234725	0.5967600131840928	0.4353550809622246	26178	0.14488843015499178	0.14488843015499178	0
0.877057234094817	770734	0.5210856338335393	0.5331230531285095	0.4162372402172245	25322	0.2402551021696142	0.2402551021696142	0
0.9325718496683861	2057048	0.5714570972503888	0.5758121342580799	0.41703582411634227	26746	0.14936333915241762	0.14936333915241762	0
0.7902235323016458	781890	0.4517666866393983	0.46743411732740175	0.41763123062942364	22862	0.22019391115351886	0.22019391115351886	0
0.805207565708671	1000478	0.6330472612311157	0.6375708793815752	0.4176049497633918	23248	0.3050818245797124	0.3050818245797124	0
0.7472365512159175	1283524	0.6087143885129161	0.6126053812271973	0.4299504020317603	21552	0.28468487172685836	0.28468487172685836	0
0.8126995824121838	1183862	0.5141869807980918	0.5205715332758994	0.4277015863436621	24476	0.1963073547584621	0.1963073547584621	0
0.8691967575534267	1690452	0.5904675718990989	0.5953844409307217	0.4278512337669825	24884	0.24380263807575928	0.24380263807575928	0
0.827683615819209	885940	0.573449181274514	0.5837910819785265	0.3938735412430794	22510	0.2447199910864847	0.2447199910864847	0
0.7902235323016458	2032330	0.6027185233356782	0.6035462999530822	0.4404641331475004	23598	0.2259993899446957	0.2259993899446957	0
0.7827315155981331	667418	0.4794450196948126	0.4879225563383596	0.3881550692308653	22526	0.21642618391749766	0.21642618391749766	0
0.857897322525178	958700	0.5602940778862001	0.5714835392631609	0.3894223793937639	24488	0.25311285348602763	0.25311285348602763	0
0.8731269958241219	1435624	0.5931961944553003	0.6000783672875752	0.4104313223712596	25712	0.18365154076197499	0.18365154076197499	0
0.8728813559322034	1239586	0.438351953034777	0.4479392715436044	0.4119441963682322	25480	0.185613971169636	0.185613971169636	0
0.850159665929747	1635900	0.5557108006752914	0.5629666346718244	0.42785966220556654	25672	0.16082123516243965	0.16082123516243965	0
0.8021370670596905	1064632	0.45334140963017927	0.46404024164631547	0.42996853852072964	23728	0.2247419697451646	0.2247419697451646	0
0.8321051338737411	715472	0.5160271080413493	0.5302116638986284	0.38700063987101885	23516	0.23367765785210956	0.23367765785210956	0
0.8620732006877917	1407242	0.546881163482107	0.5535275481045465	0.42852269836040063	24904	0.209797712793605	0.209797712793605	0
0.7946450503561778	771112	0.5134512731415469	0.5248278871453645	0.4081473264314475	23366	0.2736177979677677	0.2736177979677677	0
0.760746745271432	1675090	0.5749012318850947	0.581232699207992	0.44033412501222763	22916	0.18540942452266765	0.18540942452266765	0
0.8801277327437976	1460036	0.6232585738862741	0.6303855257258892	0.39720314901354986	24088	0.20930987488034056	0.20930987488034056	0
0.8801277327437976	849308	0.49415917590037756	0.5069024214159966	0.41100789841918806	25920	0.2179354148204583	0.2179354148204583	0
0.779906656841071	2459116	0.6165687292027234	0.6220529636858806	0.4305734965303969	23382	0.16449007988547926	0.16449007988547926	0
0.7931712110046671	1355170	0.581294787090704	0.585697133911506	0.4356539473168258	23448	0.2534943639739525	0.2534943639739525	0
0.8042250061409972	1359846	0.5426043440790197	0.550227894229912	0.426297057274663	23366	0.15402723142746444	0.15402723142746444	0
0.734340456890199	1025604	0.5511329427186313	0.5560283409895056	0.41719587927242685	22462	0.20612031665290867	0.20612031665290867	0
0.9270449521002211	1303476	0.5331551637177377	0.5411546425013215	0.3986390641196535	27656	0.2348652656650723	0.2348652656650723	0
0.8351756325227218	808480	0.5136742756752132	0.5260770612396605	0.38768599712897583	23284	0.23945716387577776	0.23945716387577776	0
0.8156472611152051	758576	0.5067154732434564	0.5138314791210637	0.39237711710137035	23416	0.23978283875002449	0.23978283875002449	0
0.8890935887988209	2490782	0.623416842588865	0.6269765888024711	0.42855822649248476	26456	0.20100952554855167	0.20100952554855167	0
0.8201915991156964	846744	0.49558888645178417	0.5044247020177368	0.4102105503838898	23250	0.2602454040960998	0.2602454040960998	0
0.8876197494473103	839598	0.5733345867703362	0.5878087868482237	0.40719662154675246	24892	0.30611409899332165	0.30611409899332165	0
0.7677474821911079	2172958	0.5951380066204807	0.5978768612886917	0.4402124770590827	23132	0.21550794200442078	0.21550794200442078	0
0.8535986244166053	1911568	0.6375236650533007	0.6404333085509464	0.4374097964356624	25434	0.17862698177333536	0.17862698177333536	0
0.834193072955048	972132	0.5851071215850809	0.594606230469264	0.41295984604343666	23332	0.23638729140358652	0.23638729140358652	0
0.7103905674281503	1291114	0.5640124999809779	0.567921109691465	0.4387833015139205	20854	0.27753048634824934	0.27753048634824934	0
0.8185949398182265	1391282	0.6093079419025013	0.616996000641698	0.42939856452093156	23876	0.24765042954458347	0.24765042954458347	0
0.8357897322525178	3037258	0.6338385090101415	0.6350561701026863	0.45355848630291234	25428	0.17489832012269238	0.17489832012269238	0
0.8569147629575042	3004930	0.6423924735031546	0.6452524551483585	0.45930396943375973	25766	0.1744196578621474	0.1744196578621474	0
0.8653893392286908	798062	0.48314334817478405	0.4943487892073039	0.3913159284580678	25384	0.22851824877469495	0.22851824877469495	0
0.8123311225743061	2661290	0.6205653047326328	0.6237401741744907	0.4400508252283435	24574	0.2362033931709028	0.2362033931709028	0
0.8111029231147138	2332724	0.5953693816951545	0.6000166668581033	0.4200941195052122	24254	0.1562564796391531	0.1562564796391531	0
0.8516335052812577	1367214	0.5568673734497347	0.5622120385786111	0.4254509419933694	25214	0.2166129324888754	0.2166129324888754	0
0.8429132891181528	782140	0.5527066545219487	0.565309120918266	0.40084399513015384	23422	0.26291464212696186	0.26291464212696186	0
0.805207565708671	1676288	0.5387207916735406	0.5450825838490783	0.44540134361427447	24298	0.20183137946678117	0.20183137946678117	0
0.8801277327437976	1987722	0.5713610154403868	0.575249075134537	0.428190428892645	25906	0.2096775714942605	0.2096775714942605	0
0.8669859985261607	1810248	0.5671166734327212	0.5721886524047844	0.4418573658131399	26574	0.18428231919641525	0.18428231919641525	0
0.7157946450503562	2904718	0.5006791874943536	0.5022850100988199	0.45663580379702956	21226	0.12602130264093392	0.12602130264093392	0
0.8920412675018423	758472	0.47882976515677855	0.4928469425564945	0.3908752841106517	24868	0.23892451464741085	0.23892451464741085	0
0.8354212724146401	1138552	0.49771768351278384	0.5057259005301075	0.4243371802676628	25058	0.2136376522067066	0.2136376522067066	0
0.8620732006877917	1046596	0.5562798587176995	0.566161258659079	0.40998147681908387	24202	0.2706557477333533	0.2706557477333533	0
0.8634242200933432	2705766	0.6223680461972959	0.6262753921028569	0.44079208156848915	26288	0.18096609037117542	0.18096609037117542	0
0.9026037828543355	1013154	0.4837859010541652	0.49379111176971163	0.40450150328182993	25484	0.21562842072551627	0.21562842072551627	0
0.7991893883566691	1068732	0.506426300273617	0.5149516215262003	0.41024084921104526	23664	0.2230854830168356	0.2230854830168356	0
0.8941292065831491	1818238	0.5954196475229424	0.6031480526326413	0.43013071951843607	26784	0.17927686796318323	0.17927686796318323	0
0.8257184966838614	1416878	0.5194356402459336	0.524911039646782	0.4172007284671804	24702	0.17116708391841715	0.17116708391841715	0
0.8327192336035372	1129584	0.581804522723982	0.58971174770482	0.41450137798209635	24634	0.20587385761733568	0.20587385761733568	0
0.8131908621960207	736436	0.4649529113268798	0.4782314502548839	0.38512535421907823	23556	0.18923700174726732	0.18923700174726732	0
0.7931712110046671	1399222	0.6224104860066476	0.6267271570232446	0.43380626640738074	23314	0.25484794869260413	0.25484794869260413	0
0.7822402358142962	1094828	0.4861333064854639	0.4910518937677913	0.42545786004713787	23004	0.2069127530661383	0.2069127530661383	0
0.8426676492262344	957748	0.4593548673419913	0.47211320470383145	0.4137893082136063	24778	0.16890670623982132	0.16890670623982132	0
0.8443871284696635	2453656	0.6031720835947928	0.6066050522969746	0.44105377338970514	25158	0.23056744779190289	0.23056744779190289	0
0.7527634487840825	1109572	0.5437315133952739	0.5499136370995985	0.42592857588893757	22324	0.22794640343620534	0.22794640343620534	0
0.827683615819209	2323218	0.6217476676069456	0.6265377453622709	0.43933071762610104	24006	0.22676835967536627	0.22676835967536627	0
0.8576516826332596	1088490	0.5489912190913172	0.5585815704302747	0.4059467577064144	25100	0.19418940072513638	0.19418940072513638	0
0.7827315155981331	752506	0.5885967322281774	0.5977681198431661	0.40775326226264735	22794	0.34118589196715016	0.34118589196715016	0
0.8743551952837141	1475244	0.5693350990143745	0.5747196138059513	0.43223962646165465	26388	0.2196438692435699	0.2196438692435699	0
0.827683615819209	847148	0.5554375033364453	0.5597218844968603	0.4152911655599872	24488	0.239056180225771	0.239056180225771	0
0.850159665929747	1471082	0.6034613989194634	0.6074253593647088	0.4306471534066001	24394	0.2091778135165641	0.2091778135165641	0
0.8395971505772537	1676090	0.5568397755632006	0.56420624415128	0.42665125654566577	24594	0.18598000840091422	0.18598000840091422	0
0.805698845492508	716506	0.5206245401980711	0.5299922714749931	0.41124980568759056	23224	0.25201217594858527	0.25201217594858527	0
0.7977155490051584	2616424	0.5457124249357481	0.5484027732044575	0.44778053443588894	24056	0.1824151761901467	0.1824151761901467	0
0.7994350282485876	987644	0.6106095401293152	0.620687977984255	0.4086232538973455	22570	0.30175205153870727	0.30175205153870727	0
0.8801277327437976	1460024	0.5416921198491925	0.547705457465431	0.42452864935315443	26734	0.1868104928229818	0.1868104928229818	0
0.7457627118644068	827184	0.5190910881143284	0.5305648178789822	0.4048859804726988	21294	0.22782606234145256	0.22782606234145256	0
0.8576516826332596	1931292	0.572859227057715	0.5771102302847781	0.43084227355249044	26044	0.19997803867123257	0.19997803867123257	0
0.8801277327437976	1144034	0.5499927304433178	0.5556092932201138	0.43086856914836585	26410	0.26654759796950916	0.26654759796950916	0
0.8126995824121838	1150748	0.5241072199678124	0.5307497553783084	0.4342764603932316	23384	0.23024472235623517	0.23024472235623517	0
0.8136821419798576	2297284	0.6173478155604782	0.6235577835715854	0.4284907473927362	24354	0.20134689697250038	0.20134689697250038	0
0.8876197494473103	1083186	0.5536342913066815	0.5602910210241254	0.40437107831719693	25474	0.22559912309900185	0.22559912309900185	0
0.805207565708671	923814	0.5295042543455424	0.5388220801460103	0.39713920245372725	22038	0.20069200552068137	0.20069200552068137	0
0.8876197494473103	2264278	0.6376021424297729	0.6436624930315299	0.4120794719885475	26140	0.20136375326948863	0.20136375326948863	0
0.8995332842053549	1795490	0.5116520211285536	0.518068928271425	0.44419704244907693	26472	0.2315250615244309	0.2315250615244309	0
0.827683615819209	1339058	0.5561075710596818	0.561398806616151	0.40921383271205625	24130	0.21136612321170092	0.21136612321170092	0
0.7921886514369934	1718516	0.5859802428397375	0.5922515055281914	0.42268144108192285	22976	0.21859536820603273	0.21859536820603273	0
0.8129452223041022	1658428	0.571557058668419	0.5780656532297523	0.4209066308139892	23980	0.17262392013116168	0.17262392013116168	0
0.7554654875951854	1328110	0.6190350523289474	0.6245342359553719	0.4237842511945859	22758	0.18835461783960675	0.18835461783960675	0
0.8151559813313682	1374382	0.5614616086939953	0.5679357491173344	0.420669541165714	23682	0.2073941658848294	0.2073941658848294	0
0.9066568410709899	1631386	0.5805111945006085	0.5875178458322351	0.4095119444093578	25904	0.182146557582886	0.182146557582886	0
0.8184721198722673	1199274	0.5699675778600669	0.575888461922984	0.424431835803269	23990	0.25202672190722125	0.25202672190722125	0
0.8646524195529354	1104474	0.5449688639139513	0.5515894180971831	0.42046728855717136	26006	0.20907421681316654	0.20907421681316654	0
0.8505281257676247	1661348	0.6070756884200323	0.6143957736939262	0.42775228325408676	23988	0.18971377064576186	0.18971377064576186	0
0.8126995824121838	722358	0.4763501902440515	0.48702229949175746	0.40661218003141486	23148	0.2129617385291899	0.2129617385291899	0
0.8126995824121838	992726	0.5893838235828176	0.593987996821623	0.41970326871093894	23620	0.24105785053627682	0.24105785053627682	0
0.8208056988454925	1447438	0.5722534097753064	0.5830871827555935	0.4302538484057332	23852	0.21058601207032704	0.21058601207032704	0
0.8340702530090887	2769542	0.6053869819318888	0.6076641356873104	0.442710064183146	24964	0.15020274345778173	0.15020274345778173	0
0.8349299926308033	1468934	0.6335382096236634	0.6373613785075243	0.4291392966891405	24772	0.28669771233973007	0.28669771233973007	0
0.843036109064112	1063316	0.594158252249189	0.6042655661237982	0.40785943114653284	24534	0.23054030820257612	0.23054030820257612	0
0.793662490788504	2150846	0.46665456297348135	0.47188583729970773	0.44153128984778767	23840	0.21846705209066053	0.21846705209066053	0
0.850159665929747	1163108	0.5134942533734618	0.5255413477579535	0.39758256184124696	24922	0.22226941785105514	0.22226941785105514	0
0.8126995824121838	1973442	0.5951552653700553	0.6008516110083701	0.4354606735810636	24720	0.2322182719355742	0.2322182719355742	0
0.8413166298206829	2702342	0.6228052666636283	0.6266048104203127	0.44875694600248983	24710	0.1519571598322629	0.1519571598322629	0
0.8695652173913043	1311666	0.6396637277784832	0.6420038059153045	0.41689534295587505	25316	0.26634734950350725	0.26634734950350725	0
0.8576516826332596	1353162	0.593213024475998	0.5991106025018739	0.4066400508023032	24860	0.20211592420927105	0.20211592420927105	0
0.8151559813313682	1983974	0.6127335830688693	0.6183039276762102	0.43760868215180077	23770	0.19275501608533044	0.19275501608533044	0
0.8876197494473103	1461046	0.539067428206845	0.5434522036958093	0.4241275868462911	26318	0.1895226636696915	0.1895226636696915	0
0.827683615819209	1088548	0.4721157024452011	0.4791741804495256	0.406536052188269	24040	0.16380567921813116	0.16380567921813116	0
0.7270940800786048	1172924	0.49979492509213963	0.505804981096693	0.44576451889375557	22212	0.22284023953704035	0.22284023953704035	0
0.8590027020388111	1374848	0.5794872251544458	0.5853360571614472	0.4331774270224622	24856	0.21142630478933233	0.21142630478933233	0
0.8741095553917957	940194	0.41076819998759295	0.4265836310497446	0.41663261092082166	25530	0.1722159588368033	0.1722159588368033	0
0.8171211004667158	996672	0.5508244497728676	0.5592108968793262	0.41882494619984495	23358	0.2656116830791044	0.2656116830791044	0
0.8833210513387374	1479302	0.6192343163730456	0.6242549188227915	0.4244951922360751	25702	0.25136053630973326	0.25136053630973326	0
0.8823384917710636	1412760	0.5322297803552803	0.5416894498226704	0.3963730831530439	25412	0.18343598000758402	0.18343598000758402	0
0.8126995824121838	1875134	0.5880661137974507	0.5899130610531259	0.4408110983582152	24748	0.21657849605568988	0.21657849605568988	0
0.8581429624170965	1206956	0.5144110182363456	0.5215763692636782	0.4344785850242124	26186	0.22011658570903556	0.22011658570903556	0
0.7827315155981331	1667774	0.5185596466858325	0.5259594181038894	0.4401774795678171	23530	0.15535127174672145	0.15535127174672145	0
0.827683615819209	2074380	0.6117814362353219	0.6156384127260187	0.4504234675893555	24802	0.21803581060303787	0.21803581060303787	0
0.8545811839842791	2385252	0.6484593936312467	0.6550378037827127	0.4266159403527716	25412	0.1828210725696046	0.1828210725696046	0
0.8560550233357898	776514	0.477971018015201	0.4930975622533118	0.40489143169981046	23872	0.24773525829407625	0.24773525829407625	0
0.8560550233357898	1097248	0.519930815252434	0.5295360267311112	0.4253829029673147	25218	0.21021206061324646	0.21021206061324646	0
0.8201915991156964	2490638	0.5666288256686756	0.5718339104395656	0.4305100439017486	24566	0.16812903060337014	0.16812903060337014	0
0.7856791943011545	833256	0.5473921846846285	0.5553201888056908	0.42450787828121817	22672	0.1954630277445204	0.1954630277445204	0
0.8098747236551216	734876	0.4711503739043379	0.4790166765124049	0.40334072308170965	22828	0.22822949279334484	0.22822949279334484	0
0.8384917710636207	1416106	0.5765435683666275	0.5813859505460045	0.42106824366625517	24624	0.1989811982387232	0.1989811982387232	0
0.8351756325227218	1283414	0.5559546131786773	0.5619174494345608	0.4255174364419951	24440	0.2612188218356755	0.2612188218356755	0
0.7967329894374846	2287242	0.6297247064254224	0.6360451322560229	0.4155306676726138	23340	0.1520541994229886	0.1520541994229886	0
0.7585359862441661	1404782	0.5885288756948635	0.5976309722227834	0.43654592148764876	23010	0.27887364952565147	0.27887364952565147	0
0.8786538933922869	1759934	0.6360700186832337	0.6421430239922435	0.4331136454802011	26604	0.1994178251954383	0.1994178251954383	0
0.8215426185212479	783982	0.45361587001872367	0.4646419436940337	0.39976264135811634	23878	0.20549866180555917	0.20549866180555917	0
0.78322279538197	1314792	0.5848116152809765	0.5912528384543745	0.42332618133287053	21826	0.27991809561662	0.27991809561662	0
0.8126995824121838	1211934	0.6084321900279469	0.6130295987789646	0.42587451328544335	22508	0.335151873084982	0.335151873084982	0
0.8201915991156964	828870	0.5411472044560882	0.5504809721223853	0.4168024447994237	24126	0.31697173312891835	0.31697173312891835	0
0.8576516826332596	816026	0.47910381112687644	0.4945459800111979	0.4088246027349283	25172	0.2150432884530176	0.2150432884530176	0
0.8653893392286908	1833154	0.5400372029450938	0.5473002103178689	0.429493976241976	26384	0.1658296498628155	0.1658296498628155	0
0.8334561532792926	1199410	0.5439052812798856	0.5533991963247374	0.395531296182044	24144	0.17447464748548067	0.17447464748548067	0
0.8801277327437976	1597114	0.5589281150804489	0.5680233731939678	0.4158158237981277	25390	0.16548054475674165	0.16548054475674165	0
0.8871284696634734	3822436	0.633787629835601	0.6352485906994272	0.44906501338060884	26632	0.17710595231241077	0.17710595231241077	0
0.6928273151559814	1216054	0.5700765240350003	0.5724620087272514	0.42755075068753756	20590	0.29574221588862415	0.29574221588862415	0
0.8216654384672071	1477108	0.5751096412746048	0.5786114929893228	0.43465159678666004	25070	0.24311210166526873	0.24311210166526873	0
0.8248587570621468	2213612	0.6213534325261608	0.6242635200564459	0.42436905989128243	24170	0.2210753350897953	0.2210753350897953	0
0.8248587570621468	1407944	0.4773711527214252	0.48193084898245697	0.4411521432825322	24714	0.1774588860297264	0.1774588860297264	0
0.8461066077130925	1006296	0.4586882493062916	0.4656576468128503	0.4177564426855116	24040	0.210491925537864	0.210491925537864	0
0.9070253009088676	1509006	0.5346465329090936	0.5406274848217112	0.4178782486366821	26576	0.15303416347348905	0.15303416347348905	0
0.805207565708671	1914034	0.5689970938928643	0.5716926154465568	0.4602863527305314	25322	0.18391098396746888	0.18391098396746888	0
0.8216654384672071	1379128	0.5943375651201351	0.601766320650582	0.409401633422382	23598	0.20676965843805026	0.20676965843805026	0
0.8351756325227218	674768	0.5221946441858593	0.531778753743195	0.4104801890414597	23394	0.2406763667600602	0.2406763667600602	0
0.8683370179317121	1488722	0.5760760059972506	0.5853671454121953	0.4318146297250338	25936	0.16977222588332588	0.16977222588332588	0
0.8201915991156964	1586624	0.5435178759449134	0.5492670616098381	0.43171853477139055	24016	0.20610202292152716	0.20610202292152716	0
0.833701793171211	3881668	0.6428104651232477	0.6476862088559242	0.456611043102	25784	0.13583518721888735	0.13583518721888735	0
0.7902235323016458	870240	0.5005111604897842	0.5076635354164958	0.41284625129939384	23570	0.23408097753556648	0.23408097753556648	0
0.8198231392778187	932826	0.47845980871652943	0.4898582027647014	0.4203355731975706	23676	0.25430927578914037	0.25430927578914037	0
0.8576516826332596	1854536	0.602930446420273	0.6081854480591392	0.4401429374994556	26064	0.1786391716869541	0.1786391716869541	0
0.8801277327437976	998824	0.606611849744472	0.6120086020706154	0.401100942886649	24542	0.2769884220661821	0.2769884220661821	0
0.8997789240972733	1793220	0.6330017620851239	0.6373376475693812	0.443010599555885	27538	0.2497349463183627	0.2497349463183627	0
0.8816015720953083	1907896	0.6255827811118765	0.6313714927102315	0.41967860934976686	25586	0.20134482342330084	0.20134482342330084	0
0.8824613117170228	3098146	0.6693391784896514	0.6706981117440428	0.4603930532126626	26724	0.2110561452001621	0.2110561452001621	0
0.8709162367968558	1083552	0.5185816649325773	0.5299696988247825	0.4166241744798673	25758	0.24000311747642875	0.24000311747642875	0
0.7773274379759273	1957502	0.6578294166763673	0.662063169845906	0.42028365880311186	22064	0.2411848895181884	0.2411848895181884	0
0.8685826578236305	2757332	0.6458492233083847	0.6481592892854277	0.44622098992947806	26702	0.1667120467569252	0.1667120467569252	0
0.8576516826332596	1242504	0.5185415491744495	0.5267141656859332	0.42463728044816884	26156	0.19533361051083495	0.19533361051083495	0
0.827683615819209	1386864	0.6241721238752135	0.6297014244376103	0.42450368949510153	24318	0.21525755541532113	0.21525755541532113	0
0.8726357160402849	1442806	0.5162533970472317	0.5255177177461611	0.4221013318057238	25460	0.20871088600521223	0.20871088600521223	0
0.7902235323016458	1440492	0.6382870150228993	0.6443839033239099	0.4386649775524438	24348	0.31184812802239026	0.31184812802239026	0
0.8591255219847703	2571878	0.5826457740958185	0.5881467247989758	0.4415867196325742	25266	0.18377610169279004	0.18377610169279004	0
0.8920412675018423	1921138	0.5832139255504948	0.5894584296091371	0.43737486506111267	26206	0.19075873257380302	0.19075873257380302	0
0.7827315155981331	741466	0.5372561966444577	0.5482226785931731	0.4049696406737697	22248	0.23959833747548456	0.23959833747548456	0
0.8862687300417588	1996254	0.5832251267861115	0.589629847953807	0.44307690989599996	25708	0.22876249617681635	0.22876249617681635	0
0.7422009334315893	2336116	0.6065193169287185	0.6099578111554579	0.449221795477492	22810	0.2284894274613185	0.2284894274613185	0
0.8306312945222304	1938770	0.6407634111848756	0.6429533670363892	0.43847180856843004	24094	0.21785770574470528	0.21785770574470528	0
0.7527634487840825	1945726	0.673506295704679	0.676776062548455	0.444588058202462	22648	0.2763484147830663	0.2763484147830663	0
0.8508965856055023	1034574	0.5268815224898579	0.5344953502015726	0.396700943161206	23854	0.18417309935457818	0.18417309935457818	0
0.8723900761483665	2322846	0.6332176543130656	0.6373552451160943	0.43351972139263006	26800	0.22497365695798846	0.22497365695798846	0
0.787030213706706	1081464	0.5223395536787407	0.5330874523619444	0.41649363390473354	22300	0.18899545097809692	0.18899545097809692	0
0.7605011053795137	1033324	0.5630372342400669	0.5735110074035804	0.41218672042418386	22272	0.22721117147999495	0.22721117147999495	0
0.7991893883566691	976130	0.5921303208835306	0.596656441566989	0.43032007245588927	23864	0.3140742027006716	0.3140742027006716	0
0.8773028739867355	1772334	0.587246623222844	0.591993074848158	0.4215577081095902	26334	0.17478246649822635	0.17478246649822635	0
0.8416850896585606	1089524	0.4351498981209396	0.4467951658175559	0.40175013104995533	24170	0.1427036560628126	0.1427036560628126	0
0.8330876934414149	1708402	0.6313370169684711	0.6334116606368774	0.43796997812140254	24940	0.21234071801632293	0.21234071801632293	0
0.8876197494473103	2017272	0.4819992384320948	0.4910205127421543	0.41144816410578516	26388	0.13384457509564598	0.13384457509564598	0
0.8965856055023336	2869128	0.6668433176772547	0.6714797840987005	0.4283993628795426	26994	0.1580062326673494	0.1580062326673494	0
0.9100957995578483	2102720	0.5847126784371154	0.5903052130514039	0.42491726402549274	27636	0.20425730775822296	0.20425730775822296	0
0.8440186686317858	1704378	0.627572881335864	0.6323208853800758	0.42574767863312685	25420	0.21059895808817197	0.21059895808817197	0
0.8876197494473103	2944360	0.6588079899285112	0.6636384630257698	0.4290019708227173	26582	0.19445520892941912	0.19445520892941912	0
0.8462294276590518	1191822	0.5640393921390632	0.5714915824125677	0.3938550968024133	24858	0.18730822978012693	0.18730822978012693	0
0.8816015720953083	2019666	0.5878847571753268	0.590501919550189	0.4254813939396424	25836	0.19484424984793433	0.19484424984793433	0
0.8695652173913043	957216	0.4941200817019493	0.5075946520830207	0.4146147180512115	24676	0.21207139271682174	0.21207139271682174	0
0.8801277327437976	2298988	0.5722736270627352	0.5757500024727171	0.4370825877209663	25992	0.17483705059448465	0.17483705059448465	0
0.8951117661508229	1199470	0.53968578673874	0.5471399596856954	0.408582619888878	25774	0.21426821378582472	0.21426821378582472	0
0.8126995824121838	758562	0.48543374731089267	0.5011111589039435	0.4016383530062455	23648	0.24053900965009878	0.24053900965009878	0
0.7227953819700319	1222432	0.5784287744258477	0.5819461572335123	0.4395705120278269	21724	0.3044271186877671	0.3044271186877671	0
0.9130434782608696	1497102	0.5246210610544072	0.5335774229147433	0.4322978691916985	27190	0.1874988499110893	0.1874988499110893	0
0.7909604519774012	1180974	0.49980467300019504	0.5034693816914023	0.3961537692275156	23412	0.20512517119781085	0.20512517119781085	0
0.8757062146892656	2665344	0.5880070613171867	0.5924087406676383	0.43115280799394046	26066	0.15416013861163813	0.15416013861163813	0
0.7677474821911079	807232	0.48412727104641085	0.4974847748995946	0.4250650194901488	22452	0.2463122116134816	0.2463122116134816	0
0.8801277327437976	1666352	0.5564108157335602	0.5645295648318667	0.4289626851959171	26032	0.18172503779632598	0.18172503779632598	0
0.8876197494473103	707138	0.4599815244691546	0.4742235882284617	0.37397096913081324	24264	0.18441701733567764	0.18441701733567764	0
0.827683615819209	2000050	0.5487214261259169	0.5558580772429081	0.4396348006477142	24840	0.17376929062643184	0.17376929062643184	0
0.7482191107835913	1273514	0.5222829735026974	0.5267270702835725	0.4247888567911497	21898	0.18139127559798782	0.18139127559798782	0
0.8905674281503316	2179392	0.5621666680857245	0.5697038423500641	0.414263438394433	25656	0.15067374190362207	0.15067374190362207	0
0.8506509457135839	1172134	0.5161849600316016	0.5265842809154623	0.41343664688980786	24992	0.2049214777306144	0.2049214777306144	0
0.7153033652665193	970266	0.43485252209147945	0.4433032978766151	0.42294770369201573	20358	0.16867483619414989	0.16867483619414989	0
0.9325718496683861	1158860	0.47411838759938757	0.49036510043323017	0.38017031724865125	26460	0.13383519491841986	0.13383519491841986	0
0.805207565708671	1035980	0.48965759804639825	0.49677678865643665	0.42032032877165815	22980	0.18719038450100586	0.18719038450100586	0
0.8391058707934169	893406	0.48874095246203736	0.49903705240571444	0.418046957433917	25160	0.25056613409901607	0.25056613409901607	0
0.8294030950626382	2438590	0.6077186412063948	0.6108421134078849	0.43277896994011855	24402	0.18289656006184138	0.18289656006184138	0
0.8365266519282731	1104020	0.5204661847092946	0.5309855319686502	0.41770264225063697	24122	0.2321900144881528	0.2321900144881528	0
0.8126995824121838	2453300	0.5972224005596075	0.6003112869465507	0.45906163889103296	24958	0.21386934439183156	0.21386934439183156	0
0.8126995824121838	2398554	0.6781134991359087	0.6809535161329516	0.44574011056516577	23724	0.2685082325334634	0.2685082325334634	0
0.8131908621960207	2180852	0.5610285632079205	0.5668629517892858	0.4381099408155938	23784	0.19700391522593685	0.19700391522593685	0
0.850159665929747	2094462	0.5917366021628849	0.5947826114793806	0.4519540045978006	26408	0.2351000041471926	0.2351000041471926	0
0.9142716777204618	1024588	0.5052334830064698	0.5161687956715753	0.39385313899202895	26260	0.17269551814117023	0.17269551814117023	0
0.8171211004667158	1660768	0.624045853715792	0.6288850349308562	0.43826090653418676	24718	0.20822447823299062	0.20822447823299062	0
0.7334807172684844	1075520	0.49333994520347657	0.49788866835025697	0.4362018996795945	21802	0.2275141909033037	0.2275141909033037	0
0.8545811839842791	1061362	0.4547732325868215	0.46172975170748387	0.4180204410155229	24568	0.1789049632552251	0.1789049632552251	0
0.9145173176123802	889840	0.46338803283065366	0.47925403513869025	0.4091601036189856	26850	0.20222497819770213	0.20222497819770213	0
0.8828297715549005	1574794	0.549132142705627	0.5595728486254843	0.42798531392311717	26380	0.18899995770320854	0.18899995770320854	0
0.8808646524195529	774594	0.38199252521878696	0.4001556129397828	0.39884903926736653	25060	0.15460754755564146	0.15460754755564146	0
0.7853107344632768	737908	0.4778345886107489	0.4870363911243907	0.399694468818869	22686	0.21702713353289005	0.21702713353289005	0
0.8165070007369197	997394	0.5525154085374049	0.5630189881818765	0.422276592913072	22780	0.2603148205201313	0.2603148205201313	0
0.9164824367477278	1430650	0.5407333718811549	0.5485676703450066	0.42181373170285896	26862	0.20102390409796603	0.20102390409796603	0
0.8516335052812577	1465286	0.6015589235388745	0.6082567103953253	0.4309050252922561	25500	0.27838903444609564	0.27838903444609564	0
0.8890935887988209	2821854	0.5977272358969841	0.6026074868400976	0.43200978343134633	26746	0.16480635066891053	0.16480635066891053	0
0.9557848194546794	1390430	0.49513421566596144	0.5069661524676162	0.40732347881431247	26668	0.14034895950860696	0.14034895950860696	0
0.8878653893392287	1471232	0.5252434656689621	0.535838615844643	0.4239372155112515	25640	0.2012810439707913	0.2012810439707913	0
0.8739867354458364	1167232	0.5527816102973646	0.5587476599070419	0.41404933023276075	25948	0.22511056197812698	0.22511056197812698	0
0.8878653893392287	1893238	0.5154439090305194	0.52265955474329	0.42312552821947375	27070	0.1419351992488839	0.1419351992488839	0
0.8951117661508229	1452872	0.5661404632070136	0.5729009222786458	0.4173220999448899	26336	0.20447060479883883	0.20447060479883883	0
0.805207565708671	1005418	0.584107326959371	0.5896694438759764	0.4178836273509625	22578	0.2530931602028145	0.2530931602028145	0
0.8951117661508229	2516086	0.6174549818954397	0.626167757106897	0.4324049666593546	26488	0.23560378455018907	0.23560378455018907	0
0.8742323753377549	879538	0.555117135003778	0.5658007591751465	0.40189373219578856	25558	0.23103726256135715	0.23103726256135715	0
0.8726357160402849	2440196	0.6104716961656244	0.6155334422058868	0.43194825092661926	26668	0.18561751319214537	0.18561751319214537	0
0.8876197494473103	1533932	0.5971247297950023	0.6008654137915436	0.4139356287761618	26614	0.22675034561290444	0.22675034561290444	0
0.826578236305576	1738628	0.5942648368419806	0.5978951160102214	0.44649245290036926	25364	0.21895775812973706	0.21895775812973706	0
0.7331122574306067	712640	0.46758637998626207	0.47777702334384536	0.4187725950849491	21252	0.2103181305228655	0.2103181305228655	0
0.8516335052812577	1353672	0.5860371627845372	0.5937641341305092	0.4114397960598977	23890	0.18748118602987562	0.18748118602987562	0
0.9021125030704986	2787898	0.639052681675696	0.6434791661183107	0.4259909299284627	27020	0.16646210368527137	0.16646210368527137	0
0.834193072955048	1965544	0.5534159308443044	0.558301642812748	0.447061834633015	24928	0.17849626898604398	0.17849626898604398	0
0.8952345860967821	1709682	0.5287913320955497	0.5338369638945069	0.4233837126127473	26250	0.18688188037258793	0.18688188037258793	0
0.7714320805698845	2085126	0.572314657273824	0.578579051987875	0.4214996307064909	22842	0.17054402360106888	0.17054402360106888	0
0.8009088676000983	1059518	0.6130576681229344	0.6178272645186591	0.41619186870614505	23612	0.26657022847635825	0.26657022847635825	0
0.7617293048391058	1096516	0.6135908823348005	0.6168187257575793	0.42720167754483374	22144	0.28501773281684867	0.28501773281684867	0
0.7677474821911079	1115640	0.47210685623551374	0.4823754966595483	0.43818203641547265	23576	0.20748353710170933	0.20748353710170933	0
0.8634242200933432	2420792	0.6060134716131281	0.6104860768119732	0.4307067527813433	25504	0.17673748645635692	0.17673748645635692	0
0.68828297715549	820942	0.5707419742850878	0.5801182207106711	0.4229827071666321	18948	0.3186470052555224	0.3186470052555224	0
0.827683615819209	904846	0.4302113077949414	0.44165070884034124	0.4222681547507304	24206	0.20804125812584914	0.20804125812584914	0
0.8126995824121838	1471458	0.587426641244878	0.5923483695843109	0.4294952507159913	24476	0.19551158806154614	0.19551158806154614	0
0.915991156963891	2485740	0.6156916383905026	0.6231869489166114	0.43169814494965236	27102	0.20594150842171063	0.20594150842171063	0
0.8204372390076149	2999842	0.6051921264378419	0.6114323431867424	0.43491673118247914	24544	0.1268607872552792	0.1268607872552792	0
0.8477032670105625	2467170	0.6090706135120054	0.6111332290038466	0.44427225094937656	25500	0.19159099594284867	0.19159099594284867	0
0.8845492507983297	2101836	0.5680562671876724	0.5742247800856927	0.43839428631952043	26972	0.1589930832429213	0.1589930832429213	0
0.8995332842053549	1682570	0.6001495185155756	0.6073451489385141	0.434224946264562	26490	0.20212044980878197	0.20212044980878197	0
0.8204372390076149	793486	0.4566598852207196	0.4681031642893954	0.4014848179173455	23330	0.18145283039114268	0.18145283039114268	0
0.8951117661508229	2364526	0.6177249489757365	0.6231525983955172	0.4372068028251916	26888	0.18720758533016987	0.18720758533016987	0
0.8602309014984033	1413990	0.6006434809158387	0.6069706732183934	0.4225597514228973	24736	0.20409523902061488	0.20409523902061488	0
0.8635470400393024	992740	0.5445655797938843	0.5524450773658053	0.39324956039834547	24158	0.2208306580761238	0.2208306580761238	0
0.9070253009088676	1582000	0.5686750473344835	0.578100246073335	0.41420970800176865	26514	0.2099721117848886	0.2099721117848886	0
0.850159665929747	988196	0.5077894210972204	0.519802262941986	0.39627812284479796	23622	0.19108106877888845	0.19108106877888845	0
0.9340456890198968	1626812	0.5470154849535617	0.5522957571751437	0.4253749426209072	28028	0.22373202861007704	0.22373202861007704	0
0.7616064848931466	1069348	0.562441833355609	0.5729479357222792	0.4207561927340327	21440	0.21874378846076434	0.21874378846076434	0
0.8201915991156964	1571498	0.5872362691483589	0.5931332410953344	0.43568869839841823	24452	0.24116310081208628	0.24116310081208628	0
0.8726357160402849	842738	0.5548780056553749	0.5609912722252205	0.4039926772612581	25170	0.2638596209161035	0.2638596209161035	0
0.9026037828543355	1395270	0.6114376312444813	0.6172893531557568	0.4159403912744149	26384	0.21591429924577424	0.21591429924577424	0
0.8533529845246868	2487174	0.6184226450549414	0.6202530805155336	0.4202087578057016	24674	0.16574268105875062	0.16574268105875062	0
0.9026037828543355	985658	0.5316385706047798	0.5431776826694376	0.4034131973023209	25744	0.23954298113443728	0.23954298113443728	0
0.7654139032178826	1629480	0.6159700364464317	0.620819193389608	0.4298302657434024	22918	0.19853860595176534	0.19853860595176534	0
0.8726357160402849	2756468	0.6000210192587373	0.6045767502625455	0.44236921559557246	25834	0.23044614525876025	0.23044614525876025	0
0.8021370670596905	1371034	0.5856174093853098	0.5906753980979759	0.43760766568528675	23710	0.21365257055394984	0.21365257055394984	0
0.8726357160402849	1030424	0.5595008076889961	0.5675718481176787	0.39898593801772364	24910	0.2536360519360074	0.2536360519360074	0
0.7682387619749447	1484174	0.5815231156151065	0.587214835830515	0.43328878305423385	23130	0.2044650748873298	0.2044650748873298	0
0.8500368459837877	1363586	0.5286017670103828	0.5345567924376295	0.43789273968600445	25248	0.24399388776326045	0.24399388776326045	0
0.8351756325227218	679852	0.5020975557467959	0.5118165022107112	0.39745691182830695	23624	0.2761899795556688	0.2761899795556688	0
0.7945222304102186	1315498	0.5977413438783555	0.6027556944679108	0.4264316662661267	23606	0.2639945977433978	0.2639945977433978	0
0.787030213706706	2166978	0.6437843386395343	0.648163291223828	0.43607728723358713	23522	0.24108451280145807	0.24108451280145807	0
0.9145173176123802	1440052	0.551013011987259	0.5569528816259298	0.41542739099193104	27388	0.20501675840378344	0.20501675840378344	0
0.9175878162613609	908890	0.5214570309183205	0.5332898632971892	0.4009108729082	26654	0.23807993928520724	0.23807993928520724	0
0.8755833947433063	3716940	0.6719537049060905	0.6743151042207871	0.44218628614353034	26446	0.14763210087296483	0.14763210087296483	0
0.7608695652173914	1270104	0.5662650497306957	0.5749783616986113	0.4116518747901174	21162	0.21426332575088514	0.21426332575088514	0
0.8750921149594694	2072148	0.6185968108217392	0.6218325452476258	0.44558313722724247	26346	0.18059780293877245	0.18059780293877245	0
0.8495455661999509	2862516	0.6484091679264761	0.6523879488272583	0.4496137102542126	25790	0.1860836226052828	0.1860836226052828	0
0.7990665684107099	1173094	0.5184472932590314	0.52557077341123	0.42318628215211124	23326	0.268631532690652	0.268631532690652	0
0.8576516826332596	1509842	0.48668314823724895	0.4958125464246979	0.43476165676089096	25748	0.1869955843909988	0.1869955843909988	0
0.850159665929747	1008456	0.5926346963236907	0.6007597932223783	0.4136748172921653	24498	0.25868685229842153	0.25868685229842153	0
0.7977155490051584	791524	0.49640603893698004	0.5095428251936749	0.41677674756903715	22760	0.27628569343754555	0.27628569343754555	0
0.9040776222058462	1438120	0.5056439744832489	0.5158468114549698	0.43543653639285457	27108	0.22518867392852449	0.22518867392852449	0
0.8816015720953083	2100058	0.5875938547469279	0.596363313681382	0.4263491899363642	25698	0.21407614353365226	0.21407614353365226	0
0.8126995824121838	745322	0.5017118805461366	0.5132980686403367	0.40507176052057536	23130	0.24190389867698736	0.24190389867698736	0
0.8111029231147138	2772250	0.6780291958640065	0.680851063565009	0.4532271543543764	24932	0.20248524473123622	0.20248524473123622	0
0.9100957995578483	1951698	0.558865004645235	0.5653866156186506	0.4349251178162854	26398	0.16882520324750916	0.16882520324750916	0
0.7248833210513388	2498758	0.6125863441307864	0.6149990496084565	0.4571609289289568	22580	0.21461726002157208	0.21461726002157208	0
0.8651436993367723	1314286	0.5338453748216955	0.541773527382512	0.4173238447170544	25208	0.2502597656037798	0.2502597656037798	0
0.8393515106853353	1092858	0.5746289781876972	0.5817689632360957	0.417161259718914	25002	0.27072074441837396	0.27072074441837396	0
0.805207565708671	1405428	0.5258780089767039	0.5298877811517849	0.4247330177159139	23984	0.2109224534059194	0.2109224534059194	0
0.8126995824121838	1364550	0.6254574056497282	0.6345877141909996	0.4265035822018106	23688	0.22253683837476523	0.22253683837476523	0
0.8295259150085974	1150480	0.5136952393210105	0.522136339335652	0.41968729735187155	24456	0.19593257134854966	0.19593257134854966	0
0.844141488577745	1343496	0.4603631755995097	0.46934209656433845	0.4239884406243621	24924	0.1877239497180105	0.1877239497180105	0
0.7827315155981331	1212280	0.5989443831957383	0.6050257965171758	0.4158124600347219	22152	0.26605120294292184	0.26605120294292184	0
0.7494473102431836	963798	0.5434750278702577	0.5503175499188876	0.42599212562489136	21332	0.2583698987211604	0.2583698987211604	0
0.8726357160402849	1560930	0.5920806225078727	0.6007642494110328	0.411713772344338	25200	0.22039084720744703	0.22039084720744703	0
0.8201915991156964	1163544	0.47448486943709023	0.4845196606919231	0.42017714158824576	24058	0.18943079930614382	0.18943079930614382	0
0.8429132891181528	974970	0.5961184880228544	0.6027288728961872	0.4180882839666829	24092	0.3116675742161416	0.3116675742161416	0
0.8201915991156964	1453150	0.5551305479535871	0.5586951419687272	0.4282483791623752	24396	0.21089243705656313	0.21089243705656313	0
0.8354212724146401	1018266	0.5972715448813974	0.6053260088711475	0.41662997417302455	23834	0.27462945980745324	0.27462945980745324	0
0.8558093834438713	1742098	0.5891380927602229	0.592165095669811	0.44908099759649106	25926	0.24320712651366858	0.24320712651366858	0
0.8964627855563744	2514070	0.5866555487996125	0.5905298947724146	0.4406724887923545	26878	0.1695217082691833	0.1695217082691833	0
0.8730041758781626	3865568	0.672010173987594	0.673048128409696	0.45430419180551546	25962	0.166990052111487	0.166990052111487	0
0.7780643576516826	1058070	0.5812759132111326	0.591444909589942	0.4213120938271062	22682	0.25890152216871376	0.25890152216871376	0
0.7571849668386146	914472	0.561599120373775	0.569331898397205	0.4071982895892347	21074	0.24465142078887592	0.24465142078887592	0
0.8914271677720462	2133306	0.5293047304324249	0.5361662001233448	0.4246793692430042	26256	0.1808442655039256	0.1808442655039256	0
0.8049619258167526	660248	0.4378046376442084	0.4486037987874599	0.37775224156788045	22620	0.17829549989568552	0.17829549989568552	0
0.899042004421518	2664084	0.6152960337972675	0.617150998169404	0.4253425749132224	25562	0.1657740587671084	0.1657740587671084	0
0.9190616556128716	2452162	0.5766711443912214	0.5839306874231025	0.4159150335589487	27164	0.19882082788920838	0.19882082788920838	0
0.8726357160402849	710560	0.44817176398363867	0.46373329524428103	0.392893974339914	25256	0.18823637968348475	0.18823637968348475	0
0.7422009334315893	1607682	0.5900735992128437	0.5941951820030781	0.43887581121076585	22068	0.22686037166511794	0.22686037166511794	0
0.7650454433800049	1096826	0.4810328723666601	0.49397472715436025	0.4234092360052419	22778	0.1784194603283676	0.1784194603283676	0
0.8811102923114714	2712842	0.5910578347731289	0.5940166405297093	0.42176277445049193	26628	0.19258654668040856	0.19258654668040856	0
0.8506509457135839	1084334	0.5531544148965031	0.565699072937968	0.40350591817243076	24388	0.2043963325363027	0.2043963325363027	0
0.8126995824121838	1268284	0.5541639231850755	0.5604331497263731	0.4305985574784052	24716	0.23633272692144122	0.23633272692144122	0
0.8395971505772537	2137056	0.6038070895171866	0.605851479442446	0.4335127315431564	23904	0.17907826849666406	0.17907826849666406	0
0.8205600589535741	2017276	0.5655485595882412	0.5729956245953629	0.42580774483485495	24124	0.19448036301412122	0.19448036301412122	0
0.8386145910095799	1698180	0.5639972938869188	0.5689687652044441	0.41892398733795844	25104	0.17401493704589796	0.17401493704589796	0
0.8278064357651682	2360020	0.6017745119997803	0.6029208006370222	0.43640958811628217	23956	0.1958075364868556	0.1958075364868556	0
0.827683615819209	616792	0.5600548844555847	0.5687945854300267	0.39066708021126256	23352	0.3150739813795352	0.3150739813795352	0
0.8426676492262344	2513478	0.5665849405661508	0.5755515267767539	0.4283146674579848	24880	0.18362429727923354	0.18362429727923354	0
0.7767133382461312	651850	0.5176410095619562	0.5296364060506206	0.40035282208175865	22038	0.24058645658290867	0.24058645658290867	0
0.7977155490051584	799276	0.4867850718887246	0.4920221968682786	0.42372164217037317	23638	0.2531302103060805	0.2531302103060805	0
0.7406042741341194	1185604	0.6002170522213072	0.6059985232746775	0.42093132142113693	21580	0.2241492498420121	0.2241492498420121	0
0.8416850896585606	1667770	0.5910962351844665	0.5991262475567138	0.40235524481086354	23782	0.20372755135895695	0.20372755135895695	0
0.805207565708671	1336246	0.5130546041894374	0.5204751152817048	0.43331843077974835	23062	0.22875760849547125	0.22875760849547125	0
0.8504053058216654	1195834	0.562665195044249	0.5741866995038929	0.4158181433843364	24708	0.26292420176184805	0.26292420176184805	0
0.7983296487349545	1472990	0.610333606814882	0.6185052473944664	0.42074402317974563	24028	0.23901008482912378	0.23901008482912378	0
0.8591255219847703	1252776	0.5676291144347342	0.575426569249239	0.40414424167829094	24990	0.17233527416289676	0.17233527416289676	0
0.8230164578727586	1078986	0.5765874549456369	0.5803879187633364	0.4282288957409972	24164	0.26679934224031765	0.26679934224031765	0
0.9153770572340948	1471492	0.5605161509789233	0.5681989580579738	0.4298777989984752	26884	0.1880479353360964	0.1880479353360964	0
0.78322279538197	1494402	0.6038359716749332	0.6101557816603995	0.43717726948879393	23894	0.20767217381160616	0.20767217381160616	0
0.7452714320805699	2062886	0.6488107603457088	0.6542546139446993	0.43610999627141916	21814	0.2560968510427116	0.2560968510427116	0
0.8739867354458364	2465306	0.625812197436782	0.6330008952945995	0.42457672472786295	26580	0.19610313989702796	0.19610313989702796	0
0.883075411446819	1343356	0.5534672143288962	0.5632068441162225	0.4196162904626021	25250	0.23454784168205386	0.23454784168205386	0
0.8812331122574306	1109304	0.5365616267702806	0.5436515672359025	0.41100794315579026	25966	0.19987264426477244	0.19987264426477244	0
0.8011545074920167	1411410	0.47981485003299307	0.4882169814433719	0.43592015452300975	23868	0.23126284784575835	0.23126284784575835	0
0.7885040530582167	1334912	0.6099783129997438	0.6136962628875321	0.4317641674786279	23798	0.21944967316179553	0.21944967316179553	0
0.9026037828543355	1075116	0.5849755142461106	0.5932450012746174	0.3949964729354847	26398	0.2911778104661279	0.2911778104661279	0
0.7902235323016458	698110	0.4114006162594963	0.41976047619072604	0.40737084980087707	21652	0.19907712512708062	0.19907712512708062	0
0.7977155490051584	1302108	0.54700500174753	0.5533545931454616	0.42749746672456385	23438	0.24438255940283535	0.24438255940283535	0
0.8726357160402849	1074884	0.4936273830170606	0.5034632350922392	0.40774844173014985	25506	0.175934057428384	0.175934057428384	0
0.8653893392286908	1077390	0.5378245876824193	0.5443566630043587	0.4235044112037281	25390	0.21028104602708222	0.21028104602708222	0
0.8335789732252518	1335794	0.5881209008032335	0.5939118423044775	0.43286230484815835	24762	0.23887124890326347	0.23887124890326347	0
0.9070253009088676	2038274	0.6030256978123337	0.6071830575096943	0.42495379314850795	27108	0.170156112201076	0.170156112201076	0
0.8426676492262344	1389890	0.5796520837454053	0.5852626637433447	0.43298251916583336	24842	0.23294428366064282	0.23294428366064282	0
0.7720461802996806	1834040	0.665667067273629	0.6672249077645945	0.42650464586439774	22976	0.2043079142481424	0.2043079142481424	0
0.8876197494473103	1308660	0.5038799023183161	0.514975936572467	0.4379965431132819	26208	0.19966434050358894	0.19966434050358894	0
0.9100957995578483	814882	0.5335746114391887	0.5471495400285266	0.38328941956529	26544	0.2272622252868938	0.2272622252868938	0
0.8357897322525178	1435930	0.5620779493987255	0.5680282667815636	0.4260021117264822	24392	0.27452412510422036	0.27452412510422036	0
0.8504053058216654	1779608	0.5254163066829528	0.5332328683388274	0.4332893791766746	24864	0.1446780448909971	0.1446780448909971	0
0.8979366249078851	3191174	0.6304760187435792	0.6340934355306568	0.4489473217797318	27824	0.17682900474185867	0.17682900474185867	0
0.7740112994350282	1578792	0.631137837661042	0.6361642062747819	0.42964485736032754	23484	0.2156833936364699	0.2156833936364699	0
0.8150331613854089	3434836	0.6511316325800035	0.6532737369927583	0.4439508640293445	25348	0.15787664348226285	0.15787664348226285	0
0.8470891672807663	1403474	0.5126659401348956	0.5180596999074598	0.4309957491358247	24572	0.2148352025132069	0.2148352025132069	0
0.8456153279292558	2973714	0.6612343818040108	0.6639971257303886	0.4375252165886773	25122	0.1531010661070445	0.1531010661070445	0
0.8426676492262344	788032	0.6267142880873878	0.6304152587932058	0.4016465387691162	24106	0.3261503309785959	0.3261503309785959	0
0.7101449275362319	660372	0.48335136868781287	0.49303735315690694	0.41510729552295006	21078	0.2932046210330029	0.2932046210330029	0
0.8769344141488578	1902866	0.5999370701419938	0.6051158838954687	0.44817946282873894	25802	0.19602618917703543	0.19602618917703543	0
0.8695652173913043	1003708	0.5278781916266755	0.5368898709298288	0.4297157065530366	26486	0.23633934321302838	0.23633934321302838	0
0.7752394988946205	978540	0.5476458847090374	0.5556181628246044	0.4220482682000381	22514	0.23256033209943494	0.23256033209943494	0
0.8876197494473103	1220222	0.5364668920079722	0.5433990838441886	0.4314307282392538	26130	0.22186169867573644	0.22186169867573644	0
0.8728813559322034	1101036	0.5029154797511297	0.5172198596919719	0.4192444621435562	25670	0.21023046446488228	0.21023046446488228	0
0.7829771554900515	1195140	0.543601055903555	0.5484339363311196	0.42805485044695807	23878	0.27821016945175625	0.27821016945175625	0
0.9114468189633996	2331320	0.5265283096433561	0.5329047898764948	0.43589443943753686	27554	0.1795169907117686	0.1795169907117686	0
0.7902235323016458	1297904	0.5767492254079313	0.5826903215731253	0.4261146925871906	23192	0.2380029030004799	0.2380029030004799	0
0.7581675264062884	1193450	0.5582544283407218	0.5630807640954664	0.4249429435319371	23006	0.2348504341188753	0.2348504341188753	0
0.8108572832227954	2515268	0.5735951615326284	0.5784670352605807	0.4479792610175622	24268	0.163988093847193	0.163988093847193	0
0.7280766396462786	674026	0.5602170011114632	0.5657352682877714	0.4102881237690059	21440	0.28149150523457184	0.28149150523457184	0
0.9026037828543355	1429216	0.5781029839378967	0.5890030643544223	0.41832543090735436	25780	0.22752201608069825	0.22752201608069825	0
0.8201915991156964	1226254	0.5241988444325282	0.5311030985392354	0.43895321322116465	24930	0.20977744385720207	0.20977744385720207	0
0.805207565708671	1680280	0.61680964046432	0.6235265980356384	0.43454078028245097	23556	0.2292885123625358	0.2292885123625358	0
0.8411938098747236	2592912	0.6522190131081663	0.6572833163327604	0.43949181270003096	25156	0.17770140993353187	0.17770140993353187	0
0.9325718496683861	1198688	0.5918456985246774	0.598943839930658	0.42224841600630275	27042	0.283136937550427	0.283136937550427	0
0.8392286907393761	1907744	0.6193871263149119	0.6213640089426687	0.4488689943322457	25628	0.200502644557625	0.200502644557625	0
0.8965856055023336	1127522	0.5516926675727792	0.5629999569298416	0.4090157324109939	26574	0.20226246302552794	0.20226246302552794	0
0.827683615819209	1114826	0.5194002616232808	0.5260679060753841	0.4129867613895171	24264	0.19116176796077267	0.19116176796077267	0
0.8321051338737411	1053214	0.47792027583099156	0.48367270547603436	0.420071236811088	24298	0.19131318549801113	0.19131318549801113	0
0.9401866863178581	1528626	0.5898088732938321	0.5966356220986908	0.4123274671554078	27862	0.19148411035413673	0.19148411035413673	0
0.7835912552198477	1247964	0.552045003428764	0.558967471802963	0.4126736689068157	22688	0.1684390625867681	0.1684390625867681	0
0.8726357160402849	2535522	0.5989759966936674	0.6040183850770262	0.4450958396603643	25978	0.17382450700956656	0.17382450700956656	0
0.7977155490051584	845302	0.47880293421067593	0.4883622743034534	0.41183871221843504	23038	0.21442481605485417	0.21442481605485417	0
0.9250798329648735	1460866	0.533830172858336	0.540402666885502	0.4277750603578121	27470	0.17689355070140747	0.17689355070140747	0
0.8651436993367723	1689050	0.5582708331574516	0.5642165555796227	0.4312790132230397	25160	0.1605172979269422	0.1605172979269422	0
0.8631785802014247	2050376	0.5107754800290568	0.5157540852675288	0.4438729154570986	26104	0.15966749865640686	0.15966749865640686	0
0.8391058707934169	2025518	0.5556182880427138	0.56442951519161	0.42615149173449046	24062	0.18186751012253047	0.18186751012253047	0
0.7153033652665193	903030	0.6159874729524539	0.6201714388024738	0.42786454697871307	20402	0.3122629516139213	0.3122629516139213	0
0.840825350036846	836718	0.4499730319661432	0.46609449935383845	0.3782806630588352	24672	0.13376369119996498	0.13376369119996498	0
0.880373372635716	783838	0.5197108820210953	0.5314256808569867	0.3928611169326393	25350	0.21697295673646141	0.21697295673646141	0
0.9100957995578483	1203020	0.5628943562093249	0.5708301176333415	0.41667728279702776	26078	0.2683732227834154	0.2683732227834154	0
0.8801277327437976	1425836	0.5884306333413271	0.5936912900375062	0.4120447586486684	24116	0.21176728292695243	0.21176728292695243	0
0.7166543846720708	1309914	0.5506290691199375	0.5536777147061254	0.44279374311477016	21828	0.25105513792360606	0.25105513792360606	0
0.8951117661508229	1228570	0.525571908806586	0.5323091585413803	0.4181719527697572	26918	0.21677146722237375	0.21677146722237375	0
0.7140751658069271	960894	0.6694472776868747	0.6725558162846678	0.41804021978965267	19718	0.3533244352535036	0.3533244352535036	0
0.8126995824121838	1200738	0.5938515408808344	0.6013662195521375	0.41353043980186094	23170	0.2843980634621785	0.2843980634621785	0
0.8651436993367723	1645002	0.6034539617345518	0.6080397716906025	0.4230693987933552	25310	0.15437821231275078	0.15437821231275078	0
0.860599361336281	959462	0.5694124994527839	0.5786489914395012	0.3896271127610067	24406	0.24109389437757853	0.24109389437757853	0
0.8801277327437976	1793760	0.6156686532893075	0.6224598098935002	0.4359143333052285	25616	0.25353471342320505	0.25353471342320505	0
0.8426676492262344	1106012	0.551972190831817	0.562365320300788	0.40162368022941614	24024	0.23858520855363033	0.23858520855363033	0
0.8366494718742323	3377996	0.633316292533624	0.6350739674740887	0.46795063444609974	25974	0.18638425519246227	0.18638425519246227	0
0.8518791451731761	1446738	0.584394619340018	0.5916920724989531	0.4289776708422231	25132	0.23821377963654086	0.23821377963654086	0
0.8351756325227218	1392362	0.4688510971932922	0.4771271146119694	0.4186479727365037	24656	0.1635392025908048	0.1635392025908048	0
0.9220093343158929	1038528	0.4654965896590218	0.4802170572212942	0.41154925680698135	26734	0.19006454895029976	0.19006454895029976	0
0.8819700319331859	1240008	0.6209085250398249	0.6290322013843711	0.4221994046440884	26336	0.23842507624275408	0.23842507624275408	0
0.7382706951608942	958274	0.6337527199463385	0.6384096537648706	0.4235954523492072	21600	0.32424712844574727	0.32424712844574727	0
0.8470891672807663	1792450	0.5482785322856106	0.5549967334948024	0.4469538821362622	25678	0.1532668506995015	0.1532668506995015	0
0.8243674772783101	1336212	0.5472760349744535	0.5533766063227857	0.4133904450416601	23640	0.20848265704582103	0.20848265704582103	0
0.7752394988946205	1206778	0.516314444671565	0.5244466922196277	0.42510279690588043	22698	0.18289063910862455	0.18289063910862455	0
0.9250798329648735	1192238	0.5596802355723887	0.5682727512647766	0.4155525505685606	27192	0.24563528231049617	0.24563528231049617	0
0.9178334561532793	1081888	0.4966897465342186	0.5083156843786297	0.41254253638230204	26784	0.2026146385643723	0.2026146385643723	0
0.9388356669123066	1127254	0.5556667815073347	0.5676792913105697	0.41639192831444016	26630	0.255672555877785	0.255672555877785	0
0.781503316138541	1255904	0.5514608906035997	0.5585065530495198	0.41981180488394787	23178	0.2276341062646381	0.2276341062646381	0
0.910587079341685	1048412	0.44771349691586354	0.45704488004284766	0.4229081595952136	27458	0.20930834180940341	0.20930834180940341	0
0.8576516826332596	1122238	0.5199799212462549	0.5284419231627923	0.42744675714581953	25264	0.2096852386401115	0.2096852386401115	0
0.7905919921395235	823588	0.4388540443352023	0.4510394272864844	0.3999315649956717	23062	0.14577354526802683	0.14577354526802683	0
0.8801277327437976	3030720	0.6174616136738944	0.6234863858802373	0.4257893542356365	26360	0.14653852775148182	0.14653852775148182	0
0.8321051338737411	1128514	0.5364708637067545	0.5464785834669598	0.4196133355939007	24876	0.2046039464866225	0.2046039464866225	0
0.8876197494473103	2536700	0.6074964502808831	0.6131612715824433	0.4265223541417114	27022	0.17773785098545333	0.17773785098545333	0
0.7983296487349545	928112	0.5839228562672701	0.5929628271871973	0.40431602184632404	21586	0.25816097220213735	0.25816097220213735	0
0.8651436993367723	1706188	0.5145382245520022	0.5183096836674334	0.44032341924995927	26232	0.1801728432550688	0.1801728432550688	0
0.8365266519282731	736060	0.5283257029508235	0.5347018007115024	0.38816161388110354	24090	0.19103196019932508	0.19103196019932508	0
0.8204372390076149	1412508	0.555532879406332	0.5594408346477192	0.4347276180816159	24422	0.24539365519573234	0.24539365519573234	0
0.8200687791697372	1504984	0.6450109662588371	0.6494808349129516	0.43873340515700865	24972	0.28632853219940135	0.28632853219940135	0
0.8200687791697372	1337236	0.5743533469434859	0.5790501830073478	0.4213080708075858	24988	0.1829496183385149	0.1829496183385149	0
0.8979366249078851	1466170	0.6062374836884191	0.6109632673838755	0.4168499853768403	26916	0.19934054574681015	0.19934054574681015	0
0.8968312453942521	1415648	0.6026227115228001	0.6074387176028048	0.42753669135577527	27016	0.21563009609165376	0.21563009609165376	0
0.8351756325227218	3025716	0.5631171565391351	0.5665526177568777	0.4319973317755874	24796	0.13352953874136628	0.13352953874136628	0
0.8126995824121838	1641098	0.591307311933814	0.596093930834742	0.4303316679212745	24432	0.2511025027666301	0.2511025027666301	0
0.8426676492262344	760076	0.5421909142627788	0.5542283280217886	0.39376323719429934	24258	0.2862559710832362	0.2862559710832362	0
0.844632768361582	1353150	0.5846617764351901	0.5886987135457666	0.4297436127736162	24580	0.2589272777429075	0.2589272777429075	0
0.9083763203144191	1491470	0.5335926080671977	0.5402155671749961	0.4328968208248498	25740	0.22170192567726285	0.22170192567726285	0
0.8395971505772537	1428810	0.6218360088226315	0.627826113074619	0.4318853595807312	25304	0.21050265039688618	0.21050265039688618	0
0.8201915991156964	1653116	0.6120112543025596	0.6145220116271383	0.442276466225779	24348	0.26058269805776096	0.26058269805776096	0
0.805207565708671	694962	0.5787272946496786	0.5923884243378006	0.4121995939374344	23406	0.3122098418530494	0.3122098418530494	0
0.803488086465242	2453830	0.6556163523808888	0.6581042190300104	0.4548329655333567	23550	0.21429320630096582	0.21429320630096582	0
0.8620732006877917	2717492	0.6245471115154555	0.6298813728710858	0.43487609454897896	25932	0.18077138317938046	0.18077138317938046	0
0.8543355440923606	1485580	0.5335452871908629	0.5404689782952715	0.4202747359813243	25364	0.17443464384608823	0.17443464384608823	0
0.850159665929747	1020430	0.43082817072169105	0.44335340496872583	0.4173449962897658	24334	0.15834630083639734	0.15834630083639734	0
0.8351756325227218	1081722	0.5407060019627729	0.5484913211851162	0.4091102577432046	24926	0.2660548956030284	0.2660548956030284	0
0.805207565708671	2379930	0.6325405784123473	0.6373441746604593	0.44292305639640245	23746	0.23156268698317592	0.23156268698317592	0
0.8158929010071235	2349948	0.6366850609838645	0.6428595972781085	0.4256235679724411	24082	0.23274868354069222	0.23274868354069222	0
0.7692213215426185	1297036	0.5120071995894452	0.5190528591996536	0.4312375564678736	22774	0.2144737347985374	0.2144737347985374	0
0.9021125030704986	1354900	0.5861389951669752	0.5927400075423305	0.4271344935008636	26480	0.21673178602825885	0.21673178602825885	0
0.7902235323016458	696022	0.5193760601360135	0.5273234072671765	0.4039428270897391	22900	0.27056391827083	0.27056391827083	0
0.7424465733235077	2628334	0.6002028322414893	0.603098081579722	0.4425553732377672	22990	0.1803876816099256	0.1803876816099256	0
0.8426676492262344	1381110	0.5261786843105071	0.5338196607710333	0.42658012527089945	24384	0.16208282447624336	0.16208282447624336	0
0.8949889462048637	2332092	0.5379421616767635	0.548103242204829	0.43226202966718485	26454	0.17287107214824635	0.17287107214824635	0
0.8098747236551216	1363480	0.5655183741801382	0.5762729785680035	0.4240815735036248	23682	0.19972431849368366	0.19972431849368366	0
0.7977155490051584	2432276	0.501560791952397	0.5080275864252488	0.44864127669490683	24454	0.19336249098857727	0.19336249098857727	0
0.7702038811102923	670440	0.5477056120304115	0.5560110474301816	0.41619812271022716	21906	0.2800620406068239	0.2800620406068239	0
0.7646769835421272	1285198	0.5173373555616638	0.5208132011859232	0.4195625117985144	22248	0.19048201925478445	0.19048201925478445	0
0.8725128960943257	1358134	0.5101125052016556	0.5213116067393556	0.4339756237265951	25890	0.19499539635243998	0.19499539635243998	0
0.8951117661508229	1144928	0.48098024771024656	0.4979787989858728	0.42654690952909663	25772	0.23177076857444567	0.23177076857444567	0
0.8576516826332596	2136292	0.5463803790595431	0.5526429239736675	0.4365891133137902	25178	0.19075695952071647	0.19075695952071647	0
0.8351756325227218	1297752	0.5462875235151877	0.5525593145416596	0.430999677562329	24442	0.24274533587462332	0.24274533587462332	0
0.8231392778187178	1445984	0.5525196803961521	0.5578043548975805	0.4233901004872101	24572	0.20620582937527368	0.20620582937527368	0
0.8651436993367723	2405992	0.6347410963451644	0.637578637370536	0.4430545086668336	25926	0.2288560516089646	0.2288560516089646	0
0.7991893883566691	999834	0.6034618839423284	0.6070776931482739	0.428621835427532	23022	0.2784207454188459	0.2784207454188459	0
0.8892164087447801	1820216	0.623360769964067	0.6273196221228083	0.41023320775713934	26714	0.18718390351226286	0.18718390351226286	0
0.8750921149594694	3377812	0.6513817467445941	0.6543739222112016	0.44753134361375385	27150	0.18739490402154868	0.18739490402154868	0
0.830385654630312	987134	0.5451288982094061	0.5498249303559192	0.41139734826142105	23646	0.24816162143563883	0.24816162143563883	0
0.8069270449521002	1208094	0.635387376968573	0.6443241781162685	0.4147918843226206	23140	0.2426635747207154	0.2426635747207154	0
0.7236551215917465	1349126	0.569917233471298	0.5754056534774534	0.4346851971541181	21422	0.2343360781133169	0.2343360781133169	0
0.7839597150577253	703764	0.49799257872938524	0.5113979327089887	0.406668698631179	22048	0.24809139625882667	0.24809139625882667	0
0.8876197494473103	952560	0.5718006234519771	0.578134379951116	0.4196009860424417	25660	0.27068634269607533	0.27068634269607533	0
0.7898550724637681	1628566	0.5956092350587351	0.5978144617423936	0.4429860429723595	23886	0.20775960901357257	0.20775960901357257	0
